-1.790008516844993e-5	-1.776407979861474e-5	-2.057039576923523e-5	-2.2804198647149478e-5	-2.3057857977560464e-5	-2.3719326741437896e-5	-2.3965197841068105e-5	-2.393124256026098e-5	-2.340254617698434e-5	-2.2783085063449084e-5	-2.3346336731791366e-5	-2.2800172902839085e-5	-1.9682958096788137e-5	-1.9499187708964987e-5	-1.7477694875948132e-5	-1.597513220408871e-5	-1.3694526249623381e-5	-1.145627770234481e-5	-1.0278138847560469e-5	-8.76850926123749e-6	-6.471226375770369e-6	-5.049753471380095e-6	-3.7903120066876193e-6	-2.8710879575278105e-6	-1.9838855844807183e-6	-1.362274620857201e-6	-9.588235615395348e-7	-4.937322332897729e-7	-5.117777175420277e-7	-5.409625214957119e-7	-4.948781968696074e-7	-4.6097380368436986e-7	-2.8777378776714325e-7	-3.400208911834095e-7	-4.003100197448573e-7	-3.558936978094744e-7	-2.218195567412753e-7	-3.094914668951888e-7	-1.997427779952413e-7	-2.5644712336347257e-8	-3.371808532387369e-7	-3.862814770130905e-8	-1.0155329996933615e-8	-3.229836980109073e-7	-2.3829893848394557e-7	-6.173590953975259e-7	-7.005361807476047e-7	-1.0059835671866755e-6	-9.984251703258054e-7	-1.4705528817365388e-6	-1.3041750872874822e-6	-1.3432665725988512e-6	-1.3558603177509345e-6	-1.5629168610215493e-6	-1.8134727685929146e-6	-1.6678031466998717e-6	-1.3053280600649553e-6	-1.5107989491879806e-6	-1.8998911822167572e-6	-1.2944699870657498e-6	-2.2269576827949663e-6	-1.1368567135724766e-6	-1.1397558278300555e-6	-1.0251710996089661e-6	-1.3570219472051285e-6	-1.1625006191099416e-6	-1.2900995681084607e-6	-1.469772662748164e-6	-1.7179425589752438e-6	-2.132525469281327e-6	-2.1918043924685614e-6	-2.544815639276112e-6	-3.013931267645091e-6	-3.3684692913400673e-6	-3.951995413252886e-6	-4.008930985910223e-6	-3.930818158085847e-6	-4.1792677615327695e-6	-4.304940735486151e-6	-4.219989480335742e-6	-3.870670805899111e-6	-3.991577813449495e-6	-4.260477146994729e-6	-5.8428866501765e-6	-8.365877807940247e-6	-1.1170277332636256e-5	-1.677666140639236e-5	-2.1998364772585904e-5	-2.6914308421646573e-5	-3.419457598341112e-5	-3.9148043293679106e-5	-4.6451585287955125e-5	-5.1751265626358636e-5	-6.06455928227681e-5	-6.948023787442612e-5	-7.632026859994735e-5	-8.414429174046986e-5	-9.250965987174509e-5	-9.83455282271492e-5	-0.00010451551963838214	-0.00012454920314498505	-0.00011631501371876102	-0.00012323693931656776	-0.00012001471322818646	-0.00016055962305137547	-0.00020206727458817186	-0.0002541927668245174	-0.00029027198017190364	-0.0003336230364235984	-0.00035664511491631523	-0.0003649854425852653	-0.00038900080693519273	-0.0003751107877005694	-0.000397726094680112	-0.00040280315216113804	-0.0003721499085458657	-0.00034466039180655605	-0.00035284628192334966	-0.000330781129483787	-0.0003301332731492357	-0.00027878122336663647	-0.0002566218982105739	-0.0002482711985215408	-0.0002209250957087988	-0.00019566101776974376	-0.00019002728752527676	-0.00017112168669911054	-0.00013798703390847933
-2.7370566547274024e-5	-1.9424530546866513e-5	-1.9040677034739585e-5	-2.032907913188109e-5	-2.2412006807164507e-5	-2.313515966122356e-5	-2.316473774680982e-5	-2.4901422951092468e-5	-2.4631919462827275e-5	-2.420450429983182e-5	-2.4386338455040842e-5	-2.318215592904925e-5	-2.276514600676907e-5	-2.172187155149931e-5	-1.9732430055571402e-5	-1.7374361989402768e-5	-1.5511239126762616e-5	-1.3498946113403468e-5	-1.1242720545428186e-5	-9.472778210304527e-6	-7.901081996780288e-6	-6.468567175124771e-6	-4.722522964047474e-6	-3.7530641648189146e-6	-2.797088618156833e-6	-1.8309204868712154e-6	-1.1608074023659626e-6	-7.645121726779073e-7	-7.844759049172381e-7	-6.190238200707416e-7	-5.374652600993529e-7	-5.222290897891914e-7	-6.754305604129551e-7	-5.224610857606973e-7	-1.9505691973323e-7	-4.804536641174169e-7	-3.582781209669837e-7	-9.564135728100951e-8	-4.3876118838216704e-7	2.0329703412103875e-7	5.4558959143601905e-8	6.091924060607498e-8	-1.366253937174172e-7	9.197840565225565e-8	-5.400864607293552e-8	-7.596782827028691e-7	-8.428060326189351e-7	1.3269067580270154e-8	-6.727817952132667e-7	-1.464292257935475e-6	-2.200160152264659e-6	-1.4821602739622033e-6	-1.744542408956321e-6	-1.933321810816354e-6	-2.5870125167787045e-6	-2.3210516675824374e-6	-1.7038963132548794e-6	-2.2457538182329897e-6	-2.008989813563752e-6	-1.993273879557101e-6	-1.8500542454068496e-6	-1.6810882401435039e-6	-1.1821987684038256e-6	-1.3987235476028027e-6	-1.2113414112925602e-6	-1.681518532880709e-6	-1.6021828435903822e-6	-1.1765828298492464e-6	-2.1441266442851587e-6	-1.7561727557748562e-6	-2.4128740370603146e-6	-3.0718573606309477e-6	-3.46838119815872e-6	-3.827046034135355e-6	-4.267098454365393e-6	-4.050124103959331e-6	-3.974316400067943e-6	-4.645539900297816e-6	-4.356501613042617e-6	-4.230408154993559e-6	-4.303256224123288e-6	-4.4526780029199246e-6	-5.7758379107047605e-6	-7.610692268457744e-6	-1.1727294686020816e-5	-1.627571319566339e-5	-2.248326755349174e-5	-3.0325696719958085e-5	-3.518584342887109e-5	-4.1477573024144895e-5	-5.043010276815354e-5	-5.673056764480579e-5	-6.870185904818849e-5	-7.40656413153809e-5	-8.140537709525573e-5	-9.550048943383731e-5	-0.00011170670508389713	-0.00011153022949628166	-0.00011410899487676943	-0.00013573736427387184	-0.00012648020055339854	-0.00014098956241858848	-0.00014824110932927861	-0.0001642276158814182	-0.0002223221549891262	-0.0002698398519603365	-0.0003417336297837151	-0.0003568581731115336	-0.0003761320920524225	-0.0003989517960781286	-0.0004134803361244971	-0.0003973639061023715	-0.00041065234871427714	-0.00038281204811987934	-0.0003826837132771266	-0.0003437219703739808	-0.000343829370356985	-0.0003550889205068686	-0.0002972227097688268	-0.00029818839238082706	-0.0002693077726968751	-0.00024224056137736594	-0.0002170462724479516	-0.0001877722695213524	-0.00018880094102696754	-0.0001591553874368684	-0.0001372947090218235	-0.00010230491367252403
-3.4232618841933786e-5	-2.9883998989049983e-5	-2.0476744418455005e-5	-2.0652588797118177e-5	-2.327294424070512e-5	-2.3280643499145118e-5	-2.4466798758445568e-5	-2.6814245980132535e-5	-2.7353594175415392e-5	-2.5903984090126092e-5	-2.625112333184878e-5	-2.5353578421817916e-5	-2.5993591163515038e-5	-2.5520464139573793e-5	-2.132849376374423e-5	-2.1080750467190705e-5	-1.9186919966647812e-5	-1.6009610358334175e-5	-1.4518723374966954e-5	-1.1972064295536085e-5	-9.322329717461534e-6	-8.124696670446679e-6	-6.763061828397616e-6	-4.826223759353478e-6	-3.765720069483832e-6	-2.8072503877217482e-6	-1.8571172126968707e-6	-1.3065240578809842e-6	-6.520950017688417e-7	-5.881471525082116e-7	-5.671842390284759e-7	-8.696075738502478e-7	-3.3773188628740845e-7	-3.3458362999388893e-7	-2.483793251232885e-7	-2.8604784167008237e-7	-6.906340945436588e-7	-3.07172339390001e-7	-3.088087731627784e-7	-1.575685078020108e-7	2.895003225521025e-7	2.8137728929342794e-7	-7.826584432629735e-12	-4.738287822677158e-7	-4.2775830451271656e-7	-1.2061710374792253e-6	-8.867179316111515e-7	-1.1779114264380032e-6	-2.6031457415668204e-6	-1.2596413983493454e-6	-4.993162577604819e-7	-1.4831735286550268e-6	-1.1563961119513862e-6	-1.7540761120611766e-6	-2.5549287383278777e-6	-2.076346212342593e-6	-2.654868546411813e-6	-2.3372381368616177e-6	-2.3698497693045145e-6	-1.7167745598332864e-6	-2.085138261869162e-6	-2.8558539640923235e-6	-1.811926361716936e-6	-1.7297884756788551e-6	-2.0736988447472675e-6	-3.239225201070073e-6	-2.6815845754319355e-6	-3.161766596083168e-6	-2.4290954040969218e-6	-3.6162377955941023e-6	-3.254273037839577e-6	-3.492832752356994e-6	-3.610807721479139e-6	-4.500358842773585e-6	-4.552077658093396e-6	-4.652440423609213e-6	-4.942313936172381e-6	-4.886313657295402e-6	-4.935242159739709e-6	-4.835345651980037e-6	-4.654301270291036e-6	-5.590878712140139e-6	-7.175789977953602e-6	-1.1078388725181904e-5	-1.5741299882093872e-5	-2.192915862325685e-5	-2.9506982354178795e-5	-3.8010125340997344e-5	-4.46539690735436e-5	-5.599016272860892e-5	-6.559534741822168e-5	-7.549271713942936e-5	-7.926226556066555e-5	-9.079062181964817e-5	-0.00010612965570928022	-0.0001193629956431231	-0.00013071113920512696	-0.00014620769872575323	-0.00015467474794462338	-0.00014362770142054698	-0.00015602517433425944	-0.00015835007513131244	-0.00016381698894531865	-0.00022926409523008756	-0.0002878928058403993	-0.0003382602596462003	-0.000381088095108284	-0.00036834155192101703	-0.0004103204120876544	-0.0004192318828243405	-0.00042093379996888114	-0.0004322116265147863	-0.00042903315232087347	-0.00040982936770801726	-0.00035054773211799783	-0.0003596551593869346	-0.0003406001793538477	-0.0002944467597260775	-0.0003026924978027923	-0.00026859880422266946	-0.00024209986337724032	-0.0002210547890568737	-0.0002041518679368054	-0.00014094484151842834	-0.00013702755184870352	-0.00012620758171183466	-0.00010461086532610742	-7.314263452719294e-5
-4.0616708130505885e-5	-3.978332142613294e-5	-3.4764925720088755e-5	-2.2959473406670983e-5	-2.191583062759444e-5	-2.4991339903014838e-5	-2.5973993734908912e-5	-2.7205798852343414e-5	-2.7378113068732973e-5	-2.7905085028454273e-5	-2.6616027802150045e-5	-2.8675694563567826e-5	-2.9239815965340348e-5	-2.7309923460584577e-5	-2.526029996882239e-5	-2.346403807539023e-5	-2.3074836668284882e-5	-2.010067410573315e-5	-1.7289222371065548e-5	-1.5766899818151045e-5	-1.314668684550583e-5	-1.1129077404442252e-5	-8.97571637308481e-6	-7.466043435615591e-6	-5.001955008296214e-6	-3.917680071445376e-6	-2.823063048655811e-6	-2.2067544138733167e-6	-1.6657142067508473e-6	-8.819107909365876e-7	-8.716086002496766e-7	-1.1773538331191552e-6	-4.2904847545182116e-7	-6.374197197356931e-7	-4.0493346438415017e-7	-1.6708720995337045e-7	-4.7389637126174196e-7	-5.807357243340196e-7	-7.804464167212189e-7	-3.6579758184085084e-7	-8.133854358685589e-7	-7.009422610480126e-7	-3.4059445530847804e-7	-6.504728955583671e-7	-7.239324293023888e-7	-1.1151733816304422e-6	-6.665577717058536e-7	-1.6404675469601504e-6	-1.754982301789467e-6	-1.325948374128515e-6	-3.001729148176171e-6	-3.804395085635695e-6	-2.4112013418070653e-6	-1.7111806526056653e-6	-2.8488801385496716e-6	-3.726372559993826e-6	-2.3730997839011524e-6	-2.9330112794598902e-6	-1.8821971975793717e-6	-2.5201717238955163e-6	-3.258594786283717e-6	-3.1365002216006237e-6	-2.820869385788353e-6	-2.6686814176145497e-6	-3.538900858419741e-6	-3.825729423062802e-6	-4.318337747393104e-6	-2.5890283027272393e-6	-3.56360879255049e-6	-3.731389349793165e-6	-3.6444699458271744e-6	-4.22828211923661e-6	-4.879713305519853e-6	-5.288935556061001e-6	-5.2290908487463185e-6	-5.206079115033105e-6	-5.3443813671707075e-6	-5.206549624894646e-6	-5.483289942432613e-6	-5.552805631481913e-6	-5.896696823724399e-6	-7.617432583957497e-6	-1.0833895680394242e-5	-1.586352156948169e-5	-2.2354489610863608e-5	-3.0836521724487195e-5	-4.2506529437762175e-5	-5.083609836526674e-5	-6.147914771400306e-5	-6.980780333670257e-5	-8.163821445846941e-5	-9.879557526346235e-5	-0.00011356853120685767	-0.00011807950288118124	-0.00012327995246278096	-0.00014024162690515207	-0.0001419377584758498	-0.00016596209812241164	-0.0001678832851274674	-0.0001799084050680723	-0.0001762215552517446	-0.00017896203236781455	-0.00023293471589514586	-0.0003195815948030603	-0.0003548809298726044	-0.00035975510331159866	-0.0004042646561475474	-0.00043227406138109103	-0.00043952192905170884	-0.00044061950811059847	-0.0004271812341794662	-0.0003935497500801022	-0.00037655442240887294	-0.0004099476400704072	-0.0003646548113380582	-0.0003426754572374152	-0.000335002751450722	-0.0002726951021762847	-0.0002765572243868669	-0.00027005779014953324	-0.00019451940383961863	-0.0001994291006206933	-0.0001520306558595863	-0.00015413089207716446	-0.0001178554172656665	-9.039879522027006e-5	-8.697368563195806e-5	-0.000202998466560661
-4.0343167717095396e-5	-4.4115340652978e-5	-4.265466032140654e-5	-4.014598474889972e-5	-3.2211672904209655e-5	-2.460121238396628e-5	-2.5589579758021445e-5	-3.024815444505665e-5	-2.8681107239626052e-5	-3.262160967786379e-5	-3.181737005483222e-5	-2.9063934520515405e-5	-3.209174388090017e-5	-3.261792193358067e-5	-2.9868961443730788e-5	-2.9086820402073315e-5	-2.440915918282445e-5	-2.3702648916816343e-5	-2.329881638774055e-5	-2.1102530513354657e-5	-1.8935826231271423e-5	-1.470750641906866e-5	-1.2347280815987768e-5	-1.0690185266884022e-5	-8.833543036382654e-6	-6.880531436487605e-6	-6.079461410744662e-6	-3.909847672131563e-6	-2.7917258365743646e-6	-2.544878023252677e-6	-1.5696435054095336e-6	-1.3066342187509393e-6	-1.038720204751928e-6	-1.4521815502622224e-6	-2.795181536181584e-7	-1.190451944039681e-6	-1.5554154186560526e-6	-3.086264916725293e-7	-4.4676989125120355e-7	1.7937923349931224e-7	-4.181545602534526e-7	5.087364584504053e-7	-1.9029764912568015e-6	-4.29996140148374e-7	-2.0229212524384456e-6	-9.74297817988093e-7	-9.584996201416045e-7	-1.8839637864348242e-6	-2.4965600367457628e-6	-3.40469470514913e-6	-5.229660021005555e-7	-3.369019778052488e-6	-5.898598463512962e-6	-7.413609182387211e-6	-7.712618622912875e-6	-4.8141766723248935e-6	-5.364058230526627e-6	-6.133718648282122e-6	-5.702369491585122e-6	-5.224004653067282e-6	-2.981615876505167e-6	-2.264069973981122e-6	-2.7614401311936397e-6	-5.876954569424952e-6	-4.742070248303122e-6	-3.6755473474927094e-6	-4.2172224439256285e-6	-3.992112206535918e-6	-3.8426099934906095e-6	-4.80725810721172e-6	-4.913776684671708e-6	-5.006086928186545e-6	-5.871077820955584e-6	-6.098650129013079e-6	-6.144903193190188e-6	-6.279490714574971e-6	-6.6140251912469306e-6	-6.505332059982775e-6	-6.833526173172016e-6	-6.727067667288648e-6	-8.544908487381764e-6	-1.1655264596608251e-5	-1.636445976828122e-5	-2.469128817150692e-5	-3.43155896154689e-5	-4.395052606630343e-5	-5.794609394095887e-5	-6.290803625632127e-5	-8.308727695389897e-5	-8.624721149395019e-5	-0.00011667490460104749	-0.00012600825276872646	-0.0001420505117070807	-0.00016134212049061583	-0.00018382705270101815	-0.00015919893170662086	-0.00015529703228673447	-0.00018448109847472166	-0.0001731226940233574	-0.00019019890751346274	-0.00019474927909473444	-0.0002522088928761518	-0.0003252992417535766	-0.0003463452907716963	-0.00041707888661854375	-0.0004078237335509993	-0.00045135407238973413	-0.0004406911966424454	-0.0004801873232807702	-0.0004453261771928535	-0.0004259560531984924	-0.0004190685808352218	-0.00036840413857562593	-0.00037499925799149014	-0.00033760210013840386	-0.0003155381544158592	-0.00029619912967661366	-0.0002506857568751464	-0.00023072014567956933	-0.00022151963640151817	-0.00019481113120237148	-0.00015669895936376577	-0.00013392911345916358	-0.00011145366097045639	-8.426043933765226e-5	-5.4609246812054035e-5	-0.00019693794121519725	-0.0002584504290269185
-3.9058015854779096e-5	-4.113809092638407e-5	-4.5605274520991654e-5	-4.53838071181982e-5	-4.81663516851364e-5	-3.638785419626724e-5	-2.478238026305899e-5	-2.933363018361567e-5	-3.079459647351013e-5	-3.370657675498198e-5	-3.356551026164299e-5	-3.289077757167528e-5	-3.507641876607237e-5	-3.769462366076887e-5	-3.5862595818079556e-5	-3.503434386131418e-5	-3.187278284859764e-5	-2.9896239089476258e-5	-2.7855839244408584e-5	-2.7546803136073092e-5	-2.2229918643715263e-5	-2.1776047253645268e-5	-1.8287160590620306e-5	-1.6383824720224644e-5	-1.3471885045512281e-5	-1.1098667507090801e-5	-9.505967891911948e-6	-7.550380998455055e-6	-5.916238238041723e-6	-4.661793149654558e-6	-3.666854612579206e-6	-2.734601282396165e-6	-2.106323792548095e-6	-1.8785487556250043e-6	-5.752910134897279e-7	-1.098291837114745e-6	-1.9970258628189408e-8	-1.9205961148717476e-6	-1.0597791802382118e-6	-8.077910627728169e-7	-8.281049287863895e-7	-1.782982839333442e-6	-1.6610284077811423e-6	-1.570635067588578e-7	-2.393239991219879e-6	-2.60516915928221e-6	-1.945999615518123e-6	-4.501685177784372e-6	-2.2180486749590403e-6	-3.679845124904442e-6	-2.1798058150168664e-6	-5.097765640876568e-6	-2.7682634898035414e-6	-7.988262862876436e-6	-8.947078646535933e-6	-5.217561984945194e-6	-1.9114128885894775e-6	-4.599939746057109e-6	-3.9380936459423345e-6	-6.852047717469199e-6	-4.537806965582668e-6	-1.0193597132840057e-5	-4.1917732035001015e-6	-4.454541153531364e-6	-4.520982011338177e-6	-5.844835622166155e-6	-5.008949933429582e-6	-6.727955052885509e-6	-5.771125934181821e-6	-7.104824913887597e-6	-5.956574768611932e-6	-6.774783354077758e-6	-8.075769091268285e-6	-7.5004369373883086e-6	-7.180052484913411e-6	-8.010019547871703e-6	-7.930878481341667e-6	-8.243775806307876e-6	-8.154646595026453e-6	-9.97213942010352e-6	-1.2267042850261367e-5	-1.839964971697824e-5	-3.3870986121094585e-5	-4.469908608019119e-5	-4.918170776505807e-5	-6.536377545446857e-5	-8.060182228142136e-5	-9.495580889510094e-5	-9.845009817143272e-5	-0.00011434064849449865	-0.00014101430255691189	-0.0001577398490147132	-0.00015686397791597403	-0.00017385802487338703	-0.00016153935448407625	-0.00017702588743853664	-0.00018147292316864766	-0.00021638734532501702	-0.00020647864982462766	-0.00017598427218528528	-0.00018393365281386964	-0.00030421480005232704	-0.00032320571674744614	-0.0003953321882094879	-0.0004114466720887139	-0.0004646097645066155	-0.00046388974801227223	-0.0004345661710255383	-0.0004521831422753947	-0.00044260753807694175	-0.00040825853982184857	-0.00041815286693294706	-0.0003883552095358678	-0.00037180755869947735	-0.0003076097709886483	-0.0002763541327201191	-0.00024409001079042647	-0.0002531978337931562	-0.00020643151901408863	-0.0001842595672395253	-0.00016284607993674594	-0.00011900085300844965	-9.516135492451672e-5	-8.327134337973718e-5	-0.00011527055785581775	-0.00020608276370126521	-0.00021583747809861276	-0.0002385355454825877
-3.5992374445431574e-5	-4.3893005956209194e-5	-4.403980855666699e-5	-4.824197329588928e-5	-4.872368445664986e-5	-4.95734130015555e-5	-4.6437297773370065e-5	-2.8233868015889105e-5	-2.9029292329869373e-5	-3.4246585669845016e-5	-3.487214687749717e-5	-4.1136016847628104e-5	-3.66264575499221e-5	-3.740760481864454e-5	-3.9778833506765206e-5	-3.865450792566935e-5	-4.053585551532131e-5	-4.152130120169085e-5	-3.889448591215365e-5	-3.5667268902359224e-5	-3.131032786556423e-5	-3.3062197863373624e-5	-2.84793764160113e-5	-2.1596267153333338e-5	-2.3619997576346296e-5	-1.9376981234288902e-5	-1.5232309279877973e-5	-1.3535594577818036e-5	-1.1338628180221659e-5	-8.529415475506171e-6	-8.42630110652054e-6	-6.179853788532315e-6	-4.350894881736175e-6	-2.8871071928570496e-6	-3.678774085623957e-6	-3.5662511626514265e-6	-2.022885948105204e-6	-5.246963430280633e-6	-1.1616986059638339e-6	-1.4382379225834178e-6	-2.9219011040445934e-6	-3.6853725231050447e-6	-3.923868168050331e-6	-5.833696088588906e-6	-1.8735835162508353e-6	-2.5207303082429126e-6	-4.074573354227989e-6	-9.288709937934486e-6	-5.728344976640119e-6	-7.947896694623403e-6	-1.2674886910434696e-5	-1.0310628558080938e-5	-6.907738134753413e-6	-7.484822630394669e-6	-5.555009170753536e-6	-2.8521935789734e-6	-1.206650027834634e-5	-1.2989576997574429e-5	-1.2922396917173888e-5	-9.781422159326099e-6	-6.176623543684666e-6	-8.943549568464493e-6	-8.207265027098884e-6	-5.535116703631222e-6	-8.024365473848806e-6	-8.172155985773644e-6	-1.0153882095754237e-5	-7.847108854093336e-6	-9.793884284028508e-6	-9.471097104014111e-6	-9.61075332137724e-6	-1.1681150160645568e-5	-1.0559950740988804e-5	-1.1157395265939257e-5	-1.0154766059337992e-5	-1.1099186247008359e-5	-1.1460833977271385e-5	-1.3333468952146568e-5	-1.4011139016850086e-5	-2.0680910258505207e-5	-3.285781369211094e-5	-3.990997555223044e-5	-4.2417235902088984e-5	-6.150522704529739e-5	-9.321962947113176e-5	-9.53172485601908e-5	-0.00010612280666863136	-0.00011691472199008499	-0.00014294460146807575	-0.00012300631054094208	-0.0001656939952539467	-0.00017509238742045852	-0.000205358844079101	-0.00017737701932252214	-0.00020577232843002613	-0.00015440365999652705	-0.00021407739676012477	-0.00020971594198639781	-0.00022567917315734903	-0.00021251708726133245	-0.00029145370578770313	-0.00035359290365480356	-0.0004047739519865562	-0.0004686342590029535	-0.0004690036087360433	-0.0004780326622825376	-0.0004632795514401822	-0.00046542130067474263	-0.0004517339345470883	-0.0004253464605270124	-0.0003653262740065111	-0.0003447554893475091	-0.00035952328137148215	-0.00033334487297212445	-0.0002951637523805617	-0.00026320970359858253	-0.00022165403193441513	-0.00019756807951784583	-0.00015599877726396594	-0.00013583796847765894	-0.00011636727172137373	-7.300473160026799e-5	-5.798483438193558e-5	-0.0001444853221441167	-0.00020394666424422558	-0.00020799967434190214	-0.00025479662000074677	-0.0002392340665846593
-4.404276300758701e-5	-4.297424612345613e-5	-4.401097799459734e-5	-4.966496642113197e-5	-5.45125914081044e-5	-5.17433318414362e-5	-5.14714932188607e-5	-4.695827711051481e-5	-2.92436901246345e-5	-3.393565254652085e-5	-3.136405902787881e-5	-4.0338286977728045e-5	-4.49146805631042e-5	-4.9342636096808e-5	-5.037697059365794e-5	-4.127649854942031e-5	-4.466666389513728e-5	-4.710135113970143e-5	-4.737411363805316e-5	-4.734375211475333e-5	-4.19350308194762e-5	-4.147958655698579e-5	-3.8376782220822525e-5	-3.3128203075195005e-5	-3.4505785544407946e-5	-2.8839127605624106e-5	-2.4339132156925552e-5	-2.0045585742527183e-5	-1.594769184331407e-5	-1.408940428519398e-5	-9.660551709717718e-6	-1.2877845881000992e-5	-7.136619718578138e-6	-1.188694243947977e-5	-5.21669326795449e-6	-4.540520994670942e-6	-7.059327724971958e-6	-5.979633495713059e-6	-4.421417218621309e-6	-1.0696312982745333e-5	-3.58230043800414e-6	-6.5357401362133895e-6	-5.587323952029738e-6	-9.86373621127655e-6	-9.040470669709026e-6	-6.384645823099763e-6	-4.60322921544843e-6	-8.808246355061257e-6	-8.475213871092686e-6	-5.082901466261017e-6	-1.017820471459728e-5	-5.414374393167103e-6	-9.322777264259875e-6	-1.4780666585958134e-5	-1.2980785879784101e-5	-1.1617734362425261e-5	-6.664273218557129e-6	-1.690199392392292e-5	-1.818296313754568e-5	-1.521852990035797e-5	-1.5989715383994338e-5	-1.29682838090079e-5	-1.404636023921886e-5	-1.4944467375838794e-5	-1.3632936468090107e-5	-1.8118636270687306e-5	-1.4777616250908482e-5	-1.2217495962943588e-5	-1.6834410689720806e-5	-1.4291832860669363e-5	-1.4850891682041418e-5	-1.3839245199852909e-5	-1.4043949414044386e-5	-1.3163156240730053e-5	-1.7783492336869138e-5	-2.2016092562308215e-5	-2.5767619036220178e-5	-2.7680501933548957e-5	-2.1518949952026648e-5	-3.559313793406824e-5	-4.2299997461995795e-5	-5.4989972671963885e-5	-7.471114411806631e-5	-7.973078062573427e-5	-0.00010055797964063015	-0.00012326920354691767	-0.00014753634078323863	-0.00013982131262264136	-0.00011375340610870338	-0.00013229335649959234	-0.0001640222940108016	-0.00015605101466673738	-0.00017249194097807702	-0.00018164888430233228	-0.0001972318201771614	-0.0002087438978181505	-0.00023477590748235966	-0.00020826171950177885	-0.00021982808585604974	-0.00030909841743434474	-0.00035007840484997665	-0.00044985745055285686	-0.0004384049709631882	-0.00043906426129385057	-0.0004663872304848382	-0.0004844698947570336	-0.00045503926039518194	-0.00040921975660510035	-0.00045090556288762684	-0.00037841790031384326	-0.00039919269929564183	-0.0003217699457574996	-0.00030020141754405483	-0.00031503867006441033	-0.00026257780455160584	-0.00023188629835746433	-0.00018953151331366214	-0.00015272691748433043	-0.0001440732580980375	-0.0001105773892590145	-7.91017555276663e-5	-4.873649010403436e-5	-0.00016347337112448956	-0.00022170674801244572	-0.00024229277221718415	-0.00023748191130615326	-0.0002586178883892676	-0.00026093181651823394
-3.7951706122370255e-5	-3.6569154551312905e-5	-4.011690244863815e-5	-4.492657168595621e-5	-4.6723267209435385e-5	-5.319496267628711e-5	-5.4506602952929945e-5	-5.076864926720215e-5	-5.506427494419812e-5	-3.6336320643993655e-5	-3.959120615441673e-5	-3.2323407324211587e-5	-4.507163102484592e-5	-3.646241945529094e-5	-4.629993369492484e-5	-5.0161501200570585e-5	-5.1343113246192507e-5	-4.707073842031076e-5	-5.2490569874062525e-5	-6.048939201906602e-5	-5.603189780374867e-5	-5.534024803623312e-5	-5.4165631127502806e-5	-5.3372033219844725e-5	-4.7459356594409946e-5	-4.662892196926477e-5	-3.8551817242563936e-5	-3.362928218639564e-5	-2.897226451532408e-5	-2.597205047192132e-5	-2.0946214970569543e-5	-1.745157170222845e-5	-1.734777869044548e-5	-1.3039093866044557e-5	-1.0899172494702961e-5	-8.218910984734637e-6	-1.038074045668115e-5	-1.100067668793718e-5	-6.79063915016466e-6	-4.798654556397233e-6	-9.940044664105696e-6	-1.2732461704976009e-6	-1.0748134424577033e-5	-7.199356874001105e-6	-1.2081968794029098e-5	-1.4305843429361989e-5	-1.2192534715139633e-5	-2.0275912838898374e-5	-3.147230821223465e-5	-2.020812946775148e-5	-2.76677528002027e-5	-2.065323091585483e-5	-1.641584668221098e-5	-1.0616285276007428e-5	-2.1397209633462755e-5	-1.0384686681538455e-5	-2.0454507093084148e-5	-2.1589787656218704e-5	-1.3725238393741401e-5	-1.0495945475599844e-5	-1.6320887783610738e-5	-1.3874166708083627e-5	-1.4337319580257774e-5	-8.295728470483765e-6	-2.1747895842592728e-5	-1.9104139521415944e-5	-1.7548523195015132e-5	-2.140357769492285e-5	-1.983823017968553e-5	-2.6208905583454366e-5	-2.637814893271563e-5	-1.9617726293810235e-5	-2.44733515408508e-5	-2.325964704316067e-5	-2.8710261774857367e-5	-2.674263005594986e-5	-3.550635832441987e-5	-4.27069233384543e-5	-6.391495487164875e-5	-7.530585882523436e-5	-6.478600316807415e-5	-6.427476877558097e-5	-0.00010555671788037291	-9.611001745976275e-5	-0.00010159363096878121	-0.00012023139807967181	-0.0001125358492374065	-0.00013994073044462652	-0.00014822917416071335	-0.00017949531184308087	-0.0001726079175423667	-0.00016339662370530583	-0.00019091736221457656	-0.00019895593419277935	-0.00021830879443594797	-0.00022732830591912223	-0.0002048832522909272	-0.00020202764916717186	-0.00027768309570144756	-0.00038518674903322003	-0.00041313879184032287	-0.00043750573693393524	-0.000445701132251175	-0.0005314768698923278	-0.0004712337529737265	-0.0004561202327293956	-0.0004132784522589694	-0.00039561660154438516	-0.00037820397638319014	-0.0003589447857867134	-0.0003098985239431695	-0.0003270349225800717	-0.00027895765558616503	-0.00024907550631378395	-0.00020215936346809626	-0.0001897862227616398	-0.0001653238375191879	-0.00012138002842415618	-0.00011554828708432163	-7.329067474443063e-5	-3.816760926408924e-5	-0.00016358424597545662	-0.00022661446287194908	-0.00024249731563064092	-0.00024181755989977072	-0.0002512907655398411	-0.0002451561523231227	-0.00026069248756227514
-3.0244947307267803e-5	-2.9395061824097693e-5	-3.493618222949642e-5	-4.267667125181125e-5	-4.9485995406691255e-5	-5.357534823224007e-5	-5.613696505801617e-5	-4.9236502732991766e-5	-5.7288845976138925e-5	-5.0302278482980065e-5	-4.315457442349152e-5	-3.8142146369492605e-5	-3.420352556412522e-5	-3.893112232328938e-5	-4.4245465581280174e-5	-5.368926237294715e-5	-5.725167424018053e-5	-5.1134932063396504e-5	-6.414323404564139e-5	-6.521915264247856e-5	-6.245035223543041e-5	-6.485244741401275e-5	-6.0740836731014436e-5	-5.5755123079732384e-5	-6.196415783092397e-5	-5.528799850394988e-5	-5.403655970489911e-5	-4.82347564396534e-5	-4.19254520965702e-5	-3.300303003702775e-5	-3.484682093118745e-5	-3.2362902031087167e-5	-2.6052348754863897e-5	-2.945798220968781e-5	-1.9294039903619033e-5	-1.9045655420065095e-5	-1.690392631100747e-5	-1.9698329813545683e-5	-1.6723534585144986e-5	-1.2323867919000406e-5	-2.511099387778569e-5	-6.941968836793669e-6	-2.4404799741414157e-5	-2.186577999284227e-5	-1.72676468664177e-5	-2.3817028400483983e-5	-2.8775437707542068e-5	-2.5211272685395775e-5	-2.9658319393053786e-5	-2.298269688168035e-5	-1.1561865017901268e-5	-1.0831833748090741e-5	-1.3039874085032932e-5	-1.4823119673986612e-5	-1.977552710886836e-5	-2.4999727900884908e-5	-2.713957463168319e-5	-2.570322237384695e-5	-2.4210339679212045e-5	-1.9820054614465982e-5	-2.7994748175424328e-5	-2.3485209274271696e-5	-1.8545550837210933e-5	-2.983660627592366e-5	-2.433400960659242e-5	-2.9630830124596774e-5	-2.2981297312200943e-5	-2.9776915796368014e-5	-2.4866175877278143e-5	-2.7709413268680455e-5	-2.9919970987541886e-5	-3.489555215965834e-5	-3.476656151011649e-5	-5.272223846733426e-5	-5.659140934729037e-5	-5.05759244705771e-5	-5.513174037305793e-5	-7.686404464302132e-5	-6.543509657730429e-5	-7.439651433967243e-5	-8.021634219498516e-5	-7.153243654963587e-5	-9.751601598700227e-5	-0.00011624180459336719	-0.00012188558810247857	-0.0001433829070014367	-0.00017816704600374933	-0.0001772704552593929	-0.00016738744179796428	-0.00016236877294073526	-0.0001786904641181558	-0.00019379564467937593	-0.00021981403893270302	-0.00021644637362809582	-0.0002502437959541609	-0.00020790068668355421	-0.00024572674841086273	-0.0001847319118421925	-0.00033640761292093313	-0.00040523733782667215	-0.0004421335845182506	-0.0004704828670751282	-0.0004359939427718562	-0.00046117925450728237	-0.00045985307142032417	-0.00043283116457279447	-0.0004601229380146732	-0.0003708102032894123	-0.00037908931419319836	-0.00029858249987052554	-0.00030944641163724307	-0.0002945588109364017	-0.00023933480631371795	-0.0002069431279984324	-0.0001815813948854994	-0.00014994717056557305	-0.00011364491162360602	-8.150667640816067e-5	-4.484466834334122e-5	-4.28749787409477e-5	-0.0001630073810307553	-0.00024755993262293163	-0.0002356911562619024	-0.0002449703872912934	-0.0002439960646721806	-0.00024487505339426674	-0.0002652768044293652	-0.0002471473026233184
-2.1640517611394572e-5	-2.5621601465897897e-5	-3.40521596922487e-5	-3.100225208930302e-5	-3.8220316126401366e-5	-4.5371912607214404e-5	-4.57937290518351e-5	-4.763563079147187e-5	-4.4161627344363116e-5	-5.152091562621655e-5	-5.829742477604302e-5	-3.33100193749495e-5	-3.101962127915678e-5	-3.5192474883696465e-5	-3.0495365347521508e-5	-4.500621514466792e-5	-4.820489900260114e-5	-5.880284283045663e-5	-5.835246958481484e-5	-7.205535051003215e-5	-5.78183276267203e-5	-7.036873118709472e-5	-6.312659867491882e-5	-6.56827401441986e-5	-6.878778918543473e-5	-7.913522091849805e-5	-6.512415606785282e-5	-5.280021360995306e-5	-5.7997911621964285e-5	-5.309745359865191e-5	-4.769451747064189e-5	-4.830722085368e-5	-3.0090896137660583e-5	-4.408660475531054e-5	-1.8497818294466173e-5	-2.480509274003194e-5	-2.6802565971772302e-5	-2.1184564383746815e-5	-1.707436275699692e-5	-3.9958542659597474e-5	-9.094950541386343e-6	-2.4215048911348236e-5	-2.724316486377859e-5	-2.1288107181997168e-5	-1.6870193122239113e-5	-2.7526705144876457e-5	-1.376614019174896e-5	-2.7482477014603712e-5	-2.4086941751051694e-5	-3.0092236211545775e-5	-1.7949311470737833e-5	-3.048916967420684e-5	-1.6472941446240424e-5	-2.9829433736451583e-5	-2.3771558994249015e-5	-1.7867032723120624e-5	-3.3469489929115886e-5	-2.8320880525716657e-5	-2.8140251630628943e-5	-3.812488681958354e-5	-2.8326157608740687e-5	-2.7592344912803074e-5	-2.302945418457096e-5	-3.21056313587649e-5	-1.8059631616768393e-5	-3.0962209657042425e-5	-3.357859807264288e-5	-3.562966612827463e-5	-3.7499047378548866e-5	-4.921559213226685e-5	-5.028809318833108e-5	-3.986414198959079e-5	-6.24869044853725e-5	-7.46092380585206e-5	-6.419354333037433e-5	-6.479990291097595e-5	-3.5978376311182614e-5	-6.83662431137308e-5	-7.462521703013869e-5	-6.839523522192414e-5	-8.551006961971669e-5	-0.00010977739442301349	-0.00010720272109257523	-9.512384749246067e-5	-0.00016478726911663133	-0.00012016633998621074	-0.00014819981721848896	-0.00015126581194221944	-0.00016162739549518967	-0.00020635541452679318	-0.00016499041607768994	-0.0001790410647430768	-0.00019399021234864366	-0.00020527422752054936	-0.0002500411260420582	-0.00020611151457447519	-0.00023623190209542955	-0.0003159128189079985	-0.0004201702007156083	-0.0004071903816731115	-0.00046176359177335646	-0.00047316862667595716	-0.0004936368978511463	-0.0004857548651510113	-0.00046591845399152065	-0.00042589545605487	-0.0003846948562653829	-0.0003499825125888312	-0.0003471495530274482	-0.00029925367739380704	-0.000251634834930875	-0.00021151444528147434	-0.00022598843586393857	-0.00016402149170119396	-0.00013510929788157489	-9.419251186318367e-5	-7.511110657054676e-5	-2.426670409755305e-5	-1.767070647792912e-5	-0.00019243845015767813	-0.00024075343715151964	-0.00024683122733237806	-0.00023605216956448793	-0.0002451177281981298	-0.00023890462741774088	-0.0002310073681822955	-0.00021596914794724809	-0.0002032048097497241
-2.2640796301567206e-5	-1.842937830337857e-5	-1.955541468773997e-5	-2.5902645371493616e-5	-3.3027041117152794e-5	-3.837038895166192e-5	-3.836940395398822e-5	-4.312579671627778e-5	-4.592556966231259e-5	-4.164468168097249e-5	-4.425745116524646e-5	-4.012746542382886e-5	-4.343599942615087e-5	-2.548502478928044e-5	-3.347610464657022e-5	-3.912786327581186e-5	-4.129700785981613e-5	-4.384331602196728e-5	-4.997063255806483e-5	-6.071522977305413e-5	-5.683679113292761e-5	-5.924012989140179e-5	-7.451310917025097e-5	-7.162574990038882e-5	-6.738556178440165e-5	-6.184833732398448e-5	-7.739986318425034e-5	-7.250807389940807e-5	-6.36182510209242e-5	-6.442212743622798e-5	-4.4533862274959146e-5	-5.082769166490919e-5	-4.263360511521687e-5	-4.420714730152438e-5	-3.884059469449336e-5	-3.552208874268992e-5	-3.0024651113871176e-5	-2.8947613891442542e-5	-2.9845920927838027e-5	-3.372731076627805e-5	-3.531749952169136e-5	-3.836843305094276e-5	-2.182194149772526e-5	-2.7494620621036636e-5	-3.6147598857314694e-5	-2.786815239295623e-5	-3.606290803091425e-5	-3.720978007052539e-5	-4.625361129263067e-5	-3.0905175337284096e-5	-3.410075092311407e-5	-2.815678679796152e-5	-4.025189903611448e-5	-3.7988931932912e-5	-3.9403161994095576e-5	-4.000360698079575e-5	-3.488885341653564e-5	-3.106507781049095e-5	-3.6593538258172104e-5	-3.2865033123326975e-5	-3.568705823474988e-5	-3.033296568566088e-5	-2.548095469432493e-5	-3.426355011347526e-5	-3.0417642417433083e-5	-4.985121961498945e-5	-3.996151364460063e-5	-6.027708551476635e-5	-5.0208620626986805e-5	-3.0948879255806444e-5	-5.4228131859089534e-5	-5.8033051020950355e-5	-3.4940488273949716e-5	-0.00010799170287395868	-4.805717672765053e-5	-5.8272271014590815e-5	-5.8191369474783206e-5	-5.875361015848096e-5	-6.515054392242786e-5	-9.531852737665325e-5	-0.00012006760061016031	-0.00011477560330104553	-0.0001345011916512734	-0.0001710924576927425	-0.00012569475733685553	-0.00014087818802147045	-0.0001892473428400515	-0.00016446660548209702	-0.00014531431613562518	-0.00019626902100083887	-0.00020275962007466897	-0.00021849954571356855	-0.00018314264384547418	-0.00022307155471759654	-0.0002525334412070701	-0.00020270848151079934	-0.00030755062992854354	-0.00040063198852163806	-0.0004559167193080027	-0.0004766116277685195	-0.0004758759619000186	-0.0004893960453902779	-0.00046174580435251467	-0.0004532370659338092	-0.0004122528013406068	-0.0004224716778668258	-0.00034259854501950127	-0.00035328892372329945	-0.0002983144157045481	-0.00028807417605872243	-0.00023435869130755682	-0.0002075221331582222	-0.00013699054694435442	-0.00014721010868634643	-0.00010317076403268399	-7.898215718601942e-5	-4.3192511199607875e-5	-8.333247720343495e-5	-0.0002014680176160022	-0.0002297718590914266	-0.0002348563856412189	-0.00023904775511493503	-0.000240606616661726	-0.0002327239269350745	-0.00019497119847430855	-0.0001921103402226232	-0.00020458925135621864	-0.00018031960256556512
-7.320471540148837e-6	-1.5675853085213298e-5	-1.7007143577555534e-5	-2.117961676265795e-5	-2.7996810599006938e-5	-3.204198327022914e-5	-2.9995679876569648e-5	-3.2644641113563355e-5	-3.449085336998739e-5	-3.703978394614324e-5	-3.6965247215189206e-5	-4.27208865071832e-5	-3.722754770467754e-5	-3.5152804332781035e-5	-2.3213250982881406e-5	-2.6261191300985115e-5	-3.6804520748331265e-5	-3.6942781461973134e-5	-3.95125544696423e-5	-4.89617103371226e-5	-5.4164266930119276e-5	-5.637333075391229e-5	-6.418143035265278e-5	-6.426201367912276e-5	-5.3935316228406055e-5	-6.922754253527175e-5	-5.923227457561159e-5	-5.3281255817973217e-5	-6.64007808156078e-5	-7.057667357436223e-5	-5.717643426859237e-5	-7.021285544075648e-5	-7.302722201908349e-5	-3.998143070955973e-5	-5.018622859951846e-5	-6.489509179596203e-5	-4.000282743943373e-5	-2.885932676643596e-5	-4.844202106503784e-5	-1.9437481138528945e-5	-4.081602108163204e-5	-4.018556863140399e-5	-1.959005304979708e-5	-2.3144001905922584e-5	-3.2546797559557944e-5	-3.7643020211336475e-5	-4.10525834246972e-5	-3.922276837087929e-5	-4.412419756828767e-5	-3.875108946834599e-5	-4.483361381799056e-5	-3.1650614204167815e-5	-2.1262601054838903e-5	-3.282542640481445e-5	-3.843167483471438e-5	-2.965328937259981e-5	-2.9163285555997703e-5	-3.966040711990415e-5	-2.7376387560975463e-5	-2.6294171917920495e-5	-3.0177302442948445e-5	-3.2587554616575476e-5	-3.0508294187377855e-5	-3.2889825032304115e-5	-4.875819013946611e-5	-4.818757290978373e-5	-3.7196398305211487e-5	-3.5966083898001516e-5	-4.008966525718624e-5	-5.294386863597886e-5	-5.708668238645076e-5	-7.933648421380723e-5	-4.595758615246609e-5	-8.634632830788191e-5	-7.526187735095585e-5	-0.00011032490838860237	-0.00012080827820320356	-8.704145043614275e-5	-8.38897571200925e-5	-0.00012963585500208596	-0.00013244108067189675	-0.00014073246582847754	-0.0001214126509833241	-0.00016099400783863016	-0.00017512521814644355	-0.00015245621388590425	-0.00020811048088813233	-0.0001773842552878213	-0.00018407956799484926	-0.00019501604541297124	-0.00018650826542898624	-0.000226890708911881	-0.00020908199650782056	-0.00024167864541221884	-0.0002169455544029364	-0.00028289957399244003	-0.0004313205391806574	-0.00042636388994030106	-0.0004794809167762981	-0.00044198631083194884	-0.000481270182126764	-0.0004396748243262749	-0.00044060443227939006	-0.00045358016171129223	-0.0004133502286111923	-0.00035886327113057725	-0.00030064336437041206	-0.0003021852950160775	-0.000250548492543301	-0.0002389430537111381	-0.00017636468674364636	-0.0001403851926200239	-0.0001324855156137339	-8.522696003793184e-5	-6.59667134285391e-5	-9.774672390938655e-6	-9.612588719801196e-5	-0.00020090893792373832	-0.00023823565082486953	-0.00025390465121025163	-0.00022885366345037905	-0.0002388033282403612	-0.00019702585266415107	-0.0001866193571203878	-0.00018851751323184507	-0.00015948159893391933	-0.00015735429235649856	-0.00017765908969652466
-5.006557234760178e-6	-5.467055573440266e-6	-1.0703298056885524e-5	-1.2030485928207074e-5	-1.8381646573785437e-5	-2.48048470327146e-5	-2.4948443647348356e-5	-2.801593565427904e-5	-2.630933421425216e-5	-2.4978075705874014e-5	-2.9534484395892652e-5	-2.7441949537396204e-5	-2.791306953370959e-5	-2.5910804263892112e-5	-2.9149344884463885e-5	-3.440137985675357e-5	-1.745685220726559e-5	-2.1596964125923657e-5	-3.480756508760299e-5	-3.398692053702482e-5	-4.440690382686435e-5	-3.62027752611252e-5	-5.0464468216195046e-5	-4.249675806568265e-5	-5.3640710850986345e-5	-5.588702135621293e-5	-5.112132613928344e-5	-6.664199221758857e-5	-4.623231376725545e-5	-4.5485299825665654e-5	-5.691215619434142e-5	-4.279451765827266e-5	-4.312476265845577e-5	-5.807563116392092e-5	-5.1795952780726157e-5	-3.6646581765258784e-5	-2.5694708405236966e-5	-2.3293520432822457e-5	-3.67306098730813e-5	-3.438685859495638e-5	-3.9219864877461375e-5	-2.843535790945234e-5	-3.367319986215256e-5	-3.007764013979869e-5	-3.3598076035722124e-5	-4.3105679616017856e-5	-2.4305758686109236e-5	-3.8428047094245243e-5	-3.838143724285009e-5	-3.868225889342575e-5	-2.6513360192222113e-5	-3.806523943706425e-5	-4.775796728570536e-5	-4.638320326780243e-5	-2.721303759591065e-5	-3.3903187874294305e-5	-2.7561506679360526e-5	-3.180234992451042e-5	-4.036279773952933e-5	-3.626483689083207e-5	-3.431752061341942e-5	-3.3438192807103834e-5	-4.000968068136601e-5	-4.6683584461245514e-5	-5.089353011288392e-5	-3.962550990457836e-5	-5.116129037346234e-5	-6.893775155759896e-5	-3.748789527500268e-5	-6.821978041065407e-5	-8.687014920339547e-5	-5.9165199866109686e-5	-9.747608861569723e-5	-6.90217647576416e-5	-7.673890711247522e-5	-7.74597194112131e-5	-9.897350517276693e-5	-0.00011583909287522787	-0.00012493764269677632	-0.00015348425980686586	-0.00011567861360646525	-0.00014829193428766985	-0.00012615763251774825	-0.00014128767925579433	-0.00017050835786694418	-0.00018395700327605846	-0.00017284511712525874	-0.00017631216365360247	-0.00018362667723176296	-0.00018550178754184188	-0.00020771026175078755	-0.00021809026806707266	-0.00023278705135396094	-0.00023402168007266577	-0.0002383929837389276	-0.00039841057319564555	-0.0004344898312663714	-0.0005079323398514413	-0.0004963724418473314	-0.0004864418308263285	-0.0005170379033768435	-0.0004756959561501295	-0.0004479368807298878	-0.0003957690208541975	-0.00038225142018691316	-0.0003371475104305133	-0.00030105385198653245	-0.0002524621028725249	-0.00021703285869867361	-0.00019719256175859678	-0.0001620318918101049	-9.430756522932349e-5	-9.220322855912899e-5	-5.401471587715423e-5	3.91218958270545e-6	-9.737375836205153e-5	-0.00020106199908123679	-0.0002384119724557765	-0.00024091330709866132	-0.00024109318924950274	-0.00019713102461169085	-0.00017894851399302691	-0.00015512963309760597	-0.00015446004718311368	-0.00015463666154860722	-0.00016611731304752575	-0.00015476892770843742	-0.0001585654827926386
1.9346045490413466e-6	1.150119225117735e-6	-5.744039141900026e-6	-4.5328023561171105e-6	-5.672955594865359e-6	-9.763394790991003e-6	-1.4891726090107693e-5	-1.395075542717436e-5	-1.8060483393100152e-5	-1.9976513932623563e-5	-2.2624823293061064e-5	-2.15923204880189e-5	-1.928120911629666e-5	-2.1556412796268354e-5	-1.2010514653139348e-5	-1.599182131118912e-5	-1.4753433392501736e-5	-8.675417697591448e-6	-1.3273489024492185e-5	-2.2701655822115335e-5	-2.6129538799584545e-5	-3.185544194964432e-5	-3.074777926844949e-5	-3.500883095789234e-5	-3.853108506085903e-5	-4.0978026907053516e-5	-3.708908126367344e-5	-3.1375902310309955e-5	-3.5855170557857335e-5	-2.9231280482093502e-5	-4.330494296489462e-5	-4.839492955682756e-5	-2.5334484943934088e-5	-2.198613090632212e-5	-4.993515637877893e-5	-3.616935039234964e-5	-2.4510374741111562e-5	-3.006246618829367e-5	-3.573971901846967e-5	-2.9664073931609525e-5	-2.39106998090044e-5	-4.01254837733081e-5	-3.18082376844081e-5	-3.443994113332127e-5	-3.79847254995333e-5	-2.2226774457415055e-5	-1.8481413231394295e-5	-2.669418397265033e-5	-3.381371842681863e-5	-3.1808539092612054e-5	-5.111680338992092e-5	-4.069251988321476e-5	-3.657616473150965e-5	-3.012174819468083e-5	-3.577559526835722e-5	-3.8091331304446197e-5	-3.802144525871104e-5	-3.689300601128487e-5	-2.34304817301606e-5	-3.710703294114437e-5	-3.79489972432423e-5	-3.299219567248074e-5	-5.7326549648788194e-5	-7.677794326959447e-5	-2.803564672082537e-5	-6.938877152983663e-5	-6.139591005732692e-5	-7.391050553702538e-5	-6.523411314168087e-5	-6.508095440598688e-5	-7.517567894143456e-5	-7.50165532990843e-5	-7.162167451994772e-5	-8.972616269767308e-5	-0.0001257179007164294	-0.0001423072434631606	-9.619528372646624e-5	-0.00012638424920323466	-0.00011347295715904981	-8.977983829462632e-5	-9.708117773218894e-5	-0.00010057657831574751	-0.0001093256930297104	-0.00013681535505211118	-0.00015068207315574456	-0.00015862497947105592	-0.00014240048810260086	-0.0001545140426197078	-0.00017917358352201318	-0.0002131005593340729	-0.00021613904242767656	-0.0002686914384562866	-0.00025260715394437305	-0.0002787079291313721	-0.0003791175424809612	-0.00044012377726707075	-0.0005231845599112939	-0.0005123024378848873	-0.0004783049455635291	-0.0004949086583258544	-0.00047291007698388454	-0.00046146187348758416	-0.0004113425095333967	-0.0003612470023638126	-0.00033523324307477287	-0.0002880901550303405	-0.0002464748457414734	-0.00019752675623624372	-0.00018480066869136502	-0.00014039502199691967	-0.0001048736878589418	-6.325130957191005e-5	-4.169230065353968e-5	-1.317965701852497e-5	-0.00011925442621255056	-0.0002088464449122307	-0.00022892389589870832	-0.0002482767333736313	-0.00017849600920591402	-0.00018516456597172937	-0.00016913861370509986	-0.00013659859918538353	-0.00013602607104937214	-0.0001403248090642295	-0.00013888705290010517	-0.00013422639735805042	-0.0001390582852860145	-0.00015105543335267035
4.297731333140209e-7	2.4112331055425873e-7	3.624230635653619e-6	-1.7095970906294555e-8	-5.877311712396832e-6	-6.313576777269153e-6	-7.311070965212302e-6	-1.0900470521872652e-5	-1.3963537899737422e-5	-1.3551179492768406e-5	-1.1541167327377977e-5	-1.4151781688783588e-5	-1.262141487243934e-5	-1.1112173193324887e-5	-1.4233729212637103e-5	-1.3939869766312063e-5	-4.54250894711683e-6	-1.8180099895133417e-6	6.959127826951239e-7	-6.5643711712019825e-6	-9.653824235237446e-6	-1.702450192538757e-5	-1.5107828453975874e-5	-1.4652631863919241e-5	-2.258389764260571e-5	-2.601253685109023e-5	-1.6493580047745315e-5	-1.702364215306479e-5	-1.3213736745412707e-5	-2.709033193083743e-5	-5.228924389831524e-6	-2.1791184308395106e-5	-1.0008700140375082e-5	-1.439995908972258e-5	-1.469295442691615e-5	-1.9615092970021175e-5	-1.4276706986754428e-5	-2.0355817725858927e-5	-1.3159600362536161e-5	-2.425639062438728e-5	-1.8498136507803797e-5	-2.787242116795985e-5	-1.190282139344745e-5	-1.5562941560465227e-5	-1.852944935074735e-5	-1.5744381709828503e-5	-2.1925194407419746e-5	-1.9008550159252402e-5	-2.4371057472452606e-5	-3.08475733021632e-5	-2.795822655419361e-5	-2.590577708946884e-5	-3.586744128699498e-5	-3.627631127347403e-5	-2.371629477006254e-5	-3.655489919009852e-5	-3.78311769931583e-5	-2.46480613697031e-5	-3.441176922407141e-5	-4.229003920056679e-5	-4.9040195732388825e-5	-4.886965832007206e-5	-3.8977107132132094e-5	-6.0938042264167824e-5	-6.96703556391648e-5	-5.964884673432397e-5	-7.915179904734171e-5	-8.204030065971785e-5	-4.754636137929702e-5	-8.155276475831086e-5	-4.071879660706712e-5	-9.697796060116615e-5	-0.00010133346744177485	-0.00010693243274358111	-6.395726613248054e-5	-6.328345725052642e-5	-0.00012977281467312085	-0.00010428821434899094	-8.509676904105978e-5	-0.0001248558309692449	-0.00011372842771695257	-0.0001493156596629741	-0.00016018641925061305	-0.00016451240326606498	-0.00014809185128195068	-0.00014231734931161033	-0.000119363757159624	-0.00018463551000602596	-0.00021808213871918336	-0.0002388634407456125	-0.00029032949872345726	-0.0002845259314612769	-0.00027275376185062483	-0.00035023345551846163	-0.0004580305297367804	-0.0004636542040060976	-0.0004714358048905909	-0.0004978611555135626	-0.0005575160060174167	-0.0004604018685391842	-0.00046297883929402595	-0.0004348850966839901	-0.00036357837747413857	-0.00034031475554252566	-0.0003156715817562161	-0.0002668180260068098	-0.00019982562913384294	-0.0002047621534134736	-0.0001424919210402109	-0.00010520003271285994	-5.902534971208295e-5	-2.558441739713979e-5	1.3479213405165336e-5	-0.00013882997182412815	-0.0001861193968041852	-0.0002394452951887116	-0.00021294274503425026	-0.00015961606819256402	-0.00013237187387882265	-0.0001240671172568486	-0.00012878697023752106	-0.00012233248702225863	-0.00011578559075062222	-0.000128675661705685	-0.00012257553912847774	-0.0001321641580898092	-0.00011983161641790363	-0.00011078541946665799
4.029430597778799e-6	1.057530799042361e-6	-3.560856037115867e-6	-4.256744154211567e-6	-6.4462354182857895e-6	-8.801513391807486e-6	-9.250007172983271e-6	-9.803325957003645e-6	-5.402284793554896e-6	-8.349215958360079e-6	-8.143173093298761e-6	-8.379110393811479e-6	-7.772382455521754e-6	-9.33758035085927e-6	-8.040264959895127e-6	-4.732929000973718e-6	-1.7908661749735377e-7	1.5195711442622661e-6	6.484191167940162e-6	8.89335236313113e-6	-7.841738868495651e-7	3.988795784556215e-6	-2.0261922565115165e-6	5.201294039566817e-6	7.1069137987794795e-6	-1.0164627386316516e-5	8.577098449882858e-6	5.176884311855479e-6	-5.876760666642666e-6	-1.1373421735655365e-5	-3.278713563668878e-6	-7.6171653620032975e-6	-5.221028145409312e-6	-9.79839581867481e-7	2.5032547649322945e-6	7.580920483377107e-7	9.331356217237574e-6	6.098748350953642e-6	5.610008443034109e-6	2.671333748822946e-6	-4.904962070187424e-6	6.508626645453097e-6	-6.9752206397974414e-6	2.429939387725566e-6	7.553251643935277e-7	-2.8049264300111787e-6	3.43321562585458e-6	-4.072305101639195e-6	-1.1088660371860737e-5	-5.243589850517649e-6	-1.888531811402444e-5	-1.9161890498810286e-5	-2.437191561847213e-5	-2.615133966581834e-5	-2.791410819939083e-5	-2.5640488538793138e-5	-3.332372409698553e-5	-3.5665625726204186e-5	-3.5175454129315886e-5	-4.08480134482872e-5	-3.781784401694216e-5	-4.248650639204071e-5	-4.5631089510243805e-5	-9.462155397318289e-5	-8.403646593706238e-5	-8.129920564883819e-5	-6.214959428173239e-5	-6.248375081230328e-5	-7.27221874299161e-5	-6.068592243307913e-5	-7.522170386575766e-5	-0.00010788095135098874	-0.0001186486943850068	-0.0001324464301254158	-0.0001222556138356229	-0.00016374736419230707	-0.00011860128113980184	-0.0001363813575960826	-9.014306011703721e-5	-0.00010791247019234507	-0.00015406371924736595	-0.0001491156568882157	-0.00016723117248623742	-0.00015167039499330848	-0.00015354366215969417	-0.00017559764840108238	-0.0001830819718919019	-0.00021340168781386337	-0.0002306993571871141	-0.00026206468635783797	-0.00027838942956437407	-0.00026488662825674414	-0.00030647898932242845	-0.0004380231030318149	-0.0005254362808564117	-0.0004720004660556387	-0.0005103394139574502	-0.0005058750380398935	-0.0004840338893585816	-0.0004687181675774865	-0.00043669492501285934	-0.0004003350689146812	-0.00036672303648649374	-0.0003404481774618717	-0.0002762911514159194	-0.00022587299652182535	-0.0001781793809718657	-0.00014862485808037063	-0.00011073637666558778	-6.322102997363688e-5	-2.227475148774971e-5	2.930851741855811e-5	-0.00015228708918901823	-0.00017959449465781985	-0.00017211660482269187	-0.00014932276552401258	-0.000126296338838483	-9.827173146417789e-5	-0.00010457239241201677	-0.00012407499290142954	-0.00011217549458764076	-0.00013818036992407912	-0.0001421836780257646	-0.00013960326167641868	-0.00013956297922890215	-0.00013648488806153325	-0.00012595647832028267	-0.00012708020183035962
-8.457745544502779e-6	-6.860784184693769e-6	-6.689235753851164e-6	-6.10518796975712e-6	-7.711070551617155e-6	-1.0229942435692474e-5	-1.1122853397875498e-5	-1.141054671539507e-5	-1.3262122248915847e-5	-1.0653319318289917e-5	-1.0866574567253151e-5	-6.85151967712988e-6	-6.154007967280883e-6	-4.677272024550261e-6	-3.6765390536673548e-6	-6.398161622907239e-7	2.4596465272516688e-6	3.4294789230671086e-6	1.0724288210944843e-5	7.556489613723405e-6	1.0324418728800688e-5	1.0304183721554505e-5	1.150793165188152e-5	1.0045363521039852e-5	1.0974431541473095e-5	3.4441769098184083e-6	7.669019499306762e-6	1.2780489015186414e-5	6.090305668636498e-6	8.409921522199715e-6	1.3140634956033959e-5	8.607822571046753e-6	8.226711412789856e-6	1.442120023658483e-5	1.2617545896986826e-5	1.453055991501584e-5	1.6587306615051256e-5	2.2036979446110605e-5	2.5309618767108133e-5	2.7663742065316133e-5	2.710544679332405e-5	1.6722831886611944e-5	1.6122182798852802e-5	1.5340928939504284e-5	1.9850671128564257e-5	2.0475775480525982e-5	1.1855302438530668e-5	9.362897826839522e-6	7.443307580533298e-6	2.6771391093555197e-7	-4.353083106652111e-6	-6.9077930224883954e-6	-8.409155533364854e-6	-1.4285467882409197e-5	-1.9083953709843338e-5	-2.4271011090683248e-5	-3.316661886538369e-5	-3.2901062516771384e-5	-2.541121230537763e-5	-4.548145497371148e-5	-4.662932691877619e-5	-7.970392791947778e-5	-6.274301282520323e-5	-6.916566928569234e-5	-7.343603915070662e-5	-7.378363761981199e-5	-8.806416208241574e-5	-8.004871179974338e-5	-7.446133119815013e-5	-8.051050928367665e-5	-0.0001405223647946846	-0.00014151802993356277	-0.00010451765971794535	-0.00013779350707329718	-0.00015497727667151961	-0.00019522054762674546	-0.000137154124862926	-9.598557625806192e-5	-0.00010296285308727948	-0.00010134916777343461	-0.00012585236889087192	-0.0001409461913501331	-0.00012675437956188862	-0.00015749983348772867	-0.00012655150581977748	-0.00015109184086162242	-0.0002248928170425768	-0.0002473636074619423	-0.0002795502523043891	-0.0002983923069570238	-0.00027392002078033273	-0.00026417768797179497	-0.00044980552268980567	-0.000477817937126479	-0.0005523323638734201	-0.0005106596395743068	-0.000535856077392427	-0.000492060528607674	-0.0005186018368213974	-0.00045972242939534835	-0.00040728472677775684	-0.0003483943819201918	-0.0003432972959724334	-0.00025531548229762446	-0.00023198098823840052	-0.00018040912947575594	-0.00014740579850486268	-0.00012271601703556234	-3.8115270488414676e-5	7.210963597070741e-6	-2.2420234072062506e-5	-0.00012084863058176021	-0.00014027163762128647	-0.0001478477778572851	-0.00015477076001010892	-0.00010204436904845404	-8.720623832433883e-5	-0.00011141341972262242	-8.482708892948443e-5	-8.060708350798862e-5	-9.311905630263184e-5	-9.4469640443684e-5	-0.00011516058939786689	-0.00010565638208087647	-0.00011620989218662225	-0.00011847019784454182	-0.00012849013736673798	-0.00013316327858101107
-8.33402303331704e-6	-8.397084432952215e-6	-1.037611375943534e-5	-1.1720101614470096e-5	-1.268631928024247e-5	-1.4242128255816805e-5	-1.2449815213044085e-5	-1.4284715446101492e-5	-1.1094920826255211e-5	-1.1518773131505289e-5	-1.1798337914287194e-5	-1.1492457105324178e-5	-3.929266309023183e-6	-5.8964817620590915e-6	-3.6098337860557272e-6	3.32195588311629e-6	5.0505438589990015e-6	7.627365536042041e-6	6.367639163347427e-6	5.719048281824235e-6	4.520257323829824e-6	1.2336053944843328e-5	2.0671078238866658e-5	1.4183124618337428e-5	8.753274255597632e-6	8.777092008922793e-6	1.3734960976723165e-5	1.4510655047331178e-5	1.722892553450428e-5	1.2891112331249455e-5	1.2994448182410134e-5	1.3637640279215435e-5	1.5101335980316488e-5	1.7146082730706835e-5	1.341320121379247e-5	1.1888552208655367e-5	2.1921248453612985e-5	2.6280109815743358e-5	2.7390841873288496e-5	3.323108118975099e-5	3.615192021612368e-5	3.046346324069721e-5	2.6054627205729375e-5	2.814652970330872e-5	2.7672375567215635e-5	3.084680839753051e-5	2.200914689214073e-5	1.7221009232341877e-5	1.6706301056088058e-5	9.882720726842043e-6	5.292726977176865e-6	8.287500460196773e-7	-2.511507169768168e-6	-5.150732271252956e-6	-1.3846573627268599e-5	-2.1204804947529132e-5	-3.2322355512579004e-5	-3.1908570837652084e-5	-3.323307503754619e-5	-5.4597577544071574e-5	-5.137962863326073e-5	-4.634062881689327e-5	-9.347109891644223e-5	-5.816535187525007e-5	-4.2922963360697564e-5	-6.405059425548809e-5	-6.74495658978258e-5	-8.263429220403684e-5	-0.0001225126348026323	-0.00011164575665877086	-0.0001517473321478724	-0.0001719700727306761	-0.00012621021415470945	-0.00018307012373056097	-0.00017585829710856093	-0.00015816103418261895	-0.000102965370604724	-6.905129029330381e-5	-0.00014281076321509545	-0.00014820387972402926	-0.0001406046459817567	-0.00012499757305606263	-8.077170009224144e-5	-0.00011704543367505038	-0.00015829689772525746	-0.0002160432163028636	-0.00023722890188718204	-0.0003038767913514373	-0.00028412084534037985	-0.00030029001420878165	-0.0002646118849210233	-0.0004232434888673531	-0.00048193923678219175	-0.0005175439764248946	-0.0005545003171902874	-0.000558543220355312	-0.0005234543180854256	-0.0005029542364184958	-0.00043136626649148413	-0.00041760456637868204	-0.0003841381423022594	-0.00034531500055223763	-0.00029699488528212026	-0.00025619513888824885	-0.00020310804253742543	-0.0001238528030134134	-6.958707915449835e-5	-1.580723833077835e-5	3.21321528412577e-6	-2.7416419828840688e-5	-0.00012054941680300635	-0.00014309520365504702	-0.00012702007197787357	-0.00012471068231920124	-9.967842740446486e-5	-8.151702403369487e-5	-9.230402900350931e-5	-8.40656992802391e-5	-7.010622984915393e-5	-6.966505063793482e-5	-9.774666536246923e-5	-9.34812036806898e-5	-0.00010358154004658227	-0.00010195554361706882	-0.00010084532818185887	-0.00012835857268571338	-0.0001261763599418736	-0.00012519822418372017
-6.630345415498812e-6	-9.043272993511722e-6	-9.248787445539225e-6	-1.2427527811085387e-5	-1.2786393851268313e-5	-1.4154178046635324e-5	-1.2610212353492134e-5	-1.2441277120935762e-5	-1.3595248245321795e-5	-8.795111449029502e-6	-7.309121569706173e-6	-7.367688544760581e-6	-7.518406199263222e-6	-6.476826182582468e-6	2.7922323199251753e-6	7.825139733234898e-7	8.099085096156811e-7	1.062041107184955e-5	8.48313064759354e-6	1.127703941512792e-5	4.005528547734727e-6	3.319394455483793e-6	7.401934967732338e-7	1.2587574754231723e-5	1.1527388744068945e-5	1.22518076413336e-5	9.957606570895616e-6	1.4761041239146067e-5	1.1645263746362655e-5	2.086907523960596e-5	1.4669631069781641e-5	1.2644544157384974e-5	1.3692586019013742e-5	1.4669164862847472e-5	1.2319539377352029e-5	1.1456911266048697e-5	1.1523874302726833e-5	1.8761878986181535e-5	2.8028258425120967e-5	3.371548374687949e-5	3.958783658958992e-5	3.209247537855342e-5	2.443906676422719e-5	2.88223655012243e-5	2.3809358347740006e-5	2.6474773436903354e-5	2.3352602403908795e-5	1.743648574050599e-5	1.2732770567069895e-5	1.0992485133948238e-5	6.6484757152776575e-6	1.2963458431713981e-6	-1.7897174627717893e-6	-8.499243518179933e-6	-1.6084267706779898e-5	-3.14088468775231e-5	-2.570487659531162e-5	-5.091587633281047e-5	-5.7186999276662154e-5	-7.342334856427768e-5	-3.524709495626721e-5	-6.344119348779265e-5	-5.8467127623737514e-5	-5.475703224178119e-5	-7.134028285650518e-5	-8.175967281670582e-5	-7.104953127570757e-5	-8.095765919625963e-5	-0.00011360807693899799	-0.0001332636843758006	-0.00017069914926004515	-0.00018330161607321704	-0.0002023166660244935	-0.0001907230948693106	-0.00020389715306781686	-8.898144590943624e-5	-8.919410349195189e-5	-0.0001565189969819636	-0.00011947427639227848	-0.0001744808811321441	-0.00010056892818521845	-7.739293797839886e-5	-9.382315020387e-5	-0.0001467761220723396	-0.00016700064291511052	-0.0002522364999160698	-0.00029723986943661074	-0.0002909131052372671	-0.000286448022419894	-0.00029650050643870163	-0.00038674961237022965	-0.0004495531464449032	-0.0005150693023134312	-0.0005347423849208499	-0.0005014636839453801	-0.0005175661028228307	-0.00046804654769971865	-0.00045441070611190737	-0.0004098107747249613	-0.0004053098525205745	-0.0003663346449106486	-0.0002793042923679434	-0.00021466183865170851	-0.0001658220782907449	-0.00010867415040777262	-7.291585737978501e-5	7.247232328144726e-6	5.2079655692149895e-5	-9.475739203707034e-5	-0.00010259601978743205	-0.0001069840375143849	-0.00013399327003851824	-0.00012661149255757675	-0.00010615005619288298	-0.00011997516695394506	-8.51142246960368e-5	-6.498909049801327e-5	-6.967388254883189e-5	-6.44805237849655e-5	-8.12605017996848e-5	-8.284148107079448e-5	-7.508401235825635e-5	-8.880889730208952e-5	-9.028464716294426e-5	-0.00011815109004012503	-0.00010123413175452955	-0.00011150263221418322	-0.00011319784844719682
-6.953865922757624e-6	-6.149648525870591e-6	-8.810743882528213e-6	-9.824276266633125e-6	-1.0685624206221295e-5	-1.2752865983286371e-5	-1.2371812829845702e-5	-6.827648255797181e-6	-9.6633166963081e-6	-5.572570942018185e-6	9.941402085225648e-8	-4.363836494849366e-6	-9.560199311885176e-7	-2.6437239983995164e-7	1.5342097709446223e-6	5.824786996049686e-6	5.9110038370079054e-6	1.2993829102969645e-5	5.263080010871335e-6	6.844587830540094e-6	2.2956571539556325e-7	-7.94127892785046e-6	-1.877701065380183e-5	-2.1721007696477723e-5	-1.0154643510611183e-5	-3.182842444465761e-6	-2.9531222302606186e-6	4.3522477288782113e-7	1.1920255364381016e-5	1.2624934192691228e-5	1.2149918115871017e-5	6.486888391894763e-6	8.890622071010268e-6	5.564643797834057e-6	3.0003240560419475e-6	-2.6604353485851218e-6	2.649366186505131e-6	-2.3671819712745013e-7	6.8375226270830924e-6	1.1825704803423986e-5	2.5443479788334056e-5	3.0453297761127984e-5	3.2314057571251886e-5	2.0722072061746255e-5	2.4522189292185137e-5	2.0116230187681994e-5	1.9726407464969176e-5	1.7027543654582478e-5	8.53097432106098e-6	2.0522044350337887e-6	-1.6337950957401315e-7	-6.271162517230977e-6	-1.3637903740343349e-5	-2.8525591177358534e-5	-3.69610922814137e-5	-4.062970446194747e-5	-6.0111400449272545e-5	-6.128855994762261e-5	-5.149467766259186e-5	-3.344609311728419e-5	-4.5784593564329734e-5	-5.231150256891637e-5	-4.840486626973839e-5	-4.790012462195514e-5	-7.172499790278342e-5	-7.26755558944775e-5	-9.08430665760851e-5	-0.0001177639236127348	-0.00017395959455920873	-0.0002135164766346731	-0.000187361844788958	-0.00020711295308992184	-0.00022340270909235183	-0.0002086328549158467	-0.00013102951015864228	-0.00012332030579001452	-7.86110477928037e-5	-0.0001615130620392924	-0.0001594346139485725	-0.00010643226534476358	-6.086881649755571e-5	-6.88036671907255e-5	-0.00011710726572494723	-0.00017211405694758652	-0.00024372950272605332	-0.00026225220346037803	-0.00031240399590154455	-0.000302656667089396	-0.00030491503419383115	-0.0003170915570047117	-0.0004436623594547551	-0.0005002712957433153	-0.0005439959637268399	-0.0005204360293414867	-0.0005434459826592075	-0.0004991600795895001	-0.0004563570441679099	-0.0004477886507772699	-0.0003986114216480985	-0.00031794009699298575	-0.0002765847620378459	-0.0001869843516133507	-0.0001394746471095054	-0.00011182921776098365	-6.630480019198526e-5	-1.2772929415538758e-5	1.7687283929146425e-6	-8.118647464375184e-5	-0.0001067871398946485	-0.00010537803052032557	-8.200685356479775e-5	-9.968436232715705e-5	-0.00010904998692246037	-0.0001022890582999536	-7.264800740147681e-5	-6.362949446850341e-5	-6.742324580588654e-5	-6.468486770522253e-5	-3.952641599441753e-5	-7.041023363310583e-5	-6.844758917642912e-5	-8.606019976514778e-5	-8.788599730781554e-5	-8.588872777055834e-5	-9.254005114284203e-5	-0.00011747043116884515	-9.392091054535867e-5	-0.00010574809365844484
-6.9655299052544944e-6	-7.492960380850802e-6	-9.118667328384192e-6	-6.004086659273933e-6	-7.630434505816533e-6	-4.66283966733122e-6	-8.014287746892917e-6	-7.337850758872694e-6	-5.749231386104059e-6	-5.097291133019516e-6	-1.0633857889293802e-5	-1.3212707295449932e-5	-5.460865050085917e-6	-3.3567894015644473e-6	-7.623675182897444e-6	-2.2481490410605764e-6	4.7075350887403056e-6	4.5121052076949053e-7	5.06884112591241e-6	-4.271152658982813e-6	-5.450915868850104e-6	-1.2164438835567115e-5	-1.986276431959616e-5	-2.6161459066795234e-5	-3.636194427156236e-5	-2.2922246782977607e-5	-5.321687101406125e-6	-2.0488168453458577e-8	3.0169069282701133e-6	9.416859653166298e-7	6.099470971701604e-6	8.406523632591145e-6	8.637033145977857e-6	1.2238641090150937e-5	1.1514550164043458e-5	-1.1878898472511557e-6	-7.533329429015856e-7	-1.907680827542557e-6	-5.727297976154677e-9	1.4255393740447708e-6	7.690864546779086e-6	1.3544362029507817e-5	1.867066343110707e-5	2.1326439962957022e-5	2.3503058765687868e-5	1.7109096257794665e-5	1.487881053172796e-5	1.0075593246013093e-5	1.2180843356537907e-6	-3.220136288693831e-6	-8.667777324881942e-6	-1.4970009823769836e-5	-2.682326691490211e-5	-3.727839976812308e-5	-4.437450461334397e-5	-7.35219068785653e-5	-6.998712373529337e-5	-4.918136102365078e-5	-4.7210568787647844e-5	-4.842608410625393e-5	-3.932583425569902e-5	-5.0598696239856356e-5	-4.077565975840747e-5	-4.7196810262079e-5	-8.704017758279226e-5	-8.947484354988877e-5	-0.00016069796318282648	-0.00023024433271415234	-0.00021239926050603541	-0.0001801848470775469	-0.0002348863573260751	-0.0003135234324762315	-0.00022702826164150425	-0.00012651179799941237	-0.00010676362354952729	-0.00016455736513015795	-0.00013907663432358164	-0.00018536736381968844	-0.00010889987262646672	-4.410925617814865e-5	-7.999443121797789e-6	-6.597196313545828e-5	-0.00013615920457094033	-0.00022036368389766192	-0.00028461564702264575	-0.0003120143596616054	-0.000324189832964783	-0.00031542891128916173	-0.00031008192107745414	-0.0004465683682217114	-0.0004894391879631255	-0.0005325063046762724	-0.0005551308674897615	-0.0005340883291182763	-0.0005480520204326211	-0.0004854244567073507	-0.0004343570728787549	-0.0003764149278731588	-0.00030679045241732705	-0.00022871158959769655	-0.00020073167086853694	-0.00014566795252662912	-6.854124472849277e-5	-6.089748063459188e-5	-9.27606949585602e-6	-1.9647395689548208e-5	-8.990849080861563e-5	-9.19772417951048e-5	-9.263178115184734e-5	-0.0001335636766117143	-0.00011557509723564285	-0.00010710462681681743	-0.00010683688959553517	-8.191733099141563e-5	-7.732712473812464e-5	-6.591697023286547e-5	-4.606472104803916e-5	-4.407812873377659e-5	-4.243992960881182e-5	-7.025133296270636e-5	-6.276461555349e-5	-7.841668503774657e-5	-8.427640421464211e-5	-8.999874305005984e-5	-0.00011684645763974932	-0.00011680777655884156	-0.0001297506156336392	-0.00010590624514514313
-4.900174097868457e-6	-6.04221737205389e-6	-5.121981126992442e-6	-8.122751874329454e-6	-7.767608984406843e-6	-7.091173893740421e-6	-1.2150158808753309e-5	-4.6348637276240334e-6	-4.022274321339309e-6	-1.541862340928568e-5	-1.9923179859354656e-6	-8.99259914579828e-6	-8.407071696789337e-6	-4.9480111305975905e-6	-3.745806833113652e-6	-8.791511355715764e-6	-3.2034018992120605e-6	1.399492230002436e-6	-5.2161495066836705e-6	-3.2644741944365396e-6	-4.2087817606062394e-6	-7.177031863779548e-6	-1.0033917056603836e-5	-1.1811899115060642e-5	-1.564106103749824e-5	-1.5350235188851813e-5	-1.2308398657928654e-5	7.791771785073398e-6	5.502705496124305e-6	4.938590768971407e-6	5.718080631385292e-6	7.039692179883206e-6	1.5849793266048406e-5	1.87245640000111e-5	1.697070489779101e-5	1.5054050670967878e-5	2.3812497655130438e-5	1.947097105943485e-5	2.1658900259229064e-5	6.018238750231386e-6	-2.4596286379158228e-6	-7.143005804899349e-7	7.466761041928505e-6	1.3852888020721155e-5	1.9034118899086128e-5	1.712316161257832e-5	8.501154424508939e-6	9.893867951478452e-6	5.5528498466017595e-8	-8.119979298323865e-6	-8.921529964442398e-6	-2.8604047299166102e-5	-3.12578755197121e-5	-3.704641411347853e-5	-4.8311415631885346e-5	-5.8066407584989044e-5	-5.387119895138015e-5	-3.953501805445403e-5	-3.437978309157874e-5	-5.3128950891490057e-5	-4.303745944692072e-5	-4.238506355787319e-5	-6.259861444306292e-5	-9.354061470713548e-5	-0.00011463515249901524	-0.00013513955145899592	-0.00024504627276975	-0.0002537919895941043	-0.00022650958799580456	-0.00025245651272612357	-0.0002850239727396342	-0.0002824929764937145	-0.0001523071360871875	-0.00010025455292328456	-8.794547121798724e-5	-0.000201872680898052	-0.00018067843011657092	-0.0001028590797605422	-3.941782664163007e-5	2.5896212257903173e-6	-3.686593998825094e-5	-0.00014882078642336483	-0.00022228446514005462	-0.0002707871340351664	-0.000312490723401726	-0.0003191334653138145	-0.0003277728045578132	-0.00026897753989396644	-0.0004096447074782017	-0.0005191817505426077	-0.000566234756565337	-0.0006055012697833706	-0.0005692706592577701	-0.0005446816955800848	-0.0005047707000646606	-0.00041975879369604563	-0.0003607721500015204	-0.00029431626840520364	-0.00024962462652489137	-0.0001844456878896672	-0.0001419463982119118	-0.00011823473623773229	-7.639895660549456e-5	-5.968422587751543e-5	-2.8843195193362092e-5	-7.473875034483268e-5	-9.531871819623561e-5	-9.471726137785796e-5	-7.771723585861534e-5	-9.603262412713476e-5	-0.00011332100188776728	-8.813428719472993e-5	-8.262871289965723e-5	-6.98597191380046e-5	-5.441652553908605e-5	-3.9220805422846006e-5	-2.4973968205943553e-5	-4.9514164469910416e-5	-4.754193349762459e-5	-7.286628331965028e-5	-7.431918145131555e-5	-7.763917113379204e-5	-8.727868362930213e-5	-9.055801789871476e-5	-0.00011230302712078588	-0.0001302635202395791	-0.00013699783278295352	-0.00010717755242334315
-3.3076872404252944e-6	-4.688423857045904e-6	-3.915264244541347e-6	-7.420403403063727e-6	-6.870524385960836e-6	-8.996050703414388e-6	-6.31337159200801e-6	-6.7031677517676025e-6	-6.409476085728755e-6	-7.008662584757214e-6	-4.72312266337413e-6	-9.639864590165609e-6	-1.177201728024685e-5	-1.2577996099088357e-5	-6.952516904204509e-6	-6.549917400990035e-6	-5.142428095763346e-6	-4.689689392031737e-8	-1.1569781591114214e-6	5.8268548406431586e-8	-5.014405232185715e-7	-6.021427388820666e-6	-3.117246044626043e-6	-9.813249930538948e-6	-1.5430671605927426e-5	-8.701461317976722e-6	-1.0825663282476583e-5	-8.38377273420371e-6	-1.076994938543907e-6	2.9984164023194593e-6	6.282064170075319e-6	9.747609620511244e-6	1.5373520056809198e-5	1.3720613729374664e-5	1.2707643639621458e-5	1.3647015917502003e-5	1.6705079702340753e-5	1.5599780039780853e-5	1.7183975596635204e-5	1.5821710803477773e-5	1.0094311996521055e-5	1.5646019094033015e-5	8.656704910195434e-6	-4.084015027203125e-6	7.07842963930394e-6	3.974896583755494e-7	8.027126055867861e-6	6.426218606726819e-6	-5.262650666811031e-6	-1.2001766767910649e-5	-2.6061066824532853e-5	-3.87267919555595e-5	-5.493164733846867e-5	-4.728643366626317e-5	-7.031026368758964e-5	-5.029647380007385e-5	-5.1037125914366044e-5	-3.6742790884489174e-5	-3.6028554271927415e-5	-2.9596867491543666e-5	-3.50198364230947e-5	-5.887480390362465e-5	-0.00011784252827024	-0.00015203763270056625	-0.00020674868718081885	-0.0002046219985986364	-0.00029012188268104366	-0.00021372936189964498	-0.0002651938846472135	-0.0003241359025803192	-0.00031835472626140504	-0.00017233156525062188	-0.00011311910609601572	-0.00013415760256180187	-0.00019655856369621416	-0.00017947521940842037	-0.00017723317605189415	-7.71656848662372e-5	2.9135500435872874e-5	-4.0561950499784505e-5	-0.00016229671686435188	-0.0002781535505397281	-0.0003048811637179627	-0.0003260449137239274	-0.0003344937217833466	-0.0002926752872174643	-0.000257162071585354	-0.00031010295893640905	-0.0005024705694925413	-0.0006001344690295674	-0.0006204026181677591	-0.0006215231801443011	-0.0005623505957771946	-0.0004845770529629534	-0.0004370495328490098	-0.00034158928723798665	-0.00028553746606735375	-0.00024370640488297068	-0.00019331532468552792	-0.0001417859536376187	-0.00011241790050936507	-8.289004682290879e-5	-8.036583334578018e-5	-5.7479116952197096e-5	-8.033679190638798e-5	-9.987268173930475e-5	-9.459776278281096e-5	-9.113720845707607e-5	-0.00011479853742960011	-0.0001108165252269866	-0.00010033813406876146	-8.668842987197278e-5	-7.656756955895516e-5	-5.479125616755787e-5	-4.4197308573384886e-5	-3.856221331838272e-5	-3.792694673945829e-5	-3.850117273607179e-5	-5.460609828894514e-5	-6.199960683739292e-5	-8.606372125380402e-5	-7.852166724990617e-5	-0.00010700965938012508	-0.00011275963778152598	-0.00011350823709774249	-0.00010934510458540658	-0.00011634271237376259	-0.00012870908657446056
-3.0727471348607205e-6	-3.4575359068866884e-6	-4.398422002050567e-6	-6.1640016008057685e-6	-5.256476948590355e-6	-6.426538717418245e-6	-7.258382805387653e-6	-8.02743586663865e-6	-7.344380637507031e-6	-7.051786726167825e-6	-9.04639807074864e-6	-1.5206312229364138e-5	-9.577802147307107e-6	-1.0364797941361109e-5	-7.966594777527453e-6	-2.4628479052164753e-6	1.245753717196707e-7	4.403019290312449e-6	7.3030912372228085e-6	5.1712185423526125e-6	2.5985068046949222e-6	-3.861755750247942e-6	-2.9277491889190266e-6	-5.4456742934472224e-6	-9.215284243156707e-6	-1.508545187638849e-5	-1.1786348806663849e-5	-1.2093320051961842e-5	-2.2805965015776364e-6	6.700212758746493e-6	6.9252540984762745e-6	9.586711307608964e-6	8.98027962756287e-6	8.627004275882366e-6	8.787461318500445e-6	1.2878088894753559e-5	1.278162796956861e-5	8.343582443871844e-6	1.1677331194018259e-5	1.2117450597613766e-5	4.43442049573306e-6	8.473785909068887e-6	4.6068959194331405e-6	3.365393358954749e-6	1.9111513586966833e-6	2.278690474158407e-6	9.579088824235305e-8	6.814839491331437e-7	-2.177127456180067e-5	-3.696050084912861e-5	-3.184332029830539e-5	-3.176171023237806e-5	-4.163219356929926e-5	-7.168930271465868e-5	-4.82911909245598e-5	-5.152883870464253e-5	-4.91206966594937e-5	-4.1853852198250885e-5	-2.7159926868289275e-5	-3.4677210105152345e-5	-6.33195210673898e-5	-0.0001049196732098856	-0.0001508113469175787	-0.00020243546639334142	-0.0002652101498482051	-0.0003743566502796558	-0.000269337195775432	-0.0003031571022861501	-0.00039216504392827756	-0.0003894091602993366	-0.00022771821104120016	-6.672145691846709e-5	-9.225149290303936e-5	-0.0002061728045232858	-0.00016570491940398613	-0.00018683636452201946	-6.226098412873138e-5	1.665499552508387e-5	-6.0936622501422955e-5	-0.000151542860291759	-0.00026068229389344943	-0.0002992700445098029	-0.0003287190354986369	-0.0003248026478851196	-0.0002983498084002667	-0.0002645655331097452	-0.0001943791828884489	-0.00046908648189750157	-0.0005737386997786698	-0.0006425952608565821	-0.0006621694902467223	-0.0005647642076223036	-0.0005213715960697418	-0.0004101002263473541	-0.0003571579143546444	-0.00027216324896897626	-0.00021910002241318227	-0.00018579859656017716	-0.0001415710799458625	-0.00011210350139498337	-0.0001046754935334071	-9.280143277098918e-5	-6.999684035516318e-5	-9.273048691763042e-5	-0.00010005424223510917	-9.386838095010175e-5	-8.814138221374668e-5	-0.00011483015059654544	-0.00011965272739625221	-0.00012612516716789535	-0.00011303044437915855	-8.523735319995729e-5	-7.187556756368951e-5	-5.3810363283279816e-5	-3.840392413800853e-5	-3.2033056762692524e-5	-3.3282816606916565e-5	-5.631057686111829e-5	-4.845403483826061e-5	-5.602082599892588e-5	-7.855259194847197e-5	-7.793481788739842e-5	-0.00010098394451381332	-0.00011042352037089753	-0.00011832032424143046	-0.0001150613046681237	-0.00011613259832954359	-0.00012424776377022162
-5.772484812198442e-7	-5.108592178839147e-6	-6.110095204315061e-6	-6.0520348227257464e-6	-4.464372393899602e-6	-9.119810484049806e-6	-4.386259964180711e-6	-8.862697359855731e-6	-9.986207282104698e-6	-8.665181473830469e-6	-1.1440892450000767e-5	-8.81638024304715e-6	-9.998969154826481e-6	-6.3159761166768635e-6	-2.728131848032944e-6	-1.9762856173603793e-6	-1.0070205303316926e-6	-4.1479867500873735e-7	-1.9998277122831865e-6	1.5129187507824382e-6	3.3002750922730972e-6	2.6902557872382493e-6	-3.5524404598530346e-6	-8.145632605927045e-6	-1.1331785119625404e-5	-1.3188978446702915e-5	-1.3159399785134251e-5	-7.821521750585314e-6	-1.4766085489753555e-6	3.0263313556544436e-6	5.828801525643856e-6	5.110714911167602e-6	7.338325368373699e-6	8.406555616555234e-6	8.17106148368052e-6	8.339629442750962e-6	7.207777126885806e-6	8.927429108462892e-6	7.049924879987124e-6	-4.91422115674045e-6	-2.6773467340715507e-6	2.766226917666481e-6	2.9531916191996577e-6	2.894782395561346e-6	4.391407485045129e-6	-3.866240010433342e-6	-1.750569903879312e-5	-2.2723792248921515e-5	-3.229215506106442e-5	-3.42172676911362e-5	-4.592643973455601e-5	-4.581527865421542e-5	-5.361293657288324e-5	-4.542637533494487e-5	-4.163356400084528e-5	-3.360734542219579e-5	-2.1688620951282322e-5	-1.8406180442645526e-5	-3.0011427371023913e-5	-7.887107416823524e-5	-0.00014589408023693573	-0.00020123434060596856	-0.00021252985699451998	-0.0002874071380193355	-0.0003765221836572741	-0.00031613339333477763	-0.0002670320540208715	-0.0003656276366739708	-0.0003713342459042701	-0.0003288131030475261	-8.518035669174973e-5	-0.00014677795220560674	-0.00020750966917004732	-0.0002749944759752876	-0.00021302138655462932	-7.786785105601268e-5	-1.6696084619016727e-6	-2.4875123662282395e-5	-0.00013247501619989555	-0.00021180425902739275	-0.00030985952085421653	-0.0003535666225941425	-0.0003265658208261024	-0.0002889621094487316	-0.0002720754372666223	-0.00020762121622636132	-0.0003995614342860998	-0.0005774607072898952	-0.0006438728998754695	-0.0006220659816251473	-0.0005761759840940128	-0.0005146013671609995	-0.0004133080336310435	-0.00035004159293361425	-0.00027994157556290866	-0.00021868052507700853	-0.0001770761575564661	-0.00014733931089083718	-0.00011623004858921093	-9.940960598101012e-5	-9.122018028093204e-5	-8.29320162890057e-5	-7.796258864184447e-5	-9.128872137387223e-5	-9.482292988999275e-5	-9.780436877049326e-5	-0.00010434383392043944	-0.00011355004827032222	-9.883996399118189e-5	-0.00011267112460036643	-9.603232055052646e-5	-9.174918420493117e-5	-6.442954243041088e-5	-5.809238723744614e-5	-6.220417410329748e-5	-3.587766802398695e-5	-3.565281316703084e-5	-4.889976553019981e-5	-7.854970797069316e-5	-6.919233415392245e-5	-7.079269137046096e-5	-9.497745797303059e-5	-0.0001056445003092682	-0.00012176434448403495	-0.0001227312132132119	-0.00010861273035470131	-0.00011730331766698909	-0.00012668741706731157
-1.0816091674647338e-6	-4.307813464667423e-6	-6.848952421910706e-6	-9.354831227150959e-6	-8.985573786771117e-6	-4.883312179106147e-6	-9.37004000865077e-6	-7.793193716222613e-6	-7.523909609490759e-6	-9.169588645243504e-6	-8.869929530447296e-6	-4.56965764056641e-6	-7.954920630635215e-6	-6.718374771438884e-6	-5.46048585037609e-6	-6.176056573711092e-6	-1.293424460417636e-6	-8.979085920970964e-7	-8.958629736481594e-7	5.403232657304191e-7	8.391693102124259e-6	-2.391960327724485e-6	-9.111163429623148e-7	-1.0743426547693558e-5	-1.4551399364973183e-5	-1.1284590341158196e-5	-8.337965734517283e-6	-4.88677457874398e-6	-3.482745233700235e-6	2.959157441653759e-6	5.202324573731765e-6	6.3104377409292645e-6	7.904387322628381e-6	8.71904653511335e-6	5.881988147417305e-6	3.0030437771916274e-6	3.7763797080744843e-6	-5.825856832543386e-6	-9.072965902884311e-6	-1.5339003938547036e-5	-7.727038410162979e-6	1.0206023309464185e-6	-8.628666357812786e-7	-1.762398820631672e-6	-1.5398902855970342e-5	-8.886857178966312e-6	-4.6159101931356195e-5	-2.942803444504205e-5	-3.212627321287631e-5	-3.4812142318124684e-5	-5.0815619073718565e-5	-4.6235421090681794e-5	-3.831640517024115e-5	-4.423037023443266e-5	-3.535247398642194e-5	-1.9723138053318046e-5	-1.0216406713670079e-5	-2.186060902610587e-5	-6.592721919600197e-5	-0.0001422238195269987	-0.0002215531415012545	-0.00031372847245428326	-0.00030352351057874594	-0.00041167171017583715	-0.0003712215018887577	-0.0002845942405349522	-0.00035148123344111437	-0.0004461277874900915	-0.00042925198335055925	-9.635964986001722e-5	-0.00010942758634988059	-0.000269543953129725	-0.0002652571174863172	-0.00026227668908224144	-0.00011170478604605183	4.091847520537595e-5	3.206125035598584e-5	-7.565181770960439e-5	-0.0002129608100108482	-0.0002912156626955209	-0.000339432746233187	-0.00034067414254185246	-0.00030545780314861215	-0.00027638527317491723	-0.00021242137172514108	-0.0002933526902296202	-0.0005375299966421665	-0.0006615359562228695	-0.0006632602756947992	-0.0006057013571258985	-0.0005105529866065994	-0.0004446357106287213	-0.00034181273263211853	-0.0003036000747677625	-0.00021709788697657495	-0.00017903088733728367	-0.00014135853078356408	-0.00010988165238812186	-0.00010015791147843789	-9.355325325186015e-5	-7.954412302446645e-5	-6.219676249724637e-5	-8.653164773261834e-5	-9.20774090654164e-5	-8.995779381820723e-5	-9.376556822648929e-5	-0.00010362889799747643	-0.00011849004633371352	-0.00011527563842719801	-9.52106666077257e-5	-8.49859072005188e-5	-8.208557097932889e-5	-6.552920098906734e-5	-4.724883028231486e-5	-5.6940253293641385e-5	-5.0974892709665376e-5	-5.4376903370692564e-5	-5.673271639798638e-5	-5.3069782726331005e-5	-7.980299906139299e-5	-8.355683657999824e-5	-8.530979199970756e-5	-0.00010637711306445141	-9.707077481234394e-5	-0.0001273212850254335	-0.00010362423159132605	-0.00011611411810351357	-0.00011583848030100041
-3.1095979469760587e-6	-6.925915597326762e-6	-6.464427246537924e-6	-8.440031713883439e-6	-8.37787575858756e-6	-5.401556209694985e-6	-6.846729129830753e-6	-7.401860157782436e-6	-7.700921877181605e-6	-6.426771549834787e-6	-6.242714407477673e-6	-5.5229391481177725e-6	-5.3435126332393446e-6	-7.21350957482228e-6	-6.917748979987787e-6	-4.317546483095097e-6	-3.8415993476592636e-7	-4.682834794846741e-6	1.523972191930928e-6	8.752468693383475e-6	2.620638894692412e-6	7.910387839552002e-7	-8.199890961547995e-6	-9.418997157749354e-6	-9.952846923358405e-6	-8.019014055213325e-6	-8.012226949613566e-6	-3.2194109574404384e-6	-5.095424950030125e-7	4.120205695720691e-6	7.048771830976686e-6	7.968138952471615e-6	4.5849419096424815e-6	3.5946473662257228e-6	9.908112741721653e-6	8.640706422938238e-7	-1.538396146583132e-7	-5.853118011968361e-6	-1.9083689706614337e-5	-1.5244646907677795e-5	-9.75916287886125e-6	-1.0930754456954517e-5	-1.2244081616652469e-5	-1.4267083608271447e-5	-7.449862124767059e-6	-1.3875640003310763e-5	-1.8854743070659263e-5	-1.7237324848734525e-5	-3.8546249525595044e-5	-3.3137440274416674e-5	-2.8912584132401165e-5	-4.068669121233548e-5	-3.694222770571354e-5	-3.372961849060219e-5	-2.190979602606502e-5	-9.609904018381688e-6	-1.7101961123297538e-5	-6.458022593254509e-5	-0.00014492966072046642	-0.0002393419566270455	-0.0003016210111533857	-0.0003691335800394546	-0.0004123348906238944	-0.0004653929021672387	-0.00032039290491503447	-0.00027913090241971084	-0.0005059683661629011	-0.00043662505685646	-0.00015887298854960763	-0.0001588782621089746	-0.00026308399035668284	-0.00021842285358869562	-0.00028421977011500177	-0.00015415435421217705	6.342904066564126e-5	0.00014548189476021323	-1.0692596981443092e-5	-0.00012363430158118804	-0.0002736168648424797	-0.00032747693229015495	-0.00031423562319929377	-0.0002827453614122344	-0.00023900269133583785	-0.00019343511818356585	-0.00014562675067567032	-0.00047329281986641103	-0.0005969355695509271	-0.0006736663050316283	-0.0005949583078805609	-0.0005154434995144341	-0.0004555038009106116	-0.0003558051834932907	-0.000296785215760792	-0.00022998626657624865	-0.00018715398371685343	-0.0001420456981204854	-0.0001179158723788043	-0.00010656931934138747	-8.888018359493044e-5	-7.532223542799921e-5	-7.28719883914819e-5	-6.54548810985478e-5	-8.094193718055642e-5	-8.332239629163518e-5	-9.603182615433581e-5	-0.00011584525873298279	-0.0001100330438742747	-0.00011313055743936151	-0.00010863524056020646	-9.433043972675859e-5	-8.005592716520127e-5	-6.78908285926122e-5	-4.390696465260413e-5	-4.943355512258829e-5	-5.048304439411733e-5	-6.0256357195531685e-5	-7.101608905969725e-5	-7.44608357177573e-5	-5.9666697580992856e-5	-7.215866250874503e-5	-9.282833616369723e-5	-8.225298914199541e-5	-0.00010688705888266259	-9.246387726660754e-5	-0.0001211010382685257	-0.00012937799919940374	-0.00011711707667040605	-0.00012072285337193234
-2.167662344109214e-6	-6.927190076980519e-6	-8.431801806242645e-6	-7.49397966641821e-6	-9.801888033872386e-6	-7.767052246591272e-6	-7.66731133878401e-6	-7.791541121061202e-6	-5.65149137340612e-6	-7.79624926899522e-6	-7.480091307639214e-6	-1.0194758719942604e-5	-8.110770898222402e-6	-5.93120686029e-6	-5.861626288516941e-6	-7.57388346917659e-6	9.52863276563326e-7	1.319404926026363e-6	4.608734455267133e-6	1.0547114126079754e-5	-7.660677105690572e-7	-5.929605222630696e-6	-7.521058970928751e-6	-9.426423400529793e-6	-8.3720975031093e-6	-6.37798516257837e-6	-3.958557657016137e-6	-1.1772305135923644e-6	3.1213963705423176e-7	1.5562442827465883e-6	7.00918327285055e-6	3.2403073280118377e-6	5.30217959381768e-6	3.411525619292921e-6	3.672334788692999e-6	5.4717108665183756e-6	-6.380863719346319e-6	-1.9816163683919474e-5	-1.5245557095401596e-5	-9.209213795192961e-6	3.4772017079923168e-6	-1.3901557856244029e-5	-1.3495109435317232e-5	-1.3466060406509828e-5	-1.4414459209577402e-5	-2.6685321704092435e-5	-2.1379916066710525e-5	-3.292473065019674e-5	-3.0891098056276545e-5	-4.283728211561255e-5	-3.9720069681253856e-5	-3.236169470420547e-5	-3.48248220625319e-5	-2.2893494825565464e-5	-9.791764838187889e-6	-1.4336764197694918e-5	-4.856180561840784e-5	-0.00014944140217833246	-0.00023505911410023894	-0.0004087839420262307	-0.0004053301769744999	-0.0004250139563205524	-0.0005429509099263985	-0.0003017416633395442	-0.00030272840441034066	-0.0004897792393009082	-0.0005076338568249517	-0.0003336176820911696	-8.00996335231785e-5	-0.00016676879061733318	-0.00023855745937689798	-0.00027207625909186905	-0.0001504451381181826	3.027580790238016e-5	0.00018662415363079887	8.838971221614145e-5	-0.00011510240243567393	-0.0002719042981220998	-0.0003149009351888221	-0.00031147867054701073	-0.00027802082684658114	-0.0002587926921371331	-0.00020538995851304698	-0.0001467774925038856	-0.0003953093733431723	-0.000564815520742723	-0.0006344165340635421	-0.0006078962420247302	-0.0005489991143983741	-0.0004727136737603388	-0.00036230476084531116	-0.00029244905759215345	-0.00022770324905121986	-0.0001906979001792264	-0.00013849929016152007	-0.00011714975777649128	-0.00011086938225129961	-9.312899843655353e-5	-9.160589604581548e-5	-7.224257433588455e-5	-6.581558215090766e-5	-6.233944567154981e-5	-6.498091995044142e-5	-7.876680210849862e-5	-9.437101490886168e-5	-0.00010520867814098334	-0.000107962516964627	-0.00010724068985265567	-9.486427702404265e-5	-9.496187581940763e-5	-6.11755871654518e-5	-6.116639096262477e-5	-4.883228695538866e-5	-3.9349403726726684e-5	-4.683372830174837e-5	-6.157897000473589e-5	-7.183969239800414e-5	-8.003502591572009e-5	-9.765281790662106e-5	-9.184890261554335e-5	-9.630210149290386e-5	-9.859046955565387e-5	-0.00010422026089362824	-0.00010589663044027753	-9.878623093151351e-5	-0.00011014634625390596	-0.00012744531233295497	-0.0001237885174140002
-3.3194947441847478e-6	-7.06020081265267e-6	-8.377720175575809e-6	-5.098289954270918e-6	-7.43368880990955e-6	-1.0767764989112055e-5	-5.084144910627586e-6	-9.969210786747729e-6	-6.191595359247154e-6	-9.26943336540878e-6	-1.1163265136501094e-5	-9.729186044044741e-6	-1.4613666722042284e-5	-9.297755436659533e-6	-8.28138610204504e-6	-3.2681406951333425e-6	-1.4940070122877736e-6	4.085184339246151e-6	8.277530950170225e-6	1.1862288495229079e-6	-1.627697542722073e-6	-5.558894273713366e-6	-6.585499832088837e-6	-1.0385911423417549e-5	-8.139216839571362e-6	-4.284534424296715e-6	-3.145727493596151e-6	-3.3007440097126972e-6	1.1197114199376634e-6	4.345736010630263e-6	3.733598716651465e-6	4.433443629575651e-6	7.083853902772885e-6	4.552550827638391e-6	9.756216017356434e-6	7.27986247672785e-6	-7.243978095324011e-6	-1.3623612871507818e-6	-1.0985888847930836e-5	-9.61797481935367e-6	-6.539705300727394e-6	-7.20581580515578e-6	-1.508797373064169e-5	-1.795019861916547e-5	-1.5807371687645566e-5	-2.3260100442956677e-5	-3.094139853186684e-5	-3.263582763410322e-5	-3.111284450560414e-5	-2.9467870201263513e-5	-3.497544051253576e-5	-3.553170127915117e-5	-2.77035696900213e-5	-1.7375250543905096e-5	-7.154211034351987e-6	-3.521402245319771e-5	-0.00012738331656853008	-0.00022355381001232244	-0.00035699492190524595	-0.00047228320646658384	-0.00039503784791949936	-0.0005272900627413535	-0.0005208422950743474	-0.00033049251269706703	-0.0004549487652924511	-0.0005837682420795076	-0.0004148166489123528	-3.358313627188636e-5	-9.975961029473623e-8	-0.00024166212000270582	-0.0002795201006419723	-0.0001901845347873632	-2.1308692657595607e-5	0.00019649361998608228	0.00011793105554602779	-7.707911782797727e-5	-0.0002450111120932963	-0.0002952408434918341	-0.00031629724880910537	-0.0003113284846936737	-0.00026311335488832244	-0.00021856526571245594	-0.00016522887658770857	-0.00031848842573650726	-0.0005316650114953192	-0.000611271749363651	-0.0005963110040474451	-0.0005664492139234589	-0.00045755739041392074	-0.00038624474278659005	-0.0003079122243634935	-0.00022429667932005737	-0.000189092439623062	-0.00014543254404572603	-0.00010907573889246125	-9.574465352490957e-5	-0.00011502016136408222	-5.973289354463396e-5	-4.621286209607889e-5	-6.938902794365043e-5	-5.681705323237751e-5	-4.645803056493869e-5	-7.195682634811296e-5	-7.88529181186548e-5	-0.00010887552361407704	-0.00010159347321736512	-9.636048794829655e-5	-9.976585638345192e-5	-8.354647811244231e-5	-7.592863295567687e-5	-6.994942710995822e-5	-5.7002740201650415e-5	-5.43404644198775e-5	-5.2993542713764e-5	-6.332204292164301e-5	-6.510279294824617e-5	-8.237841398611723e-5	-8.779749822128424e-5	-9.456334803745192e-5	-0.00010882989604985016	-0.0001152978905925861	-0.00011428895373491454	-0.00011539124907325449	-0.00011409369868146946	-0.00010672863634542118	-0.0001080723889285845	-0.00010029720109994145	-0.00010873909953891536
-1.8803470065720251e-6	-2.9136744828916344e-6	-1.909438319264156e-6	-3.868206211073144e-6	-8.345895589206842e-6	-9.138912500025742e-6	-6.375653856856983e-6	-5.4500333282817e-6	-1.0103263982808725e-5	-1.0660365006107814e-5	-1.2741786792336285e-5	-1.0540841203360296e-5	-9.528702967723929e-6	-8.554701001403653e-6	-5.515702911768061e-6	-2.541315682197398e-8	8.76813975158458e-6	5.157365420144222e-6	9.272929646364503e-6	5.461493616295415e-6	-2.542494752059976e-6	-3.544553973250375e-6	-6.549011007973837e-6	-5.25537892284017e-6	-6.242172577441973e-6	-5.385390484252683e-6	-3.813824798505616e-6	-4.3158347989152857e-7	1.3967624799826606e-6	1.0725622321718087e-5	1.094749779110421e-5	1.098622440850322e-5	8.304870463202163e-6	9.733577875994937e-6	1.1569546319242785e-5	1.8125892497014573e-5	-5.584466266153609e-6	-7.44885923775751e-7	-1.616797949861859e-5	-1.0905461646573689e-5	-1.1797124692056182e-5	-8.15493506056697e-6	-3.0879888490015217e-6	-2.928163354148916e-5	-2.941139302589657e-5	-1.5234737299821277e-5	-2.302526333659849e-5	-2.4087564625199787e-5	-1.929834981054257e-5	-2.580472836279102e-5	-2.7880602557553424e-5	-3.119373466128894e-5	-2.535462508349018e-5	-4.555239649026155e-6	-8.408554885361297e-6	-8.07232492655574e-5	-0.00021871281695451383	-0.0003585801534172761	-0.00039315863932520845	-0.00046736098281360827	-0.0005383185217033848	-0.0007372421011349328	-0.0003805537005310833	-0.0003595331671268909	-0.0005377914303120179	-0.0006321175614193431	-4.819014111367981e-5	0.00013828155634443284	-0.0001158224861505519	-0.0003048693545879	-0.0002291581811461607	-6.582063453303144e-5	0.00017008182189026666	0.0001925725854820537	-1.7767788108857818e-5	-0.00022387329186648874	-0.0002940278706273225	-0.00030235230551872716	-0.00030712566170820743	-0.0002688422878413532	-0.00024143428142137102	-0.00018055134210631651	-0.00019130649321630333	-0.0004992521240171355	-0.000576833186251291	-0.000606703398457753	-0.0005667419571836474	-0.0004896505987131428	-0.0004230979672517621	-0.00034205616204069367	-0.0002673141612577479	-0.00022453195119148672	-0.0001665889778554308	-0.00011229856454464393	-0.00011640992423483931	-0.00010146643724881499	-5.1658918028690826e-5	-5.8926767545347536e-5	-5.790001724598204e-5	-5.689827515392709e-5	-5.3205814320306244e-5	-6.761802489457791e-5	-7.412334634970819e-5	-6.849561065905285e-5	-7.816223362988595e-5	-8.69260360306795e-5	-9.026186157008731e-5	-8.51111119515996e-5	-5.58733647456483e-5	-5.9800910967924836e-5	-4.416503187470999e-5	-4.24340868433043e-5	-4.32578354647023e-5	-5.942028878484773e-5	-6.116885860676935e-5	-7.19980379568913e-5	-9.037587518634371e-5	-9.859576479906429e-5	-9.604273864920188e-5	-0.00011826173829283804	-0.0001227780019579655	-0.00012400876115911674	-0.00011867678064228504	-0.00011261106088421291	-0.00010828867099896278	-0.0001125821853277531	-0.00011223033028091856	-9.509704438845357e-5
-2.4066336488763607e-6	-1.3794873446673628e-7	-6.05122668553143e-6	-5.648642632197914e-6	-7.219572704421362e-6	-5.48878949018991e-6	-6.357372852976162e-6	-9.253022339224953e-6	-9.876597424022387e-6	-1.0904758270414289e-5	-1.095294075706063e-5	-1.1331539547833336e-5	-1.2392124544395589e-5	-9.194772493305997e-6	-2.024625584372275e-6	5.158563463544819e-7	-3.0076860598436672e-6	8.418146821981276e-6	-3.450625202239266e-7	-2.76029063972158e-6	-2.412797609277484e-6	-6.968418355367267e-6	-5.27576300788507e-6	-3.7673537249885425e-6	-4.743624113304201e-6	-2.0978986776942765e-6	-9.698990742490476e-7	8.812110654891903e-6	1.1514993060630918e-5	8.266379117674583e-6	8.009358692766255e-6	1.0006948069664345e-5	1.2320229472034816e-5	1.1420564472418293e-5	9.454715656220802e-6	8.167219071181231e-7	-4.124287174799013e-6	-4.146459109226341e-6	-1.5401851343778417e-5	-1.049458100716577e-5	-1.5198146560702064e-5	-4.3957404990274673e-7	-2.1436845354383394e-7	1.1107759677331241e-7	-1.2946154565041113e-5	-1.95934154317845e-5	-2.3947841322827235e-5	-2.7502414408353548e-5	-3.354038292761874e-5	-4.512966714741162e-5	-4.7712219375037335e-5	-2.2499924015942363e-5	2.628372779839294e-6	1.399831856332967e-5	-5.73075050955274e-5	-0.00018930615213429147	-0.00033912555597905014	-0.0005095635762300543	-0.0005248346505656865	-0.0004038861389429882	-0.0008759009663406037	-0.0003986546249362677	-0.00024412915699406623	-0.0005520865448832568	-0.0005321526682852684	-0.0001971220192284462	0.00021998486799540418	-8.768359302524509e-6	-0.00022804576369633844	-0.0003005819855170233	-0.00014884961319072687	6.906312327581432e-5	0.00024005935260473787	3.635652542910428e-5	-0.00018496684435834188	-0.00027519251417570945	-0.00031238515680459544	-0.0003168121927993317	-0.0002782621702501764	-0.0002418923741864809	-0.00020820079167649386	-0.00014427344735556957	-0.0004354972545778102	-0.0005415832669483645	-0.0005914273064344666	-0.0005646199436812327	-0.0005106747273317391	-0.00044352780562834093	-0.00036683505191814625	-0.00030728526927842337	-0.0002340197089931162	-0.0001657874185156949	-0.00015686133598633023	-0.00010375209372193162	-7.652278550401848e-5	-6.945382420228685e-5	-4.8220696099304794e-5	-3.923487619864052e-5	-7.166906174430054e-5	-5.4610847094460624e-5	-4.051473783198145e-5	-5.0415060581093796e-5	-5.473751226586776e-5	-6.253643002746001e-5	-7.557952310874305e-5	-7.417711518804826e-5	-6.92194782395128e-5	-6.003500539579487e-5	-5.610200888919725e-5	-4.344029042729902e-5	-4.328897808790477e-5	-4.869041476431024e-5	-5.2598684956162156e-5	-5.627372157666899e-5	-6.422742762982048e-5	-6.488312166187671e-5	-7.638785003843962e-5	-0.00010471382116440664	-0.00010662834113925324	-0.00011788033982100543	-0.0001287818419612452	-0.00012581565780531156	-0.00012232485857577302	-0.00011622730772611889	-0.00011073489889802668	-0.00010855408694339375	-0.00010771630440907509	-8.830463378746434e-5
-2.678850793535331e-6	-1.3707234674566193e-6	-3.159785530015141e-6	-6.397869701472297e-6	-5.653713174708086e-6	-7.692756479570073e-6	-6.474797098216661e-6	-5.929462378994471e-6	-1.031686238175955e-5	-9.533694634526052e-6	-9.485364967434795e-6	-1.0190038374734145e-5	-1.0051331511898298e-5	-6.1096266934512755e-6	-6.609659922249961e-6	-3.981431070249064e-6	-1.5523921124277473e-6	8.977193988179977e-10	-1.16171585155464e-6	2.193525309307498e-7	-2.5500977197945307e-7	1.833008571316963e-6	-4.8036943346707606e-6	-2.118574413123575e-6	-4.881547640070427e-6	9.778023659853807e-7	4.921735761997947e-9	1.317373293785451e-5	1.2956663736699014e-5	1.341673029186391e-5	1.680181926748403e-5	1.547990847918651e-5	1.13413212198335e-5	1.604319053907094e-5	4.222923009541968e-6	3.1438420660181987e-6	-3.822062024511075e-6	-1.6747964235071244e-5	-7.299606882490983e-6	-3.8703063106812485e-6	1.6216574524191563e-6	1.0267076902201189e-5	-5.214532148092865e-6	-3.921588531338727e-6	6.825486356665245e-7	-2.079201177548895e-5	-2.482036819996536e-5	-3.649511465600441e-5	-2.4826703193259192e-5	-4.385208125443074e-5	-3.1884440834101246e-5	3.5554263526360597e-6	3.799811485426241e-5	-5.390284572859283e-7	-0.0001412761346710617	-0.0003167857599503665	-0.0005220092457250414	-0.0006239704933297396	-0.0004479515911849641	-0.000712106291902298	-0.0007802058261605072	-0.00026391491856486704	-0.0003018367196808147	-0.000426801931470433	-0.00035076390576815886	0.00022492258056061587	0.00010579656942177884	-0.00013185322408557076	-0.0002627268671714922	-0.00020767330129872752	-2.774566817617674e-5	0.0002489809595475345	0.00010418468822034899	-0.0001752834140854309	-0.0003107778509363335	-0.00030602044769761916	-0.00032555814164295094	-0.000311864479553281	-0.0002568089794638406	-0.00022397451081290765	-0.00016129132317938	-0.00035099566916135805	-0.0005005742435143512	-0.0005598630760383916	-0.0005646343635701268	-0.0005390862192408696	-0.00047045154664276945	-0.00040979225221504656	-0.0003233601494206928	-0.00027623129044557215	-0.00020880030777298275	-0.00016038557634767692	-0.0001370947452783433	-0.00010300773905722038	-8.550503621113092e-5	-6.500854975860504e-5	-7.064042059634623e-5	-3.681148051312699e-5	-3.767758457659531e-5	-4.3890342749097755e-5	-4.698072876910264e-5	-6.826897337372517e-5	-5.706807856137308e-5	-5.505854452914072e-5	-7.62928457388734e-5	-5.859255788887019e-5	-5.248532294541142e-5	-4.2958384245672665e-5	-5.1281098508229594e-5	-2.5844229100541183e-5	-2.161284172463862e-5	-3.2771259664277075e-5	-4.0543171033954883e-5	-5.293219530223825e-5	-6.176837687166259e-5	-7.271776496925453e-5	-8.682959191062822e-5	-0.00010395059704508547	-0.00010449041263314862	-0.00011861854163838781	-0.00012728367622047432	-0.00012170604042800737	-0.00012596755236127244	-0.00012568249392608255	-0.00011538805284525	-0.000112371649528889	-0.00011097773307960912	-8.962092569800295e-5
-2.3783522352070763e-6	-2.3087562135530593e-6	-5.2067389028770394e-6	-7.37035866366087e-6	-6.036927414129062e-6	-8.715255622217255e-6	-9.866920377531868e-6	-9.85410944466178e-6	-1.0449753855192728e-5	-9.822462396398557e-6	-1.537314085709937e-5	-1.172581237836312e-5	-8.84993657133612e-6	-7.259092144659002e-6	-5.137088400063855e-6	-4.5165027317065065e-6	-1.8620600395792553e-6	2.4938089245550576e-6	1.6740512513539751e-6	-5.096250027883387e-6	-3.4628620500590235e-6	-4.5565385232287925e-7	-3.1788303543264784e-6	2.930521493874072e-6	1.7702132077898614e-6	7.154488590108143e-6	4.6992119397126775e-6	7.774008216679396e-6	8.604270182628604e-6	1.984260249599662e-5	1.139573841107272e-5	1.2076196162849606e-5	1.6878682696300218e-5	1.1221079404197254e-5	9.877637444956344e-6	4.0377228470445115e-6	-6.910878661871289e-6	-1.0128354860534927e-5	-8.045339568163445e-6	7.808714612422829e-6	2.927258587435977e-6	7.325251516476783e-6	1.1118711203475518e-5	5.06367951041975e-6	-1.0901387214809488e-5	-1.752300886857794e-5	-2.2520571562115177e-5	-3.374951685307381e-5	-3.7303595542409473e-5	-2.5737049210577956e-5	1.750058431504442e-6	4.99773681640614e-5	4.825922105509972e-5	-7.330530605274832e-5	-0.00026869680092023174	-0.00046534671407048867	-0.0006267430606617108	-0.0005915483836278768	-0.0006475249373152914	-0.0008505579140311026	-0.00027118445943691283	-0.00015805807617591539	-0.000380123237574137	-0.0003246214018079452	5.046968919175665e-5	0.00020019798752796136	-7.637982260555454e-5	-0.0002746040916358494	-0.00026846673972444335	-0.00011802548305003824	0.00013073476329283906	0.00016981926932377323	-0.00013041733491758745	-0.0002875283735062628	-0.00031912523838772966	-0.0003316958101413914	-0.0003122170859522211	-0.0002754748274109986	-0.0002335689454346923	-0.0001816685343825064	-0.00023916306435278756	-0.00047407510642832884	-0.0005473458925681074	-0.0005543411779954099	-0.0005449071055485533	-0.0004954936027451451	-0.00043105529128756315	-0.00035155616265325484	-0.0003046634125536407	-0.00025114410984877766	-0.00019566250095831572	-0.00016249900296888553	-0.00012901177738958158	-0.00010981789913197537	-5.016214223510507e-5	-4.545038824466108e-5	-6.396075726347594e-5	-3.110986511803415e-5	-5.42242401153914e-5	-6.139789848411126e-5	-3.5638128732806695e-5	-6.935293268492404e-5	-7.620969176905246e-5	-6.006688419227246e-5	-5.390418797088237e-5	-3.877190018694576e-5	-3.58362872796697e-5	-5.021819657162474e-5	-2.9844912348767072e-5	-7.65153565507326e-6	-1.2158652990673646e-5	-3.82198537141748e-5	-3.0780474740213504e-5	-4.7419059781214634e-5	-7.234513444039081e-5	-8.101808828854529e-5	-8.699253665513107e-5	-9.277443613689429e-5	-0.0001170680002590685	-0.00012403355469439714	-0.00012923093693252563	-0.00012705418423082648	-0.00013490198324736524	-0.00012412088717939085	-0.00012212385074560073	-0.00011723362840394824	-9.225298693363304e-5	-0.00010748369859078788
3.858762268049709e-7	-2.5693444767604934e-6	-7.0442049003756335e-6	-5.455995356028198e-6	-6.438519422474753e-6	-8.10235098415088e-6	-1.0028892321635452e-5	-1.010768183561106e-5	-1.213543317484661e-5	-1.1134947131008488e-5	-1.4938714328061042e-5	-1.2595970273754364e-5	-1.038449003436942e-5	-8.544064707041027e-6	-7.343791915727371e-6	-2.5478555897018307e-6	-3.87695816205999e-6	5.38031804438871e-7	-3.3842557662505657e-7	-8.247948764944502e-7	-5.868564098218676e-7	4.556828005208846e-6	-4.4156426562066975e-6	6.2751518391246375e-6	4.777981938049181e-6	2.817222366849337e-6	1.1136720885762674e-5	1.4426430969965987e-5	1.2051856366178393e-5	1.986381165889478e-5	1.4832001729234157e-5	2.2671820475682336e-5	1.1644682071897117e-5	1.9931865945059524e-5	2.3298214486128233e-6	-7.1735797640623544e-6	-2.2772094539907917e-6	-1.9113600676148867e-6	-7.14635598961233e-7	1.1100888003962028e-5	5.102791019589992e-6	8.399501797221043e-6	5.848352401319201e-6	-2.8720504707119288e-6	-9.312947548550943e-6	-2.8324360001538706e-5	-2.4499759859741843e-5	-2.994706696166083e-5	-1.1569309963169183e-5	-5.730693697358902e-6	3.812080317210087e-5	7.38557598325279e-5	1.82946778386206e-5	-0.00015718874552678175	-0.00042288201477884424	-0.0005934197794613127	-0.000602803462528001	-0.000550547214154401	-0.0007943687027611723	-0.0005635340154588886	5.721870026398346e-5	-0.0001529231580775503	-0.00035917490336101476	-0.0001559288310450102	0.00022966433659357688	7.186354376159665e-6	-0.00020903697392840592	-0.0002702042430947904	-0.00018724342822767914	1.6408246289456585e-5	0.00021049486589527766	-8.224835526191021e-5	-0.000298335516447229	-0.00035050256967650295	-0.0003457994199144998	-0.00034319878319463704	-0.0003197558580761428	-0.00025417806748251337	-0.00020176357546503043	-0.00012063216311281044	-0.00039455838336116544	-0.0005021278510174143	-0.0005631599288465072	-0.0005732874244768205	-0.0005602800428466947	-0.0004464288357389212	-0.000392954531761025	-0.000335234695905684	-0.0002759955762196564	-0.000227295530487448	-0.00018959837823004366	-0.00016540095681971678	-0.00012500253436520392	-0.00010042681746966209	-6.427484846444065e-5	-6.710468335516251e-5	-2.6105589044644884e-5	-2.9749269454121263e-5	-3.467266621384746e-5	-3.7044351960946464e-5	-5.979562548233397e-5	-6.0887592710778815e-5	-3.6394390105776164e-5	-4.7709418880825805e-5	-4.621325891407402e-5	-2.9226835795287398e-5	-2.875019449941063e-5	-2.3917484746199813e-5	-2.033371192776412e-5	-8.909387984312733e-6	-1.829948952786209e-5	-2.462649875689671e-5	-2.2177377122234443e-5	-4.804355047474673e-5	-6.689575000710934e-5	-7.425089839849242e-5	-9.677137563501859e-5	-0.0001037934300139598	-0.0001138619342040681	-0.00012484288776370978	-0.00012349310267965874	-0.0001297217281509555	-0.00013225227228456926	-0.00013381384867360013	-0.00011677248252552064	-0.00010311596520228006	-0.00010515511096424734	-9.916833738736475e-5
-2.8944836978628263e-7	-5.311456298656009e-6	-5.192129278602797e-6	-6.693263022820861e-6	-8.026977249119688e-6	-1.0363570895552399e-5	-1.0258400032214787e-5	-1.0808251808738095e-5	-7.740065370315935e-6	-1.4061970717623579e-5	-1.4622954268902338e-5	-1.1604854718242491e-5	-1.220872957851532e-5	-8.037605140915477e-6	-3.2143669778834927e-6	5.400278206384168e-6	4.724260804604696e-6	-5.513355343014087e-6	5.42369046809682e-6	2.9967797991400924e-6	6.890758037954303e-6	8.86094745754934e-6	3.4984851387392935e-6	3.5197495959482517e-6	7.528887994816269e-6	7.791281183590348e-6	1.2045198822738246e-5	1.2347071607320126e-5	2.071143929104069e-5	2.572724314402891e-5	1.0176585594177945e-5	1.5023102662055365e-5	2.6843647747340493e-6	8.415238449653584e-6	-6.856212646233484e-7	8.026343261899327e-7	-6.972125242594995e-6	4.9252979082356485e-6	4.47961383698986e-6	1.7834678503990398e-5	7.302375934839511e-6	1.544201290275271e-5	8.56403923471527e-6	4.089173661139811e-6	-7.373624280604396e-6	-1.8713482369606127e-5	-2.2965313461673076e-5	-2.0394619153207838e-5	-1.0166117080101511e-5	2.6858279055658185e-5	6.584495427196246e-5	6.584600811647412e-5	-7.484951352297597e-5	-0.0003288937199842634	-0.0004648620962992289	-0.000725105025935896	-0.0005376397612701089	-0.0007135406415031964	-0.0008543862319021489	-3.5196073486232216e-5	-4.757051957210434e-5	-0.0003156066163620408	-0.0003494997563927016	0.00011929853155692727	0.00010571944578444126	-0.00017368356752811565	-0.0002939287311806704	-0.00022876241265873398	-8.773352487209674e-5	0.00016549073309640727	6.057387664376579e-6	-0.0003201925508587722	-0.0003878518166355871	-0.00038414095038588614	-0.00038421128258081527	-0.00033108586185159883	-0.00027940789005392874	-0.00023255229339436134	-0.00013960737947626978	-0.00029588844395467273	-0.0004386476837141273	-0.000510400315761883	-0.0005724255162757597	-0.0005489657860235919	-0.0005015000979595452	-0.0004266385075085699	-0.00037686586490393026	-0.0003020183929336451	-0.00025504648306501343	-0.00021897126906839093	-0.00019559159413623517	-0.00016188789458276842	-0.00013524029118805458	-0.0001089635001151612	-8.886705824343033e-5	-6.513766522692199e-5	-5.600141010642101e-5	-3.75470921715193e-5	-3.622625853808015e-5	-6.195636668634985e-5	-6.706785951257621e-5	-6.091753620637852e-5	-2.1092593817384486e-5	-5.3415449147165006e-5	-4.408961910840059e-5	-1.868309760372222e-5	-1.882595208196891e-5	-6.2889905956542425e-6	-1.5810689346293372e-5	-8.871525476045194e-6	-3.1508248701100916e-6	-1.391742298663401e-5	-2.4773411403875012e-5	-5.704309312230815e-5	-5.601138151380136e-5	-8.520500711234336e-5	-9.43063075548034e-5	-0.00010237592566221532	-0.00011866208861864569	-0.00012376362413211994	-0.00012591073691482768	-0.0001324966980749409	-0.0001416803881246903	-0.0001386795105834393	-0.0001236011163210926	-0.00010151688192329422	-0.00010673153224942389	-0.00010157923113762735
-2.4555620666173728e-6	-2.7004464745079837e-6	-4.746836333290733e-6	-9.112773198798746e-6	-9.879725347290008e-6	-8.798053160573999e-6	-7.482717516351517e-6	-6.432163287238557e-6	-1.2007161757920937e-5	-1.4783767200883535e-5	-1.0168716996911131e-5	-1.1773451679721048e-5	-9.41678077745825e-6	-2.8536247258410807e-6	5.2833760044897204e-6	-8.252301023515402e-6	-5.1574670640978926e-6	-5.572168974062736e-6	1.221473958220795e-5	-3.5706160250725816e-6	4.3308564200150723e-7	5.669604325950206e-6	3.2346949554659665e-6	-1.5238000748360458e-6	1.1007920378176828e-5	9.415108124556648e-6	5.9350126809659676e-6	1.8263530878609435e-5	2.250744133170529e-5	2.280439888573821e-5	2.0862088098705378e-5	1.409981343920147e-5	1.1439065298289586e-5	7.140796200871824e-6	-8.45102362655864e-6	-3.443097586555699e-6	-1.480698701671057e-6	3.674069512168976e-6	1.2332073838668134e-5	1.846734353980195e-5	1.606751190430522e-5	1.0537302367469303e-5	2.1021097189322102e-6	-4.796803145662443e-7	-1.1765026886739749e-5	-2.404160312670378e-5	-2.3581424356614034e-5	-1.5236545749044983e-5	3.1645205119529285e-6	5.5108746342333315e-5	8.941112932502049e-5	2.6978983283520996e-5	-0.0001838549234731146	-0.0004519126034756987	-0.0006894304137999852	-0.0007745083112180307	-0.0006091766327487314	-0.001053974273308722	-0.0002927969281960041	5.395542302874534e-5	-0.00023774422101136006	-0.0003955677820889625	-0.00013597110850444016	0.0001818606333234274	-9.92564364032944e-5	-0.0003291940353124245	-0.00028992634898764025	-0.00020439764247467962	7.67811378712957e-6	0.00012671916684373064	-0.00027741470145364877	-0.0004070464906975879	-0.00042234285079628675	-0.00043081421242929796	-0.0003796188819023272	-0.00031878402912202675	-0.0002604613638483577	-0.00017709082247505115	-0.00022103916787197253	-0.00037593991288054074	-0.0005050705925539745	-0.0005466564484066239	-0.0005514784766000314	-0.0004899167443256358	-0.00048762681826436394	-0.0003978792013741017	-0.00032895999726306746	-0.0002911552704661091	-0.0002406494968576478	-0.00020716443751428448	-0.00018425842232203116	-0.0001552796259629563	-0.00014237787381368716	-0.00011194902643785198	-9.013308545705034e-5	-7.730206232070547e-5	-7.44075330863514e-5	-5.656537087686542e-5	-6.366303751531577e-5	-6.228294572793724e-5	-5.340354677571546e-5	-4.6850748107452045e-5	-4.160854820411952e-5	-3.640144175670601e-5	-2.3587846086081665e-5	-1.4775119062254705e-5	-2.576417811733789e-6	-1.6063758396384076e-5	-7.875687949021604e-7	4.071994477716778e-6	5.968890746249622e-7	-3.411339895460774e-5	-2.5726737363715446e-5	-7.0046836169943e-5	-6.744300430627792e-5	-8.169210967412521e-5	-0.00010869542137019461	-0.00010568162122324976	-0.00010937589375870083	-0.00011029336840530368	-0.00013002017865137994	-0.00013816821710192773	-0.0001302500197541273	-0.00013457342987362175	-0.00013051016756020217	-0.00011538094264740284	-0.00010943624153582354	-0.0001141461957506612
-4.907196610864917e-6	-4.497442999615298e-6	-5.779171358046703e-6	-9.498071003744696e-6	-8.089588027226924e-6	-6.310235266173553e-6	-6.419522032008462e-6	-8.598011896638474e-6	-1.3435991414508658e-5	-8.61364907352169e-6	-1.0990459573239492e-5	-1.1640464796496691e-5	-8.879650487125801e-6	-6.198725614834505e-6	1.9991530674813573e-6	7.76940361005285e-7	-1.735828820091656e-6	3.1539576722874885e-7	2.3204224999795464e-6	3.051318963123717e-6	4.344633919121932e-6	1.9698815061780506e-6	1.0048205214933936e-5	3.887155896643846e-6	1.248722588005624e-5	1.4112117507555921e-5	1.7393229326430337e-5	1.80694440530052e-5	1.8699032665152326e-5	2.453316412867612e-5	2.075488110368784e-5	8.104411239329146e-6	4.9009499800481415e-6	6.278191942016287e-7	1.0325724650317447e-7	1.065686167783797e-6	3.115763398155169e-6	1.4367003680487711e-5	6.817672511608142e-6	1.6828696639339946e-5	1.681487089323641e-5	1.0282289342883333e-5	7.2499937910780465e-6	-1.2308036534403044e-6	-1.0294032336613523e-5	-2.0914241475808448e-5	-1.873231929815089e-5	-8.823183069578411e-7	3.279510452265655e-5	5.4831670887739437e-5	7.82334440285748e-5	-1.3135005236253328e-5	-0.0003330436382405211	-0.0005786795868878425	-0.0007874987684522439	-0.0006433091385982248	-0.0006493671008897528	-0.0005943034692840188	7.590274762880878e-5	-0.00010356466986077839	-0.00036291809184588186	-0.0003336741343298866	0.0001379611702656547	1.6896794293591588e-5	-0.0002757429853027238	-0.00035247742224964185	-0.0002587892747318854	-0.00014263109356787984	0.0001585159824582516	-0.00012474297419670655	-0.0003870851382481444	-0.0004567926527483668	-0.0004510177062551357	-0.00041697319208555683	-0.00035341797413948606	-0.00028684616097326976	-0.00020973178489064326	-0.00013193520494864108	-0.00031938676746737227	-0.00046317608385845754	-0.0005185178783735644	-0.0005303312368247493	-0.0005009340186580558	-0.0004543190216393933	-0.00039604161746961686	-0.0003383956916763742	-0.000311615544566074	-0.0002828196422714757	-0.00023637784871827217	-0.00018805105259436794	-0.00018430751716480565	-0.00015450256525550987	-0.0001429169413022513	-0.00012281283412116095	-0.0001033571795858168	-8.419930334555015e-5	-8.460261788009737e-5	-5.992306477409226e-5	-5.9556305199992554e-5	-7.151058174434399e-5	-5.286574346688444e-5	-4.5835670328675526e-5	-6.32233891975642e-5	-4.007188678101237e-5	-5.561640557816272e-5	-8.715409036824662e-6	-2.225422320381587e-5	1.94310756720939e-5	2.6386490648705463e-5	7.926088171211765e-6	-8.44162955683514e-6	-9.680707841255853e-6	-4.369104036894278e-5	-5.7679306209729164e-5	-7.186343100457071e-5	-8.122435233084979e-5	-9.580946604657858e-5	-0.00010623341074010584	-0.00012408732136433287	-0.0001243899568851431	-0.00013476523933256268	-0.00014397392783180307	-0.00013203772168506045	-0.0001259900734087993	-0.000121107244241761	-0.00013787100909719296	-0.0001231947237365777	-0.00012823482401815023
-2.4434398731773554e-6	-4.078675060453091e-6	-6.602594176691873e-6	-8.867397918374542e-6	-6.175773867994616e-6	-7.224577110599012e-6	-7.396725376293545e-6	-8.521104015533215e-6	-1.334266627305708e-5	-1.1215874691668237e-5	-1.3723680124168997e-5	-1.1104327635354239e-5	-8.27671508803543e-6	-6.754077006877746e-6	-1.8805405366598138e-7	2.9981708305273913e-6	-7.360884362976605e-7	8.510667214370327e-6	-7.794152693044176e-6	-3.844345631762169e-6	4.963665112614479e-6	1.6875178554878745e-6	9.251878234882438e-6	8.04371434910689e-6	6.375181415760323e-6	1.4122562711285647e-5	1.632988178273259e-5	2.2146236125335228e-5	1.789596736859883e-5	2.3812503618242387e-5	2.442388847591348e-5	9.414036390709146e-6	7.893616316145824e-6	1.3694111491470429e-5	-2.966731678030743e-6	8.903085517084075e-6	1.352047868195122e-5	7.2564073890293845e-6	8.920392636363461e-7	6.512298838211306e-6	1.1225039994733343e-5	1.143195022153265e-5	4.636401939456247e-6	4.2729383399608967e-7	-2.0582538494753888e-5	-1.747139650835894e-5	-6.633168406905421e-6	1.0592537047146577e-5	2.5631926052135934e-5	4.643052327162056e-5	7.863814417349846e-5	-0.00015548169197444894	-0.0003957532901648769	-0.0007024098512033172	-0.0008030918464962955	-0.000555886820949314	-0.0006732745394186224	-8.230819021140534e-5	3.300626048516331e-5	-0.00027908994776684737	-0.00043039288062304837	-0.0001328819823273597	0.00017840235365385038	-0.00018079937286891168	-0.00038448232878712796	-0.000298944738321566	-0.00021032453990238453	-1.1938269383476863e-5	7.084403159593466e-5	-0.00037857768352481114	-0.0004791184571480145	-0.00048501433771996894	-0.0004788314037808272	-0.00041830779942339524	-0.00032758844031519074	-0.0002585090366595544	-0.00016609886426335874	-0.00024790858602075083	-0.00038646503098399565	-0.00048069643751591506	-0.0005342534661195719	-0.0005305161344948406	-0.000476031254345588	-0.0004422873417335438	-0.00036232109760364617	-0.00029697243362353243	-0.0002803126415880375	-0.00024057052790821265	-0.00020791521282426118	-0.00018939976757087473	-0.00015855271089104672	-0.0001457696918900908	-0.0001433896491126463	-0.0001213816829166714	-0.00011616099141603664	-0.0001003837399489449	-8.70613520512209e-5	-7.97929148969867e-5	-6.409259841605452e-5	-6.151787412811416e-5	-7.294814275207728e-5	-6.660047730325247e-5	-5.169174983887803e-5	-3.5364510798940874e-5	-2.3097257613458044e-5	-1.4817151412077623e-5	-4.862325819754432e-6	1.631129259438424e-5	5.999502110387578e-6	1.340297881360919e-5	-2.553140424771394e-5	-2.01094208559377e-5	-2.7132994202122562e-5	-4.8541868224658e-5	-7.287351061133207e-5	-9.554599841345157e-5	-9.226880219072309e-5	-0.00010926893287757644	-0.0001083956264590763	-0.0001147752498511373	-0.00011746388041931899	-0.00013623938348999998	-0.00013384284457650109	-0.00012277399799934252	-0.0001267996244027486	-0.0001266827625873851	-0.00012226384293011205	-0.00011855355672857337
-3.6800494292513197e-6	-5.741150285211438e-6	-1.1340948525336708e-5	-8.564204575546575e-6	-6.48465818802596e-6	-4.068611224837537e-6	-4.996322908353001e-6	-1.4925352620487331e-5	-1.370981778624214e-5	-8.952051339800038e-6	-1.0742484918106754e-5	-6.264742685117147e-6	-3.4379039870989503e-6	9.535894209683482e-7	-6.9722461311372275e-6	-2.254117302969566e-6	4.221337092814165e-6	-1.070925900042985e-5	1.0515876906237731e-5	6.504726770238667e-6	6.7191548549019875e-6	9.13877426424875e-6	6.141005672727351e-6	9.866902759246565e-6	1.3723438618135075e-5	1.980227722249428e-5	1.5675478493362704e-5	1.902090247460353e-5	1.0068374085847598e-5	2.0580847681465897e-5	1.5866362585749416e-5	4.4103701810419005e-6	9.508017745525621e-6	2.1482089111041214e-6	2.2112910461058455e-6	5.4692318382509875e-6	5.018169040027498e-6	1.1859255981752637e-5	3.5413366033035243e-6	8.847303315309696e-6	7.965533614651132e-6	3.538678681677676e-6	8.196757075168426e-6	-8.29925538015086e-6	-1.3089360324791688e-5	-2.230026059646395e-5	-8.732923238718993e-7	-2.421060314033996e-6	1.809030572910708e-5	9.166633706432503e-5	4.825471294246653e-5	-0.00032044718549679996	-0.0005514395168791653	-0.0008878343980139869	-0.0005092379426127613	-0.0004745568781688858	-0.00033080937295038026	4.713669342001903e-5	-0.00013968492812085898	-0.00041027440559476824	-0.00029126128375453475	0.00013186078747992602	-2.4281865580733086e-5	-0.00036468462798200374	-0.0003647489103288104	-0.0002680235048659052	-0.0001347404371236649	0.00015086797696545196	-0.00021852262837782077	-0.0004463549170032055	-0.0005177330200840935	-0.0004854985055473271	-0.00043687966222102914	-0.0003858425710011326	-0.00028696051394480615	-0.0002051641560633921	-0.00017365453042553214	-0.00028303498433857044	-0.00041349535774559687	-0.0004982277264364843	-0.0005171889587603229	-0.0005158979753810966	-0.00045213266941165897	-0.0003997045012679723	-0.00034048899984207015	-0.00028446440298798836	-0.0002579916640564617	-0.0002239531195040445	-0.00019600497440375175	-0.00016620726930177687	-0.00014451177234031665	-0.0001423365093324025	-0.0001329104794972613	-0.0001348654369605351	-0.00012189856979719083	-0.00010571870202175093	-9.962821366504837e-5	-9.04905122188493e-5	-7.598261429764275e-5	-6.402623223267234e-5	-6.709581241298723e-5	-6.416335128142658e-5	-6.541552022287789e-5	-4.107537227016067e-5	-2.998217342800591e-5	-7.818129824088693e-6	4.5780458417243874e-6	7.905392920143361e-6	1.3209444389011837e-5	-1.3186652290941847e-6	-3.9588486568792325e-5	-1.1786232797031393e-5	-3.934265890501165e-5	-4.7176003338186834e-5	-7.946266041003458e-5	-9.619524252678369e-5	-9.341010061801602e-5	-0.00010670403579812748	-0.0001146853120283231	-0.00010994379777244656	-0.0001176472970692427	-0.00012957022824458542	-0.0001355819536502656	-0.00013136170103067446	-0.00013769025307940053	-0.0001319555250657578	-0.00012189984807155219	-0.00011125302285322491
-3.3536007629751674e-6	-6.749229538964563e-6	-1.2262987120984642e-5	-1.2228774308280232e-5	-6.9351357881268505e-6	-6.532404825398963e-6	-1.1071422099419304e-5	-1.4183786252713187e-5	-1.039067893142051e-5	-1.631566111598773e-5	-1.4594514019614785e-5	-7.219736147898864e-6	3.541437976206652e-8	-8.997617646604172e-7	-3.278914683171874e-6	-8.495769463368746e-6	1.104500605558778e-6	2.180682934574407e-6	2.402063465668791e-6	-1.6601845766184287e-7	1.2434317356140034e-5	6.073710328083348e-6	1.0248417240711627e-5	1.5139837625764707e-5	1.8759557167229157e-5	1.2138234753260313e-5	2.213451861035609e-5	1.9162803939140605e-5	3.390271570424819e-5	1.145954967203544e-5	1.8854705123583226e-5	2.6594807085722483e-6	1.4947231278227002e-5	7.450357605159885e-6	1.1304187295425872e-5	1.5010261913625533e-5	8.74358311447887e-6	-3.6791685149861753e-6	5.550787694069692e-6	3.8806458046991565e-6	1.1792468043725357e-5	1.0045773891562138e-5	4.582358797966535e-7	-1.033060681270015e-5	-4.266210865480624e-6	-1.2347938426957028e-5	-1.7074356251783884e-5	-3.068392978936019e-5	3.6846945850391166e-5	0.00013614511970051757	-5.345614142310273e-5	-0.0003956636136347863	-0.0006509194919179784	-0.0007728464634752796	-0.00032625409969108676	-0.0004756496715593861	-0.00026785484637595336	4.797641667622643e-5	-0.000299968166625475	-0.00042999793179246404	-0.00018888989331000694	0.00014424396139328666	-0.00022070203303803382	-0.000408459171433867	-0.00035169093765691217	-0.00021915859318294428	-5.881143445504722e-5	5.9663862392311806e-5	-0.00040958886672951	-0.0005183044271550585	-0.0005208383399048222	-0.0004989716669359656	-0.00044044082400315765	-0.0003429524372822179	-0.0002552110931440532	-0.00016201075637295448	-0.0002108535264791489	-0.0003184501338841794	-0.000449002274163085	-0.0004973765431633137	-0.0004895428290171977	-0.0004875925965069916	-0.00042500872829767666	-0.00037727954441124645	-0.0002948014250249431	-0.0002640973919589007	-0.00023328641535896866	-0.0001961005012887651	-0.00017518772240168734	-0.00015565719936952438	-0.00012956445812062345	-0.00013213357057811903	-0.00012455954887316545	-0.00012117523998100843	-0.00012253958264762943	-0.0001212354240436031	-0.00011225678806653372	-9.82706711144532e-5	-8.149917156072273e-5	-7.640606246653303e-5	-6.680643885315085e-5	-6.446444072993884e-5	-5.2003280154311327e-5	-5.363679986269965e-5	-4.168595807083064e-5	-1.1779193072325445e-5	-9.080652896287233e-6	1.7316508470199832e-6	1.84792220588037e-5	-3.3564709171762797e-6	-1.6163528848700537e-5	-2.6015687000502385e-5	-5.0460264222271234e-5	-6.496576280407007e-5	-7.68753702189151e-5	-8.401145556134748e-5	-0.00011349270481741947	-0.00011156083543940876	-0.00012422183290686228	-0.0001287746699638742	-0.00015103727188207905	-0.00013414350359675087	-0.0001455140381020209	-0.00013797349439174933	-0.00013999451229339266	-0.00013375765230659586	-0.0001309660593949019	-0.00014013174735177936
-7.429758034933204e-6	-5.4041246846416036e-6	-9.974762715022484e-6	-1.104056597664091e-5	-5.572968573164944e-6	-1.0994336951258843e-5	-1.4682748831866543e-5	-1.4982484653966455e-5	-1.3146639267665183e-5	-1.5212045219401699e-5	-1.160168857684829e-5	-1.2442464593365177e-5	-7.231380750281902e-6	3.978072482969247e-6	-3.172594023430342e-6	1.585435342038588e-6	-3.4824828567744937e-6	2.4883242168149966e-6	-8.551666319522866e-7	4.702101338502351e-6	9.121739821815744e-6	5.408661257581826e-6	1.1936849078630907e-5	1.8199000791606357e-5	2.2955915055140885e-5	1.5843103196543085e-5	2.1646631427445218e-5	2.68392578127441e-5	2.7907953725758716e-5	2.385972333335956e-5	1.0861000683884403e-6	1.4934639354195756e-5	1.2528287326833698e-5	1.42038762479188e-5	5.150547414782547e-6	1.1263874490248516e-5	5.996232156635362e-6	2.35156945999071e-6	4.216155419581313e-6	7.002933389427257e-6	1.748939534862437e-5	8.751245171231825e-6	-6.239583502654078e-7	-8.454709371844005e-6	-1.450606670373722e-5	-1.651451328119058e-5	-3.891279551186677e-5	-6.365949976362695e-5	0.00012106497011485362	0.0001578474493040688	-0.00018690563419881956	-0.0004818469755141219	-0.0008036836951150206	-0.0005698169692168464	-0.00033085473163246837	-0.0004836447366728114	-3.774372958273431e-5	-8.564922425804977e-5	-0.0003678715535318511	-0.00039425431235667885	3.608640946825559e-5	-2.3222782204179726e-5	-0.0003696133460059925	-0.0003675233294780922	-0.0002950133518551945	-0.00014517960401569385	5.007874106718879e-5	-0.0002902225291687155	-0.0005015192644855504	-0.0005636994430263664	-0.0005288853816703964	-0.0004909134123515235	-0.0004062583255914909	-0.000298141927812523	-0.00020902447307735716	-0.0001904394480653493	-0.0002465416759633854	-0.0003692482322507906	-0.0004458099406128013	-0.00047491708265665067	-0.0004809779744624487	-0.0004415524781746505	-0.00039428901549981576	-0.0003251086249170254	-0.00028522193721430833	-0.0002673008060553872	-0.0002099141802221205	-0.00018538785740915276	-0.0001658853978660224	-0.00014983094626108695	-0.00012585336852527496	-0.00011802063232951854	-0.00012010248047825134	-0.000120678040043537	-0.00011619739241977567	-0.00011911349944576655	-0.0001124264418540799	-0.00011068662913310545	-8.982085691541797e-5	-7.75558198391757e-5	-6.690706799358792e-5	-6.369506918429968e-5	-5.9245505636823514e-5	-5.387434855869122e-5	-4.946429767518912e-5	-8.346066893150095e-6	-1.0174847075994364e-5	-1.3284401790408795e-5	-1.3845493761904804e-5	-1.9360049587774375e-5	1.708706960645845e-6	-4.333741481996056e-5	-6.13312200505034e-5	-6.54636566309319e-5	-7.468887379229183e-5	-9.336785142775861e-5	-0.00010157050222593667	-0.00010643482406189064	-0.0001293523599864288	-0.00012765292187015553	-0.00015903478837661633	-0.00012958127192791435	-0.00015604176696430716	-0.0001606737009066106	-0.00015701818968302805	-0.00016810689559138003	-0.00015908708161579965	-0.00015018621546056266
-2.523070809353975e-5	-2.4528436465103e-5	-2.1216832002228514e-5	-1.4212058721714549e-5	-1.5598213096591068e-5	-1.4472899875078715e-5	-1.2038642923251769e-5	-8.234918281134485e-6	-1.2504421326511861e-5	-1.4017695424556331e-5	-1.0075874054375766e-5	-5.6656572879412725e-6	-5.560365536061429e-6	-3.851801148001266e-6	3.810528281800174e-6	3.398881653557395e-6	-3.4164663285929375e-6	4.338745075022077e-6	3.1441055271461127e-6	3.3100611010819514e-6	6.901936704453715e-6	1.1253735573632517e-5	1.4866812750487235e-5	1.884082462526998e-5	1.8519025831061076e-5	2.0457310975427467e-5	1.781914026055542e-5	2.7264823970578334e-5	2.1900412798363245e-5	1.6489135903040297e-5	2.394439355991873e-5	2.7422996599218985e-5	2.046686496497141e-5	1.7181207086387762e-5	7.4107825995609056e-6	1.634410814153886e-5	9.299417789640496e-6	3.2819233442005213e-7	1.1289870947839287e-5	3.238698588828304e-5	2.1270221911909304e-5	1.0210394812623647e-5	-1.4066710036370056e-5	-2.5230359251490753e-5	-3.290458617383196e-5	-4.467774782947187e-5	-6.920057842724203e-5	1.2597869795960559e-5	0.0002206719366699278	6.195844618611668e-5	-0.0004017202358524291	-0.0006973216405345428	-0.0008968688638977262	-0.00031682149091716294	-0.00042347200182243916	-0.00035226702848126235	5.9349515319634394e-5	-0.0002532321422867023	-0.00043859929793957364	-0.0002835861016500796	0.00015792788301063898	-0.0002124573238691807	-0.00040929050079685503	-0.00038362721419687995	-0.0002933421929841862	-0.00010063065181489805	7.278948494296444e-5	-0.0004330226672025206	-0.0005660682794901561	-0.0005607887309903858	-0.0005241583122400639	-0.00047327972487257175	-0.0003686335459975043	-0.00028705616876567586	-0.00018240730757443369	-0.00019954480559233878	-0.0002574632759592965	-0.00041570355881551113	-0.00044221671463562373	-0.0004604832379122292	-0.0004630498328522803	-0.0004027180390379914	-0.0003616661072187999	-0.0003212510184084916	-0.0002977729261083306	-0.00022795552771792682	-0.00021116275394916784	-0.00018653393283121766	-0.00015670960189229088	-0.000137609817204426	-0.00011904943393939438	-0.00011197109212046641	-0.00011286625713896603	-0.0001175448171956972	-0.00011481636388172012	-0.00012067503029830617	-0.00012118421283818792	-0.00010519850398779673	-0.0001014503043204884	-8.291405756422066e-5	-6.463839663170545e-5	-7.204031642060738e-5	-6.212570605526602e-5	-5.98766522474925e-5	-3.559907360214942e-5	-1.641603519786372e-5	-1.762521769158032e-5	-3.92090158084224e-5	-2.7626362569116436e-5	-2.7622574366725772e-5	-4.699109157346726e-5	-4.994668524258006e-5	-8.017218399575254e-5	-7.389955943189197e-5	-9.229227733616174e-5	-9.761482312568848e-5	-0.00011405175198361817	-0.00013832614632718065	-0.0001376282898410408	-0.00015545763135983715	-0.00014590930894065046	-0.00016133305195259462	-0.00018592213489251885	-0.00018462925415949072	-0.00018279714439177475	-0.0001851294746842147	-0.00019778959394790852	-0.00021605279848166403
-3.284353718895419e-5	-3.277925240269264e-5	-3.540767912159001e-5	-3.3787062774306986e-5	-3.548159026789052e-5	-2.794148972525695e-5	-2.44429005031091e-5	-2.1178890618252927e-5	-1.9466905030237486e-5	-1.4696256364632454e-5	-8.906977802883298e-6	-3.5123079032868543e-6	-1.2429708412704799e-6	-7.943619178239769e-6	-2.358458480594683e-6	-4.596458847219709e-6	1.3559444365929263e-6	8.488387401826836e-6	4.718109041478014e-6	5.6901147205482006e-6	5.3228190084742e-6	1.2658181794411583e-5	1.7989409332834494e-5	1.506950868344209e-5	2.1509201212667473e-5	1.9708444945476522e-5	2.522029189221814e-5	2.1274451926685256e-5	4.696638043755197e-6	2.0507525256945047e-5	2.3853792747476066e-5	1.559547629925717e-5	1.022776156302252e-5	5.4031529684445134e-6	1.9424696226510996e-6	5.2692691789729684e-6	2.705489369862757e-6	1.2246870184640102e-5	1.995365569822105e-5	2.534635912612715e-5	2.2452556307228644e-5	3.2625974404759672e-6	3.5936282161835864e-6	-2.1977520714769327e-5	-2.8844420341817e-5	-6.125335156627332e-5	-0.00012446691138694177	9.699788823709643e-5	0.00031071296468891674	-0.0001586400054289644	-0.0004853175814781979	-0.0007236251832118401	-0.0005980091118476527	-0.00021349343950691213	-0.00045299300985637836	-0.00020640308255950868	-8.812009281988775e-6	-0.00034369499867653586	-0.000372075807664185	-8.725464578293596e-5	6.302654361953208e-5	-0.0003642056686618822	-0.00042211071010073153	-0.0003220045063923038	-0.00021215509167157864	-2.0874886021149397e-5	-0.00022110309243206228	-0.00048382712333067124	-0.0005351155326141499	-0.000553594644084332	-0.0004930157475845076	-0.00042878524515732597	-0.0003473017468232087	-0.0002447366029452447	-0.00020692574823760745	-0.00021285798210840534	-0.0003173779468401694	-0.0004184259254184919	-0.00045374279637397374	-0.00045959402082684786	-0.0004193802054762441	-0.0003781960768861614	-0.0003426106338737245	-0.00031168686555338443	-0.0002743765024210143	-0.0002454423860334676	-0.00019997818722153338	-0.00017199548426119482	-0.00014967559743700454	-0.00012107623931223443	-0.00010358407924807023	-9.479503987330773e-5	-0.0001051869637398728	-0.00011262702359279841	-0.00011780782729550743	-0.00012176491585857985	-0.0001233234001030148	-0.00011729218724748636	-0.00010303944980236124	-8.85999737118559e-5	-7.441505094421541e-5	-6.523014984063935e-5	-6.413560654783268e-5	-6.337216775648136e-5	-5.3559834518879246e-5	-4.190287439947982e-5	-3.0569982309436305e-5	-1.7997430802607628e-5	-2.688778670198455e-5	-5.285128237830783e-5	-6.848353047844702e-5	-4.627665438350359e-5	-8.953819456702927e-5	-8.494061682316756e-5	-8.713040271918215e-5	-0.00012067983439813246	-0.00011407698028396973	-0.0001285102135383659	-0.0001726034300295748	-0.00016995426225206722	-0.00019347309995407236	-0.00019419209187736264	-0.0002156896568902139	-0.00022657776371261262	-0.00027458961645264457	-0.00029103629879331794	-0.0003489148347416565	-0.0004132824833226467
-3.20075037437903e-5	-3.339203235750918e-5	-2.9341260324167173e-5	-3.5232874018471805e-5	-3.810032421936588e-5	-4.1175392360027346e-5	-4.141905107736196e-5	-4.294981064594319e-5	-3.6761936810653095e-5	-2.1906053902266687e-5	-8.185803651670348e-6	-1.0551613294045026e-5	-4.642989280805726e-6	-1.09603678129927e-6	2.9475076893104024e-6	-1.9176988556163233e-7	4.405203415588921e-6	1.0241449615450149e-6	6.715913632507342e-6	1.0327329811633812e-5	1.4551644936765251e-5	1.6418567894138647e-5	1.4565344373315692e-5	2.2070080138436587e-5	1.90061307621045e-5	3.0180057671719274e-5	4.139105020100481e-5	2.0381298103215595e-5	8.536923880482494e-6	3.712572296029476e-5	1.4801549742815556e-5	2.0718372221832648e-5	1.9528026656660813e-5	2.219170485394384e-6	8.977158751609371e-6	1.3637444038622215e-5	6.424595556074608e-6	2.285158282218369e-5	1.3350412355478403e-5	2.7432236170132906e-5	2.4425988575521584e-5	6.951247303460528e-6	-7.110610928187655e-6	-1.773191511157679e-5	-5.057898978116926e-5	-0.0001090022787742645	-4.408073407159707e-5	0.0002241083783393466	0.00016090062333710964	-0.0003501264881321242	-0.0005088981623255218	-0.0007564556121254784	-0.00034730508616589995	-0.0002713930187352165	-0.00043092716244322316	-1.486745839288095e-5	-0.00014881066214347816	-0.00046200980107630185	-0.00035604695840935063	9.707451422563684e-5	-0.00013143140005153486	-0.0004175072028551885	-0.000437333832342679	-0.0002961929811660935	-0.00014171873960813763	0.00010137992008385499	-0.00039511610996911806	-0.000551204195134436	-0.0005366402157716554	-0.0005464598868895609	-0.00046235162183203005	-0.000405373668660447	-0.00030523702272342024	-0.00022049131400900257	-0.00022394300606617956	-0.0002267055380228422	-0.00034620674166027654	-0.0003980836819038325	-0.00040957946669667455	-0.00042678079169647387	-0.000390038210063004	-0.00033495212246187345	-0.00032070995165112137	-0.0002906526191601144	-0.0002614935720214595	-0.00024516141070365927	-0.00020327455864388444	-0.00016316649637318492	-0.00012953980770002982	-0.00011077751780122491	-9.829749210779615e-5	-9.579591460362469e-5	-9.744158171315354e-5	-0.00010294830959933776	-0.000109358225600098	-0.0001222449745597043	-0.00012538440988599242	-0.00011344152613806946	-0.00010441942883271382	-9.733666563732646e-5	-9.038257338736533e-5	-8.140935842115837e-5	-7.76140480010512e-5	-5.146413893999946e-5	-4.753750995276085e-5	-3.10464609749872e-5	-4.382587175111308e-5	-4.9861156870001366e-5	-3.41570651971046e-5	-6.116152506327466e-5	-8.73405427842533e-5	-0.00010081461056590801	-0.00011425849199067639	-0.00012126634982637108	-0.00012632358050226888	-0.00014870494701064996	-0.00018775016914426845	-0.00017464384430808388	-0.00020272134014856502	-0.00024568976627475925	-0.0002944056120852273	-0.0003228814947613817	-0.0003455741075242269	-0.0004947239818330063	-0.0004963544473438747	-0.00047722233608403497	-0.00045791965054900463	-0.0004170565390433645
-2.832664251816233e-5	-2.9133358323430586e-5	-3.0098009317063718e-5	-3.483181489549389e-5	-3.683963995405187e-5	-3.773508361250982e-5	-3.13698971855271e-5	-3.658775214222809e-5	-4.148509037378914e-5	-2.4918231540660418e-5	-2.4858183545438395e-5	-2.812988123684912e-5	-1.3920639001328144e-5	-4.914633153565995e-6	-2.628593957082481e-7	-2.5849678300660095e-6	2.052622937072368e-6	3.6480454074228064e-6	5.497087160466485e-6	1.1650254871063692e-5	1.389485586051481e-5	1.9112647662439253e-5	1.754928505032921e-5	1.9880288279310043e-5	2.2380702434550426e-5	2.2230660238001243e-5	2.206819091615103e-5	2.9140156542102613e-5	3.1849774553838195e-5	2.6631429808805784e-5	1.563264058132563e-5	1.151635481855956e-5	1.1666925021566743e-5	2.7232978242267003e-5	-8.477716141944147e-6	-2.0914297854321418e-6	1.4360804212465439e-5	2.9720645432565473e-5	2.164015277736353e-5	2.1800613614689213e-5	2.1597359317615528e-5	9.395771920911455e-6	-4.9735942361101015e-6	-1.89473230941678e-5	-8.430251722396642e-5	-0.00017091686030888675	2.1116322666131504e-5	0.0003054950346512153	-3.218874277365058e-5	-0.0003961866381838042	-0.0005179546982286842	-0.0006836835719954693	-0.00020393422844530718	-0.0004137516132658725	-0.0003841156060759021	1.6466684786553554e-5	-0.0002447230829441538	-0.000419228824832113	-0.00022178966128938438	0.0001048047412743891	-0.00024881489446917926	-0.0004301103353684943	-0.0003820773948962075	-0.0002519601454559206	-7.341378156430767e-5	-5.4473502531654505e-5	-0.0004605834225297756	-0.0005617570080981849	-0.0005564362599158601	-0.000509100621902403	-0.00046021798351392196	-0.00037627473836385206	-0.0002624764815217784	-0.0002307418318914234	-0.0002170084207817058	-0.0002628358555106791	-0.0003702848748107779	-0.00042135032008588924	-0.00040606988908550856	-0.00038965393195020126	-0.0003625629700979016	-0.0003412003557294596	-0.0003071975638278823	-0.0002631959212205659	-0.00023926499019902292	-0.00022563928590152438	-0.00018210909343008286	-0.00014586775580818778	-0.00012210960541325644	-0.00011271091915690534	-0.00010031563904208673	-9.304976711019264e-5	-9.568660100378601e-5	-0.00010369930825496199	-0.00010468926290099767	-0.00010660793211755837	-0.00011462682799473489	-0.00011765670685989771	-0.00010866929318203988	-9.726134394399955e-5	-9.079174261364398e-5	-8.777843686288977e-5	-8.491535382834647e-5	-7.131816838479299e-5	-7.446062429833367e-5	-5.2771593518630144e-5	-4.1623271669621875e-5	-6.901404361187025e-5	-7.803535161804431e-5	-8.806506305442108e-5	-0.00012221657063118951	-0.0001334491111365521	-0.0001517544206616761	-0.0001671325317725847	-0.0001902465695830663	-0.00023702523125647412	-0.00024133464541012395	-0.0002951841017711371	-0.0003611593175131128	-0.0004901745404971986	-0.0006290858654313392	-0.0004961481366808768	-0.000511809777501912	-0.0005253673884819676	-0.0004592582987083399	-0.0004701581799663318	-0.00044904763935038616	-0.0004038166480889449
-2.141852152451676e-5	-2.49411166090667e-5	-2.967925872513627e-5	-3.5910734021843416e-5	-3.592358127548628e-5	-3.32981830043072e-5	-3.312741221747281e-5	-3.723661949530527e-5	-3.557994827582678e-5	-2.8889206023056946e-5	-3.227604273257911e-5	-2.6265033713484404e-5	-2.4355691346112512e-5	-1.3361406165507406e-5	-1.9776894423333136e-5	-1.3144299017275873e-5	-4.285650610433289e-6	-4.992634994663292e-6	9.354975561565171e-6	1.2145449576617118e-5	2.0002528821651266e-5	2.01777564925662e-5	2.022644421742492e-5	2.119889712989126e-5	2.261379993852286e-5	1.8989636252353392e-5	1.1050387493070912e-5	4.8714388100647155e-5	1.4764808299594367e-5	2.3085108043913172e-5	2.2064614675285088e-5	1.2859900319107942e-5	1.8314198356635114e-5	-1.74891026140378e-7	9.313193662444097e-7	6.242281539760308e-6	3.136578616193958e-5	2.683838936680394e-5	2.7710769876648778e-5	3.6138173616778735e-5	2.2018816891317128e-5	-5.518752772479263e-6	-1.9185748909716915e-5	-3.5166667754910064e-5	-9.470544682678439e-5	-6.853393612164804e-5	0.0001196514903215734	0.0002139568014945803	-0.0001708697820821531	-0.0004840795212596172	-0.0006127538667438648	-0.0005932674468876742	-0.00019812316284090192	-0.00046965725362599353	-0.00021996417491274012	-4.506437323997803e-5	-0.0003175103821355385	-0.000359974717135253	-3.7690278415630774e-5	3.4179495171648977e-6	-0.0003622295909402884	-0.00042322933135538476	-0.00034673873798227173	-0.00020292069673882862	-7.991044891769716e-6	-0.00033850479710939574	-0.000517136875856361	-0.00055231756668217	-0.0005539135339641121	-0.0005084533532054292	-0.00039323858405659884	-0.00032803572358464095	-0.00020823935457936482	-0.00022053175258163193	-0.00022840067077228854	-0.0002842661284314929	-0.00037143787828472496	-0.00039160794832598933	-0.00039591705348202	-0.0003517234138487868	-0.0003159637373788271	-0.000316069796203744	-0.000289542099064094	-0.0002469404129963604	-0.00020936129349266586	-0.00019667779124071805	-0.0001645463691517246	-0.00014078388194810332	-0.00013479510042879728	-0.00012447117121727747	-0.00010196976509696531	-9.904678422920088e-5	-9.111155406527072e-5	-0.00010048169111001592	-9.904179906761179e-5	-0.00010491415895763634	-0.00010214671556513233	-0.00011373869727993036	-0.00011303987043284613	-9.713988727982903e-5	-9.68598075010152e-5	-9.66231738716572e-5	-9.764572830861518e-5	-8.845106504867806e-5	-7.444095903932912e-5	-6.872509505928548e-5	-7.579122442494257e-5	-0.00010141760695137059	-0.00012711951500113394	-0.00012753736218160117	-0.00017395749337539845	-0.00021064678213528198	-0.00025782116892802964	-0.0002848958157060377	-0.00037145009507480453	-0.00043971132399241164	-0.0006968399761300009	-0.0006484877251074911	-0.000713085965059132	-0.0006370810671542382	-0.0006096206601590576	-0.0005738385060096579	-0.0005394820972327158	-0.0005426287045563749	-0.000508710735211762	-0.0004626487637004323	-0.0004929849052853069	-0.00043564334865214827
-2.4516028855441074e-5	-2.9468503375332245e-5	-2.953771098155797e-5	-3.0849929544534554e-5	-3.3246548146893123e-5	-3.325485205133219e-5	-3.4471372696402713e-5	-2.7823773016480424e-5	-3.264240142292554e-5	-2.6341022462197938e-5	-2.5465047551100767e-5	-1.6459166386588453e-5	-2.4064306320195628e-5	-1.467753056681037e-5	-5.786373984129067e-6	-9.255893035527152e-6	-1.2052102480071547e-5	-7.661275043188698e-6	4.446085426906832e-6	1.3939743456758968e-5	1.680089010622221e-5	3.057030214907719e-5	2.2662126081957057e-5	2.3631642432839217e-5	1.989385978000413e-5	3.360412046283373e-5	1.716656873075595e-5	3.939938653108044e-6	1.9842620927433552e-5	1.6487465147492497e-5	7.452800312654495e-7	1.5300443746181502e-5	1.1375209042936707e-5	3.897870524613434e-6	-1.251692488806605e-5	1.7596051568938287e-5	2.9654764429655478e-5	1.8816534159797615e-5	2.833371178737748e-5	3.513957516892291e-5	1.4391832994439802e-5	-1.5582510325476417e-5	-1.1871241836769464e-5	-5.885507250828759e-5	-0.00013087030482743234	-2.1479026239903942e-5	0.0001813312813705309	0.0001235428209386824	-0.00025819006980142	-0.00045946479368570714	-0.0005539804899534762	-0.000370263529038406	-0.00028154848244477115	-0.00045407519541282304	-4.577329834609678e-5	-0.00012517589612418	-0.00034676802661975925	-0.0002871729395080569	0.00011673227488795401	-0.00011982992289411021	-0.0003959625314263471	-0.0004116468515884264	-0.0002922583442616089	-0.00015343482994562008	6.035665240169963e-5	-0.00042989466370393914	-0.0005462780271539569	-0.0005454551827571708	-0.0005223193058623288	-0.0004807398880021796	-0.0003880150866407417	-0.000301404808229766	-0.00018941423950147307	-0.00020374817284729563	-0.0001818047448698401	-0.00030932370597216985	-0.00039433234238703263	-0.00041418232992612714	-0.0003761163147424085	-0.00032388077463030296	-0.00029236493651399464	-0.00029287779233083677	-0.00028493099156132184	-0.0002327926761948318	-0.00018717675846768866	-0.00015058416102595173	-0.0001653576147536695	-0.00013111565435805494	-0.0001189851559293964	-0.00012297371454472739	-0.00011265049656983273	-0.00010169195130069197	-0.00010036389471237972	-9.494222899184002e-5	-9.872737393237796e-5	-0.00010483000535341236	-9.436909587101638e-5	-0.0001110871095631738	-0.00011241636527908883	-0.00011078535007771895	-0.00010942596221502621	-0.00011636960492444892	-0.00010982752684726704	-0.00010161528085986249	-9.889934791257327e-5	-0.00011400275255063486	-0.00013396626906761466	-0.00016343287617334723	-0.000181483435050811	-0.0002656482716092978	-0.0003579894367056191	-0.0004505918511574225	-0.0005924461095319078	-0.0007318168380315848	-0.0007398168254228732	-0.0007048359541416555	-0.000690401707158228	-0.0007223457411647399	-0.0006760819118087347	-0.000660906974763939	-0.0006690689137705402	-0.0005679022714328436	-0.000565703760961947	-0.0005711148253536441	-0.0005641143964712353	-0.0004859402767329324	-0.00046947361796723097	-0.0003946902917342787
-2.292926536574119e-5	-2.4798563267973417e-5	-2.6000486214993596e-5	-2.6792018310937277e-5	-2.3987209516861813e-5	-3.17821479854305e-5	-3.1538050166216025e-5	-2.2989046647228784e-5	-2.9186978083971943e-5	-2.2516125249005814e-5	-2.0678743006125044e-5	-1.3050169668862854e-5	-1.676324443838917e-5	-1.0423809168255693e-5	2.3414028962193134e-6	-5.420942557690656e-6	-1.914381739069604e-6	-6.886478149878417e-7	9.342679624727013e-6	2.029216909522208e-5	2.1325702163378646e-5	2.4177603820917104e-5	1.981671391652201e-5	1.6723063905876856e-5	1.6158464540352857e-5	1.8056644504257924e-5	2.2876483693479166e-5	2.357475597115216e-5	2.214879809506881e-5	2.017569759264065e-5	2.5413311862884647e-5	2.111823953557246e-5	5.738633309868013e-7	-1.723785936040556e-5	2.1662310617162617e-6	3.265694789242324e-5	4.409697758854525e-5	2.822997640771624e-5	1.3933352084952166e-5	3.265586260604858e-5	2.262395457607036e-6	-1.702562461673718e-5	-3.6948987706258984e-5	-0.00010448112427313694	-0.00013434830288192035	3.836247617315658e-5	0.00020609465089388435	2.1788130110875215e-5	-0.0003312714002851741	-0.0004238491263693078	-0.0005398434954270726	-0.00026145210779357497	-0.0003568204520916496	-0.00040358082544281193	3.48759064162929e-5	-0.0002316205105316882	-0.0004381258073352101	-0.0002451538559829214	0.00012998935261521183	-0.0002338630114215312	-0.00039873869614112656	-0.00038153841848062586	-0.00025897222083806626	-0.00011237490105120429	-9.286068225131117e-5	-0.00044806191742963186	-0.000527594918708213	-0.0005401554962862487	-0.0005177075066385706	-0.00046412420564787005	-0.0003735914962804676	-0.0002746716352627909	-0.0002408740763272521	-0.00019032832384788256	-0.0002136812797016996	-0.00026896589122582526	-0.00032193986192197155	-0.0003664354431866246	-0.0003818412144633576	-0.00032819963543748165	-0.0002635668224469645	-0.0002776287945198408	-0.0002934082664329818	-0.0002633454218581299	-0.00016303050923149875	-0.00013272397503955036	-0.0001470897991080744	-0.00013231065115054674	-0.00011628158505527786	-0.00010496726968525771	-0.00011446893780076017	-0.0001235989023802564	-0.00010223156739555539	-0.00010684147577072478	-0.00010297553174748453	-9.3644898693096e-5	-8.532765206209492e-5	-9.751125688156614e-5	-0.00010222316266031428	-0.00011891714826392508	-0.00011682098214130243	-0.0001186269116791594	-0.00016503502557607685	-0.00015888019632565031	-0.00018519623985399636	-0.00020925553173914424	-0.0002690390488516159	-0.0003693310024130425	-0.0005455826892694637	-0.0008120459426413928	-0.0008786089347387338	-0.000813416528144123	-0.0008352416436437082	-0.0008144147964524173	-0.0007839392156261393	-0.0006602767041886254	-0.0007026792277382843	-0.0007284392240878429	-0.0006702939039319317	-0.0007156636709030467	-0.0006301860997013492	-0.0006208171075740981	-0.0005049390582306107	-0.0005560184409246494	-0.0005664771711606786	-0.00046300762052489675	-0.00047488889014755953	-0.0004660477201639396
-2.095020934077957e-5	-2.3512546076798202e-5	-1.9743881822433668e-5	-2.516947425219157e-5	-2.550801394109528e-5	-2.7368797603666978e-5	-3.0095431626398633e-5	-1.452214894561224e-5	-2.1469653041072262e-5	-1.680099337647914e-5	-2.2802141576815094e-5	-8.12600963080723e-6	-1.4267792676492252e-5	-1.5795152187060568e-5	-5.692637116902488e-6	-1.3776095065046179e-6	1.399206271679443e-7	8.75331057637041e-6	1.4423688480570684e-5	9.667175913941062e-6	2.4868429255968383e-5	1.835822618055649e-5	2.343711325274861e-5	3.0280018943618092e-5	3.0390744174685347e-5	1.4302896432331902e-5	2.6575681217298752e-5	3.1501800950781145e-5	3.1382187430303854e-5	2.1722137435141453e-5	5.554708711226486e-6	8.1513599039032e-6	2.8241081348467922e-6	2.3604308611868685e-5	1.3936412245584007e-5	2.1394818425571338e-5	3.187266694060914e-5	2.9518437390588237e-5	3.250015816365359e-5	2.7677944571674606e-5	-7.867787367790702e-6	-2.2771785542288758e-5	-4.7903191829901104e-5	-9.742527422827718e-5	-9.128617241456471e-5	0.00011223620665669343	0.00018400080504382688	-6.20412976635315e-5	-0.00037122900565199346	-0.0004884910986997781	-0.0005671150615088605	-0.0001958937959761764	-0.0004782330629594933	-0.00029372977140840195	2.9837898644913263e-5	-0.000292442574063162	-0.00039739149037404387	-0.00011641619092339628	5.472169809297989e-5	-0.0002984545141408723	-0.00038642200550498274	-0.000365642830683216	-0.00023509628055071174	-9.008791325773591e-5	-0.00029437096206799684	-0.0004514417008619209	-0.0005246763050067993	-0.0005265208234683794	-0.0005051784750069455	-0.0004442064121049083	-0.0003747254546590528	-0.00024120133407939948	-0.0002379686053245733	-0.00018151379488004493	-0.0002003956440892185	-0.0003144313173546187	-0.00033461054239902754	-0.0003272014170024873	-0.0003160678598186639	-0.0003121750362551634	-0.00023650038741621082	-0.0002547019713194931	-0.0002895658322496497	-0.0002484238400927985	-0.0001772358648732819	-0.00010018201546113659	-0.00011882571749471937	-0.0001372300970775564	-0.00012968815040967363	-0.00010559604839838199	-0.00010217401577583551	-0.0001121723916010231	-0.00010656074330220311	-0.00011555831378601278	-0.0001045461829086991	-9.286451599019308e-5	-9.447459524761226e-5	-8.740181104902045e-5	-0.00010440513471127177	-0.00010518800457395838	-0.0001359912746648484	-0.00017609465101375843	-0.00018913903429562673	-0.00027267643655168317	-0.0003828587447074483	-0.0006051543814666882	-0.0007615658060775021	-0.0008212665747117653	-0.0009050193884238555	-0.0008331290757106202	-0.000787196946083063	-0.0008776810615090946	-0.0007685713480573564	-0.000755816303640855	-0.0007948068223538607	-0.000753343260169459	-0.0007237537435686447	-0.0007642399907359376	-0.0007251074718959971	-0.0006808751967183474	-0.000649834196869703	-0.000662524564289807	-0.0006255924673691932	-0.0005658353581690367	-0.0005366648445082056	-0.0004385140243545055	-0.0004663416625517308	-0.00041648984499924324
-1.807575356754798e-5	-2.062926137422552e-5	-2.13863223462972e-5	-2.281135729528122e-5	-2.1871570852170785e-5	-2.363831786561521e-5	-1.9928338764341885e-5	-2.5119043401290037e-5	-2.125346556733354e-5	-1.0582082627698386e-5	-1.6423432980337133e-5	4.327524124637938e-6	-1.1195613663569914e-5	-1.2577653220151308e-5	-8.152953681096753e-6	-6.7008898430032104e-6	-4.0112444615880705e-7	1.9683634062961364e-5	1.3223520585817217e-5	2.317141758415714e-5	1.929060914913211e-5	2.1879519138297276e-5	1.8264055632460918e-5	1.8514619633432094e-5	5.839897792778159e-7	1.220832571320607e-5	9.542223781966452e-6	1.0750437541041935e-5	1.5169788168678533e-5	-1.1363533811842297e-5	-5.578162172621692e-6	1.912317038662431e-5	5.473430953265024e-6	1.6628972504539874e-6	1.9591397731541504e-6	2.825126363317082e-5	3.434871094151748e-5	3.0290047813713583e-5	3.6684631027350534e-5	1.5955511651483123e-5	-1.787976179872669e-5	-2.0465529227894907e-5	-4.517999255965188e-5	-0.00013868319361821924	-1.2008084413969722e-5	0.000137042420597297	0.00018069586950851535	-0.00017595934475103658	-0.00041489084195121817	-0.0004908428719897773	-0.00046921332270966065	-0.00018665564970390958	-0.0004413550666430843	-0.0001952014027847837	-4.945719398255499e-5	-0.00032133066823689105	-0.0003600463547095978	5.432093577034669e-6	9.82217779332828e-7	-0.00032701707878071695	-0.0003648830044535034	-0.0003448122646784735	-0.00023985297255280091	-6.845376045519491e-5	-0.00034159866558677865	-0.0005012550162268592	-0.0005477558727776111	-0.0005331358813621956	-0.0004811195300664928	-0.000394492964770482	-0.0002967437537013118	-0.0002526517775373882	-0.00021564415834604556	-0.00017967415532824105	-0.00024159381092903054	-0.00034106619655263626	-0.00031894341334659515	-0.00031908281138831596	-0.0002760342757320011	-0.0003221161163323438	-0.0003416468627101543	-0.000196304322623575	-0.0002432471498531319	-0.00023723536373213006	-0.0001833155632499639	-7.97658987472527e-5	-8.178822202831171e-5	-0.0001522331848254066	-0.0001390850130379706	-0.0001172734760863936	-0.00010988468381739613	-0.00011593891211664209	-0.00012306090608343867	-0.0001268959264923153	-0.00012167151617822891	-0.0001115794956429994	-0.00010265503508008478	-0.00010900363294277793	-0.00011141171101999858	-0.000146387708812451	-0.0002080846519397772	-0.00031450174062253033	-0.0006262625314168435	-0.0006869832654132768	-0.0008201094035646672	-0.0007407398392583753	-0.000816034527277576	-0.0008034450448696218	-0.0008077286279065121	-0.0008136822660965992	-0.0008568128498365191	-0.0008023036250116855	-0.0008223597128785565	-0.0008381428689106796	-0.0007990317977581152	-0.0007683782614082563	-0.0007312428700750884	-0.0007182997404341085	-0.0007346611600317354	-0.0006702807579805903	-0.0006594444966218777	-0.0006405164875052105	-0.0006483035744526966	-0.0006144377324643346	-0.0005715886585658941	-0.0004609059054555553	-0.0004857821762037362	-0.0004920020543319054
-1.4166246029966717e-5	-1.565206081063919e-5	-1.725936803415387e-5	-2.0330101805580286e-5	-1.7122043800138487e-5	-2.1497829016080272e-5	-1.2503212712140083e-5	-1.758002868713221e-5	-1.9090229885169313e-5	-9.929643370563956e-6	-2.1838307258468387e-5	-1.9464562340393288e-6	-1.4538326055177353e-5	-1.1917409875779328e-5	-3.2483325924925754e-6	-3.7956904329686236e-6	2.2998394638359954e-6	1.9242292763517466e-5	2.0614605942409492e-5	1.5203148527424826e-5	2.0718735971661517e-5	2.7986210896467634e-5	3.947663268326351e-5	2.0071368612289975e-5	3.136226955219312e-5	2.7334188515068525e-5	1.729761353683884e-5	2.1961173656513677e-5	-2.3705326980885677e-6	-9.79290596097443e-6	9.220774642958174e-6	-5.6119842930732466e-5	-7.379964152808005e-6	-4.621712246851567e-5	3.7259735227723745e-6	2.706924961959345e-5	1.6930131341991173e-5	2.3412135945199974e-5	3.6227473928715503e-5	1.2908616233223147e-5	-8.194389177623718e-6	-4.036281942357278e-6	-4.734114142368462e-5	-6.123337947805396e-5	8.81965399150697e-6	0.00015308227992519297	7.804775163829103e-5	-0.0002470785230059003	-0.0004741499066204108	-0.0005895117879094192	-0.0003972149388922763	-0.00028022603985530803	-0.00042508986781986113	-2.2625889876948246e-5	-8.95587510402196e-5	-0.0003671658810322498	-0.00028837114120217056	0.00010749800138584731	-7.825557476331957e-5	-0.0003332760196289586	-0.0003990196584605088	-0.0003217387814502537	-0.0001844465942826834	-1.3610486435805536e-5	-0.00037544478810602744	-0.0004619063942098989	-0.000507944589167586	-0.0004732384189382044	-0.0003988980196503733	-0.00036808883198402587	-0.0002671979564689009	-0.0002164218609011781	-0.00021317158975520112	-0.00015178422104258904	-0.00020902318504517625	-0.0002811404949988605	-0.0003422107584284684	-0.0003162409613691186	-0.000324626083392926	-0.0002457179902257134	-0.00026787063235958475	-0.0002347665117863329	-0.00014358956731963524	-0.00020274832810904253	-0.0001578016927197834	-9.013238723085126e-5	-6.0919862904240674e-5	-0.00010827340326396984	-0.00017463915947049657	-0.00014790487194368818	-0.00013272439787839763	-0.00011676789526612885	-0.00013527119745518346	-0.00014197434894391847	-0.00015753512210003873	-0.0001643848100175982	-0.00014585713279530177	-0.00019021968028498648	-0.00023414844715907712	-0.00033525945257809053	-0.0004272563509585825	-0.0004787883913122404	-0.0005292057742543876	-0.0006053147262943814	-0.000705706786410798	-0.0007685830379251801	-0.0007756105718619011	-0.0008904693367221828	-0.000907798211602362	-0.0008505074162307169	-0.0009198132728573116	-0.0008749310867819937	-0.0008467642364194672	-0.0008185804378085804	-0.0008266047958963019	-0.0008784865760183558	-0.0007329057434730946	-0.0007967693779059593	-0.0007855520303256397	-0.0007341404882014319	-0.0006629912840516033	-0.0006799166470724399	-0.0006897146417363109	-0.0005909355340130706	-0.0005533471478334079	-0.0004994907558310974	-0.000462687714747681	-0.0004447271142928727
-1.0634740700912748e-5	-1.5239598591312159e-5	-1.869000288735878e-5	-1.2079982196835926e-5	-1.853905863460209e-5	-1.6996281227039944e-5	-1.815087522557407e-5	-1.9254490037957928e-5	-1.5603830076996172e-5	-9.83994895113749e-6	-1.574966285861068e-5	-5.213649065423376e-6	-1.0248805927190463e-5	-1.3075112824043056e-5	9.042174019084637e-6	-1.4896883639842207e-6	8.742412176132586e-6	1.928524017997396e-5	2.3306722762676813e-5	2.7976503492316285e-5	1.8207252654341144e-5	2.6236195290949005e-5	3.258059132812269e-5	2.140170039886119e-5	3.6340629398952384e-5	2.5862006763563428e-5	3.3493287353650314e-6	1.637193581659896e-5	1.5049680252010589e-6	-1.778243405390484e-5	-4.70799397730981e-5	-2.9121174872567823e-5	-3.08250771912863e-5	-2.5418815273112183e-5	2.146608140806555e-5	2.264084265121008e-5	1.1242472339363652e-5	2.218256611383196e-5	3.0072772614145316e-5	1.0934683063526518e-6	1.8517842424389808e-6	-2.654183296757484e-6	-4.892915608269155e-5	-7.778398042855572e-5	2.7153187467585105e-5	0.00014247434829139927	1.9166794887337524e-5	-0.00027206843006798154	-0.0004475621576908312	-0.0005090372069173343	-0.0002999896771965771	-0.0002853648242186202	-0.00039268158603250614	5.676146618699418e-5	-0.00014776261811344504	-0.00039553581764051327	-0.0002589005182115911	0.0001245140102135167	-0.00016636857039578623	-0.0004059843130080343	-0.0003809633272906787	-0.0002932909709367493	-0.00015521718675984286	-0.00019728401854865463	-0.0003619974936128201	-0.0004158018439108513	-0.0005145842020722047	-0.0004859963798585498	-0.0004104248429830093	-0.00035523497121311975	-0.0002146998334326411	-0.00021818361787412366	-0.0001646865044509227	-0.00017230315915370276	-0.00021377719256268635	-0.0003088156032976519	-0.0002821858718915493	-0.00042145013173788826	-0.00026405580196356415	-0.00031596411468118313	-0.00022223179893532397	-0.00023859848125029615	-0.00019773365670522347	-0.00014122690647142	-0.00016689054435289896	-0.00011582649986699445	-3.0067638916858597e-5	-8.371165522921831e-5	-0.00014609427599968083	-0.00018223763860805708	-0.00018528626332878217	-0.00017709484486511107	-0.00016392790553806935	-0.00017303273180599432	-0.00026127448078325233	-0.0005289128315009994	-0.00047834585251149697	-0.0003890439207766827	-0.00032444007116300133	-0.00033068185993287424	-0.00036474044054143895	-0.0003793996063497507	-0.0004711821948236161	-0.0005938087890323962	-0.0006395008090784304	-0.0007248608375858001	-0.0008356122044306247	-0.0008063447023802517	-0.0008298129718087299	-0.0009098400787117822	-0.0008194175394639347	-0.0008655218620805261	-0.0008133497174378501	-0.0008582632304507398	-0.0007946373431228643	-0.0007263121571191022	-0.0007451274070414265	-0.0007726168814968515	-0.0007732626225529643	-0.0006657847342016188	-0.0006728820159482979	-0.000644546315192035	-0.0006069804023550035	-0.00060383972670143	-0.000528939423727684	-0.0005592665002981945	-0.0005378707863216287	-0.000512361547503129
-8.375383177793017e-6	-1.55940408155808e-5	-1.2519409066293757e-5	-1.1856304783439131e-5	-1.0356054663991643e-5	-9.504651568830597e-6	-1.4096455122972196e-5	-2.3445638334430863e-5	-1.2655514114966182e-5	-6.85705723972585e-6	-1.4708258211631325e-5	5.034304678859514e-6	-1.0999068951640656e-5	-8.38797564392535e-6	8.641169919366976e-6	7.935696912965418e-6	8.146232169728429e-6	2.318272906542268e-5	3.8071393368595274e-5	2.8763152883776177e-5	2.1536662969494358e-5	2.7554275050870047e-5	2.7044292369785006e-5	3.077714678164506e-5	3.941567666872203e-6	1.1731771695604187e-5	4.4271694600236944e-5	3.0338229216157753e-5	-2.0433613026442365e-5	-5.337178182046598e-6	-5.9610243173871535e-5	-3.310937407487863e-5	-4.1098172499746954e-5	2.181257941196585e-5	-1.6163242077225914e-5	-4.423338865328086e-6	1.7869947058560265e-5	8.880164941056645e-6	1.2486975429354397e-5	-2.865945870379749e-6	3.7923716901186455e-6	1.43009302316921e-5	-4.7792024244347475e-5	-3.089668711847571e-5	3.827108226682474e-5	0.0001053284542917865	-3.3218859520761645e-5	-0.00029115584075645184	-0.0004534230716585208	-0.0004470631699039773	-0.00020355267384836173	-0.0003545683126444932	-0.00034334768101579316	6.763717841015704e-5	-0.0001888509075682887	-0.00037937807192620077	-0.00017529309167402252	7.834260800851367e-5	-0.00023533157410618455	-0.00038924500124840056	-0.00033934439026134244	-0.00027268946866179644	-9.133587766316231e-5	-0.00019105546571890342	-0.00042284357439081877	-0.000578185429221667	-0.0005212769669041273	-0.0004969549880114166	-0.00044003454525987085	-0.0003380806528827107	-0.00022688240826004846	-0.00022308623698341634	-0.0001593231774808801	-0.00013066376756618037	-0.0002569837810433018	-0.00027074185992084776	-0.00033481757080386365	-0.0002392768123395117	-0.00037039617466899655	-0.00025167656804089833	-0.0002583367395871117	-0.00013315398479998852	-0.00022472632478856558	-0.0001549340538677113	-0.00016622149620268423	-0.00014587896429024694	-1.7388213265079333e-5	-6.332225542526881e-5	-0.0001803990941004474	-0.00026622844987583827	-0.00038479961187928846	-0.0005295055843443364	-0.0005130757559264343	-0.0004035886100144104	-0.0004064719112510662	-0.0005429009672375251	-0.0003902772658000153	-0.0004187076184901384	-0.00041185958723349847	-0.0003945324839396691	-0.0003371491280601546	-0.0003682891990507142	-0.0003654184832328766	-0.0005494663534930111	-0.0006043894052766563	-0.0006836679833366333	-0.0007984047602736799	-0.0008065407716695283	-0.0008456110117682769	-0.0007600707758494141	-0.0008411429040268426	-0.0008476499276793836	-0.000836447627741016	-0.0008563520118715084	-0.0008264107432230661	-0.0008264775474241259	-0.0007944872277426684	-0.000756144722573529	-0.0007853899811321313	-0.0007930434791931368	-0.0007076050758791225	-0.000687437525523707	-0.0006608521347338525	-0.0006536023436885807	-0.0006184904921113094	-0.0005516091413932528	-0.0005622059968176524	-0.0005436292963099248
-8.649382750823553e-6	-1.3624025139383905e-5	-1.3412188840013911e-5	-9.146637169454158e-6	-1.0375936763430682e-5	-1.0094739172177014e-5	-5.020416320080517e-6	-5.206318503484658e-6	-1.4667551298964271e-5	-1.4837011285372126e-5	-9.812961532761066e-6	-5.6612245273590656e-6	-1.4821697471786854e-5	1.1219970265374801e-5	4.986374811319361e-6	1.3622767193813279e-5	3.710019975695228e-5	2.9397759183577565e-5	2.573561860581136e-5	2.738868431096525e-5	3.799761720546524e-5	3.8631636409790227e-5	2.4626737823475742e-5	1.3572537191364198e-5	2.934863506734442e-5	1.5599974654070814e-5	1.980647416910397e-5	2.6500899456653737e-5	6.795021901921661e-6	-5.319663383841072e-5	-1.1943854108867336e-5	-3.6489431268216244e-6	-5.294170212898769e-5	-2.4095485806271966e-5	-1.0073615119149393e-5	-7.097965878249957e-6	3.527207172171476e-5	1.696409289084211e-5	1.8441095005206076e-5	-5.9994966893767154e-6	1.680496345378424e-5	1.7539119570759987e-5	-4.0531608017785326e-5	-3.50271103354699e-5	4.160302636245505e-5	7.188840343320957e-5	-6.606376253340263e-5	-0.00028774488868010817	-0.00039718812331994424	-0.0003780386940988034	-0.00025844355518514495	-0.0003811734781977716	-0.000221289180556139	-2.169788003783535e-5	-0.00018973624104148823	-0.0002726567257561874	-9.842938096527032e-5	3.608052658726768e-5	-0.0002628270973255298	-0.00036660233442703527	-0.00035136866289794955	-0.00022787892449763203	-0.00014574049215718143	-0.00035364748022376213	-0.0005594276257514519	-0.0005539169860638293	-0.0005429365746052739	-0.0005054429401060712	-0.00042783780207847344	-0.0003232897803628898	-0.0002490680361608155	-0.00022615910012790952	-0.00014032184702389427	-0.00012694618793662737	-0.00017643329939392993	-0.000250021368625869	-0.000260777671158563	-0.0003081776804234049	-0.0002494868981545162	-0.0003465911043408487	-0.00024309285921036983	-0.00026059190612673366	-0.00021023162160779818	-0.00021821864844631667	-0.00020729105498079603	-0.00024387489423738362	-9.460410753392434e-5	-2.508709386062069e-5	-0.0002803059932603158	-0.000622475484785695	-0.0009666792843629479	-0.001071775018995219	-0.0008179918114387119	-0.000469181217314929	-0.00032442852007305567	-0.000520274166630752	-0.00047387416473448907	-0.0005330619235952017	-0.0004114940159449798	-0.0003945978808463091	-0.0003271028955510735	-0.0003198209904374527	-0.0003907566457905798	-0.0005230033702126324	-0.0005565321619348251	-0.0006870798981845061	-0.0007121472010186702	-0.0008488830992303686	-0.0009513713861847295	-0.000923251434071376	-0.0008174696965353168	-0.0007746774055572558	-0.0009027659934705834	-0.0009395341893803782	-0.0009006804590344641	-0.0008069548067951571	-0.0007927812800765516	-0.0007705820692909676	-0.0007577550544500544	-0.0007009865734750043	-0.0006953213146313614	-0.000687278571727401	-0.0006726751783630441	-0.0006336804355983744	-0.0005561224516916624	-0.0005473071160774085	-0.0004625750921628119	-0.0004762657564334749
-5.9486055946529615e-6	-1.206661398404918e-5	-1.3913351807476326e-5	-1.4135958842278334e-5	-1.1676010906822715e-5	-1.139505671895677e-5	-9.15932856903473e-6	-1.9109735495403957e-6	-1.3536729788314605e-5	-5.5974078453854825e-6	-7.213207895567786e-6	-5.160478435631971e-6	-4.078001770903977e-6	5.369238040286994e-6	5.279782145338474e-6	2.6533053098382053e-5	3.758309527306103e-5	3.885128872262167e-5	2.5212755602917192e-5	3.379591528504533e-5	1.9925845912496798e-5	2.7356052536078868e-5	2.823529008256359e-5	3.288494368307304e-5	2.336310398615149e-5	7.455631164526855e-6	1.7361505028762325e-5	3.6617752016340765e-6	1.39440846022576e-5	-2.4408200070477615e-5	-3.9840155371777264e-5	-3.557217563045223e-5	-2.129423644792877e-5	-1.3080637918314042e-5	-2.374007078160406e-5	-2.2196726336305705e-5	9.717582099243172e-6	9.380187598884149e-6	2.7183557596739683e-5	4.690430986317717e-6	7.290307680457575e-6	8.150389542958825e-6	-4.181202042582988e-5	-8.66127915916115e-6	3.250643786263663e-5	6.197857873625756e-5	-7.749518800108379e-5	-0.0002615626573838903	-0.0004193246021678282	-0.0004191858340475696	-0.00018126643849120105	-0.0004063919470040367	-0.0001512484516970336	-2.352907365471557e-6	-0.00017179080423826432	-0.0002833308132381418	1.9285098691590452e-5	0.0002625440555063807	-0.0002855510185945098	-0.0003768517008867489	-0.00034214125673240336	-0.00021482853039891947	7.598188137697415e-5	-0.00046851287606453074	-0.0006080907825889437	-0.0007463538099182487	-0.0006429620681355774	-0.0005594021209795463	-0.00043109516824346716	-0.00034517770586273144	-0.00022504189050448486	-0.0001834691513297182	-6.621180600324683e-5	-5.1083403999896415e-5	-0.00020091176118619547	-0.00023052340201654142	-0.00029212141820084137	-0.0002536469645431083	-0.00022368937431516134	-0.00028887416764211693	-0.00024932785870623864	-0.00023421526437056306	-0.0002203365940221802	-0.0004177179305578371	-0.0007724994277071018	-0.0009433568141058168	-0.0007129036618848394	-0.0003151140416310372	-0.0008246359584768159	-0.00038094077154868233	-0.000867897394576933	-0.00117711042735974	-0.0011631684222572491	-0.0005589655691431994	-0.00041322773761814924	-0.00043244512788406797	-0.000500323478393877	-0.0004692600951913817	-0.0005662830859613777	-0.000496094370010941	-0.0004164994304306502	-0.0003645434973852113	-0.0002767320400609563	-0.0004631511819029599	-0.0004945244864648646	-0.0006632258544442271	-0.0007244465400832456	-0.0007126233305711216	-0.0008719255742764553	-0.0008584837506674103	-0.0008939488992804057	-0.0007950413201049389	-0.000913341175693555	-0.0009072436725487965	-0.0008812117127578872	-0.0008200973515733179	-0.0007748805189080471	-0.0008118644374398992	-0.0007730510372463972	-0.000780305976083584	-0.0006580064043550798	-0.0007451709930529626	-0.0006652100571769015	-0.0006800635542984074	-0.0006062116542256135	-0.0005831421413457494	-0.0005393118753232312	-0.00048722414015649196
-1.3305536956508685e-5	-9.502800293621078e-6	-5.7214159083184e-6	-8.183531163916818e-6	-1.869791620796521e-5	-1.7655129203215936e-5	-1.190563760859048e-5	-2.1705966017637746e-6	1.674216565080225e-5	-1.0178831518978249e-5	-1.1971822730209858e-5	-1.607221842593598e-6	-1.81237951079119e-5	1.5987046755872036e-5	-1.1144297290544003e-7	3.359872059391367e-5	2.77967975243279e-5	1.903012632458595e-5	2.2423280138066104e-5	2.890403031936134e-5	3.1094357232260006e-5	5.645269787659529e-5	3.042039764620391e-5	3.083542590102267e-5	2.2060945735133397e-5	2.3208083133226254e-5	1.8277774584650464e-5	4.073793169120932e-6	1.7201615565981543e-6	-3.2376429011729546e-6	3.828749383510965e-6	-1.335347143190807e-5	-1.4349648856312736e-5	-4.282051276061072e-5	-4.636260993173824e-6	2.5294312000836983e-6	2.1716152097048247e-5	3.855094628940625e-5	2.774223288159322e-5	2.1156047833731373e-6	9.115064931140837e-6	9.882165073228644e-6	-2.9785061136239355e-5	-2.8293060169021222e-5	3.113876235853741e-5	4.603765068819654e-5	-8.259511455853408e-5	-0.0002595704749232264	-0.0004055923956067242	-0.00042160823877229747	-0.0002602624409389631	-0.00035936804747283	-9.553447009175153e-5	-8.472703875300747e-5	-0.00020754118909560582	-0.00020834442894870908	0.00018976054018057797	0.00035271097457642564	-0.00014728624136289836	-0.0003125458789346447	-0.00024212552969526957	-0.0001877224894628049	-0.000151975446116559	-0.0005404327809918619	-0.00044222005180991064	-0.0006419631948424709	-0.0006118036416022377	-0.0005244179938392046	-0.00039437021790572624	-0.00025257151621896345	-0.00014534914721461845	-0.0001490249004927613	-4.114014033954061e-5	-1.4176982070929212e-5	-0.00019390668975008407	-0.0002178468950370105	-0.00025911968100714167	-0.0003103230367985932	-0.0003542009047174943	-0.00022836748334378876	-0.0004548933387089893	-0.000308186085158646	-0.0007595031960121179	-0.0005264029056400998	-0.0008923046394652967	-0.001107607844417352	-0.0015014862140075302	-9.896270868753332e-5	-0.00044207475353996717	-0.0006109098708677319	-0.0008494057302139979	-0.0012617701696839012	-0.0014542980231527225	-0.0009114783168680252	-0.0004538774000736878	-0.00034838352255123217	-0.0004605989981781855	-0.0004848364743535727	-0.0005175097893619918	-0.0004765519337653068	-0.00035322316469313386	-0.0003384638879930235	-0.00032650247306156843	-0.0003882085863708695	-0.00048078133921963806	-0.0005217608636809423	-0.0007168859451379961	-0.0007663983683792175	-0.0008484897289981475	-0.0007877362694433399	-0.0009060052209332314	-0.000873871806080645	-0.000887173300318303	-0.0008259848230732225	-0.0008049568455369138	-0.0007078734484428778	-0.0008129679904527592	-0.0008283130626708657	-0.0008306926143047261	-0.0008049164113010931	-0.0008001301466005473	-0.0007022395566522871	-0.0007174361484670738	-0.0007174537916890267	-0.0006836869059171496	-0.0006531372231249888	-0.0005828370197493576	-0.0005728959201565381
-4.28457128717058e-6	-9.919543214175625e-6	-1.818935274752395e-5	-2.2582188397880787e-6	4.335183199834919e-6	-8.988078022739016e-6	-1.2186522407517386e-5	-6.835668370317599e-6	-9.985426114439422e-7	1.6170380735380102e-5	-1.7197135913655376e-5	1.4995001225946714e-6	3.0511384705670525e-5	4.743656639369376e-6	4.2020430646334817e-5	4.9013565558628236e-5	1.1564865276363079e-5	2.1877626121304117e-5	5.755730148136046e-5	4.1070829463057956e-5	4.394102811645928e-5	3.639237674234186e-5	3.150955516471876e-5	2.7777074802608215e-5	3.602562909446605e-5	5.157441856397382e-5	1.1704821140101629e-5	5.205112057517225e-6	1.1388687844345047e-5	-1.5690577634917824e-5	-3.837684402034636e-5	-4.216503177428138e-5	-8.616672371279666e-6	-1.2602546502031575e-5	-1.865241630854414e-5	1.818518534542346e-5	2.7695406731864658e-5	2.8454756454722452e-5	1.785147387984437e-5	3.860739852812323e-6	7.204148844315583e-6	7.186090915031751e-6	-2.5411806990269237e-5	-1.5489616967540032e-5	3.0218583711716374e-5	3.5851776191905826e-5	-0.0001277713189157953	-0.00031370862938612243	-0.00040462551169871686	-0.000380024513376917	-0.00024229988675184	-0.0003593636672960532	-3.552399693851349e-5	-0.00012129928138315815	-0.00023611506196410947	-0.00031876074913297914	0.00012796936036882367	0.0002607372455963597	-0.00010157593299461865	-0.00023071889451026228	-0.00022350157532005643	-0.00031505478130869347	-0.0004074969745318513	-0.0005712665995631638	-0.0006371173467273339	-0.0005646759969335502	-0.0005065346818204641	-0.0004072423171255779	-0.00031287291334114453	-0.00018167720149467326	7.234535453343183e-5	-7.66468897898942e-5	-3.745479187217127e-5	1.7793295049167712e-5	-0.00013112094743306102	-0.00021397643422751966	-0.0002648616829331596	-0.0002836589882253271	-0.000514684996011372	-0.0010050848629934717	-0.0006058319275935309	-0.0008196239411999151	-0.0006214781532280778	-0.0004384115011128731	-0.0006844496692505475	-0.0011810364990670619	-0.0013992327023600037	-0.0010448747249369728	-0.0005776193195625168	-0.0009093528707815324	-0.000670067291583254	-0.0009727612530589791	-0.0012155273901130748	-0.001202760118064472	-0.0007307284031338179	-0.0003505660453768933	-0.00033624728652467684	-0.0004730420482407238	-0.0005406894159828979	-0.00047355537676971315	-0.00042174591510096837	-0.0003733975693746838	-0.0003258989974587456	-0.00036688247492117076	-0.0004784371098083551	-0.0005508067981753462	-0.0006082253884570621	-0.0007395317387984268	-0.0007324728605768993	-0.000765466080278332	-0.0009391211831626112	-0.0007890563809981321	-0.0008877925933466202	-0.0009249823964500165	-0.0008180168695193224	-0.000852307154974169	-0.0008707783279160441	-0.000754111989867412	-0.0007738253852800081	-0.0008570816170498652	-0.0007764537342073996	-0.0007894653669942436	-0.0007822425400570016	-0.0005999242931858245	-0.0006663076047939281	-0.0006486717565000466	-0.000555924938245092	-0.0005909158069545423
-2.8920518323899413e-6	3.7100444244542174e-6	-1.450126910912397e-6	-9.40790170376668e-6	-1.6699291417992396e-5	-2.2042377146626324e-5	-6.460755053779715e-6	-6.2229721701188845e-6	6.265739609014748e-6	-5.891381132938633e-6	1.1838573199009217e-5	-6.167213278691214e-6	9.957258541998248e-6	3.528882264527966e-5	2.5307354410870897e-5	5.1750456133911604e-5	2.301161268914581e-5	3.796224348328464e-5	3.090800022604451e-5	3.769373159955014e-5	3.37366988728896e-5	2.5117836955322603e-5	4.713840158054178e-5	6.403868537882551e-5	3.665789351757487e-5	1.3790410870531677e-5	8.826651432328192e-6	8.659406199908182e-6	2.1683716020653998e-5	-4.675366756072552e-5	-1.8026424537104235e-5	-2.5588224573068474e-5	2.867048503989167e-6	-2.552433579165042e-5	-2.436098469216913e-5	1.0907116139088902e-5	2.1506492875640604e-5	2.035397620846896e-5	1.1980467616232171e-5	5.564761975870858e-6	3.84943867146742e-6	6.223853897535658e-6	-1.5695706995395853e-5	-1.3962454239666022e-5	2.611206498422114e-5	2.0694486705871706e-5	-0.00013615160214530686	-0.00023815987376663017	-0.0003337165168770112	-0.00033859051413315244	-0.00027310993744311673	-0.0003876297395045969	-5.5680395190382814e-5	-0.00018742242350114346	-0.00032245878710257525	-0.0003960998087686185	-1.496913053580795e-5	2.1921642019001597e-5	-7.443142456542429e-5	-0.0003449883607953286	-0.00046787784367327556	-0.00027944639224147805	-0.00041237266205917944	-0.0006377538297810958	-0.0006492135453360637	-0.000572578061353024	-0.0004707651000794566	-0.0004015754200524524	-0.00027836899452182706	-0.00016956406764800924	-0.0001725918800238313	-0.00016997911325006276	-1.104126338968836e-5	-0.00017623497062732585	-0.00015464135614401409	-0.0004219437971762774	-0.000660758932378297	-0.0004867693336081669	-0.0009233076044175281	-0.0010625646022777158	-0.000680936700254986	-2.2150746948473854e-5	-0.0002774204455567586	-0.0015505114011292453	-0.0006659820503233937	-0.0012139699900708123	-0.0017096824238456432	-0.001913059983864318	-0.0010684051820336604	-0.0005991811821010051	-0.0008571245384454695	-0.001082395234639627	-0.001286041989047304	-0.0014151908160967008	-0.0010076655178672955	-0.000525823278148263	-0.00040386259657701484	-0.0004427589024580403	-0.0004642693824871702	-0.0004607730733421911	-0.00038638063018167634	-0.0004469333822303134	-0.000344002831862561	-0.00034979545085120356	-0.0003932101822964884	-0.0004131233766538345	-0.0005651541647860858	-0.0006485415741767919	-0.0007166904938439578	-0.0007389445782698956	-0.0008841117237184254	-0.0008589537967614719	-0.0008890166435047281	-0.0008526224810814081	-0.0008478206082063872	-0.0008551465416860304	-0.0008314777631603792	-0.0007884497449459765	-0.0006678443258481548	-0.0008050940654164701	-0.0008033848358703771	-0.0007386075117406937	-0.0007365656045157931	-0.0007047510860481998	-0.0006332513430729741	-0.0006129673580778511	-0.0006171205885717457	-0.0005822434678490196
2.0352767865147725e-6	1.996170698355393e-6	-8.04823249061018e-6	-5.525895496391597e-6	2.7552263313739e-6	-1.9715853298921115e-6	3.87938867228016e-6	8.548992676965517e-6	-8.12215935784219e-6	-8.140601365745626e-6	7.015726704012043e-6	4.225871768400585e-6	-1.7506681597011936e-5	1.685312425638713e-5	1.9101761188425326e-5	2.3441032101501058e-5	4.278195744715496e-5	3.528118335677233e-5	2.3268966506222177e-5	8.356912113271359e-5	2.418573913191835e-5	4.576901357911112e-5	4.6775945204864666e-5	3.182671357362943e-5	3.975238920591456e-5	1.880157162771623e-5	2.405377763289862e-5	1.8089360304812674e-5	3.1584817769027274e-5	5.524023079239715e-6	-2.2421586072171595e-5	-6.440681863707776e-6	1.732944950733062e-5	-4.008702115913809e-5	-1.9216600966737163e-5	7.40792084792663e-6	2.6582368034197557e-5	1.2146252428325843e-5	5.722724269290047e-6	-5.066547225165974e-7	7.386640127685085e-6	5.184770798458138e-6	-1.6072434182168305e-5	1.774024178426148e-6	2.0136931401862346e-5	1.0672589656653131e-5	-0.00014134905594077873	-0.0002531856386871201	-0.00027745514002627814	-0.00029265678313898646	-0.00026859536079656965	-0.00034599811297303384	-0.00016377752886514996	-0.0003520137827062175	-0.0003446853089408841	-0.0002877104826083665	-0.00012174125639877187	-1.163925509792274e-5	-0.00023344728927732206	-0.0003483778673527005	-0.0004920402366798138	-0.00015954927917033457	-0.0004675334403479725	-0.0006438475468918681	-0.0006466585622012799	-0.0005885064766238124	-0.0004672028389163252	-0.00038060784775598155	-0.00026481852518148163	-0.0001555328565591707	-0.0001611148606021906	-8.022957298514655e-5	-0.00013874919225706495	-0.001191057016469016	0.00029565658948849105	-0.00039864212408521893	-0.0010277718931993307	-0.00034273055097081007	-0.0005815620923201037	-0.0011929331155714762	-0.00047409519886298934	-0.00047678679147150627	-0.0007945389528599134	-0.0005788066163511796	-0.0017411586408777602	-0.0013170054088094962	-0.0009922080843570436	-0.0017800814988699898	-0.0013825007848591864	-0.0011559152441643905	-0.0005664260857227155	-0.0010325263495765402	-0.0012125729500350735	-0.0013252775938298045	-0.0010280889399354176	-0.0007646717438934691	-0.0004942772059701728	-0.00048171182754491726	-0.0005007441206475449	-0.00039264895371551867	-0.00034609655853029553	-0.00030075604333379413	-0.00033271301295642597	-0.000350726600539808	-0.0004030420571940474	-0.0004509028545506	-0.0005324549199985096	-0.0005987822141329674	-0.0006904852210831702	-0.000786146708712035	-0.0008618624238766748	-0.0008085936022313167	-0.0008287628320158974	-0.0008728191162443028	-0.0008009655991843972	-0.0008454057224237255	-0.0008241653518502312	-0.0008004549052666871	-0.00076842267466605	-0.0007290848263660776	-0.0008832106020931901	-0.0007557607447847281	-0.0006743734303621407	-0.0006754776750959868	-0.0007191710464996004	-0.0006829089518271131	-0.0006902144426747941	-0.0005729465003562889
1.2162845600474648e-5	-2.1639732106920606e-6	-3.3656885329962083e-6	-4.061082796002341e-6	-8.968144694747326e-6	-6.899941772456342e-6	2.7248064373396053e-5	2.9451952216017624e-5	1.505546365744917e-5	1.5662478367213517e-5	-1.2418131030856455e-5	4.254333159630502e-6	2.6849456631530128e-5	1.0997339107074455e-5	2.431304371155671e-5	4.094199697150802e-5	4.6478408144770555e-5	4.105887830251065e-5	7.03782263586708e-5	4.7074811496822244e-5	1.8414587888392064e-5	2.131207699467702e-5	1.67907517317073e-5	2.1289669788378263e-5	1.0029878945612414e-5	3.2439742623895096e-5	-1.8810788430384529e-6	-1.3646237460342159e-5	4.382009132723047e-5	7.410831930759754e-6	7.047610650449954e-6	-1.635331193378109e-5	-2.9784694675905055e-5	-2.876222914352522e-5	-1.8507328915923216e-5	4.097902410200166e-5	3.682380138661512e-5	1.9979756781321467e-5	2.3693975384139754e-6	-3.309707109072635e-6	2.110734005113246e-6	-1.4606445935573531e-5	-7.4029888122439935e-6	1.0820201614032687e-5	1.4966848832335955e-5	3.8545604425302415e-6	-0.000114034144540337	-0.00025471857153895605	-0.00030320744396142296	-0.00039076963561680833	-0.00028096116579112707	-0.0003661249515368725	-4.6640076783316387e-5	-0.00039026955278576025	-0.0004550081318666077	-0.0002708822771126107	-0.00011912937650238042	-0.00010896729048595621	-0.00033627433303207166	-0.0003786543040923407	-0.0005040184849341989	-0.0001674135938385668	-0.0004801025549339144	-0.0006472409153773784	-0.0005736268144512779	-0.0005471739142511034	-0.0004354172426258851	-0.00035985167753591063	-0.00024582503133779854	-0.0001593988656345413	-0.00015945334028849567	-6.914050495326896e-5	1.309038598004686e-5	-0.0008187519867815241	-0.0004824766996515406	0.0001074313251206438	-0.0006349724413802493	-0.0009944611930809422	-0.00046108543632489285	-0.0006099012560181055	-0.0009723627935817603	-0.0010708129652078902	-0.0006706700754650907	-0.0010357076220962602	-0.0015967854794483871	-0.0017483632011768002	-0.002179057958379138	-0.0020235739104333683	-0.0015495461597875293	-0.00180079159049773	-0.0009302347260542465	-0.0012052460418576771	-0.0009789932059467432	-0.001267073210676345	-0.0013930305737056004	-0.0010060084427825078	-0.0005454137337081166	-0.00041649557067091614	-0.00047142094264721046	-0.0004899940045724471	-0.0003739404922861733	-0.00041196100350471276	-0.000368541445191356	-0.0003191887617930156	-0.0003649369608588193	-0.0004399894728071563	-0.0004888529013015452	-0.0005733390314160286	-0.0005758801248367806	-0.0007671038923431212	-0.0008005853000935675	-0.0009023079267263256	-0.0009066885946467512	-0.0008039896786521394	-0.0009098534143985038	-0.0007942726023332097	-0.0008426762141810346	-0.0007866595710340901	-0.0008528391870748359	-0.0008186799610628015	-0.0006879961303354193	-0.0007693034067852295	-0.0007593979698544695	-0.0007265981924204495	-0.0007217705122811169	-0.0006920631949458578	-0.000626250786254709	-0.0006700086969610441
1.3605154329521252e-6	-1.4520497434653001e-6	-3.7193365791735045e-6	1.5019677938443027e-5	-9.79712188112214e-7	9.547498696586137e-6	4.2774803339119816e-6	4.548458777588887e-6	1.5909269615674987e-5	1.5654702740282994e-5	1.5362125091976375e-5	-1.4530472094639868e-6	-2.0033185722280467e-6	5.4392911073668226e-5	1.826218701001664e-5	2.9783923808160417e-5	3.212799058911753e-5	5.10819544215918e-5	1.4730249355346392e-5	6.325727810486959e-5	4.580271004053088e-5	6.502253379822576e-5	1.3378503491666416e-5	2.4394103273830958e-5	6.305218445881028e-5	3.8354702985680944e-5	1.4074159589497204e-5	1.76548744157054e-5	2.6616431498052706e-5	3.5873588713312976e-5	-2.6182476325908866e-5	-2.827982260259626e-5	-2.3279512540753944e-5	-1.3672405221876183e-5	-1.7215703146909733e-5	5.715212103487438e-5	7.684662747722143e-5	1.4778006292640034e-5	1.0432475738321456e-5	-2.8583163396919686e-6	-3.0554915151845274e-6	-1.1740167757227915e-5	1.4181765570914218e-6	3.3070735819956676e-6	1.833735745714049e-5	2.0103612784899694e-6	-0.00012470202062804525	-0.00023719871661449787	-0.0002934690674066126	-0.00036246931996684884	-0.0002909486952577811	-0.00035922326528312065	-0.00016244907112203388	-0.0003847427411385329	-0.00038040569392411294	-0.00030143417926661864	-0.00023771990018822686	-0.00025313161506126947	-0.0004939977138289364	-0.00039722853695592364	-0.0002805432340428904	-0.00018210479565267113	-0.0005244776162850739	-0.0006485370205276675	-0.0005916126724798965	-0.0005273722929709235	-0.0004256133531548023	-0.0003419912183305618	-0.00022365955658701364	-0.00016327006586991377	-0.00014765616897574607	-5.004745966610824e-5	3.0319674722278922e-5	1.9960500266535952e-5	-0.0010442042456398903	-8.978783211724406e-5	-0.0006574527250738371	-0.001179768316459523	-0.0006391770012575959	-0.0004321977866740545	-0.0009362043887524429	-0.0009862379988199999	-0.0008904655550250051	-0.0011921544307291754	-0.0010873649702002053	-0.003226579379112665	-0.0021910971041011473	-0.0022106792850300205	-0.0019451211431473214	-0.0020613972920129064	-0.0010865025849501886	-0.001340240618138977	-0.0011763310659752835	-0.001125191246599544	-0.0013880272235408664	-0.001379605763397046	-0.0007953500098106803	-0.000592011066904985	-0.0005063896047277638	-0.00048368987634606064	-0.00035799690685858754	-0.0004115958030133371	-0.000348784835648569	-0.00040795729424822347	-0.00031618833853247486	-0.00042542793723607253	-0.00042740736839498583	-0.0005035898174160502	-0.0006577194279662468	-0.0007452221348694388	-0.0008482646789848003	-0.0008872193637318032	-0.0008939235766544651	-0.0007842186362100323	-0.0008545560743408731	-0.0008955897351850539	-0.0008529011579026108	-0.000869162534913176	-0.0007631695037209341	-0.0009089652338103993	-0.0007330969663786602	-0.0007244264790904481	-0.0008055954026694317	-0.0007338843270067452	-0.0006943696334062166	-0.0007747667514056839	-0.0007056249096311362	-0.0007158391956453569
-1.6467580879649113e-5	3.390156184208612e-5	1.3679914406122817e-5	2.056548833138938e-6	-7.993089697067024e-6	-1.0020982524686084e-5	-2.25858505617689e-5	2.115206881175835e-5	-1.7604949345117332e-5	-1.3739322722063074e-5	-1.1587768505155749e-6	1.944564680719102e-5	1.9742823641113322e-5	1.2582529419422062e-5	2.4419477399374723e-5	8.115421041340193e-5	4.028788153781493e-5	8.797893566014209e-5	5.984244295844515e-5	-2.560245852128995e-7	9.421000763364107e-5	7.039221636140347e-5	4.044217326477917e-5	5.5220994335351825e-5	7.165103308847537e-5	5.152189872653645e-5	1.787394559617239e-5	-4.036891263978215e-7	-5.2055554962057715e-6	3.797804085103884e-5	5.926375384358862e-6	-3.132644100720117e-5	-3.692521223681855e-5	-2.0385283088300565e-6	-8.361859381994519e-6	2.4881608817577117e-5	5.854788713306053e-5	2.5760426777821088e-5	2.5125639416256895e-5	-6.894966368686806e-6	-1.3678207329802239e-5	-2.195809994335468e-5	9.525195844746481e-6	9.17452149407777e-6	4.693549151765786e-6	-5.6941745155830725e-6	-0.00011218688792617032	-0.00021414952710435697	-0.00027325004780566486	-0.00033452444698871264	-0.00032943895549898683	-0.0003910877633024612	-0.00017842804274012525	-0.00033456319312175076	-0.0004130794556238271	-0.0003033612033451205	-0.0001834289230923103	-0.000336084159634209	-0.0004765198001813187	-0.0005237262555059241	-0.00029263094985382265	-0.00017804753765088277	-0.0005087341875889551	-0.0005941782591119271	-0.0005760175799882084	-0.000491056793752026	-0.00041284435288793664	-0.0003119896376836684	-0.00021347804817287153	-0.00014639308645522653	-0.0001323119370143233	-4.4584344896514416e-5	1.7602105753869446e-5	0.00020175341757487641	-0.0006700526830431819	-0.0004832589406769672	-0.0003697343342948245	-0.0009970129344512302	-0.0009568200008344685	-0.0005844386931873335	-0.0008209421423904795	-0.0011597759135440616	-0.0009491001084008244	-0.0011568866589532767	-0.0012997671710625325	-0.0024906326805650136	-0.002144555449022645	-0.0021535651560655733	-0.002595654218905813	-0.0027050573087918084	-0.0023058094799841	-0.001583808091187161	-0.0016797247837443963	-0.001179654852533768	-0.0014000250980229778	-0.0017322982306423873	-0.0009795475867067915	-0.0006846694045048451	-0.0007433215262926673	-0.00042137326830907207	-0.0005664870786001308	-0.0004279255508971014	-0.0003901289361007976	-0.00034958456051822906	-0.0003545714199679195	-0.00038872730555306045	-0.0004269459872446868	-0.0004798704294171896	-0.0005827616026462396	-0.0007843541658184017	-0.0008904781198439821	-0.0009245416650142946	-0.0009877392534527601	-0.0009550712575401993	-0.0009644851638266477	-0.0008777989066958286	-0.0008584347490660227	-0.0009037407812124282	-0.000806605330487889	-0.0007956341889579083	-0.0007768974211782437	-0.0008975312387835693	-0.0007856958248071699	-0.0007881986523964463	-0.0007281227639051313	-0.000791395185061744	-0.0006292118377975581	-0.0007539473006416136
5.156067874089246e-5	2.3040437830204596e-5	-2.230392248930152e-6	-6.53878183152698e-6	2.8323730080076492e-5	3.182384043787234e-5	1.5664949535015155e-5	2.3844838050682965e-5	7.979722297431907e-6	4.219033976349262e-6	1.3209206135584434e-5	2.621162103555799e-5	2.6246730483459046e-5	4.5155028804630404e-5	9.612403592280244e-5	3.309199919296346e-5	7.683750716854648e-5	2.7678688876466018e-5	9.079033369292083e-5	2.2799737900598693e-5	2.429942260861323e-5	5.3619505211745244e-5	7.026679856459578e-5	6.226183197483026e-5	7.956729350909464e-5	5.721548072563226e-5	5.2216958513172373e-5	2.445443261951674e-5	9.811339241050376e-5	4.9369482026800915e-6	1.2643425260742969e-5	-1.0480191475932543e-5	-1.0413947265294765e-5	-9.249542321301818e-6	1.060901637806727e-5	1.784352830422331e-6	1.904651241411981e-5	3.316753067941075e-5	3.5273170560616574e-5	-6.150090744831693e-6	-2.7993703275580595e-5	-1.368497979867267e-5	2.616219957687904e-6	1.0999022873048325e-5	6.696626217959911e-6	-9.954884139240505e-7	-8.531531872028181e-5	-0.0001879776347600559	-0.0002707794221051135	-0.00028863086183258946	-0.0003369562929459585	-0.00045148234976977175	-0.0002001310055177452	-0.0003965882223316841	-0.0003689173359161524	-0.0002960830734234643	-0.00020605772947310252	-0.0002780531122188734	-0.0004981777208638849	-0.0004573289858790519	-0.000288807658344048	-0.00018418731166994218	-0.0005186200123866169	-0.0005890858027074453	-0.0005588082795972282	-0.00047908989492598253	-0.0004085429780933958	-0.0002953370707714509	-0.00020106301823127892	-0.00013935882179141879	-0.00012525167101401502	-3.836447869456916e-5	1.4259089785653711e-5	1.732147628455416e-5	-0.00010810691643096948	-0.0010024623665894072	-0.0004964973896424973	-0.0010498783938571454	-0.0012630348785076795	-0.0006605974155280553	-0.000857323592543327	-0.001607514180362174	-0.0009642617726426245	-0.001148751350120436	-0.0013620861686811092	-0.001623201779151623	-0.0023916390721155645	-0.0019340040593313068	-0.0015556909688414777	-0.002208458730560553	-0.0028771132394925236	-0.0016284571065748599	-0.002376640884961534	-0.001090506608625308	-0.0011383870452200129	-0.0013440320189260502	-0.0010632562842324833	-0.0006643369751882511	-0.0006843464358564921	-0.0006863938605862485	-0.0005627859289702997	-0.00042611297303152273	-0.0002590635561974808	-0.00041501704850510635	-0.000329918497035675	-0.0003512966653684835	-0.0005731045380017591	-0.0005816212149487715	-0.0005912807472373965	-0.0008137867083760769	-0.0008990149488567745	-0.0008310092447071787	-0.000957880361401181	-0.001086605328284862	-0.0009614322402443087	-0.0008091680136265017	-0.0009940007389235006	-0.000996918087360979	-0.0009379195000953217	-0.0008703124462425271	-0.0008582040178332917	-0.0009655806384491206	-0.0008233993586785615	-0.0007245029218488214	-0.00085610121964598	-0.000619078943924628	-0.0007229565763319096	-0.0007857956212803385
-1.3129215325601712e-5	2.9881532632395486e-5	9.662172863016127e-6	-1.4030287077537035e-5	4.278088761066126e-5	3.203983302627056e-5	2.9298016378416503e-5	1.4411679044156606e-5	1.0171144525575326e-5	1.1410252896606327e-5	1.9458221383987506e-5	3.080609389544825e-5	-1.0305082525155496e-5	1.9155692114990186e-6	4.9452068145734024e-5	0.00011036328236924478	7.221613715011066e-6	6.080211854830875e-5	0.00010098252854577605	4.939947160099295e-5	3.97978411293895e-5	0.0001093359582558795	8.916433238449761e-5	4.677829792357896e-5	5.211054732254944e-5	5.529848009621502e-5	2.059999631813525e-5	8.831061424664777e-6	2.813601294223561e-5	8.65424106075846e-6	-2.3931811393707036e-6	-1.4185255617707448e-5	-1.0210827409290468e-5	-3.104641652269813e-6	2.83547924723182e-6	1.440697116727313e-5	3.227816451623067e-5	5.651481615586568e-5	9.44759488740246e-5	-2.562347035939272e-6	-2.350611296320776e-5	-2.179341722276934e-5	-3.869531648229008e-6	8.75236406787383e-6	6.898773002514402e-6	-3.870468941007121e-6	-7.029744787580977e-5	-0.00019800275134762568	-0.00026523249200237353	-0.00029186161191845084	-0.0004047565982465834	-0.00041702601658380467	-0.0002203467529965364	-0.0003856278425924675	-0.00036848409306483587	-0.00032534500917988374	-0.00019273344422157668	-0.00039996306613887533	-0.0004521292823640721	-0.0004273980865401872	-0.0002832487217864499	-0.00018502101760409229	-0.0004900714035971365	-0.0005586401480295322	-0.0005470423094545984	-0.00046954778173263767	-0.00038858396752064484	-0.00029795374934665775	-0.00018785336350704562	-0.00013665201132120885	-0.00011978932385955932	-3.0969663682503534e-5	1.3873001055222933e-5	-3.7578761716977604e-6	-2.790293386970011e-5	-0.001792516898801999	-0.0006002790192000118	-0.000753112108266285	-0.0016392638808870874	-0.0008583371090709752	-0.0008368103389042036	-0.000878336680731201	-0.001159735146458174	-0.0013448044359955919	-0.0010675512166977152	-0.001753640370937004	-0.001954345095044746	-0.0014212407162608742	-0.001888907120994876	-0.002373528467953384	-0.002179139464361657	-0.002302769160252016	-0.0015955561784991579	-0.001131629384382854	-0.000992170026692385	-0.0012750539838367325	-0.0009056153656844534	-0.000815557231123587	-0.0009202835108551577	-0.0007105508542659678	-0.0007739164821149447	-0.0004393486724603435	-0.0004686750510254911	-0.0003637294502048527	-0.000339932294552564	-0.0003526343063040005	-0.0004992802395478724	-0.0004777006730721095	-0.000629583244262169	-0.0008157267439648508	-0.0007935785405546736	-0.0009626950235250287	-0.001110234417421585	-0.0012242119091458031	-0.0009938541482845675	-0.0012015083047413333	-0.001143119008738952	-0.0008706619323076148	-0.0008788112316852892	-0.000799810181192212	-0.0007665385947513981	-0.0007940385079053397	-0.0008390882650158304	-0.000790367633536973	-0.0007983426311523878	-0.0007968349862320229	-0.0007899709966036061	-0.0007431489039595729
4.078005755346961e-5	9.37190863109505e-6	-1.5909801958941677e-5	3.841386356142479e-5	2.2642668176618003e-5	3.672995067816043e-7	-8.561765120658482e-6	5.3547764096092965e-5	4.2268254326315036e-5	1.164248358094186e-5	1.0135853202759837e-5	-4.279018274693652e-6	1.2688391461644632e-5	1.7596555722948493e-5	3.868427307001168e-5	4.4938393555394446e-5	0.00012794979268801465	1.864500144988651e-5	8.298010011325435e-5	1.4256759293083954e-5	3.70731830651172e-5	2.927766861414438e-5	5.8421880614473176e-5	7.227682157200793e-5	8.455614518027704e-5	2.3310384655514382e-5	4.2700231371595176e-5	3.606651002158179e-5	2.9551077296990913e-5	1.4374850051609989e-5	1.4272652070629332e-5	-1.8065653682210192e-5	-2.8244393586104866e-5	1.1453136616185189e-5	-6.231910061778312e-6	-2.228676715832628e-5	2.3728761468742865e-5	6.687145845743481e-5	6.861310835899054e-5	9.829336780273201e-6	-1.7029586833576527e-5	-2.532876089856445e-5	-4.5835259416052154e-6	4.234779844500269e-6	5.230299158186236e-6	-5.3843209188095265e-6	-8.283094587828443e-5	-0.000173932284590686	-0.00026260528582407183	-0.0003415024339703532	-0.0003378012496460525	-0.0004934319207568205	-0.0002530316039160707	-0.0004323239921437405	-0.00038982089908476403	-0.0003027670822386419	-0.00027534366713738434	-0.00027403764370562134	-0.0005961455179330499	-0.0003921976111931347	-0.00027874021233526003	-0.0002062482845101299	-0.00045745649455974924	-0.000605429356821674	-0.0005146669483820088	-0.00042887882481523754	-0.0003591495135145395	-0.00026851568494731803	-0.000179852834014671	-0.00010966482713245518	-0.00010394191150148169	-1.4132538455474686e-5	4.1490463408705436e-5	1.527012457452903e-5	7.2200330566638e-5	-0.002213600971360391	-5.406220176390475e-6	-0.0004379441080615276	-0.0018368402382885202	-0.0011794451873492484	-0.001083076220939963	-0.0008439070297606988	-0.0016918877898067924	-0.0008173990466691511	-0.0011845764581915053	-0.0020554450069071306	-0.00175924920247858	-0.0016588863572739032	-0.0022368434014763405	-0.002067831836750217	-0.00203785767774467	-0.002663903767713416	-0.001685402141200082	-0.0015459680757778926	-0.000816975976886819	-0.001241851788503362	-0.0012233976115147427	-0.000961913448199736	-0.0010207133879433505	-0.0007585854101994915	-0.0006954031870742144	-0.0005186721386586657	-0.0005242045014210162	-0.00045298193364698425	-0.000428546939688218	-0.000456604226000204	-0.00047695198159870833	-0.0005047676946562385	-0.0006163985413667333	-0.0007818525709669955	-0.0008804344070207498	-0.0009861079552746232	-0.0009899963065041623	-0.0010600599532287897	-0.0011970157341462812	-0.0010621425310455845	-0.0010346363544556925	-0.0010242586358059913	-0.0008433165374788915	-0.0008809882792899792	-0.0008289237493023377	-0.0008064332068877939	-0.0007647786939325718	-0.0007608439854707438	-0.0007864478751389015	-0.000870199131936672	-0.0007751094525335761	-0.0008591417648921157
1.56908622379881e-5	3.607611713703218e-6	1.5199819755704752e-5	6.622115236807474e-6	5.570071313909519e-6	4.528005710180763e-5	3.08776845780491e-5	1.2720863316710573e-5	-7.280298326001189e-7	-1.1314412406114582e-5	2.038940034605058e-5	3.09795635325405e-5	2.425577398440168e-5	1.8245792788966486e-5	4.79382977541451e-5	6.214249790746293e-5	0.00010784317097103577	2.1217969872408537e-5	4.364684937259444e-5	7.343958828651825e-5	3.745000240907431e-5	0.00010903696511226774	8.23438100474791e-5	5.569327442798977e-5	2.4805774296622618e-5	1.0357275475637862e-5	3.255231913017187e-6	3.192760183838572e-5	9.648958606937874e-6	4.593771110034117e-6	5.57957255701777e-5	-7.528101406140131e-6	-5.197919460304956e-6	-1.99096978053398e-5	-1.3242989604228539e-5	-2.208390642664121e-5	2.0619559120034492e-5	3.3725558695567315e-5	9.052176272016793e-5	4.0072468455477905e-5	-1.3148644499583195e-5	-4.290125058589028e-5	-8.518944555856167e-6	7.275299069783858e-6	3.478624723343704e-6	-3.432351516723109e-6	-5.1697269512138155e-5	-0.0001713769013853006	-0.0002683836518909549	-0.0003138429978139651	-0.00033206312265859905	-0.0005463441526444568	-0.0002792720048272468	-0.0004414041116125589	-0.0004342876058771594	-0.0003699131842851977	-0.0001569178359299428	-0.00024839982501467794	-0.00040765436382442233	-0.0003853293964288518	-0.00028152637989928286	-0.00019487003590640262	-0.0004489839684936048	-0.0005367804963539446	-0.0004644044740778619	-0.0004213111760506538	-0.0003203396402307046	-0.00024218161113684356	-0.00016870417172618057	-9.508865049523418e-5	-8.78036586580283e-5	-7.345873041797457e-6	5.5950693297196485e-5	5.794255158141082e-5	-1.1816328080935246e-5	-0.00048111323085187063	-3.490016869250878e-5	-0.0005674083501227417	-0.002101562656536826	-0.0015549500467608446	-0.0009338072004018427	-0.0010438705238743906	-0.0013089967564744454	-0.0013633831563719667	-0.0012642071970433294	-0.0021574782563781036	-0.002051153684835133	-0.002524804696910077	-0.002961419766096124	-0.0024480029179978213	-0.002005814843646786	-0.0032522006463732434	-0.001454779018604524	-0.001895874028514516	-0.00048753148219893294	-0.001042315561118612	-0.0011467338927387272	-0.0010169071227444926	-0.0008445794573690851	-0.0006980539226080634	-0.0006403624776708111	-0.0005137146979507234	-0.00040121638975564033	-0.0003475107257077531	-0.0003493708718594474	-0.0003353923193859243	-0.00047182945267856824	-0.000490358131703672	-0.0005777609445554999	-0.0007145146984927769	-0.0008492076237088392	-0.0008709186572874311	-0.0009531281829327359	-0.0010748784176096982	-0.0010631536644968576	-0.0009693863008315706	-0.0011223204266982978	-0.0008833724485408923	-0.0010013802244010495	-0.0008331195683417697	-0.0007466004138707849	-0.0007706469826434387	-0.0008167674609566022	-0.0007425987136409212	-0.0008127369762432612	-0.0008435602943165227	-0.0007865735818755881	-0.000654926434265346
2.0120168552073547e-6	2.1273117273810926e-5	3.719100765200989e-7	2.5538149069428973e-6	1.960076876196884e-5	7.808950426395345e-6	4.035230049409533e-5	3.073518653126661e-5	4.702209867139817e-5	2.494990813343284e-5	1.631622137746036e-5	1.900602911815083e-5	5.047521347287601e-5	5.614611396252342e-5	0.0001016580857037333	2.9880839556156724e-5	4.811317089094963e-5	3.366972499418974e-5	6.340463798524404e-5	-1.0169707957696783e-5	5.1215456029797546e-5	1.1003654042628097e-5	6.590709857208499e-5	4.0125694108529564e-5	1.718720651910921e-5	6.975383866434509e-5	3.981877382073368e-5	5.0464927375815094e-5	2.881083772162535e-5	3.1316638735359725e-5	5.137566262171378e-6	1.1753972903490173e-5	6.305618462272566e-6	-2.875463105470044e-5	-1.1383469579288874e-5	-2.225519735946785e-5	-5.312854648407972e-6	5.636280179556474e-5	6.196101899787199e-5	3.905562993237327e-5	2.933464560671284e-6	-2.845655894083421e-5	-1.771066529109716e-5	1.6889479181533829e-6	6.668870642344282e-6	-4.553906622455084e-6	-4.8365975937811334e-5	-0.00014260019651646944	-0.00021829098316265838	-0.0002410252563939813	-0.0003320679473582666	-0.00042990482593090185	-0.0002798534147474552	-0.00038890976593666804	-0.00038687784746638254	-0.00027627982584002564	-0.00017763789571245692	-0.0002101027511691722	-0.00044603883737545647	-0.00038780869357837866	-0.00033245569274961695	-0.00019294643573836145	-0.00041016801717239093	-0.0005075996090467272	-0.0004698734522128045	-0.0003894935285755907	-0.0003098389448653871	-0.00022945376284763674	-0.0001532129176133601	-7.455315661694661e-5	-7.607267029849374e-5	-1.4826822495456193e-6	5.257076783442283e-5	7.751556232830914e-5	6.867325826921677e-5	-0.000769394339905638	-0.00041574801760979607	-0.0008178487509620525	-0.0018632297267562326	-0.0015319416340944109	-0.0010922207116601662	-0.001302315879919344	-0.0017200454352928746	-0.0017887282410464223	-0.0019385678511670695	-0.0019789513083789956	-0.002283648587071696	-0.0020689740784334	-0.0021390922995585815	-0.0025125876379483714	-0.0023500983581045687	-0.0027456410560920685	-0.0016763551722968895	-0.00201894736389166	-0.001094406074011317	-0.0009629035372868411	-0.001170626347593573	-0.0013841937708883312	-0.00099890083617854	-0.0007891453246075542	-0.0006619605612354779	-0.0005639006720337819	-0.00048612605260678343	-0.00033306930347434816	-0.0004331530999764771	-0.00045234578344328924	-0.000515941123374955	-0.0005854124054006232	-0.0006055233647394437	-0.0006994556854284656	-0.0007150507703307385	-0.0008249371932084193	-0.0009075882070625624	-0.0009579651850423476	-0.0010029834384903125	-0.0010359506807076924	-0.0010268266857453578	-0.0009912942352825055	-0.0009133187814976823	-0.0008895550832402344	-0.0007746960148033444	-0.0008401971089352922	-0.0007416089411408505	-0.0008427357856694018	-0.000808394823520811	-0.0007487373503319017	-0.0007870172525833996	-0.0007733887423706787
2.1089564827565105e-5	5.827394502274513e-6	1.0760205118413857e-6	2.1307421430548368e-6	2.7951535942587202e-5	2.237787890104273e-5	8.999294907365007e-6	4.41525559603112e-6	-2.43589328395577e-6	-1.7132906692755162e-5	1.8317677019305534e-5	1.4479872921351056e-5	1.1038215968432047e-5	1.2727125126357763e-5	9.094162326406946e-6	2.758967099919518e-5	4.303639909719603e-5	8.599799149709708e-5	5.87735199050754e-5	3.19891845217829e-5	5.5211419745966606e-5	2.821428420757277e-5	7.062026690426298e-5	3.159298452189152e-5	2.340600315561131e-5	4.068270080623965e-5	2.5147623783708384e-5	3.2925957967055997e-5	1.587795921218632e-5	6.5779597480802865e-6	5.440477170333413e-6	5.4863156118828416e-6	-2.3591052071905705e-6	-3.4620232028381714e-5	-1.5328025307348447e-5	-8.722689996513988e-6	-3.307749039949126e-7	2.6688666467794553e-5	7.994294028840221e-5	7.776943748271509e-5	1.8094199099108477e-5	-3.059485770198073e-5	-2.6573902041533703e-5	-1.8254430085573592e-6	5.1233399033651095e-6	-7.989832753740878e-6	-3.67819463038474e-5	-0.00014171708132091482	-0.0002264347368462205	-0.00026421709004714744	-0.0003283174784558113	-0.00033464736515741167	-0.00038089126254067796	-0.0003904284382773293	-0.0003668786325086715	-0.0003904446102369341	-0.00019961776372492968	-0.00023777580165224022	-0.00037354656260563113	-0.00033627055133489403	-0.00029437304156776367	-0.00021183494628568278	-0.0003872744421158647	-0.0004866317635313089	-0.0004173485667301191	-0.0003660380462275348	-0.00030633799533510975	-0.0002192874462743355	-0.0001338224756702866	-5.8470264220622514e-5	-6.53734195683181e-5	7.043512908339045e-6	-0.0001277050947628977	9.101565313050786e-5	0.0011386669580316922	-0.0033487511873729614	-0.000347366705712171	-0.0011657570546906582	-0.0014768398374880032	-0.0022868655959792233	-0.0008752352597014845	-0.0011038818470421319	-0.0020375330025620975	-0.0018001075142212025	-0.001804158745143114	-0.002591189112235992	-0.0015631604669517907	-0.0014411564021148127	-0.002208417929864398	-0.0017418100924267155	-0.001994833057419876	-0.001765467245052471	-0.001612860619799178	-0.0012041304975687894	-0.0010604452082077498	-0.0011436894617120053	-0.0009667658752536556	-0.0012966128691560552	-0.0009887639470206044	-0.0006835109594201944	-0.0005139527345376926	-0.00043600695753473473	-0.000400992174577966	-0.00039485908900210864	-0.0005534485662730265	-0.0005152476774232528	-0.000529357860714133	-0.0005394289789156792	-0.0005658667252220889	-0.000673471067325418	-0.0006389050464898627	-0.0009157060255459565	-0.0008780707899062185	-0.0009938124043325225	-0.0009944931130771023	-0.0011089272902720104	-0.0009917364629172254	-0.0009680049340224373	-0.0008102694101612407	-0.0008161767128030822	-0.000778262507607555	-0.0007779756678281957	-0.0007907193693215686	-0.0006889335749018372	-0.0007881466117763691	-0.0008421453356714792	-0.0007573819468722348	-0.0007624856269376062
-1.7946131776816476e-6	6.53965542742746e-7	3.941671208179676e-6	-7.034458735996618e-6	1.47977414826847e-6	1.410520002664492e-5	2.9685222921287113e-5	4.8932141975474575e-6	4.298664831210719e-6	4.639413582040869e-6	1.8894716520556631e-6	1.83342165234468e-6	2.9463960026128444e-5	1.562221055642632e-5	2.233841746562132e-5	7.435260035697916e-5	2.3918880656496888e-5	3.8326798874367685e-5	3.581453222097769e-5	3.6798877204972935e-5	2.5513604900648246e-5	4.3319197512957375e-5	2.082645471010447e-5	1.6283203626600573e-5	3.611739596634522e-5	1.9805796000645082e-5	2.764168017740931e-6	5.061550679454074e-6	1.322366153209964e-6	7.038359153312135e-6	-3.175903550561854e-6	5.3223847855041195e-6	-1.5338197292130706e-6	-2.8290073192036025e-5	-2.5476669385238182e-5	-2.6134924302825824e-5	-1.4507762938036073e-5	8.971312191394243e-7	2.1115815801615867e-5	8.487629978189137e-5	6.493825008974108e-5	-1.7379290823300864e-5	-5.8306389230655675e-5	-1.1160548396907388e-5	1.61894152597708e-6	-4.877962183486018e-6	-3.6133018235448566e-5	-0.00010416554554679158	-0.00020644261907593053	-0.0002547238852138034	-0.0003247557322887118	-0.0004540406321317664	-0.00040838449809343924	-0.0003271401140432506	-0.0004077061149625194	-0.0002882018083384674	-0.00014131361445596236	-0.00021335479823830772	-0.00031626084346855765	-0.000538294335321321	-0.00034452489472425185	-0.0002301317036240702	-0.0003593175876195204	-0.0004540137482546974	-0.00042497162581513204	-0.00035215861476922683	-0.00027651486352378574	-0.0002054167730011769	-0.00012870873204035016	-5.760859779664618e-5	-5.030313947503029e-5	7.885249527980753e-6	1.4773781156773858e-5	8.751128185817414e-5	-0.00028177377531940495	-0.0012677608030205179	0.00016168553041567835	-0.001596102644583347	-0.0015268676882736198	-0.0014008514769188463	-0.0009013885167788449	-0.0009321923365602364	-0.0022230487210176536	-0.0014813518012073146	-0.0023361350722818364	-0.0021363079415279845	-0.0012489080060927582	-0.0014477346144819991	-0.001830908970441858	-0.0020808852926358645	-0.0012415259705716997	-0.0013895677967654119	-0.001264104240120828	-0.0005716163328263468	-0.000964266276418449	-0.0013791151109564942	-0.001049977762070456	-0.0009220921584878611	-0.0007896301971663244	-0.0007866945658276114	-0.0007894044207375217	-0.00047108837880963095	-0.0004371465841222777	-0.00040417195957230534	-0.000393839799097892	-0.00047694170336211317	-0.0005405920904064804	-0.0005642283905718526	-0.0005064869476514161	-0.000624696148759582	-0.0006665721999973145	-0.0007401415569839587	-0.0007351957432601142	-0.000934386918966662	-0.000974119806085999	-0.0009763686538953598	-0.0009527266161320908	-0.0010123526843208719	-0.0008504052941438883	-0.0007797715403067007	-0.0007264804545697306	-0.0008126653440899273	-0.0007566178900856452	-0.0007269428277650175	-0.0007304158048792447	-0.0007673901737583616	-0.0007189407793053992	-0.0007826440157846642
4.244791909462087e-6	1.0708897419005325e-5	-1.7354631729089853e-6	5.564128530751583e-6	-3.4868017761285897e-6	1.0787810260978054e-5	5.0509774314477784e-5	2.33042467159654e-5	1.6450491413955853e-5	2.3173874115229448e-5	1.5632516982277966e-5	2.6640341950663615e-5	2.3382425010966268e-5	3.0070623183338363e-5	2.030724221592506e-7	2.4452012138166668e-5	3.28046661016157e-5	7.903776727069892e-5	3.171588534335579e-5	2.5244567720961175e-5	4.211967797110305e-5	2.8423528179548352e-5	1.829887207472486e-5	2.7341777930275923e-5	2.7578094430498468e-5	2.0579590006945814e-5	4.500441360723306e-6	1.6104561260943395e-5	6.9257788523277575e-6	7.056232768226645e-6	9.309989845024402e-8	-7.12221622824194e-6	-1.3248410615090966e-5	-2.709067833343154e-5	-1.686676894072786e-5	-2.1434963721513045e-5	-3.4174757208155215e-6	-1.2028166006608498e-5	2.3284960114569597e-6	4.0579898924648916e-5	6.384276462524652e-5	1.2993356390822441e-5	-4.190924517144534e-5	-1.68584569047725e-5	-1.8864716646443958e-6	-1.8594864146723178e-6	-2.0476449854277268e-5	-8.427160553582669e-5	-0.00019966447115452035	-0.00028064230735320994	-0.0002972274553217358	-0.00039274883800906324	-0.0004374864468088824	-0.00047402217784667244	-0.00043856536674838353	-0.000291856332938073	-2.2795923135254803e-5	-0.00018775167401688386	-0.00034965461082059335	-0.00039164810066924516	-0.0004640099849489987	-0.0002741824410741611	-0.0003198584734749599	-0.00044009005424269776	-0.00040184377526897297	-0.0003282065732471834	-0.0002663455556366906	-0.00019510716935296213	-0.00012383097585527691	-5.161249466006934e-5	-4.681440998743902e-5	3.484503484363355e-5	8.979314579209141e-5	9.686565351912924e-5	-0.0006312811016116748	0.00021539681496762775	-0.000143661789278951	-0.0005000512048707051	-0.0008469042600458415	-0.0011395711338544473	-0.0012497105271198211	-0.002121373334157753	-0.0017058208665043928	-0.0014964595806011421	-0.0021464037166553374	-0.002202768008144687	-0.0016005232317435614	-0.0011398883204526145	-0.0019469209426060952	-0.0018041913189131842	-0.0011988219184716487	-0.0014635952584433898	-0.0009314240047644806	-0.00046382223149038504	-0.0007862350289052078	-0.0009993538321092371	-0.0006996614192959077	-0.0006790906617419601	-0.0008015104335443168	-0.0008660423257440125	-0.0006718467546618784	-0.0006358574430875841	-0.00043206821367242076	-0.0004076863846513845	-0.00043302445830450953	-0.0005099932704876603	-0.000478940428982888	-0.0005635059628118777	-0.0005321950313167539	-0.0005429544390044699	-0.0006288768139052492	-0.0008079799687383399	-0.000816634478139136	-0.0009423954607130913	-0.0009233327828445798	-0.0009870595432583812	-0.0011485522591597047	-0.0010407310234959721	-0.0008709513893510185	-0.000896852412213961	-0.0007794502510875129	-0.0007929750595308399	-0.0007394019489563586	-0.0006991388143331306	-0.0007153526610046562	-0.0008332840233798988	-0.0007280003379642186	-0.0008215166470270513
3.4329630067483907e-6	-4.453736370587519e-6	1.088347375546514e-5	9.303834829291202e-6	3.0694069790178358e-6	5.39762462156701e-7	-3.1984441137278274e-6	1.1246114716562117e-6	4.087699688286317e-6	-3.820056792593063e-6	-5.679468397315479e-6	6.385267477520412e-6	-5.09905946676284e-6	4.656350446278351e-6	2.6929110254637206e-5	5.6290424253237215e-5	9.423919435612438e-6	4.379051483406615e-5	2.9871040265871257e-5	3.0008445272948492e-5	3.733692500139385e-5	6.723088069333222e-5	1.6758607305697448e-5	1.187785492792054e-5	2.446154878047585e-5	2.7907629007208057e-5	1.0991024171520813e-5	7.62162902234742e-6	-7.955477097400243e-6	4.084997314371397e-7	-1.3918595009182466e-5	9.681928652902072e-6	-2.119966745553481e-5	-3.8184114615862075e-5	-2.9277894670297344e-5	-2.974580000716931e-5	-1.5179022860682678e-5	-1.2610083333433608e-5	2.2926354825009154e-6	8.210407722621105e-6	5.0666094583706744e-5	6.492064644116752e-5	-1.0192378625123455e-5	-3.9501611617115406e-5	-3.89161359387602e-6	-5.161082607292589e-6	-2.372555602501991e-5	-8.290432251291391e-5	-0.0001898959299268671	-0.00025076424877562564	-0.0003131875845902715	-0.0004907648170227735	-0.0004884815360366168	-0.0004302356626344206	-0.00041769144566716765	-0.0003302842114388804	-0.0002919686519463338	-0.0006564912394084466	-0.0004849345599557131	-0.00042302350858336446	-0.0003361009344102217	-0.00025401609851996576	-0.000205048799120644	-0.00040367257930426503	-0.0003965002317359717	-0.0003195657356357823	-0.00026157651023504813	-0.00018395736214697755	-0.0001463698108029876	-5.418919219596363e-5	-2.3879401060689087e-5	-3.207962107759643e-5	4.115961803156931e-5	3.211301233610464e-5	-0.00011481600392659885	0.00023140672104210447	-0.00026252389801958986	-0.00032833746897546756	-0.0002898372286532641	-0.00029818605917775187	-0.00032791185131803013	-0.00104948588990246	-0.0014781691062143443	-0.0014623351021845338	-0.002284702828401347	-0.001963165107907172	-0.0018105127141433697	-0.001771872243112177	-0.0022729829108301958	-0.0020814719435893747	-0.0010407022856331882	-0.0015665737717468486	-0.0009219487976871998	-0.00019270656034450773	-0.0008100270107447294	-0.0010127547455177077	-0.0006206573460471737	-0.0007420774834464988	-0.0008611897848488648	-0.0009679115852995884	-0.0006396459642336871	-0.000588659494413224	-0.0004942591160569249	-0.00041267339480517695	-0.00041923467735544007	-0.00040169861686110975	-0.0004887551756545261	-0.0005090086902317936	-0.0005279794407665045	-0.0005666193165707045	-0.0005827616590247525	-0.0006815989699732183	-0.0008403224687272837	-0.0007905009459518997	-0.0008472916194612184	-0.000961882956097837	-0.0008102935163123437	-0.0007852102746220418	-0.0007973076073062441	-0.0006745329631224067	-0.0007299263862607652	-0.000776323728609099	-0.0007627142656601443	-0.0006601026246878111	-0.0007516478379380326	-0.0007749130265417847	-0.0007861664054129025	-0.0008207080436258007
1.9330324558912426e-6	-6.644956666076313e-6	4.895667204962706e-6	1.9074141138081258e-5	1.4015409655326189e-5	1.415352562797803e-5	-2.050171013859292e-6	3.6859217392680443e-6	7.945594594598038e-7	3.546766829884418e-6	4.1037729854934146e-7	4.962679301789147e-6	-6.850406743599824e-7	2.1315331769598822e-5	3.687385520621117e-5	5.59714275795431e-6	2.2445218426925262e-5	3.1215854011910904e-5	2.828516473775064e-5	3.25196139005883e-5	3.501074078001917e-5	2.63439872130386e-5	1.747301793270789e-5	5.289781199874222e-5	2.4248517690311777e-5	1.65624089963623e-5	2.499661068411374e-5	6.335731635512265e-6	2.5237792541585313e-6	6.267712043817042e-6	-2.993990146950287e-6	-2.5075188778665713e-5	-1.2842628436399162e-5	-3.0141983201927014e-5	-2.4673286417448148e-5	-2.6868244499926586e-5	-2.039567353982058e-5	-5.156045946100307e-6	-5.253011567396548e-6	6.770301550287905e-6	1.674643822051347e-5	5.331617851205006e-5	2.972641880913396e-5	-3.8524035849384075e-5	-1.230704882622391e-5	-7.622009577309963e-6	-2.550163747706835e-5	-5.8079217975758046e-5	-0.000153516349480666	-0.00024524433915942834	-0.0003198722721160091	-0.00039806473004985743	-0.00044867296726883166	-0.00047957229550379954	-0.000600360176069431	-0.00039802834205654447	-0.00019228359356138203	-0.0002352808182656818	-0.0003195354332692635	-0.0004952432366110704	-0.000311617530824454	-0.0002921480939110932	-0.00023690676807450184	-0.00039499986181218416	-0.0003612879700271021	-0.0003684860663127898	-0.00026049959715376825	-0.0003025404232692708	-0.00016679871568149596	-6.46245990748584e-5	1.6649644987362655e-5	-4.101834974110097e-6	-0.0002050933110408354	-0.0006942581774228851	0.00020188230644493932	4.200463761538931e-6	-0.00013814624032389144	-0.00020707189652205416	-0.0003104182579385939	-0.00023743518652932782	-0.0002620277660212583	-0.00043361053679927264	-0.00040236727686694673	-0.00047969942146113	-0.0007258327619497074	-0.001691175893986721	-0.0014414732515261042	-0.0019003976474071815	-0.0022906978115570797	-0.0017947805264553751	-0.0012853746539365218	-0.0012436317232099314	-0.000909478696780458	-0.00045630471623425706	-0.0010484848557944237	-0.00101652049408138	-0.0006831610310006203	-0.0007884814914697891	-0.0008991422678020916	-0.0008148016278613363	-0.0006274848154096124	-0.0005198133080659001	-0.0004650327443001673	-0.0004648485177512207	-0.0004372869124094625	-0.0004981459862662962	-0.0005972711149444809	-0.000601586558346412	-0.0006506656801893995	-0.0006592963414792097	-0.0006288965041009037	-0.0007250290721527025	-0.0007567569151618186	-0.0008302511564535486	-0.0008078406249067277	-0.0008992701158380689	-0.0008123732112355619	-0.000944310553146685	-0.0008296225859072415	-0.0007267904030341943	-0.0006900573808112792	-0.0007017318800692229	-0.0007082196396175633	-0.0007184893782360979	-0.0008422346891093224	-0.0007968439233105307	-0.000733428344099063	-0.0007638608593308477
2.1080053392956433e-6	-1.6935387012022296e-6	4.741225044947034e-6	2.0153489337440544e-5	1.4296406398127404e-5	2.2622617483741142e-5	1.5433604914905086e-5	4.199711867332312e-6	7.18506525977658e-6	-3.4240728199845527e-6	-1.706371589166311e-8	5.123390860867216e-6	1.1646082047952339e-5	2.1823492991034088e-5	5.80678869788534e-6	2.7444051805408654e-5	3.853580594816858e-5	2.0806588060546388e-5	3.376876550739358e-5	1.3199766258319146e-5	2.7012949440231165e-5	2.640262466123422e-5	1.4661443717076117e-5	2.6847112857483757e-5	1.6318540485907307e-5	2.7427871714287566e-5	2.2973819027716225e-5	-1.4408895084028206e-6	-7.62391018371833e-6	-6.864083954005729e-8	-1.3783608586101503e-6	6.405051185612298e-6	-1.4136573855960677e-5	-2.01026510975727e-5	-2.21891607735461e-5	-1.5239324017111977e-5	-1.6728579784429376e-5	-6.837432638302776e-6	-7.4091969538836455e-6	2.598695997974021e-5	-1.6269646220534728e-6	3.328832272764953e-5	7.414519681819137e-5	1.9382417762794923e-6	-3.501335939931627e-5	-1.3822934767301898e-5	-2.02388773058379e-5	-5.045052158154928e-5	-0.00012705899971477558	-0.0002469065132470333	-0.0002751631680755068	-0.0003864903579467449	-0.00040535931165527894	-0.0005002891135218179	-0.0006243245178651213	-0.0005207857929623305	-0.000227472543839341	0.00017246166951132014	-0.00026061872928848095	0.0007196183709687332	-0.0003695339303652623	-0.00042971550580014894	-0.00017398063241816364	-0.0003409315961055287	-0.00036783341563623173	-0.00031447014155021324	-0.00023370217870286036	-0.00018325372686325836	-5.3844190391061364e-5	-6.595030836546723e-5	-1.9589936227012994e-5	-1.8646476506942178e-5	-0.0004850577426697422	-2.391993070630094e-5	0.00014595279628978886	6.756312523337193e-5	-0.00018474099745639794	-0.00015297911375167228	-0.00027019336204178734	-0.0002141673091041879	-0.0002454725105908301	-0.00021687671298599442	-0.0002827972090443248	-0.00035097684199063284	-0.00036612596635010597	-0.0005063685657846068	-0.00045486912630607335	-0.0005711169449688913	-0.0014184702110814351	-0.001582690068412107	-0.0016338757191820819	-0.0013454606352658605	-0.0006535867853874056	-0.0003245911026940329	-0.0007482754856274337	-0.0008041026742025559	-0.0008312420695343048	-0.0008935765658229372	-0.0008630982289547368	-0.0009319060714080285	-0.0007861406089906126	-0.0005170257917543747	-0.000465137721091316	-0.0004795087536670767	-0.0005318838316829833	-0.00048491667170406927	-0.0006664091446641901	-0.0006615995403434771	-0.0006447882516542186	-0.0006284351793291176	-0.0006826603063218861	-0.0007294991932575712	-0.0008123189306537965	-0.0007522572473793454	-0.0008764240862994127	-0.0008462824776893363	-0.0007728982764129005	-0.0008308847197508601	-0.0007930657530425683	-0.000754413624669617	-0.0006453393353554604	-0.0007368548024348776	-0.0007257891022124235	-0.0006645092299768091	-0.0007064651641464081	-0.0007213936273429283	-0.0007379321708810699	-0.000779545047220262
8.392927466297634e-6	9.152176087302843e-7	-3.363816386894869e-6	4.530263696730236e-6	-5.444749468994092e-7	1.7859598890924977e-6	6.8434583629269075e-6	1.1065419956192424e-5	1.0733291425785163e-5	1.4308224201807496e-6	4.698943057573901e-7	-6.1262681125967555e-6	1.4035232665746827e-5	1.962321608374798e-5	1.0561281666918165e-5	1.8604209969450003e-5	1.7849457263803548e-5	2.6062371932897982e-5	1.085488876518756e-5	2.5853288151793385e-5	2.4736550427364307e-5	8.467299940622536e-6	3.3183286847482396e-5	1.7075136877348074e-5	2.417611683763754e-5	1.833235820092316e-5	2.232908953223034e-6	3.8786519569039557e-7	2.023257321230598e-6	-1.8246305074492986e-5	-1.860553486450478e-5	-1.229837900355163e-5	-1.3912159185086592e-5	-1.8320538228838723e-5	-3.08265430326235e-5	-2.247164260227308e-5	-1.3663850866735272e-5	-1.0736597700310158e-5	-5.644771759391598e-6	-3.3737682786361134e-6	-1.2511197590089895e-5	2.2524430237647053e-6	3.310438457648085e-5	7.892521109321288e-5	-7.394757007249397e-6	-3.59263270174881e-5	-3.0352374259801085e-5	-4.674449141563869e-5	-0.0001191486937324876	-0.00022463500894479016	-0.0002751609085981793	-0.00038411340189288545	-0.00045859260507964683	-0.0004884798620284625	-0.00047743411437858874	-0.00043606199814222313	-0.0004681536668743602	-0.00015752792950282646	-0.00024532504283233947	-0.00032181089390515005	-0.0003051244912115336	-0.0002450544888538131	-0.00037516260931180767	-0.0003341216214293452	-0.00037056693000595	-0.00035439872716168386	-0.00021287449667589664	-0.0001816025476698846	-8.711594271480771e-5	6.687979163533253e-5	-2.8884140088406007e-5	-0.0003344119122242195	-0.0002279411099974371	-2.4326276670122438e-5	-5.357536896760662e-5	-1.931897784107628e-5	-9.463953600831465e-5	-0.0001594631750864023	-0.00022312059426606023	-0.00024103874603741138	-0.00021150122343598088	-0.00020366712873490234	-0.00023568709917737296	-0.00023691962454386317	-0.00020567642966366761	-0.00033122795413571826	-0.0003153373786049518	-0.0002450711400307781	-0.0004008763481756772	-0.00034069497223399026	-0.0005908123534674459	-0.0007181509228439131	-0.000537851868077921	9.03399425579432e-5	-0.0006701185732618103	-0.0006333582486597877	-0.0007145038315344021	-0.0009131506618562102	-0.0007256140219930041	-0.0007383983767310365	-0.0006493735876713508	-0.0005099114977914071	-0.0005077763546006836	-0.0004352807122989105	-0.00049326953112383	-0.0005374891851039898	-0.0006741247393204225	-0.0006531564937344025	-0.000776298975189299	-0.0006840998709352342	-0.000662819712310414	-0.0006910740014097472	-0.000713604785072125	-0.0007918461491975698	-0.000842338640245216	-0.0008198984698636058	-0.0008898868588628345	-0.000854572856706301	-0.0007647658960101278	-0.0006601939969100995	-0.000751171141347845	-0.0007431478056627722	-0.0007808232489400768	-0.0006937475138628357	-0.0007179580844771105	-0.0008114553614550074	-0.0007984258978792347	-0.000808248120124852
6.035922629765711e-6	-5.81196332380407e-6	1.4866528689518044e-6	-2.3026532395241384e-6	3.588492892593609e-6	-8.047056944404662e-8	4.60492904116698e-6	-2.105602205180329e-6	1.5071470547273202e-5	1.8255449235615728e-6	-1.41589607334687e-5	4.904277125464956e-6	8.673787870675659e-6	1.0481373256300552e-5	1.0001592110932267e-5	2.8526105360238835e-5	1.549120586582381e-5	3.592723097104941e-5	1.5780942633387973e-5	2.7219228932416628e-5	4.485935006705993e-6	2.9667840178906196e-5	1.0634246304722095e-5	1.7752568078760467e-5	1.4297303575425135e-5	1.4437831355809672e-5	8.362777159133528e-6	-6.647943372010967e-6	-9.426922133529136e-6	-6.488011625345458e-6	-2.386825763076028e-5	-2.0588232724563782e-5	-8.91846221439535e-6	-2.393307177873255e-5	-1.5591966736824836e-5	-3.968804451748298e-6	-1.7231265242792504e-5	-2.494726647483958e-5	4.364455845340398e-7	9.623049969723074e-6	8.608494776393694e-6	2.4975389052890595e-5	8.328580338411162e-6	4.0708826283888944e-5	6.474866812416352e-5	-1.5122827577880582e-5	-4.1278098560776355e-5	-4.762183486092808e-5	-0.00011485838322111697	-0.00019129000846437177	-0.00028198142280368155	-0.0003401796737096535	-0.0003794754202708639	-0.0004657136373591164	-0.0005369743300183416	-0.0006215805908177385	-0.00041212962513179074	-0.0004015462333299691	-0.000297651079131378	-0.00020514570511082075	-0.0001455926742013891	-0.0001514469495991766	-8.807338972710577e-5	-0.00023204342093630093	-0.00011402749621261532	0.00013246265846353356	0.00031202356670645415	4.2899207406896234e-5	-4.914369800858298e-5	-0.00014032428431037802	-5.485937225324644e-6	-0.0002835860821344405	-0.00019125326756325167	0.00024214675837380684	0.00019629533675596944	-7.693761101303098e-5	-0.00011909628339946965	-0.00014890209399688603	-0.00023875136243023398	-0.00027151822131789294	-0.00025332125177905673	-0.00018253343606576544	-0.0002462578383398417	-0.000194793867451179	-0.00024456004712666846	-0.0002904785374908958	-0.00024180099329057514	-0.0002653495370479042	-0.0002442084165096836	-0.00014856616804836964	-0.00024926603532995917	-0.00015376112275783393	1.4313847416375092e-5	-4.67503347232473e-5	-0.00029118312795672896	-0.00048356022961867917	-0.0007567017737235282	-0.0009223801670371623	-0.0007459491650676359	-0.0007268252145975485	-0.0005925739955149611	-0.0006587422881482174	-0.0004908384148346462	-0.00048440413030585716	-0.0005354092050356002	-0.0005127984538735864	-0.0007601631043380186	-0.0006656695236261639	-0.0006692670950856489	-0.0008202030439379004	-0.0007624324045371611	-0.0007574129799910179	-0.0007414726970432495	-0.000820491236801571	-0.00078206011762047	-0.0007880097529361363	-0.000797125112228167	-0.0007400772876475781	-0.0007529067657958272	-0.0007248841956374041	-0.0006744296028766972	-0.0007038112703316307	-0.0007474612378696732	-0.0006954635348513372	-0.000704265255054709	-0.0007687839579349764	-0.0007107825948909213	-0.0008292478216685023
5.1828219450530955e-6	1.9123396442777274e-6	1.740629938361965e-6	2.409666433403346e-7	5.8483686643517885e-6	8.913278372758154e-6	1.264106684996727e-6	1.0397181976051079e-5	2.082457741404281e-6	7.8491884216228e-6	-6.477996849878209e-6	1.2042098004524937e-6	1.469484663075768e-5	-7.204754100178373e-6	1.9485143479183037e-5	3.858164818442561e-5	1.768127528070651e-5	1.6877229052237458e-5	1.8948045172814676e-5	1.6522680034054826e-5	2.644692272254709e-5	3.251917506975899e-5	2.178725272026713e-5	1.321094248536367e-5	2.8366607565492863e-5	5.249698787658519e-6	7.875686864819431e-6	3.1222474692477187e-7	2.607470446155946e-6	-1.4196936811913807e-5	-6.60717628612334e-6	-2.076543364343264e-5	-2.0409353460731916e-5	-1.246780727704594e-5	-1.8705877775568314e-5	-2.26741585576673e-6	-3.4079797360878072e-6	-1.659102434430071e-5	-2.547987862366874e-6	-4.450981683917776e-6	7.011039969070931e-6	2.9359782834081916e-6	1.1768933267167214e-5	5.842972048038242e-6	3.86987398506497e-5	7.430900621392678e-5	-3.614790758388331e-5	-5.4640021890720036e-5	-9.800702241956338e-5	-0.00015443534634711903	-0.0002954482275149828	-0.0003321813852631694	-0.00036633689137755	-0.000538732697775296	-0.0006535771663457313	-0.00048594882458286026	-0.0003885269861912677	-0.00030810233487763017	-0.000566156065171658	-0.00036909000161733374	-0.0002609793045733888	0.00014930939947963018	-0.0002962117682213383	-0.0001124864676231574	-0.00011429512501368033	3.4968653406936e-5	7.948769463819727e-5	-0.00014251114394472908	-0.00010617375251556482	-0.00036662944598656044	-0.00043254700168859905	-0.0001996693630747226	0.00012000511912316214	0.0001368502663620652	4.6819716072871165e-5	-4.7375365349461296e-5	-7.806508477842256e-5	-0.00024190407164371985	-0.00020117633470553842	-0.0002446282315170939	-0.00023749605472349333	-0.0001623634440870575	-0.00017367208149030033	-0.00012790093094870725	-0.00020844131325484239	-0.00016880836138655209	-0.00018667339592506882	-0.00021207324091276902	-0.00019988451432223497	-0.00013203023526905944	-0.00014012665593837736	-6.382331078566561e-5	6.732609261761446e-5	-9.421269320242232e-5	-9.433958714048785e-5	-0.00015549414078379342	-0.00029758411772100313	-0.0003516985249037152	-0.00040004361585507797	-0.0006641970046877832	-0.0006079158118739436	-0.0005835723744518351	-0.0005315075723294482	-0.0004868393427108486	-0.0005433487167139095	-0.0005672580916278591	-0.000753314320645071	-0.0007617696827066228	-0.0007746743654543642	-0.0006659102414451057	-0.0007071975318719004	-0.0007457716724983826	-0.0006797365057972793	-0.0007028794928899684	-0.0007485977777336311	-0.0007702353511940263	-0.0007701230679644372	-0.0007530348013987803	-0.0007711067591745224	-0.0007112654345706182	-0.0007087589553884249	-0.000674042512343459	-0.0007389679677633626	-0.0007154516052949172	-0.0007244567250784539	-0.0008158189564438229	-0.0007954386585171114	-0.00081144907958762
-2.210276232872399e-6	5.870021808039583e-6	-3.3562901264640177e-6	2.4697748728964852e-6	1.1474015639521828e-5	9.733311162260505e-7	-1.8772483567630616e-6	7.831356277441387e-7	4.196743321784047e-6	-1.3481880813560193e-5	-1.3258983212575959e-5	-2.072558162417859e-6	1.9979136617678805e-5	2.1726172835627444e-6	2.157262839501059e-5	1.6500651756415352e-6	2.4921179215316863e-5	1.2956320044610337e-5	2.9227117687852244e-5	2.848583944680544e-5	2.5428841432702243e-5	2.5212693261292274e-5	2.9451593616149074e-5	2.389839004858854e-5	1.9088771362196777e-5	4.185234353092787e-5	4.375748895169007e-6	-3.3952831865469157e-6	-4.004575534025112e-6	-3.302027162983834e-6	-2.782188216789161e-5	8.588849575129343e-6	2.5068662423688437e-6	-1.5777256346001522e-5	-1.7479839190676083e-5	1.0051455110945962e-5	-1.3330653855087027e-5	-1.1226308511275152e-5	-3.3397102357918262e-6	-3.3926995327698828e-6	5.6403558039430646e-6	-7.970251520404703e-6	-7.061075357230051e-6	1.5059052095589553e-5	1.718983950408509e-5	6.707027457291542e-5	2.897548412143791e-5	-7.083453561120695e-5	-7.718477441388816e-5	-0.00015279638340172375	-0.00026167277871434746	-0.00033923174273982337	-0.00034072397789471076	-0.0004366173069793311	-0.0006528790529036765	-0.0006080719955336988	-0.0004623197766458198	-0.00047178560320590424	-0.00044765976082300485	-0.0005509684462140507	-0.0004905504041169406	-0.000311766157595067	-0.0002201837193474554	-0.00022389065428007893	-0.00026983981021855286	-0.00029708429943528514	-0.00028580557191737466	0.0001756911239755854	-0.00044707203434093956	-0.00026180145074397587	-3.914517147929342e-5	-1.5827363291504026e-5	1.3961056703065688e-5	-8.47435403100727e-6	2.206794317595462e-5	-5.506380616228379e-5	-0.00013603214583414458	-0.00016994230892311557	-0.00020232655177990222	-0.00029609809287615974	-0.00022887097815907365	-0.0001709192347116445	-0.0001857419350704409	-0.00014512341415390262	-0.0001828027963376999	-0.00013844419100711436	-0.0002079206815400192	-0.0001998078005133186	-0.00016315879636935593	-9.951580575220942e-5	-9.978745477493e-5	-6.0704457953419944e-5	4.541320769956003e-5	-0.00012278730332840326	-9.690764900607829e-6	-0.00011897451340087128	-0.00019843581747398809	-0.00013172335401254176	-0.0001858073547453265	-0.0002213969838623514	-0.00028368076876277015	-0.0003851954269874086	-0.0005214572773148268	-0.0005954132304385185	-0.000644794652783845	-0.0006265436791347972	-0.0007505004972520324	-0.0007539088114644904	-0.0007407567734121073	-0.0007766532393333608	-0.0007327760035043263	-0.0007113521599023953	-0.0007232218892771342	-0.0007506074776487959	-0.0007066162151930788	-0.0007634119942104278	-0.0007819783611872494	-0.0006908979692608203	-0.0006800647978782992	-0.0007061496060199041	-0.0006817389415578884	-0.0006537534717136056	-0.0006780924140335071	-0.0007283927443407084	-0.0007477893965938259	-0.0007880808549146079	-0.0007017425692184415	-0.0008434098542177762
9.379131857018691e-6	3.0660028552467744e-6	-1.1268392360701263e-6	-3.3212785278090295e-6	1.1871605857648876e-6	-4.1973134766015024e-6	3.293700490299145e-7	-3.0096224449237263e-6	-3.1772737110573324e-6	-1.0484541295048555e-5	-4.1402555754459225e-6	-3.691890001177034e-7	5.122322108575689e-6	2.6953461164380688e-6	1.2112616953278282e-5	6.9173285805954055e-6	2.0370544172917254e-5	1.9099729393554088e-5	2.4006541925799402e-5	1.7396378933741408e-5	2.2053219439401722e-5	1.0737023520713401e-5	1.8056156342229762e-5	2.7810564452463576e-5	3.119672760138609e-5	1.2512876477153989e-5	-1.5779982572364237e-6	1.127621867408335e-5	6.673947961118032e-6	-1.5283560549951558e-5	3.79249366286305e-6	4.268641646751337e-6	1.139742217704659e-5	5.426873143574151e-6	1.2353547546896382e-5	-3.7045708297864244e-6	-2.0394377376123374e-5	-2.3171493478309213e-5	-3.5719262833980303e-6	-5.069638827660816e-6	1.7023879051239477e-5	-3.2286369758272038e-6	-1.440808789551079e-5	-5.34594016190354e-6	1.3699138394843158e-6	2.4351888235941976e-5	5.673858572644713e-5	1.497154722245042e-6	-9.955146624586464e-5	-0.00014025245157964217	-0.00022659339573953552	-0.00031782808915074845	-0.00036678825449977526	-0.00035075724226160676	-0.0005764069972193087	-0.0006609304618356016	-0.00045828268914124837	-0.0003935629187996892	-0.0005267520187396402	-0.0004519537934004336	-0.0005085128542206552	-0.00032388279558315247	-0.0002610792506664572	-0.0003696047309355299	-0.00033709619514168954	-0.0006900471318481427	-0.000646758625388183	-0.00042349886401546466	-0.0002940385955552127	-6.151307544929874e-5	-6.97926048551234e-5	-5.159360352141595e-6	-7.487766916919325e-6	-2.541931942712239e-5	3.4830246326000847e-5	-6.972193005230776e-5	-0.00012947821417461092	-9.948363530534743e-5	-0.00023599393923420808	-0.0002826258498067613	-0.00022467157041045072	-0.0001728731589302479	-0.00018734843103968002	-0.00020455890128480425	-0.00018749646692010902	-0.00013800341078229472	-0.0001752177027601609	-0.0001701098723688732	-0.00010484985275838188	-0.00012393938956731243	-5.650209250127047e-5	-7.02910906563714e-5	-1.5344748041656864e-5	-3.8495531632168345e-5	-2.2548968985416917e-5	-9.797909662420667e-5	-0.0001175022600920228	-9.627217859714543e-5	-0.00013536588842032182	-0.00014714615485279803	-0.0001362853645041351	-0.00015706581543185882	-0.00018964554969816416	-0.00020002521774337145	-0.00030754387101220027	-0.0005460250361664226	-0.0006832907601273669	-0.0007392642270911964	-0.0007236685610565591	-0.0007656074331365698	-0.0007390626955913748	-0.00068003910662362	-0.0007001280349742955	-0.0007063666763052617	-0.0006508011067985625	-0.0006901068637984314	-0.000730222111076928	-0.0007099447679043136	-0.0006959362686825843	-0.0006712650975435747	-0.0007244290139551274	-0.0007081364910687532	-0.0007150071452879242	-0.0006805140533115012	-0.0007255146255904371	-0.0007576769225046964	-0.0008515281828182925	-0.0007496270363347227
6.750675322561572e-6	5.237943325603345e-6	3.2008074034133027e-6	6.547347841841245e-8	-1.0725456438785697e-7	-4.941478270407279e-6	4.236796325015821e-6	-1.0017250158707303e-6	7.056924624737962e-6	-1.3929755515295489e-5	-8.478987097940843e-6	1.3792385202687774e-6	-5.4010851238510404e-6	1.2441621084074983e-6	2.3719344630773742e-5	5.782582258081342e-6	7.272301521827479e-6	2.3493135876354737e-5	8.581945104644412e-6	1.5198941822995582e-5	3.9853434679985866e-5	3.7509743846132065e-5	3.1382897040625746e-5	1.734184817232462e-5	2.2286155939351543e-5	4.975011017298997e-6	8.743564683041938e-7	3.018872098917852e-5	6.187919642831885e-6	8.89660524069913e-6	6.218982035073595e-6	1.3332829848847205e-6	-1.3889768241820422e-5	-8.650097240055221e-6	4.264202923057181e-6	9.92529843035772e-6	-1.7868139151437645e-5	-9.88742182746194e-6	-9.008526346762635e-6	-2.3989420476142054e-6	6.208899496970566e-6	2.5386208976976854e-6	2.444776152354944e-6	-1.3517277575036957e-5	-1.3057495622942339e-5	2.5560662527540634e-7	2.837159001657652e-5	6.469245874673318e-5	-2.573973803196572e-5	-0.00013360435533512488	-0.00020193216348184106	-0.0002758218306531113	-0.0003543547139744918	-0.00035403572651651616	-0.0005007949317823585	-0.0006352904226986089	-0.0005901192316921933	-0.0004915694869385423	-0.00047155767355158695	-0.0006459903228658859	-0.0003790487888843952	-0.0006517268690865718	-0.0004238446160882703	-0.0006602319884384256	-0.0004913231908994231	-0.00040922730698902954	-0.00041223067927947943	-0.00012831413449126972	-0.00018728637781253998	-0.00010960989060837534	-7.064557489347423e-5	4.994820312562154e-5	-4.653190159575882e-5	-8.430452516638987e-6	-4.5181263244598036e-5	-5.087939076130199e-5	-6.025650898383583e-5	-0.00014918184851504812	-0.0002218437749040153	-0.00024800085162562935	-0.00022780188325965955	-0.0002036578663957428	-0.00018181779757979466	-0.0002147849595662138	-0.00015688721155537877	-0.0001391949641486867	-0.00017202698467111421	-9.575202393127813e-5	-7.930068277386959e-5	-9.146434261017578e-5	-7.071112358841836e-5	-6.782571249433489e-5	-1.8942361785026507e-5	-2.1227478325461235e-5	-4.5413047237638504e-5	-9.591192532028281e-5	-9.637200542797486e-5	-0.00011004289385101174	-0.00012152665484176095	-0.00012133290032412258	-0.00010662036574807243	-9.433960665612695e-5	-8.926454410709828e-5	-0.00010041753669906561	-0.00013280501806774148	-0.00015539089980032283	-0.00021819241075374252	-0.00033202054929189206	-0.0004396457872236914	-0.0006981905385870096	-0.0007097306867643455	-0.0007199006072256681	-0.0008467926251691515	-0.0006663442096276756	-0.0006697686448422363	-0.0006821098417000848	-0.0006614607592127925	-0.0006811434695355029	-0.0006474482766322814	-0.0006153153908703551	-0.0007052345339653154	-0.0006573058330267001	-0.000705408854159012	-0.000731801275393601	-0.0007558099003428242	-0.0007585722859321936	-0.0007328963412718548	-0.0006721193756718466
2.556319685011882e-6	4.7902439935694485e-6	4.6503396294340915e-6	3.35926449959896e-6	2.2867374226825943e-6	3.671910323542471e-6	-4.501350328719664e-6	-3.831921488017115e-7	-8.740514009179107e-6	-1.2934159494305819e-5	-2.1682563513744646e-6	-1.5763481015299008e-6	3.0811610858202942e-6	-2.2725278690099993e-6	1.0437562001763129e-5	1.865422421566676e-6	1.9498657517161982e-5	7.516049685841325e-6	8.851881901084102e-6	1.747529557042174e-5	3.6805900666646296e-5	2.893111829748926e-5	2.128656761491224e-5	1.7861711187807522e-5	1.8762811671100416e-5	1.629435654329839e-5	1.1549823868573644e-5	1.1621292036329e-5	1.6270582971211756e-5	8.525897544388317e-6	1.438944395495273e-5	7.911991374565108e-6	4.756300605104902e-6	-5.967083381228089e-6	6.501016088303335e-6	-6.950958905682647e-6	-6.503992765367894e-6	-1.869565158067743e-6	-1.5131855729370869e-5	3.11318787589443e-6	5.83402683801415e-7	5.297941447525434e-6	-8.74447324446248e-6	-1.1257481492138455e-5	-1.712949118486129e-5	-1.206307894286579e-5	7.674664940018894e-6	1.1237969105640233e-5	1.5480691273155045e-5	-7.242757825778878e-5	-0.00020610552218906786	-0.000260651842991233	-0.0003094610266825282	-0.00034308467850539814	-0.0003813819832859666	-0.0006197254385012507	-0.0006942181334998465	-0.00048516293630132545	-0.0005005669099708565	-0.0005661742017055993	-0.0005136340983612209	-0.00039382340487684186	-0.0002175893926842365	-0.0003158823268060995	-0.0002532471996864738	-0.00031925163034018933	-0.0002956228968217789	-0.00022238973900259862	-0.0001527471530336777	-0.00012189536489556896	-9.267792913311701e-5	-0.0001006229539794734	-4.5134488594472666e-5	-7.860340416748768e-5	-9.39822351886388e-5	-8.721498566746644e-5	-5.0170630453913456e-5	-0.00013731465508919072	-0.00020599295923531824	-0.000258323566530716	-0.0002072652737373365	-0.0001389851493442673	-0.00015947133696035676	-0.00020649389641767824	-0.00015885145195765338	-0.000127843961545554	-0.0001346790365862327	-6.993218937961787e-5	-0.00010445772285344601	-2.9327258937311695e-5	-7.838469023163652e-5	-2.8254527623811088e-5	-3.3853762891958294e-5	2.7411449846082014e-6	-4.00579244254351e-5	-6.389378175847282e-5	-6.890641486220761e-5	-0.00010637716944296438	-0.00011280455627753205	-9.804109672544026e-5	-0.00010135582694317802	-5.6949396370561955e-5	-6.203395761482378e-5	-6.10750653610298e-5	-6.36505529272996e-5	-8.670505285968133e-5	-0.0001069579277576671	-0.00014230357343880673	-0.00020169126243273217	-0.0002846408471337408	-0.000356794657837764	-0.0004099051501872675	-0.0006172550643356034	-0.0006833545632568133	-0.0006302665681023889	-0.000721279959587165	-0.0005670085874345115	-0.000627962064942908	-0.0006289310077508409	-0.0007127192260848736	-0.0006073349592336519	-0.0006567904878816699	-0.0007094809765725851	-0.0007735279788662758	-0.0006900541704886465	-0.0006773244432770748	-0.0007670905848456561	-0.0006663450151898898
3.440011676122262e-6	-1.4510964587051423e-6	1.2122581042293967e-6	-9.804169195243295e-7	-1.2011726791168187e-6	-6.743070321947944e-6	-2.946219792654761e-6	-3.597355296676777e-6	-5.016722578804131e-6	-1.607931805281196e-5	-5.878137061300637e-6	-1.0681212587581451e-5	-7.936659142393498e-6	-6.11236159343137e-6	6.453014392369255e-6	3.5188087795130774e-6	2.3982379125132847e-5	1.3092661720406906e-5	1.2421724347906615e-5	1.630644973433029e-5	3.0049482867278154e-5	2.7383639789307218e-5	2.767657034542098e-5	1.8381758517659746e-5	1.881510355503102e-5	5.9879222890843464e-6	1.8619107991502126e-5	9.535457818309057e-6	1.9446155298009915e-5	1.1304704459862147e-5	1.031418602869677e-5	3.740063814205996e-6	4.094873311960567e-6	-6.07395102096564e-6	-2.712959522831182e-6	-6.166849799912888e-7	5.363702103994283e-6	-1.2238739752548633e-5	-3.6796667058844323e-6	-2.3590309393417552e-6	-2.8754310130857386e-6	1.0679712322825274e-5	-2.331118696512202e-6	-8.791362820018134e-6	-1.3201516160625537e-5	-1.8259229848591185e-5	-5.274234824922952e-6	3.4775519052940296e-6	-4.498459439152003e-6	3.966130267089862e-6	-0.0001282732844639159	-0.0002448885115958338	-0.0002542841555808889	-0.00032311026684078703	-0.00033245410873024295	-0.0004438749400589165	-0.0005580505610565389	-0.00048689688348854676	-0.0004370075720565303	-0.0005016316485459416	-0.000586515623395012	-0.0004772422648041674	-0.00032512006324994513	-0.0003606033765861383	-0.00025398520526326296	-0.00029954734873105515	-0.0003258547121368083	-0.00023088098707185756	-0.00014878676632759658	-0.00013217323503039724	-0.0001750229692079608	-5.113710236509528e-5	-4.7752682884316666e-5	-0.00011689338082557232	-6.24119115763544e-5	-3.692946556194121e-5	-6.360507931978121e-5	-0.000107320778782935	-0.0001741318536845754	-0.00028577698801129925	-0.00023125753265476612	-0.00017406284096369018	-0.00021442911573958667	-0.00022390432715367614	-0.0001929890427153358	-0.00013548607223114184	-0.00010467636089514509	-7.399862406859414e-5	-7.701360382750266e-5	-4.659571556722697e-5	-4.59934282499852e-5	-4.944223199257469e-6	1.3178586910980727e-5	-8.771878622776397e-6	-3.927057572357395e-5	-6.349408737497952e-5	-7.053779435550744e-5	-0.00011722318645282503	-0.00010809619583988794	-9.944724405942795e-5	-8.206727398346603e-5	-4.906200120648185e-5	-3.5227767968340484e-5	-4.805680593050754e-5	-3.279736942099487e-5	-5.280254857485678e-5	-7.2006521838891e-5	-0.00010777035405577784	-0.00012351949432894138	-0.00015477312682345146	-0.00019848689857514257	-0.00023422064092913641	-0.0002512332507829951	-0.00028451378948114725	-0.000385137770200078	-0.0004685746560727233	-0.000727265460310697	-0.0006169775877262057	-0.0006055587541825558	-0.0006838058732531321	-0.0006665784038021455	-0.0006963964626315045	-0.0007125422485116523	-0.000700961547920459	-0.0007050373067481186	-0.0007278272678556269	-0.0007392553946381983	-0.0007354151581326698
8.106216706996877e-6	8.105026795112574e-6	1.8984922141307425e-7	4.234454583848524e-6	1.9007985696496352e-5	-4.885281361301924e-6	-6.287104083874118e-6	7.125556926185911e-7	1.8613062480188347e-6	-4.158786487927502e-6	-7.327622260052194e-6	-6.344488194358344e-6	-1.9494490386112034e-6	6.884078810470706e-6	8.71784469700515e-6	1.825881703861401e-5	1.708340527416599e-5	7.042275833660239e-6	2.071581323365504e-5	2.1215508733476995e-5	2.0038807581595347e-5	1.6290994161310968e-5	2.463308799559999e-5	1.1484739483209883e-5	1.560594779488958e-5	1.9086203158300702e-5	1.1231714072256621e-5	7.870259077693426e-6	8.254966805607e-6	1.3410956373194338e-5	1.0960291918840626e-5	3.649975829390917e-6	-3.3680675436131846e-6	1.268782333970625e-5	4.046397006525482e-6	-5.1861829717878005e-6	-4.2580739281761204e-7	-3.0328994524153607e-6	-1.4868672699314134e-6	-7.0581621059925825e-6	-2.3864216809263428e-6	2.508879063702063e-6	-6.479819393730157e-6	-1.2416857906455414e-6	-1.9551080047454372e-5	-1.3520332856759021e-5	-9.703290146205468e-6	-3.478044133080338e-6	-1.4334436415630591e-5	-3.4199635853306154e-5	-6.103754491854768e-5	-0.0001883847927913046	-0.0002784532326938205	-0.0002750483846757079	-0.00034184049254454285	-0.0004018385179726386	-0.0005213429579535578	-0.0006921173638547995	-0.00046690801832477424	-0.0004332559549839743	-0.00045518739819061516	-0.0003476212525298228	-0.00040951403075875636	-0.00033865176071387615	-0.00025675376538400463	-0.0003825931845641284	-0.00033163081005274653	-0.0002784387043847092	-0.0001970584307710299	-0.00015606329813525055	-0.00016655590101555262	-0.00010141291018755938	-0.00010265871703066254	-9.053736276312674e-5	-0.00010361506791456421	-6.566587985173955e-5	-8.853553849254292e-5	-0.00010909126033076255	-0.0001373391060165846	-0.00024701216658033764	-0.0001917794384669741	-0.00016548043859677952	-0.00018250657604114429	-0.00016117461315232062	-0.0001226019383671756	-0.00011498748676321002	-7.256231206176356e-5	-7.954976195996555e-5	-9.619334083617315e-5	-6.529862913405571e-5	-8.617777606974297e-5	-5.513044881721996e-5	-1.5414815691255912e-5	-2.3334019178672394e-5	-3.183721732427647e-5	-5.681386676219258e-5	-8.769544986020339e-5	-9.489431809783788e-5	-0.00010756947632986624	-0.00010165740536687007	-6.603258196312412e-5	-4.622532825265813e-5	-2.671778705394534e-5	-2.5786441124747705e-5	-2.6550445869633066e-5	-2.705844554494463e-5	-3.3548965472016135e-5	-6.907067257554134e-5	-0.00011079992500752367	-0.00011468086679941591	-0.0001427514096513649	-0.00015807965938856305	-0.00016001253056938114	-0.00019213593173070254	-0.00019735431604911424	-0.00022201706727405235	-0.0002506193625025077	-0.00031198505150847877	-0.00039185396355674584	-0.00048718168496782177	-0.000664813485295665	-0.000648064001551249	-0.0006248289060629963	-0.0007484049382826263	-0.0006906379418011865	-0.0007677597587633228	-0.0006838397724603582	-0.0006693364509565217
1.9661277272063626e-6	4.868128198731031e-6	4.916760087177868e-6	-3.095832238567825e-6	4.6514360288810175e-6	-5.116092689468402e-6	-5.559179147834187e-6	-9.584077373956182e-6	-3.3136498102728784e-6	-2.8936935855296275e-7	1.201170104136659e-6	1.0978936943600859e-5	-5.615379851647145e-7	9.872216434093917e-8	8.596817918996025e-7	9.905713266788671e-6	9.010040706147054e-6	8.031124322429445e-6	2.0583553307987335e-5	1.7441807275819093e-5	1.7150459112776073e-5	2.0519995479282432e-5	2.5242235059987073e-5	1.5492610720788808e-5	3.6407812528671535e-6	1.8581848570693033e-5	6.072298696854772e-6	1.5641716166660963e-5	1.1648078877303514e-5	1.528917725930612e-5	9.326517422941771e-6	1.1754766539480432e-5	1.1988813804555964e-5	8.363359375700152e-6	-3.266661572319529e-6	-9.429375683045471e-6	-1.5489392537690327e-5	-1.140873962142408e-5	-1.6795388322297933e-5	-3.3038068808499688e-6	-8.621619043691631e-7	9.99758056289407e-6	3.6253882925232905e-6	-9.253071399373258e-6	-2.6873284413725385e-6	-3.029465784135099e-6	-1.5581457565166934e-5	-8.569370256797382e-6	-1.8438245179795698e-5	-3.951386364376558e-5	-6.792785572310583e-5	-0.00012706026606291304	-0.0002523620142068708	-0.0003103096067862826	-0.000339362069261967	-0.00037002316033256377	-0.0004341876402684519	-0.0005921277899424704	-0.0007523683347339383	-0.00045786841115433297	-0.0005302089605037363	-0.0003993525822532096	-0.00035703081550236826	-0.00037726176566402203	-0.00026463342801819056	-0.0002580505210555972	-0.0003833506775907658	-0.0002619616611305997	-0.00021182866224989105	-0.00016944006744554208	-0.00020580391123931063	-0.0001499851545044839	-9.608778182845779e-5	-0.00011628554130900526	-0.00013476537160522772	-8.506278906077192e-5	-0.00010393377347997501	-9.7454929326099e-5	-0.00017049557620753275	-0.00018572096876882938	-0.0002286196091379894	-0.0001903280343659025	-0.0001691817682041713	-0.0001490531298647263	-0.00011799063462381021	-9.557122888220748e-5	-6.356840618129689e-5	-7.695920073089169e-5	-9.671018976961654e-5	-6.586538064089209e-5	-5.339970653162052e-5	-3.4066367348567494e-5	-4.2649573109287964e-5	-1.6213482379595634e-5	-5.572245572946222e-5	-7.553706466746635e-5	-0.00010082991516377482	-0.00010934470234640059	-0.00012069857266427952	-9.752664496300023e-5	-6.760551645411395e-5	-4.1743081430692386e-5	-2.4753783007744334e-5	-1.1429367651957789e-5	-7.4274126345835745e-6	-1.1288044067178649e-5	-3.2655990541904933e-5	-5.9929683828355285e-5	-7.992671303448662e-5	-0.0001004247011070214	-0.00011444997835736992	-0.00011713960747575247	-0.00013180355786825138	-0.00014322635742344825	-0.00015581736638806132	-0.00016683997174256338	-0.0001868175514459225	-0.0001954832530657452	-0.00022468540916698032	-0.0002517618774046382	-0.0002891375615494962	-0.00034886028094094357	-0.00041680258528430103	-0.0006374994531831851	-0.0007223287256958449	-0.0007049603419463993	-0.0006754539690154854	-0.0006930784321023536
4.7288233983970585e-6	3.5999726962464285e-6	-1.0106824231692624e-7	7.288952969843054e-7	2.168280610398074e-6	5.2381346872867884e-6	1.1758030665645972e-5	-3.698910074718606e-6	1.9882922077437554e-6	8.067695681434825e-6	1.257656617194812e-5	1.096338365686074e-5	6.185355640219228e-6	1.4042068831494892e-6	9.245440106856948e-6	5.972384723275728e-6	6.025328077186726e-6	1.1423527325905153e-5	1.3766939519800625e-5	1.205750045163781e-5	5.464431262081765e-6	1.838640378186776e-5	2.8291923111992828e-5	1.1448352574099097e-5	1.6439440683312795e-5	6.675824715078604e-6	1.1002190640745785e-5	5.1546397358825935e-6	1.7131601042288946e-5	1.1373592768548074e-5	3.878027456452604e-6	1.3625931979954764e-5	7.471333664590962e-6	-3.942583022206736e-6	-2.9515322477746686e-6	-3.7317349731169625e-6	1.1194495851130082e-7	-1.2580788732834136e-5	-1.3869803743016274e-5	-1.0407656182188918e-5	-7.281473601156163e-6	-1.81434186251328e-7	6.044156061063566e-8	-1.1209306052806234e-6	-1.0341513886555354e-5	-9.28073427570314e-6	-6.033139482788941e-6	-1.3477290572612433e-5	-1.7406727643477782e-5	-3.745485909270596e-5	-6.753818045188847e-5	-0.00010878276794981656	-0.0001813624538092931	-0.00027745758164957057	-0.000293122699506973	-0.00030188316798608616	-0.0004066570333510072	-0.0004704529506845828	-0.0005774167342181835	-0.0006381311798420164	-0.00042453580798365587	-0.0004737311367838948	-0.00043287866780677975	-0.000333326842689996	-0.00035379525914827625	-0.0002523018317705794	-0.00033159013946085225	-0.00032586228637318526	-0.00024982832642905795	-0.0001914120641502426	-0.00018802506860510215	-0.00016143100528207	-0.0001634852106122131	-9.062348419429378e-5	-0.00013081601231944295	-8.936664125727689e-5	-9.962613741788806e-5	-0.00011322324479888513	-0.00014287764981552042	-0.0002013411692144279	-0.00023382365921947867	-0.00022371330699391678	-0.0001256562833385627	-0.00012174932177873299	-9.051274703700263e-5	-7.37242070777272e-5	-6.772071076653619e-5	-0.0001012721200302491	-9.215554209497656e-5	-5.2082456186361425e-5	-3.613859428722166e-5	2.3758709843252346e-5	1.2976385374216526e-5	-4.5112123672058635e-5	-7.001926274029235e-5	-7.810267840455132e-5	-8.50572411982553e-5	-0.00011262930258576498	-0.00011875038495937074	-9.426640999905811e-5	-7.672149807819162e-5	-3.5503635621714213e-5	-1.7355647084424386e-5	-9.113137761779244e-6	-4.273251674388745e-6	-7.0849955676605125e-6	-1.7411098604536157e-5	-3.9816035668147065e-5	-5.592523297758001e-5	-7.6748680110858e-5	-9.14065860762453e-5	-0.0001172493406618319	-0.00011490341881095767	-0.00011487815364773224	-0.00011599536110275255	-0.0001396012428919735	-0.0001415348502460667	-0.00016759094546153763	-0.00017454382340506558	-0.00016701571440951024	-0.00019721134772963944	-0.00020299772713477937	-0.00023568343457402996	-0.00025075736409183036	-0.0003185295554880216	-0.0003969048207501727	-0.0005035217810192213	-0.0006260873742190698
5.748880917751803e-6	1.3158431592594222e-5	9.073678494762177e-6	4.6897726045484756e-6	3.3693778019386333e-6	3.0936467580386373e-6	5.405641754531454e-6	9.149027428668674e-6	1.714127158356643e-6	5.921432235603957e-6	1.0384878043221898e-5	7.797515752657955e-6	6.062294356833434e-6	-2.0696932937023377e-6	9.975112505748382e-6	5.558876519902792e-6	7.667046657928653e-6	8.123471242470898e-6	1.6335221478432083e-5	1.2956341457603243e-5	1.4112924425022794e-5	1.495621606163039e-5	1.2213249888422956e-5	1.5518789324344556e-5	9.189993601180224e-6	9.790135553373186e-6	7.178937620148235e-6	4.887697234792765e-7	5.7735226647280535e-6	1.443638801166755e-5	6.733692921832846e-6	1.3111635258425403e-5	9.013546202821243e-6	4.860859978417231e-6	9.674504036424891e-7	-1.3676493748268626e-5	-7.077602393046334e-6	-1.618074543709852e-5	-1.3106300441635688e-5	-9.809875893378173e-6	-8.436203667062936e-6	2.0563916238239277e-6	-5.372651650827065e-6	-8.878866066854008e-6	-7.030378883221555e-6	-1.3246354425670848e-5	-1.65649308506155e-5	-1.2232656836259903e-5	-1.6500848539109658e-5	-2.743989551638043e-5	-5.5857076234309966e-5	-9.66290334422984e-5	-0.00015295435220035597	-0.00022681275748618474	-0.00026447556059246147	-0.0002956306781407708	-0.0003462423501122275	-0.0003881930942060269	-0.00041868682132406576	-0.00048628509422346533	-0.0005739388760257758	-0.00073841879008954	-0.00037839077357548767	-0.0004221213352820219	-0.00030773007839851596	-0.00030434489780781226	-0.00032313076043025135	-0.000297407361325025	-0.0002539324913536367	-0.00019308964583492072	-0.00017256952811184334	-0.00017478658277669812	-0.0001410995539158355	-0.0001243902051674406	-8.358507245717628e-5	-0.00014045900293552238	-0.00012458156468247994	-7.765256753583527e-5	-0.00014342410722609222	-0.00016699762341206015	-0.0001955166649240947	-0.00019425367456075981	-0.0001567270380316288	-0.00012475609521139797	-9.08061679235489e-5	-7.534101055702014e-5	-6.58242535998832e-5	-9.647558251411892e-5	-9.410654872553381e-5	-7.5296236259903004e-6	1.9386087787148787e-6	2.8935859784640083e-6	-3.2114689596865476e-5	-5.411538621727385e-5	-8.383215237446617e-5	-9.005172258921834e-5	-9.870095734644535e-5	-9.67512430848777e-5	-0.00010870352686563611	-8.417990588448221e-5	-5.981540241416228e-5	-4.0343492435646056e-5	-3.1878333523263636e-5	-4.183924257397664e-6	3.776073420960757e-6	8.945309770691523e-6	-1.718490692630137e-5	-3.7889701142226895e-5	-5.272075961557099e-5	-6.492449915358744e-5	-8.51372921814586e-5	-9.403280237796352e-5	-0.0001118322144957884	-0.00010340562932829866	-0.00010566699316753858	-0.00011756958687852981	-0.0001125928560455347	-0.0001307163600451633	-0.00013565596996417684	-0.00015092515670382667	-0.00014189592317977173	-0.00017789200125982452	-0.0001741275862648245	-0.00017048324123941638	-0.0001917222890862602	-0.00022144952863643874	-0.00024544399824209806	-0.0003003352921178079
1.1329831387310585e-5	1.1186060216127058e-5	1.4545525699703743e-5	1.7327236650696576e-6	7.683052870126328e-6	-2.6787769322623306e-6	5.478959842243614e-6	9.66357731140531e-6	8.022564139701857e-6	9.329191607600207e-6	1.2650797293414784e-5	9.887154842676965e-6	6.35450622243211e-6	1.554703333303889e-5	1.1307948392762224e-5	9.41846806708918e-6	5.485676068126347e-6	1.3633044210680997e-5	9.276012846292508e-6	1.3580711533643652e-5	1.6214814593015076e-5	1.4308662761586266e-5	1.0577546325808707e-5	9.896690942885061e-6	1.2164362399313955e-5	1.002297339092531e-5	1.1463389645079841e-5	5.467295453170928e-7	3.6519848560165324e-6	5.049391081039106e-6	1.5168801002600485e-5	1.2456366775721872e-5	1.3815368120340121e-5	1.1800003248824131e-5	-1.6297727056802103e-7	2.6851334740743416e-6	-2.6561733498450812e-6	-2.1318541550130465e-5	-2.193285212736401e-5	-1.9795900487416807e-5	-1.685826933779666e-5	-9.155970252805457e-6	8.062654818959125e-6	5.40142203967614e-6	-4.959855226180365e-6	-7.968736347868655e-6	-6.808041001608867e-6	-7.76821478237072e-6	-1.1110091254103172e-5	-2.2580903076205305e-5	-4.87799086063348e-5	-7.963144141483192e-5	-0.00012694595971207007	-0.0002045036107687151	-0.00023922580062729626	-0.0002583042764056631	-0.0003062075322034924	-0.00035714846336430683	-0.00037935652666062913	-0.00045833492166511003	-0.00044238208799299295	-0.00046511603596366413	-0.00048392398378435675	-0.00039268392357239	-0.0003485377156157987	-0.0002957971411213234	-0.0003032688163095987	-0.0002746780624132694	-0.00026608346168771613	-0.00019856793076131196	-0.0002182944341781734	-0.0002374896568464735	-0.00015324787445980537	-0.00010064145263694035	-9.990934837257603e-5	-0.00010142413276424678	-9.99323464690588e-5	-0.0001110286331190008	-0.00012013837732798016	-0.00016500811567815576	-0.0002184417609903816	-0.0001874809736710642	-0.0001634104245147594	-0.0001222701692497885	-7.624776894935015e-5	-6.924376978918734e-5	-7.697462242259312e-5	-0.00010416962973637534	-2.3660412821688293e-5	-1.4959317421944784e-5	-3.3904162029946283e-6	-3.0130504211425824e-5	-5.617715277336788e-5	-7.12181865130529e-5	-7.920576521047717e-5	-9.526648241976743e-5	-8.804298110877407e-5	-8.869987643683741e-5	-9.110018945809872e-5	-7.354574197912522e-5	-6.0157556019957426e-5	-4.1827060478366596e-5	-3.0072466869132675e-5	-1.1569713286377348e-5	1.0740421139271428e-5	-1.3441170919337164e-5	-8.372354459024178e-6	-2.5466641599344864e-5	-4.2483363832043763e-5	-5.8995265270200825e-5	-7.354787243639416e-5	-8.006368571594757e-5	-8.858913711114191e-5	-8.974977553678765e-5	-9.943880137711081e-5	-9.682966451221575e-5	-0.00010470184940401805	-0.00012197870968497226	-0.0001277737974019616	-0.000112635456517296	-0.00011925045477999274	-0.00013442118186775265	-0.00014872811749527814	-0.00013415833927717807	-0.000172085654645375	-0.00016648452852863899	-0.0001874920113912812	-0.000177357551388313
8.963309695159127e-6	8.953059376769906e-6	1.2200168718161375e-5	7.618256069388818e-6	1.0881152207563305e-5	4.952376670645103e-7	5.203681317225359e-6	8.267920582113314e-6	8.873465520307586e-6	1.762267442433421e-5	1.3856631635297476e-5	1.2663675988920653e-5	1.1790673689129894e-5	5.0424933868177535e-6	1.1802948348500417e-5	3.4959561016466995e-6	7.425423123597064e-6	1.2372384475441145e-5	9.3210075075012e-6	1.0637652325846958e-5	1.6669746095640536e-5	2.1279364446728788e-5	2.6146402751225928e-5	1.1393163430913067e-5	1.4868184266235429e-5	1.1505013250683732e-5	1.0835358218302948e-5	-5.725783345719715e-6	6.1759576402628524e-6	1.1088684224308532e-5	5.4071371403778545e-6	1.5229905281789052e-5	1.1403122369968433e-5	1.3395227310177005e-5	8.199598226961424e-6	-1.5916787202488458e-6	-1.1429665807555223e-5	-1.400258056206971e-5	-2.2135655938435028e-5	-2.3845754472569258e-5	-2.156202733721857e-5	-1.4764544296365367e-5	1.0103056629143237e-6	-7.056224636710351e-6	7.14876400263742e-6	4.885027386943019e-6	-1.4365753053281749e-5	-7.503313833971681e-6	-1.8597656509418414e-5	-1.7894954181668643e-5	-4.338392871946345e-5	-6.133050772967608e-5	-0.00010077125657363684	-0.00014844199491565596	-0.00020599691223643912	-0.0002701648345142249	-0.00025362438711706847	-0.00028269097674706034	-0.00035200593199828656	-0.000373811619679143	-0.00035237499767040714	-0.00032946181373338934	-0.00036259072133670855	-0.0003442735289557741	-0.0003820999983430995	-0.00033282293804628993	-0.0002567665568012356	-0.00030196471625248966	-0.00031162697422537633	-0.0002640814325029217	-0.00018102131772723684	-0.00017482493100753893	-0.0001348584503617356	-0.00012529012115986005	-0.00012380476526775708	-0.00011779277423254464	-9.298846089834945e-5	-0.00010698393234677417	-8.610599429650923e-5	-0.00012249988892189256	-0.00019537139592760988	-0.0001845035138125367	-0.0001311398895292165	-9.82151577948176e-5	-9.490239865662942e-5	-6.491391625618181e-5	-0.0001060220650422189	-9.122917048534629e-5	-5.502433361379011e-6	2.0312169914799005e-6	-1.9868553417096146e-5	-3.8737924543466584e-5	-6.10675626819962e-5	-8.576069216760518e-5	-9.540279915891403e-5	-9.814613965292152e-5	-8.431406397710339e-5	-9.047670924099138e-5	-8.294825438494302e-5	-6.243143155226782e-5	-6.621187322378153e-5	-5.7145329050364846e-5	-1.954283740043805e-5	-7.357729876755759e-6	4.525491309817498e-6	-6.035937808596126e-6	-1.889023117616906e-5	-2.3264571692716007e-5	-3.531493782300832e-5	-4.563787173693379e-5	-5.8908979040303566e-5	-7.979477755631903e-5	-7.516667626869533e-5	-9.178607852065868e-5	-7.894500483017486e-5	-8.619425702696693e-5	-0.00010371637468135908	-0.00010684328964095935	-0.00011643136433280021	-0.00012164681154752666	-0.00011748683081090616	-0.00010850851575767984	-0.0001068807932783078	-0.00012180124638917766	-0.00011433710640600114	-0.00013213073376313472	-0.00013780679884983077	-0.00014134892637861912
1.2434556151668524e-5	8.92900418316897e-6	1.4032149465818822e-5	9.129893293203378e-6	1.2138778209599271e-5	3.980503670815774e-6	5.827469447749686e-6	1.3999718945960707e-5	1.0567411339425584e-5	1.24658474460939e-5	1.933892783867637e-5	1.3150356590338821e-5	1.1786107571680471e-5	3.24746983861382e-6	6.4612621893458955e-6	5.2224937156959694e-6	5.953691858094634e-6	8.520799083672204e-6	6.7516202047548934e-6	9.149598667688302e-6	1.1989256430092882e-5	6.5224637756794435e-6	8.196358359819494e-6	7.310904540178825e-6	1.5933129652884875e-5	1.2833977858315443e-5	7.818098111175148e-6	4.512773889384786e-6	4.801505059433969e-6	9.226107562394087e-6	6.623518465469214e-6	8.742600285209512e-6	1.0945672536746831e-5	3.804123899567302e-7	7.81524747261314e-6	-6.699261371340137e-6	-5.965810527877591e-6	-7.295791575046007e-6	-1.77651919867558e-5	-2.979254701013928e-5	-2.380384626389509e-5	-2.5224027510803437e-5	-2.2485495453430926e-5	-8.993225543603434e-6	1.7268104264209216e-6	2.7280971535634246e-6	-7.408727494342959e-6	-1.024875876439596e-5	-9.394100081161483e-6	-1.6045101445399945e-5	-2.8526695979372296e-5	-5.067731173938328e-5	-7.430284198247511e-5	-0.00011343165230888463	-0.00016417151709260946	-0.0002031500683820353	-0.0002203245875673221	-0.00023139366616374557	-0.0002490887314118839	-0.0003196753712436662	-0.0003489251075572408	-0.00034998736873036174	-0.00032371347898248193	-0.0002635495511063568	-0.00026450400029964793	-0.00029531104124569385	-0.00024717547236416393	-0.0002842529445330755	-0.00023969558542863423	-0.0002602790942843325	-0.00017461880899571902	-0.0002190322879666584	-0.00018882389900796992	-0.00019109993969201877	-0.00012046119310382686	-0.00011924124990354834	-0.00013287475720408226	-8.821534973856016e-5	-9.775748678435281e-5	-9.81631789742643e-5	-0.0001396758685275057	-0.00014526904418971087	-0.00013128369593697065	-0.00010751389687389812	-9.702764091311378e-5	-7.155553385061741e-5	-9.764502682980958e-5	-5.4588701180885435e-5	-1.3080446014529512e-5	1.0905467067584551e-5	-3.761107961533505e-5	-4.2921005291574055e-5	-6.527550201751442e-5	-8.787004544125177e-5	-9.043311347163574e-5	-9.675077687794353e-5	-8.23883409412085e-5	-8.554071730462742e-5	-8.094876006482787e-5	-6.535981608365993e-5	-7.069827687687658e-5	-5.398447422595709e-5	-3.908941963517987e-5	-7.999658878030114e-6	1.292614019293703e-6	-9.006662603228133e-7	-2.354255245612391e-5	-1.3431526941012906e-5	-2.4547128652657735e-5	-4.0101300101749726e-5	-4.9195198695978215e-5	-5.822325260806949e-5	-6.494628728044571e-5	-6.967862918594303e-5	-7.05457990201469e-5	-8.380766241579407e-5	-9.263361779032753e-5	-9.117862498006502e-5	-0.00010376353042854808	-0.00010808927971422966	-9.23697961651912e-5	-0.00010503904386907625	-9.023492023030322e-5	-9.24599345654073e-5	-0.00010810739944303732	-0.00011547355519697655	-0.00011287991374953066	-0.00012794701550414983
1.4547033011774041e-5	1.0708648052505654e-5	1.3875626179733064e-5	9.815131563409296e-6	1.1868619422764765e-5	6.525910183335232e-6	5.417333790759538e-6	4.20843535801213e-6	1.2552945065791993e-5	1.2628464761540656e-5	1.5255481611037985e-5	9.665684864903351e-6	1.5072126489587556e-5	6.754782415916219e-6	1.0135517642187453e-6	-3.794755850695941e-6	3.78141067720536e-6	5.00851205127717e-6	1.3620817256206064e-5	1.3895677956812097e-5	1.1916920629548994e-5	1.0988129893821363e-5	2.664518453966702e-6	8.187170288508766e-6	7.310459204136477e-6	8.922844017475451e-6	1.1483948015623968e-5	6.218987998185543e-6	9.879599850888543e-7	4.119386580979378e-6	5.899243496042955e-6	5.768938386892242e-6	1.062681436988025e-5	9.968113574149173e-6	1.3898874997968214e-5	-1.6716565198054978e-6	-1.7534357212717344e-6	-1.2798997430472914e-5	-1.2454258002496388e-5	-3.324327846419145e-5	-4.0353746819793423e-5	-2.527786411177929e-5	-1.7409110719852905e-5	-1.9101596931796194e-5	-1.656784952286383e-5	-8.093045005853894e-6	-7.325352347278824e-6	-2.385623491286959e-5	-1.1318027678258735e-5	-8.164673906581321e-6	-1.8652845652604444e-5	-3.858582344699185e-5	-6.001565889222904e-5	-8.76070998514708e-5	-0.0001288027665210731	-0.00016687540943267215	-0.00017787611878219978	-0.00020181812601313687	-0.00022478516552466854	-0.0002771853677575181	-0.00030678643653248017	-0.00027316848761303747	-0.00027304616467133114	-0.0002268153124086042	-0.0002121797800392483	-0.00023463644222010416	-0.0002156022571846855	-0.00024948516126263587	-0.0002833313260657694	-0.0002738399741339381	-0.00019536669591119216	-0.00017466481603070627	-0.00016578216772457355	-0.00016233651142089078	-0.00012327935872656626	-0.00014040278488447466	-0.00011179541450564989	-0.00010861598621382529	-0.0001001782283429481	-8.323841182295011e-5	-0.00011414376280098615	-0.00014374745859781213	-0.00014371136333908574	-9.403399391615108e-5	-8.480590253483189e-5	-9.346023846328044e-5	-9.280895713406623e-5	-6.297730349366648e-6	5.3819828368245615e-6	-5.544412585295477e-6	-3.6269887917703136e-5	-5.27671504581273e-5	-6.945902620431044e-5	-7.88173595400038e-5	-8.297744652843719e-5	-8.523573231770942e-5	-8.682096925075045e-5	-8.546715635562863e-5	-7.665909031694118e-5	-5.535463472143565e-5	-6.19642455835373e-5	-6.15427760836118e-5	-4.206666048486851e-5	-1.5986746431870258e-5	-1.0266874156394934e-6	7.341564422364e-6	-6.438519422474753e-6	-1.710695279009966e-5	-1.8701534461665337e-5	-3.320698750697293e-5	-4.4568029822222854e-5	-5.3876744645492414e-5	-5.989689104944629e-5	-5.88424979314911e-5	-6.126092363424596e-5	-9.24008038052232e-5	-8.31286818894772e-5	-7.934304363695077e-5	-7.869677132177344e-5	-9.149303981537821e-5	-9.317332658447669e-5	-8.795631649231861e-5	-0.00010004048967265228	-0.00010201758383378279	-0.00011359879996310912	-0.00010787234115943595	-0.00010164889980082692	-0.00010901706891820045
1.3224789102359025e-5	1.9006692378829848e-5	1.1262899250394365e-5	1.2045910872515025e-5	7.312516477758768e-6	5.2033645946657214e-6	8.793508727168026e-6	7.237535766015102e-6	1.3261779912079885e-5	1.0484412003939486e-5	9.755194969960496e-6	1.0727926522385162e-5	8.088703860355262e-6	1.2347217974613411e-5	1.8092013889629832e-6	2.1807364670566737e-6	2.6839920802372574e-6	6.10263494469146e-6	2.7970871062030223e-6	8.116430433562777e-6	1.6823478374283773e-5	7.695485145387676e-6	5.113885524895764e-6	1.8600336657188798e-6	1.3486560772237727e-5	1.4133818356139305e-5	1.749240672015845e-5	8.183906297868498e-6	1.350003550788792e-5	2.6179698599942958e-6	5.58360405437594e-6	6.835244447268157e-6	8.630065249665836e-6	1.1249220684735745e-5	8.817077927145145e-6	4.697513537009479e-6	1.6252624246426706e-6	-4.5691559260110925e-6	-1.1277966407985396e-5	-1.897515673233985e-5	-2.7077340478305623e-5	-3.3508615803964914e-5	-3.170527263039041e-5	-1.8129644920733545e-5	-2.3443081243607056e-5	-1.7208054100582848e-5	-1.6025267050856495e-6	-1.557872700199553e-5	-2.1741386902612847e-6	-1.8057651185975077e-5	-2.501184697724368e-5	-4.348286108350058e-5	-5.249774464970158e-5	-6.823598489632404e-5	-0.00010040362096418176	-0.0001330851574776748	-0.00015312791182622854	-0.00015956938786802766	-0.0001836670659310924	-0.00020913726262936083	-0.00023980571976951748	-0.0002524855639233353	-0.00027987844572301135	-0.0002213739207137383	-0.000215011166423279	-0.00014767069186384651	-0.0001901048654433246	-0.0001808067725487389	-0.00022517546963314594	-0.00021170147882984547	-0.00021282388069747415	-0.00019041096824268244	-0.00014207739802360453	-0.00012702654791744983	-0.00010875876696632425	-9.524931949937698e-5	-8.59607849311439e-5	-7.03350702332961e-5	-6.890758905316041e-5	-6.708051323613129e-5	-6.853814824708815e-5	-0.00012136258144279655	-0.0001260574001953063	-9.906814192779667e-5	-0.00010407651953800445	-8.970805760559475e-5	-5.012761690112444e-5	-2.321587366793665e-5	-9.89728047781635e-6	-2.9303337100577975e-5	-4.958200625244935e-5	-5.83934886121823e-5	-6.044783272020349e-5	-8.126866475784145e-5	-8.452179277654293e-5	-8.116125284861331e-5	-8.299017831454869e-5	-6.591253693018218e-5	-6.712988563466193e-5	-7.361006877822096e-5	-7.290597054017411e-5	-6.99373306663198e-5	-6.056884160887677e-5	-3.19535034282864e-5	-2.558609682630497e-5	-1.3344477432786217e-5	4.6089304248098095e-6	7.091159257011093e-7	-1.4170016071970992e-5	-1.487573736067005e-5	-4.278670191586176e-5	-4.461981565478945e-5	-6.342893766643487e-5	-6.728585408028592e-5	-6.305555903807214e-5	-7.535921051678857e-5	-8.537596085829435e-5	-8.42212654868571e-5	-7.782234654873238e-5	-8.37131292020718e-5	-8.444369606775554e-5	-8.492939587278342e-5	-9.06498769277786e-5	-8.971723158227723e-5	-0.0001006941546203427	-9.32910205250076e-5	-0.00010087854379961514	-9.854131996066967e-5
1.5454651718527918e-5	6.653443258581443e-6	1.0350219216848783e-5	5.863455066531381e-6	1.2064281052024534e-5	7.991510285552256e-6	6.906840550879867e-6	9.390615455379114e-6	1.4167812702105959e-5	1.1921376971528452e-5	7.523841033703349e-6	6.798874885392131e-6	1.4256908099832127e-5	1.5088153166101237e-6	9.078443834360794e-6	3.361755047514431e-6	-1.131984046429113e-6	9.368303658871535e-7	1.0745008398663214e-5	7.61421226633599e-6	7.724968668215704e-6	1.4266789925007975e-5	7.360393897018827e-6	9.466233135899116e-6	7.513372248576372e-6	5.597579962480365e-6	1.3482759830471536e-5	9.143807401783971e-6	4.193998121883313e-6	5.021903032309538e-6	6.4079302844813335e-6	4.955638221830483e-6	7.05588067357113e-6	6.8393874548197675e-6	4.404825029030723e-6	6.961841042887884e-7	4.271340768059739e-6	-2.0416746635346095e-6	-6.453322576836784e-6	-1.3690063080558368e-5	-2.715470589272767e-5	-3.492753883425209e-5	-3.890437071888547e-5	-3.461522464064809e-5	-2.523132473352535e-5	-1.5505309709784587e-5	-1.336004494967985e-5	-3.1458386243188308e-6	-1.5539745597085985e-5	-1.2612133559741778e-5	-1.78034659497478e-5	-3.6997974128816224e-5	-5.2104436217004224e-5	-6.650871151557547e-5	-8.446325995385695e-5	-0.00011317655146392269	-0.00013372264558685065	-0.0001481732531810609	-0.00015513565475647195	-0.00017639492731064133	-0.00019604348201231192	-0.000223772847040421	-0.00026440404878556867	-0.00022401621356527013	-0.00018003087735862788	-0.00016791557185501238	-0.00013223545956148053	-0.00011287263983715545	-0.0001862203566262849	-0.0001886061879591283	-0.0002073993364201665	-0.0001237593859858277	-0.00010663983801909027	-0.0001235850592869181	-9.002053768213114e-5	-0.0001014148205517873	-6.634640861875873e-5	-3.889840055962268e-5	-3.1917308422960144e-5	-3.391994584517333e-5	-3.899491948962386e-5	-9.565828272724286e-5	-0.00013801802040656896	-0.00011730610189816804	-0.00011719828124472087	-6.759066722115958e-5	-3.6947745210569316e-5	-4.034720149127813e-5	-4.038293787908542e-5	-4.834154777866306e-5	-4.393814197027612e-5	-5.146132977217055e-5	-5.558967132099357e-5	-7.007442911523276e-5	-8.216776326182285e-5	-8.301847490704839e-5	-6.277321002411129e-5	-6.96388866711084e-5	-6.080367329422409e-5	-6.0336763797047555e-5	-6.871319160363376e-5	-7.458073546760813e-5	-5.913534852769464e-5	-3.0486835929030565e-5	-2.491098690174387e-5	-1.8025866172985405e-5	-3.052636268763287e-6	-5.699483853621734e-6	-5.565973029697524e-6	-1.8475123774591706e-5	-3.1390445798251676e-5	-4.780835070276185e-5	-4.811587651747107e-5	-7.072371334404526e-5	-6.151422145099505e-5	-6.403689427683656e-5	-6.976884239610903e-5	-7.849619988297557e-5	-7.829237637976133e-5	-7.857755732979671e-5	-7.826496232783003e-5	-7.76879521000376e-5	-8.227205808980509e-5	-8.568540028983801e-5	-9.693619550717875e-5	-9.242945005292352e-5	-9.337445096638253e-5	-8.748680816253462e-5
1.4606944397522331e-5	5.09629637752626e-6	1.2631908865266828e-5	4.648387523422531e-6	2.5337598772573466e-6	6.7616582905688505e-6	9.347074709283726e-6	4.595645153489258e-6	1.3680287371670152e-5	1.1926317409777926e-5	1.0435981506046188e-5	1.1156840696528031e-5	5.884504038558558e-6	8.589216306514186e-6	2.4236033102295607e-6	-1.6656032835512397e-6	4.015158431430743e-6	4.3243891540561963e-7	3.919806645068247e-6	9.014771080225609e-7	6.710593723497499e-6	4.459754099220628e-6	3.575040383087952e-6	4.51681999636723e-6	1.089861734930933e-5	6.721360122120823e-6	1.2462961977537101e-5	7.464217774682397e-6	5.283745446379995e-6	4.9413297347096485e-6	6.253601694643229e-6	3.5811338703478635e-6	3.773424444002832e-6	8.962787922863619e-6	6.014232623204052e-6	3.1895653110868005e-6	3.3509328124792237e-7	3.0183928273475047e-6	-4.0825936381549965e-6	-8.98701035464966e-6	-2.8766620704424872e-5	-3.53091736621583e-5	-4.325520519023185e-5	-3.704502633469775e-5	-3.180730418633759e-5	-3.0270069220281193e-5	-1.2711590135529305e-5	-3.3720160995051596e-5	-1.8979939690223768e-5	-2.4322917811792077e-5	-3.0414839483766665e-5	-3.4297249285400455e-5	-4.778094695075119e-5	-6.176849179709287e-5	-8.87904485179225e-5	-0.00010784718495852885	-0.00012127315861601429	-0.0001360108976399682	-0.0001434916996421315	-0.00015519146731590716	-0.0001682064134245903	-0.0001864078910760597	-0.00020128531437110797	-0.00020059755722820483	-0.000180368429610403	-0.00014400394288474616	-0.00013517806990957781	-0.00011125630473320103	-0.00017483860821794484	-0.00018075317935115076	-0.00015298359475925116	-0.0001375664480333244	-0.0001297936302706304	-9.636259672152203e-5	-8.052606324804312e-5	-6.613110016193136e-5	-6.740896686327491e-5	-5.062468781853735e-5	-3.260715482344967e-5	-3.5736485385490235e-5	-4.143252472880998e-5	-7.551581322068346e-5	-0.00013361256979288472	-0.00012147132149968598	-8.40903117537567e-5	-5.644861097650611e-5	-4.557016331126207e-5	-4.842821998453373e-5	-3.853516247417921e-5	-4.4235554889221484e-5	-4.4419552671509654e-5	-4.85489730014943e-5	-6.221132441662502e-5	-7.484099494650676e-5	-7.495441767257915e-5	-6.597948207752447e-5	-5.6555624983536945e-5	-5.4017671412276425e-5	-5.887363513368271e-5	-6.764844110232482e-5	-6.223155779756795e-5	-7.957013953979741e-5	-5.4052189156841846e-5	-5.08008132088511e-5	-2.9569646427599072e-5	-2.7303297426770068e-5	-4.031513621202687e-6	-5.579130907262808e-6	-1.9330503994371973e-5	-9.949496738645425e-6	-2.1724736809849987e-5	-2.7424221205572807e-5	-4.384107985498653e-5	-4.7648698138155754e-5	-5.363425578230191e-5	-5.755957071650747e-5	-6.490400990093181e-5	-6.448418947251067e-5	-7.456737104952899e-5	-7.407763584401511e-5	-7.48198524620422e-5	-8.165569891256663e-5	-7.097813385214397e-5	-7.882065009359729e-5	-8.674263781219271e-5	-8.835344782187615e-5	-8.393798189062357e-5	-9.356532909565729e-5
8.225978221070712e-6	6.7360106750270765e-6	7.75145355888518e-6	7.770405141809683e-6	8.937274748391233e-6	2.3682073554791294e-6	2.81315172979274e-6	4.588019417509082e-6	1.013738436727793e-5	6.8843720871583636e-6	9.854371279486435e-6	4.852483432432608e-6	5.509898093336574e-6	3.530172302482898e-6	3.05956350749384e-6	7.918828353464802e-7	3.998889706782055e-6	9.28861913600254e-6	5.017884572482492e-6	4.542632681689765e-6	4.178245884044543e-6	7.3245115484940615e-6	8.335156566688373e-8	8.683585263607324e-6	1.1931920295554788e-5	6.763367535293774e-6	8.726574692898004e-6	1.3156834020693065e-6	4.487359106259553e-6	2.5556710610621924e-6	2.347241867019234e-6	4.589094132912558e-6	1.3130870089167468e-6	5.929615251500792e-6	4.177300324224864e-6	2.1540758001099836e-6	2.3032069957837353e-6	8.112303689043754e-6	-6.371189383361231e-7	-1.315467916887525e-6	-1.3405291416843101e-5	-2.0867578498506845e-5	-3.118611488842071e-5	-4.572314911670955e-5	-3.5377977674125316e-5	-3.343971746640889e-5	-3.457311368616767e-5	-2.228594208047302e-5	-3.3376614189464804e-5	-3.1464152030341586e-5	-3.8838950501898784e-5	-3.253282680141384e-5	-5.4821724417009055e-5	-6.311852624764358e-5	-8.533922483608403e-5	-0.000101831545583006	-0.00012149947823010543	-0.00012809040503616864	-0.00013710820564831472	-0.00014461142786720282	-0.0001530348786062119	-0.0001559544876052199	-0.00016876506810960257	-0.0001725645765605216	-0.00014815868800907572	-0.00014196930631961424	-0.00011578635511315383	-9.599555633905965e-5	-6.495812351556274e-5	-0.00016114841123841817	-0.00015966861621925788	-0.00014120456973826245	-0.00012296470374047186	-9.366405871388817e-5	-7.137972179473151e-5	-4.3227521171959604e-5	-4.3246538078065e-5	-3.991019862682743e-5	-2.805633655088291e-5	-3.0084055906154372e-5	-4.719886916200455e-5	-5.8557384201990414e-5	-0.00012049185434126475	-0.00011907159177919346	-8.867032000141328e-5	-5.3374998648311744e-5	-5.070410888027843e-5	-4.315752399550177e-5	-3.54937888975837e-5	-3.7631906054866326e-5	-4.8919658471660576e-5	-5.604883094104118e-5	-5.968660678548621e-5	-7.160103998420098e-5	-7.242435926153867e-5	-5.8267244111218086e-5	-6.002290895215645e-5	-6.183213988562863e-5	-6.149455077097965e-5	-6.729297240964938e-5	-7.526241999414318e-5	-7.235578347412897e-5	-5.910375704479276e-5	-5.247912672999566e-5	-4.4197921689713426e-5	-1.6406467655792623e-5	-1.740607441166886e-5	3.977943191860178e-7	-2.726471934506869e-6	-9.710740241433702e-6	-2.9445728082395928e-5	-3.710945938560639e-5	-4.144281434952796e-5	-4.4775194836532695e-5	-5.4047266336877675e-5	-6.491798851954167e-5	-6.825653865900894e-5	-6.124174897672446e-5	-8.01126726806059e-5	-7.303059903780024e-5	-7.713861938530436e-5	-7.89050823377796e-5	-6.835923916769654e-5	-8.766107197771822e-5	-8.724012126853226e-5	-8.663288673677744e-5	-8.83161057306514e-5	-7.91825074475741e-5
5.856064873473177e-6	6.5862972627867e-6	6.702218261715048e-6	9.74015952528301e-6	3.0289529565075135e-6	2.896580002763327e-6	7.501450090437178e-6	3.927242103567152e-6	6.765967181052851e-6	1.0628375349958086e-5	6.109217678181705e-6	8.86624974827388e-6	8.573717636458505e-6	6.569225686429286e-6	1.0321960842475664e-5	5.743020533958976e-6	4.513090747469695e-6	5.6552184538993105e-6	9.920225177342118e-6	6.870461095659017e-6	7.770086792946787e-6	4.451770169947716e-6	9.661317834077851e-6	9.295483219956546e-6	3.0597746558669314e-6	-6.602113604078919e-8	5.838776456681266e-6	2.7271248952652483e-6	2.3540831827276176e-6	4.270739849005639e-6	4.1655616673033635e-6	2.7707250014295803e-6	9.517984545046737e-6	2.4743718901078238e-6	2.479738419811084e-7	3.171855410700336e-6	-1.2744286962546036e-6	-4.7505101523522e-6	-1.7287712060498617e-6	-4.8902418572915884e-6	-2.797715943463064e-6	-2.018204613846164e-5	-3.3697972255490594e-5	-3.054330009397144e-5	-4.29990093010757e-5	-3.322285588996943e-5	-4.2029211599729777e-5	-4.162515655509874e-5	-4.4684880253463566e-5	-3.324334947943375e-5	-3.136181527148285e-5	-4.432973790564204e-5	-5.683167261447131e-5	-7.345579656689583e-5	-8.730091519484895e-5	-9.777704308103902e-5	-0.0001124198141261995	-0.00013576570857126713	-0.00013685689300574344	-0.00014136472916738418	-0.00015400880765993608	-0.0001536909683720611	-0.00014487913906763294	-0.00014949974960244694	-0.00013634643110729816	-0.00012029036837793439	-0.0001089357477921521	-8.187959641900444e-5	-8.425233817901945e-5	-0.0001365502589473211	-0.0001239582774533593	-9.790659385652822e-5	-9.75586310954929e-5	-8.871129850672455e-5	-6.280848996280397e-5	-5.116692334584949e-5	-4.629728675084599e-5	-4.376128799610246e-5	-4.099473039677337e-5	-3.853955566138212e-5	-3.232503349194504e-5	-6.252164042562514e-5	-8.819530500879524e-5	-0.0001144408764801319	-8.58271201505112e-5	-6.808956176662662e-5	-4.280507046906801e-5	-4.7440792613762106e-5	-4.3249105468809446e-5	-4.016477146533137e-5	-4.820451980289131e-5	-6.346709182508681e-5	-5.752254033340731e-5	-5.808907933661789e-5	-6.512872055899899e-5	-5.702189263302737e-5	-5.681011975948447e-5	-5.9398321764631e-5	-6.187983827600496e-5	-6.0297012608595546e-5	-6.796952649150423e-5	-7.467537655944656e-5	-7.938806567426432e-5	-6.0038200539597186e-5	-4.0452556126883976e-5	-2.9331290000988997e-5	-1.590243073942149e-5	-6.777541310294677e-6	-1.8471411466353116e-6	-4.545636870384451e-6	-1.3337614433034384e-5	-3.4223016673155804e-5	-3.070263390313882e-5	-4.4631784704672606e-5	-4.2442053018766634e-5	-5.1084025789842336e-5	-6.0496158863637683e-5	-6.635662451372898e-5	-5.717508064218002e-5	-6.617062366792714e-5	-6.948387069709294e-5	-7.340244135168456e-5	-6.8859424997951e-5	-8.115654632698255e-5	-8.678256030458797e-5	-6.721873003958517e-5	-7.814628501592868e-5	-8.463848166165994e-5
6.47124362559634e-6	8.60797517250253e-6	5.868930287502433e-6	5.022992655492886e-6	1.821767021091547e-6	2.527873743662923e-6	1.4650027068199845e-6	6.4775105852038495e-6	8.595086448126565e-6	7.273591722412737e-6	7.153892821014363e-6	6.864169605977355e-6	7.692124389703514e-6	1.0910761497843341e-5	3.702823637985464e-6	-1.5708167730964229e-6	6.828622953550245e-6	-1.6491858876796495e-6	3.3809410891587344e-6	2.18383796289634e-7	3.7759021170175044e-7	1.9409869761802256e-6	1.740560468107763e-5	3.1918470145587963e-6	-4.553487307264875e-6	7.830193470611396e-6	2.3482724011841816e-6	1.124601171735573e-6	2.894063569520988e-6	1.5447590580829063e-6	1.029959049905077e-5	7.443018369603788e-6	4.936957960499644e-6	1.157700779859383e-5	5.863046322312354e-6	4.624297364301533e-6	-4.449928381507207e-6	-4.477963681283337e-7	-3.2616428004630937e-6	-4.671280723345106e-6	-4.403214988804582e-6	-1.7461685851601072e-5	-3.139053470282982e-5	-2.7930045971326367e-5	-4.159597687992955e-5	-4.827291669694256e-5	-5.0642162447052386e-5	-4.515673154414229e-5	-6.09215640174493e-5	-4.482779002602105e-5	-5.1452037075350177e-5	-5.294292402483608e-5	-6.129022365585629e-5	-8.374314859182358e-5	-8.945931614847552e-5	-9.961727677563342e-5	-0.00011262114450651811	-0.0001297042166595666	-0.00013264323558796753	-0.00014199368894227127	-0.00014591565802857254	-0.000156986502790335	-0.00015086491084170817	-0.00013367012683361545	-0.0001234224278768431	-0.00011107847931388082	-0.0001009176900032549	-8.065575117510715e-5	-6.828527326918632e-5	-8.974945569714676e-5	-0.00011864186391132014	-0.00011360984960955	-9.92136982378572e-5	-8.123002704502058e-5	-5.875092404759863e-5	-4.37018639592307e-5	-3.62921845353803e-5	-3.3447249961002234e-5	-2.9520242587205425e-5	-2.6718219650612163e-5	-5.344961561022654e-5	-4.9219058733188104e-5	-5.5002974830992146e-5	-0.00011089292136466644	-9.199026414739853e-5	-6.883430999672646e-5	-5.471031830697748e-5	-3.69109495572395e-5	-4.3985026124820914e-5	-3.862014224045862e-5	-5.272331182748502e-5	-5.1256100058738596e-5	-5.479814844076836e-5	-5.832897533031289e-5	-5.759427440174547e-5	-6.307337247976608e-5	-5.872318581921776e-5	-5.9279111567361875e-5	-5.384504040556459e-5	-5.8271722950392624e-5	-6.4016154031378e-5	-8.020531829834587e-5	-7.939978210504128e-5	-6.966616790827357e-5	-6.051112573252776e-5	-4.210369086796867e-5	-1.854494802080303e-5	-4.402385574142631e-6	-3.2660354455649188e-6	-4.955391565836242e-6	-4.2062474380280546e-6	-2.520918207255668e-5	-3.372199871773396e-5	-3.408663054507016e-5	-4.99664686796214e-5	-4.676039720361014e-5	-5.126923245755283e-5	-5.656152358545635e-5	-6.19021202569528e-5	-6.513336853371243e-5	-6.401851705001294e-5	-6.057370805032797e-5	-7.078984588185927e-5	-7.810990732253636e-5	-7.548172319387508e-5	-7.788868454285808e-5	-8.111844095742837e-5	-8.094343283745337e-5
6.223753066733617e-6	4.817574561933463e-6	6.811456780553282e-6	6.297078743860984e-6	3.0840271742632597e-6	2.5339292838467975e-6	4.717636600381353e-6	3.708645532601168e-6	3.6212406771124472e-6	1.1586044352650954e-5	1.144716320431588e-5	1.0876702370796881e-5	9.053009535596457e-6	5.003092124616915e-6	5.9057828614463015e-6	5.459810663473175e-6	8.158253532366405e-6	1.1066146371647989e-5	2.679933098354015e-6	1.4990154842235703e-6	7.4400544319147555e-6	7.653341393791535e-6	1.7857387118493107e-6	4.670267265364375e-6	6.140162163437157e-8	-1.2867986298910339e-6	-9.219076782356062e-7	3.867093819644174e-6	2.6787911624158445e-6	6.462135785246376e-6	5.8921717873729185e-6	4.156772311341567e-6	6.053219449124458e-6	9.346343143867841e-7	2.5927415596427306e-6	2.4725271201113397e-6	1.002728824452126e-5	7.546879245666493e-7	-3.945860836424703e-6	-2.4002932345716654e-6	-3.1142121758968855e-6	-8.9033169942479e-6	-7.040925459854408e-6	-2.6630768445480568e-5	-3.204509086470603e-5	-4.45686901013459e-5	-4.346059861819185e-5	-5.424257831093682e-5	-5.3209090779271495e-5	-5.431361361097481e-5	-5.466370791348124e-5	-5.5231687279277963e-5	-6.082190469585552e-5	-7.137908807856169e-5	-9.326103095081556e-5	-9.651196074961232e-5	-0.00011823237213489518	-0.0001308396734055542	-0.00013606685060358475	-0.00013909832704064873	-0.0001397114975792979	-0.00014834679708600196	-0.0001486611235588381	-0.00013024023916632932	-0.00012442880059637673	-0.00010706009104417824	-9.250889659341566e-5	-7.86795411808483e-5	-6.451820956827892e-5	-4.4918454806391894e-5	-0.000113432031779645	-0.00010578642237364655	-9.640819934909894e-5	-8.126795243701412e-5	-6.449293789984045e-5	-5.570616125501193e-5	-3.941725526708517e-5	-2.9768115056283406e-5	-3.258004868493536e-5	-4.087317181759864e-5	-4.8213908993705035e-5	-5.8577632761763754e-5	-5.193298156964954e-5	-8.069030578254643e-5	-0.00010752944108044504	-6.564335229899965e-5	-4.899292993867932e-5	-4.677465771478484e-5	-3.8201591412781455e-5	-3.65489973355726e-5	-4.397123615738907e-5	-4.8214572525434596e-5	-5.6137534941783085e-5	-5.7583969060095996e-5	-5.3033477132383156e-5	-6.362091734511688e-5	-6.400088358587963e-5	-6.987075740032267e-5	-6.701332956431105e-5	-6.558148555463328e-5	-6.974719196292667e-5	-6.919194167273601e-5	-9.421189035071359e-5	-8.319742952293124e-5	-6.50673118900505e-5	-5.3831274290580544e-5	-1.668043524485907e-5	-4.068307648229241e-6	-2.074485331779452e-7	2.991151163561634e-8	-1.5319120754905824e-6	-5.822225839467732e-6	-2.2919428941531317e-5	-4.1521608200312254e-5	-4.0553251945754654e-5	-5.045078504267719e-5	-5.327378458080262e-5	-6.0348009141980574e-5	-6.234094241264893e-5	-5.808598448151653e-5	-6.450879760921957e-5	-6.844680963506711e-5	-6.760385328798135e-5	-7.743499797537717e-5	-7.708584042354777e-5	-8.331339253469378e-5	-7.671063003561462e-5	-7.104581463066029e-5
6.649018900566073e-6	7.781203253346552e-6	4.484547227925212e-6	4.838526226815659e-6	4.093941440193316e-6	6.546279089549717e-6	6.690741439618203e-6	4.849113732080523e-6	9.574135104509218e-6	8.85306097094668e-6	6.904540687021482e-6	1.246007881290992e-5	6.3091784401059225e-6	7.094204238812518e-6	6.504900513636808e-6	6.875769485020777e-6	9.635304706878678e-8	-8.759025406021581e-8	5.795456887829065e-6	3.728125664084758e-6	3.285180287526668e-6	2.8550759304489526e-6	3.1923701421070205e-6	-4.9826337717231994e-6	3.112980251178399e-7	-2.3481444653278283e-6	4.685396493529781e-6	-2.3663715301505683e-6	8.989068983524667e-6	3.7369066174797183e-6	3.5003158141075352e-6	4.9149630220769736e-6	-1.0643260361584139e-7	6.172428020090326e-7	2.484801643956591e-7	-3.3429560660457047e-6	-1.6613137731810723e-6	6.033205619121462e-8	1.3497455106717404e-6	-1.3815595260695257e-6	-1.8968098034095882e-6	-8.573813859401314e-7	-1.3523397625250094e-5	-2.2696269234671884e-5	-2.9233734573710923e-5	-3.341525298648784e-5	-4.825429118782143e-5	-5.307214791337028e-5	-5.30232184114271e-5	-4.862815337035309e-5	-5.8343830526379203e-5	-5.931930782080569e-5	-7.45675082011038e-5	-8.596328510135365e-5	-9.219861311048072e-5	-9.651710041001099e-5	-0.00011851601134944129	-0.00013342994190004148	-0.0001382424453773637	-0.0001310526871484835	-0.0001355955918293933	-0.00014326113646073724	-0.00014744812792608086	-0.00013663203814878733	-0.00012078421379388415	-0.00011019905691092569	-9.567102643957826e-5	-8.119252340767213e-5	-6.641692512805719e-5	-5.719112900273715e-5	-8.047449859271971e-5	-0.00010585557929342071	-9.254187910770484e-5	-8.559208680355979e-5	-7.350221776711297e-5	-7.103323029604425e-5	-4.947161387144905e-5	-4.9686144955318756e-5	-4.0725965351831594e-5	-4.210063721254986e-5	-4.7798126134174224e-5	-4.72817987019758e-5	-4.610527020929012e-5	-5.5685717538847546e-5	-9.373462509648656e-5	-7.06694316780776e-5	-4.939634313562424e-5	-4.0232965613576366e-5	-4.309255101191123e-5	-4.0852807248192846e-5	-3.7994495787410654e-5	-4.536104781724393e-5	-4.7238368815552545e-5	-4.6771824694508135e-5	-5.58337393246483e-5	-5.848686010327675e-5	-7.031783141875358e-5	-8.057128206805098e-5	-8.1480278253665e-5	-9.025267404087767e-5	-6.953141567286186e-5	-8.72208858956891e-5	-9.725972902486363e-5	-8.048861111029787e-5	-6.777015743291565e-5	-4.851972122688064e-5	-1.4218359562639948e-5	-8.954817139542048e-6	4.377212026000776e-6	1.8832629141048163e-5	-2.091398885670226e-7	-1.0985335362721782e-5	-2.141051170991698e-5	-2.5444315708209042e-5	-3.9513017423969954e-5	-3.793413879456947e-5	-4.7506232888488986e-5	-4.804763086962288e-5	-4.614694639869937e-5	-6.0447746526130774e-5	-6.160318999706704e-5	-4.982018866461074e-5	-6.209579942254018e-5	-6.883802718387483e-5	-7.545649001461374e-5	-7.601265753984232e-5	-7.324136522962599e-5	-6.858222323380403e-5
7.710555555585225e-6	6.853049215344714e-6	6.081158797008324e-6	3.584212462416636e-6	2.2260836294966946e-6	5.417454408251227e-6	4.475013296121461e-6	7.082988438388699e-6	4.231909148198071e-6	5.878867542514349e-6	6.087462890540241e-6	5.539483260118272e-6	6.559771985586299e-6	6.363746606497661e-6	4.44483398654924e-6	8.200212156441594e-6	2.8545468397887797e-6	3.039150420040826e-6	-3.439353023302477e-6	4.239115568988039e-6	3.113048013814179e-7	3.4546378344796347e-6	2.466047656878023e-7	4.2769821430137245e-6	-7.67049726686786e-7	9.421369934203838e-7	5.790757142461883e-6	1.282185078596565e-6	9.94030812523361e-6	3.3471589757673448e-6	3.184239981066095e-6	-3.5720767164494627e-6	3.588071408999055e-6	1.1530170264742456e-6	-5.212057998735253e-7	-7.544840945582221e-7	6.8799211661897675e-6	3.041883964768205e-6	-4.448422695740167e-6	-5.077755707225129e-6	-1.0160603369953336e-6	-4.91814352914996e-6	-5.0044183749244076e-6	-1.072655609083914e-5	-2.1581250241736738e-5	-2.8375790757893815e-5	-4.1433410521984904e-5	-4.530182110516756e-5	-5.984744113046031e-5	-6.35505710555595e-5	-6.200973003307741e-5	-7.092353614124303e-5	-6.716961622327267e-5	-7.814234448313279e-5	-8.998423805129524e-5	-9.373073497909168e-5	-0.0001178081357510255	-0.00013036534146030482	-0.00013201168944879799	-0.00013061654893526536	-0.00012842803155579258	-0.00013502922792483357	-0.00013444473507574772	-0.00013210122774311162	-0.00012378398436471705	-0.00012033412352500938	-9.613496955961087e-5	-7.922855622434499e-5	-7.020875417498851e-5	-6.0463330306056995e-5	-3.012303514265957e-5	-0.00010250902448931398	-0.00010189456266587738	-8.249221618295e-5	-7.881257495581662e-5	-6.570068490988068e-5	-5.963240751888366e-5	-5.659952324529871e-5	-5.190614756588052e-5	-4.6868178825779094e-5	-4.770653923985568e-5	-5.5259762694534476e-5	-4.5467141336630323e-5	-4.857018108019029e-5	-7.587209072817958e-5	-8.144909876758866e-5	-5.272193272232162e-5	-4.87624599986719e-5	-4.3682148826926226e-5	-5.0561692419709425e-5	-4.706742374321893e-5	-4.785700806995974e-5	-4.446229517375555e-5	-4.8705491679720825e-5	-5.035538500931802e-5	-5.69400321163982e-5	-5.346656494278901e-5	-5.67190619558261e-5	-8.394441988312379e-5	-9.627454324208362e-5	-7.430025019718178e-5	-7.628729137114376e-5	-8.999432492620696e-5	-8.721948944329094e-5	-7.489731708096303e-5	-4.363033534720423e-5	-4.0296582260249125e-5	-2.077289620698586e-6	7.274621985527141e-6	3.563183277079107e-6	3.41208560971501e-6	-5.209943804498907e-6	-1.027333708554512e-5	-2.771254688400948e-5	-3.155029351924882e-5	-3.24032299473323e-5	-4.029042778661701e-5	-4.2994332052903594e-5	-4.5879768625738115e-5	-4.707309195217668e-5	-5.2978784553792124e-5	-5.3724885326102145e-5	-6.367440103828559e-5	-6.569620823911049e-5	-7.219856602760227e-5	-7.764109234004168e-5	-7.488443404864847e-5	-6.565737536989857e-5
4.4427531315296975e-6	6.386517562625288e-6	5.801799470538105e-6	2.0621275954174623e-6	4.8053043748969015e-6	1.493136940044354e-6	4.9721449288560315e-6	1.1174641127795898e-5	7.26357017068191e-6	9.151008943664163e-6	9.126414901583502e-6	4.763379632139603e-6	3.1452734839364227e-6	7.438626537653592e-6	4.213958825979858e-6	4.350872689472957e-6	5.402687845712517e-8	-1.309648461726709e-7	2.3089653290470774e-6	8.591506683603561e-7	3.1322139977182917e-7	4.775189575353944e-6	-2.330651947476947e-6	3.916242330426201e-6	5.690363544946786e-6	1.3029302571750112e-5	4.397123398898473e-6	4.183270212437112e-6	3.6664017633546153e-6	4.225533768373313e-6	4.285558995349714e-6	2.0049177704324628e-6	-1.4765979780041738e-6	-8.652651620373597e-7	-3.0801300095542605e-6	-2.2123091119458094e-6	-5.987141392469614e-6	-2.120842835118958e-6	2.1369830818102065e-6	-2.217770509339162e-6	-5.954084339281074e-6	-6.990798456611713e-6	-6.349534613370178e-6	-1.4551849308874765e-5	-1.3858980694829437e-5	-2.969138118962683e-5	-3.223330456714191e-5	-5.032439905332947e-5	-4.7837970564013066e-5	-5.202262015266412e-5	-6.44555052777343e-5	-6.755231573771225e-5	-7.16279563873351e-5	-6.945679816884598e-5	-8.780765123252848e-5	-0.00010710418066762345	-0.00010851641742311291	-0.00011708236376944958	-0.00012641984843946713	-0.00012529464065661605	-0.00012424969798689733	-0.00012870663519334857	-0.00013723151792450344	-0.0001284960983102823	-0.00012514154534674915	-0.00011624782083122231	-0.00010272062605891363	-9.217905627169343e-5	-6.886210677202464e-5	-5.966482841644749e-5	-4.9110997386858646e-5	-7.994323735979747e-5	-9.789663437537177e-5	-9.300853706997736e-5	-8.748893428299487e-5	-7.807027051741355e-5	-7.516425307683983e-5	-5.783956755385511e-5	-6.12707139798635e-5	-5.232956754551432e-5	-5.04139926419539e-5	-4.6133457297370395e-5	-4.3592263045816315e-5	-4.1771260929357457e-5	-4.2780646646728426e-5	-9.140563197833351e-5	-6.58111119853505e-5	-4.932445402637542e-5	-4.951219772716953e-5	-4.284878983747131e-5	-4.2761605888175236e-5	-3.975525204175101e-5	-4.043533303327296e-5	-3.966374863099975e-5	-4.3103519885290265e-5	-6.269459127197785e-5	-7.21914758874953e-5	-7.758906635669388e-5	-7.197628886131124e-5	-8.11759313197255e-5	-7.708300252436129e-5	-8.820767738188656e-5	-8.596865949152266e-5	-8.244364772033025e-5	-7.407149546501124e-5	-5.7543941400090004e-5	-3.789997070520468e-5	-2.036081101896431e-5	6.827186927772788e-6	1.473095517096068e-5	1.4263308958407939e-5	-2.0685796825459235e-6	3.1328829504587152e-6	-1.6749758589666708e-5	-2.9101683628011965e-5	-2.8263009337406442e-5	-4.200872776808501e-5	-4.250737674175997e-5	-4.351655320811165e-5	-4.291692001778813e-5	-6.145216388704633e-5	-6.0265386431224144e-5	-5.796146982511852e-5	-6.565431412506456e-5	-6.577709026327899e-5	-6.238877795460007e-5	-7.612856254678863e-5	-7.149344159219917e-5
3.3591619069683887e-6	7.132312860973211e-6	6.05288958061348e-6	1.578141642973735e-6	2.316837585496223e-6	2.9705586406490736e-6	6.722261907277788e-6	5.269290049864789e-6	8.637224236610758e-6	7.631192498660372e-6	2.7299278289316664e-6	7.600103272414893e-6	4.149808209737149e-6	4.338215713311361e-6	1.4179071328515591e-6	-4.1606353236821325e-6	-4.911585461259138e-6	4.0377700098390146e-6	1.4102960336007109e-6	4.538145439948391e-6	3.5763747649117383e-6	-8.03868825888579e-7	-2.414763945442558e-6	4.11258131499323e-6	3.297567568397858e-6	4.876417737491312e-6	-1.3386671328732835e-7	3.159468129829146e-7	-3.8189259697271605e-7	5.917990164756859e-6	-3.6155071449738008e-6	4.0641185620853e-6	-4.641600688873315e-6	-1.803515290669383e-6	7.108625754009834e-7	-6.640905002557734e-6	-4.149059839187591e-6	-3.872412915502388e-6	-6.90339685372951e-6	2.5471161638201956e-7	-9.806804619674064e-6	-1.2152537548319742e-5	-6.046100848710462e-6	-7.247174052277955e-6	-1.050919036038947e-5	-2.2048786407768972e-5	-3.032985971748725e-5	-3.5897594575715064e-5	-4.953214108403131e-5	-6.157207176841345e-5	-6.642501652887045e-5	-6.882848132584718e-5	-6.810473897073815e-5	-7.804794842098534e-5	-8.757138081089827e-5	-9.386150493992385e-5	-9.702980064384137e-5	-0.00010734828878675856	-0.00012298783898852944	-0.00013222388245068273	-0.0001225978671880179	-0.0001201175151097772	-0.00012345388275027125	-0.00012529042311016508	-0.00011965601252883484	-0.0001161411765371323	-0.0001094585620059485	-9.129208890581997e-5	-8.183240651944701e-5	-7.206351184188553e-5	-5.53417630732439e-5	-4.26077868733582e-5	-9.387876110170112e-5	-9.196397224471575e-5	-8.449453810233098e-5	-8.455709548348123e-5	-8.015286026043233e-5	-7.180931738993979e-5	-6.741149739114549e-5	-5.338422195619308e-5	-4.545233113495417e-5	-3.899100009877032e-5	-3.663216973683048e-5	-3.7259233242117884e-5	-4.2112594878310206e-5	-6.625876063093283e-5	-8.598550474067657e-5	-5.794675720163789e-5	-4.2608648814085326e-5	-4.208679845602026e-5	-3.940170455532521e-5	-3.0950113348929276e-5	-3.9296325525170483e-5	-3.724254303387464e-5	-4.930370456519839e-5	-5.4626756677139676e-5	-7.159234522487873e-5	-7.935221761363326e-5	-7.957849223333424e-5	-5.5782667439212286e-5	-7.443709873749399e-5	-7.835448056440347e-5	-9.858316745402218e-5	-8.109812138241274e-5	-7.36912175161239e-5	-6.526178252322379e-5	-4.371016190055782e-5	-2.147442271747957e-5	5.918818495216638e-6	7.980182270203584e-6	2.0137882789268702e-5	1.1627094686356143e-5	1.7565593077306652e-6	-1.3314673257165677e-5	-2.2605884178461544e-5	-3.111707235197575e-5	-3.201866126834735e-5	-3.982105552420567e-5	-4.318316971368974e-5	-5.055547506235131e-5	-5.0233902324295365e-5	-5.994888016992023e-5	-6.065051781113662e-5	-6.208896840675243e-5	-7.078667459050475e-5	-6.97950676203582e-5	-7.606379556161086e-5	-7.000669792131542e-5
3.0379385530625302e-6	5.001031869438649e-6	5.7485537597462555e-6	3.0242458927756677e-6	4.0430289324766555e-6	1.553860935320922e-6	2.3679642231419495e-6	4.599153360668878e-6	7.326315118807991e-6	5.729413796694283e-6	5.663436028740393e-6	4.48770876146018e-6	1.3301298539165896e-6	7.587719515200764e-6	4.051982816118127e-6	-1.3055054541750988e-6	-1.9719734742698614e-6	-6.343026283254019e-6	-4.50653240852833e-6	2.3508069948129096e-6	4.97602379765337e-6	6.151343540442e-6	7.865054636214952e-6	5.227869596642967e-6	1.0977734021290486e-6	4.368921945139409e-6	-1.6788965508628129e-6	1.2902206429979413e-6	1.3441534669166033e-6	3.0581288369690984e-6	-4.075591589474542e-6	2.678463733359754e-6	-1.750911427563645e-6	-4.10801546859435e-6	-3.6740814383928733e-6	1.2169098736504458e-6	1.7473891257557828e-6	-4.690566240538735e-6	-5.44942021195316e-6	1.685350806395619e-6	-7.700027410389304e-6	-2.5577543555366233e-6	-7.79750233565607e-6	-8.38565978808492e-6	-1.5799873074370113e-5	-2.0244574246153224e-5	-2.2221696325489676e-5	-3.754810861105601e-5	-4.720514886098759e-5	-5.0345441791194157e-5	-5.725818690710538e-5	-7.157708778980643e-5	-6.898170782417695e-5	-7.464459334926427e-5	-8.114485862756315e-5	-8.4654517011791e-5	-9.640913230506837e-5	-0.00010032635529635958	-0.0001132368444888357	-0.00012925917335180476	-0.00012777006069917413	-0.00011529761628943647	-0.00011563098352082579	-0.00012836706198872394	-0.00011833086702335571	-0.00011894083645509063	-0.00011105628135860135	-9.368361555267546e-5	-8.631705810183132e-5	-7.508049412220663e-5	-7.073139600063949e-5	-4.23461352788701e-5	-6.576502363520031e-5	-9.677233190133472e-5	-0.00011017295149101658	-0.00010247632820439834	-0.00010045733776081756	-7.83089196786102e-5	-5.892528977778644e-5	-4.6374236915835976e-5	-3.446139424170824e-5	-2.9169482584565087e-5	-3.496227504555527e-5	-3.23851590076224e-5	-4.02461137333221e-5	-4.729151315344127e-5	-8.70304544577094e-5	-5.2203299192102315e-5	-4.5490501556638696e-5	-3.492369587965172e-5	-3.1545802211749296e-5	-2.847302688763209e-5	-3.2004773180618895e-5	-3.758485926999566e-5	-4.869634101338505e-5	-6.07640120945524e-5	-7.33934831312344e-5	-7.996371631253246e-5	-9.429259185522038e-5	-5.7657853101342194e-5	-8.876607998989372e-5	-8.35534929004983e-5	-7.56001457182659e-5	-7.269752887780617e-5	-7.362152662677979e-5	-7.317474913764305e-5	-4.4838235771851864e-5	-3.153877387116616e-5	-5.6526446934671015e-6	6.885078444873738e-6	9.904587458357816e-6	6.694932694166489e-6	2.029842223125189e-6	-1.3605145113802786e-5	-1.747106148988764e-5	-2.8312019612411476e-5	-2.799026852309816e-5	-3.6165168624570365e-5	-3.809192924194432e-5	-3.872427498021608e-5	-4.345726523861254e-5	-5.027483746151973e-5	-5.6415953180767586e-5	-5.7492033594779e-5	-6.593379705058244e-5	-7.183946417344683e-5	-6.22665628910099e-5	-6.869204857706812e-5
2.319048273725921e-6	6.442612556726429e-6	3.4798113826214894e-6	3.9551771146423276e-6	4.091964668582332e-6	1.9149327848237696e-6	-7.178177323374779e-8	9.051402205875747e-7	3.9748957706038646e-6	6.706147410388136e-6	5.884238409026299e-6	8.599918737209333e-8	2.3332320775969195e-6	3.061290099453523e-6	4.4142914692492374e-6	-7.389824429465675e-7	-1.5225494476300838e-6	-4.373637818013906e-6	3.893802462536997e-6	8.127756144981832e-6	-8.043035909597457e-7	5.639901929808608e-6	4.910630821246265e-6	4.049290877649117e-6	1.519048287764585e-6	1.0580279057384456e-6	6.337966176189758e-6	2.1345064929977065e-6	-3.129671543623813e-6	-1.7460593517912293e-6	-2.3304768488260907e-6	-4.500206088851877e-7	1.6292100047526903e-6	-7.192931146537962e-6	-6.099903297317882e-6	-1.2098593069227725e-6	-2.953569734707312e-6	-3.367436266898255e-6	-2.720779602050777e-6	-4.001613764740425e-6	-8.772622656517265e-6	-1.0361448569799758e-5	-7.1758755621625925e-6	-1.7117221810976357e-5	-1.6470980666611484e-5	-1.8604251169132557e-5	-2.278975483804499e-5	-2.8096962148387028e-5	-3.671180221799519e-5	-4.4707109650606036e-5	-5.496891353554134e-5	-6.489422551842622e-5	-6.749772073731675e-5	-7.649015589753644e-5	-7.886297572010786e-5	-8.889459426810603e-5	-9.055416193368832e-5	-9.036266851968067e-5	-0.0001069707896480393	-0.00011996378391533613	-0.00012710779857035698	-0.00011568887449582566	-0.000114742090611894	-0.00012089799376457239	-0.00012004547258592096	-0.00011670822782586937	-0.00011188440419366424	-0.00010022369761365779	-8.596900535201568e-5	-8.992349616668283e-5	-8.072063416991737e-5	-6.647859021081948e-5	-4.671319537782881e-5	-9.775126021127623e-5	-0.00011881392788029577	-0.00011781354104095643	-0.00010669069360619288	-8.242822006551687e-5	-5.4708785245105584e-5	-4.6523123894970375e-5	-2.7045733816573325e-5	-2.5711007758597026e-5	-3.534587770040454e-5	-2.7157550297127186e-5	-3.989837973894517e-5	-3.6892655813983155e-5	-6.83725753965192e-5	-6.147679045519217e-5	-4.140538389582615e-5	-3.369253227109015e-5	-3.20985642579541e-5	-2.2839611061795106e-5	-3.19549811958475e-5	-3.283201401721447e-5	-4.2877227376253435e-5	-6.773893837346001e-5	-6.407722985025954e-5	-8.753964079229876e-5	-7.179805957668178e-5	-5.706318880957517e-5	-7.434833185302608e-5	-7.62925345728499e-5	-7.560570225439989e-5	-7.608413411016451e-5	-7.43511209631148e-5	-7.317868858623677e-5	-5.5598767777220726e-5	-3.4950679503320536e-5	-2.5890004658364607e-5	5.137706666352715e-6	1.1054370851852624e-5	8.243965948263876e-6	2.6276539537989363e-6	-8.098988060062373e-6	-1.897357813397671e-5	-2.245765585214693e-5	-2.6077169395198607e-5	-2.8965513256158648e-5	-3.4744124894833806e-5	-4.365000548511855e-5	-4.2137942440900744e-5	-4.126708713246205e-5	-4.57514120989419e-5	-5.466629021200556e-5	-6.214206829235208e-5	-6.30746404542068e-5	-6.183827592782382e-5	-6.698135698434554e-5
2.130741465428479e-6	2.0077399486874425e-6	4.8690494995271005e-6	3.88288305588208e-6	3.056404142363217e-6	-1.235470059590682e-7	1.3958997261039052e-6	2.1056344601949606e-6	9.979690684946974e-7	9.847624018316514e-7	1.3216066695881379e-6	1.7009812070152563e-6	1.3531249688433777e-6	1.970860811790348e-6	2.607803025172356e-6	3.288666539612295e-6	3.838178689805072e-7	-2.3866204964997223e-6	4.018267110109802e-6	4.649369268489717e-6	1.320155898661135e-5	6.683381468695557e-6	4.5635552086385756e-6	3.3791792606284454e-6	1.5385164930242778e-6	2.5269819873760535e-6	-3.761611248181973e-6	-7.389848824014555e-7	3.4940989988505033e-6	-1.7579796125766212e-7	-2.1849695989138718e-6	-3.6474024755345225e-6	-1.7599650578049852e-6	-3.2325352247383754e-7	-2.796807924143607e-7	-4.147498317008669e-6	-7.304085450614978e-6	-3.825114595727708e-6	-7.672251505982941e-6	-9.527056335674466e-6	-1.4037586739713837e-5	-7.122673761558729e-6	-1.1407639156219007e-5	-1.0148040719380746e-5	-1.145998199765172e-5	-1.6068600443286396e-5	-1.8248818255128807e-5	-2.333550019884001e-5	-2.4436074637281674e-5	-4.007997438711802e-5	-4.905265321535068e-5	-5.5564752018261165e-5	-6.791274411322573e-5	-8.127705756685866e-5	-7.841616733120921e-5	-8.432484962031528e-5	-8.401877826282045e-5	-9.171934750324545e-5	-9.682936798292158e-5	-0.0001129007374785565	-0.00011765009051614012	-0.00011683273489285217	-0.00010606160101653966	-0.00010771229773994667	-0.00011453714116472363	-0.00010633051459717907	-0.00011160076714752248	-9.952036644864798e-5	-9.515578266745123e-5	-8.439298088483427e-5	-7.286867615384496e-5	-8.102431919843056e-5	-7.602894225647305e-5	-8.364027461078838e-5	-0.00011315865887547016	-0.00011311984552189736	-9.007627217900993e-5	-7.939700004226669e-5	-7.186979472922211e-5	-4.439646567044875e-5	-2.645019294734985e-5	-2.310712276902549e-5	-2.856829898513491e-5	-1.9109314824961032e-5	-2.8426304279211e-5	-3.624498487800332e-5	-4.416437159558695e-5	-7.54066091252642e-5	-4.395775193496987e-5	-3.504633649259459e-5	-2.5498310060600993e-5	-3.335548742593175e-5	-3.904544331086168e-5	-5.246743903057627e-5	-6.056479590847014e-5	-7.24150231966314e-5	-5.187949733437974e-5	-5.909199941433324e-5	-6.22599389578371e-5	-7.37450562855041e-5	-7.082801359303836e-5	-7.566089085548483e-5	-7.727597641643547e-5	-7.540389645142864e-5	-8.042657956720128e-5	-6.939737846878291e-5	-6.700249079519272e-5	-4.757311515210527e-5	-2.93500938613675e-5	-1.0972456667215913e-6	1.1660030579951908e-5	1.0280935174369898e-5	1.1534722287563637e-5	2.3252997834524725e-6	-5.830633827315357e-6	-1.2687041087838802e-5	-2.0714909551144273e-5	-2.5369480550607032e-5	-2.866024176881657e-5	-3.562620901412239e-5	-3.790258986660286e-5	-4.1093499859434085e-5	-4.579126303399378e-5	-4.625070563080841e-5	-5.100248023394427e-5	-5.302708115271712e-5	-5.800328967131563e-5	-6.740562481007822e-5
1.8106805117767966e-6	2.294990640670097e-6	3.856137550115393e-6	-7.296808014582712e-7	1.037155658665384e-6	3.058376035064425e-6	-4.130482306012595e-7	1.2464562802044776e-6	7.798449386253736e-7	2.1889933442265086e-7	1.2573820565471572e-6	3.639527102004131e-6	2.1116889161766628e-6	1.3325655140970782e-6	-9.68540026825837e-7	1.3323614130381078e-6	6.419921831559566e-6	4.682855123637475e-6	2.502595976587238e-6	5.300900777355233e-6	3.4783727818638727e-6	2.914096915163089e-7	8.334421884191243e-6	5.000643589535628e-6	-1.7911486096394702e-6	-3.7211919201411703e-7	-6.699843587906762e-7	-7.865437088531296e-6	-3.24753407759254e-6	-7.399544844043093e-6	-1.201356722435598e-6	-1.9072775043343926e-6	-4.620705402504088e-6	1.9625680204235496e-6	-1.1959598350715084e-6	-8.415493237164118e-7	-1.7763516894399312e-6	-4.748700076825235e-6	-3.803094449604527e-6	-9.274691745945335e-6	-5.026348532267272e-6	-8.777426756343548e-6	-6.128913294847077e-6	-5.625328219731329e-6	-1.3502616722210065e-5	-1.2208155764515533e-5	-2.5013371365498194e-5	-1.9686866882789172e-5	-3.2935834777796796e-5	-2.911751189552808e-5	-4.392109587266976e-5	-5.4211318593899716e-5	-6.764873925792225e-5	-7.964709024688849e-5	-7.857738277324694e-5	-8.300456947208518e-5	-8.499671506987522e-5	-9.199601692412573e-5	-9.315215374235131e-5	-0.0001098995921393689	-0.00011587718089754728	-0.00011555569977457492	-0.00010905170050399399	-0.00010604795416379459	-0.00010403012056393185	-9.861197470574512e-5	-0.00010766877623843985	-9.739484772060963e-5	-0.00010209989754692006	-8.914946851481392e-5	-8.576445326494153e-5	-9.912249731951206e-5	-9.224404877092307e-5	-6.970058048522826e-5	-9.709043356613545e-5	-9.600990629691358e-5	-7.956356005891368e-5	-6.574462382922391e-5	-4.791130057794912e-5	-3.8049849187225815e-5	-2.6508494292871998e-5	-1.5215107819488427e-5	-2.0426422055533355e-5	-2.4720456801366475e-5	-2.6413042759909633e-5	-3.3592206707261374e-5	-3.5653160111726034e-5	-4.3587516408705174e-5	-5.753533717164916e-5	-3.638195539105993e-5	-3.226776701739653e-5	-3.83701750927834e-5	-3.364360331124805e-5	-4.8561182744259745e-5	-4.7856656788455854e-5	-7.211531502168689e-5	-5.6282692265444134e-5	-7.00319218848583e-5	-7.320828351083802e-5	-6.366205197554098e-5	-6.131094004886706e-5	-7.191891830335417e-5	-7.970791832557361e-5	-7.874371239693229e-5	-7.112790147449297e-5	-8.040158491241789e-5	-5.607104786985867e-5	-5.767761783589606e-5	-4.2601116590542526e-5	-1.6528788700145153e-5	1.5959239138552128e-7	1.614496242859781e-5	1.2540622294950066e-5	1.1615938788102353e-6	-8.196537253177955e-6	-1.2718694912365602e-5	-1.6712752601115433e-5	-2.3630779950011005e-5	-2.5016465407447924e-5	-3.143357373436989e-5	-4.019916805030402e-5	-4.010885184093163e-5	-4.459066633728109e-5	-4.755929374281043e-5	-5.021126635133821e-5	-5.597642195685065e-5	-6.115484773314486e-5	-6.274928818737757e-5
5.189651605588125e-7	2.7602047166994104e-6	9.955046769566378e-7	2.928500269974016e-6	3.52893333045029e-6	8.509168304866865e-7	1.772345291362054e-7	-2.7523803006711256e-6	-2.518990875263749e-6	-1.644622751786201e-6	1.4443906682683194e-6	5.886922080453744e-6	3.976143145203309e-6	5.011454304922752e-6	1.399559179486587e-6	7.422619918880102e-6	2.9363173676376364e-6	4.104612157974918e-6	-1.9368512869932797e-6	6.897216359245256e-6	7.665966250463771e-6	1.0600168746238703e-6	2.030492473378137e-7	2.384680181186788e-6	1.6000095942169529e-6	2.5483735672897356e-6	-4.495333142187641e-6	-9.972971341982995e-7	-1.9645245987690713e-6	3.2948581471688165e-6	-4.468177536949211e-6	-8.904219050455409e-7	-3.965731280690388e-6	-1.8245238761656346e-6	-3.856577329621608e-6	-4.0052417762601045e-6	-3.6315519818738706e-6	-4.4542849768867965e-6	-4.424509532623827e-6	-2.5394825673742683e-6	-3.843424873067186e-6	-1.0197551624738926e-5	-8.532634505637599e-6	-9.568439519446609e-6	-1.4157438784669074e-5	-1.5712714874875633e-5	-1.547642005869654e-5	-2.370687034267821e-5	-3.1386746500439155e-5	-3.573320513181738e-5	-3.21412099951561e-5	-4.636018294517513e-5	-6.200328499326307e-5	-6.920850231881964e-5	-7.828774954699025e-5	-8.603680701907424e-5	-8.355788120879143e-5	-9.162958477908212e-5	-0.0001049109529718123	-0.00010307743590967644	-0.00011344678451860601	-0.00011271070773748171	-0.00010896409371585064	-9.976263142408986e-5	-9.742063872188872e-5	-0.00010162292990618937	-0.00010024781785938908	-0.0001029605670469988	-0.00011545452690674834	-0.00011589604059433767	-0.00010927182390266937	-0.00011118808998511476	-0.00010271856553268482	-6.93492577816604e-5	-5.1192288797775876e-5	-6.788998942013069e-5	-6.784941911693737e-5	-6.903090132934914e-5	-5.593282510329284e-5	-4.7948664895318405e-5	-4.214122377877577e-5	-2.1682892569103995e-5	-1.54294589257975e-5	-2.296162500588228e-5	-2.5392786831557324e-5	-3.2709134879793655e-5	-3.093648709602548e-5	-3.255096387745626e-5	-5.7402949581175644e-5	-3.928956769302938e-5	-3.602008990556682e-5	-4.14733080777302e-5	-5.622483923752031e-5	-4.639947985291687e-5	-6.386348643926815e-5	-6.940028955161603e-5	-4.957240618431308e-5	-6.414635478606961e-5	-6.839672599991131e-5	-6.746464172903421e-5	-6.959265276681656e-5	-7.456033322217684e-5	-7.28777078289923e-5	-6.805374704521236e-5	-6.956104691823589e-5	-7.503593287081639e-5	-6.970984716119649e-5	-6.810689355150543e-5	-5.0526056320603085e-5	-2.4033958959286672e-5	-6.618422444207989e-6	1.4103562881364468e-5	1.6007845819298455e-5	1.065692076685637e-5	-6.201744846834334e-7	-1.272778215287429e-5	-1.5443707510748306e-5	-1.905448916055333e-5	-1.832117438446343e-5	-2.3261793424649013e-5	-3.101478519536641e-5	-2.8811414246130568e-5	-4.257637970482564e-5	-4.308573869861096e-5	-4.70746082089149e-5	-5.581882205800762e-5	-5.05217745351734e-5	-5.3927652003248755e-5
6.80792228147098e-8	-8.160258493233874e-7	-7.882521133213694e-7	-8.927705580016876e-7	-2.446786263182732e-6	1.3407127513222206e-6	2.102211633936424e-6	-2.4555810401553912e-6	-5.879574171280266e-7	1.9051543654301228e-6	2.2876381236373866e-6	5.679097058071403e-6	1.2657390868926754e-6	2.6893225602182824e-6	2.815920511090725e-6	3.4210373249521364e-8	2.1954446182033405e-6	7.042097482402865e-6	2.985744518377992e-6	5.436561303136939e-6	3.5806791830617773e-6	6.583518317093348e-6	1.3210079189383828e-6	-3.278355776951958e-6	1.4473727663437408e-6	1.5774969492569207e-6	-1.7394225437176308e-6	-2.3949477112854972e-6	-3.948134408380405e-6	-3.186169589882576e-6	-4.45799931800446e-6	-4.40980395645732e-7	-3.043303998563618e-7	-5.67674704986254e-7	-2.4897797582315584e-6	-2.026912979905676e-6	-6.109903978156889e-6	-8.039846457856548e-6	-9.366532885673323e-6	-9.213444081019456e-6	-5.900773034257789e-6	-9.959719951980334e-6	-1.1381078913498544e-5	-1.0195974652679046e-5	-1.304468984003257e-5	-1.9694217773518624e-5	-1.3520497655489239e-5	-2.3690089603553566e-5	-2.559095947304857e-5	-2.509366304158378e-5	-3.669417498802438e-5	-4.769339030695832e-5	-4.862438278624773e-5	-6.590135013216647e-5	-7.495496302627191e-5	-8.016695000976487e-5	-8.343838532424985e-5	-9.40989007634091e-5	-9.455817747729134e-5	-0.00010022478235793136	-0.00010352785577601165	-0.00010874960545796675	-0.00010771692945162753	-9.916295594988161e-5	-8.966637220046703e-5	-0.000100901467086148	-0.00010475170535671763	-0.00012143165325270017	-0.00011270746326248055	-0.00012446091141211924	-0.00011632229142584383	-9.889443972933842e-5	-8.686458941465497e-5	-7.120572957219212e-5	-3.202957755792102e-5	-4.8163124963945814e-5	-5.550402205987265e-5	-5.771259555323316e-5	-5.3050734920463694e-5	-5.610892447275445e-5	-3.5919801746713e-5	-3.412244174282736e-5	-2.327969197621349e-5	-1.2753682658572796e-5	-2.53965273290524e-5	-2.8323191231596767e-5	-2.622242592335844e-5	-2.5189805753431105e-5	-2.579379309967933e-5	-5.541592467024625e-5	-4.7975424631238606e-5	-5.074319762120305e-5	-5.975709185292166e-5	-6.76657287059651e-5	-4.613265552986384e-5	-6.057223787218208e-5	-5.665144839784447e-5	-6.809151820944687e-5	-5.631790227309669e-5	-6.96868187070529e-5	-6.416069335980074e-5	-6.794546072693211e-5	-7.830767338821293e-5	-7.226730769794437e-5	-6.298572476299072e-5	-6.927132722685594e-5	-6.65305836681021e-5	-5.742369877130213e-5	-5.374658102472521e-5	-4.227581446806378e-5	-2.121491513278756e-5	-1.2824295661864604e-7	1.3041830256802639e-5	8.167806437708175e-6	9.059776312405482e-6	1.7415840362737522e-6	-1.2641024837133086e-5	-1.046578242906021e-5	-1.72428819269696e-5	-2.294472554661975e-5	-3.720085329193823e-5	-3.184963875751609e-5	-4.0694687745458646e-5	-3.878357460488854e-5	-4.863674756992384e-5	-5.1397543447857796e-5	-5.3390174226120024e-5	-5.98894135781132e-5
-1.484983739707263e-6	-2.3426565049812498e-6	-7.406141672161581e-7	-2.8831479575736757e-6	-2.256327313572906e-6	-8.839905532836284e-7	-2.794913280847189e-7	-8.709667102119178e-7	9.327735524082559e-7	2.371665960409358e-6	-7.478867243386478e-7	1.7532424622344889e-6	2.957640371763909e-6	7.008158972848094e-6	3.497961469089983e-8	2.7610940335313916e-6	2.2062950424950323e-6	4.360357832178946e-6	1.4464013211971938e-6	-2.2238233390176054e-7	2.6710824849694725e-6	5.4439951353325855e-6	4.982538768507835e-6	8.236327472908173e-7	3.7711527694009317e-6	-3.1923559119535067e-6	-3.205419599455056e-6	-3.745114841077063e-7	-3.7559376182133564e-6	-7.952124202181832e-7	-5.327502490808794e-6	1.4281643630296298e-6	-2.29032775817678e-6	-3.3606171773344073e-6	-6.504405304294525e-7	-3.4699237298589647e-6	-5.458518023433029e-6	-7.706682785425106e-6	-8.268677355229709e-6	-8.564447165782668e-6	-8.168227650252186e-6	-1.3899472393365253e-5	-1.2445855164609082e-5	-1.7794961467906822e-5	-1.4266312469476267e-5	-1.609421255120702e-5	-1.978992029928392e-5	-1.4883478564181596e-5	-2.390417751978527e-5	-2.9753645565139958e-5	-3.7235574595461535e-5	-4.8033515099438207e-5	-4.796954879756482e-5	-5.8658131520464285e-5	-6.569325812499915e-5	-7.340379064128821e-5	-7.887520768901785e-5	-8.969811330326871e-5	-9.385229355826641e-5	-9.71548780011669e-5	-9.727508674863689e-5	-0.00010277085714556489	-0.00010996756619457287	-0.00010578009442766684	-9.77955992012211e-5	-0.00010270130232359342	-0.00011481291611881161	-0.00012079507262074268	-0.00010939341609211145	-0.0001162205493518767	-0.00010283709918779832	-8.486069594422496e-5	-6.97867924472767e-5	-5.691431213036141e-5	-4.1338391043588274e-5	-3.111004997450456e-5	-4.385560924830001e-5	-4.861136992072301e-5	-6.180175511974473e-5	-4.870820055884878e-5	-3.8943606369204464e-5	-2.8079005592006323e-5	-2.5643511836551114e-5	-1.8858238538463357e-5	-1.9782801698869923e-5	-2.2482877105184373e-5	-2.284525324990072e-5	-1.958446425864846e-5	-2.590821112334607e-5	-3.212611058255044e-5	-5.964448011007428e-5	-5.321128628867078e-5	-6.881873217991219e-5	-7.415883716572341e-5	-6.797278018222386e-5	-5.676812752514193e-5	-5.601921921130626e-5	-5.940084524518746e-5	-6.493066799289834e-5	-6.447980062211645e-5	-7.276475700191548e-5	-6.836815673056523e-5	-7.212344030381804e-5	-6.91901137078732e-5	-7.417080296300005e-5	-7.208677827840598e-5	-6.69651218699642e-5	-5.8950426192003885e-5	-6.29229299415647e-5	-4.570108316304458e-5	-3.6711167688673746e-5	-4.93022343870525e-6	2.7319059557953662e-6	1.1390611218999036e-5	3.736727724121258e-6	3.601105687516676e-6	-3.2071361625446437e-6	-1.2832561077126547e-5	-1.0904253303252454e-5	-1.666375045762669e-5	-2.7226033114200604e-5	-3.0924555451117275e-5	-3.4721358817615955e-5	-3.60786579648234e-5	-4.3748928904487755e-5	-4.970494203943368e-5	-5.190775896135938e-5	-5.117646378286628e-5
-3.8510156435273e-6	-1.090250665355258e-7	-1.4760897582358212e-7	-5.148370607870739e-7	1.7239642601928756e-6	-1.0578258375585486e-6	-1.067338762945208e-6	-6.946716422581711e-7	2.0223942963012997e-6	-3.311298853387115e-6	-7.93886576486505e-7	1.2975291143173945e-6	-1.4256518600201662e-6	3.905768395338904e-6	1.965011541069789e-6	1.196021363544797e-7	2.4784918583632687e-6	-7.497659177541083e-7	4.367066875222286e-6	3.59144978296852e-6	-2.0058008531019522e-6	4.201202103218393e-8	-1.1056711373292477e-6	-7.982217588731882e-7	-1.7555569628222023e-6	-4.512250084210204e-6	-3.0244578543003886e-7	-4.933212990670607e-6	-7.336883379484294e-6	7.475690531021095e-7	-3.335143305190774e-6	-4.779561214038677e-6	-6.669984795601783e-6	-3.1395499806678717e-6	-5.224198623612203e-6	-8.74161447438418e-6	-6.420141924600581e-6	-5.3351583133992575e-6	-3.158983220407502e-6	-7.826893430248894e-6	-1.2630180647003886e-5	-9.033491185986287e-6	-1.196123143023739e-5	-1.214279002868801e-5	-8.888048988204417e-6	-1.852268636864593e-5	-1.6727709441135413e-5	-2.1875115380123183e-5	-2.07233923489418e-5	-2.8492731177914843e-5	-3.063547598112018e-5	-3.9711289541010525e-5	-4.7117313035135305e-5	-5.3417572286069276e-5	-5.9344886047408424e-5	-6.473153230882739e-5	-7.599935763179244e-5	-8.188883219521076e-5	-8.55019597874665e-5	-9.749930897362535e-5	-9.588896246037065e-5	-0.00010301241738959466	-0.0001081792863838818	-9.268317938213727e-5	-0.00010604684394076996	-0.00011618718682472606	-0.00011209857749081703	-0.00011331810327325914	-0.00010991268984371361	-9.275436430207507e-5	-7.88256856705874e-5	-6.575086449692874e-5	-6.439997786347046e-5	-5.0067490843345996e-5	-4.802539171466086e-5	-2.6920471602777385e-5	-2.523677013893666e-5	-4.9076370137873804e-5	-5.816157939379091e-5	-5.0978185431663214e-5	-5.013577769087674e-5	-4.098951321591937e-5	-2.6829496740585212e-5	-2.242485060491295e-5	-1.4807521528381606e-5	-1.9846732764172703e-5	-1.4557688821775772e-5	-2.279361053202089e-5	-2.9337008083246685e-5	-4.9599538885780614e-5	-8.08685150094357e-5	-6.76680651616468e-5	-6.22311382113272e-5	-4.30348161620242e-5	-4.857459920404317e-5	-4.73971757024641e-5	-6.147885531822966e-5	-5.703644913139516e-5	-6.836385136373829e-5	-6.942491828816622e-5	-6.756406171299842e-5	-6.951250149491231e-5	-7.309647570390154e-5	-7.422142978344426e-5	-6.898818132429832e-5	-7.060260037196342e-5	-6.234578310429853e-5	-6.276963080168937e-5	-6.654646533257522e-5	-5.5212675252082344e-5	-3.866439828893731e-5	-2.4706904274210406e-5	9.804065111834737e-6	9.44717286170682e-6	1.635093183896194e-5	5.516478387371931e-6	1.0609826277090117e-6	-1.0784316419477219e-5	-1.013235827705683e-5	-1.403091889635305e-5	-2.17421591256102e-5	-2.545034902224838e-5	-2.9088267439279086e-5	-3.504238728618131e-5	-3.961493595184065e-5	-4.307262039442497e-5	-4.3387270772660136e-5	-4.513211283646221e-5
1.042910332746394e-6	-1.5354918400135864e-7	-7.984463242481643e-7	-1.8465827825164816e-6	-1.028410483942116e-6	4.884111236107269e-7	-1.1942599415903227e-6	-2.3552903063214087e-6	-1.3036067451205335e-7	3.2329882857212028e-6	-1.5309343961815436e-6	2.710626997382351e-6	2.878313500086563e-6	2.153182010944041e-6	2.50958216881092e-6	4.307941807099591e-8	1.5236637364128558e-6	-6.556913215507998e-7	1.968068991196198e-6	1.3303008868092991e-6	2.1966280248746084e-6	7.461694836227023e-7	-1.266923848816659e-6	-2.8806467031617516e-6	1.9510966193375667e-6	-7.304160667140694e-6	-5.167040975856754e-6	-6.802661325954265e-6	-2.34942545019462e-6	-3.181809606371197e-6	-1.3887738073252442e-6	-8.239252243793724e-6	-7.865734566502372e-6	-7.924474065227477e-6	-3.4845643894203943e-6	-7.962149819670805e-6	-9.579751271762693e-6	-7.5322254401537225e-6	-1.0228950932805736e-5	-1.215012763794085e-5	-1.0948728902671068e-5	-1.3610784320352426e-5	-1.4226650998754031e-5	-1.2495814387565585e-5	-1.188745391185464e-5	-1.1734282978886207e-5	-1.6429398802791234e-5	-2.186745169706697e-5	-1.9568850392111953e-5	-2.68808022715894e-5	-2.6603903270899093e-5	-3.3244871428233375e-5	-3.96319668706166e-5	-4.5106510486361134e-5	-5.2730962500115164e-5	-5.33777056300859e-5	-6.908702559690894e-5	-7.472418408864534e-5	-8.557614957372534e-5	-8.113843852439878e-5	-0.0001024792891605314	-0.00011094857779898881	-0.00012723566395356906	-0.00014281707977695235	-0.0001274349793441501	-0.0001284253589974374	-0.00010178383960321447	-9.778192415921955e-5	-8.111686615377284e-5	-8.215164930703428e-5	-6.347517455228269e-5	-6.161720114174207e-5	-5.392604277617424e-5	-4.807606895050609e-5	-4.5121641882930885e-5	-3.1343063994909715e-5	-1.764364370750171e-5	-3.091758132064276e-5	-3.961758872350618e-5	-5.490401698820396e-5	-5.366744050029626e-5	-4.0034319175735744e-5	-3.49460824861092e-5	-1.6596174304620015e-5	-1.7741708709800852e-5	-1.3017885380772753e-5	-2.0513014030443255e-5	-2.8326774519776832e-5	-5.231288275828194e-5	-5.420810068185178e-5	-9.007408913793563e-5	-9.938718413798203e-5	-6.348889675707875e-5	-6.060617394228196e-5	-6.685332354979673e-5	-5.739924648865552e-5	-5.738557605451319e-5	-5.734038054485205e-5	-6.782976009209532e-5	-6.625443927212385e-5	-7.957285275573406e-5	-6.756830690660479e-5	-7.547043854661331e-5	-7.258355076917092e-5	-7.347244720175977e-5	-6.834329841420503e-5	-6.438116587157566e-5	-5.896274706549201e-5	-6.162966431676534e-5	-5.4034225282096476e-5	-4.340943565977334e-5	-2.6534553092087687e-5	-1.1071451101827418e-5	1.1134295254452281e-5	1.7148927406156894e-5	6.736341627740228e-6	7.760778781770727e-6	-2.7282443340083395e-6	-1.1147120553001155e-5	-1.1173479676218623e-5	-2.2817458643006883e-5	-1.5708264767058666e-5	-2.1845321504423282e-5	-2.9585235899586698e-5	-3.86940783234091e-5	-4.103532157085851e-5	-3.43661131995375e-5	-3.581022251734206e-5
-1.4734723586661697e-6	-2.2003438567702593e-6	-3.976409452361926e-6	1.1909027095632213e-6	2.686894218402458e-7	-1.4237702271498176e-6	-4.038855160688401e-6	2.1952058226748505e-7	-4.785512264238179e-6	-1.6731393018016433e-6	9.401466692822436e-7	-8.401301030726283e-7	-3.8513246411464586e-7	-1.6699423961707982e-7	1.644872660386959e-6	8.504102370215927e-7	-2.855398209544724e-7	2.0826683476762864e-7	2.090104077225735e-6	9.564416858336144e-7	-1.6729266626505646e-6	4.8065189523806284e-6	2.6940296239501282e-6	9.54348362489088e-7	-7.585423988151069e-7	-1.913380071787499e-6	-6.529512716103858e-8	-5.256810205233123e-6	-5.175334715900454e-6	-4.8462903340980995e-6	-4.709180501062324e-6	-2.180413645859816e-6	-5.2565314297495225e-6	-7.214990730515167e-6	-8.115156902585921e-6	-3.01964115062385e-6	-5.945169486917812e-6	-6.5193439839281164e-6	-7.604539285603618e-6	-1.4529314437770197e-5	-1.3023595331514148e-5	-6.780109243140209e-6	-1.0961567482696555e-5	-9.277359154340192e-6	-1.1993333843413057e-5	-1.01592334805084e-5	-1.6419741000889276e-5	-1.9972535994852714e-5	-2.0739388125693564e-5	-2.549553612934269e-5	-2.989514994063136e-5	-3.575153736425085e-5	-3.78115415497135e-5	-4.451392677856311e-5	-4.539864930383844e-5	-5.872012538753538e-5	-5.443966268449743e-5	-6.414370445385897e-5	-8.3368042287299e-5	-9.859633021049724e-5	-0.00010927511933517264	-0.00012873555953890614	-0.00011863757643382905	-0.0001277407305909535	-0.0001250980991972933	-0.00011502793428050731	-8.697598251426047e-5	-6.728384180105379e-5	-6.233250189873613e-5	-6.062675101531356e-5	-5.8954261828239596e-5	-5.410679337295582e-5	-5.0233537490264324e-5	-4.440767198410356e-5	-4.180326928799466e-5	-3.8973875125455915e-5	-2.794814835289927e-5	-1.9034005057858017e-5	-3.605501205754258e-5	-4.5194851550425796e-5	-4.7322966942667244e-5	-3.6533243335905297e-5	-3.652587997685086e-5	-3.7637772672821646e-5	-1.9220132213212948e-5	-2.1612373349300107e-5	-3.508788745665292e-5	-3.825149344407336e-5	-5.286999570780493e-5	-5.800370492074769e-5	-8.342351278094878e-5	-6.106393114681946e-5	-7.239770577743138e-5	-5.5787763731524054e-5	-6.336896014435406e-5	-5.2244720322950494e-5	-4.778578710029971e-5	-6.283615527858874e-5	-7.136088405303512e-5	-7.07435715910365e-5	-7.113986103760711e-5	-6.674807814755976e-5	-7.48736340397578e-5	-7.530106285692437e-5	-6.996038974917476e-5	-6.707568745226156e-5	-6.187962441712644e-5	-5.877036921356216e-5	-5.0307797749664374e-5	-5.571891716462177e-5	-4.666963836870083e-5	-3.825645475321465e-5	-2.218984327881368e-5	6.9835603229082e-6	5.180350506200915e-6	1.8957941228144037e-5	1.486759473130414e-5	-8.756073665606989e-7	-5.077703123419763e-6	-9.51903893165948e-6	-1.3218705101868122e-5	-2.1747732737928405e-5	-1.8375708669537277e-5	-3.355013722351405e-5	-3.196566031619594e-5	-3.506197448262943e-5	-2.99597879057506e-5	-3.585103513972093e-5
-4.747801408749516e-6	3.245247495210768e-8	-2.8407800471783734e-6	-2.3727825531217467e-6	-1.2452274725672369e-6	-5.423106625226937e-6	-6.450258892547883e-7	-4.092705314191411e-6	-2.9400933727538603e-6	-2.165738020778324e-6	-1.5645544213481466e-6	2.7668764902930715e-6	-3.0409684915588125e-6	1.069076196926616e-7	-9.0333881867799e-7	-3.0627139279565396e-7	1.5325325101837872e-6	3.2107378821616406e-6	2.0322906226812043e-6	2.7163849240698784e-6	1.5971084047286532e-7	4.1616724985853865e-6	7.506525240806583e-7	-1.5246075344040044e-6	-3.870603517601781e-6	-7.243253712747519e-6	-5.043551297087556e-6	-7.499831647644201e-7	-4.478076573834547e-6	-2.0725442033148883e-6	-5.559440033981941e-6	-8.471703292220814e-6	-5.7102150156744524e-6	-8.167320850660173e-6	-6.494027727675308e-6	-6.1613016663457365e-6	-7.778972778427207e-6	-7.692454800315579e-6	-1.083767597149718e-5	-8.246945335833866e-6	-7.661438215615657e-6	-9.397557059788453e-6	-1.0850849027892878e-5	-1.111810350815784e-5	-9.232403253359167e-6	-1.1305741770290673e-5	-1.7584673951340224e-5	-1.896482591193932e-5	-2.753373999067263e-5	-2.423798900301477e-5	-2.9990556208153024e-5	-3.440520709042244e-5	-3.7007840639636386e-5	-4.442007525695679e-5	-4.519178325827766e-5	-5.3037187543267944e-5	-7.370566966003259e-5	-8.539629778054475e-5	-8.755523568529724e-5	-0.00010740209340377033	-0.0001198368547407	-0.00011078834599937207	-0.00010903106651034833	-0.00010373555990985175	-9.836047910405724e-5	-8.419275124077127e-5	-7.29292220689147e-5	-6.0032751339478274e-5	-5.115011794112542e-5	-5.137063897094757e-5	-5.213204976213526e-5	-5.331202168092075e-5	-4.884465499167129e-5	-4.874685073999463e-5	-4.401767199433554e-5	-4.192687213036561e-5	-2.856902756899482e-5	-1.5088660030616874e-5	-2.0749842274091213e-5	-3.450079523285854e-5	-3.996555419504694e-5	-3.147327396531979e-5	-3.326011883443558e-5	-4.002055956596473e-5	-3.357031124438803e-5	-3.443857612278611e-5	-4.857869098304213e-5	-7.185442236871953e-5	-5.368561118660603e-5	-6.389363159647193e-5	-7.497405636863047e-5	-6.0291260373969424e-5	-6.113224022049474e-5	-7.162591320834105e-5	-6.264138838717181e-5	-5.887279867170664e-5	-5.653777115531208e-5	-6.271131780099387e-5	-6.63302244618795e-5	-7.403427941228904e-5	-7.256340575070505e-5	-7.039184095640125e-5	-6.827519262843709e-5	-7.003935896966046e-5	-6.153473807975554e-5	-6.754523833698081e-5	-5.997933080108611e-5	-5.737816932737186e-5	-5.418599217325154e-5	-4.393204739881404e-5	-4.213601256103372e-5	-3.494120655788899e-5	-3.557226046927223e-5	-1.653291571571472e-5	1.005793213472439e-6	1.8848075227298478e-5	1.1309658450638777e-5	9.763850969055077e-6	-1.034105255853096e-6	-6.4797416022242815e-6	-1.7048416172706082e-5	-1.5602912299857163e-5	-2.3352778044660738e-5	-2.2350541556415138e-5	-2.7941034902445594e-5	-2.798132521042787e-5	-3.116329920895347e-5	-2.9405714517018178e-5
-3.879700515930021e-6	-3.044199278507548e-6	-2.0517914895313433e-6	-1.2652310026495944e-6	-4.078702165507403e-6	-2.1544663839426215e-6	-3.6289356665063915e-6	-1.6108203096040774e-6	-2.630959550697573e-6	-3.3740936748131306e-6	4.4349574468589836e-7	-8.216486573151688e-7	5.094573851324724e-7	2.3217946933540984e-6	-3.0106546053919325e-6	1.3305758675852958e-6	5.2104642215417e-7	2.9187923237215807e-6	-2.767478222498801e-6	7.446300520630444e-8	7.903039659327982e-7	-9.241576687940567e-7	-1.0423571185878833e-6	-3.933417583616358e-6	-4.961494675390435e-6	-7.354997009654737e-6	-3.8544062147712055e-6	-1.6000547241323826e-6	-6.269100229173638e-6	-9.576943865762313e-6	9.024562781095868e-7	-4.714078384376527e-6	-2.4822158217752133e-6	-9.566443367721791e-6	-4.502579271882176e-6	-1.100633405487321e-5	-6.07001645128169e-6	-1.6049006335049423e-5	-1.2135621419448808e-5	-5.4967375052658585e-6	-1.0939093597964189e-5	-1.1397547944498598e-5	-1.0160122255239296e-5	-9.261161444933802e-6	-7.653937976036945e-6	-7.310603945126504e-6	-1.67598170042714e-5	-2.2060600145690917e-5	-2.1238294597384494e-5	-2.8367210381900765e-5	-3.863794999009115e-5	-3.252825146824595e-5	-3.812887207571905e-5	-4.254363463081223e-5	-5.667132344996939e-5	-7.611064475063559e-5	-8.684083075034821e-5	-9.224547151522391e-5	-8.942648975929918e-5	-9.86487990904325e-5	-9.336548786702259e-5	-9.352763843343409e-5	-9.094637694849472e-5	-8.795718060145008e-5	-8.707008069186103e-5	-7.50379185870953e-5	-6.828938564802656e-5	-5.879677902323119e-5	-5.039943804093991e-5	-4.5147875238696344e-5	-4.2825918050541645e-5	-4.789846037162038e-5	-4.544141809798702e-5	-3.6516404591964424e-5	-3.918844686690709e-5	-3.749830957897049e-5	-3.7401190000965756e-5	-2.6325937957372147e-5	-1.4584239306676683e-5	-1.1353843212824621e-5	-2.6230929320997243e-5	-2.6916565764451006e-5	-2.47248651673998e-5	-3.988715174124691e-5	-4.122492278102463e-5	-6.278152477057208e-5	-5.7252551766313886e-5	-5.56518627839106e-5	-5.180037768084261e-5	-6.977581544238137e-5	-6.206540001992694e-5	-7.482822575542031e-5	-7.491698667677626e-5	-6.89671301838668e-5	-7.158269690974578e-5	-6.799679661559713e-5	-6.732395701038521e-5	-6.384750042033593e-5	-5.990878176572248e-5	-6.703905388715653e-5	-6.960003238890358e-5	-6.475340419030348e-5	-7.653665868396706e-5	-6.356223842618816e-5	-6.587475492392594e-5	-6.328546736135421e-5	-5.9456292699541086e-5	-5.987653732206222e-5	-5.037416664355199e-5	-4.580418943439524e-5	-4.608099031478893e-5	-4.090838643311043e-5	-3.2178577294081356e-5	-2.605191046613567e-5	-7.883428610432064e-6	8.827597127673142e-6	1.033761807709907e-5	8.037839328584734e-6	5.908736499214695e-7	-5.7022675426995906e-6	-1.1061790318369485e-5	-1.42769563532541e-5	-1.5111472457477598e-5	-1.9297498169736083e-5	-1.989219417441665e-5	-2.2372934939136196e-5	-2.7074083263928933e-5	-2.8455734676132577e-5
-5.516217907799992e-6	-3.4658442836597164e-6	-3.221187693750599e-6	-3.5055588802884036e-6	-3.701767082968377e-6	-5.979431901871612e-7	-4.956512224306778e-6	-2.4870365912098985e-6	2.0657369044496665e-6	-2.466660366630749e-6	-3.5698951661531503e-6	-3.2587168098500985e-6	-1.1395895891438274e-6	-1.909373944760165e-6	-2.7042983737762816e-7	2.8474672706529924e-7	1.9536972137735448e-6	5.199823454845112e-6	-3.144171392428091e-7	9.134467000068008e-7	2.641322490587461e-7	-2.031666935381482e-6	-2.0881996761097643e-6	2.684655205391004e-6	-2.7237450305177963e-6	-5.933179972718652e-6	-6.644790783143922e-6	-3.0613532542300703e-6	-5.861330843424939e-6	-1.7944966259481054e-6	-4.050447856892431e-6	-2.782433029639708e-6	-4.375120871060595e-6	-1.2934387176762041e-5	-1.0027502645500869e-5	-1.1271767075488395e-5	-8.731471627535306e-6	-1.3609392069237683e-5	-1.8939119342904417e-5	-1.5280073078138487e-5	-1.2909663301471225e-5	-4.681596635965762e-6	-8.636182318322999e-6	-1.1552921434180435e-5	-1.0946062036377296e-5	-1.73199340069638e-5	-1.900425942915479e-5	-2.6884924679299732e-5	-3.653866055206012e-5	-3.196992339913815e-5	-4.9441805087969276e-5	-3.935118263144119e-5	-4.6177732048336556e-5	-6.162077141949607e-5	-6.634049050120022e-5	-7.29027930146571e-5	-8.901451705725302e-5	-8.78717208046588e-5	-8.956370584414786e-5	-8.007008142456307e-5	-7.99667865020344e-5	-7.602560372693343e-5	-7.118837474801715e-5	-6.78327400217664e-5	-6.531690959583544e-5	-6.724853746781223e-5	-6.659417808863033e-5	-5.7098632462795895e-5	-4.790922080713175e-5	-4.532671818175543e-5	-3.549857348177088e-5	-4.2544080237905124e-5	-4.250378423786144e-5	-3.7653668160872455e-5	-3.9191797593721156e-5	-2.827517950679259e-5	-2.9243376925731923e-5	-2.8884263145352584e-5	-1.5245417775422432e-5	-3.2872023245783533e-6	-1.4925172100825612e-5	-1.9632711255324065e-5	-2.8321918920347355e-5	-4.959920657781475e-5	-4.500239536488898e-5	-6.509853094950613e-5	-5.7694874268723884e-5	-6.094772418956812e-5	-4.754115449836366e-5	-5.313589303800048e-5	-6.317478983518254e-5	-7.639764851557346e-5	-6.788416291765575e-5	-6.924871348004333e-5	-6.894645932734728e-5	-6.434775130272075e-5	-6.942269486056099e-5	-7.081335680596962e-5	-6.245573855182332e-5	-6.431867977671826e-5	-7.226330455247301e-5	-7.06377483090416e-5	-6.96987798964703e-5	-5.836741354993402e-5	-6.565583227915658e-5	-5.97298301313956e-5	-4.830814920179019e-5	-5.294054664052236e-5	-5.655217342592084e-5	-4.606799344124626e-5	-4.027368363931569e-5	-4.191918378170997e-5	-3.569537433646339e-5	-3.649127088825241e-5	-2.5090468981983638e-5	-5.887985953835495e-6	3.87992968916423e-6	1.4724705287537387e-5	5.105714028647013e-6	-4.838131848275418e-6	-6.646450967720541e-6	-8.918068920057282e-6	-1.9982829952379377e-5	-1.741886637100093e-5	-2.219269662788112e-5	-2.2343385279975647e-5	-1.94752444422977e-5	-2.0892025089092048e-5
-5.201627025159042e-6	-5.2206581614179515e-6	-5.226348596520242e-6	-3.944536212420469e-6	-3.555162213881788e-6	-2.6878346282618176e-6	-5.813244579721405e-6	-2.179787112529391e-6	-3.0573070117223544e-6	-3.155359952272327e-6	-4.304819846943919e-6	-4.83422614547431e-6	-3.4395290706302345e-6	1.713712857601482e-6	2.4028598121644817e-6	1.6102180352972617e-6	-4.244343862914307e-7	1.2554970355450196e-6	-1.1428764835549887e-6	-2.284164339876743e-6	-1.2401466301364267e-6	1.4755929225902797e-6	-2.6272527989951167e-6	-3.4474567569154485e-6	-1.7694107626569505e-6	-5.014715991633403e-6	-6.9705845913078934e-6	-2.269247750862416e-6	-1.1440420008904106e-6	-6.331151830010415e-6	-1.2691763872502149e-5	-8.919478518406784e-6	-6.884920422407098e-6	-1.1315893832858012e-5	-1.1941764038129327e-5	-8.31018549330223e-6	-1.231437179874742e-5	-1.0660157787967597e-5	-9.208616535321193e-6	-8.90015871331945e-6	-1.2167919531116608e-5	-6.451045074648207e-6	-3.830863035646226e-6	-1.5719295439961534e-5	-1.555303547626577e-5	-2.8499305508838252e-5	-3.62898123010269e-5	-3.161413242736694e-5	-4.032315307394077e-5	-4.15891520983043e-5	-3.47069288998518e-5	-4.230750922122259e-5	-4.797187685067969e-5	-5.9866759986870743e-5	-6.465523402039361e-5	-7.255351755584144e-5	-6.764936484257578e-5	-7.073626149341379e-5	-6.711334125161089e-5	-6.61566111679994e-5	-6.854752849323395e-5	-6.137432304997165e-5	-6.211786673145786e-5	-5.573756462883689e-5	-5.885628437526588e-5	-6.028083983583912e-5	-6.353644525650473e-5	-6.122978101104348e-5	-4.97650453289665e-5	-4.25060160680335e-5	-4.189111622691921e-5	-3.597181959854451e-5	-3.889158038585666e-5	-3.740837284035847e-5	-2.7533263754868365e-5	-2.2774215781458385e-5	-2.18846447040677e-5	-2.4397527726392754e-5	-2.0527142268952914e-5	-6.44438929303659e-6	-1.2752623393050277e-5	-2.8141636156803207e-5	-3.2535486349342946e-5	-3.4154791625148895e-5	-6.595247460140785e-5	-7.811829254213837e-5	-5.397985010369144e-5	-7.014663752202138e-5	-6.762998906555129e-5	-6.046576379783314e-5	-5.462998488910825e-5	-7.045120725950732e-5	-6.481333102593273e-5	-5.655749929804263e-5	-6.795140893110091e-5	-8.067603171884458e-5	-7.410898880243905e-5	-7.040851056480321e-5	-6.784572036122594e-5	-6.077331346499015e-5	-6.422227712740008e-5	-6.823746727174437e-5	-6.172850642097161e-5	-6.708565072812561e-5	-6.184754395904477e-5	-5.980685375108277e-5	-5.1908055490653554e-5	-5.2703859072106285e-5	-5.3505709791176054e-5	-4.520513412382965e-5	-4.580635567033586e-5	-3.927851208347655e-5	-3.984471064720496e-5	-3.440036856717718e-5	-3.5877767228485735e-5	-2.435486193145056e-5	-5.488748290507356e-6	7.046112283047579e-6	4.8434062207940165e-6	2.714687741094124e-7	-6.07986290436166e-6	-9.556919329262864e-6	-1.5243471090421734e-5	-1.3911153587571612e-5	-1.5911067764978054e-5	-1.6338837834778408e-5	-2.239300596080379e-5	-2.4309588901334084e-5
-4.90204055190839e-6	-5.365314448150041e-6	-6.261134121473937e-6	-4.798558062403882e-6	-6.705516269198478e-6	-6.631449404360945e-6	-6.758674295139627e-6	-4.323740259055964e-6	-5.07402185046836e-6	-2.344714049654084e-6	7.945927986766077e-8	-5.495850627888765e-6	-2.0974868163940036e-6	-2.126213972681451e-6	-3.727283781097823e-7	2.2980834628923835e-6	-4.877933994229533e-8	-2.5316025859846436e-6	-2.691299873930353e-6	3.343368469447064e-6	-4.62344179326217e-6	1.527374553873459e-6	-1.9310106898901003e-6	-3.177864330190794e-6	-2.0372526094488558e-6	-3.0398471554619194e-6	-4.53339798968562e-6	-2.931317975895034e-6	-3.7042873109183194e-6	-4.495383693113933e-6	-9.751471684174909e-6	-1.1807125914996275e-5	-1.4011727569223156e-5	-1.1467768331078695e-5	-1.4720519589525236e-5	-1.4842138884021625e-5	-1.9240253514756292e-5	-1.4818393230140933e-5	-1.3652500625242064e-5	-1.2464021920685978e-5	-1.6327121404001443e-5	-1.9568555082545222e-5	-1.596137013792215e-5	-2.0487799147093574e-5	-1.470087316853344e-5	-2.754369757447528e-5	-3.71728022712306e-5	-4.341372693197204e-5	-4.760803445805033e-5	-4.605383606480322e-5	-4.187604839170182e-5	-4.767001355286682e-5	-4.5954469884371824e-5	-5.2075346801665895e-5	-4.987167661263045e-5	-5.481601880307635e-5	-5.3066181684340366e-5	-5.07503693475235e-5	-5.059397291309192e-5	-5.418632366806578e-5	-5.469400065770576e-5	-5.4680359225971545e-5	-4.984273220933269e-5	-5.186306570835464e-5	-5.047037007072097e-5	-5.603592080367231e-5	-5.8664652996531785e-5	-5.793256797675603e-5	-4.774696588626115e-5	-4.555114504990396e-5	-4.561206067791451e-5	-3.4949123131101933e-5	-3.136235628836692e-5	-3.154338064619705e-5	-2.8706335268927075e-5	-2.3282792252325712e-5	-2.255287590794547e-5	-2.071402457112098e-5	-1.9615944068726576e-5	-2.2505706066128228e-5	-1.351493678254656e-5	-3.075831690041442e-5	-4.2127112345399786e-5	-5.607544973067896e-5	-4.469936085767928e-5	-4.6276891823779365e-5	-4.429631412106866e-5	-6.105409689101393e-5	-6.038818967449289e-5	-6.752124846656077e-5	-4.9020520173463644e-5	-5.257351195012139e-5	-5.939914386092829e-5	-6.69695155992682e-5	-5.834905150194081e-5	-6.215251945919376e-5	-7.728168501192414e-5	-7.34973716544525e-5	-7.094211746912563e-5	-6.773162271930117e-5	-6.679131070918762e-5	-6.536543794297481e-5	-6.254313879945281e-5	-5.854108539073144e-5	-6.301732519056052e-5	-5.6415551754913223e-5	-6.145540998835075e-5	-5.426930606289293e-5	-5.00323515798852e-5	-4.641789882152414e-5	-4.364429065546738e-5	-4.5197914963664154e-5	-3.904429866441808e-5	-3.933836139865046e-5	-3.7827876681745254e-5	-2.5618778203440745e-5	-1.778317835869625e-5	1.59225741315841e-6	5.737778687505551e-6	2.850945120171783e-6	-8.98731772596556e-7	-8.670792762174168e-6	-1.166139152472892e-5	-9.690858141994663e-6	-9.671665053036238e-6	-1.5851765971901244e-5	-2.1590115762901152e-5	-2.5605978654693468e-5
-5.7213997808110845e-6	-6.5642169434429465e-6	-6.59032609029702e-6	-6.8626596511642615e-6	-9.27817305135855e-6	-8.246746723548394e-6	-5.69123354942757e-6	-3.1953424823628895e-6	-2.0492410394458427e-6	4.069838812747334e-7	-2.1224761856918073e-6	-1.698369906082825e-6	-5.993059781078669e-6	6.094434581559866e-7	2.120251131783324e-6	-6.410403891737859e-6	-1.9408979360768103e-6	-4.6497853310734083e-7	1.9625970228316636e-7	-7.155556800298585e-7	-2.2564191997070243e-6	-3.6677121572053356e-6	-6.4422748277497e-6	-3.808092079518599e-6	-6.207289456744425e-6	-8.30872832558241e-6	-3.4579263551940548e-6	-9.923470736545453e-6	-7.441645769653421e-6	-7.657137185597407e-6	-8.350259638476368e-6	-1.3706014133970518e-5	-8.639479783705342e-6	-1.2961415388245204e-5	-1.369369827491744e-5	-1.6443936463146278e-5	-1.796027966649051e-5	-1.1249050329469393e-5	-1.2592721732995055e-5	-1.3388807613588447e-5	-1.3892349862718381e-5	-1.891950056906802e-5	-2.559711990979263e-5	-2.8385949867775276e-5	-3.7523670829613456e-5	-2.9639287985744334e-5	-4.122185191389634e-5	-4.909618772728358e-5	-3.5733774202432664e-5	-4.472831379906915e-5	-3.9681985589167315e-5	-5.1885792347718465e-5	-4.1018354755536016e-5	-4.3224636381029163e-5	-4.221426756333829e-5	-4.706947166559748e-5	-3.765449012164447e-5	-3.583583557393959e-5	-4.262388212565929e-5	-4.2826380056192395e-5	-4.239499986420821e-5	-4.293495002886602e-5	-4.69003625541177e-5	-4.502720543425251e-5	-4.917317367094526e-5	-4.504917109921652e-5	-4.8003369671183876e-5	-5.297459438344601e-5	-4.4484120163487684e-5	-4.835506859290559e-5	-3.9480424138260695e-5	-2.674850033308751e-5	-2.5280782784027622e-5	-2.128343562588647e-5	-1.77055174991822e-5	-1.5290256040467742e-5	-2.082396267141101e-5	-2.1645260995899196e-5	-2.429452147269251e-5	-3.101026217495334e-5	-2.1982898357544856e-5	-1.4859426623187177e-5	-3.1700523824874927e-5	-3.3258329358749894e-5	-4.5434318742161584e-5	-5.337465278781872e-5	-5.032534122501736e-5	-5.9863255303348184e-5	-6.270483535620458e-5	-6.960104205217671e-5	-6.51070001947765e-5	-6.708362110165872e-5	-5.3748745363312034e-5	-5.638023332704342e-5	-6.321872983872795e-5	-6.05805138584152e-5	-5.744353045534015e-5	-7.602143442747913e-5	-6.326404786323458e-5	-6.14348369810773e-5	-5.806117956211332e-5	-5.9755715729314235e-5	-6.0121341498992065e-5	-6.252920842783963e-5	-5.6062780557242925e-5	-5.6817083047937256e-5	-5.2867962557680975e-5	-5.053094661450208e-5	-5.2146596502683495e-5	-4.802224210734979e-5	-5.2049187984799794e-5	-4.933528872973561e-5	-3.910837663911523e-5	-3.9040145627996375e-5	-3.531281983406437e-5	-3.405381310056174e-5	-3.09339899073717e-5	-2.0152710609230157e-5	8.085673515283165e-7	2.1036468465622515e-6	4.40545603469511e-6	3.4260314312091478e-6	-2.696092047532739e-6	-9.185785541498265e-6	-7.98151394152194e-6	-1.8946506147830833e-5	-1.4078419961933986e-5	-2.2260395295733287e-5
-6.762201475857266e-6	-6.279909250494868e-6	-3.4442225818349242e-6	-6.682351070055881e-6	-8.118897535606268e-6	-6.719731514932478e-6	-7.65565684305615e-6	-5.427827512536482e-6	-6.993457665727641e-6	-3.2158923148149082e-6	-3.4276616647007513e-6	-2.7552783730781794e-6	-5.088190611034216e-7	-3.5138573637166076e-6	-4.725385257782835e-6	9.637063824903536e-7	-3.276665505765053e-6	-3.371625353042196e-6	-5.052909723664636e-6	-4.288811872917714e-6	-2.0347655851904456e-7	-5.087433566867278e-6	-1.5219525943341305e-6	-2.718428780690285e-6	-3.2279823887655656e-6	-2.5189624149567214e-6	-5.20097040521833e-6	-3.309908499626174e-6	-9.979615874997072e-6	-9.282041552472614e-6	-1.1315482242608282e-5	-1.5584762484439213e-5	-1.228321562301779e-5	-1.3524667497044618e-5	-2.1713653011040668e-5	-1.6423139703649475e-5	-1.3330765527910793e-5	-1.0974119155722148e-5	-1.5277969861449137e-5	-2.8582717112200437e-5	-2.4615865173039514e-5	-3.1878100690847094e-5	-3.302797014288934e-5	-3.033378913721088e-5	-3.199462694563823e-5	-3.430949602656504e-5	-3.482152663002863e-5	-4.0768839449116176e-5	-4.161084671272519e-5	-4.1763022483624554e-5	-4.639344315074574e-5	-3.755390868610299e-5	-3.0631992913878435e-5	-3.475340234506113e-5	-3.074808643647748e-5	-2.714110444094857e-5	-2.820697458428851e-5	-2.8443796797061882e-5	-2.904489366031826e-5	-3.32828054938443e-5	-3.528853004621836e-5	-3.8624691959350185e-5	-4.41827696933024e-5	-4.226517180401339e-5	-4.332739082877485e-5	-4.569305058019918e-5	-4.911474981057762e-5	-4.920900546854373e-5	-4.622158504465762e-5	-4.3930966720298614e-5	-3.9938571113479204e-5	-2.3327029869367466e-5	-2.5168362944964773e-5	-1.4003342214095882e-5	-2.1470933212787424e-5	-1.827934776200274e-5	-2.1092393782083663e-5	-3.301803763126193e-5	-2.9317224104104256e-5	-3.90463529564844e-5	-3.19488299748219e-5	-3.3655553387593184e-5	-3.16875014725812e-5	-3.7439042209312656e-5	-4.2227780517115066e-5	-5.781333094548313e-5	-5.061576429255671e-5	-5.3923021104719526e-5	-5.6899957564648246e-5	-4.945209199818182e-5	-6.729910004927772e-5	-5.757965854330874e-5	-6.354379641828473e-5	-5.232699771531499e-5	-5.92122683350238e-5	-6.463608402847154e-5	-6.102657035310724e-5	-5.68958947880574e-5	-6.164914255089513e-5	-6.752679605802683e-5	-6.243296068390684e-5	-5.44495801528197e-5	-5.766316962222025e-5	-5.402631331674276e-5	-5.5216791832206e-5	-5.7509971719722774e-5	-5.167446575889481e-5	-4.964325635683012e-5	-5.1247931950621634e-5	-5.002704061554328e-5	-4.735048019909732e-5	-4.3358965235492514e-5	-3.7743114569051966e-5	-3.9246424035979666e-5	-3.4142070138958036e-5	-2.820679345476307e-5	-3.0364615715480076e-5	-3.0362479566149736e-5	-2.748732583776961e-5	4.575662223248178e-6	6.454426836749461e-6	3.6764937882266535e-6	-4.9108850666557124e-6	-7.601188016688465e-6	-6.599228813148478e-6	-1.2475602961716653e-5	-1.4328795040676606e-5	-1.997419238472173e-5
-6.881096441344742e-6	-5.715447578646775e-6	-7.90042917154718e-6	-8.677654271148014e-6	-6.616345654946593e-6	-6.64420965077947e-6	-9.192027293405264e-6	-4.169359830801488e-6	-5.479262063599194e-6	-3.5049469159246713e-6	-4.592768155261932e-6	-8.121223149266249e-7	-1.484080734822854e-6	-5.4865846295468895e-6	-1.596169079071466e-6	-3.602523417382472e-6	-2.7153045166049966e-6	-5.270528886372125e-6	-3.546214293352265e-6	-5.1977443616541e-6	-5.2936932723630925e-6	-2.5070902656427335e-6	-3.074573202369729e-6	-3.88891474361816e-6	-2.9491997223258376e-6	-7.607975528864039e-6	-7.671608438569386e-6	-7.716226203997867e-6	-1.2868043490574937e-5	-1.1283563195125038e-5	-9.089514893794587e-6	-1.3822873103303338e-5	-1.7427882867317862e-5	-1.3432717530523566e-5	-2.0196940772381974e-5	-1.9258919410408346e-5	-1.7367859808745806e-5	-2.084493290325541e-5	-2.4303133561599105e-5	-2.342626296398219e-5	-2.5748173666968743e-5	-2.4450209245479096e-5	-2.8653826137986158e-5	-4.3224740599962994e-5	-4.579932231531768e-5	-3.288964153108642e-5	-3.583602165013744e-5	-3.3839686356339736e-5	-3.1699083055712965e-5	-3.356245091416278e-5	-2.8656487651031702e-5	-2.6484851434909785e-5	-2.680033190543326e-5	-2.1370022247548144e-5	-2.0924093553187188e-5	-1.605898756801196e-5	-1.7939584483184744e-5	-2.0516332095666875e-5	-2.2415749811877106e-5	-2.7090686735998376e-5	-2.933972821097218e-5	-3.341763308130699e-5	-3.705155296072557e-5	-3.7310607755485295e-5	-3.777910276281382e-5	-3.975744646694812e-5	-3.76559972981895e-5	-4.1675896674669977e-5	-4.097040794733692e-5	-3.7834742120951975e-5	-2.924714019147262e-5	-2.8588790948295972e-5	-2.0784341045118615e-5	-1.980596350988073e-5	-1.909994406558424e-5	-2.0741619142713996e-5	-3.2350648852472186e-5	-2.758424456732189e-5	-3.8917710742415734e-5	-3.1646721376267506e-5	-4.4298660876671e-5	-5.000305291352758e-5	-2.722462934343778e-5	-3.199090460852955e-5	-3.8442420362445884e-5	-5.1326497847899166e-5	-5.192890469843045e-5	-5.8257146665335185e-5	-5.287743875571904e-5	-6.10981051992962e-5	-6.707776668097784e-5	-5.853727252274135e-5	-6.625639435969138e-5	-5.9884556352380464e-5	-6.191429422104655e-5	-5.270865531146682e-5	-5.943849470772811e-5	-5.5018767726412385e-5	-5.4812048183670165e-5	-5.988006233437551e-5	-6.086785087999584e-5	-6.302331107075482e-5	-5.33003795179926e-5	-5.058360116405938e-5	-4.9334829028014476e-5	-5.396073534833998e-5	-4.996058024209736e-5	-4.799767340849491e-5	-4.548287473645635e-5	-4.832496056962621e-5	-4.675130535524222e-5	-3.996991729563956e-5	-4.1386146083528114e-5	-4.005302274741329e-5	-4.014508126967686e-5	-3.6384196436950456e-5	-3.2721962346746875e-5	-2.9250762781981438e-5	-2.9528720506093176e-5	-2.9903815968596037e-5	1.0407446389068542e-6	6.671638068389552e-8	-1.4715374643640977e-6	-3.777335161238987e-6	-8.071507600748012e-6	-1.2942475596019326e-5	-1.9078829499325628e-5	-2.5924726232938455e-5
-5.995663289307986e-6	-7.398140260128638e-6	-8.911416458814818e-6	-6.192995877403462e-6	-6.875958000673518e-6	-5.673773896455042e-6	-4.936805155755959e-6	-6.300695439020489e-6	-5.192531924184604e-6	-5.270439304167623e-6	-3.984537377235871e-6	-3.153984641816529e-6	-2.4737709710537237e-6	-3.5539105024736534e-6	-5.506265745008204e-7	-4.350825797728997e-6	-2.2492509970436364e-6	-4.711176110686055e-6	-3.678938122024522e-6	4.950389870164024e-7	-2.5214410366482948e-6	-2.901064262948727e-6	-1.2203028843492392e-6	-3.3607342711690358e-6	-5.175207728721001e-6	-8.339693952780225e-6	-1.0988252137616311e-5	-1.0263364187386784e-5	-1.0105150765639392e-5	-1.2664357274460789e-5	-1.3293700314815846e-5	-1.4436351284318957e-5	-1.3649537907280476e-5	-1.5796257937751232e-5	-1.13306976648464e-5	-1.8007868281396874e-5	-1.6815559632666482e-5	-2.1402409602607267e-5	-2.0657525440660046e-5	-2.9720759273793584e-5	-3.1250510669879675e-5	-3.1057696765388575e-5	-3.3307801571643043e-5	-2.994468991616029e-5	-2.709765700400265e-5	-2.8486056490527843e-5	-2.6216593864347368e-5	-3.3898019008199616e-5	-3.183131411449783e-5	-2.4585926285299042e-5	-2.5068192693097208e-5	-1.9747220623023837e-5	-1.7248152301492688e-5	-1.4189382362226471e-5	-1.3617577998927856e-5	-1.3552873761950822e-5	-1.5490248718593412e-5	-1.5620436124045775e-5	-1.3985091364587983e-5	-1.8633502943746216e-5	-1.9983755318933594e-5	-2.256331365778526e-5	-2.8151741869727673e-5	-3.0773141467769355e-5	-3.378506784230961e-5	-3.3449961008534534e-5	-3.4207667622999927e-5	-3.009846983193648e-5	-3.159034963956184e-5	-2.98670547386852e-5	-3.710829766297857e-5	-3.5810296785190876e-5	-2.3633392877246695e-5	-2.003662643787485e-5	-2.9728033728269876e-5	-2.4239190299021884e-5	-2.4096616629137868e-5	-2.911167997204228e-5	-3.06082210358577e-5	-3.0865656710198086e-5	-4.3288863704575575e-5	-4.3755161169625745e-5	-4.3120312550638806e-5	-4.335228302645294e-5	-4.395467876391196e-5	-5.168962588682213e-5	-4.99845043827607e-5	-5.3124256296083194e-5	-5.684878674576399e-5	-5.719426532857161e-5	-5.336884254837637e-5	-5.955048493168011e-5	-6.118608197143091e-5	-6.422741814305147e-5	-6.404402073771631e-5	-6.397659854141813e-5	-5.6088266626661e-5	-5.962774409428925e-5	-5.527302668838739e-5	-5.3207531967598004e-5	-5.322401346692304e-5	-5.7543516799414204e-5	-5.615776398591732e-5	-5.388280018567629e-5	-4.9831046813842914e-5	-5.273323756284885e-5	-4.704327219114991e-5	-5.434405882112983e-5	-4.757935229615304e-5	-4.82609595732833e-5	-4.833597010058671e-5	-4.334566478534155e-5	-4.0890004598427565e-5	-4.0544985988391624e-5	-3.822033103418124e-5	-3.856217943706483e-5	-2.9302803944159656e-5	-2.9666947609467698e-5	-3.2566242183420385e-5	-3.1098460937482864e-5	-3.137338181130947e-5	-3.2808003818003695e-6	-4.463970696994696e-6	-6.807208605390941e-6	-1.1432992139820408e-5	-1.3857399385960867e-5	-2.6710151831196155e-5	-2.807785037459154e-5
-7.690942812623412e-6	-6.6937349218164355e-6	-8.210254375776334e-6	-7.8035335490537e-6	-6.22697233403427e-6	-8.293842026466276e-6	-5.175624265643143e-6	-5.060425142073763e-6	-2.226190220122777e-6	-1.1877041098664817e-6	-2.7916371606951165e-6	-8.670834368432537e-7	-4.000994549774664e-6	-1.73145128605761e-6	-5.496258965531978e-6	-5.16528694002958e-6	-9.19302909621264e-6	-6.214413071593469e-6	-5.559996636272241e-6	-1.2616184410108727e-6	-3.5933063436636298e-6	-6.499589955870702e-6	-6.180175864340179e-6	-9.137947966668045e-6	-4.647463512121031e-6	-7.693286518907147e-6	-1.2197573409210988e-5	-1.0793470202894243e-5	-1.098195292299417e-5	-1.7417287366061976e-5	-1.0613031720813071e-5	-1.2530011750389036e-5	-1.3813607104961462e-5	-1.1873983106437322e-5	-1.6161878015367656e-5	-1.5808843492094715e-5	-1.6489700907897434e-5	-2.4207090867402192e-5	-2.129685886193347e-5	-2.224542300583235e-5	-2.5485050877895217e-5	-2.556260684084908e-5	-2.1687077928302968e-5	-2.746102410950465e-5	-2.4656379301007773e-5	-2.259865587034022e-5	-2.359256378854733e-5	-2.1927325067976587e-5	-2.0219403476279436e-5	-1.918661539054064e-5	-1.6912997152958298e-5	-1.4164720625272666e-5	-1.2032939985943177e-5	-1.128015131253218e-5	-8.766318427460076e-6	-9.071566197879632e-6	-7.676225377995644e-6	-7.93072347431232e-6	-1.0811022080814067e-5	-1.149042625912984e-5	-1.3929621480801915e-5	-1.5252035609958012e-5	-2.2725369220981395e-5	-2.1364807438386396e-5	-2.4362671575224246e-5	-2.5618711253956594e-5	-2.038951147677326e-5	-2.7342578613580304e-5	-2.6420799955403224e-5	-2.8761656684778147e-5	-2.6442540377365903e-5	-3.180983281685437e-5	-2.9692161273089934e-5	-2.1307763496333787e-5	-2.7168765826500463e-5	-3.0050611521739712e-5	-2.593620901814725e-5	-3.288059277975486e-5	-3.0912849862362035e-5	-3.462375568544229e-5	-3.940736517486776e-5	-5.205241944937489e-5	-5.8218769974187345e-5	-5.104162101657317e-5	-4.494952831170587e-5	-4.9907872431108335e-5	-5.037159112129125e-5	-5.035635130450425e-5	-5.334128917646591e-5	-5.932167219469334e-5	-5.3290112936570794e-5	-5.891027249349534e-5	-6.0336393813056194e-5	-5.767464603774128e-5	-5.862178743733931e-5	-6.333974740101861e-5	-5.8745826400034146e-5	-5.785947093076178e-5	-5.961842185295968e-5	-5.3609982664064304e-5	-5.04231569963421e-5	-4.957077554424566e-5	-5.659249924152426e-5	-5.5984547374507074e-5	-5.5096147235462675e-5	-5.443331630708079e-5	-5.051523340794152e-5	-5.061957973552696e-5	-4.996720227791636e-5	-4.789284596619543e-5	-4.1602684296669634e-5	-4.45406713356529e-5	-3.784484688519954e-5	-3.668894750724974e-5	-3.511979661079134e-5	-4.083910808269295e-5	-3.93963892541746e-5	-3.402412412142203e-5	-3.398301225924355e-5	-3.190335582520243e-5	-3.5006320216711406e-5	-3.2555999725496915e-5	-1.3151011855026817e-5	-1.190250453536254e-5	-1.9194832626568542e-5	-2.3026746254119906e-5	-2.7964710083185074e-5	-3.5081610197124774e-5
-7.719855570770262e-6	-9.83499929716955e-6	-8.61059758650723e-6	-6.917464376917509e-6	-7.895576214860499e-6	-5.838924043701996e-6	-3.4030489201326147e-6	-2.4503788348438985e-6	-1.6305342221811098e-6	-3.162210958037627e-6	-1.53220406468816e-6	-2.8238511111692774e-6	-3.6430899936308256e-6	-8.040030636700599e-7	-5.401239216084805e-6	-5.637984179453388e-6	-6.325947795107756e-6	-5.652729396761827e-6	-4.265129102763027e-6	-9.206499495054143e-6	-5.25819933926662e-6	-6.397753827365113e-6	-5.923265350427087e-6	-4.162629171477333e-6	-5.984083129191575e-6	-1.2431052145772323e-5	-1.0876783685959818e-5	-1.2018466598448171e-5	-1.1612570171952441e-5	-1.541501179632386e-5	-1.2611608670365024e-5	-1.1918725284065096e-5	-1.0141062523148087e-5	-1.48265503607109e-5	-1.2841431341675466e-5	-1.3284170177719698e-5	-1.5608068629864233e-5	-2.0439105459122905e-5	-1.528615789178102e-5	-2.097441381546713e-5	-2.1637613304825026e-5	-2.004837986705095e-5	-2.2060889830958878e-5	-1.9978008302030427e-5	-2.107019941822389e-5	-2.120101864249227e-5	-1.9394220997508323e-5	-1.6338103694382364e-5	-1.5860150717164796e-5	-1.393466966164228e-5	-1.1932090176482689e-5	-1.0728281192020836e-5	-9.849760303172125e-6	-8.112115986542642e-6	-7.2653287466056815e-6	-6.611376553102184e-6	-5.997248799459974e-6	-3.145259186020273e-6	-6.2725043529446994e-6	-5.322357206111357e-6	-9.873964574571778e-6	-7.524136614320623e-6	-1.0890276446471128e-5	-1.3891636457688886e-5	-1.8096374821818112e-5	-1.6669380177407322e-5	-2.366267744897607e-5	-2.170434432223825e-5	-1.5888627219462492e-5	-2.4667850769856392e-5	-2.0799433952511243e-5	-2.8102438724610795e-5	-3.329345479863299e-5	-2.632825056060606e-5	-2.8608828088645677e-5	-2.591122954219427e-5	-3.779393248012908e-5	-3.655579148848648e-5	-3.3733447892675406e-5	-4.110844639953343e-5	-3.5931481043565555e-5	-4.410962968579707e-5	-4.697665515049007e-5	-4.91519978472639e-5	-5.256389399264927e-5	-4.859842861254168e-5	-5.3068638079887404e-5	-5.272706235385019e-5	-4.758812105227356e-5	-5.919291668149765e-5	-5.1882840742829145e-5	-5.8317092745552995e-5	-5.614931994834746e-5	-6.0268638495640514e-5	-6.297789899170972e-5	-6.0790499560202035e-5	-6.158815143530831e-5	-6.260742534754289e-5	-6.139710349286828e-5	-5.949913399970995e-5	-6.0166434958123724e-5	-5.437329853399432e-5	-5.5210537476448746e-5	-5.676358864827209e-5	-5.534660783065165e-5	-5.557503364298812e-5	-5.7101517253726336e-5	-5.529181550546075e-5	-4.802817079587948e-5	-5.385044325604063e-5	-5.305142772565191e-5	-4.888133273801484e-5	-4.762402928612519e-5	-4.568338302047767e-5	-4.230384543103122e-5	-4.453656844358167e-5	-4.05765579556544e-5	-3.962766692480052e-5	-4.0577920797785216e-5	-3.9090714985725444e-5	-4.05177307720786e-5	-4.421942467140033e-5	-4.5246682648433095e-5	-3.0737970762445554e-5	-2.5216661712294114e-5	-3.1664752200497026e-5	-3.575119882212249e-5	-3.600729279627443e-5
-8.63244798722778e-6	-8.132292988972598e-6	-8.091774049857198e-6	-8.318367560522164e-6	-7.056249641122954e-6	-5.723795935374913e-6	-2.9045100607407934e-6	-2.6863455443405446e-6	-1.968998423508561e-6	-3.487892212463567e-6	-3.7193304127736485e-6	-4.084305999961166e-6	-3.18727276559308e-6	-3.0039547780670584e-6	-4.297804313498944e-6	-6.809334183750099e-6	-1.622802979777023e-6	-6.128263925508394e-6	-7.5465711289616e-6	-4.762098850560718e-6	-4.10030211552611e-6	-6.955324174679617e-6	-4.354579034599598e-6	-5.005356345328879e-6	-2.816111737248897e-6	-5.748575308264434e-6	-1.0669645370128475e-5	-6.262816735482998e-6	-1.0557245724331088e-5	-7.545607069942353e-6	-9.406521514401106e-6	-1.0552662801747992e-5	-9.292202966283691e-6	-8.523851654888837e-6	-1.32764339886432e-5	-1.4335481722050139e-5	-1.4274485930841456e-5	-1.4319300004625793e-5	-1.4547622885518509e-5	-1.4607436218732825e-5	-1.4254688331409235e-5	-1.674579522086255e-5	-1.6518485323612116e-5	-1.625785016866072e-5	-1.6818191262389648e-5	-1.4550312316769995e-5	-1.533275717220499e-5	-1.4383234254772455e-5	-1.1774910677032034e-5	-1.0558206395218546e-5	-9.295014776855397e-6	-7.337387736782407e-6	-7.752996852915077e-6	-6.181631947857827e-6	-6.380354008799979e-6	-5.517484594750634e-6	-3.6482940962961202e-6	-1.036474847463699e-6	-2.9638060939935623e-6	-3.257197910369082e-6	-3.5741137968062914e-6	-3.658151120347272e-6	-3.913262129704581e-6	-1.6521262439714302e-6	-1.03620921793144e-5	-1.5845225251245182e-5	-1.1388901974274113e-5	-1.7563778664970997e-5	-1.54926464994605e-5	-1.9635523946810035e-5	-2.1196106664549824e-5	-2.123333057773777e-5	-3.651302540484333e-5	-3.093852593821084e-5	-3.2136292054101706e-5	-3.075149103458699e-5	-3.080244934984544e-5	-4.496923910720166e-5	-4.149358184520405e-5	-4.9419741573759196e-5	-5.694012373148177e-5	-5.0851317785500366e-5	-4.6239729168014165e-5	-5.89230059059101e-5	-5.8926480773872913e-5	-4.9674946231079153e-5	-4.856077345793963e-5	-4.930957524891186e-5	-4.670005728695317e-5	-5.282304758533196e-5	-5.382420447926431e-5	-5.4275386810777315e-5	-5.830825026368475e-5	-5.910510850280076e-5	-5.570866535545456e-5	-5.93887809210384e-5	-5.899550623413366e-5	-5.9159252339567245e-5	-5.750193032773472e-5	-5.875295231881281e-5	-6.106909723464608e-5	-5.868909213322705e-5	-5.786311628951622e-5	-6.126895350658593e-5	-6.333747735271997e-5	-6.337892342021811e-5	-6.281178729266104e-5	-6.620427242445132e-5	-6.196079619432554e-5	-6.245795899787257e-5	-6.011698029575324e-5	-5.9478948459187886e-5	-5.785389908027211e-5	-5.3000768379142527e-5	-5.1746649229033465e-5	-5.027509658583895e-5	-5.063993522473956e-5	-4.674425695691889e-5	-4.6680268157850424e-5	-4.787455019006001e-5	-4.9172166176076476e-5	-5.021765989154936e-5	-5.65393879718018e-5	-6.416965564600904e-5	-4.986532887996109e-5	-4.109474045776995e-5	-4.089705597830687e-5	-4.193968577374113e-5
-8.268691449857951e-6	-7.928620664198784e-6	-7.5776481579326385e-6	-5.832724372391816e-6	-4.898843171939095e-6	-2.1952126667010644e-6	-2.137246678463392e-6	-2.579286136343735e-6	-2.7821016703507423e-6	-2.0919855068081764e-6	-2.8407062536680086e-6	-3.6066618170748493e-6	-2.7064396053043047e-6	-4.3742584559950184e-6	-3.7305226318002163e-6	-6.147678733811092e-6	-7.116525454326471e-6	-4.73286537185872e-6	-4.760937534508715e-6	-5.282930126346286e-6	-5.600842665630552e-6	-6.270128188358426e-6	-7.560253353802553e-6	-7.772558231798968e-6	-6.4372036076131706e-6	-7.247936788506298e-6	-4.409214421526031e-6	-7.836052499151508e-6	-6.023439125951713e-6	-6.416374593101737e-6	-5.703149812217451e-6	-7.6236715237151115e-6	-7.550267512980782e-6	-8.777491537423354e-6	-8.630846823906926e-6	-9.292791417012808e-6	-8.04718095002814e-6	-1.0040499519043539e-5	-1.1573105077348697e-5	-1.171505011326058e-5	-1.2421404643791004e-5	-1.3315887699124132e-5	-1.2830834281878957e-5	-1.1431180234702278e-5	-1.2645907067278424e-5	-9.972593836339062e-6	-1.0379201906035758e-5	-9.065586213034653e-6	-7.315909285169654e-6	-7.072634646454641e-6	-5.999625980485784e-6	-6.3549824582363745e-6	-6.099283404725764e-6	-5.93203261576962e-6	-4.4754137732989224e-6	-3.105036437385869e-7	3.960282216096747e-7	1.924364530572764e-6	1.741388202256347e-6	6.98118185439231e-7	3.5322946282355383e-6	4.009678467075187e-6	2.7878358801157466e-6	-1.5526271132486336e-6	-3.13617187774895e-6	-6.075427704324565e-6	-7.1092922672953696e-6	-8.352690284221809e-6	-1.4338668598810889e-5	-1.6585947296577502e-5	-1.6130199660766703e-5	-2.2214878320128e-5	-2.321289536456883e-5	-2.8175804517218545e-5	-3.5710325755472505e-5	-3.944516371520712e-5	-3.8707866122436596e-5	-4.85992967874313e-5	-4.314702214220853e-5	-5.2433454171378624e-5	-4.518775571825742e-5	-3.949864225841551e-5	-5.452474626313486e-5	-5.272369156929593e-5	-5.594475945870647e-5	-5.8302747395558296e-5	-5.434864716472379e-5	-5.3292321185345604e-5	-4.978009053146354e-5	-4.8407482178530054e-5	-5.325553474773426e-5	-5.246810581491235e-5	-5.2336515519611423e-5	-5.305025014656732e-5	-5.550202428184457e-5	-5.6086788452524086e-5	-5.742712363043974e-5	-5.5902919825819714e-5	-5.489714626351165e-5	-5.5827352696226004e-5	-5.7603047088098866e-5	-5.75611002547223e-5	-5.9263651928584404e-5	-6.083062127474649e-5	-6.093979162437313e-5	-6.596030172794157e-5	-6.680505866378528e-5	-7.189601344825824e-5	-7.005319474463409e-5	-7.190956543331323e-5	-7.06634382084681e-5	-6.437067052349546e-5	-6.443285981800814e-5	-6.154567551127157e-5	-6.423027420262434e-5	-6.526372324511254e-5	-6.716622971778691e-5	-7.053018461150931e-5	-7.024760520458681e-5	-7.572097327412583e-5	-7.104309599371278e-5	-7.307240370516693e-5	-7.625322194417666e-5	-7.301677383379779e-5	-7.79577896919785e-5	-7.909093546103543e-5	-5.911964385922619e-5	-5.9876600476838765e-5
-8.622194483994677e-6	-7.67477098854389e-6	-6.617929267744779e-6	-3.908490691468744e-6	-1.8585440396965205e-6	-1.6819365182291907e-6	-1.935689970941276e-6	-2.5391865801811797e-6	-2.8336581941578592e-6	-2.9958317998655254e-6	-2.3336965904651938e-6	-2.5267404135794966e-6	-2.779668720675685e-6	-3.685424903622503e-6	-3.5404854368354874e-6	-4.469148507757308e-6	-3.803299363815127e-6	-5.2261339244900895e-6	-5.930094604386302e-6	-3.864114093261005e-6	-5.251099170289555e-6	-6.459838089792336e-6	-5.898062596589211e-6	-2.144600550748818e-6	-7.60347663194931e-6	-2.028470978427538e-6	-4.14781497180567e-6	-4.0159832382334615e-6	-4.657729958017567e-6	-5.759487938655772e-6	-5.4281564323705594e-6	-5.804266708106867e-6	-5.73815544776049e-6	-5.534123371153318e-6	-6.53390942696383e-6	-7.3724853262222e-6	-7.987709343786065e-6	-9.266548167902525e-6	-8.994582964723385e-6	-1.1215610620676601e-5	-9.996303169446975e-6	-9.49146387570557e-6	-9.21152321358299e-6	-8.790415024031474e-6	-1.0987421367701644e-5	-9.805982252326234e-6	-9.763790592546596e-6	-7.3332046137504145e-6	-6.611322885094646e-6	-4.797693682221868e-6	-5.468693735160256e-6	-7.248783008301923e-6	-2.779940177794621e-6	-4.7697642954454625e-6	-1.9680722438027154e-6	-2.106606040866779e-6	2.9233359439759243e-6	-6.557639630963563e-7	3.687390562161219e-6	3.448398386502252e-6	4.586608870482678e-6	1.1053908439626059e-5	4.422957632739186e-6	6.1879395650468044e-6	5.016224252380602e-6	4.386896119805417e-7	-4.033440519513737e-6	-5.287002118655598e-6	-1.0664347280687353e-5	-1.2869372722438405e-5	-1.557035777437557e-5	-2.05136309414794e-5	-2.2706245792012553e-5	-2.9198195239648478e-5	-3.242887973127842e-5	-4.615886557528259e-5	-5.287781307651909e-5	-4.738814267206404e-5	-5.1466899860831694e-5	-5.691305526899296e-5	-5.8910522131045556e-5	-5.500878642568721e-5	-5.6872032582443166e-5	-5.025423843339413e-5	-5.9211998910783936e-5	-5.656131297918435e-5	-5.909293833341461e-5	-6.344775263988564e-5	-5.1783201478975555e-5	-4.793101137344491e-5	-5.1500576128985995e-5	-4.7650628695649136e-5	-5.157775140145204e-5	-5.286148065499277e-5	-5.3002684842007666e-5	-5.318290052054239e-5	-5.524657527245999e-5	-5.5506483605380005e-5	-5.543760749396852e-5	-5.57707223773022e-5	-5.855116711568284e-5	-5.90219255305717e-5	-6.055988027134536e-5	-6.22828420511045e-5	-6.242775678452946e-5	-6.369031766827876e-5	-6.425747737723309e-5	-6.91705807215337e-5	-7.001056472836359e-5	-7.102452848940788e-5	-7.187660107941043e-5	-7.195766308113957e-5	-6.928691236203488e-5	-6.92798561032458e-5	-7.352881920951598e-5	-7.410108361334891e-5	-7.624537232044787e-5	-7.545187239756113e-5	-7.4755928173003e-5	-6.826845593823835e-5	-7.34808156162281e-5	-7.18259967561613e-5	-7.517663412354852e-5	-7.830377134459415e-5	-7.38099083805524e-5	-7.968893909549371e-5	-7.935783649139216e-5	-7.181590066553112e-5
-7.620456660985785e-6	-6.483664584497513e-6	-2.770686851065636e-6	-2.075746191143417e-6	-2.3210644831909294e-6	-2.2753292441357945e-6	-2.1824224691975244e-6	-2.338684598084985e-6	-2.353728648617215e-6	-2.075238445713515e-6	-2.030232806957827e-6	-2.1467145416972575e-6	-2.884349118055518e-6	-3.568906848110294e-6	-3.6165449975034125e-6	-4.26148611570084e-6	-5.057624037998511e-6	-3.6018714730636295e-6	-5.616670729858761e-6	-5.790649264345721e-6	-5.756391592776425e-6	-4.557247862500141e-6	-4.970026330048359e-6	-4.616877084633042e-6	-4.8002947509962965e-6	-3.664162750343161e-6	-2.8617329317880136e-6	-8.89781412612145e-7	-2.581864572397813e-6	-1.3040515390617957e-6	-1.9802712800717076e-6	-3.7618530252664373e-6	-5.405146680714443e-6	-4.63050333753684e-6	-6.054381984903906e-6	-6.083096537341098e-6	-6.767709764994578e-6	-7.174718176343464e-6	-8.97820338040256e-6	-8.87902693535135e-6	-7.308652110165487e-6	-6.648086215647192e-6	-6.267089169668949e-6	-7.78630564429554e-6	-8.300803553090534e-6	-5.583047790898819e-6	-4.2247370830644435e-6	-6.087356096626251e-6	-7.598971229821547e-6	-4.197821018743497e-6	-3.518861363318443e-6	-2.925045663039298e-6	-3.3134980219687304e-6	-3.0941951610500076e-6	-1.3260949955316848e-6	1.561072641596481e-6	3.139906547657348e-6	4.4871356250867495e-6	7.269594404528054e-6	7.923270871866561e-6	9.191238807375324e-6	1.0344792242874407e-5	1.0835191386693657e-5	1.117992539365932e-5	7.405395334491097e-6	8.67515992852494e-6	2.3302236876188154e-6	-1.7327618831962377e-6	-5.4213645833862956e-6	-9.47919477287118e-6	-1.4059660011743469e-5	-1.7733038345027485e-5	-2.2703436895234186e-5	-3.411961604091532e-5	-3.9609771896893103e-5	-3.42869371674874e-5	-5.308311001048574e-5	-5.0189766622257825e-5	-6.026232708374393e-5	-5.857593219065621e-5	-4.986758727308638e-5	-5.157004678976382e-5	-5.2535246931797314e-5	-5.1461631451425044e-5	-5.766296375933275e-5	-5.8259806484314836e-5	-6.209929068906085e-5	-5.545359920496214e-5	-5.1811446165296246e-5	-5.407253529481071e-5	-4.7927291746841655e-5	-4.9223529982947434e-5	-4.795499080841904e-5	-5.099172914967663e-5	-5.102895401154148e-5	-5.093880002591915e-5	-5.303605577172514e-5	-5.291157093088687e-5	-5.203766847224241e-5	-5.348920349072632e-5	-5.537422530601556e-5	-5.5161948685038265e-5	-5.83941338480002e-5	-6.371239148240948e-5	-6.255834026258796e-5	-6.0306727060061016e-5	-6.406759644290647e-5	-6.388757090632774e-5	-6.618105613228134e-5	-6.991824735283134e-5	-6.815235658805263e-5	-6.720862446218598e-5	-6.74485985184374e-5	-7.01368802445701e-5	-6.793536111264487e-5	-7.036184406384455e-5	-7.17099245110299e-5	-7.271245915487293e-5	-7.261960970712453e-5	-7.185075993378087e-5	-7.198357768146632e-5	-7.399643398020572e-5	-7.501688099919093e-5	-7.580881885779767e-5	-7.852924853359727e-5	-8.103339126010883e-5	-8.288777433515526e-5	-8.623324818969602e-5
-4.704043957744902e-6	-2.256903905840761e-6	-2.0208203735600297e-6	-2.573777034054793e-6	-2.657882120231554e-6	-2.0792501292769827e-6	-2.597653266534633e-6	-2.287828333356022e-6	-2.6614297652651983e-6	-2.649313467174494e-6	-2.4350350024109763e-6	-2.936431073340476e-6	-3.0622821444413473e-6	-3.3273379304631437e-6	-3.433173951833575e-6	-3.650412017477435e-6	-3.8308841098259536e-6	-3.999358285408476e-6	-3.4785551311167576e-6	-3.603671384195227e-6	-3.407795286193213e-6	-2.49785875848247e-6	-2.4897017634377752e-6	-2.1169081299097364e-6	-2.6067049994221714e-6	-1.1564733952374937e-6	-8.538674189364701e-7	-4.861047545393071e-7	-3.5378262277195593e-7	-2.4067423401441523e-6	-6.041322227635232e-7	-2.2692556113281664e-6	-4.095283140381767e-6	-4.6709047762417966e-6	-5.4348507031593e-6	-6.374900336347106e-6	-6.741679019510102e-6	-6.803224162407057e-6	-5.756438348995113e-6	-7.336290727471759e-6	-6.359969923755079e-6	-4.584598624129618e-6	-5.521917965196563e-6	-6.0875039546975235e-6	-7.529303786349417e-6	-6.369936452225652e-6	-5.963773447520762e-6	-4.208415435797211e-6	-3.3317858021131297e-6	-1.927190639060619e-6	-1.3738290290544325e-6	1.754718874542871e-7	1.8141809940159376e-6	-8.217320053571786e-7	4.7237252087314885e-7	3.379300691271764e-6	6.945256950932274e-6	9.956125821778544e-6	9.831230339367447e-6	1.0732304124181843e-5	1.3690714821589303e-5	7.033811331774373e-6	1.1780310071613648e-5	1.4066123076418927e-5	9.28001707596604e-6	8.448711836476358e-6	4.981748791699908e-6	1.138303589841988e-6	-5.477869134858093e-7	-7.038849212694098e-6	-2.00551565372048e-5	-2.4985485414571323e-5	-2.681463178669935e-5	-2.970639007135109e-5	-3.804531776424591e-5	-3.590600093725943e-5	-4.824378770822493e-5	-5.5952680097677565e-5	-5.316953447615999e-5	-5.3239785084875646e-5	-5.650386612049939e-5	-5.470325879558188e-5	-5.493445149186253e-5	-5.602347687323761e-5	-5.1005747612716326e-5	-5.2448411146923876e-5	-5.2977329147900834e-5	-5.067813234490258e-5	-5.120570701938783e-5	-4.849461747425364e-5	-5.0160670295130647e-5	-5.0135485633916524e-5	-4.8795651086354017e-5	-4.751259254738224e-5	-5.147954192921342e-5	-4.9539902887384135e-5	-5.142372936977821e-5	-5.1340790207512685e-5	-5.118607496407482e-5	-5.111880713106094e-5	-5.402536057408369e-5	-5.466815842787402e-5	-5.542799970089177e-5	-5.9201352587551215e-5	-6.035834917809957e-5	-5.982568295468706e-5	-6.3167406960489e-5	-6.193691772567872e-5	-6.260984542231715e-5	-6.674849719169942e-5	-6.35191793369079e-5	-6.372737596958486e-5	-6.575695581578431e-5	-6.285465881496546e-5	-6.643099753015497e-5	-6.714496715793175e-5	-6.880540055894876e-5	-6.613448016220408e-5	-6.94488002804701e-5	-6.719083324663658e-5	-6.789070580671616e-5	-7.103685180235089e-5	-7.348371829649439e-5	-7.572623517831945e-5	-7.624663812648425e-5	-8.308103201714809e-5	-8.596023768009733e-5	-9.15240675131504e-5
-1.7165888393892714e-6	-1.7316110025901443e-6	-2.585845627249908e-6	-2.240124996307283e-6	-2.7609953033710596e-6	-1.7718786100894349e-6	-2.1751934834498415e-6	-2.4621269107717725e-6	-2.650393197013018e-6	-2.819840850621161e-6	-3.260721499667024e-6	-3.354051316740471e-6	-3.874660669893858e-6	-3.263892519971001e-6	-3.0263854302377963e-6	-4.162793428106465e-6	-3.711964953077504e-6	-3.424676788357263e-6	-3.3534760797253316e-6	-3.33750401989609e-6	-2.796097839483265e-6	-2.624121419833071e-6	-2.3463570225212144e-6	-1.499761821894055e-6	-9.93198307885218e-7	-1.0050520257622736e-6	-3.6149956725989307e-7	-7.147011931926683e-7	-4.857812557160918e-7	-1.8676665845384494e-6	-2.3887237131890726e-6	-3.3227108944041545e-6	-4.498923342156555e-6	-4.574484373113044e-6	-5.615753223770295e-6	-5.741287436786258e-6	-5.966637774135197e-6	-6.138687512957305e-6	-6.227759193760951e-6	-5.755654877400221e-6	-5.577400114019707e-6	-5.131677011495708e-6	-5.363349873813497e-6	-6.082759892566542e-6	-4.626289450268203e-6	-5.077900990316242e-6	-6.426537633216073e-6	-3.7407646153852364e-6	-2.0645110783684e-6	-1.4951601968234834e-6	-1.7560201882003967e-6	-3.004154813367882e-7	2.0903415175015094e-6	1.7874615091013901e-6	5.105022036610424e-6	4.472634149979213e-6	4.3860034148416466e-6	1.0353776213126165e-5	1.0321343660388976e-5	1.3018722926950999e-5	1.3950628304469637e-5	1.2908449537139127e-5	1.3187918096978224e-5	1.2474273729853186e-5	1.10922279391093e-5	9.673689258492268e-6	3.786251910956051e-6	-1.2168659634624601e-6	1.133803608725087e-6	-8.395796807347117e-6	-1.8664249291054646e-5	-2.1646701358485343e-5	-2.9445807635730334e-5	-3.1966580668315106e-5	-3.872766893959177e-5	-4.1700626919648556e-5	-3.785230091066065e-5	-5.4869873022337506e-5	-4.905748455575655e-5	-5.5876651775584735e-5	-5.613540543319105e-5	-5.629077567026637e-5	-5.727001582385774e-5	-5.2343649163330563e-5	-5.235009989520631e-5	-5.3442336412365746e-5	-4.968857505896311e-5	-5.45950527082624e-5	-5.325778392514108e-5	-5.567134196671729e-5	-5.402222885610847e-5	-5.010845904873662e-5	-5.007793564049991e-5	-4.6170738944324025e-5	-4.8437519999718764e-5	-4.509016071760005e-5	-4.809198896863105e-5	-4.8164630920763396e-5	-5.078379272552107e-5	-5.045553059558616e-5	-5.167681102371917e-5	-5.2148499006445664e-5	-5.539702323167223e-5	-5.424893742772899e-5	-5.6673916861565976e-5	-5.698837506496607e-5	-5.5921015024553225e-5	-5.800918027724401e-5	-6.228520100398129e-5	-6.199413202299768e-5	-5.828534811909425e-5	-6.010803427257752e-5	-6.353183143415972e-5	-6.299886068546201e-5	-6.222698761436038e-5	-6.303663916806118e-5	-6.312544779431273e-5	-6.813503835570098e-5	-6.523264404773715e-5	-7.052702362007543e-5	-6.775855023550756e-5	-6.988697787797468e-5	-7.788050423746667e-5	-7.527283646651534e-5	-7.866095903981407e-5	-8.39512205412507e-5	-9.008676346133199e-5	-9.510154599587373e-5
