-1.7304432425775006e-5	-1.8888567799531906e-5	-2.031096493849601e-5	-2.152204108577471e-5	-2.2483933087244014e-5	-2.3192611895744845e-5	-2.3628046577770874e-5	-2.3786294082536384e-5	-2.365480625422428e-5	-2.3242212570394947e-5	-2.2570298250751308e-5	-2.163718794067696e-5	-2.0444291876403336e-5	-1.8996986965943894e-5	-1.7326209918682975e-5	-1.5487624736481537e-5	-1.3569118265666549e-5	-1.1650701290632027e-5	-9.798124669620684e-6	-8.05690021997622e-6	-6.45342451555881e-6	-5.037800625373918e-6	-3.839456155132061e-6	-2.8561579947348686e-6	-2.068700447375394e-6	-1.4238295064573122e-6	-8.972265849282833e-7	-6.229789665092514e-7	-5.937803538755321e-7	-5.634636072497299e-7	-5.232646459717705e-7	-4.7483694522129855e-7	-4.242851819235728e-7	-3.601010222623039e-7	-2.9320279807859215e-7	-2.3819870589265114e-7	-1.804471887037176e-7	-1.3495060033699453e-7	-1.0540185264292831e-7	-8.289311497094274e-8	-5.433121637961243e-8	-6.213267411981149e-8	-6.400134209252621e-8	-8.854605462410326e-8	-1.8531468278255537e-7	-2.6087718113492434e-7	-4.5516190360738094e-7	-6.453874733961408e-7	-9.129089170291915e-7	-1.164811687792118e-6	-1.3649732896863547e-6	-1.546969820381468e-6	-1.6745402833740687e-6	-1.7227400872881952e-6	-1.7710534466664487e-6	-1.7080104870250383e-6	-1.7109325816309603e-6	-1.6192176968584149e-6	-1.6725420156317808e-6	-1.6144162641280137e-6	-1.6821529245918538e-6	-1.4801561016024655e-6	-1.3155708518872636e-6	-1.1573667066984196e-6	-1.095526152427511e-6	-1.1417652866317353e-6	-1.3081472543511535e-6	-1.5028470019180388e-6	-1.7274153608940683e-6	-1.914332888395503e-6	-2.206050237319315e-6	-2.5285446146765327e-6	-3.0168873991129726e-6	-3.4638070651262844e-6	-3.8277000493201914e-6	-4.092521556580961e-6	-4.185128400488394e-6	-4.204629809866015e-6	-4.135095592582112e-6	-4.0196211675814016e-6	-3.927086235466642e-6	-3.977569367937583e-6	-4.553681778107791e-6	-5.835466356120612e-6	-8.176470856894383e-6	-1.1855387727714983e-5	-1.6539048887402842e-5	-2.1627106971363297e-5	-2.7181345869625498e-5	-3.314975067210231e-5	-3.934352287273656e-5	-4.597972606791499e-5	-5.280460670695953e-5	-5.992067414079811e-5	-6.743695245114815e-5	-7.515592906928434e-5	-8.31563488780962e-5	-9.12221621961548e-5	-9.908524161190594e-5	-0.00010657752347590114	-0.00011325125456611033	-0.00011896911919774024	-0.00012352524276400132	-0.0001268191309531668	-0.00015469694133535153	-0.00020549789387114373	-0.000251628467654119	-0.00029252434154213757	-0.00032705091460523026	-0.0003533612292899523	-0.000371527505145305	-0.0003820336252737086	-0.0003866719922974337	-0.00038559690777127903	-0.00038047038049567224	-0.000371319823414027	-0.0003595304115568457	-0.00034499960857886213	-0.0003282257689417366	-0.0003096275016256612	-0.00029019412388839793	-0.0002696254082363539	-0.000248617475031677	-0.00022748317703087748	-0.00020621130662366958	-0.00018563601313841905	-0.00016457831734703566	-0.00014411455792588223
-2.6352917761471862e-5	-1.902591215381437e-5	-2.0236364371934305e-5	-2.165907059223417e-5	-2.2887223195338933e-5	-2.385969110534946e-5	-2.4574195036693785e-5	-2.500492320071476e-5	-2.511942929289259e-5	-2.495242690628782e-5	-2.448375429864142e-5	-2.3744442023437596e-5	-2.271624349794e-5	-2.136665685408897e-5	-1.970930614048521e-5	-1.7827312215023316e-5	-1.5819425210674453e-5	-1.3770510878236667e-5	-1.1732532747552569e-5	-9.765149805166609e-6	-7.93954567747369e-6	-6.302954616273233e-6	-4.880116078412779e-6	-3.6787813739917772e-6	-2.6889616618404898e-6	-1.89495461039329e-6	-1.2808940457772071e-6	-8.211357105877754e-7	-6.499657460386024e-7	-6.144026802597015e-7	-5.669770802157347e-7	-5.214322710774841e-7	-4.64419688450893e-7	-4.0762365043700394e-7	-3.3990737148782583e-7	-2.6403791875776546e-7	-2.1344547007058784e-7	-1.5755636040496356e-7	-1.0443469916373357e-7	-6.617838135739341e-8	-5.8317760224566205e-8	-5.553192765917292e-8	-6.040624435425764e-8	-1.2702313091016364e-7	-2.2209067293701834e-7	-3.489599480879529e-7	-5.862857366928134e-7	-8.068540627232419e-7	-1.1502623251172652e-6	-1.453450075087318e-6	-1.7427716062440338e-6	-1.980167428934838e-6	-2.0923573160000316e-6	-2.135216537269485e-6	-2.0905404078093767e-6	-2.046921497957876e-6	-1.9318199675328887e-6	-1.9036849768629773e-6	-1.7509162819254577e-6	-1.8476740541645957e-6	-1.6951289615520948e-6	-1.7011508030258043e-6	-1.591266725181928e-6	-1.445178241844045e-6	-1.5512935233334068e-6	-1.6359547403787074e-6	-1.8252925216601101e-6	-2.041032793234192e-6	-2.2362516380673935e-6	-2.402913502805384e-6	-2.776408368417712e-6	-3.1282374927254837e-6	-3.5766282733181152e-6	-3.994084601379805e-6	-4.262661560023337e-6	-4.409031513370856e-6	-4.4718107097063525e-6	-4.447738475342729e-6	-4.380982393624252e-6	-4.289600010369761e-6	-4.257435967253831e-6	-4.5914991856459955e-6	-5.698318419669845e-6	-7.905645930474248e-6	-1.1639134027871427e-5	-1.6561539803649855e-5	-2.2305113506919742e-5	-2.8515176580257185e-5	-3.508640165345519e-5	-4.2269474804323243e-5	-4.970335038281086e-5	-5.7675081630961165e-5	-6.605303269119021e-5	-7.499755994304922e-5	-8.429658020585276e-5	-9.39981133609432e-5	-0.00010359097109946102	-0.00011302425656312885	-0.00012181481550883788	-0.00012934714119876306	-0.00013533613431985256	-0.00014006413925149339	-0.00014318701168471545	-0.00016206083460075548	-0.0002188849296974054	-0.0002701854817440999	-0.0003145036372070837	-0.0003503456756030987	-0.00037660876039585995	-0.0003935495060799593	-0.00040301701906805213	-0.0004055804463116926	-0.0004029919373749874	-0.0003956221105847488	-0.00038430517960876985	-0.0003699959081827236	-0.0003532347511787156	-0.00033436694798520553	-0.00031407345496558994	-0.0002924861427931909	-0.00027051746372324997	-0.00024766331568030586	-0.00022467086500272304	-0.0002018357336728985	-0.00017958048888063946	-0.0001574237023957046	-0.00013587403462574457	-0.00011477380296851056
-3.497813951194738e-5	-3.1299406747666134e-5	-2.1990444673895997e-5	-2.1629087954801583e-5	-2.3114999405764983e-5	-2.439480840375161e-5	-2.5446958974223232e-5	-2.6180842172669672e-5	-2.6624937477214694e-5	-2.6762608755324828e-5	-2.6578973234270343e-5	-2.610112917142061e-5	-2.526923629310173e-5	-2.4059698790538662e-5	-2.2513664075553546e-5	-2.068022746373576e-5	-1.8647201065906708e-5	-1.648709992223337e-5	-1.4261523051925578e-5	-1.2087089246297238e-5	-1.0039608582815251e-5	-8.155682820835219e-6	-6.456125963612949e-6	-4.959746839205259e-6	-3.7192641058898147e-6	-2.716250619423697e-6	-1.922760605334743e-6	-1.2967239669637038e-6	-8.534975447937418e-7	-7.190785842559512e-7	-6.720695632686472e-7	-6.212512653315609e-7	-5.674192960193526e-7	-5.010510878783938e-7	-4.4413951757624223e-7	-3.590470227376217e-7	-2.721818253215398e-7	-2.109723185454561e-7	-1.3660846118111998e-7	-1.0367262210983599e-7	-1.0547167993593197e-7	-1.1062174602843506e-7	-1.538495236902466e-7	-2.4632452111534893e-7	-3.05307979705208e-7	-5.025907460500573e-7	-7.672985251966056e-7	-9.955572459701653e-7	-1.4038979255481822e-6	-1.745236001163957e-6	-2.114107397684303e-6	-2.4352726394535037e-6	-2.5684384838079684e-6	-2.5150625622752647e-6	-2.488322793075432e-6	-2.3505578909613836e-6	-2.330829826004996e-6	-2.1440484773508518e-6	-2.193393336707095e-6	-1.970038968181319e-6	-2.079415708609827e-6	-2.0090845229302916e-6	-2.1064084431089294e-6	-2.1878934362959823e-6	-2.20609040857724e-6	-2.4126870950084763e-6	-2.598481972582856e-6	-2.7307480218528067e-6	-2.8203425406902214e-6	-2.9590468416478904e-6	-3.2653480787474185e-6	-3.7080310452637946e-6	-4.028356405053757e-6	-4.367387508378898e-6	-4.658344447536322e-6	-4.7846826201627576e-6	-4.8225461496628876e-6	-4.815210692404486e-6	-4.841521906297893e-6	-4.82574748080766e-6	-4.953241077762985e-6	-5.760720068619422e-6	-7.579136042867086e-6	-1.1220277197642201e-5	-1.642970706421728e-5	-2.274704543697355e-5	-2.9732479227931182e-5	-3.725161070285543e-5	-4.546629370567093e-5	-5.4358461963383905e-5	-6.392470607182735e-5	-7.394795436330278e-5	-8.476216550127918e-5	-9.578880612429489e-5	-0.0001069748496571114	-0.00011806776080509402	-0.00012877889761811408	-0.0001385054649967807	-0.00014659793207760145	-0.00015282246775084586	-0.00015716627208124694	-0.0001596058589580502	-0.00016903456297294298	-0.0002277916599407071	-0.0002855330359853765	-0.0003333839587261729	-0.0003710125827131259	-0.00039741077521095864	-0.0004137059518695993	-0.000421732742049483	-0.0004228908831308345	-0.0004179475189084521	-0.00040901540997453196	-0.0003956379187793405	-0.0003791696823536605	-0.00036024440940107187	-0.00033961840192674544	-0.00031709732333818144	-0.00029426772366974237	-0.00027031030352088633	-0.00024602670909712313	-0.00022139754121689695	-0.0001973468302269893	-0.00017313722658435183	-0.00014944665359815446	-0.000126638218127473	-0.00010445319480414223	-8.89476615817961e-5
-3.885583396964351e-5	-3.8582905659793746e-5	-3.576079157792708e-5	-2.6010602549718132e-5	-2.3160290619585785e-5	-2.4764168798207652e-5	-2.6162776156164592e-5	-2.730306145164364e-5	-2.8149087024388507e-5	-2.8683678080492156e-5	-2.8903016133548373e-5	-2.876847604106586e-5	-2.8211038400067995e-5	-2.725427775572108e-5	-2.592901018970922e-5	-2.4251786950355512e-5	-2.2271099633054147e-5	-2.0068012041931554e-5	-1.7744207237210684e-5	-1.5392769674950406e-5	-1.309782103799642e-5	-1.0908740023045544e-5	-8.900835391077535e-6	-7.090769037069463e-6	-5.526499736378581e-6	-4.191907304308596e-6	-3.081877823558481e-6	-2.192914354879813e-6	-1.503148742189229e-6	-1.0644973199604429e-6	-9.481377561449532e-7	-8.682651395067981e-7	-7.953218957104126e-7	-7.159505795148867e-7	-6.113842554358518e-7	-5.280376292210043e-7	-4.507695168853628e-7	-3.7298980888578804e-7	-3.242135807487567e-7	-2.7206298323433715e-7	-2.4893033773446957e-7	-2.4618083232856344e-7	-3.187369636689311e-7	-4.098717134280128e-7	-5.477550054846522e-7	-8.078648827287954e-7	-1.1016782426868688e-6	-1.4092550901065895e-6	-1.8610366565948107e-6	-2.2253659596461114e-6	-2.6171785247226188e-6	-3.00757528685529e-6	-3.156813124053944e-6	-3.2678496166505296e-6	-3.1563274777578677e-6	-3.0849015112865334e-6	-2.949740452877586e-6	-2.9594868895943465e-6	-2.7317352990525057e-6	-2.7380266248552643e-6	-2.4602359791161985e-6	-2.7627712559968676e-6	-2.7802141765800124e-6	-3.0600545045973495e-6	-3.2893646960141667e-6	-3.2711278562961474e-6	-3.454721859695924e-6	-3.4427660505826568e-6	-3.437996039776517e-6	-3.508166521840077e-6	-3.902504973907962e-6	-4.284535422344033e-6	-4.696452593305424e-6	-5.00960928396074e-6	-5.203268059594017e-6	-5.34760245852022e-6	-5.386886722598121e-6	-5.391500919121056e-6	-5.442717165570456e-6	-5.535447586712082e-6	-6.086651769998357e-6	-7.678087688644303e-6	-1.1016238874440601e-5	-1.6452984844491174e-5	-2.350435935142354e-5	-3.150941220741915e-5	-4.0333150802888455e-5	-5.007530065175846e-5	-6.063052154909392e-5	-7.205693959299418e-5	-8.41223845505989e-5	-9.674845750192593e-5	-0.0001094849841256139	-0.00012203027613166926	-0.0001340701565282836	-0.00014524164406721634	-0.00015518397143025208	-0.0001631652801451747	-0.00016914463622077233	-0.00017290705093684006	-0.00017466110496277382	-0.00017609333331682975	-0.00022910306560419366	-0.00029642061730562636	-0.00034805883232643764	-0.000387818598769665	-0.0004145987887761466	-0.0004308491549985825	-0.00043815605400842304	-0.0004376096499237919	-0.0004311242796440002	-0.00041998626122623814	-0.00040461959319256077	-0.0003867009384660885	-0.0003658702875587033	-0.0003432814304520288	-0.0003194198851186065	-0.00029464485366563877	-0.00026942116433425686	-0.00024380842534393442	-0.00021779832348066755	-0.00019229613648366227	-0.00016677440426143787	-0.0001418314254107494	-0.00011704075413255252	-9.362786052232374e-5	-9.090153603223466e-5	-0.00018643634224460972
-4.080972246361153e-5	-4.2191524405174046e-5	-4.231281870887214e-5	-4.008492613425298e-5	-3.103188295894014e-5	-2.4808559422550042e-5	-2.6593363891496384e-5	-2.8206340192060564e-5	-2.956917480677454e-5	-3.065734837048597e-5	-3.1413721644306404e-5	-3.176749947730725e-5	-3.1688583777549236e-5	-3.116276020533902e-5	-3.018221867435523e-5	-2.8780373666396476e-5	-2.7008496833804698e-5	-2.493759094423412e-5	-2.261475740851611e-5	-2.0132930556325555e-5	-1.7593232695506018e-5	-1.5129162635958722e-5	-1.2812272448970984e-5	-1.0613820379813068e-5	-8.600770736285397e-6	-6.789146604976045e-6	-5.247235748106719e-6	-3.977826129424231e-6	-2.9432244148583975e-6	-2.1233510309228385e-6	-1.5625005152790213e-6	-1.3970659839969888e-6	-1.2630260413381478e-6	-1.1574219967693845e-6	-1.0635012422117668e-6	-9.360442767136711e-7	-8.444222246303357e-7	-7.546579881594618e-7	-6.120221957364125e-7	-5.862609852602712e-7	-5.526464847755612e-7	-6.153819859177029e-7	-7.242353849589288e-7	-8.548859998603201e-7	-1.1064744262805988e-6	-1.4187109965858988e-6	-1.7252327491200713e-6	-2.095202456507948e-6	-2.5671270502162924e-6	-2.924317319663968e-6	-3.265212983364882e-6	-3.7295907415011716e-6	-3.980223212632953e-6	-4.148515216183161e-6	-4.139204652435639e-6	-4.07376397819808e-6	-4.188865404468296e-6	-4.034212628791936e-6	-4.079233022737797e-6	-3.703254237201822e-6	-3.8439811115520916e-6	-3.6396931895879144e-6	-4.297642365738445e-6	-4.422491548965945e-6	-4.6247403128912765e-6	-4.5462679979682695e-6	-4.2360940638169855e-6	-4.20730900867598e-6	-4.283765393103382e-6	-4.483068020229905e-6	-4.9157733716073545e-6	-5.364509212559751e-6	-5.840032017499053e-6	-6.071613563133165e-6	-6.225450380419125e-6	-6.343062279100351e-6	-6.436912664657391e-6	-6.485397917747072e-6	-6.612316916790913e-6	-6.993161333486652e-6	-8.241544402542992e-6	-1.1412106435085102e-5	-1.7149295625429716e-5	-2.515315785148331e-5	-3.461969962151396e-5	-4.517550836474589e-5	-5.671452794837161e-5	-6.919136168033093e-5	-8.278498589907151e-5	-9.667806813064777e-5	-0.00011040875229321393	-0.00012368888753941807	-0.0001366759772106679	-0.00014907954894423662	-0.00015992185288435384	-0.0001694316880251586	-0.0001769303575163277	-0.00018230919170047848	-0.00018549294795285054	-0.0001866706693265071	-0.00018589175570252192	-0.00022333155900357705	-0.00030197950816024475	-0.00035774793250477484	-0.00039927202042100104	-0.00042746963535927993	-0.00044447797279890196	-0.00045127042444907456	-0.00045047954400399847	-0.00044212670351214604	-0.00042914850849901185	-0.0004123060969855462	-0.0003917622549462572	-0.00036981634614598993	-0.00034535889466048267	-0.0003204549189889062	-0.00029440138072739917	-0.0002679964367333543	-0.00024130826288035635	-0.0002144296585693435	-0.0001871888814495258	-0.00016019987210004645	-0.00013428807401660728	-0.00010747074802768116	-8.29372989601682e-5	-9.843230109761155e-5	-0.0001940253203953934	-0.00022707019608653742
-4.1335830370516714e-5	-4.383319760409057e-5	-4.558356184249859e-5	-4.6063972274487926e-5	-4.426854808125211e-5	-3.689169944365734e-5	-2.6732630117509617e-5	-2.8618384712322562e-5	-3.058157350577755e-5	-3.230380750989183e-5	-3.3747501704103135e-5	-3.4834230430025794e-5	-3.54617588994149e-5	-3.559135837738706e-5	-3.522291660190134e-5	-3.439423152421274e-5	-3.3090085119892244e-5	-3.136416777196639e-5	-2.9262659676355552e-5	-2.6854357270327008e-5	-2.4254562027678956e-5	-2.155636755468432e-5	-1.8855633314283965e-5	-1.620622656823157e-5	-1.3689181478931713e-5	-1.1322533622757213e-5	-9.194867173943347e-6	-7.317374049018799e-6	-5.718002879616882e-6	-4.357323373904235e-6	-3.1976344417554488e-6	-2.4993333527561038e-6	-2.3042801337006978e-6	-2.1190505519978358e-6	-1.9461120945922157e-6	-1.7659240593536113e-6	-1.5529854158922208e-6	-1.4114575936153641e-6	-1.3491720820078908e-6	-1.290751079961283e-6	-1.305704700535815e-6	-1.4044947128603027e-6	-1.5639416663809545e-6	-1.7493837963436097e-6	-2.0394952147435394e-6	-2.467538590973939e-6	-2.9184871012337733e-6	-3.3346976211423644e-6	-3.904975708297274e-6	-4.3798751699977915e-6	-4.63836009515889e-6	-5.143093074399941e-6	-5.425428921674657e-6	-5.66555414272538e-6	-5.736756912374616e-6	-5.881376795414179e-6	-5.927970577108625e-6	-6.195908757052015e-6	-5.939556395367447e-6	-5.917023363176727e-6	-5.493981286140211e-6	-5.6534182030337755e-6	-5.473555965348059e-6	-6.219365958795503e-6	-6.013225983485402e-6	-6.191672214320668e-6	-5.845682024702464e-6	-5.760203923546302e-6	-6.072007876851974e-6	-6.352049371323954e-6	-6.6298645962620505e-6	-7.128757953202843e-6	-7.616556160226071e-6	-7.850305114999328e-6	-7.876503250127362e-6	-7.948000879688757e-6	-8.096196471920576e-6	-8.412992906906762e-6	-9.069569022867119e-6	-1.0376888825744115e-5	-1.3774419476008e-5	-1.9856980970459995e-5	-2.90845745440146e-5	-4.049478286426165e-5	-5.276263751642144e-5	-6.606298468049454e-5	-8.029592275027078e-5	-9.424206830667376e-5	-0.00010812643242523351	-0.00012224315923089376	-0.00013529476724985766	-0.0001483759603160533	-0.00015998678502707908	-0.00017072071870725356	-0.00017969918922232364	-0.00018706332429571561	-0.00019265398499662115	-0.0001951587653283883	-0.00019652728756970996	-0.00019493844825565175	-0.00021488760956351488	-0.000300774340316903	-0.0003627698457728804	-0.00040606911603054217	-0.00043559763028383405	-0.00045324795507914874	-0.00046112354015886005	-0.00045944382139478175	-0.0004511308743540771	-0.0004363898530176404	-0.0004178992494292843	-0.00039641260307538093	-0.00037234610427516615	-0.00034682112214880906	-0.0003198127793562454	-0.0002927188320948925	-0.00026498317232972763	-0.0002368293358990842	-0.00020939241545091854	-0.00018097010854187462	-0.00015337652520241215	-0.00012663968959276094	-9.894893612563379e-5	-7.275849261881686e-5	-0.00011109087999402502	-0.00020097651529777999	-0.00022921346688319294	-0.0002461360491042182
-4.046778822942127e-5	-4.376634322607895e-5	-4.6667357543630735e-5	-4.875276824215904e-5	-4.949637678230135e-5	-4.806176378736216e-5	-4.255320668560884e-5	-3.0185261304176996e-5	-3.063514079480883e-5	-3.3076858867608536e-5	-3.5372667582448576e-5	-3.731968319409406e-5	-3.88468912103824e-5	-3.992292966482466e-5	-4.052709918061797e-5	-4.058361932888798e-5	-4.011028227259102e-5	-3.909396831888485e-5	-3.761577055076849e-5	-3.567509818574806e-5	-3.328688891598933e-5	-3.058298848620777e-5	-2.7675990620583205e-5	-2.4667984729592057e-5	-2.1644974515147525e-5	-1.8626238497151255e-5	-1.5739143888113334e-5	-1.3034060358118295e-5	-1.0659679831732471e-5	-8.59440431346226e-6	-6.792108239195112e-6	-5.120227209647e-6	-4.20134290280069e-6	-3.865860417096073e-6	-3.535631919375743e-6	-3.263320219597626e-6	-3.070850695613456e-6	-2.9047049449160683e-6	-2.694571486012296e-6	-2.580148481099563e-6	-2.5268827205784383e-6	-2.7394576058582918e-6	-3.101485331371706e-6	-3.4464787972595106e-6	-3.935588280938539e-6	-4.513346694055845e-6	-5.128992005839516e-6	-5.627598972207017e-6	-6.264481394936981e-6	-6.7939304801508565e-6	-6.989897233050942e-6	-7.464362091736093e-6	-7.631722659770832e-6	-8.02791977772822e-6	-8.547309569891326e-6	-8.796210867294534e-6	-9.224561623345925e-6	-9.254667416946935e-6	-9.269116978799757e-6	-9.059776110915792e-6	-8.602132109742006e-6	-8.623882184144937e-6	-8.327808786570462e-6	-8.87298074012013e-6	-8.877627272676194e-6	-8.706722488281273e-6	-8.77494637751455e-6	-8.583674825678277e-6	-9.124596258871015e-6	-9.514993644288612e-6	-9.64126868018989e-6	-1.0124751533777776e-5	-1.0311242330385979e-5	-1.0631154993554646e-5	-1.0612005647915464e-5	-1.1069211422792398e-5	-1.1666889256010272e-5	-1.2977693891214149e-5	-1.4892277085795706e-5	-1.901956544038775e-5	-2.5596109084328434e-5	-3.611136466713706e-5	-4.8652642028318484e-5	-6.187624481406162e-5	-7.564370205797059e-5	-8.924097761954834e-5	-0.000103593586711345	-0.00011727873442984014	-0.00012914703738396298	-0.0001419356985225332	-0.00015373168140481983	-0.0001651040560821874	-0.00017661455899047876	-0.0001855387020043681	-0.0001926240110214887	-0.00019903847245177054	-0.00020272655005326235	-0.00020341212194538308	-0.00020233126094654826	-0.0002067415387016925	-0.00029226182858426244	-0.0003625093578508195	-0.0004095259881956449	-0.0004402280023320631	-0.00045894374995678923	-0.00046693986596187446	-0.0004658139627936118	-0.0004561332755495756	-0.0004412171489066039	-0.0004214790341435556	-0.0003984784861755359	-0.0003733715634332579	-0.00034643330898404814	-0.00031884379694873234	-0.0002900064042482683	-0.00026109177928317984	-0.00023196897484895713	-0.0002030162567976724	-0.00017442919571604085	-0.00014559841111244816	-0.00011809045994810386	-8.978526016733407e-5	-6.199654611651912e-5	-0.00012861939986721352	-0.00020834576310331011	-0.00023335594598142186	-0.0002456960405713537	-0.00025400083012182056
-3.819283102113365e-5	-4.200071970267752e-5	-4.569236516676039e-5	-4.8908160791641815e-5	-5.126994671929259e-5	-5.219872217114105e-5	-5.1097400322816104e-5	-4.66016131814794e-5	-3.4300080668498405e-5	-3.237610182447778e-5	-3.538790443302648e-5	-3.818873862231786e-5	-4.0758512520805816e-5	-4.2977692138896156e-5	-4.4799096322777814e-5	-4.6090818239192724e-5	-4.686628158559655e-5	-4.709545751751088e-5	-4.66766405028625e-5	-4.5613203537554105e-5	-4.394948895155978e-5	-4.1805662357739034e-5	-3.9133283982967675e-5	-3.6080167109512195e-5	-3.2706950852083724e-5	-2.914721797608685e-5	-2.5566681537065945e-5	-2.2049865296321634e-5	-1.8782408003538436e-5	-1.5772308252079705e-5	-1.3070605007092817e-5	-1.0526930118231587e-5	-8.019373071255165e-6	-6.890588051115842e-6	-6.445635090957522e-6	-6.027050153381341e-6	-5.625898012168134e-6	-5.276699377807032e-6	-5.006985088531166e-6	-4.879870761891403e-6	-4.9868266649161496e-6	-5.232359831960798e-6	-5.696987587405268e-6	-6.231861232413756e-6	-6.912648022104907e-6	-7.594771767535318e-6	-8.346239506958717e-6	-8.930063506614651e-6	-9.634510902965018e-6	-1.0295245114149188e-5	-1.0634381078046797e-5	-1.0909742405263107e-5	-1.1389751628528333e-5	-1.1739673310700059e-5	-1.252425046253647e-5	-1.3366212796002167e-5	-1.3509894760344249e-5	-1.3805295869895472e-5	-1.3606483040092454e-5	-1.2815103207957973e-5	-1.2715133838019229e-5	-1.1717195101296917e-5	-1.2152269232236821e-5	-1.1918086539272767e-5	-1.3035869954791513e-5	-1.2869211791987582e-5	-1.3576737242075948e-5	-1.3561078387736692e-5	-1.4158587864899083e-5	-1.4445704961642035e-5	-1.444700747218012e-5	-1.4808789930116027e-5	-1.5154559186320828e-5	-1.5605135421291928e-5	-1.6243564128171436e-5	-1.7571783244393014e-5	-2.0056787108705103e-5	-2.3073803183617137e-5	-2.8021341030130345e-5	-3.480084954901323e-5	-4.5184023488805444e-5	-5.8191028364293335e-5	-7.180479089840915e-5	-8.422982249870018e-5	-9.691261731030904e-5	-0.00010926728619520861	-0.00012060893143993703	-0.0001321337724012088	-0.00014309557716262497	-0.00015535602644472742	-0.0001668220088016912	-0.00017747366889869266	-0.00018756077791320404	-0.0001954127786822147	-0.0002020126468034911	-0.00020727764611174512	-0.00020874578733417028	-0.00020792597079299252	-0.00020404093535997215	-0.00027445090836991756	-0.00035767999377305437	-0.0004081971783842216	-0.0004423914908354093	-0.00046219797982972356	-0.000471003301324844	-0.00046904178528385824	-0.00045997869175863214	-0.00044357308379199857	-0.0004229241903892008	-0.0003990134647492184	-0.0003725921392643927	-0.0003446448610821846	-0.00031567549525664913	-0.00028604601620596005	-0.0002559836685186393	-0.000226058247976362	-0.0001955040584576532	-0.00016649279770506765	-0.00013630037099397708	-0.00010830478479713617	-7.902364380611574e-5	-5.1602675348299404e-5	-0.0001505568700727023	-0.00021691088530286081	-0.00023671328016767242	-0.0002455866791523163	-0.00025143732581292544	-0.0002538689938597397
-3.450001840066391e-5	-3.858724924499338e-5	-4.271279293232666e-5	-4.6661096571199584e-5	-5.00605991065818e-5	-5.256602311297807e-5	-5.3661485847031375e-5	-5.284705608039973e-5	-4.930947239177634e-5	-3.848214549300534e-5	-3.312856333051735e-5	-3.672175104765121e-5	-4.024956808332733e-5	-4.3582358908979485e-5	-4.664536138649232e-5	-4.9365176509403365e-5	-5.171972073623664e-5	-5.3437230388506745e-5	-5.4545019230000215e-5	-5.486333672387783e-5	-5.454104214322006e-5	-5.3494898785611705e-5	-5.1696901891462365e-5	-4.913570703299206e-5	-4.592473136183816e-5	-4.222880188717784e-5	-3.835075118944532e-5	-3.42905124679277e-5	-3.0295043182929008e-5	-2.638133338849467e-5	-2.2672609479490845e-5	-1.9202483508366256e-5	-1.5822473125875634e-5	-1.2326462957971137e-5	-1.1003225292985225e-5	-1.0262522044022293e-5	-9.648385983270946e-6	-9.30732987108231e-6	-9.024886574076076e-6	-8.819185757322703e-6	-8.86161392916309e-6	-8.996372882526119e-6	-9.394629573672382e-6	-1.0201384454224647e-5	-1.1232651244676842e-5	-1.2146959236038652e-5	-1.305040811034011e-5	-1.3566962063975236e-5	-1.4266792359663236e-5	-1.4834259831217957e-5	-1.54194863885267e-5	-1.5615304997661125e-5	-1.5950316876079014e-5	-1.6860645599343948e-5	-1.7788345072284792e-5	-1.8381076545512264e-5	-1.895986049833359e-5	-1.921561772429584e-5	-1.8008346384029228e-5	-1.7887790633517708e-5	-1.7082589066642195e-5	-1.7026710288021632e-5	-1.7366258019490372e-5	-1.7193368582515267e-5	-1.8342368662025178e-5	-1.8609167874026797e-5	-1.9735163403601468e-5	-2.019794228932637e-5	-2.1101876375106572e-5	-2.15844935964156e-5	-2.1918898104557184e-5	-2.2403751013399956e-5	-2.3791332130408777e-5	-2.4795411912723598e-5	-2.749037528891626e-5	-3.109221140093081e-5	-3.499439046064046e-5	-4.056338132321069e-5	-4.6503968465874294e-5	-5.4869715863982844e-5	-6.601539732934466e-5	-7.699010140482646e-5	-8.800538443244171e-5	-0.00010014757181724305	-0.0001116944082702354	-0.00012370496601938762	-0.00013291632132083296	-0.00014435129099754575	-0.0001556898681390564	-0.00016615347830175242	-0.00017700065126759505	-0.00018731766836693232	-0.00019553157656068058	-0.00020343724645390925	-0.0002105542360082886	-0.00021345411307274894	-0.00021362632082097197	-0.00020992601773946705	-0.00025344236423462357	-0.00034981621835414333	-0.00040491273948867635	-0.0004407004224248089	-0.00046280566620499216	-0.0004724894625550045	-0.0004712382769911979	-0.000460396874325589	-0.0004442812038469267	-0.0004225929139471305	-0.00039743913038095286	-0.00036986068172291733	-0.00034139366542238706	-0.0003108367294315617	-0.00028108117888799846	-0.000250222121179445	-0.00021919561057299596	-0.0001881191307071049	-0.0001577553139532487	-0.0001274963996394777	-9.790682794262075e-5	-6.876091091225335e-5	-4.8342053392727135e-5	-0.0001693342592594578	-0.0002229280029693	-0.00023857322321139355	-0.0002456994926049844	-0.00024904491034322216	-0.0002505119162278329	-0.0002490227005663096
-2.961725707616153e-5	-3.3703600246337795e-5	-3.7937917391400516e-5	-4.220332935214049e-5	-4.623835854082237e-5	-4.9635790267611355e-5	-5.208247794538057e-5	-5.3326628258973136e-5	-5.283930010455579e-5	-5.008685355934294e-5	-4.185158629028019e-5	-3.23709671344469e-5	-3.657656882551726e-5	-4.084824767383184e-5	-4.504148408849144e-5	-4.9071162980883867e-5	-5.2794378700801075e-5	-5.621876000883383e-5	-5.901042463073188e-5	-6.11930199345463e-5	-6.258454048822825e-5	-6.31316688414392e-5	-6.268604829272605e-5	-6.130986201619579e-5	-5.896670603615301e-5	-5.5903879142605404e-5	-5.227146726733752e-5	-4.8135903867624504e-5	-4.3779844928374135e-5	-3.9394591706136856e-5	-3.513673910802337e-5	-3.098255872895622e-5	-2.6752226311521448e-5	-2.2300935331868895e-5	-1.7694537666965634e-5	-1.6426733109251983e-5	-1.5655319142715562e-5	-1.5134129625464057e-5	-1.4667474499141056e-5	-1.4343320776838937e-5	-1.433069860934906e-5	-1.4573677145449262e-5	-1.518192131225556e-5	-1.5800896521527214e-5	-1.6757680138637415e-5	-1.7834257801154087e-5	-1.87655738686936e-5	-1.9187434787094827e-5	-1.9535114917696068e-5	-2.007696264676539e-5	-2.0489592668934627e-5	-2.112632935263604e-5	-2.144932868841499e-5	-2.234170104996013e-5	-2.2941924740411696e-5	-2.3784842145616725e-5	-2.353609767659904e-5	-2.2854825693678844e-5	-2.2545153638528666e-5	-2.23461382391469e-5	-2.1615106944147984e-5	-2.2452815018891712e-5	-2.2212927031983536e-5	-2.2898097216449094e-5	-2.4070073739787935e-5	-2.541451603303027e-5	-2.7247742959427614e-5	-2.851918436989388e-5	-3.0184014006755602e-5	-3.1028760960760416e-5	-3.232424426168363e-5	-3.429447016001679e-5	-3.6607983571347846e-5	-4.138103104073151e-5	-4.5493841082396e-5	-4.94329665666711e-5	-5.390389703240246e-5	-5.7741396815783454e-5	-6.284788144986892e-5	-7.160802065987688e-5	-8.138966002961849e-5	-9.243171713452735e-5	-0.0001020909675352984	-0.00011240801324901705	-0.00012212286578544096	-0.0001342893970106881	-0.00014422373154552117	-0.00015529890356847027	-0.00016589185947177916	-0.00017553637918235284	-0.00018423737857907745	-0.0001942687412030263	-0.00020224307611360756	-0.0002113552866059873	-0.00021801034056101692	-0.0002195437592690812	-0.0002169760354025726	-0.0002363897045306988	-0.00033952454492576023	-0.000401054782666906	-0.0004399586150016885	-0.0004628503891050922	-0.00047313902441125733	-0.000472116942406009	-0.0004618921063266916	-0.0004440438366160016	-0.00042103075841838167	-0.00039531382306261286	-0.0003668401570209234	-0.000337097772081644	-0.0003064227781168598	-0.0002750303188813201	-0.0002436340865209015	-0.00021116182782569522	-0.00017984521753224578	-0.00014766332130667628	-0.00011734715954068173	-8.616169706849187e-5	-5.716447818954239e-5	-5.149052501592999e-5	-0.00018187398911722252	-0.0002274566905361309	-0.00024101016550923506	-0.000245499648591481	-0.00024684708012840924	-0.00024747921979799675	-0.00024413790374952808	3.930654315740991e-5
-2.3805278083952573e-5	-2.764874157853487e-5	-3.1760476443520034e-5	-3.597444859895706e-5	-4.011893686579654e-5	-4.4021272768789534e-5	-4.726417803724433e-5	-4.960610624739581e-5	-5.0748981588098166e-5	-5.0482175753519643e-5	-4.849122252376632e-5	-4.3048619775558523e-5	-3.135817264465917e-5	-3.468665681920802e-5	-3.959172304925245e-5	-4.451847237753006e-5	-4.950147224107659e-5	-5.419781201430662e-5	-5.860038411221118e-5	-6.260627278339946e-5	-6.584019724688384e-5	-6.803306290733061e-5	-6.926139595640936e-5	-6.941056536793083e-5	-6.855788622917052e-5	-6.686104343857187e-5	-6.413066945602471e-5	-6.0580339784981855e-5	-5.650605060618946e-5	-5.2258038408403045e-5	-4.7825896859922385e-5	-4.3223847121135015e-5	-3.8794781536857144e-5	-3.424961968443731e-5	-2.8996614622746027e-5	-2.3822170058194336e-5	-2.277498242338682e-5	-2.211268531529691e-5	-2.1809590647787076e-5	-2.173119751604894e-5	-2.1812451451076216e-5	-2.197046701179483e-5	-2.2079158554523504e-5	-2.2273197434124017e-5	-2.2703935179775256e-5	-2.3842893672565793e-5	-2.5179778621980107e-5	-2.576201967850576e-5	-2.567164461691584e-5	-2.5876674987407094e-5	-2.6192419814897333e-5	-2.655866132426259e-5	-2.7197917010881093e-5	-2.797316083945578e-5	-2.806878280250068e-5	-2.816836870630921e-5	-2.748514880111699e-5	-2.7026985311497413e-5	-2.6738999198337406e-5	-2.6067754972499617e-5	-2.6662314030081015e-5	-2.7352917929791495e-5	-2.7321297580847704e-5	-2.8331015418012987e-5	-2.9743135937056387e-5	-3.132862206524855e-5	-3.425827533735346e-5	-3.691694992282571e-5	-4.052032385226426e-5	-4.310988709486547e-5	-4.614994894136645e-5	-5.0409525825620714e-5	-5.403663820860506e-5	-5.889480251300964e-5	-6.394706112870926e-5	-6.761787870581071e-5	-6.875134576534044e-5	-7.074980838483113e-5	-7.608239155463973e-5	-8.377961890592138e-5	-9.285919982429908e-5	-0.00010363640817584864	-0.00011436526548521612	-0.00012360889195761181	-0.0001317085321358134	-0.00014411582587867903	-0.00015354094008800177	-0.00016430413590256773	-0.00017275253591500094	-0.0001804271671935467	-0.00018926108684460684	-0.00019927922014094292	-0.00020964706723781436	-0.00021918963161311235	-0.00022507680896353792	-0.00022413350048606302	-0.00022560519218621034	-0.0003264988032076837	-0.0003967005771884913	-0.0004390466057927942	-0.00046407523852506124	-0.000474824921088354	-0.0004738572605876611	-0.0004627016937139316	-0.00044439097718792326	-0.0004207369045220507	-0.0003936664075483969	-0.00036382243814566794	-0.0003328615656110782	-0.0003012811613489004	-0.00026878700114026793	-0.0002366708368158445	-0.00020369469364891904	-0.00017166287481769826	-0.00013838067921907856	-0.00010707543750876998	-7.499687151833051e-5	-4.4758894627962634e-5	-6.0334342981915e-5	-0.00018996736699310136	-0.00022931305910457462	-0.00024175756468243059	-0.00024312274843006501	-0.00024413733313273425	-0.00024216351564897935	0.0006748325123097257	0.0010457865170244453	0.0006296210875089822
-1.7391478617667265e-5	-2.0873330177021007e-5	-2.460748149039194e-5	-2.8553709603802106e-5	-3.249135566919516e-5	-3.6292795845810474e-5	-3.983703232163195e-5	-4.269717089933219e-5	-4.472114800878189e-5	-4.584198009098696e-5	-4.591052809503268e-5	-4.4529202132996884e-5	-4.064382614401229e-5	-2.9617449118691684e-5	-3.0638842337516836e-5	-3.606877170205387e-5	-4.1515750363399235e-5	-4.713595669778389e-5	-5.276466669917629e-5	-5.809460994415179e-5	-6.284502305137544e-5	-6.667867375436553e-5	-6.925661484847128e-5	-7.083260378407664e-5	-7.152754284362836e-5	-7.131022054727643e-5	-7.005270041775038e-5	-6.787260776872672e-5	-6.468068767717669e-5	-6.086160616728355e-5	-5.670522354084322e-5	-5.237421231436861e-5	-4.812781179001986e-5	-4.4108578637659386e-5	-3.995915320268952e-5	-3.404070981776795e-5	-2.9520296523094383e-5	-2.9494134589128876e-5	-2.9428821020209843e-5	-2.9460670514538348e-5	-2.943592577981898e-5	-2.9246221143036904e-5	-2.9329621408495004e-5	-2.955571544745845e-5	-2.9625829623255648e-5	-3.0105674036621274e-5	-3.0724429341400634e-5	-3.1475990515644325e-5	-3.1424267269559135e-5	-3.1171358527127505e-5	-3.075402674152005e-5	-3.122538725776759e-5	-3.187840710213097e-5	-3.213757547364016e-5	-3.201487847421191e-5	-3.204731548544918e-5	-3.149866938728332e-5	-3.016651654512469e-5	-2.9428119560066617e-5	-2.972738896598676e-5	-2.9991149692540364e-5	-3.052067439428442e-5	-3.100668498266042e-5	-3.2247976672296536e-5	-3.452512360929515e-5	-3.72605810702902e-5	-4.2574560692952275e-5	-4.6118035674210596e-5	-5.1821063567406944e-5	-5.601750509513792e-5	-6.0571023532091735e-5	-6.434160400850303e-5	-7.044872038384478e-5	-7.500866117736036e-5	-7.65199691919803e-5	-7.779939558244975e-5	-7.928595916569707e-5	-8.231852142770554e-5	-8.737035512917024e-5	-9.598321607366645e-5	-0.00010640852468712502	-0.00011525623972482484	-0.000123554268702358	-0.0001324149025844852	-0.00014078543124832377	-0.0001517211680454448	-0.00016132236391582606	-0.00016837440356358598	-0.00017475197599892914	-0.00018196165097991972	-0.00019314280025290267	-0.0002067151445040295	-0.00021899844253655838	-0.00022885640110392258	-0.00023165474568227502	-0.00022672606551286034	-0.0003060703866595302	-0.00039258477696535454	-0.00043918577324236806	-0.0004665490232002049	-0.0004787110981062945	-0.00047738701446324713	-0.00046554991045332037	-0.00044656374739616197	-0.00042205688438547726	-0.00039310339066320676	-0.00036232088828241395	-0.00032972086207143673	-0.0002970411017046647	-0.0002631708680440729	-0.0002298434262317981	-0.0001965155173814831	-0.00016354147197078202	-0.00013011984545013497	-9.666464481275679e-5	-6.495794832014684e-5	-3.21333360512612e-5	-7.409506851972173e-5	-0.00019358480133820858	-0.00023150578270032113	-0.00024211962533905555	-0.00024285962041767405	-0.00024162220103387654	0.0009027861968462919	0.001056043711723043	0.0006263169636175282	0.00042492546451313763	0.0003496666404277627
-1.0780104387189324e-5	-1.376504804449037e-5	-1.7047216389814773e-5	-2.0444578622325397e-5	-2.3959473612713872e-5	-2.7539235342021893e-5	-3.090833957824021e-5	-3.387688258844868e-5	-3.62398063335798e-5	-3.7933716169825027e-5	-3.887530385374236e-5	-3.902361009694433e-5	-3.8043787543274004e-5	-3.51424849401804e-5	-2.6186866002826995e-5	-2.4227245504030446e-5	-2.9930065921723815e-5	-3.594981431100878e-5	-4.206071443904998e-5	-4.820838946926711e-5	-5.380053384036428e-5	-5.866868840185576e-5	-6.235020146513144e-5	-6.490214421821228e-5	-6.650118281043243e-5	-6.738235204561559e-5	-6.719574947489955e-5	-6.61861321351459e-5	-6.398815761412483e-5	-6.11957239119774e-5	-5.804478175284566e-5	-5.458049990651878e-5	-5.102480597311913e-5	-4.7696801202734215e-5	-4.490559234321211e-5	-4.222610497927481e-5	-3.719868467684794e-5	-3.442217051832086e-5	-3.4546721542829274e-5	-3.484047987817139e-5	-3.524088852984732e-5	-3.5468817415090944e-5	-3.530401184825637e-5	-3.467525680745189e-5	-3.423562917556248e-5	-3.3846219673294665e-5	-3.401166020995715e-5	-3.4613098529331465e-5	-3.5335955988607124e-5	-3.521791361559164e-5	-3.5180779391383137e-5	-3.531266223251022e-5	-3.5537789591144945e-5	-3.567681421372536e-5	-3.541956305182312e-5	-3.527591600500815e-5	-3.4649689014790196e-5	-3.331124098822336e-5	-3.278227474696907e-5	-3.273854769025153e-5	-3.278324520452399e-5	-3.295480214431508e-5	-3.400310083591455e-5	-3.573718849241269e-5	-3.911999015903338e-5	-4.36490683136857e-5	-4.970409680152651e-5	-5.640579537559632e-5	-6.197811778733205e-5	-6.673754754751138e-5	-7.194728155031143e-5	-7.608315322107982e-5	-7.804443650088002e-5	-8.080620770295835e-5	-8.308057376837225e-5	-8.57890815903552e-5	-8.778572757349716e-5	-9.285945950273343e-5	-0.00010004100230610467	-0.00010973041344238313	-0.00012020216960567957	-0.00012404564395004296	-0.00012735844425534426	-0.00013663093925698295	-0.00014665164748896785	-0.00015640830192983836	-0.00016257326304602794	-0.00016700676660790035	-0.00017281769233158358	-0.00018467472486909933	-0.00020116328187760966	-0.00021881828599321388	-0.0002319686695563582	-0.0002390674083516944	-0.00023686306190483317	-0.0002831077525912093	-0.0003879453629411912	-0.00044073340404800427	-0.00047053763510288005	-0.000483937719402553	-0.00048321383616672323	-0.00047144976195467175	-0.00045126692361399916	-0.0004252608238335099	-0.00039542934691076106	-0.00036346031235297803	-0.000329073483221001	-0.0002948792378596756	-0.00025974194219258954	-0.00022430558718473763	-0.00018983681359673304	-0.00015486972315855102	-0.0001214850155254344	-8.69504516740581e-5	-5.43848601350567e-5	-2.0872363120318007e-5	-9.09808642453715e-5	-0.00019569210541267026	-0.00023263547708342585	-0.00024101212163678233	-0.0002422247264767508	0.0009879183429239752	0.001196370252219026	0.0008453886542570733	0.00034071589228573803	0.00035227294340931057	0.00020534118284388364	0.00011692702749065316
-4.495145044016704e-6	-6.925677120423878e-6	-9.591507336147197e-6	-1.2528451913280112e-5	-1.5592451754493225e-5	-1.8806576460313033e-5	-2.194843142810574e-5	-2.49002245178949e-5	-2.7285806724291312e-5	-2.9047366487167147e-5	-3.0075902933770246e-5	-3.056599341507202e-5	-3.0279583715258664e-5	-2.9030006406646953e-5	-2.638027580427482e-5	-2.0365636819749493e-5	-1.618866219902363e-5	-2.1998901860076814e-5	-2.8401820398199246e-5	-3.4464547945301275e-5	-4.033564963054468e-5	-4.537261434383596e-5	-4.924458383828489e-5	-5.214579479095996e-5	-5.402766530898163e-5	-5.514857679989396e-5	-5.529604700614527e-5	-5.469909295994916e-5	-5.347528799793397e-5	-5.1815533863883525e-5	-4.9768233785099734e-5	-4.741954227230734e-5	-4.5228609359791326e-5	-4.336810465745589e-5	-4.201036224637286e-5	-4.065473692752675e-5	-3.923102626344376e-5	-3.585411472925245e-5	-3.509490787182768e-5	-3.5664572506977944e-5	-3.594440376858724e-5	-3.602959905014318e-5	-3.544296988480214e-5	-3.4778842030350025e-5	-3.483819275509339e-5	-3.5009505821204275e-5	-3.547881635687102e-5	-3.552215710479626e-5	-3.579662027745206e-5	-3.62438148950858e-5	-3.6349858956999034e-5	-3.671763205854268e-5	-3.6940255976403765e-5	-3.71441518204628e-5	-3.697059035475065e-5	-3.725123554378313e-5	-3.720069904606922e-5	-3.633863727044189e-5	-3.555567816138132e-5	-3.520718222756381e-5	-3.492015227295268e-5	-3.51668120318621e-5	-3.7226153001219996e-5	-4.0876564821202416e-5	-4.5830753496246585e-5	-5.14173264321748e-5	-5.9378185449538985e-5	-6.558816075572069e-5	-7.048013250546227e-5	-7.487633588720041e-5	-7.609323167690743e-5	-7.770167558443888e-5	-8.225442162406729e-5	-8.668548157400146e-5	-8.90805299165996e-5	-9.414964370590018e-5	-9.704716908504052e-5	-0.0001025978530529712	-0.00011279933558613659	-0.00012116501672310522	-0.00012509282049622764	-0.00012358111157571828	-0.00012901201355368635	-0.000140955495229625	-0.00015151970121681695	-0.00015593367113798072	-0.00015804622957197884	-0.0001627747198247229	-0.00017500786535730147	-0.0001951521280510373	-0.0002173897040763	-0.00023563587207408015	-0.00024555563232570715	-0.00024718007654850674	-0.00026606205550619693	-0.000382030353536871	-0.00044222429847562937	-0.00047570864443634764	-0.0004910804529590241	-0.0004913088633128407	-0.00047952002962006485	-0.0004594267345187108	-0.0004324264454840898	-0.00040076316792800977	-0.00036708750918150023	-0.00033149547697040394	-0.0002949986255920624	-0.0002584774949765411	-0.0002212163463165902	-0.00018515965038599794	-0.00014834780614284612	-0.0001136978851141654	-7.84482480175935e-5	-4.417814607998076e-5	-1.0492424420737237e-5	-0.00010998916674393204	-0.00019689177395922205	-0.00023289974179542062	-0.00024351760569536534	0.0007628438803461966	0.0015186099152535572	0.0008979226947088527	0.0004923790001729544	0.00029383761214420287	0.0003000573050728774	0.00012225756737704874	0.0001537543576440978	0.0001546494560514841
1.2920797904465622e-6	-7.326777183339051e-7	-2.9246490389141537e-6	-5.4048027442268084e-6	-8.245015519309999e-6	-1.1192100240968016e-5	-1.4130510385071827e-5	-1.6909328439823634e-5	-1.9150201835784256e-5	-2.0691649383466687e-5	-2.156926038436401e-5	-2.1707171540442537e-5	-2.1433967094822907e-5	-2.054909339495851e-5	-1.9078535530788236e-5	-1.6385623097678543e-5	-1.2274764653743642e-5	-7.883944329140037e-6	-1.3417605563844184e-5	-1.9259219757344253e-5	-2.4928872497099433e-5	-2.9479243260081736e-5	-3.292336364590622e-5	-3.535738883370652e-5	-3.668779518269181e-5	-3.731332088319607e-5	-3.711779984425401e-5	-3.653012703220285e-5	-3.5819707739665624e-5	-3.505484760176256e-5	-3.439827440885143e-5	-3.3634362795926815e-5	-3.2877843210597974e-5	-3.1858003526268963e-5	-3.1177394497660846e-5	-3.103992211302771e-5	-3.116284837209702e-5	-3.069744953698142e-5	-2.9158700704087683e-5	-2.8830457230573587e-5	-2.913641687205383e-5	-2.956880801044219e-5	-3.020329239878099e-5	-3.0311670175023862e-5	-3.0169037924489208e-5	-3.0041760490213086e-5	-2.9983587233829083e-5	-3.010646930468573e-5	-3.0832981263810284e-5	-3.241357882363357e-5	-3.3937137940593136e-5	-3.5180392420191826e-5	-3.631495182295592e-5	-3.6879459296498157e-5	-3.715920444285407e-5	-3.7711830184102295e-5	-3.82792370874868e-5	-3.799742257551235e-5	-3.753648723238217e-5	-3.736656654345326e-5	-3.757693130543641e-5	-3.893956064683786e-5	-4.249439075577552e-5	-4.78595364181519e-5	-5.414175959758509e-5	-6.081239769182168e-5	-6.703806724213683e-5	-7.180371569360806e-5	-7.472653084172637e-5	-7.669095277764056e-5	-8.026981435130004e-5	-8.470699054139125e-5	-8.858031742240064e-5	-9.279630142368682e-5	-9.911810231944072e-5	-0.00010152396779229949	-0.00010514700795780877	-0.000113663795190495	-0.0001229031982144307	-0.00012306774900596937	-0.00011785013531297227	-0.00012155603904744593	-0.00013367515114434203	-0.00014658207548899366	-0.0001519778352377407	-0.00015064867466062703	-0.00015230493850229565	-0.0001639980075550623	-0.0001885770537881585	-0.00021709885809822593	-0.00024018577608763336	-0.0002532092422878802	-0.00025715285216406855	-0.0002554593520416137	-0.00037257729105512035	-0.0004431857362213222	-0.00048127591433592444	-0.0004984386981925497	-0.0005005248962097015	-0.0004895432326349034	-0.0004695118803219674	-0.0004423054854661994	-0.00040969778170757724	-0.0003738941239830331	-0.00033698035079844386	-0.0002985548661767982	-0.000260178782993609	-0.0002210119109606612	-0.00018283550469532384	-0.00014428493760250925	-0.0001068351045559364	-7.07884258237387e-5	-3.423511589552633e-5	-4.62443607771295e-6	-0.00012133114295740082	-0.00019700715604389213	-0.00023416978246304553	0.0001764178639160883	0.0023489672002252734	0.0006290500969379593	0.0005141638622892632	0.00044445866346010717	0.0003076868851609009	0.0001622553451522367	0.00016510396393523002	0.00016444343491673914	0.00016360772075404463	6.82674466125706e-5
5.650270479914591e-5	5.784426992340707e-5	0.00010014767013956204	3.0248284724930996e-7	-2.3793975097966165e-6	-5.329616842511683e-6	-8.1309551777428e-6	-1.0540696032355901e-5	-1.2576795567846555e-5	-1.3864948996516178e-5	-1.4375846827644639e-5	-1.4361341040523303e-5	-1.3829591543942769e-5	-1.3102548777005145e-5	-1.202888204292809e-5	-9.873693759105643e-6	-6.887805591926301e-6	-3.365383682183646e-6	-4.4006939093168326e-7	-4.84680277904921e-6	-1.0000282728900214e-5	-1.3947171999912028e-5	-1.666413947726947e-5	-1.8141439489840463e-5	-1.8786383889114744e-5	-1.8750257693499835e-5	-1.8355408176197983e-5	-1.7947975474243735e-5	-1.7417137857189354e-5	-1.7587210534592695e-5	-1.7578421874652373e-5	-1.7259381020784956e-5	-1.6643634304673778e-5	-1.6077705443304224e-5	-1.6224950868724375e-5	-1.610813666588079e-5	-1.5414093130762486e-5	-1.4206108509217351e-5	-1.3987920429092346e-5	-1.6144721346673962e-5	-1.6993685583716186e-5	-1.719806207880147e-5	-1.7228845021083914e-5	-1.6773077081214658e-5	-1.6683241376935993e-5	-1.715342159487761e-5	-1.829658246189068e-5	-1.9998835741132136e-5	-2.2194128470416283e-5	-2.4760644551130757e-5	-2.746261229902324e-5	-2.973393923915758e-5	-3.130180114893004e-5	-3.230073542153495e-5	-3.3481881971768324e-5	-3.5131413413264654e-5	-3.681158083259164e-5	-3.768991183235716e-5	-3.826864128209377e-5	-3.910212119303386e-5	-4.067271199989346e-5	-4.389873815855761e-5	-4.985816004054848e-5	-5.662218777941917e-5	-6.354237124990298e-5	-6.90521986219223e-5	-7.260386191412815e-5	-7.469001790352066e-5	-7.592686158962932e-5	-7.940972138377727e-5	-8.383702181535943e-5	-8.879267190218024e-5	-9.61591795424412e-5	-0.0001040117599535571	-0.00010641369506870883	-0.0001073677803596336	-0.00011608929141253385	-0.0001247068463533041	-0.00012199740089366374	-0.0001110286019067523	-0.00011310899754746239	-0.00012849085656858232	-0.00014416541658438323	-0.00015023309356007033	-0.00014548076411495482	-0.00014271146029128838	-0.00015412379194362346	-0.00018277365405001966	-0.0002168504635321881	-0.0002448037935129312	-0.00026179732555807337	-0.00026791124605592305	-0.00026381533026335544	-0.0003462746359112574	-0.0004420781722382929	-0.00048526737252612816	-0.0005050893893759185	-0.0005092731545028686	-0.0005002912697785124	-0.00048126055798015845	-0.0004545143548154553	-0.0004213031055316698	-0.0003842624595547933	-0.0003457848933620432	-0.00030562511340215433	-0.00026528997024565393	-0.00022441886928577237	-0.00018331676214259403	-0.00014310568613421122	-0.00010242784903731136	-6.390672998481377e-5	-2.538721553244517e-5	-7.622646770693957e-6	-0.00012911614256706696	-0.00019701433038295333	-0.00023664194969025363	0.0031400611120352287	0.0007522934626442318	0.0005875084656455976	0.0005284561889879846	0.00037323104008346337	0.00023118548524705615	0.00023175548555900202	8.35219785734042e-5	8.18251713637216e-5	2.2185129421399465e-5	7.540772025853293e-5	-2.087089008054625e-5
7.560463066156941e-5	4.301213443982661e-5	4.7994021436630616e-5	5.3027514625509015e-5	3.955360984498951e-5	4.543601081514559e-5	7.77720479067757e-5	0.00012060325749137154	9.042963286630921e-5	-8.475052196766958e-6	-8.787079318710843e-6	-8.57933892182115e-6	-8.19321219769581e-6	-7.720424724101226e-6	-6.740173405508302e-6	-4.8278985094780285e-6	-2.044367094780825e-6	1.0121200010398631e-6	3.534698908069301e-6	5.8474990794735084e-6	3.3768118347789026e-6	-1.869612844721631e-8	-1.8875719011538254e-6	-2.667812756806118e-6	-3.0700234403887184e-6	-2.5662097260891045e-6	-2.200489798497387e-6	-1.933762275824029e-6	-2.7285736220927694e-6	-2.7831350030632163e-6	-2.8342316082697336e-6	-1.9822809396800303e-6	-1.44397629237849e-6	-9.281540560917515e-7	2.013474867146618e-7	1.5392503187485309e-6	3.860152088261751e-6	6.030148361447444e-6	6.161529119714376e-6	3.906970969595443e-6	2.862283438943066e-7	1.0024824045873609e-6	1.7773838886450547e-6	1.720827835387565e-6	1.5035916014994807e-6	1.5899391859835153e-7	-1.927428176951994e-6	-4.819863936798277e-6	-8.10600978552148e-6	-1.2153531033411028e-5	-1.6448069108386835e-5	-1.9806986382373817e-5	-2.2102480977838476e-5	-2.39196744798259e-5	-2.6031758565247653e-5	-2.9003963406253747e-5	-3.2944999543201166e-5	-3.6230098972608155e-5	-3.877857322833714e-5	-4.1255767398480506e-5	-4.439509954191304e-5	-4.953454730938049e-5	-5.686984658403668e-5	-6.38361102228436e-5	-6.913940515770672e-5	-7.201464781711247e-5	-7.39915912121203e-5	-7.523767288891443e-5	-7.852467821211164e-5	-8.3906462158078e-5	-8.904233069595316e-5	-9.937471301776695e-5	-0.00011186116774813612	-0.0001133235586425784	-0.00011295251106698619	-0.0001227251290536989	-0.00013198088038122655	-0.00012203865548747169	-0.0001047410187298022	-0.00010620960193802103	-0.00012570857602070898	-0.0001435979388190469	-0.00014859676856898317	-0.0001402837652561789	-0.00013272867298256153	-0.00014341284357111172	-0.00017647645095175387	-0.00021555792578368963	-0.00024851422853889053	-0.0002694779879522228	-0.000278551055851227	-0.0002765186889034949	-0.00031756986727895977	-0.00043772534892110504	-0.00048699603634937746	-0.0005104036651216851	-0.0005170645996147678	-0.000510415514979397	-0.0004930459420537025	-0.00046744817130223767	-0.0004340890739329981	-0.0003966553854051593	-0.0003568658530510608	-0.00031548790310557615	-0.0002728647094148119	-0.00023085901354495762	-0.00018728698588888967	-0.00014476216463199174	-0.00010112681290173203	-6.021060998632078e-5	-1.946620655575177e-5	-1.611600105541535e-5	-0.00013407043926889038	0.00016346398739749534	0.0025283344493746344	0.00080232474865503	0.0008176802061094835	0.0008331346527716186	0.0006727978023088267	0.00028746888280669356	0.00013814654669304458	6.698923979021843e-5	4.0091855784659194e-5	-3.4606509341807406e-5	3.004164064897112e-5	-0.00016468195533951178	2.204370883389763e-5	7.292901627512774e-5
5.167844062993192e-5	7.815036903067589e-5	0.00019367514174360403	7.13377704416736e-5	3.6929429033326334e-5	4.229747390279077e-5	2.6856579741426647e-5	3.484192890365704e-5	4.320798072642544e-5	5.3930911067670085e-5	5.64132984000795e-5	9.424065188268747e-5	0.00015011375627361486	-3.7731081071920277e-6	-2.8351611949692336e-6	-9.099242732638828e-7	1.827350872057789e-6	4.46150261646281e-6	6.1544605251071666e-6	7.047153026901523e-6	9.56250936234393e-6	1.1317163761986773e-5	9.814818183583734e-6	8.727881742548807e-6	7.987463289494756e-6	7.930185575498287e-6	8.312350849353704e-6	7.990849373673103e-6	7.460381084796247e-6	6.94976302386839e-6	7.701540806987015e-6	7.987234557142145e-6	8.819822967637259e-6	1.0770739934571304e-5	1.2821923227604925e-5	1.5068096270066814e-5	1.748392003529393e-5	2.0836934080328698e-5	2.3546990535972196e-5	2.5246256374404055e-5	2.1699668606404315e-5	1.6985294967471307e-5	1.767041314152144e-5	1.8056323146756767e-5	1.8717391477168516e-5	1.7675782643289026e-5	1.4946711094396639e-5	1.09531179763345e-5	5.540024059662633e-6	8.256727710180198e-7	-3.3035895874498986e-6	-7.195200623518979e-6	-1.0358942918578854e-5	-1.3395692918004363e-5	-1.726287337939646e-5	-2.2618060489431246e-5	-2.9351654123370647e-5	-3.51204755617802e-5	-3.912585879810608e-5	-4.359424895341137e-5	-4.830852958094393e-5	-5.493486999104207e-5	-6.152468463266488e-5	-6.594260985831862e-5	-6.82358980169705e-5	-6.9883890125897e-5	-7.212401193636836e-5	-7.59343651581749e-5	-8.222701011898056e-5	-8.938809406841032e-5	-0.00010323927928115114	-0.00012041838114616081	-0.00012446994790625684	-0.0001245132785777014	-0.00013853850619315955	-0.00014806406741217333	-0.00012972235951187391	-0.0001007461492164431	-0.00010081976389886803	-0.00012645738923773228	-0.00014691226432409117	-0.00014873740591590107	-0.0001343522761512294	-0.00011877636432398734	-0.00012943456462787342	-0.00016737906237381537	-0.00021340514149026206	-0.0002508212958218423	-0.0002753377594040085	-0.00028750356166258725	-0.00028824899523710937	-0.0002953711993047424	-0.00042868630085174516	-0.00048668159322680675	-0.0005152412977314606	-0.0005241285631376984	-0.0005196253446852457	-0.0005038231214885697	-0.00047923690967773946	-0.00044716075178720654	-0.00040966006128639616	-0.00036918517841978	-0.0003267475379584075	-0.0002826947752029591	-0.00023832381562036847	-0.00019303262442725132	-0.0001483537150179801	0.00022834685957907452	0.00015857336579318433	0.00011043339009372301	9.841396310695215e-5	0.0002254566867269112	0.0016846694528579098	0.0017495383806280973	0.0005951034172618059	0.0005361299004981814	0.0003883514803471955	0.00023319106910799818	8.94390523257984e-5	0.0001603824356000345	9.210234048055406e-5	-2.6810822725603298e-6	-9.711854775189786e-6	-1.5819986409571028e-5	-2.5587009648274676e-5	-3.547030621822147e-5	-4.348500921365849e-5	-0.00012320223744224554
3.588137746776625e-5	4.479226639519403e-5	4.14505499722167e-5	2.8700734250812867e-5	6.268286623237922e-5	7.082617868543436e-5	6.498201144097083e-5	6.800383550884713e-5	4.805926357610119e-5	3.437944048318158e-5	4.367154791942685e-5	4.6161591179796e-5	4.8438085988275514e-5	5.9412946134280574e-5	8.004262070177286e-5	0.00013386601471918302	9.481989426632462e-5	6.762144705081577e-6	7.66779482487968e-6	7.846803390674562e-6	7.625169156305427e-6	9.43232755266281e-6	1.6754625849936663e-5	1.4997883963418297e-5	1.3178882412575384e-5	1.2312928514328575e-5	1.2580297441666774e-5	1.25637994725274e-5	1.2815728181620476e-5	1.3218957340903445e-5	1.3548406962744916e-5	1.4056953690115082e-5	1.4872266725954016e-5	1.6308707935347422e-5	1.682786054470241e-5	1.809337521953226e-5	2.1794240664871605e-5	2.638670722876176e-5	3.189560162220333e-5	3.6029411705583284e-5	3.7251248172085394e-5	3.114556134558406e-5	2.7316961369457343e-5	2.7782885453526973e-5	2.8577898880242816e-5	2.7396489647132688e-5	2.410574641978369e-5	2.0310199591346543e-5	1.5733902103544188e-5	1.083422312140583e-5	5.6629593699107986e-6	1.5495625785798533e-6	-1.8198349566314132e-6	-6.015968270343844e-6	-1.1974958329547002e-5	-2.0626621824828867e-5	-3.069233851496294e-5	-3.8414450130309615e-5	-4.336904702540768e-5	-4.788444763348908e-5	-5.179969507370665e-5	-5.797087167029222e-5	-6.112916879178658e-5	-6.267615163711542e-5	-6.382727332995461e-5	-6.738666546273744e-5	-7.07698120998052e-5	-7.821634099736347e-5	-8.860001075010706e-5	-0.00010687128317509397	-0.00013092406780226178	-0.0001363370099443425	-0.00013788254659182668	-0.00016049267412052105	-0.00017694388963087823	-0.0001487481572437022	-0.0001024110459810169	-9.670338167229063e-5	-0.0001264608348894281	-0.0001517102807364868	-0.0001529136317072891	-0.00012856695048145666	-0.00010063765581934262	-0.00010871352564548924	-0.00015360414403141212	-0.0002071889437781256	-0.0002494538241005974	-0.0002783301068476742	-0.00029360919476123255	-0.00029784069510044786	-0.0002918330727986573	-0.00040883672243995084	-0.00048423679624469244	-0.0005185318438462013	-0.0005312858199778671	-0.0005292383295138307	-0.0005142967972341945	-0.000490305672739182	-0.000459051364889735	-0.0004218628244726094	-0.00038069090237754285	-0.0003365542594846579	-0.0002918404400255488	-0.0002460266610940058	0.0003260396355903982	7.343053807554699e-5	8.508523782663462e-5	0.00014075752894298233	0.00031927022544112147	0.00021264455077451856	0.0020508257685785715	0.0009040207177666258	0.0009226646301729131	0.0005871193676180628	0.00045873451770138754	0.0002242028615100913	0.00015618462269000434	0.0001667600403256527	8.460621935827773e-5	0.0001750373350014136	8.271541906476089e-5	7.71616983199358e-5	-1.0875638222027778e-6	-9.048603954308222e-6	-1.7660350375046322e-5	-2.5727903667732786e-5	-3.410856417548555e-5	-4.093891356296e-5
2.9806486703950016e-5	2.904763646818318e-5	2.790532225162683e-5	3.3016547879869074e-5	2.6059318713896572e-5	2.6248201975715704e-5	3.416270669292273e-5	4.280732435630219e-5	4.575211550792064e-5	5.3706225862375126e-5	4.7963301336236984e-5	3.395603188015788e-5	3.602133914375205e-5	3.749293738704388e-5	3.507506142327627e-5	5.941798477053278e-5	6.377528042238932e-5	7.881909851723749e-5	0.00012869135772175663	9.592153729350917e-5	6.130341146359233e-6	3.7372426563771644e-6	2.801444740493865e-6	1.2892654237503282e-5	1.1753710490566751e-5	1.113916709936599e-5	1.106214512046756e-5	1.2232733296718419e-5	1.3421363228039449e-5	1.4540168376839875e-5	1.4422204979834693e-5	1.3855304610656044e-5	1.3591179849504619e-5	1.236269427705352e-5	1.1559225981709544e-5	1.2066994070124098e-5	1.4432473242587899e-5	1.838589567212316e-5	2.3665553307283533e-5	2.9159680300574076e-5	3.3463965008220754e-5	3.556791082128506e-5	2.8779631950300076e-5	2.6432355813228226e-5	2.5954440451651513e-5	2.5005665947277936e-5	2.1800779490637715e-5	1.7731213531753907e-5	1.3921050916900326e-5	1.0853849294325743e-5	6.963234848326788e-6	2.7407065501165815e-6	-1.9206904382104923e-6	-8.510751173830262e-6	-1.7759573190829765e-5	-2.9315817093138186e-5	-4.041794417373502e-5	-4.64866607615853e-5	-4.9616839109219765e-5	-5.21906996569317e-5	-5.458395830673429e-5	-5.729225594348214e-5	-5.6864208941563056e-5	-5.69199786213542e-5	-6.011806781159885e-5	-6.505667182692089e-5	-7.389447872475116e-5	-8.797383638066902e-5	-0.0001131432596726328	-0.00014595428922382263	-0.0001537385824523633	-0.0001550705705452701	-0.00018552786687403176	-0.00021110480973810875	-0.00017711459288713514	-0.00011205664961070174	-9.511564573102703e-5	-0.0001246443860595495	-0.00015611784225378006	-0.00015955851866454335	-0.00012638116949421213	-8.193747721523242e-5	-8.190758837833649e-5	-0.00013231256767496204	-0.00019433619254976197	-0.00024516331632781817	-0.000279830145162288	-0.0002992818937367584	-0.00030651494486383726	-0.0003022599763953396	-0.0003672594299084257	-0.00047709735023962214	-0.0005193971225607137	-0.0005383034515624987	-0.0005380682908154039	-0.0005250600084020498	-0.0005015186580765258	-0.0004697887339282251	-0.000432969008844499	-0.0003425552542251622	-0.00034297633244279035	0.00046658663204723113	7.130680453325353e-5	3.9504390591050056e-5	9.928516972649779e-5	0.0002858366863653806	0.0002252109387318197	0.0005881711100259694	0.0012991472930210576	0.0005212701720997662	0.0011239728076437418	0.0006103858808333487	0.00044647080864744244	0.0003779311808544089	0.0002315038463938067	0.00017147714062262353	8.93594556557512e-5	0.00010643303165923639	9.96701463998567e-5	0.00018555812161234926	0.00010459345704242565	9.672035878824283e-5	8.876540408627029e-5	8.015989646729471e-5	7.24558317355677e-5	-2.141824924182991e-5	-3.00936760382856e-5	-3.789430726720594e-5
2.3641295384049522e-5	2.8161389679760103e-5	2.690099324568362e-5	3.187083979603323e-5	1.9196232786092727e-5	3.1011875937494635e-5	2.7920927483271625e-5	2.6360388915271852e-5	3.750686235514495e-5	3.1251219272141286e-5	3.185515736115792e-5	3.6395383946215254e-5	2.8919066775453086e-5	4.157880250472279e-5	3.4565720410544606e-5	4.1194295495974355e-5	3.977043816593182e-5	3.930827315960447e-5	4.0438104767275755e-5	4.590818917209606e-5	6.754908801886214e-5	0.00017487201939284417	8.123706937477704e-6	1.55598661729945e-6	2.639315131348994e-5	3.6209298841203565e-5	4.993379621676445e-5	7.868802771796371e-5	9.18334833752214e-5	1.154163049607896e-5	1.0704543144095398e-5	8.462879905038793e-6	5.97006224868895e-6	4.035917170120882e-6	2.968126293119303e-6	2.700465258144739e-6	2.6029591633459567e-6	3.715330637077451e-6	7.132598935206632e-6	1.3268933900312317e-5	2.093070623207093e-5	2.6682717418735733e-5	2.8843830791522025e-5	2.4113855379489656e-5	2.244291224323344e-5	2.0236953859543625e-5	1.691431225485287e-5	1.2950965247432293e-5	8.080630169547557e-6	3.13962583762639e-6	-1.3678069659805309e-6	-6.56528691611515e-6	-1.4220700515195448e-5	-2.3419795114785428e-5	-3.411903240553788e-5	-4.4981979970651104e-5	-5.320036546347176e-5	-5.599614018778542e-5	-5.603533308352741e-5	-5.493727393326422e-5	-5.42100473770288e-5	-5.258002952561111e-5	-5.139146113793515e-5	-5.331188780537555e-5	-6.173255804950407e-5	-7.418352013506047e-5	-8.941897603706255e-5	-0.000124716571619902	-0.00016823461020229816	-0.0001781517693830192	-0.000177489346718635	-0.0002124013468641551	-0.00024753986738423796	-0.0002134788594965447	-0.00012228068061109678	-9.373340895591073e-5	-0.00012590609578970458	-0.00016140092978321214	-0.0001631951414984411	-0.0001230162580610674	-6.138391851121796e-5	-5.062306027298676e-5	-0.00010434921371206465	-0.0001736274340234656	-0.0002339956495921603	-0.0002754129482485882	-0.0003013780919459497	-0.00031254616224514215	-0.00031248107430217713	-0.0003327739040662409	-0.0004609200148694443	-0.0005166143273692067	-0.00023633556958257626	-0.00040092738916145537	-0.00043290772975872194	-0.00040474923912534565	-0.00047196093340668745	-0.0004315973985551157	-4.883031349258056e-5	0.00030736200135037407	9.255344300576878e-5	0.00017677123145596382	-1.4514145416427357e-5	0.00010322252053548281	0.00015983492397971585	0.0005381527896589078	0.0006623659314994096	0.00043858632452593686	0.0005568507155676266	0.0010782362359223986	0.0005371157064497411	0.00045473611438828256	0.00038203890344032333	0.00015460605021943045	0.000169882027471536	9.823913995868306e-5	0.00010671417528973492	0.00011088245128874907	0.00019666743085698223	0.00010562784477769187	9.765784426775826e-5	7.55320943812178e-6	-8.008978919025588e-7	-9.61587772477018e-6	6.083397228255215e-5	5.813259872691529e-5	-2.973793865787967e-5	-3.5078862618763114e-5
1.1254807777742412e-5	2.2320755046943496e-5	2.757656073827956e-5	2.120546215725902e-5	2.1423018076120585e-5	2.2095629584831803e-5	2.9824366935356954e-5	2.405004856186364e-5	2.4429125801072e-5	3.214273512853479e-5	3.317560713593797e-5	2.3052015045522197e-5	2.3917542620412776e-5	3.1282828001394814e-5	3.4334706484883684e-5	3.041474164191079e-5	4.3059877850915355e-5	4.1229329772192566e-5	3.317756626432266e-5	3.118530566314983e-5	4.520232770997292e-5	2.44420490326015e-5	2.5819034364151774e-5	4.2237275304257455e-5	4.6027139729122395e-5	2.7225229730219085e-6	1.2638422389668201e-5	1.1445877780573606e-5	1.6144074417282395e-5	2.5303705150110786e-5	2.819282187822088e-5	3.1650675860514076e-5	4.079415599274219e-5	8.206473042944031e-5	0.00016921695370153043	0.00012459629901992203	-1.507355015682092e-6	-2.6621678229639227e-6	-1.8523218996049483e-6	1.781144184426946e-6	6.470517935118578e-6	1.2586283612988323e-5	1.931331540190801e-5	2.4139447905854395e-5	2.4489903222854408e-5	1.9310762848313628e-5	1.4443647920108025e-5	8.857520941035237e-6	3.501442298445745e-6	-1.6546609906764945e-6	-7.686734088545072e-6	-1.541509066643092e-5	-2.5926844305663587e-5	-3.6749081137781915e-5	-4.750363675185649e-5	-5.550918133620454e-5	-5.97897531209098e-5	-5.913867630094149e-5	-5.600626868072886e-5	-5.200508165067769e-5	-4.781327110866748e-5	-4.622779915469362e-5	-4.814440762549951e-5	-6.0906171962636516e-5	-8.138883587749607e-5	-0.00010072150479265951	-0.00014011118401964636	-0.00019906363716495597	-0.000209059602619703	-0.00020121314398724617	-0.00023877408358722978	-0.00028227104615433964	-0.00025460594828263404	-0.00013347309034996736	-8.736321329908502e-5	-0.00012527815000777176	-0.0001697806792174978	-0.0001716541042968262	-0.00012114724564776152	-3.810531472525419e-5	-1.1362773586339955e-5	-6.943175562751543e-5	-0.00014617123734460367	-0.0002146693166484373	-0.00026633981904167214	-0.0002986589730645051	-0.0003154611037143847	-0.0003178838687917414	-0.0002582931186144487	3.9199908956088526e-5	-0.0003077073864844737	-0.0004501684372131736	-0.0003816241662864782	-0.0005459455538843038	-0.0004647292250257876	-0.0004779271703291097	0.0005788306003414725	8.579614878810073e-5	-0.0001132784205163783	-4.470484252803563e-5	-4.74436913644417e-5	0.00014562842371365885	0.00020155904751583548	0.00037362427393788315	0.0006216764552958868	0.00039491454098079457	0.00044551031972227696	0.0007005027585437981	0.0007281063697775199	0.0003723562724186201	0.000381553887038998	-0.00016814925637809001	0.00023832345316572101	0.00017416223663211565	9.567118171673657e-5	0.00011398373013040515	0.00011115882411472143	3.0076160683852916e-5	0.00010926025578757289	0.00019458535409684445	0.00018414941444510908	0.00017383791495678182	0.0001632516278006512	-1.3462506604882936e-5	6.0919408154182534e-5	-2.9422398887243633e-5	-3.469451990000742e-5	-3.93141832315464e-5
1.2793563975794435e-5	2.321895578545128e-5	1.2280599994733622e-5	1.2718658839044216e-5	1.988917326559489e-5	2.0830259481696115e-5	2.1933109453371844e-5	2.2141812094442085e-5	2.9310127141745105e-5	3.034445694969658e-5	3.779728186565441e-5	2.0069377010224418e-5	2.6127613885931864e-5	3.243314100132022e-5	3.472195061037794e-5	2.381364908727153e-5	3.3769691136315504e-5	3.308903385695314e-5	3.679598051812313e-5	2.0575392118802487e-5	2.2269122744968323e-5	1.0145184770204594e-5	1.4527172523186131e-5	6.914678757433948e-6	3.607623296922953e-6	1.1919293359745993e-5	1.5382452965009776e-5	8.629197340935383e-6	6.986898523910173e-6	7.2549508238446215e-6	1.201561102028546e-5	1.7105517544348204e-5	2.1833878538730987e-5	2.9959632645587693e-5	3.2429488253932345e-5	3.71615710722384e-5	4.755191798107132e-5	7.492690852401601e-5	7.281228434024613e-5	0.00010593165316745954	-2.6479501826198043e-6	2.3521630031615942e-6	9.01997587786829e-6	1.4494257098339675e-5	1.9022967633208093e-5	2.414006951225085e-5	1.5337174357908027e-5	5.369562419449848e-6	-8.788113557451228e-8	-6.8380834774574815e-6	-1.5308889987809696e-5	-2.459448344719218e-5	-3.451130397369895e-5	-4.456544835037884e-5	-5.2754409402182637e-5	-5.742891477840536e-5	-5.770002962173144e-5	-5.391757348015454e-5	-4.821012352193609e-5	-4.205921164923492e-5	-3.880339395850559e-5	-4.249412460739397e-5	-6.149441627851474e-5	-9.194682325655741e-5	-0.00012241819344591272	-0.00016124166270882652	-0.00022895878825035737	-0.00025028961852924855	-0.00022499734952490403	-0.0002600484528556034	-0.00031407880568187167	-0.00029566919440991626	-0.00015718076469843764	-7.250236082235887e-5	-0.00011811283394265546	-0.00017263634228896832	-0.00017986452129104338	-0.00012441580464577634	-2.083162646956179e-5	0.0001377050050287501	7.887716773889632e-5	-6.682295075726916e-5	-0.00020648174416245616	-0.00016000364685858724	-0.0001152071135919518	-0.0003048751303665531	-0.00022930263034826558	0.000174603164852388	-4.208581321978738e-5	-0.0005270870599594297	-0.0005787764138374648	-0.0005735038661147706	-0.0007333746100537681	-0.0009462916424162783	0.00025615795437349334	-0.00015232814747655633	-0.00013659351529150474	1.101991122181168e-5	3.1383930093782653e-6	-0.00013937999978737292	-9.744748193840115e-5	0.0002054416200840013	0.000364050736908054	0.00045020144287799806	0.00023952273944574535	0.00046742592662863455	0.0006478627881855163	0.0007529720479692941	0.0004848443650098651	0.0003089620937532533	0.0003048012432200044	0.0001474406350673342	8.016131293677332e-5	9.535970388616652e-5	-0.000682600290108882	0.00020711872370800027	0.00011492753140125668	0.00011345492261485108	2.4749784663456297e-5	1.587449033578275e-5	5.5038630172258435e-6	-2.751025357313093e-6	-1.300607990544064e-5	-2.1221916234125766e-5	5.935207950937167e-5	-3.680823385627738e-5	-3.83195104097843e-5	-4.150066968110276e-5
1.908957287455844e-5	1.9255397740262225e-5	1.4016216534352808e-5	1.4915285873024988e-5	1.4980915050872852e-5	2.1116864036801856e-5	1.4495560924300446e-5	1.5160505179212167e-5	2.7025812796525742e-5	2.1017172089431808e-5	2.6672668826711345e-5	1.7893748887603676e-5	1.6411473399799588e-5	3.252083904738709e-5	2.7509347469226457e-5	3.6261352518225545e-5	3.609662144892775e-5	1.7944864476792332e-5	1.9009983770907355e-5	1.9254713697297403e-5	1.3025984119231857e-5	9.515292851242313e-6	9.909923298261417e-6	4.5305534655544055e-6	2.7858265006836967e-6	3.195618505694685e-6	3.4963745796420115e-6	7.811852103853769e-6	6.142468277870686e-6	6.916715091808182e-6	1.0119606318458605e-5	1.199679282131588e-5	1.8931615946319257e-5	2.1870054174396203e-5	2.159869726218403e-5	2.5969668214962348e-5	2.9729808707130057e-5	3.2451373786266226e-5	3.4095194057287754e-5	5.2631171836440616e-5	4.95859772852499e-5	5.46486756727155e-5	4.61162387327738e-5	5.4588877302340095e-6	6.711853794278398e-6	1.28300578351552e-5	1.2236655268984685e-5	5.057266284727059e-6	-3.632600567634735e-6	-1.3310021759733548e-5	-2.572617148444709e-5	-3.443945310334677e-5	-4.2483080994024265e-5	-4.956626807490973e-5	-5.393284794732631e-5	-5.467321906082621e-5	-5.140851787125149e-5	-4.47403339756138e-5	-3.611457578550398e-5	-3.25882871631206e-5	-4.0076155515120964e-5	-6.422271427112625e-5	-0.00010517886534614418	-0.000148513864541383	-0.0001868641947706481	-0.0002574021340274405	-0.0002950801631838797	-0.00025374580548465087	-0.00027451117416996433	-0.0003397184545302079	-0.0003377735253437238	-0.0001917815739812677	-5.976561858941302e-5	-0.00010148952002175197	0.00015370018658608523	-5.818489338683822e-5	0.00025709743388587945	-4.8382118270353606e-5	8.043336139135302e-5	1.6872006284843113e-5	0.00010398623148659631	-0.00018009668280945376	-0.00022369232274865088	-0.00032711733433475566	-0.00031832945070773243	0.00018065250864233735	-0.00011320325257221757	-0.0002154010497695531	-0.0005086913815986727	-0.0005014664413297725	-0.0006110917630706134	-0.0006096628065333648	-2.7163560621270948e-5	-0.0003538444137481502	-0.00019616887164496458	-0.00019361936577896258	-0.00014252649398866033	-7.993386483744723e-5	5.73343813250202e-5	1.9293967229226487e-5	0.00037656308461179403	0.0003929932302403354	0.00031414837310265835	0.0002457527556178388	0.00035231019851430546	0.0006594916530152403	0.000594755577212685	0.0005094667002205136	0.00041437574226120934	0.0002931192509113734	5.653947449526164e-5	7.203174814847607e-5	8.763407250106207e-5	0.00010351208191952416	0.00011860807315198455	0.00012477896840071495	4.284564506635462e-5	0.00013044527630615664	2.300043125666451e-5	1.2546706119548681e-5	2.6941117524446716e-6	-7.848098047389838e-6	7.870343167474029e-5	-2.825602943032227e-5	-3.842579433592356e-5	5.0388660266530204e-5	-4.434600418395658e-5	-0.00011604584032391262
8.026460800699743e-6	1.6505434925073866e-5	2.3964474945958853e-5	1.4301343969102723e-5	2.5562382040256713e-5	2.6937312419552078e-5	1.4706201371409637e-5	1.4454146907176752e-5	1.3648494629597537e-5	2.834005980368199e-5	2.6402721506052626e-5	1.6386816201844083e-5	2.39599550066715e-5	1.7181091985290435e-5	1.4470667370368104e-5	1.7725744849696418e-5	2.54883247870937e-5	1.415695628477644e-5	2.1499970435744206e-5	1.920098183065365e-5	1.4786396517933265e-5	1.1432351886515391e-5	1.0670849626370727e-5	5.241841216724547e-6	8.404317620758521e-7	-4.110812119246837e-6	-4.554071962947575e-6	1.7082427696555116e-7	5.621419231818239e-6	7.051231661039849e-6	9.97066276412341e-6	1.2203333132333695e-5	1.5152669683407192e-5	1.386159961700871e-5	1.2217766837982567e-5	1.620313626781312e-5	1.700880728543251e-5	2.1932166804257153e-5	2.646177692734958e-5	2.358502307946099e-5	2.4289798561292434e-5	2.8421662545453116e-5	2.1424464240050838e-5	2.327263961198053e-5	2.295684709888591e-5	1.609947423987317e-5	2.9074434529835535e-6	-5.68745518558832e-6	-1.5962136171092747e-5	-2.5416734162690387e-5	-3.3521549476069144e-5	-4.103267231003694e-5	-4.6101509998935225e-5	-4.9944336383774034e-5	-5.060208045241932e-5	-4.751250383369741e-5	-4.0926194281882405e-5	-3.118137691005495e-5	-2.6416811600237346e-5	-3.725636826492143e-5	-6.8938447495971e-5	-0.00011876182084170515	-0.00017932890588210834	-0.00021317153388445255	-0.0002837639907364445	-0.0003405306965646054	-0.0002808750386695119	-0.00028142672003825513	-0.00035550873117789735	-0.00037728261119364306	-0.00023397156283138862	-6.109480993303799e-5	0.00012199417444124687	2.2223845186756554e-5	-0.00014987821456394603	5.1836904643720594e-5	9.616512166704932e-6	9.865460641868143e-5	0.000168479544346606	5.9597460009197176e-6	-0.00016160970274243418	-0.00022743443323277593	-0.0002605740947641904	0.00013939559189743477	-0.0001451720641815874	-9.431887739090854e-5	-0.00014443343018480641	-0.00046329385166892856	-0.0005046054108389622	-0.000636024270647352	-0.0003142971855033569	-0.00035637953688364863	-0.0003447484426482477	-8.619486519094183e-5	-8.44400725684793e-5	-0.00010571590416199022	-5.0262235272915e-5	-3.881207726831246e-6	0.00012289267138236625	0.00021198377971654893	0.0005687491005503366	0.00023319686453259847	0.00016095330828698462	0.0003971184616939367	0.0004956287999857223	0.0005096090936879539	0.0005064632554027475	-0.00013683086033148932	0.00028468462853260953	4.356839846580149e-5	5.6982685134876476e-5	0.00010532185827565954	9.046699281693498e-5	0.00010739933961453592	0.00011811107015830468	4.2609630555490077e-5	4.3290172621350455e-5	-6.528988294200603e-5	2.5786811934200727e-5	-0.0002858529931128585	-1.3208747781569968e-6	-1.2938438263321349e-5	-2.3513563278523613e-5	6.399552915568505e-5	-0.00011525392276417806	5.0774884453684945e-5	-0.0001201355374898011	4.753061496273812e-5
1.470270516643819e-5	1.4336831016423474e-5	1.3949846546257598e-5	1.3676510011799133e-5	1.3618750237823977e-5	3.7177111549208184e-5	3.12506950857539e-5	1.3137169018078213e-5	1.2850597984228175e-5	2.617133715978264e-5	1.1272707661587529e-5	1.1123663625731985e-5	1.3209686394540952e-5	1.5421946083109045e-5	2.203022788141375e-5	1.559293059751152e-5	1.903480286223944e-5	2.2431184688849286e-5	1.9281449800342162e-5	1.8884214462792893e-5	2.1403592357684142e-5	1.0929769112865751e-5	6.539606767771511e-6	5.929753654901945e-6	-2.0368017523839576e-6	-5.739158428946008e-6	-3.802698867364602e-6	-7.931390645876625e-7	5.793049120463587e-6	7.743150989604768e-6	6.857946735140024e-6	7.866705154004343e-6	9.69556812294701e-6	1.1603401070394781e-5	1.2124764155533306e-5	1.2270175840797207e-5	1.1934874253069039e-5	1.1610760575847751e-5	1.405447975440764e-5	9.101257330130477e-6	9.278917720882077e-6	9.483354426489368e-6	1.422450314634649e-5	1.498238750071042e-5	1.17688709797665e-5	6.144768736791265e-6	-2.277768366587985e-6	-1.403449367551172e-5	-2.4284751446340984e-5	-3.223779555624703e-5	-3.85734296176794e-5	-4.380897370296027e-5	-4.691990102043348e-5	-4.654612088202917e-5	-4.2561646903809154e-5	-3.559156448632462e-5	-2.5769881785843267e-5	-1.9396114369762008e-5	-3.2462662754385906e-5	-7.434260463911029e-5	-0.000132792004643896	-0.00021051110730651982	-0.00024620070910610437	-0.0003014591219661	-0.0003827503926911698	-0.00032419035914367945	-0.00028016627055332853	-0.0003656651423200618	-0.0004113067010370376	-0.0002913728356855041	0.0002454284045771038	4.3162441300799523e-5	9.213421515612882e-6	-3.542335471292714e-6	-0.00012071993801369106	-8.508375492284788e-6	0.00046087835100807077	0.00015527065499186359	4.325452817910023e-5	-0.0001479179218506592	-0.00022849978286230152	0.0001788830922594734	-0.0002578875066567036	-6.508724388394659e-5	-0.0002557088412655944	-0.0002019497415280038	-0.0003975715928680756	-0.000487545432602311	-0.0005731752408237546	-0.000296301886797102	-0.0003528859607014167	-0.00018253628449980616	-0.00033253979347859335	1.217263634181948e-5	3.0313865702564016e-6	6.171938914867857e-5	0.00010460342148706616	0.00022488083038906675	0.00033509980435961076	0.0005094601899842291	0.00016171222619547083	0.00017111405255897626	0.0004208270498049448	0.0004228844971008636	0.0005157827079092792	0.000424662247530223	0.00040825163019104485	0.0002967890073501218	0.00012834229196746197	5.9556341246813464e-5	6.385990467658873e-5	7.515280501301045e-5	9.323580404431648e-5	0.00010667190497975045	0.00011256748282477283	3.514658065807176e-5	3.404580270688741e-5	2.98143960561709e-5	2.37984396350417e-5	-8.634101377678915e-5	7.726685272396554e-7	-1.6013988422667767e-5	-3.082020244094658e-5	-3.932773020664951e-5	-4.5825790567968067e-5	-4.863574599809164e-5	-0.00012224200967807632	4.970406618850652e-5
8.698119773759965e-6	1.3758050403603084e-5	1.3080238494535891e-5	1.215111771431067e-5	1.2843665301567539e-5	3.1100289563797904e-5	1.3989772233113072e-5	1.4108221976097748e-5	1.3431516181332541e-5	1.2727566132644699e-5	1.4003017597877102e-5	1.575364992027322e-5	1.570244448445725e-5	1.3930314261886422e-5	1.2633906950429593e-5	1.3535674353895816e-5	2.1553412256405122e-5	1.778702187304283e-5	1.8683005908418256e-5	1.9681068255983944e-5	2.1781936916453017e-5	1.1184043648642772e-5	4.767016594198702e-6	1.964537289407542e-6	-3.3028654877997584e-6	-6.758010186306597e-6	-9.601085936868222e-7	-8.274701762125362e-7	1.961811246247889e-6	5.168480774220838e-6	4.406440348740312e-6	6.089188953079666e-6	8.167446444072254e-6	6.625560533990329e-6	7.0434237833604885e-6	7.032392673685692e-6	6.60180449621971e-6	3.88001156546359e-6	1.566375094858648e-6	-3.521064102525299e-6	-2.6405834807852148e-6	4.563802020008203e-6	6.152690167336196e-6	3.2381925841386576e-6	-1.6360500618595609e-6	-6.381369206071388e-6	-1.34113402003571e-5	-2.14124684043155e-5	-2.889105198761871e-5	-3.4926866999219824e-5	-3.9770040763771e-5	-4.3444188837510203e-5	-4.376462933392412e-5	-4.005774924914344e-5	-3.184982569639193e-5	-2.03501485822365e-5	-1.449235726383555e-5	-2.5767466631413738e-5	-7.484963927142083e-5	-0.00014302163748784063	-0.00023277789427392638	-0.00028563596190274996	-0.0003118228372402088	-0.0004140412657163586	-0.00038248240859475435	-0.000286583030757806	-0.000358263824338683	-0.0004440152333800673	4.240605598691176e-5	6.266146824674378e-5	-3.7013060814638284e-5	-0.0001450315314046333	-9.651749660854287e-5	-0.00014312690232669463	-3.620475610796592e-5	0.00021397670713533797	0.00022715072016275947	1.9959694142045875e-5	-0.0001172800761218445	-0.00021930932715379407	1.5954665735838734e-5	-0.00010000094884937607	-0.00014182498153666274	-0.0002580154039900158	-0.00012990078670502237	-0.0002203822703061159	-0.0004532846226708992	-0.0005181879461639127	-0.00021837163333857101	-0.0004360323693345324	-0.00019129121830045075	-0.0003386107574196678	-6.37186405371597e-5	-1.3852565025691994e-5	7.193790808702333e-5	9.258526499484471e-5	0.00041665923594300406	0.000530421979347735	0.00034730353985990003	0.00016960172230955518	9.14269327038095e-5	0.0002730681618784577	0.0004470478591180808	0.0005365438718811185	0.0005291260762124413	0.00033480918412676433	0.0003038263221319935	0.00011986837526408974	4.769519288996089e-5	6.42093557235812e-5	-1.2926355750218256e-6	-1.1030138285974666e-5	2.0858924339906167e-5	0.00010403588978225324	0.000105189872032774	2.58565143475796e-5	2.2431945717894244e-5	1.7744631807862198e-5	1.3551497369151174e-5	8.170212344802818e-6	-1.0712567354530505e-6	-1.5012872550864689e-5	-0.00012453619690661142	-4.1646433220404646e-5	-4.849147334127775e-5	-0.0001203091133753669	-5.055869834838609e-5	-4.729951825100916e-5
1.4641615369376194e-5	6.875009033963049e-6	1.160711847079677e-5	1.19081755229906e-5	1.2482956655919433e-5	1.4629141533443926e-5	1.5189452833308536e-5	2.1165418653059666e-5	1.4160418814719111e-5	7.888555570582435e-6	1.6107028911289338e-5	1.4807700778107292e-5	1.3139790124837042e-5	1.2145532351777813e-5	1.153705041549469e-5	1.1998722553109077e-5	1.4471999032186138e-5	1.7874499913976343e-5	1.5812776393763167e-5	2.0955313521749867e-5	1.7154036713274096e-5	7.232819259962741e-6	9.514768259741161e-7	-2.953951686135263e-6	-1.8241816464000579e-6	-4.733735494164091e-6	-2.638615495981775e-6	-5.515933121851913e-7	1.5286746214411649e-6	3.371561768556212e-6	5.891306218283533e-6	7.004758553741104e-6	5.058356178081662e-6	5.541759368898891e-6	6.550366120608897e-6	5.897595430707494e-6	2.978838533600355e-6	-2.969241942440818e-6	-1.0008390489555557e-5	-1.1162225518225187e-5	-3.893292637276646e-6	-1.3547213410152002e-7	-3.284862598144922e-6	-6.855188427298993e-6	-1.0014703276351139e-5	-1.502299480281191e-5	-2.09171752092621e-5	-2.6288702190580167e-5	-3.070267795676025e-5	-3.598642878929943e-5	-3.9107661827347514e-5	-3.9787026509514965e-5	-3.7521643360563604e-5	-3.1170947245859944e-5	-2.0231861148127745e-5	-1.1462339448564804e-5	-1.9711007575612827e-5	-6.597872753492744e-5	-0.00014648927417424025	-0.00024170382706004264	-0.0003289352197710584	-0.0003341639481757716	-0.0004234665265310275	-0.0004550801098126135	-0.0003067409613284242	-0.00034193062640507	-0.00010424540485554079	-0.0001988087954795238	-9.810352571401181e-5	0.0004910992296354921	-0.00012364116994231095	-9.414387348871418e-5	-5.6087129592977646e-5	0.00042323833916086285	0.00030937954793682464	0.00030644119956093263	5.898480939792172e-6	-7.46470934936982e-5	-8.324280982091635e-5	-3.220758141301433e-5	-0.00024071113676334696	-0.00015210516804185477	-0.00017443689505235258	-0.000210120562504489	-0.00020198945066868213	-0.00047154386005000956	-0.0002916012830081233	-0.0003559474501617908	-0.00044549204354145866	-0.0002944665421564848	-0.00034416745906743276	-6.4389014052806e-5	-8.828919489630273e-5	7.135760764664066e-5	0.0001144001877054733	0.0003425972163630174	0.00045325275030647484	0.00034478690308476726	0.00018086060433382314	0.00019114250916914396	0.0001972382526401438	0.00037457216937693575	0.00046465505875126385	0.0004573215426519365	0.00035327485950817925	0.0003200345824551105	0.00012612228668729087	4.6899409630611535e-5	5.6670237483292564e-5	6.990934086245322e-5	8.512468373324516e-5	0.00010232322213622963	3.3585886790009085e-5	1.2107832444686016e-5	0.00010524569290069658	9.429344349222782e-5	8.79256479147301e-5	8.117344457742363e-5	1.0865743151435882e-6	-5.067674722484573e-6	-8.401818354161674e-5	-1.8860766793224936e-5	-9.967680823450725e-5	-0.0001249137770993852	-0.0003932103422520192	-0.00012039788839158854	-4.8190291568622366e-5	-4.544861165162281e-5
8.464271374945077e-6	1.2739148534221707e-5	5.69911381874348e-6	1.2618473440592442e-5	1.4527001955174648e-5	1.4607948481265565e-5	1.4341697108891409e-5	1.4115775940114282e-5	8.15858366349446e-6	1.547970711355878e-5	1.3854942620086146e-5	1.2175764174622355e-5	1.888790964446385e-5	5.02775459372269e-6	1.0730024660343294e-5	1.1524404953018607e-5	1.596400190564636e-5	2.1158641858766566e-5	2.177324898248946e-5	1.9144775470129427e-5	1.4214013696937867e-5	4.143226548727766e-6	1.1554082450016857e-7	-2.7120434683083634e-6	-6.98733866895786e-7	-3.943451911525412e-6	-6.927252759001551e-7	-1.331039975200482e-7	1.8911161002698731e-6	5.006088687198318e-6	5.751727426671219e-6	5.719247684723484e-6	5.674675863062456e-6	4.828668383422626e-6	6.355302733560106e-6	6.340818796550822e-6	3.1186866978916714e-6	-6.241791327229909e-6	-1.0857303560104321e-5	-9.121025928162893e-6	-4.1900895264579147e-7	-1.7801129262946715e-6	-8.403741721894876e-6	-7.515267352901033e-6	-1.4876260940224328e-5	-2.0362802969523886e-5	-2.5237214515088204e-5	-2.8927844174244603e-5	-3.1586079052754474e-5	-3.392747079070113e-5	-3.470954156726061e-5	-3.395608029350397e-5	-3.1006220628192454e-5	-2.330740296740074e-5	-1.2309963987937279e-5	-1.3175380162759815e-5	-4.950705917177345e-5	-0.0001390859846131878	-0.0002414511140721282	-0.00035755874911658474	-0.0003722370301579409	-0.0004233555608397716	-0.0005225984992964687	-0.000368485926794844	-0.0003134891201201392	-0.00010567710127604678	-0.00027300330106279835	-0.000122532690632806	0.0006204629566363687	-4.803708245693702e-5	-6.865868658260336e-5	-0.00015799544917875514	0.0004808329526956529	0.0002946571774007723	0.00036881663354164027	0.00015339278639184706	-3.7498139181255455e-5	0.0001421924619088885	-2.8376969603907676e-5	-0.00023578534830843469	-0.0002136334243411941	-0.0002555250867896557	-0.0002115731879152958	-0.0001600977797512333	-0.00040770123026400134	-0.00013453295913669078	-0.00036503764026672237	-0.00045713953421151667	-0.00031355284065043027	-0.0003068330085467894	-2.4708664119522418e-5	-4.314287085767105e-5	0.00011690484359429699	0.00010880268494271525	0.0003967206176451704	0.00045414776165081773	0.00033801047169303806	0.0001904443745667523	0.00019525964925260408	0.00029554415609247967	0.00030082975182052366	0.0003924795624344734	0.00047374801239506584	0.00036824999644265123	0.0003415500190997469	0.00013546627687404788	4.9487745763948394e-5	5.512483635583239e-5	6.764229833102235e-5	8.055162356786086e-5	9.372004689744474e-5	0.00010606529435830381	3.160632045878407e-5	3.358882077663262e-5	3.0942471214064895e-5	-8.141942228948756e-5	1.2863094116829892e-6	-1.0071525532239856e-5	-1.5169942954319218e-5	-1.7547478709156652e-5	-2.5019118271166554e-5	-2.7291725320868505e-5	-3.169947130439855e-5	-0.00012338207802395818	-0.00019306976873693774	-0.0001995887981817181	-0.00011918626927224195	4.923844006668259e-5
1.4108029748747988e-5	6.9411855473607335e-6	7.137667482535169e-6	8.488761245295496e-6	1.5244259199132513e-5	1.4023704819012721e-5	1.269052279679586e-5	5.111756196395946e-6	7.702788155927189e-6	1.3902562279725266e-5	4.66522688155255e-6	1.0887436486887439e-5	1.0807708667368e-5	1.0564667060698253e-5	3.911653049365449e-6	1.358159609364892e-5	1.879609361642756e-5	1.5917024148556964e-5	1.55232557014795e-5	1.2809486137890975e-5	7.876384301048209e-6	-1.08665053287309e-6	6.652572640333809e-8	-2.4149757649807044e-6	1.6693296269604252e-7	-1.651556858842107e-6	-7.432316878055404e-7	1.8648402188924757e-6	4.1559173877346155e-6	5.468973652089735e-6	6.451964695094081e-6	7.219204549828179e-6	6.089831791490207e-6	7.961248169041646e-6	1.3325827173000788e-5	6.769136399597132e-6	-5.203982689282009e-7	-6.136477282960235e-6	-1.0657228463017672e-5	-1.034656583810559e-5	9.172216364910796e-7	-9.461989559892033e-6	-2.0715897173725645e-6	-1.1782854708748658e-5	-1.3440512610333067e-5	-2.1087274722824062e-5	-2.6800849191695912e-5	-2.8105517966513487e-5	-2.949192375448174e-5	-2.9745375293744073e-5	-3.105638849299299e-5	-3.1751889874977526e-5	-2.738854724123143e-5	-1.6915710521294737e-5	-7.252653241497263e-6	-3.255705737201719e-5	-0.00011681043314166095	-0.00023128208042646776	-0.0003728318116089384	-0.00042168037861559354	-0.00041627283032845235	-0.0005618086524015195	-0.0004820630164922607	-0.00030026429565343637	0.00011943558087512771	-0.00040670089792510696	-0.0003462518674599577	0.000540938911856065	0.00017897274067339795	-0.00010378284111336577	0.0003009700272622049	0.0004034477924364996	0.00023660244985296806	0.00027238432093601526	0.00018892577569732663	-1.6545368863233982e-5	0.00010192518112838887	-7.476863897514473e-5	-0.00018883076790393626	-0.0002224951865731177	-0.00026291682564931126	-0.00018439423918258004	-0.0001372411809433781	-0.0003111183040742328	-0.0001765671626698757	-0.00036150796763272965	-0.000418394160494797	-0.0003964297684633895	-0.0002996688963315163	-0.00011013309081170201	-0.00011945579838459983	9.384365781493721e-5	9.722209244063034e-5	0.000280450475020331	0.0005025847736288302	0.0003714937568146011	0.0001904346558508855	0.0002646902986805019	0.0003013118177035601	0.000379762495669473	0.00021725252868939763	0.0004857793949765844	0.0005541183784492473	0.0003588699936486121	0.0003105426447240446	0.00013139342637398283	0.00015950927388180716	6.997655314835614e-5	-1.96710612879571e-6	9.446155599096518e-5	2.1240261831281977e-5	0.00011010066788577372	0.0002186734622216819	0.00011064173508462888	0.00010456581967277154	9.54234226054724e-5	8.229880954520492e-5	-0.00011170045155549347	-2.946094253908696e-5	-5.170990551913585e-6	-3.8316092401954405e-5	-0.00010753592293055486	-3.87854773451293e-5	-3.7063796957545686e-5	-0.00010664668987783645	-0.00010602202118296022	-0.00018828125214417858	-0.00046300650297608067
-9.591349038335354e-6	8.808171796639212e-6	1.0112452754418918e-5	8.95456498160803e-6	3.721307175001947e-6	7.0179206291257805e-6	1.6247930879905e-5	1.5542838864324475e-6	6.5772195197377975e-6	4.524312655520397e-6	7.258497479719424e-7	3.596653675688906e-6	3.4773805552881765e-6	9.150559418624033e-6	1.180421748304695e-5	1.634476666062312e-5	1.8950133522027744e-5	1.4106178793328236e-5	1.4042310848085308e-5	1.5888089279833127e-5	1.1421845163151335e-5	2.809154711318619e-6	-6.752263605994298e-8	-2.0060335229044306e-7	1.9841897845498512e-6	-1.0259545082442383e-6	2.0105714605819693e-6	3.972483033967949e-6	5.127979572434513e-6	8.3305209298628e-6	9.548997789415176e-6	8.426620985882254e-6	1.0379575756279597e-5	1.1637179994782748e-5	9.152243082284997e-6	3.272685945408403e-5	9.553067193042181e-8	-7.0285565680072454e-6	-7.626004376151728e-6	9.554502684993725e-6	9.803742231071812e-6	-5.664238253321103e-6	4.302485275945486e-6	-1.1403272602572567e-6	-5.701627237720414e-6	-2.2031158253251262e-5	-2.1998519995453884e-5	-2.4318315547114866e-5	-2.5333431186426404e-5	-2.917005332333817e-5	-3.369499431154447e-5	-3.2498882760871074e-5	-1.99039253190932e-5	-2.215112706150475e-6	-1.0541587073892517e-5	-8.88290123812524e-5	-0.00021017834764347184	-0.0003620235347683769	-0.0004790134095242096	-0.00042604003720277247	-0.0005612304280380189	-0.0006243239491272846	-0.00033118793210475117	0.00022826376734857382	-0.00031092551578993776	-0.00044651179266207933	0.0005002932817996242	0.00023057375124951006	0.00014248453147934666	-0.0001942025819355684	0.00029126149800593783	8.46279477486906e-5	0.0002757215061862219	0.0003445125595967057	2.690305036180847e-5	0.0001320600645884169	-9.852764194299719e-5	-0.00023299287098561784	-0.0002736652478781739	-0.00019719939972357835	-0.00023389071322017264	-0.00018033345345167592	-0.00018605992428893936	-0.00015277429474133079	-0.00028129081620820347	-0.0004575535976996531	-0.0003036500414697321	-0.00041758998616964974	-0.0002375430959611173	-0.0001513946138640516	0.00011611369616881719	0.00011294180142619806	0.0003091656169876603	0.0003429517845186716	0.00036692651482801144	0.00024106213240160206	0.00020845741464782172	0.0003640288166458904	0.00027951196587809417	0.0002885807670757615	0.00022257909815459652	0.00039395184712940484	0.00037815223173203296	0.00033449115316589026	0.00013883488165501202	6.154852873233052e-5	6.939271450558289e-5	0.00017881667265819612	9.698291142895533e-5	0.00010657173828374292	0.0001153249137744749	3.4880485645141226e-5	3.079307321418004e-5	2.636797105737298e-5	1.986092968113938e-5	8.130447472630854e-6	-2.5326166426845823e-6	-1.4714535603282518e-5	-0.0001244619867446083	-0.00011591965862618216	-5.077826275685601e-5	-2.2896538877813146e-5	-4.450346607855183e-5	-4.167943016944713e-5	-2.193012185835617e-5	-0.00010780192214692027	-9.96571785127898e-5	-0.00010036075904543878
9.116734859608127e-6	1.0440669291822608e-5	4.570420623232552e-6	1.5474238170065993e-5	1.4081708717949008e-5	9.431669230968939e-6	8.242278474049694e-6	1.4857582103707532e-5	5.765354223386432e-6	4.104547818651119e-6	1.0629961956450703e-5	1.0249201110240972e-5	1.939417148024141e-6	3.933037993984062e-6	1.4477441523051129e-5	1.084014143931379e-5	1.7940565303227712e-5	1.8640551262701067e-5	1.7528981785660202e-5	1.0712218327551583e-5	1.1187950593613224e-5	2.534259598725437e-6	2.312241504781316e-6	2.2463601022447e-6	1.3148948780012173e-6	5.85186243167151e-7	2.86789374204623e-6	5.656014134114819e-6	9.550683886448653e-6	9.931019237222516e-6	1.1063874663192418e-5	1.4875690315920226e-5	-6.511901789525059e-7	1.1708624096434177e-5	1.1477967690778608e-5	5.268937181441289e-6	-7.742352962046561e-7	-4.906501213767264e-6	-1.106409735333728e-5	-7.692176645621748e-6	-3.036745415439324e-6	2.6460009840947787e-5	-2.0148584382818826e-6	-5.700651931851361e-6	-1.3421268118560346e-5	-1.9337061646041917e-5	-2.3121472715252438e-5	-2.537609078744952e-5	-2.7038311594317034e-5	-3.450276525267205e-5	-3.5618309097771965e-5	-2.3625060638007844e-5	4.090412935851308e-6	1.3927206214770036e-5	-4.8164132318754107e-5	-0.00018863083656230312	-0.0003309684893027106	-0.0005174174167362324	-0.0004824742310764892	-0.0005178411291779971	-0.0007359651638737079	-0.0004642640519795984	-3.778406012742378e-5	-0.00017517825147824947	-0.00037437651155465025	0.00045045022006815275	0.0003642460982202986	0.00015894850600940615	-0.00015639949216648876	0.0001805684878726987	1.3215368886610075e-5	0.00018958935348812635	0.00023738946963557626	3.7542138654276646e-5	0.0001079628408922088	-0.00012109549182288135	-0.00014402912657230987	-0.00020702378991178765	-0.00020543143077647857	-0.00015256336310481584	-0.0001877457364617011	-0.00015005143241857838	-0.00015815814562818858	-0.00026598120407740275	-0.000436585117800474	-0.0004034731418451308	-0.00035546052898810347	-0.00017625411340538733	-0.0001860595032863576	7.900597789829711e-5	3.99192471820832e-5	0.00018241561753120153	0.00044650200688056913	0.00034473500572570733	0.0002764395773743292	0.00029005411927874973	0.00035320590065907953	0.00022226635923184093	0.00022375716359887467	0.00022062484710756768	0.00030723412767862937	0.0002998212348817022	0.0003541863852031383	0.00030320055370101646	6.778856993566425e-5	3.1942179992932966e-7	8.456643877981966e-5	1.6780504250869235e-5	0.00019847704719558237	0.00012066947730880457	0.00013156853475039293	0.00021347117595868275	0.00011301002318971098	0.0001037201445554779	1.4390479148340988e-5	3.363521632608786e-6	-9.12864395692767e-6	-9.698635246108036e-5	-3.5954959464962275e-5	-0.00020719496972965048	-0.00014697865463080906	-0.0001256503365829921	-0.0001225802454668675	-4.468513620702703e-5	-4.1074478931236785e-5	-3.4995761068058306e-5	-0.00010178315364067552	-9.213262449055321e-5
1.0296671385620247e-5	1.1259666801919353e-5	1.6741928655406068e-5	7.101900127694737e-6	7.743746187160018e-6	7.793497515224898e-6	6.720132388909233e-6	1.402669957107299e-5	4.872827640203933e-6	-6.603583551727764e-6	4.324587400128803e-6	9.071655377568657e-6	8.898684593849839e-6	6.368414258364622e-6	8.089288007383428e-6	9.907246049120448e-6	1.158456392724304e-5	1.2308882309805611e-5	1.6898848466790045e-5	1.0333916133432907e-5	8.733038737808235e-6	1.4605769044001224e-6	4.239350297428066e-6	3.6709567564398044e-6	4.687360784705243e-6	2.2862931085490404e-6	3.39195534097348e-6	8.122430665256659e-6	1.0923608082325843e-5	1.2525547605124108e-5	1.6712702592656687e-5	1.44432049525823e-5	1.6207076349761978e-5	1.4383011160685848e-5	7.978483003557679e-6	4.9263971502931615e-6	-4.079472990835883e-6	-9.944559533166448e-6	-5.545350059505609e-6	-4.835727524524149e-6	2.1727513762286434e-6	5.239963873527199e-6	3.299222813291916e-5	-2.730291584609806e-6	-1.0263857724106523e-5	-3.873499483216447e-6	-2.1442074443235853e-5	-2.109177554660566e-5	-3.541199828655385e-5	-3.357755045402559e-5	-2.251701840264497e-5	7.4166382554689825e-6	3.577939507669954e-5	4.236999484603498e-6	-0.00014457288896577397	-0.00030350869364462315	-0.0005018694915420036	-0.0005799504109882587	-0.000493412021162795	-0.0007362607783018178	-0.0006925891061621003	2.898585760179387e-5	-0.0002023412622356247	-0.00023365856798980306	4.985451684630122e-5	0.00046936157747107937	0.00017080125736032743	-9.932331942617313e-5	-6.163387750814965e-6	-6.889216583967931e-5	0.00012349951899731605	0.0003711667784886191	0.00011868660313196864	-6.998834275924199e-6	-0.00019426536767783338	-0.00013224712978171125	-0.00031604091274990134	-0.00021063364508471134	-0.0001778424597721458	-0.000136532812199594	-0.0001669655982600507	-0.00013872422746808756	-0.00030336094428142987	-0.0004217601038734864	-0.00035347574211109026	-0.000370635523673289	-0.00020348029368705712	-0.00021441306208110598	-4.6659362350630514e-5	8.315218226911426e-6	0.00014738508692155924	0.0003729055077944174	0.0003144538108393368	0.00016376236346087687	0.0002755990694321012	0.00029076034503248407	0.00026140103779524705	0.00021976035260672794	0.0002819610079692319	0.00037369582124083516	0.00028129796359599576	0.0001953574337136381	0.00023874358747335558	0.00014885811635167783	7.854639850115447e-5	0.00016220078143241827	2.039440251088852e-5	0.00010962084185290786	3.953689990842898e-5	0.00012925874645835578	0.0001312989262791588	0.00012473580667337063	0.00011522119207898573	0.0001038212851912565	-8.520509210854614e-6	-1.7822466750008238e-6	-1.59809712859749e-5	-0.00010100511247323205	-4.2310784372852524e-5	-0.00011967935480629039	-0.00014416931691986967	-6.086826301105537e-5	-0.0001282325249340262	-0.00012224196435242445	-0.00011659873854866416	-0.00011057743512504358	-0.00010634800645186035	-9.473307107358392e-5
6.024117356075414e-6	1.1122252457702766e-5	8.070505236735907e-6	4.689837051486659e-6	1.5244177949687678e-5	6.690880332108919e-6	1.3068896894800105e-5	5.003823946348493e-6	-7.0354152940739945e-6	4.922400943304522e-6	2.893663255282579e-6	1.342981928777751e-6	3.7938061928891216e-6	6.446095665061063e-6	1.4526009444659684e-5	1.046297408835911e-5	1.0763002481868015e-5	1.183432516876432e-5	1.1804905876723593e-5	8.203934313331484e-6	7.4047723813268915e-6	6.031083337264373e-6	4.778806831127829e-6	5.830150219737003e-6	5.537293389872955e-6	5.4339836296228485e-6	-3.825224024748999e-6	1.083256391541925e-5	1.1884269440595903e-5	1.6461565837210912e-5	-2.057957289672849e-5	1.9462661166345994e-5	1.7867222360604942e-5	6.188105336565658e-5	8.591335144641598e-6	7.42405218456311e-7	-3.922847106972846e-6	-3.125035331033761e-6	-4.039451352820522e-6	3.846421581588707e-6	7.273627021044159e-6	1.0393592953819543e-5	7.198275248681196e-6	1.5288646053400034e-6	-8.437664416464149e-6	-1.5291183407786964e-5	-2.381410840073309e-5	-3.181187849965179e-5	-3.477746649166533e-5	-2.6626064995314332e-5	4.815034579707181e-6	4.9276756034268834e-5	5.0335224747037914e-5	-6.724726953873344e-5	-0.00026714029653188273	-0.00044499030235775616	-0.0006543360671934246	-0.0005463551007269234	-0.0006605568416818324	-0.0008637937381213417	-1.8357760211409543e-6	7.340835890925698e-5	0.0009958029689525116	-0.00017815807060254148	0.00039666265817766286	0.00037387176736152893	-4.195762574979748e-5	-4.909350022745153e-6	-4.5014319660957765e-5	6.897849055224198e-6	0.00027126809987585614	0.00015598987658804265	-0.00013218841848207635	-0.000109247347421953	-0.0001456542808729415	-0.0002386424509615774	-0.00022127749131250997	-0.00027832577909871854	-0.0002482787786104801	-0.00018593792758115355	-0.00015788355743327894	-0.00024190974805091787	-0.00033685523947107367	-0.0004275000360808717	-0.00038433560202129086	-0.00031519289114274006	-0.00022320574957532258	-0.00017020326454254657	7.509537252312244e-5	0.0002529860152634608	0.0003465551006104914	0.0002813505607072151	0.00025937845565394144	0.0002450142239980558	0.00026913356439984886	0.0001986078842417362	0.00021006744687799552	0.0003575639289186321	0.0002763152099211313	0.0002109649434833068	0.00019670043842825698	0.00016606228251289787	0.00014938505031444112	8.019724923090908e-5	8.672241182711973e-5	0.0001015552731343768	0.00011121279742263646	0.00011493560055882103	0.0001285865466300255	0.00013581320681623973	0.00013520401192515996	5.053832179396879e-5	3.959914595886324e-5	2.488229254735781e-5	8.537616967742496e-5	-6.268613346269852e-6	-2.260671860608945e-5	-3.291574109224346e-5	-4.4983459384666984e-5	-5.331630367024875e-5	-0.00012716989247614778	-0.0001468420179653407	-6.105510603624984e-5	-0.00012694509840789322	-0.00012081599897316875	-0.00011143128989876748	-0.00010664736215330308	-9.616004529763985e-5
1.2780629598666059e-5	-3.1406950553222713e-6	7.580624657469121e-6	-4.912773171839794e-6	-1.9752812615035425e-7	-9.710122686921129e-6	-1.0597965475578168e-5	-8.759058321064072e-6	5.596715623672319e-6	4.516835260554171e-6	7.104253434931317e-7	1.648757214707964e-6	4.0714935012591946e-6	5.360197716790141e-6	8.125443545118705e-6	9.272001042852601e-6	1.6153993974763316e-5	1.2388994453102823e-5	9.61743868730454e-6	7.041258770712434e-6	7.624717056686292e-6	6.4521807281009945e-6	6.54874649973756e-6	3.657468312230042e-6	5.9599391649521214e-6	1.0360511672430719e-5	1.040075228561936e-5	1.3230620152128035e-5	2.255318534211863e-6	1.6708724214948038e-5	2.2135249135504386e-5	2.0902454353613812e-5	1.807543853751684e-5	1.344269728899988e-5	4.981284619770391e-6	-3.9800879886732043e-7	-4.4108165249748515e-7	-9.15802417712666e-7	3.970253085370753e-6	1.121644681680088e-5	1.6364396182374933e-5	1.3105375342096614e-5	1.1052460803936352e-5	4.297360833177034e-6	-6.519861880350478e-6	-1.7275861463669903e-5	-2.3359950130657668e-5	-2.878661508639636e-5	-2.7490180499477367e-5	4.14870902616638e-6	4.154430991459997e-5	7.43296303205149e-5	1.5215894591371964e-5	-0.00018787768228218705	-0.0003810121681251924	-0.0006157711975330227	-0.0006849846831245474	-0.0005744105204013878	-0.0008789934829035316	4.067272352853337e-5	0.0006323667714247787	0.0012478641428365317	-0.000300667923536428	0.00020233192455960817	0.00035991142147326436	2.1057045084906835e-5	-0.00012179553290085155	4.032473769478677e-5	-0.00021684397748890577	0.00011419302471898148	0.00019822295224995127	-8.30226664332457e-5	-3.15411412469711e-6	-0.00027535794977495915	-0.00026244323913880664	-0.0003479349538153655	-0.00020673000803369873	-0.00025748119493131886	-0.0002053337764678113	-0.00013323270611984624	-8.390230409182665e-5	-0.00029123803030689293	-0.00032821081811473547	-0.00031503990792166627	-0.0004187831516510882	-0.00026791951407444115	-0.00019801764369083933	-9.14984760918506e-6	0.00010488860957783269	0.00023400986181618816	0.0002976209223522273	0.00018775495239512765	0.0002119962558241417	0.00023518573519414835	0.00017131498415426426	0.00019146875272574304	0.0002889178982301392	0.0002649924817822811	0.0002041299132939968	0.0001890897455076538	0.00015827884713419003	7.64738300609749e-5	7.609477410105373e-5	7.906974598136584e-5	9.989540190732385e-5	0.00011077046948651526	0.00011618779020561732	0.0001287925589703461	0.0001382737100542083	0.0001379859961827927	6.138822023020875e-5	5.2729932305171055e-5	4.113085551678622e-5	2.517748966827959e-5	8.012682366026697e-6	-9.528448902821132e-6	-2.645097012378395e-5	-3.891542426713904e-5	-0.00011387858341747252	-5.4184640276775916e-5	-0.000128379137275149	-0.0001318661988255717	-6.1006255903565216e-5	-5.803472020377617e-5	-5.169641261026231e-5	-0.00011430495356845377	-0.00010708599702167706	-9.593537471874964e-5
1.2116331990610137e-5	-6.648950180889043e-6	9.172333302554176e-6	8.199181254068307e-6	7.157107728396556e-6	5.4167762092007595e-6	6.024140158270659e-6	5.148016867547844e-6	6.052235412666183e-6	2.3054465231008557e-6	2.1030739269742326e-6	3.369626888743418e-6	3.415883194131809e-6	1.2145345939620672e-5	1.4461860090689055e-5	1.0188834185699959e-5	1.1879580955220955e-5	1.4864156462669764e-5	7.992130405324032e-6	9.049124499559548e-6	7.422198658599754e-6	7.304129882248914e-6	8.352853513625218e-6	6.398447010250879e-6	9.191489281976236e-6	1.0294787702477782e-5	1.1975239996112616e-5	-5.820170902690893e-6	1.662259945663558e-5	2.0690234200379867e-5	2.0800090512282528e-5	1.8391535305361108e-5	1.3695368584773038e-5	8.09290151102687e-6	2.86205915513431e-6	1.189652153819735e-6	1.4686009732736618e-6	5.595126073423351e-6	1.1853315607062006e-5	1.6060242545214848e-5	2.0312977570383127e-5	2.174353841633914e-5	1.2950336467226764e-5	3.863641957407371e-6	-4.743072881181103e-6	-1.4757240839827906e-5	-2.2405889524921684e-5	-2.4201627222286432e-5	-9.34017489533979e-6	2.86456423416806e-5	7.408655691386041e-5	7.141239093254748e-5	-7.180737372004028e-5	-0.00032292208433245986	-0.0005092062110062198	-0.0007539026022973885	-0.0006060643841480809	-0.0007574515247503748	-0.0008502639666920029	0.0002025852116543025	0.0002869592328032873	-0.0002334577221121568	2.1100799398822336e-5	0.0002508138273679813	9.670957023084513e-5	-7.684046951776874e-5	-6.384699367592821e-6	-0.00010946946257507206	-2.491838533615889e-5	0.00016108538965852771	1.3371142124018152e-5	4.9451296125280816e-5	-0.00016992469176476928	-0.00028731640805623347	-0.00039823570069319686	-0.00034314288674111874	-0.0002906715737060312	-0.00022589258932688167	-0.0001434382972540795	2.9572706029376734e-5	-0.00022863506147482136	-0.0002864721167969127	-0.00030827022242155364	-0.0003569118079047007	-0.00029390818976547184	-0.00022255237211493608	5.1067050298204963e-5	0.0002342813158021876	0.0003655992011180665	0.00024332765767636324	0.00016295804052235754	0.0001828565274646088	0.00020502314261500437	0.0002237894006707473	0.0001623369914764629	0.00023514608176939886	0.0003272075551754715	0.00025326794204680965	0.00017994822735345256	0.00023065863027604957	6.360980709944637e-5	2.757382028664929e-5	7.170408900718976e-5	8.596246972927173e-5	0.0001773432808022785	4.6651051760467424e-5	0.0001286413639403389	0.00020896443160142112	0.00014159934906693645	7.077514049421058e-5	6.432358040788541e-5	0.00013230903852904123	0.00012109758830073812	2.177127539710255e-5	6.843974283147949e-6	-1.1940584524045266e-5	-9.658971932162527e-5	-4.0680089345482805e-5	-0.00011553797637641134	-5.2884521986429995e-5	-5.987647501613357e-5	-0.00013290783659416225	-0.0002187323599497199	-0.00021344661305732903	-4.571035278911934e-5	-0.00011690503277397152	-0.00011230604992008299	5.703138355979149e-5
3.815098381480537e-6	-9.259775709200826e-6	9.437216350550645e-6	7.738433951312953e-6	6.132153124943716e-6	6.782857215357823e-6	6.661249764017827e-6	7.987039578663795e-6	4.22599607923348e-6	-6.025245633835535e-7	3.92099283700692e-6	2.8308881460330617e-6	4.301855771860451e-6	6.451179651783341e-6	7.994256334383832e-6	1.0765344234342728e-5	1.1182422826758404e-5	7.680940480050643e-6	8.771543676279589e-6	6.854075212513883e-6	8.185739751407771e-6	8.879233673814504e-6	6.4680719505014715e-6	9.572925722817205e-6	1.1129887764053698e-5	1.1393655120061231e-5	1.5073346780491471e-5	1.5731940958590073e-5	2.1655460023770902e-5	2.2371711805871603e-5	-5.235634709770663e-5	1.7656660330750266e-5	1.1280655006798922e-5	6.004851089977999e-6	1.2582122295993125e-6	1.469483700412659e-8	4.940777567037711e-6	1.0301301811931453e-5	1.4876679383950177e-5	1.969020330326284e-5	2.6864706164405738e-5	1.6984987331606282e-5	1.1659311189730686e-5	5.818173003954794e-6	-5.865427893553569e-6	-1.5511050525506692e-5	-1.8035127265698427e-5	-1.3322184000418057e-5	1.0576143344706102e-5	5.687878764268047e-5	9.125044624454866e-5	3.253538305580169e-5	-0.00019886503823425897	-0.0004250904844431717	-0.0006657583870624262	-0.0007492671554666652	-0.0006117526491981494	-0.0008627874564190192	0.0003787287080174234	0.000481025602145893	-8.809367094645294e-5	-0.00016235259498992684	0.00014230964727423006	0.0003355311191604346	-0.00010065050671616066	9.669342719516305e-5	-3.612348608092106e-5	-5.575111216557299e-5	0.00016155387041733634	7.721237820002436e-5	-0.0002148215585727497	-0.00017836542205680117	-0.00019841192309773834	-0.00029484340081003917	-0.00039774391106863925	-0.00032163334791508735	-0.0002578062629877628	-8.323473484076133e-5	-3.4826151646691686e-5	-0.00013670132688021726	-0.00024746304596314286	-0.00027926681474670697	-0.00035640635067852233	-0.0003059131544421454	-0.00023879816163918871	4.881445187461964e-5	9.99089968745071e-5	0.00023517241103460356	0.00024070722382262683	0.000156176053267476	0.00017210356433331993	0.00018341031995471003	0.00019476149153010514	0.00013545492051689981	0.00021096258028046157	0.00016565610337188844	0.0001725017567238583	0.00016844932685403102	8.047643578568435e-5	0.00018994565205645783	-5.4781970558058675e-5	5.5515434846777414e-6	0.00015429807650971456	8.775124816968105e-5	3.771746283980429e-5	0.0001226530792972102	0.00013520492601967185	7.154374041046501e-5	7.707339272223623e-5	7.544313663882364e-5	0.00014274099396547842	5.2230377388926864e-5	3.826835293155458e-5	2.0065965345139863e-5	1.4324978833278774e-6	-1.5787468581215892e-5	5.629628782494547e-5	-4.121415954982531e-5	-5.02687160361219e-5	-0.00012352865873999975	-5.886913226353782e-5	-6.327282277227507e-5	-6.290900954970076e-5	-0.00013324464643579793	-0.00012579745322194346	-0.00011968265639111407	-0.0001107700759113569	-0.00010416167172314582
9.58305056476946e-6	9.646369211145905e-6	8.326071949494392e-6	-8.437506090853497e-6	-6.6431118695393725e-6	7.90234246093169e-6	7.776051572715257e-6	4.7599236303007275e-6	-1.0098514860601578e-5	2.931388205524709e-6	3.7752643549735366e-6	3.5282720364102006e-6	5.650271189574759e-6	7.450055275079969e-6	9.868521407553317e-6	1.2819444875222937e-5	1.5486167467052535e-5	1.0070711259790746e-5	7.3483803987459346e-6	7.004865723677007e-6	7.592306137805377e-6	6.361485036230122e-6	8.296492647673717e-6	9.441523980946963e-6	1.0828711564589422e-5	1.4340850992745511e-5	1.663739191696894e-5	1.966738582313257e-5	2.121591896794275e-5	2.2278952209447284e-5	2.0106815221584127e-5	1.6249149404000645e-5	1.1056207097468905e-5	4.714453628672883e-6	1.9916163439417196e-6	2.2273569155772163e-6	7.011475942305442e-6	1.230393887093474e-5	1.9699157189111203e-5	2.1098340334437925e-5	1.666306269156514e-5	1.646694404308256e-5	1.495678397226861e-5	7.369937623106018e-6	-7.210084409715227e-6	-1.5093575396790855e-5	-1.4014694451894771e-5	-3.875829618886365e-6	3.278885950291433e-5	6.075088681342785e-5	7.737398544138403e-5	-2.9903718607923995e-5	-0.00032428360026463105	-0.0005354899047254431	-0.0007966017221615936	-0.0006238396218324893	-0.0005022624097918604	0.00037773973291263616	0.0014965399221943598	2.716466509788528e-5	-0.00035921522844611746	-0.0001875338502704718	0.000264691190743193	9.709336856135106e-6	-0.000315070204287061	-0.0001013684763268301	-0.0001576931712781956	-0.00013042817043482568	0.00015215294697308503	-0.00012006180092836646	-5.678097728309666e-5	-0.00033612835327122064	-0.0003306115463737997	-0.00028994308367400693	-0.00035146368549908696	-0.0002881274880172464	-0.00021788470360718922	-5.409157313472201e-5	4.3516129345907636e-5	-0.00019501466735056313	-0.00032866954415150746	-0.0003445750370690355	-0.00029020011349499726	-0.00014614127843488	-0.00017882762053764156	0.00011413253476655946	0.0003695210704323629	0.00014797210223344145	0.00029939071953778533	0.00021651400280227285	0.00017873932743811723	0.0001875942660694717	0.00011308146737458794	0.00012650337661910703	0.00014103617649647258	0.0001479891157071182	0.00021498808652702095	0.00013193790098601664	0.00018105637306227787	6.33682927210868e-5	-5.4821318301425184e-5	3.481384145786852e-6	0.00015689951776671736	0.0001719070188055589	3.875539479588144e-5	0.00012311371700915365	6.631579177090617e-5	7.377609057667182e-5	0.00015997500892460555	0.00015771351394641394	6.447269515024584e-5	4.937952511647678e-5	3.302269192543856e-5	1.6081575667786915e-5	8.236247742080113e-5	-8.499132992997502e-5	-3.26727536347003e-5	-2.1507852122598214e-5	-5.0315636531676105e-5	-5.804605961448215e-5	-4.517630585698564e-5	-0.00013174681765237275	-0.00013381062393064483	-0.00013452065892939928	-0.00020779564448018448	-4.733964821076477e-5	-3.849874229138947e-5	-0.00010798577180787554
-1.2770212895809327e-5	9.604747740115998e-6	6.362882196655941e-6	4.828863392602599e-6	6.6467515914052865e-6	8.060093677399334e-6	1.5167689598182281e-5	4.46891318715343e-6	2.2953253290175545e-6	3.4879596514907486e-6	3.2416943433831013e-6	3.030022233195648e-6	5.929616503554537e-6	7.728224974617526e-6	1.3418349412445334e-5	1.2176004564607562e-5	9.9913022235629e-6	1.0607756978122643e-5	4.4880150905309045e-6	1.0610234849734693e-5	7.945483407303857e-6	7.083207531756279e-6	-9.58942334954656e-6	9.536231833534884e-6	-1.779308549578612e-6	1.584796081350421e-5	1.9166793851169302e-5	1.9427279527700603e-5	-4.463141527721577e-5	1.9732247549340137e-5	1.9086771785506028e-5	1.4407181424455889e-5	1.0516789521569886e-5	-0.0001176060014967549	-0.00011366782673969159	6.114035535430382e-6	1.2598205594535378e-5	1.3245121239527586e-5	2.022669300720493e-5	-8.620093956014771e-5	1.2889889452683467e-5	1.731643705796715e-5	1.2244829470975426e-5	5.238204130499904e-6	-8.467705201443097e-6	-1.2109240466330173e-5	-7.86430031750134e-6	1.469483258307756e-5	2.417687666537321e-5	5.395212708653261e-5	7.016568584660029e-5	-0.00014405834721753735	-0.00042978048640146755	-0.0007069869085017059	-0.0007791351208107891	-0.0004437972780949712	-0.00022038608375061098	0.0008264644178180148	0.00042935989604450274	-0.00015895993156705241	-0.00010655582110206214	-7.073106772607918e-6	0.00027999961510884923	-0.0001840759717720809	8.426960354209097e-5	-3.8878257705124604e-5	-5.146502011762382e-5	0.00014328871845745205	7.9236925543129e-5	-2.1042462765260336e-5	-0.00021341165913078657	-0.0003548384140388775	-0.0003255243011173045	-0.00040067374983927123	-0.00020254935692060006	-0.00013513544273871568	-0.00016598444584506192	3.883434458643422e-5	-0.0001083719929769562	-0.00021371469950331318	-0.00023468533214362	-0.00031771038133700724	-0.00016599926517806007	-9.329111435783972e-5	0.00022396525770164433	0.000281341436901973	0.00027789384992587575	0.0002669890535768782	0.00026934769307723153	0.00027574912665940697	0.00018795225015847154	0.00010906764183252248	0.0001178980662014102	0.00012392697093737293	0.0001240788379594602	0.00012938701108426189	0.00011956633603388105	0.00010223806426474602	2.24199720984101e-5	-2.0217689477484112e-5	-5.9147139989074e-5	5.6873674435717596e-5	6.906277456931011e-5	0.00011609814795313133	0.0001023848561206909	0.00011894080679535242	6.345856460348437e-5	0.00016230588671048863	7.60354222272561e-5	7.2031904083808e-5	5.9554749367036596e-5	4.671076368074011e-5	2.7228685702965563e-5	9.874234895410191e-5	7.850875320367188e-5	-2.3744636253373143e-5	5.148271903358077e-5	-4.3403681854368124e-5	-0.00011701654878376708	-5.777680448087086e-5	2.2005838304718682e-5	-4.739758656976457e-5	-0.0001341301087369039	-0.00013306874763917048	-0.00012970870153253006	-0.0001252421090639855	-4.182221684764114e-5	-4.0420029477697406e-5
1.6817915418002982e-5	7.421060142768121e-6	-1.2667691361643288e-5	1.2751241844140445e-5	1.4226911931771846e-5	8.716342768911537e-6	1.3773100014146723e-5	2.4733689400004187e-6	2.8777143599176616e-6	1.8325938123915165e-6	9.043463959887465e-6	5.021190771742172e-6	3.450958495673079e-6	1.10610288433114e-5	1.2764925401710626e-5	9.032650906190402e-6	1.0369910775286334e-5	8.324603835200791e-6	8.291932482391764e-6	1.191828857682192e-5	6.917522130721961e-6	8.947040133236938e-6	-9.652195441705105e-6	1.0898059908631512e-5	1.554380463789887e-5	-2.9780804254869058e-5	1.9128763027116734e-5	-3.874485029805013e-5	2.158613068065161e-5	-9.042566059687689e-5	1.6352198076589387e-5	1.372664878142749e-5	1.1084167229377228e-5	8.163736978517976e-6	7.469646299338014e-6	1.2850295571710134e-5	-0.0001139911174329809	1.9890156469281814e-5	1.6197065222614982e-5	1.1579319365487674e-5	1.603398277002935e-5	1.5650597957227652e-5	1.2962646745757903e-5	-1.1958708877877252e-6	-9.505553988261011e-6	-8.512496227032137e-6	2.3262362237159127e-6	3.397181792539391e-6	8.377494385949013e-6	8.608624304104408e-5	3.478372361821508e-5	-0.0002868305253448907	-0.0005478745760930737	-0.000842566743134356	-0.0004958051956850023	-0.0004132624609593481	0.0016839410406460338	0.0008459939448131424	0.0001744038190881281	-0.0002753302276731163	-6.770944478730594e-5	0.00041689348233306476	0.00010616056126627619	-0.00037892132444716743	-9.976744781225056e-5	-0.00011434187140949058	9.662184960955965e-7	0.00025138891853416275	-0.00011911027796707076	-9.861447527380069e-5	-0.00037177392166194484	-0.00023953159793187098	-0.0004462906364399201	-0.0002542475597253416	-0.00018797415056572096	-0.00020401105014423342	6.8821873528877e-6	-5.069168778502799e-6	-0.0001500608393320015	-0.0003067142115497994	-0.00031359173509102386	-0.0002885674340842104	-0.00011974696721564872	8.617509347210285e-5	0.000276038850052689	0.0005528172562847497	0.00028090709735205865	0.00017069623497694428	9.04599776235305e-5	0.00020089637087472665	0.00011365021003298002	0.00012054481407204306	0.0001243914691042929	0.00011910808962249577	0.00011396189830774252	0.00010368078145927412	8.921295433270355e-5	1.0373696823445886e-5	4.34424768878147e-5	5.9584819364819595e-5	-6.244864184998386e-5	0.00014482753498506334	0.00016317316273441315	0.00012040189240401615	9.823972160176745e-5	0.00011133259561832073	5.880634577879167e-5	6.823146389145149e-5	7.205499748582506e-5	6.36377254527266e-5	5.378268759192095e-5	4.108899684673829e-5	2.424746350512645e-5	9.461452103538956e-5	1.5041814503039376e-5	6.303541591351448e-5	-9.993911877954572e-5	4.1149385418450934e-5	-5.3353321990979577e-5	-0.0001242774405924886	-0.00013190622401956635	-6.357482378896396e-5	1.7902871049981905e-5	-6.217108600979865e-5	-5.913075375090686e-5	-5.529008118433762e-5	-5.1259908475089974e-5	-4.889107508318762e-5
9.264038901876767e-6	1.2505183282268326e-5	1.1738732654154483e-5	1.1312102679557432e-5	-4.943775704447436e-6	-6.492587718556688e-6	3.5798999538990284e-6	-2.192336160312567e-6	2.5917865922466085e-6	4.4794459152450996e-7	-6.341347756673595e-7	4.825031630519136e-6	1.0323789279697985e-5	1.2455519428213415e-5	5.419233075450104e-6	9.993878435701753e-6	1.1006814589337155e-5	9.067913690443048e-6	-9.391511065508142e-6	9.891854113743101e-6	6.0133664864957985e-6	1.0282309750795889e-5	1.0715562793235526e-5	1.4461612045184292e-5	1.860675223536439e-5	1.8462927489169682e-5	2.0078350693274313e-5	2.3334835874070227e-5	-8.714398101744981e-5	1.687643734332874e-5	1.649471622220983e-5	1.567366428213029e-5	1.3161960624059606e-5	1.1083723182594377e-5	1.532668623327113e-5	1.4869398159457481e-5	1.863820312815131e-5	1.07567143468331e-5	-0.00010304886751476056	1.161903239505391e-5	1.8221969299459396e-5	-4.3224650909452116e-5	5.177700340644074e-6	-7.713356788734745e-6	-3.422537613444318e-5	-7.817076311970655e-6	-9.07892309977721e-6	-2.256949600044282e-5	3.488477147463309e-5	0.00013673415740717205	-7.00717133391435e-5	-0.000434475758176008	-0.0006749373117761396	-0.0007558015661614302	-0.00022882978116898134	-0.00029812685699555017	1.6842092276285556e-5	0.00032714638787913934	-0.000143463014664353	4.450828320705239e-5	-2.957320337952608e-5	0.0003018231222107963	-7.401110059177679e-5	9.893392755647417e-5	-0.00019028266948023726	-5.3538942245971895e-5	0.00010747297565087991	5.208392729027719e-5	-0.00016311986022846678	-0.00024438094660696923	-0.0002541205515150125	-0.00035969215552441843	-0.0002980228814155792	-0.0003467387419951403	-0.0002636457924734331	-6.61930351154665e-5	5.9462614788532726e-5	-4.054380353690464e-5	-0.00016606182798584385	-0.000289880310297187	-0.0003008846306072166	-0.00014285381340697467	3.095125538470512e-5	0.00025442986117285137	0.0005459467941979607	0.00028399700700258365	0.00017627334382365857	0.0001874254925500929	9.97788355234109e-5	0.00011784250060663075	0.0001320607214729333	0.00017272439692505095	0.0001745994135427648	0.00011880451819747118	0.00010242009356692871	8.201777657674799e-5	-5.759113769245039e-6	-5.4370831695119224e-5	-3.6534598269646456e-5	-2.486060214538545e-5	-1.3045486900440696e-5	4.6594012843947756e-5	5.528247100140566e-6	8.101463436603054e-5	0.0001994373215367137	3.872179297410936e-5	5.4305882945925726e-5	0.00016700007483580947	6.186601903290703e-5	5.630804595125943e-5	4.579889913529367e-5	3.2508023099114304e-5	1.4691039059422633e-5	-2.347372608373392e-6	-1.9847817358411126e-5	-3.1120433236304836e-5	-4.117254206078701e-5	-2.2904557377173736e-5	-5.564078998219536e-5	2.5260661001855287e-5	-4.995352651737607e-5	-5.417910142787056e-5	-0.00014066291433378702	-6.004031485937981e-5	-6.147105296661439e-5	-6.22790764104493e-5	-5.752272957519904e-5	-6.360244426615517e-5
1.0670421396784062e-5	-1.265736073673959e-5	1.6122475103360495e-5	1.079237041764087e-5	1.3924528419955535e-5	2.990993404846417e-6	1.0052739327078377e-5	8.71393005376993e-6	8.624702026709542e-6	-5.37942728138824e-7	1.9766904195734508e-6	-1.624809242058167e-6	1.0356093691856784e-5	1.315949441794143e-5	1.0474672567876563e-5	1.1787041193499377e-5	9.163490009690234e-6	-1.1772904854910138e-5	-2.142786001824073e-5	9.467948527444288e-6	1.0447993204012215e-5	9.68679342341829e-6	1.5586178739842096e-5	1.7371365954859264e-5	1.8588612864849845e-5	1.9174799156427506e-5	2.159440020741473e-5	-8.25167310083291e-5	2.1236844605235033e-5	1.803893743646456e-5	1.8882998626299722e-5	1.677075239653054e-5	1.641300480167149e-5	1.9156953830901514e-5	1.7297081351491618e-5	2.093231457277764e-5	1.56038727164965e-5	1.0377603118263664e-5	1.586287463988087e-5	1.9111869540408468e-5	2.3541042332520055e-5	1.500302894789419e-5	1.5896523699145734e-6	-1.0711926866443676e-5	-1.3249535614440287e-5	-1.760340912898236e-5	-3.6389272311704605e-5	-4.010742242436388e-5	0.00011685295981627222	0.00015134999910300156	-0.00023974009632920503	-0.00052837351829165	-0.0007891801829156345	-0.00036967514123891843	-0.00022158990210305665	0.001180243062645866	0.0004646156163733996	6.383326585045895e-5	-0.0002522441944190321	-6.0222041012960355e-5	0.0002070812257356407	0.00017024528095271971	-0.0002517995073359966	-0.00011160758666483228	-0.00014144930743071596	1.0878251408346588e-5	4.992006353848107e-5	-1.144834420873991e-5	-0.0002342578011362527	-0.00041021386119983235	-0.0002537007657424915	-0.0004856039726469012	-0.00041095388878684353	-0.00019342949982212136	-0.00010707936076400628	0.00010929669557949466	5.4200879203015855e-5	-0.00017964753365972124	-0.0001547251183100628	-0.00017432839598947826	-0.00025167963807319095	1.9627529435537437e-5	9.603721418010571e-5	0.0005495118819309102	0.00029012046894305414	0.000168553534344194	0.0001810878179392861	0.00019387582173303105	0.00019967110970424114	0.0001642355803633871	0.00013895877479041347	0.00014139058656706914	0.0001762977012305291	0.00011812194583458871	9.384815129539256e-5	0.00013289880179817365	-2.5571942111643313e-5	-6.262842813538295e-5	-7.131852122861052e-6	-2.6743069794538284e-5	-1.5513589836063223e-5	4.4363386053917955e-5	1.1663617279617476e-6	0.00018498492092633824	8.806155937633123e-5	0.000149434964825054	4.608957772751429e-5	5.361831122319355e-5	0.00016292642589691092	4.379229393714412e-5	9.62593804541812e-5	0.00012596973899320265	0.00010698083337158095	8.869957899189005e-5	-2.7253137627611867e-5	-3.7885342351887596e-5	-4.7069464028190065e-5	-5.746175079229701e-5	-3.570278594525536e-5	-4.679014416508623e-5	-7.29838569613929e-5	-7.678807104960776e-5	3.165533027785824e-6	-7.96611705831886e-5	-0.00015584912721147487	-8.076778864499353e-5	-0.00015218810818072733	-1.3906167200412314e-5
1.678595201319214e-5	1.6790035470926957e-5	-1.086791930853708e-5	1.3401907152621158e-5	7.239277768441199e-6	6.623580776159675e-6	7.570682319829906e-6	9.787723221618477e-8	7.97661960066947e-6	7.336679930599493e-6	-5.895296051057865e-6	6.7589502330427965e-6	1.0300928393382766e-5	1.4870369819350597e-5	1.0959016122324939e-5	1.0261284742421497e-5	-1.432727540883708e-5	-2.0553454959648383e-5	-2.7164534897173415e-5	8.807917108038274e-6	-1.908682615075043e-5	1.3981856085846026e-5	1.649995768022018e-5	1.888023474251588e-5	1.9691938177062362e-5	2.0718207462718636e-5	2.2526606458107942e-5	2.2941756726603535e-5	1.873015557239254e-5	-0.0001279763161107577	2.018734223823294e-5	1.9020608075834386e-5	2.1586336275949882e-5	1.9426729836057488e-5	1.8367445784034505e-5	2.412297627233924e-5	1.7201562143497008e-5	1.541429181572962e-5	-9.924181039653126e-5	2.536221374553919e-5	2.5527692210033665e-5	1.4364922395302283e-5	-5.905914355468786e-6	-1.3518173426652503e-5	-2.2556294212556192e-5	-3.3593503383592136e-5	-7.618850211298317e-5	7.605326767041098e-6	0.00022357732214687296	5.848740416531067e-5	-0.00039036954524986176	-0.0006154513325111986	-0.0007971684201222239	-0.00018321255231641773	0.00030371307420511747	-0.00010927210059445084	0.0005485803650633818	-6.691561805370963e-5	-5.7415188413211145e-5	-7.550314175643232e-5	0.0005274073366089952	-2.7140010653234087e-5	-4.175734661426237e-5	-7.831875306392932e-5	-9.214914293706076e-5	7.535598928613222e-5	0.00021559631878341305	-3.821357283901022e-5	-0.00026353562182425405	-0.00041260431460061033	-0.00024724858733189865	-0.0003251334548940929	-0.00024907123610874585	-0.0002799270330015196	-0.00017600473896060842	-7.038276428222336e-6	3.478719824580702e-5	-0.00010366559624380408	-0.000249826246851762	-0.00024612344341603436	-0.00010384323894383537	8.143908005805913e-5	0.0004228962144678448	0.0005398873728301181	0.00015624194448552202	0.00016940151447906527	8.414467471298858e-5	0.00010126008719005611	0.00011277160023589507	0.0001310340059082352	5.739634415522551e-5	0.00019038938339090974	0.00018105396336867436	9.342678437932643e-5	7.344386964576108e-5	3.8859017172209864e-5	-2.9752902192706036e-5	1.9410879902976522e-5	-9.770526644454266e-5	-3.294347886418931e-5	0.0001273892237748644	4.505036325294252e-5	-2.77445742532861e-6	0.00018590549188322175	8.199419127583735e-5	9.233268675103417e-5	3.983591881503816e-5	0.00016323498297606247	3.739897395277879e-5	9.111758434135605e-5	2.0759395214801826e-5	0.00011706830790259503	4.371362893495177e-5	8.089497130374813e-5	-9.356129756070007e-5	5.135202841223172e-5	-1.884803506325885e-5	-6.766077714714935e-5	-7.65365863498492e-5	-0.0001471740957070648	-6.731555521549497e-5	-7.93102375309441e-5	-8.922544804147183e-5	-9.495113259302425e-5	-3.273707813328491e-5	-4.280746666912604e-5	-5.4465303419443936e-5	-7.81664839931721e-5
-1.77944815051912e-5	1.3802559512170252e-5	1.2600922214663014e-5	1.2067548740666992e-5	-7.706532255933078e-6	8.688094599647745e-6	6.005405428523823e-6	3.56940858629119e-6	3.414070281606901e-6	-5.885756955253377e-6	1.084776284442508e-5	1.2905040150180448e-5	1.70742092192068e-5	8.143595314825437e-6	1.0054265021825241e-5	-1.657942069229661e-5	8.97403845875552e-6	-3.0268498026849756e-5	8.683306030297672e-6	8.686629012274062e-6	1.006770323855983e-5	1.5555476312168305e-5	1.9196590863204796e-5	-3.8026345675012084e-5	2.0707620254166838e-5	2.323193264161061e-5	2.3462238525857404e-5	2.1316425346679384e-5	1.812891076396876e-5	2.1120690008401125e-5	2.2331246828821054e-5	-0.00013603371163195066	2.405380140362305e-5	2.182221575771281e-5	2.2016831010116433e-5	1.587150147258989e-5	1.121200878841154e-5	2.0164024896933506e-5	2.559732819279719e-5	2.8775441645487957e-5	2.9795341437573956e-5	-2.731844254832993e-5	-7.804810908195554e-6	-1.917839432272867e-5	-2.63364559046676e-5	-6.572452577399863e-5	-9.005337866815444e-5	0.0001076717278710804	0.00027276542976050855	-0.00014383058404755832	-0.0004976184925178256	-0.0006617799401124284	-0.0005693418524271724	-0.00021849206807512522	0.0007406849053057346	-6.513060438375533e-5	0.00017009761350259434	-0.00018851236023684388	4.025483420856679e-5	0.00010660832879782079	0.00023954604877097488	-0.0002459094941013786	-1.4119368298641088e-5	-0.0001911112219881491	-3.986822974688057e-5	-2.2800374020173677e-5	-0.00010267028370449871	-0.00023028799671529106	-0.00028437163257757653	-0.00041630633680659777	-0.00035794858377921493	-0.00043201157687335285	-0.0002146492010947354	-0.00010930117735092216	9.845064581463737e-5	9.483152129414118e-5	-0.0001062289989589571	-0.0001155023414178293	-0.00023326452091147233	-0.00022031652053765196	6.404396346024795e-5	0.0004078429312051818	0.0007043779170286778	0.0001855454228580659	0.00015034259390956988	0.0001632370930475897	0.00018216387392418643	0.00010275036300606529	0.00012165731137651469	0.00013996391311383747	6.450953675271424e-5	0.00014947233864155435	0.00012926015131158172	2.8269439375934978e-5	2.3998027893156436e-6	-2.7727099984338043e-5	-0.00012040061969492526	-6.831638238147123e-5	-0.00010306312380155887	2.8103317113161927e-6	2.6823294275784768e-5	4.153545986854915e-5	-5.327724467460264e-6	6.607801850928375e-5	7.68868915445144e-5	0.0002122907170591529	9.052660004308646e-5	0.0002188824090568588	0.00020953624628312385	1.3440559355466872e-5	0.00012099091795875596	0.00010355866390725959	-2.825487368265456e-5	6.649772863571058e-5	5.055600160597663e-5	-1.732542578500849e-5	2.4711721031509416e-5	-0.00014882685674722754	-6.626167873611632e-5	-8.362493983555164e-5	6.21119880405026e-5	-4.699235593986638e-5	2.1425248454919445e-5	-7.326583256924953e-5	-0.0001049949219500575	-0.00014446389949498138	1.1045404291609847e-5	-1.3356994681005055e-5
1.5157842433199985e-5	-1.656248143394422e-5	1.437818237690541e-5	1.3384986415126358e-5	1.118751218727183e-5	8.58688924190086e-6	1.110106057639282e-5	-7.739785231270294e-6	1.103762999890421e-5	1.268711284115715e-5	1.498127463715938e-5	1.7272486312542082e-5	1.2331398643373223e-5	1.58311418746397e-5	-1.511682364400762e-5	1.4103548139251772e-5	-3.956031551295052e-5	1.1412927316881952e-5	1.1185668494182463e-5	1.2562343052073869e-5	1.5849584683560103e-5	1.6801305520084916e-5	-4.147932617438869e-5	2.164026654616802e-5	1.980354550472265e-5	2.4445387686134823e-5	2.40865906245215e-5	2.1315756585581994e-5	2.4002102519550647e-5	2.4382814174182376e-5	2.406662462688862e-5	-0.0001543129748657107	2.642232898317188e-5	2.0129435398865423e-5	1.3006499451748599e-5	1.7257539620605918e-5	1.8215780216891556e-5	2.477769984762443e-5	2.6966920884509502e-5	3.317588099132729e-5	3.0111709738489317e-5	7.983615206834946e-6	-6.9439437755879855e-6	-1.9158690485082978e-5	-3.697051798349127e-5	-0.00010004211014672621	-4.2254079633692035e-5	0.00022209512282954152	0.00017858097182014109	-0.00030706326405674435	-0.0005336818908264628	-0.0006805040780692587	-3.0075927241078257e-5	0.0001757309854024812	-1.3945659494765672e-5	0.0009586612597452379	2.9317725524530703e-5	-0.0002949976672862102	-7.27302280091862e-6	0.00026662946040472736	3.582937618828953e-5	-6.659676643522468e-5	-0.0001388004909679214	-0.00015375370598305496	1.6920550086991712e-5	0.000214080993547383	-2.8934829152942477e-5	-0.00026461421860544954	-0.00029440036691586336	-0.000401296344184638	-0.0003446019895342019	-0.0002681332047276691	-0.0002937540365789324	-7.96648556455914e-5	8.52164380924468e-5	8.327990063685363e-5	-4.076129905563296e-5	-0.00021186166601138128	-0.00011324226680541581	-8.125004157522302e-5	0.0002686627457616818	0.0006304254358037008	0.00033151484976668777	0.00015771501773966488	0.00015772802878951308	0.00016539425843063163	8.599788483462526e-5	0.0001054760985737084	4.126415818640934e-5	0.00014510363293832648	0.00015009613711515274	0.00010699603040293564	0.00012294525739282337	8.866045285923834e-5	5.8466386389556275e-5	-2.956953259242081e-5	-7.595414323138512e-5	1.304711529545935e-5	-5.7631603306181316e-5	-2.750124481769225e-6	2.1661498187739835e-5	3.5753848742123805e-5	4.86418846152312e-5	-5.033895142999428e-7	8.852460575447304e-6	0.00014771206069545987	1.9600559505667317e-5	0.00014825939005397738	0.00013757211649750118	0.00011919714692966042	4.806435093990995e-5	-3.948266563086854e-5	1.2370808423966487e-5	4.312655447872215e-5	2.671218042037864e-5	8.447552281120978e-6	-6.506962831258497e-5	7.45158595393642e-5	-5.344417776764038e-5	-4.646676771026775e-5	-8.65832687504866e-5	-4.427403570980877e-5	-0.00011899278609909993	4.234820301329779e-6	-2.9901065578540357e-5	-9.786338358676165e-5	-8.94117730375983e-5	-8.478991029994094e-5
1.8074887499406028e-5	1.6589881873493623e-5	1.4326568536642838e-5	-9.645443851302358e-6	-5.90051156891514e-6	1.1504565283423115e-5	1.3483662717158392e-5	1.068291086210539e-5	-2.2235372087604495e-5	1.4693151004830144e-5	1.6332659998171328e-5	1.872663304519341e-5	1.112640864024282e-5	-1.9203012122559655e-5	1.97793571200263e-5	1.858318904052127e-5	1.4183193153171811e-5	1.2408446410177264e-5	-3.686564651258996e-5	1.2733958286030079e-5	1.6190259007823997e-5	2.026481579969774e-5	2.081395193036684e-5	1.928517895141864e-5	2.3570223878629712e-5	2.427827052369077e-5	2.118338960414867e-5	1.8252582734023973e-5	2.256502376406385e-5	2.468885341282102e-5	-0.00015885733851318134	2.9848679252514007e-5	3.093796430551736e-5	2.08076449427578e-5	8.985928081335724e-6	1.2442682680767155e-5	2.174316387004889e-5	2.9451166877993628e-5	2.8281777060555667e-5	-2.0949727663532652e-5	2.673411384759394e-5	1.0280032715593787e-5	-1.0216760781396822e-5	-2.003952848079289e-5	-5.9150279820798695e-5	-0.00010737767609764735	3.391614861580428e-5	0.00029856680451990306	4.6090649796555905e-5	-0.00038910356578063807	-0.0005107488364358074	-0.0005948368828842423	-0.00015532957943602222	-0.00029002047187495425	-0.00021529002283119172	0.000309987436882468	-0.00011431424163862135	8.540450955617273e-5	-4.882236646465985e-5	0.000280179060694382	-0.00013250144149649055	-0.00019594069513527912	-0.0002415121657499148	3.6318470535573206e-5	7.08963198523373e-5	7.196891315845678e-5	-6.134272471961097e-5	-0.00029569970053984094	-0.00029109396476652543	-0.0003902266239469215	-0.00031226834228251666	-0.00023282683678210086	-0.0002672946567295882	8.929687786914846e-5	8.699551568400795e-5	5.244459122734574e-5	-5.823968553141405e-5	-0.0001095184963961532	-9.102849353418091e-5	8.705685779368099e-5	0.0005723502483738377	0.0005645447106576978	0.00017010611021778775	0.00016741834793912837	0.00016975707817733698	0.00010565370712119996	9.300861516798068e-5	0.00011627919034560858	5.546545131865366e-5	0.0001381627112358218	0.00014051255913671064	0.00013485565918495371	9.77968541434845e-5	1.732549770835359e-5	5.329841436086703e-5	-6.512836635292263e-5	-7.108140800733513e-5	-0.00011706821684568693	-0.00011011571135258235	-4.739690100306025e-5	5.9275674410212264e-5	2.8151030811013594e-5	3.9078624038506315e-5	0.00011961654404286188	4.0753576400695546e-7	2.6546421639768794e-6	0.00013734751137647145	-9.441767659058506e-6	0.00011547617950877307	9.710962199779936e-5	7.061303371041876e-5	4.6570806037534145e-5	2.36556503773952e-5	0.00011761136302304619	-2.518434178151079e-5	2.425385461583135e-6	1.8040449385812833e-5	-3.465641208544182e-5	-6.514855216351186e-5	-8.961023841120739e-5	-4.4074373119403496e-5	-4.182747708540843e-5	5.344278440684905e-5	-3.0155276225503434e-5	-9.907543739724658e-5	-1.7011353466595555e-5	-1.1699646275888272e-5	-7.860390010169934e-5
1.8692210676657384e-5	-1.5913132678146622e-5	1.4737543292358114e-5	1.3194245545173071e-5	1.328778920963331e-5	-5.0530466859214935e-6	5.291500048024242e-6	1.4189546306132665e-5	-1.9666354834664687e-5	1.8579885235433147e-5	1.854697174255202e-5	1.7794526224626604e-5	-1.8521953772498013e-5	2.1769856833078164e-5	2.170826993265712e-5	1.4323656198953036e-5	1.2173496125550236e-5	1.3568580313169957e-5	1.2470513333168935e-5	1.7115920033027683e-5	2.1661341273397747e-5	2.0492747540564273e-5	2.087738402399076e-5	2.4454461801262737e-5	2.4380176220573568e-5	2.342951763568686e-5	2.1551438996749946e-5	2.512145224214577e-5	2.6285392189014252e-5	2.8998988811240484e-5	2.5397585065456288e-5	2.7007418458716362e-5	2.6779741698458397e-5	1.1395763319520962e-5	1.1062493414292981e-5	-0.00016983306626167365	3.024119073610364e-5	3.1005495121557433e-5	3.1324534282264806e-5	3.8562076078520234e-5	2.2994178227514267e-5	2.430257225234265e-6	-1.8061293028623924e-5	-3.445996151870117e-5	-9.31684635879467e-5	-8.157471499063273e-5	0.00012600475319015899	0.0002332530636737541	-0.00014504769268378526	-0.00044124952738038297	-0.0005737162665414271	-0.000386215036730724	0.0004958401624818387	0.0004179072152334356	-0.00010137824105542178	0.00010916461425813278	-0.00019909749681941338	-0.00012490437279018317	0.00029221614765214494	-2.2554288935366235e-6	-0.00014598821992567543	-0.00018662240698613186	-0.00020761287253436098	-6.037641240221698e-5	-1.242705685173531e-5	-8.858989337355572e-5	-0.00025853381808303884	-0.0003039179812652651	-0.0004278491615425026	-0.00038444042629377133	-0.00031288172188352094	-0.0003448636354294208	-0.00010694422164513311	7.412664292177299e-5	9.312533675091134e-5	-9.338116195346975e-5	-7.542816739133278e-5	-0.00019188893285182647	-0.00017838571447412232	0.00039087115704637427	0.0007625643533643641	0.00017769495938501365	0.00015665515590122022	0.00017088479075823672	9.136195280679731e-5	0.0001951151914736794	0.00010550667025793119	0.000127955050904815	5.174696002932305e-5	0.00012334712750902916	4.710029435240921e-5	9.877149780215724e-5	3.3000613722106165e-5	1.3771712551987128e-5	7.5977663338577285e-6	-5.7465760270685416e-5	-0.0001065829064763376	8.484611254892631e-6	-6.274963699162694e-5	3.7249181046184604e-5	5.425320709227929e-5	6.910116833774155e-5	0.0001490150678761003	3.5775141170482465e-5	0.0001779345577401911	4.150389256406262e-5	3.209711031175455e-5	0.0001561901008288345	7.713517154304527e-5	4.899630318192655e-5	-3.716773958285227e-5	-2.489211373653006e-5	1.6485347946292982e-5	1.0197249689851244e-5	-0.00011002015123466255	6.209100756867552e-5	4.031758801402614e-5	9.155623374820137e-6	6.613556333208274e-5	-4.496853518933365e-5	-5.0455476956277456e-6	-0.00010639412982982885	-0.00010216291299676287	-2.512693171144594e-5	6.581315565169343e-5	-8.557269885028679e-5	-4.805625482854833e-6	-7.453651690344848e-5
1.9418597620597645e-5	1.7168171774324063e-5	1.5230255655593187e-5	-1.0726048806944345e-5	9.089594193618673e-6	1.592978635179995e-5	1.3571237201772312e-5	1.8580413432704496e-5	1.1496637774688475e-5	-2.9065063823189457e-5	-2.5298967369646343e-5	1.5108878982512106e-5	-3.7141496620215304e-5	2.536307878711814e-5	2.069339810496036e-5	1.695389740621195e-5	1.299438202721141e-5	-5.636316575309639e-5	-6.085023216068411e-5	-6.746814210159492e-5	2.1871306225563483e-5	2.2637254623815895e-5	-4.8972327926981134e-5	2.7337929524431166e-5	-9.180829337256818e-5	-9.878716410684197e-5	-0.00010204786785855799	2.1572958694474043e-5	2.454278512333788e-5	2.4299825473157255e-5	3.054422858631521e-5	2.7488284323564684e-5	1.8538440246215803e-5	1.3563163342253533e-5	2.2158125449354884e-5	2.9124340517254314e-5	3.229062483422725e-5	3.8004922777719156e-5	3.3635931112239136e-5	3.579941950733695e-5	1.6558791228904078e-5	-8.256972524881478e-6	-3.844695924740387e-5	-6.073655740581512e-5	-0.00011244547738147037	-2.3808356927524808e-5	0.0002143252082536433	0.00013994683887533547	-0.0002365222441087886	-0.00043735756172799656	-0.0005444112224333277	-0.00017537464565758887	-0.00011592648618194033	-0.0002588576000101396	0.00038800761138808957	-0.00012615509248069387	-0.0002662918799542979	-3.553428593908517e-5	0.000245323963439059	-0.00012947632394490422	-3.3903756039598606e-5	-0.00013969622983543836	-0.00017527844493081621	-2.480863956824935e-6	0.00016014370650507424	-0.0001723755115646923	-0.0002688604986767233	-0.00029458802678273676	-0.0004230914588818015	-0.00036774068591637196	-0.00029000581742349334	-0.00018108265595275343	-8.124398084960373e-6	6.317066774731185e-7	0.00012875331354395177	5.782091626414104e-7	-8.57464755707341e-5	-0.00011163848508454486	6.418316703703632e-5	0.0005822883781524558	0.0006166208551120151	6.17041715459581e-5	3.823164438674937e-5	7.102363240190463e-5	0.00020865338786855026	0.00012643026214708038	0.00010040655352892402	3.4297679658758934e-5	0.00013443737558708905	4.116564371787774e-5	0.00010076938908797637	9.072560100282503e-5	2.276610978781731e-5	4.740795583331025e-6	-5.4855374821091187e-5	-9.833903210797494e-5	-4.527659534109881e-5	-4.048269295965504e-5	1.644863726275262e-5	8.210096893230667e-5	9.942278703642393e-5	0.00011389018849669976	6.525140880189739e-5	-5.226653988318897e-5	8.606680120465567e-5	-5.520570504554366e-5	6.755358418002091e-5	3.6689626058614144e-5	0.00014013144103478935	8.604074304010808e-5	5.451220908261802e-6	-1.7752460765283785e-5	0.00011192842621241808	-9.009397755767919e-5	-4.094117054551658e-5	-9.475641651408005e-5	-4.125059535429977e-5	7.5342928554014e-5	-0.00010172934784697372	-0.0001016171876761071	-0.00010171955810916317	-2.8794385517263033e-5	-2.4255482051879686e-5	-1.2475812228402664e-6	-8.672821947819636e-5	7.94275008448198e-5	-3.030381650389463e-7	-7.034698875628864e-5
-1.8155804959038774e-5	-1.6771274358324802e-5	1.175347708404483e-5	-1.1406498152065055e-5	1.9899097158016963e-5	-1.855591425220282e-5	1.0361194405958635e-5	2.3990818723352886e-5	2.039849218449859e-5	1.62330859517919e-5	1.6532746442910395e-5	-3.524332833515091e-5	-4.6374877647564175e-5	2.562899116966813e-5	2.4716027923636966e-5	1.908743207093967e-5	1.679627660161132e-5	1.664555023454513e-5	1.8836070448297092e-5	2.4546319313535864e-5	-6.812542133014887e-5	2.5311977440927542e-5	2.3534281241854318e-5	-8.998140165151862e-5	2.5883627630828476e-5	2.6247144732838203e-5	2.4468992860624157e-5	2.4450846747125078e-5	2.7399796111827286e-5	2.999923267400632e-5	3.2869173316449124e-5	3.355805177749044e-5	1.7891371903341587e-5	1.7578687673354865e-5	1.8328488709394206e-5	-0.00015065398785825412	4.096712485664362e-5	3.6237179279315296e-5	4.009037729190074e-5	3.272730354363866e-5	7.4963018257591125e-6	-2.1538460984367198e-5	-3.6483176048223006e-5	-8.794704907818976e-5	-0.0001050973126113814	4.009554067550651e-5	0.00026449998941071467	4.633691886967296e-5	-0.00030514581878296997	-0.0004705654166137349	-0.0005593363122883698	-0.00017951790771631327	-0.0003303847081638153	-0.0003232294256839746	0.00035693584427212623	-8.884457326838744e-5	-6.517629652345392e-5	9.220785973304124e-5	0.00026662327910323457	-9.187582456105393e-5	-0.0001719671268319233	-0.0001289733642937307	-0.0002823689976961955	1.1775973637339916e-5	0.00011713687837605017	-0.00019355261101731145	-0.0002724227886641262	-0.00028250318629941505	-0.00038728537493200365	-0.0003295554370087413	-0.0003603332216902755	-0.00016362168591434667	5.9020035722895034e-5	0.00010149954178414761	-1.0503979804808716e-5	-7.798595042017879e-5	-0.00013614150698751772	-0.00019931659424222417	0.0003278665043265428	0.0007457001881813296	0.0003498887755571181	6.65017281718935e-5	4.246170864090739e-5	0.00020613287994690433	0.00011773677919170748	0.0001358057671582702	0.00012200574104538186	2.8738845485626763e-5	4.284939816150699e-5	0.00012364486233799486	2.303721568414985e-5	2.491681857393329e-6	5.205407413446609e-6	-1.2462946781957931e-5	1.3846471542948869e-5	-5.005466309492088e-5	-3.8841601144624927e-5	-4.616679753782164e-5	-0.0001049902018459615	1.7355030248944123e-5	8.4361903740361e-5	9.306163800745261e-5	9.488914779725481e-5	2.856963850437046e-5	0.00015922259857359834	-2.0120564123149443e-6	-5.837952044542884e-5	0.000202592185773716	0.0001406551799817339	-2.0336941865522346e-6	-7.769998565138915e-5	-3.713987134797104e-5	-8.998356246417861e-5	-4.248524903116514e-5	-9.078072638049259e-5	8.751918655212215e-5	-3.9336203182968555e-5	2.6302450048937536e-5	-3.390221504636281e-5	-3.075763516078873e-5	-9.619174332546111e-5	1.2119920657626413e-5	-9.196917520811441e-5	8.4475728732603e-5	-5.356662627318013e-6	1.076876694315913e-5	-6.943183052288745e-5	-6.398878700939609e-5
2.299053630573167e-5	2.118376155993136e-5	-2.0440080313700122e-5	2.170363192476244e-5	2.1626437475405415e-5	-3.2251066760532554e-5	2.2377482527945354e-5	-3.4253502519588806e-5	1.5799261170461494e-5	2.6364917901092395e-5	2.353981826561753e-5	3.0680881311176975e-5	2.8513132110097577e-5	2.3195633064733282e-5	2.2321503294971297e-5	2.1767743893151515e-5	2.1720806314074132e-5	2.454373655761213e-5	2.5143867098615714e-5	-7.704431670775655e-5	2.606646260694856e-5	2.0984632735852578e-5	2.891528581747257e-5	2.7411175091547027e-5	2.903275360782796e-5	1.8893344865975807e-5	2.404812880967195e-5	2.9559800878664567e-5	3.28634789651045e-5	3.267457884042688e-5	2.5194490794849507e-5	2.6548108411366842e-5	1.6904741356607383e-5	-0.00016854755278992517	2.1293989181945584e-5	2.9245504280289627e-5	4.149331786049539e-5	3.9685014824531384e-5	4.2435756394262284e-5	2.9125097024016388e-5	-2.4989568348622398e-5	-2.9955706307360167e-5	-4.3412957858180844e-5	-0.00010851834994805593	-7.68312089417713e-5	0.00010960064303306783	0.00023104795556765458	-5.711162561630322e-5	-0.00037439860843350927	-0.0004836795005911591	-0.0005504884268733509	0.0003958690301683176	8.697578955685261e-5	-0.0002233782176769717	0.00022569055886522684	-0.0001564876660646239	-3.5884662868751124e-6	4.042703681323605e-5	0.00021549899524683737	-8.734391573970123e-5	-0.00014111819084288053	-0.00010541386505948536	-0.00011877451886522757	2.7749537794817015e-5	-7.047159727680344e-5	-0.00021550252302098222	-0.00029459183397915903	-0.00042751405613967054	-0.0003915539325219505	-0.0003318809537093941	-0.00024505972030945504	-0.0002510928933737518	-3.414572302959124e-5	1.9453756993793175e-5	-1.3174316861217731e-5	-2.2995119572934933e-5	1.652502781150037e-5	-1.0649612141352526e-5	0.0006804350321534575	0.0004933989120525372	0.00010581167946795535	9.074475601903755e-5	0.00014930532517162115	5.1791748038622614e-5	8.72016933437642e-5	0.00016206706768398093	5.503070663513037e-5	0.0001073948486662933	2.7359365866567748e-5	3.6003568080647357e-5	2.4515954937258302e-5	-7.77219697406734e-6	-1.3983808298239503e-5	-7.026409500871401e-5	-6.232246668257764e-5	1.0917380037632918e-5	-4.543153020916766e-5	-4.107315261427363e-5	5.598487576126063e-6	-7.310528058730812e-6	7.551080759564573e-7	4.848936758998284e-5	0.00013392301363413265	9.544527371419757e-5	0.00014763675410215272	9.683490965884398e-5	8.513305001080305e-6	1.860400075702831e-6	0.00014852507777971674	-1.6390582390809864e-5	-2.4411749909422544e-5	-7.929371402158429e-5	-4.302946177583847e-5	-8.837577631505382e-5	-3.839434135336026e-5	9.203313858848036e-5	-9.028599342986708e-5	-3.173774453177781e-5	3.2153026855134695e-5	2.8758614264040062e-5	2.5019560655904338e-5	-8.771728012577497e-5	-9.644746556775009e-6	-8.046370820074676e-5	-7.378042292346216e-5	1.0414110808191438e-5	1.2567360819562817e-5	-5.901458848231217e-5
-2.440787540083667e-5	2.405700287695645e-5	2.3538369811338647e-5	-2.3361920546639196e-5	2.5042818220433107e-5	-3.9566267344549703e-5	2.695225695640332e-5	1.827630995557218e-5	2.2379103293766712e-5	3.144387165159994e-5	1.9841098492205536e-5	2.9729363368071187e-5	3.0927878489515e-5	2.3063612478710686e-5	2.6502457196352688e-5	2.0438632455202803e-5	2.411705065783116e-5	-7.398449502848232e-5	-8.258441014420866e-5	2.927272697914767e-5	-8.283982559313956e-5	2.5480365916480093e-5	3.592987633166617e-5	2.3523314580361013e-5	2.9883579955776733e-5	1.932792193325378e-5	1.6071438423224797e-5	-0.0001575353797541592	2.744852096049535e-5	2.684990342243247e-5	2.374648295691193e-5	3.29508341727347e-5	2.2512727716544282e-5	1.301633111002419e-5	2.8076409136918714e-5	4.377234563208933e-5	4.597120426021487e-5	-2.420178817715945e-5	4.183832191242184e-5	1.8123407253409153e-5	-3.415454177706342e-5	-2.3516711302680503e-5	-4.857640854589052e-5	-0.00011418926434296592	-2.8891440145953394e-5	0.00023832959863687771	0.000191153634559988	-0.00016525417406841603	-0.0004035687012484779	-0.0004730745829077112	-0.00026246576312289075	8.150321091723693e-5	-0.0001436172830851989	5.735672232270268e-5	8.234818330513137e-5	-0.0002035256688034297	3.879891126152722e-5	0.00014786296152580463	0.00012935433884741013	-3.0695494739291056e-6	-0.00014643299032611337	-0.00022991506114567123	-0.00023951742743951983	5.515121212198038e-5	1.5605896168228734e-5	-0.00035794436507893867	-0.00042294797566377103	-0.0003981559758794973	-0.0003866245423516583	-0.00028823047785275823	-0.0001907066576246918	-7.68649018270391e-5	-1.768329105826874e-5	0.0001263418346779399	6.62128820272021e-5	-3.895931015196648e-5	-3.629938719268335e-5	0.00010342989805504476	0.0011661590988992516	0.00030076205038214246	-5.0271133417070096e-8	0.00012435690199581175	0.00017792514293739738	2.6478648921125086e-5	7.965884116113838e-5	0.0001769235078562595	9.149017908348595e-5	1.2749417391329666e-5	1.0015970899708224e-5	6.002627678951093e-5	1.1861059577243909e-5	-5.931146306969613e-5	-3.080210522478279e-5	-8.335238808396175e-5	-3.5969411669913715e-6	-2.2930498163827896e-6	-0.00010523605747366459	-8.182432949315963e-6	-6.64708870255987e-5	8.430610272917513e-5	0.0001288851497767917	-6.178608759994583e-7	0.00010464933787741751	0.00011287948968792668	1.752615661099622e-6	0.00015702864495558072	0.00016591399654467985	4.836854554676837e-6	-7.0775431157237e-7	-1.046036262952266e-5	-6.731978429322209e-5	-2.845829501214696e-5	-3.3646003412214544e-5	-3.480682114145699e-5	-3.7031842834559826e-5	-3.3010074648043156e-5	-3.073460052478781e-5	-8.463239307540476e-5	-8.450575203597984e-5	-1.6953405116566485e-5	-1.3313561246376237e-5	3.3495082341427436e-5	-7.84617725576545e-5	0.0001034039158332833	7.231490821700028e-6	-5.774410295079761e-5	-5.710199718889455e-5	-5.2631646109752754e-5
2.5250894785399953e-5	2.480960553745854e-5	-3.2680503349669175e-5	2.5573845464989557e-5	2.2664077206407593e-5	2.447213489309468e-5	2.4734847170414763e-5	2.4812063037919535e-5	1.973632121137853e-5	-4.015793956751074e-5	2.8812198893163788e-5	-5.234739052750135e-5	-6.532833886773148e-5	-7.105903270416506e-5	2.7480699020820693e-5	-7.738125613207579e-5	-8.791269419697724e-5	2.413117604187394e-5	2.7946921321428593e-5	-9.286300322886411e-5	2.2616934165242708e-5	-8.194101966636953e-5	-0.00010293996680473699	2.6526966598711902e-5	3.460838616138606e-5	-0.00011005930609934566	-0.00013141590652054056	-0.0001601989014223394	2.28484238764924e-5	2.3764906703688704e-5	-0.00021469869991545202	3.547909845012982e-5	2.2483699178122525e-5	2.487472491271279e-5	2.614274980000913e-5	4.250151194177805e-5	3.744808001782368e-5	2.892270097593541e-5	3.600802759835852e-5	7.358452251000056e-6	-1.0865087135388191e-5	-9.479490039248717e-6	-3.165034747211362e-5	-9.82076352054476e-5	1.6281678576133803e-5	0.00018406714528702264	0.00011181430367592773	-0.00023270589036126013	-0.0004054685649570338	-0.0004715480328630183	-0.00029708426372099337	-0.0001270834189846283	-0.00030845624271873175	0.0004523136415389515	-5.2351054479918366e-5	-0.0002683775771290505	-4.389926827711409e-5	0.000253071384838197	5.8572213668779075e-5	-0.00014942788790754061	-0.0001917195072694911	-0.00021037237364220519	-7.173919329511464e-5	2.611956244307932e-5	-5.497013756772338e-5	-0.00028211878197818277	-0.00044456407043243305	-0.0004358085438015721	-0.00040710094810773173	-0.00022714037021495312	-0.00015650903568571392	-1.1828156549317966e-5	-7.201463604608995e-5	0.0001514263082289793	8.444568691238878e-5	-0.00010844791124399802	-5.1019836600290584e-5	0.00047321980533047894	0.0008232500117926205	0.0001861726995143649	1.5020521624197966e-5	4.9894036739967385e-5	0.00013928933304237787	7.484035959744607e-5	7.342155510407745e-5	8.2506848395527e-5	0.00020993415616679494	3.7493476974920486e-5	5.2124718515284343e-5	5.5781914334830044e-5	-2.4767684737392413e-5	-6.589345417531587e-5	-4.191387986339414e-5	1.5867669999254132e-5	-3.824441875684842e-5	-3.97786932034949e-5	9.32907487707739e-6	-7.413215535824165e-5	1.6181437527988327e-5	-9.236591396609341e-6	6.008686545213313e-5	0.00013705419010466438	6.203465796717801e-5	1.0007797091229204e-5	0.00014380284767990473	7.684020079862892e-5	0.00017222075459126475	1.3742737006675488e-5	0.00016443842019893146	-3.3440722592881396e-6	0.0001477811273927843	-1.9576408431998173e-5	-2.6484602625481864e-5	-3.087569756285262e-5	-2.9575474420902954e-5	-3.05515771424614e-5	-8.043695227978381e-5	-1.824131232326426e-5	-1.6838824700524807e-5	-7.593661433442271e-5	-7.680795479280246e-5	-7.25019380307427e-5	2.29495960226366e-6	-6.6646931278653e-5	-6.046624188543303e-5	2.1683805376087857e-5	2.254818907800548e-5	-4.9968416327579026e-5
-2.1308236641469868e-5	-2.8254970282958e-5	-3.788587640112716e-5	2.2281530055227275e-5	-3.429002010248898e-5	2.3405787006047514e-5	2.983587183664181e-5	-4.877136198213163e-5	-4.509007224488945e-5	2.7684678084751964e-5	3.085206010995889e-5	4.0599149572426705e-5	2.984553775662815e-5	2.1952035008639755e-5	3.090762683705605e-5	2.393282756490804e-5	2.0758157887732138e-5	2.698467527743496e-5	-9.67045599602743e-5	2.676818761882904e-5	2.1136663418323907e-5	2.9637947959542895e-5	3.8364078388273344e-5	2.3877098984220724e-5	3.3180898030475236e-5	2.3603367185863065e-5	2.141860737792285e-5	3.214369247674673e-5	3.737777619164991e-5	1.9016189859151576e-5	2.9774066909785102e-5	3.5931431636869915e-5	2.1076646539970405e-5	-0.0001648116062012814	3.849863097003315e-5	4.059093534518397e-5	3.0179479131225767e-5	2.624976463801046e-5	2.7716823948841884e-5	4.377913959925715e-6	-1.1227101328085617e-6	2.8119950810782165e-6	-4.045017579368238e-5	-7.917505015361749e-5	3.690129453463235e-5	0.00014290455141319734	2.596616888554887e-5	-0.0002589859098927575	-0.0004097096600902709	-0.000466923965542535	-0.0002567385785993731	-0.00019355568765640034	-0.0002716388740235144	0.0001629263362129714	-0.0001215762597320388	2.754951778373557e-5	1.5658091878987916e-5	0.00024797158088059367	3.981368810135116e-5	-0.00017985839181751308	-0.00027007668115492734	-0.00018133197017303334	-6.060304153062768e-5	-1.4722995406472525e-5	-0.00013002241689909428	-0.00041900925064980226	-0.00033501599793597184	-0.0004326880184679963	-0.0004913099760425993	-0.0002974549250834191	-0.00012284892527812284	0.00011297494907789403	-4.1689613922020995e-5	0.00014844602699922056	9.153713858871346e-5	-2.0831321375016244e-5	0.0002046366695738545	0.0011930826564742142	0.00044395141657691895	1.130894028462167e-5	0.00010268455926676964	8.021120889553125e-5	7.758317533267762e-5	0.00014430503439524399	-5.338399026082272e-6	2.6816939246751374e-5	0.00013431643465964703	0.00015043883886379193	-8.711314279916983e-6	-7.385278366993245e-5	1.239082876680446e-5	-7.201261097506762e-5	1.7723790117589715e-5	-8.043789888360128e-5	-8.115536479685274e-5	-8.961767784271962e-6	-8.20660987072854e-5	-2.245828873703292e-5	-1.01764357058492e-5	6.0527500073772646e-5	1.1082309891779704e-5	8.566805535907725e-5	0.00010266515631858703	0.0001288868062732573	2.710106623496876e-5	2.6435674372587287e-5	2.3705642231113943e-5	1.840669548770074e-5	9.453953867346633e-6	1.7797037909074269e-6	-5.290513120984313e-6	-1.3545206485774883e-5	-1.8919014191307038e-5	-2.1863895035647597e-5	-2.412700814053521e-5	-7.559406056270503e-5	-2.0892905721681468e-5	-7.174207943862199e-5	-7.132812532859327e-5	-3.682167767164171e-6	2.0633436028716975e-6	6.4611502156712054e-6	5.0488344026926747e-5	1.434570642439687e-5	2.0289397940172942e-5	-4.867915595971632e-5	-4.616702169799557e-5	-4.3134605198363873e-5
-2.961654294384705e-5	-3.829683317039189e-5	-4.28418973806913e-5	-3.798584257409305e-5	2.530176922786552e-5	-4.321169120373279e-5	2.745819022719506e-5	2.029220427166229e-5	-5.982661800094975e-5	2.9553658305178307e-5	-6.792542625439683e-5	3.8923204237248214e-5	-7.705426201690688e-5	-7.21110036487312e-5	3.447118175131474e-5	2.319582618643518e-5	2.1786680720087162e-5	-0.00010007378336994465	3.4600124707698026e-5	-9.272602264520267e-5	2.8540384875020276e-5	3.218361090435312e-5	-0.00012648026932196848	-0.0001235966674748354	-0.00012038439766427669	1.823080939955719e-5	2.704056134855248e-5	3.9281364353786676e-5	4.3291311235186375e-5	3.621616151012954e-5	1.9454180505513118e-5	2.6105112463066862e-5	-0.0002054258607083186	-0.0001496305857509627	2.9652023466582647e-5	4.07265639645627e-5	2.684663160113388e-5	2.5460909823555732e-5	-1.0005041852927153e-6	1.5390248517380177e-6	-8.410661615407787e-9	1.3595282622451844e-5	-4.905641979474282e-5	-5.012778280328082e-5	5.667592840240981e-5	0.00011699770852545313	-3.0783311537553506e-5	-0.0002778114007153537	-0.0004052998222928714	-0.0004647233141017045	-0.00019742852982267828	7.454088435028018e-6	-0.000282291411188016	0.0002140180157336768	8.422308304554746e-7	6.960431700430694e-5	6.289177303497005e-5	5.7102781309266264e-5	4.834032938394635e-5	-0.00018162852775001825	-0.0002488521128562191	-0.00017993166780416302	-4.8439759234243564e-5	3.233814151332561e-5	-0.00023442708088823507	-0.00039151951612822035	-0.0002700514288513133	-0.0003665521553648625	-0.0003417323016833879	-0.0002473701664643742	-0.00014458669728690653	9.3370480954058e-5	0.00016668713747545506	0.00019677304010781672	9.40927374231933e-5	2.418674291479548e-5	-3.6056172573772135e-5	0.0014203159753600455	-3.4796780716949555e-5	7.282048933294214e-5	5.0627982983554934e-5	0.00013019023255759913	0.00020552478888085724	4.7496670850695477e-7	6.802006312192502e-5	8.389170417901501e-5	8.727108874808731e-5	5.823258042012957e-5	2.897143241912441e-5	7.715485736291836e-5	-5.003493366560665e-5	-2.147595642227251e-5	-1.317256597737227e-5	2.8107642095602254e-5	3.4200101086811086e-5	-4.450803688800216e-5	-3.6859449926726715e-5	-7.336553080313033e-5	-9.493492486886516e-6	8.968700500320333e-6	8.497091412886263e-5	9.745215287607859e-5	3.0945303605069575e-5	3.5689916869200995e-5	3.963425431527086e-5	9.432794866214705e-5	3.253423437361066e-5	2.6922851405601373e-5	1.570705763639154e-5	1.2648233571933582e-5	1.2919400549631782e-6	-4.521735366678527e-6	-5.547729986896078e-5	-1.5197717497029452e-5	-6.494253163938932e-5	-1.6057604488735853e-5	-6.639151090993248e-5	-6.843321023054143e-5	-4.241200915315081e-7	4.103078876502211e-6	-6.0554429707997256e-5	-5.957881342877379e-5	1.6719582788443698e-5	1.9020361414186573e-5	-4.977454914166751e-5	3.184318145780054e-5	3.461080458035809e-5	3.6533468208343675e-5
-2.7726349704608748e-5	-3.838479461693343e-5	-4.310009306941439e-5	2.393333707336018e-5	3.2726739636722974e-5	3.295560962813745e-5	-4.262877958431725e-5	-5.8164188597890974e-5	3.224863741617016e-5	3.126977813204589e-5	4.022135660047767e-5	3.586457421559454e-5	2.88510304181027e-5	4.0453178108450704e-5	-9.623251351194198e-5	-0.00011270683829553766	3.159942018114855e-5	4.036274226531416e-5	3.952781492637413e-5	3.319668584465677e-5	3.804616532944048e-5	-0.00012196534924539901	3.511989894334079e-5	3.323731999672528e-5	2.4323880455243358e-5	2.649558564559915e-5	3.668471846281847e-5	3.87233421051856e-5	3.0418941517903293e-5	2.7225472156052724e-5	3.2551790421608395e-5	2.312610264232351e-5	3.4945292580742604e-5	1.632127796655366e-5	2.5316112814107502e-5	-0.00011125555407554488	3.881961514050087e-5	2.7993322897102314e-5	2.1188600182470022e-5	6.160426731715782e-7	5.021319271772341e-6	1.4283619224714716e-5	-4.773101140561546e-5	-3.289452084702751e-5	6.117288821285284e-5	8.910676621480301e-5	-6.524009306137506e-5	-0.0002732391659032729	-0.0003908373123455867	-0.00044824592016527763	-6.023534692141223e-6	5.0601576745620824e-5	-0.00014384905966676994	6.74932733221484e-5	-0.00023431558772098442	-0.00020704039451161383	9.188924808977263e-5	0.00013109543764155745	7.147991378804019e-6	-0.0001612507853036762	-0.00025968686851139027	-0.00016602494900828544	-8.865867825376709e-5	-0.00012115294776297598	-0.00043673215802245147	-0.00040310757854583774	-0.0003934012614474169	-0.0002857363846547477	-0.00031909961763731693	-0.00023443022831083756	-5.8600072427349506e-5	0.00012867030392785033	0.00019013747534439313	0.00019703947189961702	0.00014470915612834834	8.343156379527882e-5	0.0005512115155999263	0.0007173706979918997	9.462473079388176e-5	-1.0792347938718121e-5	0.00019367754201097143	4.8953081867556154e-5	4.863988787374594e-5	0.0002043994883245328	9.27274484855984e-5	9.36733850420441e-5	6.954243417434417e-5	7.841102403993673e-5	7.27168095181305e-5	7.867812590759598e-5	-0.00012524967438128608	-0.0001183560125534778	-2.5122508618012542e-5	-2.5661673223912555e-5	-4.187371434524745e-6	-2.3994951111657586e-5	-7.650815970079369e-5	-2.2291064583662874e-5	-7.055616837150971e-6	1.5578845247673535e-5	9.596269895386375e-5	4.6433780328042004e-5	4.881920512454221e-5	4.963207891261687e-5	5.2796480002961776e-5	4.6954238730420074e-5	3.701934996921735e-5	3.5111629837925734e-5	2.246305520563728e-5	-2.857573705130484e-5	1.0515897021546889e-5	-4.58482427653545e-5	-3.5678987644199855e-6	-5.414966836769959e-5	-8.518753342945861e-6	-6.038500747618594e-5	-1.7714406422319248e-6	1.0879763252206326e-6	-5.805283454463029e-5	-5.492863974333436e-5	1.854193949967875e-5	2.1182439999701402e-5	-5.139427263140591e-5	-9.341526400362052e-5	3.2671721178214545e-5	-3.969931296440941e-5	-3.615306065443496e-5	-3.382218224274062e-5
3.165970895447007e-5	2.8814199644563738e-5	2.7343801274172866e-5	2.3632595961098986e-5	-5.413237238986713e-5	2.6113694752448794e-5	2.974105720876676e-5	4.39146749903931e-5	2.9666993188036286e-5	-7.639925164442491e-5	3.5668848692122586e-5	4.129826261507958e-5	3.18880438824633e-5	4.0476025802884796e-5	2.8146313708104684e-5	2.747532397357692e-5	4.349464877238926e-5	4.0864837085892295e-5	3.330994844261885e-5	3.597743769830921e-5	-0.00012413993020625057	3.8326148604041275e-5	-0.00013750931898566	3.4534206632348186e-5	-0.00013208009377191636	2.577329953005157e-5	2.810184541755204e-5	2.8237644774568122e-5	2.815004086844069e-5	1.6404648774468854e-5	2.7553738238484597e-5	3.345287343018983e-5	-0.0002076080632295316	2.408458122984123e-5	4.1775702305997834e-5	4.371891184308508e-5	3.879221869878028e-5	-3.0173037438366843e-5	2.6745074491025763e-5	-7.138848182357206e-6	5.1409975383655444e-6	6.251266262680393e-6	-4.079614492812631e-5	-2.3247433188658233e-5	5.07664028655719e-5	5.881172723213777e-5	-7.799118769287222e-5	-0.00026507869144220403	-0.00038514013208303284	-0.0004376828951774465	3.290865524532664e-5	-7.25453895372534e-5	-0.00015346177070789738	-0.00010116997051106726	-0.000264570464384899	-0.0002852497354247107	1.5295630095466493e-6	0.0001572224875230838	-7.155738740325865e-6	-0.00028125515787884997	-0.0002818072456731201	-0.00010602021590347963	3.215655733346517e-5	-8.874922974028447e-5	-0.000254271272268822	-0.0003815995600530927	-0.0005513137055485062	-0.000452464867060911	-0.00035277459937926295	-0.0002292510268296676	-5.846847599566161e-5	0.0001255708988898369	0.00021583489891721522	0.0001242738740718616	0.0001554826282552501	9.185106363772053e-5	0.0016221797232307002	0.0004538644278012866	0.0001226278551188305	2.9504012093583155e-5	5.818534636500101e-5	0.00017547700542591086	7.424797615910835e-5	7.30361126137914e-5	-4.04942739153525e-6	-1.268243088491626e-5	0.00012172407071224566	6.126925085491461e-5	-0.0002620788357105756	-2.8220814159182588e-5	0.0001048418688454479	-0.00010399856390713247	-8.32043752641465e-5	-7.254208962709924e-6	9.222441854693595e-6	6.685467798844998e-6	-1.2281402281906408e-5	-6.786421778891489e-5	-9.814315927629894e-6	8.07808705425607e-5	0.00010181107028747142	5.540204650975695e-5	4.433346043211748e-6	6.0164665708444236e-5	6.364568822530984e-5	6.056247178392281e-5	5.1926040433350994e-5	4.24229656146918e-5	-0.00018237217986020668	2.2209320184596315e-5	-0.0001984238764427015	6.869476619980955e-6	3.4524762854322433e-6	-0.00016076865134332296	-1.4608467690570021e-6	4.242496152270965e-6	4.071974297998422e-6	-5.003980688718227e-5	1.6992889897524555e-5	1.9072379740503985e-5	-4.608271025158283e-5	-4.6027681750446595e-5	2.9846024693765084e-5	3.174619830628332e-5	-3.749834337434693e-5	-3.341474238535724e-5	4.465034203260496e-5	4.7358211942524243e-5
2.61539765533176e-5	2.3954537164774e-5	2.2486350484973185e-5	-5.696757099972119e-5	2.0988633224112735e-5	2.099284295242602e-5	2.789646137664508e-5	4.291263243380399e-5	5.0309416178363536e-5	3.3508439917939335e-5	2.6947951848819963e-5	4.733208354536244e-5	2.7812770340756784e-5	-8.751838573163476e-5	2.386911333040391e-5	4.9216093283097756e-5	4.0963048580658573e-5	-0.00013611594066965558	3.4171011987315487e-5	3.148694594269923e-5	3.809010102882686e-5	4.5877403719281145e-5	3.5500082300396474e-5	4.002941321741712e-5	3.211429849377535e-5	3.203808043176766e-5	4.0023645197777725e-5	4.153682497027222e-5	4.021793342663259e-5	3.080675987148288e-5	2.5624211216862492e-5	2.056163185055321e-5	3.01226644111905e-5	1.220796042604303e-5	-0.00015409798472198815	4.2259435771453e-5	5.132900990881056e-5	3.4467351597789126e-5	2.4995403999357826e-5	3.5105428104244014e-7	7.95102534411566e-6	5.074451385191038e-6	-3.318228442261348e-5	-1.852551933050582e-5	4.723584938002971e-5	5.3118823102433436e-5	-9.386528095346324e-5	-0.00027718873227446875	-0.0003858010335381582	-0.0004256251299577195	-1.0292124944721523e-5	-0.00020855983827670985	-0.00011798535671854894	-0.0001634692771274168	-0.0003018702300972118	-0.00030263676463019055	8.54542481649968e-5	9.85879177674222e-5	1.5253832033245915e-5	-0.0003133453959071244	-0.00020817912477868886	-0.00014976951716434489	8.130316548862282e-5	-0.0002542026700514256	-0.000333656007770976	-0.00043828930503534563	-0.00036252511696061897	-0.0002809392007445746	-0.0002756540125069566	-0.00024390917242827484	-0.00012314061846177083	0.00019108399300482538	0.0001637826443370849	0.00014786690822799712	7.302792226204389e-5	0.00026643829323745117	0.0019573210072785043	5.6944062897666854e-5	5.845941854311972e-6	9.221422213150521e-5	8.337352713545841e-5	5.8865258931459566e-5	0.00012094102213038417	0.00012696242284965503	2.9530106848607487e-5	2.1115878367306343e-5	5.4077237955048926e-5	1.34147068556645e-5	3.501185295414801e-5	-1.0582016749438507e-5	-4.3529750092495545e-5	-0.0002778399135396439	-3.7009098156431074e-5	-0.00016301328381460077	2.822741599777228e-5	3.2362890857110926e-5	-4.4630940177136594e-5	2.283747785314632e-6	3.1053098030063737e-6	-6.530903286443073e-5	4.317475223005905e-5	5.697920326763837e-5	7.128022997268712e-5	7.219143409675343e-5	7.58177703383549e-5	-4.857090942250947e-5	6.111232772555621e-5	-9.857088081403117e-5	3.617227292326483e-5	2.8951204530296495e-5	2.2331314757373377e-5	1.4801119173160106e-5	1.3109023299604514e-5	-0.00015880212392432652	9.464227811426017e-6	-0.00014772800849878953	-4.313186205844727e-5	1.9686851253918362e-5	2.302474782310722e-5	-4.0487686109973164e-5	-3.876554520317022e-5	3.76768679342227e-5	-3.762747641122984e-5	-3.612637764426074e-5	-7.997151913025817e-5	4.5214569299562805e-5	-2.6863582529013108e-5	-0.00012774028216948102
2.9292872365462735e-5	2.6294110220448277e-5	-5.4701007624221015e-5	3.380524607986404e-5	-5.547924217931061e-5	2.5533015993474395e-5	2.7576338600818413e-5	3.342503916453957e-5	4.123841853376914e-5	6.047416581002297e-5	2.974723863977672e-5	3.3656811379090615e-5	5.035309943275223e-5	3.162305097012292e-5	-0.0001158253953124867	-0.0001252293953873105	-0.0001433075360494023	3.723801853714197e-5	-0.00010882476122847456	4.936303813116627e-5	5.4926012197392573e-5	-0.00014587176019368936	3.894038110152133e-5	3.757477454848998e-5	3.726973645243e-5	3.6951662769091906e-5	4.141870994083918e-5	3.298433685237619e-5	3.720046617133356e-5	3.147396544136451e-5	1.0257558408511007e-5	1.2434015498998321e-5	3.828756682943454e-5	2.2167286379983333e-5	1.7102629391645098e-5	3.302380863682663e-5	-4.495208669168509e-5	3.2936788489765136e-5	3.610890862453171e-6	1.4172118684380262e-6	5.5005956390522665e-6	8.215110376821942e-6	-2.619711963751392e-5	-1.2087621123166607e-5	4.3845193245318007e-5	4.018568394384891e-5	-0.00011785677174465424	-0.0002859328847729678	-0.00037319619573556806	-0.0003920375873388824	-0.00011626858315233598	-0.00029728860367545136	6.409067216885025e-5	-0.00020838276096269998	-0.0002925722909411779	-0.00028695833649550456	0.00017900214267109645	0.00016574869671773284	1.9991053153058796e-6	-0.00020709935274746587	-0.00016706624236346003	8.342036140601954e-6	-0.0002286653772857138	-0.00032465922635099365	-0.0004598840361628694	-0.0002587636893990183	-0.00037084194899217153	-0.00026619242672013205	-0.00015715589919433094	-5.319287088933729e-5	-7.44127308776178e-5	0.00019245033203136403	-4.432916596557729e-7	0.00029015249061845006	0.00023262126428476868	0.0002839714048651098	0.0017389631764822434	0.0001250842818856365	-1.7421619504492513e-5	-4.932433879777402e-5	-1.996527086142513e-5	5.5318722807103614e-5	-1.1086819831527747e-5	7.710785787442241e-5	5.0835904550048956e-5	7.962027669660646e-5	-0.00022179301723955925	-0.00010977930671507647	4.702507301176419e-5	5.485416788946623e-5	1.7475083129332714e-6	-3.413729788567755e-5	-3.5646162785557024e-5	-0.00022821027644999046	2.661722877271653e-5	-7.70915424461692e-5	-5.2591798279624964e-5	-3.081413676444926e-5	1.4460094529464545e-5	8.954567672857759e-5	0.00010811349616723052	5.961356650747854e-5	7.456798713053247e-5	8.108174921421909e-5	5.334976323255599e-5	8.400734073538705e-5	7.247075827584602e-5	5.6263253360826215e-5	4.734662245646504e-5	3.3259347287490325e-5	2.8057903878003863e-5	-2.059698304744109e-5	1.7105124276953643e-5	1.764162759789606e-5	-0.00014726715524967572	-3.484261289027411e-5	2.426074402423384e-5	-3.262135710795761e-5	-3.596543089833871e-5	3.802872260485427e-5	4.2613351588863e-5	-0.00017345388669027617	4.3340966005911766e-5	4.7332210922836244e-5	-2.433397571282355e-5	-2.0987297014909284e-5	5.568598686828694e-5	5.893209680299361e-5
-5.181451007126248e-5	-5.0818074911823056e-5	3.112544046595501e-5	3.0810916214970305e-5	2.5755442897355645e-5	-5.920925882280483e-5	-7.694030849738872e-5	-8.892207364759975e-5	4.0837864182584436e-5	4.0536741001220324e-5	-7.520343200804618e-5	-0.00010095375204509014	-9.203756184053877e-5	5.616422625582813e-5	4.231904769643315e-5	4.437083221873008e-5	3.4716882697873085e-5	4.862929177107389e-5	3.5628183718757226e-5	4.0801266182093e-5	4.075968300673778e-5	3.438677346026737e-5	-0.00017174103612951832	4.326112233598526e-5	4.026847935291878e-5	-0.00013063929809088725	-0.0001410890002859135	3.343003143414184e-5	2.7521983252392235e-5	-0.00016994923436898556	1.937518057397523e-5	1.7292591317574573e-5	3.075101832706879e-5	2.588257340815415e-5	1.9378634060519817e-5	-0.00014901124821162573	-6.0284555991622284e-5	2.7265617339498698e-5	1.5584914893617156e-5	5.0929204917584976e-6	5.606160528428888e-6	5.272032230653869e-6	-2.1067939945345455e-5	-6.043894469560983e-6	3.590661604638626e-5	2.7006454093233276e-5	-0.00012701523100641958	-0.00028331436692703737	-0.00035691317386565727	-0.00036719925834356607	-7.838251429449989e-5	-0.0003021795164159097	3.1900502685349146e-5	-0.00024018457110574218	-0.0002057006949792925	-0.00030013417126147383	0.0001124896087767945	0.00017973645869612254	-0.00010053635814298231	-3.7190638898722435e-5	-0.0002155820441768143	-0.0001795978756859596	-0.00013619897952138948	-0.00048407431252743896	-0.0003116404609890223	-0.0004172257177494001	-0.0003371847600810887	-0.00024306349666580827	-0.00014439105589970783	-3.4432957175466964e-5	0.00011478535189518666	-0.00019079076217917148	0.00017430261485722968	9.508241362271401e-6	0.00022041279496951612	0.00041371333789042095	0.0005846554940996235	0.00013702237916187387	-1.4739392769187124e-5	7.050964816767043e-5	0.00010051908654545774	1.360974002865287e-5	0.0001517780658232817	1.625635701312661e-5	0.0001100752652243909	9.617384226488475e-5	-0.0001782759949275469	-0.00021567211386187097	4.080955866250357e-5	-7.368368503666168e-5	-0.00014914178916978658	5.0264119284282056e-5	3.5190474519932943e-6	-0.00025440942545175427	-7.836325005875725e-6	5.6590058625249646e-5	-9.393997128535675e-5	3.4443834042129085e-5	8.794619461831559e-5	3.254526837141681e-5	-3.233246032755205e-5	6.042892866320749e-5	1.8989642730266217e-6	8.890924333280602e-5	9.585189354084601e-5	9.094814103914996e-5	8.151223588315692e-5	-6.15055219746214e-5	2.930422497377308e-6	3.899850657929863e-5	-1.28228391861314e-5	-0.00013750680582398688	2.515472677611162e-5	-0.00014372110541372948	-2.3785215821068607e-5	2.918839685590673e-5	3.087956314910432e-5	-2.559088467417271e-5	4.457050753921927e-5	-0.00010747656853132294	-2.30690171389603e-5	5.201057829308216e-5	5.2955079688815805e-5	-0.00015928572205249993	-0.00014786257525444576	6.018459063723879e-5	-6.158453201137348e-5	-8.124518502006933e-6
4.29807320716981e-5	3.438499965503788e-5	3.349051879194718e-5	3.11109981329064e-5	3.541980300949898e-5	-6.651610966972965e-5	4.1878606329369384e-5	4.0285394586856446e-5	-0.00010196897853892683	3.633800032849929e-5	5.329020059225564e-5	5.45415047905148e-5	1.9256700626657595e-5	4.4573099065495616e-5	4.746720479833588e-5	3.7163842473092804e-5	4.4339482731209725e-5	-0.00013996046978150272	2.3377940120928252e-5	6.586339816039722e-5	-0.0001479866878075994	6.192220640385761e-5	5.727715596970482e-5	-0.00016916331701554528	-0.0001607525205804815	2.8792964031822284e-5	-0.00015281780702332227	3.688904982333547e-5	3.371395156617665e-5	2.2451040805424732e-5	1.5864745389009938e-5	1.0643091252790873e-5	-0.00017480050694643852	1.2054072035699078e-5	2.7307214388473514e-5	-0.00015397096669260543	-6.04083085232668e-5	2.1996335531336043e-5	6.531812268820614e-6	1.7808026180087845e-6	3.8080027875159878e-6	-4.398378827567481e-6	-1.1798796100912228e-5	2.178751376159132e-6	3.450567328827311e-5	1.798647650322815e-5	-0.00012762112451347317	-0.00027108524326764486	-0.00033815750092921776	-0.00035463810461022413	-0.00015499770097920527	-0.0003381528399550569	1.5140366706226874e-5	-0.00028454798084478084	-0.00022036026665445694	-0.00020765352566223458	-3.923794419360667e-5	3.2401631596089275e-5	-5.525392389902186e-5	-0.00013453212371877538	-0.00024862373929395755	-4.167746941160415e-5	-0.00018454331507942404	-0.0003311788652218578	-0.00030421070379618026	-0.00040015823003164983	-0.00016251966494778636	-0.00022838554747188359	-0.00012302818408656225	9.97777754971731e-5	0.0002683147109011912	0.0002771143555665187	0.00014977360257812083	0.00014712700220608768	0.0002817580376389406	0.002070133245627129	0.0004814450853722835	0.00017576888496884406	1.5506133524843726e-5	5.012195501649143e-6	0.00011529420195205593	0.00012879368326592028	5.697118843313049e-5	9.505431107381711e-5	0.00013020419105030717	-0.00017641709418503206	-4.122594954947137e-5	0.00012506228694410216	0.00015772768152650697	8.358986690000297e-5	-6.379576312937193e-5	-0.00015874840509650084	-0.00018207692037054517	-0.00021895916768642412	6.348196136866501e-5	-0.0001298030638759791	6.423500599438614e-5	4.883885760474096e-5	-4.132837398314326e-5	0.00010640858372842768	0.00011168026146510506	5.822038084252277e-5	0.00014189477698479036	7.628684917304705e-5	1.6221799423025464e-5	0.00010078048636460481	9.005701205292696e-5	7.483248791578453e-5	5.636780313030823e-5	-7.245644704902219e-6	4.011452900391831e-5	-0.00013292530287742897	-0.0001311086624780015	3.1237719157410204e-5	3.278291566816485e-5	3.5469540739215336e-5	-1.7449837684022735e-5	4.8060041413311525e-5	-0.00010519567778357383	-1.54664476320664e-5	-9.125570946893189e-5	5.975963822526099e-5	-0.00016186463727605317	-7.730038031500972e-5	6.780270631005195e-5	-0.00014120920394509692	-0.0001337849682617458	-2.168858887924849e-6
4.432215417456023e-5	-5.843267346490979e-5	2.8774535732717485e-5	3.081837832725662e-5	2.992767466430008e-5	4.328032350682168e-5	5.164561495343622e-5	-7.545852913769013e-5	5.823013823752e-5	-9.831986643189642e-5	3.268876871155503e-5	4.4310876136061474e-5	5.847231435111269e-5	-0.00014365700651805633	4.9279468593754674e-5	5.2441920929572694e-5	-0.00015771215837186105	5.3470232595039706e-5	6.52129199999054e-5	-0.00015322568580751234	2.714498670556198e-5	2.847249159599035e-5	2.3360316630267734e-5	2.6068128878403685e-5	-0.00016976739276753402	4.265765389676484e-5	-0.00017219054041284752	4.015734427122858e-5	3.617005367476025e-5	-0.0001595036210159668	1.6693636761857243e-5	5.409137944726986e-6	2.5143788894084647e-5	1.1623964476077339e-5	1.8050208400761524e-5	5.7021787780079216e-5	-7.257651830552033e-5	3.5970571450968e-5	7.043182469784379e-6	-3.451562962020118e-6	-1.337491078154721e-6	-9.437659776219279e-6	-4.656239707274122e-6	7.201240689545525e-6	2.8425245254765173e-5	1.128068101367949e-5	-0.0001216193570908661	-0.0002564057774199092	-0.000318554515716231	-0.0003321391494389022	-0.0002094889238344038	-0.00034064713174998974	5.476057770736247e-5	-0.0002594817644874562	-0.00026792197562535217	-0.00020295152204545443	-8.252429926146592e-5	6.12709560782361e-5	-7.609468264418344e-5	-0.00016061716768419297	-0.0002234245209363126	-4.8662707180038584e-5	-0.0002244805566254662	-0.0003324103465736643	-0.0004500424589663483	-0.0002265285192284039	-0.0003040509654377412	-0.00021052384875456295	-0.00010628723623669388	0.00010306242432216303	0.0001359366875379399	0.00023731359710887088	0.0003176665304123233	-0.0004435975841682576	0.00020390549279292094	0.0022412598484407038	0.00030145324547284314	7.269565355106332e-5	0.00015894421936713888	-3.105700540938835e-5	0.00016787297477906986	0.00012373193269089302	9.156485633679719e-5	-7.715642006888559e-5	-0.00025266746908506965	-0.00010764557984235985	0.00024025273457402557	0.00022564424717897227	0.00016912199386188336	-0.0001721449063793912	0.00011305242462057025	-0.00038262794557253604	0.00010407389888176253	-0.0001625110774465294	-0.0001652402528379564	5.522138191912983e-5	9.43100468091436e-5	-8.324786382060039e-5	2.4796144756271746e-5	2.9727171029431728e-5	-2.5145329965994487e-5	6.380870929561383e-5	8.084258102220585e-5	9.856373370206858e-5	0.00010610655116854951	1.3810233537266733e-5	9.467677618257928e-5	7.860373952531751e-5	6.439866481156692e-5	5.3898771455436565e-5	-0.00011652335796042356	-0.0001700407074314771	4.5428565884488925e-5	-3.815733647510042e-6	4.600390178262207e-5	-3.192917454532436e-6	-0.00011270161183838594	5.470439286013964e-5	-0.00016680390909957002	6.257664675145616e-5	-8.621854811716092e-5	-3.057501219055946e-6	7.197875538101999e-5	7.260701607718465e-5	-4.660528256654646e-7	-5.589420591222295e-7	-5.463883529879289e-5	8.02831751739745e-5
-5.9428654009574295e-5	1.876070564259209e-5	3.835507431433318e-5	-4.2951118220752255e-5	4.149000153401899e-5	4.456561665297482e-5	-8.722465082773063e-5	4.28485385383772e-5	5.429860939376856e-5	5.5904189954198e-5	5.6109008741160235e-5	-0.00010624636814707343	3.9185438166249227e-5	6.125553566411866e-5	-0.00017930991780454813	-0.00017389168372953416	5.964779234308927e-5	4.6647510466323646e-5	3.6029831984841186e-5	-0.00014455243226124649	5.82691803749087e-5	5.564342798966733e-5	4.3360811728171324e-5	3.9662968709444895e-5	-0.00017039077420907464	-0.00013851322991632084	-0.00016887911006092438	-0.00017407579641535987	3.318163109530749e-5	3.551549182392291e-5	1.5972345801490255e-5	-0.00013803240474075606	1.2182693636225944e-5	-0.00017975773817183606	-0.000163428897175437	5.789622309114093e-5	7.03111374557552e-5	3.163481107507169e-5	1.4084698128811416e-5	-8.116903829490812e-6	-6.255136519805701e-6	-1.3180682623408651e-5	-5.643120977401111e-7	9.272647860273189e-6	2.428184056164689e-5	8.252573738075212e-6	-0.00011052712356144777	-0.00023953868694506254	-0.000298273311585915	-0.00031978779811093084	-0.00019830400580659333	-0.0003061132069329857	8.76961207872326e-6	-0.0004080752510576824	-0.00022586428490667648	-0.0001951230552922254	-0.00010920999418030522	0.00013568370374294429	-4.039680935347557e-6	-0.0002152878024003842	-0.00016582079953187745	-5.4580816933752236e-5	-0.00023299780269560614	-0.0004705748363860408	-0.00043153480309179783	-0.00036496204903149147	-0.00028207356133152844	-0.00018939038708825576	-9.253743905381171e-5	0.0002458690550914905	0.0002944496338875592	0.00024491184678240114	0.000343294263483757	0.0003326552822964545	4.030490356712402e-5	0.002266631410782747	0.00024020773727249619	0.000107745106155549	9.759693565912627e-5	0.00021440986714580876	-5.1316607643830036e-5	2.7044220406587886e-5	-5.780084027435118e-5	-4.388371285809307e-5	0.00018831542785875026	-0.0002853655868285845	0.00029105661156155404	-0.00011596983124652219	-0.00020622864693048588	-0.0001291006613271333	-6.661747961930276e-5	-5.40386024593326e-5	-4.831837385659574e-5	-0.00010947250343596414	-0.0001994884498190768	0.00013387690090338076	-8.320105464339114e-5	9.132487399795457e-5	8.474198857773849e-5	-3.6266475049895764e-5	6.289284906857689e-5	6.191867415430074e-5	9.612783453533374e-6	0.00010131709584823437	2.6202811442409702e-5	0.00011099559639165179	0.00010237493517999217	8.709448932746095e-5	2.0234574596019687e-5	-9.245292677933278e-5	1.1066681614989608e-5	5.84767343641266e-5	5.525186841211487e-5	5.9749080021802336e-5	-0.00012797455161964156	-0.0001225709101810538	6.491756570003548e-5	-0.0001649919776917539	7.391271247475365e-5	7.211099526591418e-5	-0.00015462769063791975	-7.788056311391423e-5	-7.320116290515741e-5	-0.00014225897766057872	-0.00013712208818391107	8.527698490523811e-5	9.097606735324212e-5	-0.0001251435994068721
3.169979143164954e-5	4.781852777531486e-5	-4.9100111959158904e-5	3.3053082055366635e-5	-7.577233400834235e-5	-0.00011181232625519217	2.4482843956290094e-5	4.53875095350541e-5	-0.00011086849831581106	4.442871805473389e-5	3.593212514473905e-5	3.948264228222266e-5	-0.0001235609314212635	4.0653891050511945e-5	5.4840900988106724e-5	8.01564001789507e-5	4.158083938409266e-5	9.081621055609694e-5	-0.00015847222895553075	1.4418436513009207e-5	8.0029764167219e-5	8.018259300834212e-5	6.114541874038468e-5	-0.00020866789386448487	7.138221233603768e-5	-0.00013418437025989954	4.3223988618711203e-5	5.403386420110173e-5	-0.000193308412948797	3.893019168729197e-5	-0.00014070207984279138	1.2232332566727779e-5	-0.00016003706789196942	9.859653648663382e-6	1.3050284758395268e-5	3.1064319048427894e-5	5.289352239756632e-5	-3.530671319743788e-5	2.504468824786354e-5	-5.309548831472131e-6	-1.2845793619767928e-5	-1.583289287712588e-5	1.6047048047562176e-6	9.941628211805132e-6	9.111871004740895e-6	5.312731457710962e-6	-9.443033839329651e-5	-0.00021362773114604592	-0.0002728254879364345	-0.00032186349362569385	-0.0003012097939088926	-0.00021178525798958795	-0.00010286011679768023	-0.0003562003204347149	-0.00025258442928618487	-0.00021242437096478028	-0.0001371647296909335	-1.7435852856671676e-5	0.0001454584010404181	-0.00022384633071448204	-0.00028275581521880044	-6.04660596820834e-5	-0.0002404549294499265	-0.0003111134675218524	-0.00041459843784100083	-0.00018812870909900832	-0.0002646664312289278	-0.0001738437465137097	-7.574989958672321e-5	0.0002551161031256067	0.00030282475849494755	0.00025324546692815546	0.00032287587317549396	0.0004702455447648849	4.822225168625311e-5	0.002348237623113474	0.00021402403058705995	4.10744658492718e-5	-5.1876007202173065e-6	0.00014079938961302548	-1.0909330403910747e-5	0.00017966309143299729	-7.304359634901364e-6	-2.4997370424439946e-5	-5.1681757323044156e-5	0.00030254995270132326	-9.519620101838735e-5	-0.00013862246579855395	-0.00018706957010689506	-0.00017085130216174882	0.0003908798776276431	-7.347657978824416e-5	-5.470321249876134e-5	-5.714336610987761e-5	-0.00012276850256701284	-0.00012432325630862924	-9.611014698580325e-5	-2.946817183255507e-5	0.00010588316047207679	3.807035964022111e-5	3.616921568406562e-5	6.262200298408653e-5	1.2217410495700496e-5	0.000173394168225551	0.00011984014884673395	2.895414249541291e-5	0.0001081589817399824	9.341102413853606e-5	-5.1190529128256404e-5	7.225941821597951e-5	6.981700553637649e-5	6.87718237840293e-5	7.335414852885358e-5	-0.00012446665674274867	-0.00012266154623132475	-0.00011308973639464104	2.192485069301927e-5	-9.497080305878288e-5	-8.704164461181222e-5	1.4086795374609667e-5	9.047974974242816e-5	9.208071403220925e-5	1.568464148550509e-5	9.643801587955127e-5	-5.5441118037008593e-5	1.8804369180554486e-5	-0.00012460586132873085	2.4951321333928052e-5
-4.835674762591522e-5	-6.215800211810423e-5	3.1317804790859495e-5	-8.029958991478758e-5	3.5854841871740654e-5	6.627410715882165e-5	6.418629985241523e-5	-9.888517336161104e-5	5.408761574044482e-5	-0.00012308935329263088	4.399349505543738e-5	5.213766870009937e-5	-0.00013532201726494143	7.439976934552116e-5	7.028031927327333e-5	4.29171445413953e-5	8.653784726674551e-5	1.8628229492296936e-5	-0.00014346651661137095	2.974336013883915e-5	6.357868789335958e-5	8.22181967258961e-5	7.082064238707504e-5	-0.0002097017524886266	7.284958582867848e-5	7.139233400301175e-5	4.254360343430147e-5	4.307963309948355e-5	5.9283399763956565e-5	-0.00017479866192640387	2.6210142360011185e-5	-0.00011512387045439136	1.826746011503134e-5	-0.00015659491308832275	3.0002838839874083e-5	2.824423485944024e-5	4.430048643778387e-5	4.857558029457533e-5	4.1317454232690006e-5	-5.3686337797212566e-6	-1.9160106304485342e-5	-1.7482880381008417e-5	2.584549257201381e-6	1.0598200167150442e-5	4.9988794121696946e-6	2.094995791055527e-6	-7.924593217414292e-5	-0.00020362302780872863	-0.00026967098638441735	-0.00032247673655670314	-0.00034169153471598403	-0.00027115653158373823	-0.00014319807111234017	-0.0003523678151482433	-0.00031196463957468843	-0.00019495427262467393	3.934458546815244e-5	-1.98479871335068e-5	2.1075554698319135e-5	-0.00025256967801774895	-0.0001596543958988332	-6.4992308097412e-5	-0.00023264509012908482	-0.000294700461038759	-0.0002401285409646338	-0.0003256535723902376	-9.27327102760874e-5	-0.00016055319753923054	-6.627223384492696e-5	0.00012603729453115886	0.00016281815950279065	0.0002585867425938088	0.00031241350975496057	0.00047130825531353933	0.00042524029964270053	0.0015632219156668653	4.5677402492742304e-5	-9.398775458335003e-5	3.665560117228884e-5	0.00014863196236086242	2.8770558277167778e-5	8.060358155148389e-6	7.2928495649675264e-6	1.8076470974859923e-5	-6.643034390278572e-6	-2.1750232000418077e-5	0.00036923852741641743	-5.3972167883729275e-5	-2.3405831781997226e-5	-8.042644204358683e-5	-7.807349796496539e-5	-3.915843845237561e-5	-4.1798200826506475e-5	9.710690043393533e-7	0.00018947206078144844	-0.0001481453908030745	-3.14768197886184e-5	-2.155656643924777e-5	0.00019764542492653903	-2.670633584703772e-5	9.800732917109294e-5	-2.1419847690690164e-7	2.5631608733529647e-5	2.8580014332505507e-5	3.800869429647184e-5	3.672693736856726e-5	0.00011208823271471901	-1.0242593538702712e-5	8.760041166721634e-5	-7.144433343879279e-5	-9.174510780740434e-5	3.8262121963846636e-5	-0.00011545830021806995	-0.00016456292533073916	-0.00011469153943209696	4.442979051337841e-5	-0.00010219463425972081	-9.669452912846026e-5	-0.00015163865975177855	-7.410022691464063e-5	-7.124804095410544e-5	-0.00013668204950849795	0.00010576037579128274	0.00010702854812862333	-0.00012798841179959735	3.3957425364745854e-5	-4.556846457090362e-5	-4.185871435537854e-5
-7.398030657217717e-5	5.606943635443046e-5	3.887584159900626e-5	-8.322970163573263e-5	-7.306560046260128e-5	6.446588234350944e-5	5.208409936076168e-5	5.1621563173735307e-5	4.0989813885392685e-5	4.245221238906207e-5	5.071217699207856e-5	4.798992663977361e-5	4.5051497557526104e-5	-0.0002012707437672119	7.153412012966473e-5	9.521659341359552e-5	4.2009444565310424e-5	-0.0001731442217166795	7.691854097810968e-5	5.5153190869250044e-5	3.991736644876347e-5	8.916241101581985e-5	6.361222165115923e-5	7.993921024391712e-5	6.397517901115223e-5	5.7469402930348905e-5	6.115620207232527e-5	2.9339432367014124e-5	3.751168119899104e-5	5.9376952518763824e-5	3.1862940043290945e-5	7.756445998858435e-6	-0.00010305082783129747	1.5233789267719237e-5	-0.00015008415019954874	-0.00013111277544412695	5.0728229282084414e-5	7.790257517993181e-5	6.348205837531631e-5	-1.541645357158207e-6	-2.256430173154544e-5	-2.0391617052747252e-5	-1.0418368078852656e-6	9.111806029879466e-6	3.074128146586595e-6	1.8339735797774735e-7	-7.60527891228703e-5	-0.0001943656491966417	-0.00026140581181366396	-0.00031329965360763954	-0.00033311106846731393	-0.0003732957236900246	-0.00019463972568729273	-0.0003699314210782543	-0.0003230437947028173	-0.000253206692872438	0.00010721321371108756	-2.9328245062462416e-5	2.8438818610433767e-5	-0.00014407772953741078	-0.0001636225254172106	-7.53111768339045e-5	-0.00021948632555956766	-0.00042945176549214446	-0.00037750521405143476	-0.0003090553223775573	-0.00022965380149244556	-0.0001445717406777067	-5.905785940856509e-5	0.00013569450792979068	0.0003103113186579253	0.00026108902031852805	0.00015717838148476132	0.0004812962956086779	0.0007412618322618063	0.0007027526841703715	0.00014456854049828185	9.768224122471076e-5	0.00022697181400639426	0.00025717150562931885	0.00015218669539216498	-1.9747256156608375e-5	-5.466736323767236e-5	0.00018171745002904297	7.892169972055106e-5	0.00024600734000548765	-0.00013605005445125338	-0.00015356678317531708	0.00024953898174515316	-0.000233508295089703	-0.0001460946731841428	-0.00012794139018694993	0.0003556821750543937	-3.510870963650782e-5	-0.00012128585988262176	-0.00011906250542902943	-0.00012719348080781007	-4.593661554839123e-5	0.00013741802017170832	-4.224399783527184e-5	2.5707466990735825e-5	0.00015853588875661476	1.0231667289836537e-5	2.3365147521316795e-5	3.189647827265044e-5	0.00011640457114247432	0.00010525706230728464	-1.8777084639179115e-5	-0.00010286586021506254	6.83747300061566e-5	-0.00015718096085636586	-0.00012263250296644075	-0.00013335409959974666	8.54908750273786e-5	-0.00012955907205384966	9.233691419695354e-5	-0.0001159066220301477	2.8654047147489174e-5	9.445139861124488e-5	-8.801309363270149e-5	-0.00015009132077243746	-0.00014690733835765303	-7.06768084301698e-5	2.5760642127287863e-5	2.853241898177197e-5	-5.836158514230011e-5	0.00010615730312760305	-0.0001284640828596304
-5.055501977893509e-5	-5.607188688247538e-5	1.572570298650675e-5	-3.7107208124835436e-5	4.985754686581695e-5	3.6564931886406363e-5	-0.00010693149971249165	7.29909443292895e-5	7.235018027695379e-5	5.475538311507523e-5	-9.456708092042004e-5	4.102581801332367e-5	4.164941501499209e-5	3.8343891901155506e-5	-0.00017002129601953936	7.975707869836414e-5	0.00010494172505550044	2.4321039914001466e-5	-0.00014123929486365046	-0.00020114987802091375	-0.00018747771895225257	3.655329917200687e-5	8.028293527827517e-5	-0.00022338404713882472	7.583097714948517e-5	5.881538391883491e-5	5.355725310570846e-5	-0.00017022949256024697	-0.0001899181525240784	-0.00017933299526294696	4.8737284054566846e-5	1.848808507843127e-5	-7.2090357710799914e-6	7.785457812218102e-6	-0.00015743316862877165	1.1906429219311681e-5	-0.00010806587981034498	8.331167035120421e-5	7.051835430572537e-5	-6.370520581814427e-6	-2.056388429725459e-5	-2.5395549261641266e-5	-6.4315937047524545e-6	7.899509882922464e-6	2.9571758586554838e-6	-3.2323462834392457e-6	-6.115904782414631e-5	-0.00018340923104964257	-0.000252147266280112	-0.00030453593333083567	-0.0003419704600634741	-0.0004129802124171688	-0.00024178616647867884	-0.00038142036772385824	-0.0003417019094805601	-0.00025420979625152005	-9.745711682130568e-5	-9.344472676894259e-6	9.510506429154372e-5	-0.00012436315607621201	-0.00016361658354540048	-7.958088828379731e-5	-0.00020435515879876649	-0.0002542115831529368	-0.0001918335004954196	-0.00028081002363490376	-0.00020437718741317433	-0.00012353442025189992	-4.423789004518765e-5	0.0001451509269042011	0.00017796394088337095	0.0002670952448416766	0.0003124445747762646	0.0006299555228378689	0.0007639158342824472	-6.009120564658046e-5	0.0003503267606634348	0.00010491561448262507	0.00010467516174914558	0.00012178948502627736	-3.10001199360253e-5	3.963500333598394e-5	4.751172038512555e-5	-7.856417645945918e-5	0.00011433864929834498	0.00016982551027299548	0.00016806672514625004	-0.00021427879791870727	0.00018127987234503509	-0.00024105508602108522	-0.00022533745289899602	0.00034264715748242355	0.0002702993311572209	-0.00011501319932503366	-9.858377192727098e-5	-0.00011699254658077609	-0.00010881350304320185	0.0001686322529388727	-1.614290885590397e-5	-4.5466045852542766e-5	8.655794088134865e-5	-2.0923443320689135e-5	8.709831758923862e-5	9.449463528336723e-6	1.5311786930387013e-5	0.00011221344308365191	-1.7919814718962788e-6	-7.66203169599443e-5	-5.676375069374679e-5	1.4786860550312139e-5	-0.00011850601338050091	1.3858452156247179e-5	6.553959247806583e-5	6.781006531482469e-5	7.726099993218458e-5	-0.00013935330798000396	2.5896769409151053e-5	-0.00011598585348131436	7.932848764801922e-5	1.5106184513888734e-5	-0.0001526568486758396	-8.112253540205005e-5	9.443640872307734e-5	2.554139834936805e-5	-6.843581820273358e-5	-7.151135312440343e-5	2.8887093767061833e-5	-0.00013124924504133505
4.656674591197807e-5	-6.195735664499632e-5	4.263075620019127e-5	3.2294956808271596e-5	3.152757136800656e-5	5.718124616948937e-5	5.957548379673008e-5	-9.579088330549619e-5	3.082199572450778e-5	3.758135776819069e-5	3.8616997647006616e-5	-0.00010243933936288796	4.0454479463504966e-5	5.118196035637973e-5	4.861400708937948e-5	-0.0001450902104441909	-0.00013149941637918225	-0.00019551888267529223	-0.00015118686349628336	-0.0001485046288939669	-0.0001928616711970217	5.973985752806522e-5	7.940434541392624e-5	-0.00020378340588676064	3.276808853572364e-5	3.225352196965206e-5	5.566449350606292e-5	4.238937898220401e-5	3.299805282113897e-5	3.6869094543169004e-5	5.0944522996747396e-5	1.722324096135625e-5	-8.819484085608863e-5	4.641884506455382e-7	2.1307666491681213e-6	3.001912234497882e-6	-0.00011742281102323354	9.289458590566345e-5	8.93432356861688e-5	4.1628469007456504e-5	-1.4794160909248756e-5	-3.0960012666099304e-5	-1.3468229926388246e-5	5.919816956357336e-6	3.4295111754091816e-6	-3.1631456666507624e-6	-5.324869503660714e-5	-0.00016814859955669044	-0.00024358328106305186	-0.00029584856178809416	-0.00034230914941994566	-0.00040658154548421426	-0.0002705359311503362	-0.00038612987627802174	-0.0003486116872399893	-0.0002720893168649263	-0.00011206449929900344	-5.58712041814945e-5	-0.0002009876099280162	-0.00013239534894674086	-0.0001628560027680222	-8.535063209348399e-5	-0.00031435629208782095	-0.0003867167995984591	-0.00033220299281990287	-0.00011633954647532942	-0.00019199372905357543	-0.0001145573850308947	-3.338907353531151e-5	0.0001462377597346914	0.00017291498000687354	0.00025791067334831447	0.0002214972169745403	0.00048541814384959244	0.001439277151792719	0.00033249190701692237	0.0001728293309816967	0.000142147907626031	0.000139609525045669	5.857248434905089e-5	8.423502344987572e-5	8.987672497803769e-5	0.00011510730236801315	0.00010759923325699043	3.27181063709066e-5	0.00014292449895739754	-0.00025674074300272584	0.0001005225956957935	0.00015501177178544635	-0.00027970367906664977	0.00026436642258957513	-0.00031964283811037166	-0.00011566877352271743	-0.00024038823636383802	0.0001585009411201395	-0.00017958480262395492	8.7201751458576e-5	-0.0001022870469188442	-1.5176025611912973e-5	0.00016487268720873386	0.00013950531222573946	-3.297642496933456e-5	8.50057530694232e-5	6.839929586471513e-5	1.2181843809575378e-5	9.980610132394622e-5	-1.6183772464745073e-5	7.536466774935697e-5	5.9291623358400866e-5	5.1131566922220806e-5	-0.00016215777961405562	4.693860139319203e-5	-0.00015308697520513364	-0.00015770332136154862	-0.00016027539662491182	-0.0002076774573465804	6.111539312015344e-5	-0.00018630343498680728	8.083021083758963e-6	-0.0001046217464496053	6.9412034186232e-6	9.510095776178989e-6	-8.184515401874121e-5	-7.955570767961785e-5	-0.00014480180023826992	1.5611206907083707e-5	1.9112560137877002e-5	-6.381204641754353e-5
3.168218209855791e-5	3.8741193468199266e-5	-5.3626712668850614e-5	2.6687415424840426e-5	-6.59453197451488e-5	-8.930091576421397e-5	3.8728623515631026e-5	5.866077015769265e-5	-7.103796408367452e-5	5.7736323274496925e-5	-8.155562518470313e-5	4.769931702122254e-5	6.213707161079046e-5	-0.00012981149921260292	8.816021775466445e-5	6.698049926824687e-5	4.404066207967691e-5	3.7165396325813125e-5	7.692730349470741e-5	3.602122847733732e-5	6.24197371103236e-5	4.0237650013988965e-5	8.127438784068838e-5	-0.0002175276434761297	2.760221592747116e-5	6.408939950209962e-5	-0.00011177237983207432	5.9000268599318484e-5	5.404971354215898e-5	3.653272711211795e-5	2.6127399156833917e-5	2.785705935265425e-5	1.5335577185903457e-5	-8.436716732564099e-5	-0.00012408412691480646	6.1576161759172715e-6	-0.0001295975228645768	5.825383045117481e-5	0.00010048249052264024	7.947972844665621e-6	1.8185241824680495e-6	-3.2805001450318715e-5	-2.2220915179204325e-5	2.757522748320475e-6	3.843415213473098e-6	-7.155681253840675e-6	-4.209857251344536e-5	-0.00014952159136202034	-0.00023521674867407055	-0.0002843279160763513	-0.00033196337852219385	-0.00043230589328824244	-0.0003187016883917878	-0.0003946939005716765	-0.0002168679649383544	-0.0002626793220044787	-0.00010954779862403907	-0.00028623440621179273	-6.882193895417455e-5	-0.00013196365155534323	-0.00012407414830545868	-9.504977510159211e-5	-0.00017569312510014009	-0.0003699598601224663	-0.00017256897516857057	-0.0002495196268193357	-4.2702789308183414e-5	-0.00010260481313692244	-2.983343214645962e-5	3.219528545468078e-5	0.0001653810645769029	0.00024752331619283313	0.0002922206701509462	0.0005129029493776372	0.0022398720073137446	0.00023642403640659676	0.00021975466444051168	4.95175860009767e-5	-5.267265807428574e-5	-7.532109710631403e-6	5.827552823645392e-5	5.949338033612705e-5	8.489338812237793e-5	8.036091952902109e-5	8.056524412036249e-5	4.114088484921045e-5	9.840331406975322e-5	8.42487840919579e-5	8.29305771759604e-5	-0.00032253176553389846	0.00018429937052038756	0.00021591825474826572	0.0002083786443462794	0.00016143659016584506	9.32397356817583e-5	-0.0001359784308313755	-0.00014316703251396248	-0.00012660370106668895	0.00011414372410943185	-6.337386842987795e-5	6.55128290458066e-5	-4.118530409254065e-5	7.2752430355942e-5	-1.3600989764322481e-6	8.119735496000808e-5	-1.5188671935009767e-5	-2.4825609379247387e-5	6.436991897442075e-5	-6.84740567696233e-5	-9.71551604293634e-5	3.291029399636364e-5	-1.0309111001099167e-5	-0.00015241636480579543	-0.00016673142442440799	3.769842976571506e-5	3.865421675465085e-5	-0.00020397259232793233	4.572888860150952e-5	5.298380799793434e-5	-0.00017243268589048582	1.79105093665974e-6	6.411736290679797e-5	-8.942051899345454e-5	8.705439060128226e-6	8.068517143404994e-5	7.907412673583704e-5	-8.030212768341156e-5	-0.0001385389443671857
-4.660886913875295e-5	3.2482006040417534e-5	2.1477555115071475e-5	-5.0102509286947144e-5	3.7510105105760235e-5	4.341145795022747e-5	-8.343522373589003e-5	-9.781134306940969e-5	2.9342378595123152e-5	-0.00010457414601173229	3.7453618383462175e-5	-9.813304094673415e-5	4.371878385469669e-5	3.5524603534947544e-5	2.7618529355642144e-5	-0.00016815103448724814	4.8742604687505256e-5	7.704203255186749e-5	-0.00013297231272169498	4.192969914859016e-5	7.56463845725413e-5	3.636694094491847e-5	-0.00017752192535318582	4.734903552729597e-5	3.4578572767675364e-5	5.0195552443803e-5	5.094409000461783e-5	-0.00011334474652586709	4.6358806434669076e-5	4.30211742270543e-5	2.8034752694045678e-5	2.3120732075075754e-5	1.1866001966131384e-5	-8.27648755569551e-5	-9.901261094896882e-5	5.956777434826363e-6	1.7286721831844877e-5	3.68871689371351e-5	-7.438210958730864e-5	0.00010161554590243263	2.33950756708376e-5	-3.158678491123107e-5	-3.364064488399921e-5	-2.6143852855053896e-6	3.924967751987689e-6	-6.3427112528954485e-6	-3.3334941226830406e-5	-0.00013005022481251576	-0.00022532594807154506	-0.00027274623123905214	-0.0003215646865070915	-0.0004326908807331803	-0.0003253319813555002	-0.00042085850496363956	-0.00039698734907537723	-0.00048586763306668725	-0.00012250250077071138	-0.000150157709582733	-0.00035639675818749774	-0.0005679789229572985	-0.00015741505330358176	-0.00010535939983893992	-0.00016429776117622631	-0.00022399778974027738	-0.00016465371522169595	-0.00010238853396076115	-0.00016695265769636931	-9.596437147016456e-5	-2.6527308174021606e-5	3.761607008064276e-5	0.00016065318153782727	0.00035023958381786603	0.00045725695424869207	0.0004782083524087382	0.002413015558733795	6.389547477908802e-6	0.0001880924547874004	0.00010523534331283125	-0.00013816363420328381	2.5820032084309134e-5	-1.2046748608554418e-5	0.0002311050899521253	4.4166542319496816e-5	-2.3392201399540825e-5	3.6159473248392315e-5	-3.3103665532317446e-5	-9.134623928431541e-6	-2.5417400813937396e-5	-3.6147304130246423e-6	6.765979761964641e-5	0.0001044595496614521	0.00012075863282835254	0.0001154143277227928	4.3826032488736375e-5	-0.00013539919890398792	-0.00021387880090114925	3.2578580360969256e-5	9.339645905319166e-5	-5.591410749937421e-5	0.0001315568751430866	4.297903902814688e-6	5.272842058261294e-5	-2.5464773173702795e-5	7.39112744564457e-5	-1.5727695824036946e-5	6.696192644833725e-5	5.891294442440104e-5	-5.382515426486821e-5	3.881375259154546e-5	2.84494522665075e-5	-0.000157402992407822	1.6978506909974024e-5	1.6332377004372577e-5	1.5905614403543752e-5	-0.00017348888353398368	-0.00022088786221930844	-0.0001594177258033879	-0.00020425502343380132	-1.81909768265571e-5	4.275778432456822e-5	-0.00016723980586399144	-8.322942537802858e-6	-3.304594116134525e-6	-8.490262890938289e-5	6.990837361444085e-5	3.755643963215035e-6	8.552075156199402e-6	-0.00014466067260245096
2.3721528528062555e-5	3.186832327029015e-5	-5.048281807508464e-5	1.3716906599429849e-5	-7.589146831396744e-5	-7.539098323156214e-5	4.3488660913527087e-5	3.9979588764217546e-5	-8.903478833188235e-5	3.3242149735449034e-5	-9.563942282634193e-5	2.8781911000639096e-5	3.761544745536894e-5	4.194579289049083e-5	5.3276850810998256e-5	7.014536800664396e-5	2.869508743947078e-5	4.5431355644502366e-5	4.397677021066818e-5	4.514226879095214e-5	3.1533393908959634e-5	5.477726224304151e-5	3.775962314613219e-5	3.420719456283521e-5	5.136778695858757e-5	3.4865962158677735e-5	-0.00015035750428683814	3.0004454701998092e-5	2.5241454434030402e-5	2.1763851746706424e-5	2.1068075386025936e-5	1.468602760519252e-5	1.0293747662692802e-5	-1.016882407655034e-6	-6.238277763559214e-6	-9.226688503721954e-5	-2.192131440687797e-6	1.1364714365468616e-5	3.252689234918571e-5	9.523970819956919e-5	7.889908710335459e-6	-2.6531590196170575e-5	-4.4369904899194904e-5	-1.1214863535443298e-5	3.3234601252518734e-6	-5.1510603087774e-6	-3.0174584641885034e-5	-0.00010525543095301043	-0.00021180004544672781	-0.0002628644088478044	-0.0003141346871729327	-0.0004364981206202135	-0.00039437504699271547	-0.00046989271960519094	-0.0003789051586771124	-0.0002862957761914464	-0.00010444630902232445	-0.00017088711630097253	5.0799767917460766e-5	-0.00028245781466236866	0.00027096497365273206	-9.812090302501256e-5	-0.00014836892518855322	-0.00021533210296830743	-0.0002823459804374205	-0.0002212943953854886	-0.0001573794894993636	-8.974069403216815e-5	-2.4104507084370423e-5	4.275406729184819e-5	0.00025831594486565366	0.00021610046051516473	0.0002760940482419592	0.0003766795841507475	0.0025104405803775586	0.00017314582612324098	0.0002341211280712887	0.00010989831315398341	-3.0088424743310565e-5	0.00015396843103376813	-3.613783528160289e-5	1.7259635670442437e-5	0.0003686467872191228	1.626071476971383e-5	-7.491660942688478e-5	-3.7805739245119676e-5	-2.4112131887989857e-5	-7.008576231450547e-5	-4.862249854121993e-5	9.3195249300051e-6	4.7167448197099095e-5	6.0715924697150696e-5	-0.00022613631842445655	4.669159628792503e-5	-0.00016881615922115342	3.1028535575352515e-5	4.75039889665874e-5	5.468181010927068e-5	-0.00012154256438488614	6.167059932182112e-5	0.00011132374123369398	-1.52716967474981e-6	5.779460127180742e-5	-2.044522039797007e-5	6.080333984059914e-5	5.551970449020854e-5	5.189451058811782e-5	4.1111173069730564e-5	-0.00012054411169258421	2.1112542513868245e-5	1.3394066199879468e-5	-3.4555599144262114e-5	2.843759618993344e-6	-0.00017277969871707256	2.8864737398469516e-6	4.677493939630973e-6	-3.7075740006800324e-5	1.7799812941191344e-5	2.584313354930248e-5	-2.191139563017955e-5	-0.00016973790005075776	4.578502065706374e-5	-9.959839745038944e-5	-3.488118337688882e-6	-4.0547826521441285e-6	5.9886076696687726e-5	6.31054279697505e-5	5.459579211577765e-6
2.462177589040998e-5	-4.666047301403475e-5	2.8629185813373382e-5	2.419487531781986e-5	1.8909873103459978e-5	3.0022013888772773e-5	4.494690132974519e-5	-7.154606190888847e-5	5.1326397997369575e-5	-7.346942513553105e-5	4.2961087089077755e-5	-8.544863456900548e-5	5.016190705923459e-5	6.106364913793355e-5	2.139379151811497e-5	3.059440322152491e-5	4.227227749784864e-5	5.4934532721760286e-5	3.747383358101736e-5	3.367782093634643e-5	4.729884888049691e-5	3.612162796124351e-5	4.450169479949687e-5	4.167724338836648e-5	3.4492646036091384e-5	2.8401007019346314e-5	-0.00015396425904002481	3.150648058137802e-5	2.517724202161242e-5	2.431208809248271e-5	2.4823201605002104e-5	1.8276105312761237e-5	5.621239131031524e-6	-6.2631581496124964e-6	-1.1115773750571987e-5	-9.82220988015117e-6	-1.0093929647572546e-6	1.138818247599534e-5	1.121048768975598e-5	4.965830134790231e-5	6.797458763700324e-5	2.3030463955825203e-5	-4.349387362663547e-5	-2.344478891613041e-5	-4.484517300725171e-7	-4.863454361831387e-6	-2.6972083259351343e-5	-8.813597888101805e-5	-0.00019633942447045013	-0.0002564229737992004	-0.00030902125191406256	-0.00042357781742535534	-0.0004066048381356417	-0.0005472536633870247	-0.00038484511316538026	-0.0002613054064578191	-0.00013915501045619685	-0.0005162428605668084	-0.0004267808374995379	-0.00018652422275983573	3.6839407198114953e-6	-4.829828202599631e-5	-0.00011388905888907487	-0.00020558989255423728	-0.0001515536703824592	-0.00021195366729479144	-3.577634217589629e-5	-8.762906878984826e-5	-2.468886856666166e-5	-5.430791985417847e-5	0.00024313355100943966	0.0003760121592427039	0.00023900331352224723	0.00044414217480435677	0.0008136159503143781	0.00024601661944506767	0.00023970516596661068	7.407596136355088e-5	0.00010689996873696687	-8.798280047628607e-5	-5.643779071149986e-5	-1.4754437176103113e-6	0.0002785025842494491	-5.927935601595302e-6	-0.00013520479287150596	0.00022989190859314416	-0.00011329895890884074	-9.397837773651848e-5	-6.249363292761814e-5	-3.594545889200806e-5	1.985869787242151e-5	2.2059505708712807e-5	-0.00016807393250551457	1.0146524890208494e-6	5.346205807144912e-5	-4.377691536674132e-5	-1.7813716498045343e-5	2.6615728154629707e-5	8.529004390853741e-5	9.8115660334421e-5	9.95826044709663e-5	4.656922906524658e-5	5.561951593914083e-5	5.589703007933622e-5	5.060639989064764e-5	4.8394832825412364e-5	4.0169414568344986e-5	-9.831716017906934e-6	2.409053663334935e-5	-2.810483714126813e-5	2.8787478539371927e-6	-6.237099798758316e-6	-5.086272140988413e-5	-1.4021590599368368e-5	-0.00018992307257160047	-5.0857758322107004e-5	-3.2066852677782413e-6	-4.784706968396233e-5	-3.8090076218188834e-5	2.101485373292894e-5	2.7069660084065106e-5	-0.00016723622368327185	-1.6609916506899565e-5	-9.432872722811526e-5	4.954827059486266e-5	-1.1923770449679587e-5	-7.800836170460427e-6	2.0748568768950894e-6
-5.285729862812902e-5	1.2001057389597451e-5	3.410016629848997e-5	3.173102996978247e-5	2.702669531289638e-5	2.5620047236542276e-5	-8.969101783046159e-5	2.4125553383426976e-5	4.05687961678138e-5	3.5680204855114165e-5	-8.211310561571651e-5	2.947824378522095e-5	2.7885048222959054e-5	2.4101031623961593e-5	-0.00013329764539096929	5.5509412820318647e-5	3.338462776038357e-5	4.124337715389091e-5	-0.00012753536088968686	-0.00014232942560495402	-0.0001617345911480105	4.9054942986946214e-5	3.574858410871902e-5	-0.0001882283665124746	3.829693971705249e-5	3.340801804310506e-5	-0.00013769858853998564	3.708016641614897e-5	2.2024755365206736e-5	2.7432059054987982e-5	2.3586695369601555e-5	1.9437207746540643e-5	-9.920938390174335e-5	-2.304997483670271e-6	-8.485842190407065e-5	-1.338620438487404e-5	-8.240452470261958e-5	4.465291484090925e-6	1.86047475984072e-5	1.6013831089943986e-5	6.0631887439680995e-5	6.663709120027252e-5	-1.0497296940468678e-5	-3.622920610894917e-5	-7.885934619912397e-6	-5.339298123262985e-6	-2.348262471276591e-5	-7.554794075699349e-5	-0.00017738670355125087	-0.000250885933236601	-0.0003052856172182589	-0.0004095317017165415	-0.0004365586322804425	-0.000421224257564517	-0.00042710033375975	-0.00024033381429885634	-0.0001841911855544648	-0.00019164226293407307	-0.0001444240141745324	-0.00043720974625783855	1.317640427765535e-5	-0.0001294753528257686	-0.00023186119768122846	-0.00020723184525261117	-0.00015343202674465988	-0.0001007402316334624	-4.6878785008241334e-5	-9.244507558584403e-5	-3.398428852361226e-5	1.7199318373373965e-5	0.00019259943474600298	0.00030237592092245366	0.0003294555750664517	0.0002667313268659528	0.0009438916462131447	0.00029221269081790985	6.572989743742629e-5	0.00010409581764960277	5.048044103504387e-5	7.622061459954844e-5	0.00014737553382498914	-0.00011351840317220586	-0.0001240189548661378	-0.0001477644694909111	0.00027597977548634136	-0.00012891259197411156	0.0001515273661572094	-0.0001385344663766097	-0.00012516723002241803	-8.472435581151263e-5	-1.4971618224497978e-5	-9.708427235386157e-6	-2.6932440030512806e-5	5.7878272234821414e-5	-4.0774556507897856e-6	-0.00023663345695008257	7.448276370599109e-6	-0.00013372475416478422	6.402766733314179e-5	3.285382034414852e-5	9.497914393368444e-5	9.968236093122656e-5	9.900739383936316e-5	5.0442529628149215e-5	4.36044800657565e-5	3.7225461447077486e-5	2.70886640103829e-5	2.016708802764504e-5	-2.558352075002126e-5	9.725526765704331e-6	-3.896306272907512e-5	-4.8730944280782774e-5	-1.9336999423658638e-5	-2.5618127538547687e-5	-6.811710144849622e-5	-2.4847649383170868e-5	-0.0002274890899243119	-7.2197381879954715e-6	8.266366237049197e-7	-3.979482660269808e-5	-3.310941325274531e-5	-0.00011195694655233052	3.554465191251636e-5	-1.3292846504028583e-5	-1.626508236311124e-5	-0.00016802679851517103	4.288794497273388e-5	4.901888154279477e-5
-4.8048296109433006e-5	1.2474763777240892e-5	-4.3334004273810596e-5	3.588452376551265e-5	3.243371038194658e-5	3.215309399307975e-5	-8.38908392195988e-5	2.5363324008594187e-5	-8.460796385292087e-5	2.877118973690254e-5	2.6238284594014142e-5	2.333500263460573e-5	-0.00012282994128568977	3.982221283795517e-5	3.89729913325619e-5	2.388518870038032e-5	3.588007714614978e-5	3.904828472241814e-5	3.0783507967863403e-5	3.645305117674544e-5	4.556888851007515e-5	3.453570676771893e-5	2.7164007446046478e-5	4.498987785485212e-5	3.580543987039106e-5	-0.00015552307303590889	3.745937423818297e-5	3.166405145038208e-5	2.810954265758652e-5	2.131684258448131e-5	2.244624057150073e-5	1.6609620890319847e-5	1.5134802079098107e-5	-3.1079682987655193e-6	-1.1987347484130424e-5	-1.3476397424713586e-5	-3.2043487130150932e-6	5.024121988293664e-6	3.2373000529063592e-6	1.8345232051403823e-5	2.7687012627087616e-5	5.757806010681815e-5	4.485775634223443e-5	-3.5483470884546306e-5	-1.9350930768058665e-5	-8.500351719437473e-6	-2.2739654972158243e-5	-6.475303337124172e-5	-0.00015841339008488328	-0.0002449756227747063	-0.000299308423613358	-0.0003915149839545009	-0.0004543189015858353	-0.0004004151173346701	-0.0004335595870303354	-0.00014720659520945202	0.00015675227186164563	-0.0002398209226851431	-1.927173788596019e-5	-0.0001737914253348142	-0.0001564524994284366	-0.0001542164931106287	-0.00012033211583402327	-0.00012436143583042375	-0.000219806676136137	-0.00017409039399883877	-7.631957473997353e-5	-9.696355084553568e-5	-1.176026927844913e-5	2.3956039616472753e-5	0.00015842022634513907	0.0003301167588913882	0.00027537423281585134	-0.00016819656962277713	0.0012911422317078616	0.000324975670222057	0.00015666598108688128	0.00020807925386609103	-2.948467577574762e-5	-8.152039736702521e-5	0.00010858574627491406	9.540221371022689e-5	3.8870414222049116e-5	-0.000155173318243442	-9.547302020388566e-5	-0.0003376221657944644	-0.00016168615281918946	0.0001479742511590232	-0.00019065151799927196	-0.00012256924051909195	-6.813668645209991e-5	-9.379097514565764e-5	-5.914119482232361e-6	2.4361415943371413e-5	3.824811507062431e-6	-3.7255641937818584e-5	-5.06965703349219e-5	-9.828575192094612e-6	4.908551969972199e-6	6.824767466910553e-5	8.122006487519778e-5	3.817391472100214e-5	3.9506194435721346e-5	4.150665846241498e-5	3.517189100087233e-5	3.147957532649527e-5	1.488843995000092e-5	-3.305199832798417e-5	3.917436661007899e-6	-3.811915051396032e-5	-9.916939776494259e-6	-1.984192185027346e-5	-6.416994076669045e-5	-7.129439113780851e-5	-3.648833450192626e-5	-0.0002352660470115184	-2.593228407895198e-5	-2.1695411225316564e-5	-0.00020557401940384662	-0.0001408900645216097	-0.00013003064581817688	-3.413182145660604e-5	-2.6956312913925745e-5	-2.113395794906708e-5	-2.399291389199379e-5	3.289248425944707e-5	3.4466291988364183e-5	-1.2855229419227957e-5
2.3305999754487578e-5	1.5099204861045634e-5	-5.275596745063797e-5	-5.417070421518056e-5	-5.8842114634656344e-5	-7.196165094214968e-5	3.212193886397357e-5	3.269461671114233e-5	3.885020720713144e-5	-7.295536389669e-5	2.5319430819354684e-5	-9.495897514783891e-5	3.2340007687606145e-5	-0.00011613820964129467	3.358525169554021e-5	3.1119382523493266e-5	4.507182684475406e-5	-0.000130960686310884	3.961410507675214e-5	2.58776237969794e-5	3.3221366660979735e-5	4.395541472637914e-5	3.331394193500567e-5	3.1382776848659015e-5	-0.00016640312522891087	3.555530921037144e-5	3.2666487866448834e-5	2.3696991886701813e-5	2.226730586431659e-5	2.5742146787897523e-5	1.8905411109272218e-5	2.3363211937172117e-5	1.0474828722529844e-5	1.8223105532346687e-6	-6.620258094923079e-6	-1.0498413672248427e-5	-5.322838976188206e-6	2.361445175706289e-6	-6.225797333210472e-5	1.7353056868179228e-5	2.325975835284122e-5	3.779143694912664e-5	8.096127517028863e-5	7.156388403340222e-6	-3.1873948982755196e-5	-1.7436909516858543e-5	-2.413010675140722e-5	-5.676721245298163e-5	-0.00013912849648804585	-0.0002352223734538347	-0.00029238078563001164	-0.0003716291629021144	-0.00044833851667316514	-0.0004479765210583381	-0.00042993895579944257	-0.0003311597889225459	1.55659859970886e-5	-0.00025288498592883823	-0.00016697568231997025	-0.00023826643024165177	6.716880408361376e-5	-0.00016018110775202618	-0.00011812621687363415	-0.00019279956504703434	-6.70512973539861e-5	-0.00010741686956302916	-0.00013670927264468574	-1.576595973762406e-5	-3.932588525305965e-5	1.3249370461999952e-5	0.00011871885749943005	0.0001920733749447175	-0.0007286808278306168	-9.941232573937829e-5	0.0011627067509061223	0.0004291764913690792	0.0001890595795373646	1.3551236041133572e-5	-9.973504191853992e-5	0.00022965626425899767	-0.0001037432800075639	-0.00011391824389776089	-0.00011703048607446037	0.0001345676490558062	7.888480787172285e-5	-8.865591510323731e-5	6.206685790141392e-5	0.00017616760003558813	-7.948749169083783e-6	-0.00013834250168220236	-9.898445613033173e-5	-8.237243045071613e-5	-4.984466920059235e-5	6.653313162054901e-5	-4.2920448523202414e-5	-8.95947260634545e-5	-3.855300800956825e-5	-3.9283831724983356e-5	4.274085673185201e-5	5.759420904097095e-5	2.474160533539509e-5	2.5948440645056497e-5	0.0001233137041639176	3.231735974175941e-5	3.0274529258315615e-5	1.8152678513604038e-5	8.237626090688323e-6	-3.502570380466445e-6	-4.321142394211387e-5	-1.2220646841600968e-5	-5.695731441756561e-5	-6.545515896105403e-5	-3.5364785403098646e-5	-4.079693702499672e-5	-8.105845323603872e-5	-4.063440605603548e-5	-3.7668895689965806e-5	-6.861263439566102e-5	-1.828957176217786e-5	-1.0424299136667673e-5	-4.6716932389551016e-5	-3.848384582510675e-5	-3.1817735509507205e-5	-2.8218730310404375e-5	2.3005829970437633e-5	2.103987993176031e-5	-2.6727458135883007e-5	-1.9138603868785846e-5
2.40612963764913e-5	-4.448662722422291e-5	-5.241744083098101e-5	-6.155718880144389e-5	-6.72337296967146e-5	2.9278849820680772e-5	3.511000947395117e-5	-6.980094500124324e-5	3.5186100991778727e-5	3.410874869351656e-5	2.8184397201974816e-5	2.6755494556988458e-5	2.8622026541198992e-5	4.001176929590558e-5	2.2148126600968253e-5	2.949710358924869e-5	2.5578647202932907e-5	2.846475198862769e-5	1.8684774724881184e-5	4.332083726237896e-5	3.3420325084248896e-5	1.7198990733211514e-5	4.127677090961948e-5	-0.0001598885159853153	3.156370978683355e-5	3.0190416325797547e-5	2.3035555495081925e-5	2.8092264275302015e-5	2.4281877269258126e-5	1.9971577697766823e-5	2.3745199180490715e-5	1.789650045791913e-5	1.1020700252861379e-5	2.7247219563334302e-6	-7.1429556856443576e-6	-1.1898063801642125e-5	-9.499965120092838e-6	1.1352182545452776e-7	1.072176927262628e-6	1.2112654101513617e-5	-5.184954959970025e-5	1.6229398479566275e-5	5.3885809460536296e-5	7.256872873534384e-5	-6.931948434873883e-6	-3.157987924972945e-5	-2.8869022267584855e-5	-5.1670171124336894e-5	-0.0001202841769237285	-0.0002214756592710626	-0.0002862329681440983	-0.0003530737363022316	-0.00043572254014332106	-0.0004693165200744332	-0.0004943345774241709	-0.00024944796346056857	-0.00021524171362010498	-0.000266420038186237	-0.000386240213260231	-0.0002840852938891655	0.00011344147130602994	-0.00017094551550540533	-0.00013313717151725848	-0.00012186985505258964	-0.00017253969535076306	-0.00026155831251233573	-6.826368387680094e-5	8.876878016269392e-5	0.00012115578863143984	0.00011939584320425794	1.4431979706848279e-6	0.0005720581673867892	-0.0004529321311727433	0.00018685397419289807	0.0010177607469861495	0.0004237614369708353	0.0002747104145050486	7.77757789533829e-5	-8.922793591807036e-7	-0.0001035312176128362	-8.436129031262466e-5	-9.202576473937201e-5	-0.00010101323281172438	0.0002993665073434016	-0.00019744850283305387	6.468221250540058e-5	4.024814165662447e-5	1.63630759257463e-5	-6.166576528712298e-5	0.0001337608985859523	-0.00027987272293972677	-4.317884421348216e-5	2.4126575322745356e-5	6.411148674970884e-5	-0.00010719278136762066	-3.9586350349136296e-5	-9.606258410145823e-5	0.00010682731349037676	3.108446011524193e-5	1.3326240289220082e-7	5.796756524028071e-5	6.345485943639543e-5	2.1441210183094535e-5	2.332573063645112e-5	2.4371340662315225e-5	7.599971132291397e-6	-5.817864063537058e-6	-4.928056856638393e-5	-1.6201199877512087e-5	-5.6698930438312976e-5	-3.3020709325339926e-5	-3.98632558185313e-5	-8.1145134450993e-5	-8.695683497288577e-5	-5.1585009828256524e-5	-4.7754264357498244e-5	-8.008764519308966e-5	-3.7051887751749684e-5	-2.9287024456235017e-5	-6.213650805191235e-5	-5.519884117816012e-5	1.0506378688758273e-6	9.334482767061735e-6	1.3480775608918196e-5	-3.6380468643153066e-5	-3.6173704780677416e-5	-3.37919636082297e-5	-2.6158632586704674e-5
2.1573859372974737e-5	1.440320993367425e-5	-5.082161477928498e-5	-6.06206533231864e-5	2.0882711485353442e-5	2.2637628855680467e-5	2.852390190452952e-5	2.7509688967155025e-5	-6.623070524567557e-5	3.601558896167243e-5	2.066281494025467e-5	2.5406972466486685e-5	-0.00010098739975613577	2.76434045296667e-5	2.019823562732085e-5	3.68021082982592e-5	2.0803809385889214e-5	4.0204498809101727e-5	1.785378340459328e-5	2.986414669514778e-5	3.714720838521752e-5	3.322229420227004e-5	2.2459958265246514e-5	2.2725932451579623e-5	1.998084367327269e-5	2.3404284166689293e-5	2.9527956341060383e-5	2.3512749837529363e-5	1.8755042520617418e-5	2.2479733371624767e-5	1.663424506467197e-5	1.2792663272381214e-5	1.3823031561298869e-5	1.6435557797672175e-5	7.387647683348335e-6	6.512617209809921e-7	-5.646441974333969e-6	-2.4412550503989314e-6	2.301856967222571e-6	-4.423743084829761e-5	9.412162738961613e-6	-4.9878981696231195e-5	2.324511070186876e-5	4.210688367322279e-5	6.55695278059293e-5	-1.553232315647246e-5	-4.091595498290014e-5	-5.140129051759779e-5	-0.00010419964614013458	-0.00020158841444081939	-0.00027872782271179874	-0.0003374378233800626	-0.00041674503366359236	-0.000481409107559005	-0.0004345967242776151	-0.0003313375164098846	-0.0005680268068591139	-0.00024982095264563815	0.00010688273842711761	0.0003005124144601391	-0.00011023053313580092	-0.0002764207895816469	-6.2820376592913e-5	-0.00017205130383158543	-0.00018829403088513569	-0.00010506042706979416	-5.085845406565441e-5	6.082564121173738e-6	0.0002432154015912923	-0.0006147780144643905	-0.00016382424660697347	-0.0002634978493424342	-1.5143965827297493e-5	0.00028303457447441177	0.0006765741025781995	0.0003549385112908382	0.00014725651748794628	-1.9143024012312215e-6	-9.562351809252914e-5	0.00027911334870560573	-9.389178155474803e-5	-7.91080255741546e-5	-8.77734661383937e-5	-0.00015080678205280562	-0.00011903537657515255	-0.00019251979856472947	-0.0002040330996223123	0.00010280168049943634	9.023689871419686e-5	-0.0001259567807077532	-0.00023314949519040624	2.1904118229492276e-5	4.527484309283479e-5	-2.1918904161372186e-5	-1.2141407537432205e-5	-8.736151219860275e-5	-0.00011566659686968101	-6.229920978216281e-5	-1.813031708746012e-5	2.6287108982941867e-5	0.00014525386553245292	5.728825483565601e-6	0.00011567753633544005	1.9367123155208206e-5	0.0001156262087082026	0.00011042422393163585	-1.9025521241036215e-5	-2.3770037240617705e-5	-6.346272809553549e-5	-3.4614749131079304e-5	-4.300467490781922e-5	-8.017744240272628e-5	-8.695533873386875e-5	-5.8484629264076316e-5	-6.134696640364189e-5	-9.058833600290514e-5	-5.1020043088215216e-5	-8.150414118408248e-5	-7.469436012697158e-5	-2.9232452945205344e-5	-1.998111215511969e-5	-5.2920180767368876e-5	-4.47501124764126e-5	-4.266753244212612e-5	-4.274995220202656e-5	-4.144125495200474e-5	-3.8076175675012466e-5	-3.2682917080185904e-5
1.7638747076704478e-5	1.6013152616527757e-5	1.8571638803952222e-5	-5.9109552339208556e-5	2.124208003554236e-5	2.280049618168974e-5	-6.476832318378075e-5	3.2409866617201294e-5	2.871131603973399e-5	-6.484625561439659e-5	2.0193378850593097e-5	-8.601733550027532e-5	3.317486223581548e-5	-0.00011285340452729848	-0.00010138863411266532	3.443103422529656e-5	-0.00011319782728017117	2.705723424139937e-5	2.762106167894285e-5	2.4282191796468555e-5	3.188728707845175e-5	3.4375701196158654e-5	3.268090961828439e-5	2.6857510890236776e-5	2.7469305423036164e-5	3.158019590007038e-5	2.676308048469775e-5	2.2506902846426246e-5	2.626858344474258e-5	1.890187313683604e-5	2.2027052408143456e-5	1.5198737836740069e-5	1.354466877206452e-5	5.768606557950747e-6	3.314416745342475e-6	-1.8729892180280056e-6	-5.479607450818453e-6	-4.361595634209416e-6	1.1006280977842592e-6	2.8760902232618764e-6	4.71327889489258e-6	3.5512308495277197e-6	4.9917463635122065e-6	5.233881727109832e-6	6.930484978283922e-5	7.491107236525906e-5	-4.2145621575723343e-5	-5.786763272316148e-5	-9.007483215279968e-5	-0.00017485277525355425	-0.0002648151078493222	-0.0003221598590685316	-0.000394244352572489	-0.0004753619889557518	-0.0005128931914603766	-0.0004048319731838235	-0.00046493969672646313	-0.0004700112232160539	-0.00048263475090116765	-0.0002824566129763133	-0.00018431770055834596	-8.801473125731422e-7	-0.00014143581264345131	-4.567209835300203e-5	-0.0006458807901964692	-0.0005828963271538442	-0.00023375348577028745	0.0004722560941257674	-0.0009326316499957575	-0.00022110655410048164	-0.0005147355971982541	-0.00010601812142997224	0.00023008498165361753	0.00026956086433437085	0.0006434333880030001	0.0005376872495508125	0.00022661255395507252	2.7299376824996063e-5	0.00021934309314350646	0.0001925551575572245	-9.806861030196585e-5	-6.422542053461213e-5	-4.7608972805145665e-5	-3.217873580708334e-5	-0.00015489296573609353	0.000151011964263949	-0.00015766626325096778	-0.0001896988469491192	-0.00015648185533831621	-8.694941998137976e-5	-0.00013778141765555772	7.831656264473781e-5	5.825677425066664e-5	-2.0525524379443483e-5	-4.1858576630641325e-5	-5.675557344403826e-5	-0.00014664653177277193	5.79688286069446e-5	5.8353254597648656e-5	0.00011224413399870542	-2.2941522847408228e-5	0.00013938171491394884	5.1643731170482104e-5	0.00016139784942401092	1.3629207240531838e-5	-5.005284793537694e-6	-2.374920500369912e-5	-3.2094764910807526e-5	-4.05144418333999e-5	5.311600082493384e-5	-5.55172412693638e-5	-5.9464311494023675e-5	-9.496095054624875e-5	-9.801255243203563e-5	-9.514480172838412e-5	-6.16855484162097e-5	-5.79757702620534e-5	-8.790291811163397e-5	8.386672807397778e-5	-4.114687448200302e-5	-6.901376764650315e-5	6.690915510760577e-5	7.355791124758924e-5	8.045535989926848e-5	-5.187324214240988e-5	-4.650419379349964e-5	-4.4531632659722134e-5	5.872412545495677e-6
-3.1695342441271236e-5	1.7135359584251038e-5	1.7391974052617654e-5	1.8185406813024934e-5	1.9851584625775616e-5	2.4858689056795046e-5	2.710604769105054e-5	2.8795039237655467e-5	3.375689414042971e-5	1.6874036940297285e-5	-6.66796883372464e-5	2.3979977145809398e-5	3.3512837064820155e-5	1.509872903544872e-5	2.5122639099165768e-5	1.095016107797173e-5	2.4045448678538107e-5	1.9751169172683818e-5	3.271327087645627e-5	-0.00011852303984901752	2.983889525113285e-5	2.9964074672027838e-5	3.027566438500688e-5	2.6109731484565428e-5	2.6657128768635538e-5	2.8246771960730474e-5	1.5586775466260375e-5	2.2586467352507392e-5	2.5595994522889282e-5	1.8533689525694077e-5	1.3821920836259364e-5	1.573838327439145e-5	1.3190258087407295e-5	8.196724098640017e-6	5.971123001877795e-6	1.2571687971093789e-6	-7.041562817181209e-5	-5.041149580032071e-6	-8.195357902355226e-7	1.7240960310680115e-6	4.318503422953398e-6	3.507341419885018e-6	-2.7288983528412454e-6	2.884382978247729e-7	1.5629862163070072e-5	7.416355067062881e-5	3.6894406539405536e-5	-6.591924068932232e-5	-8.748420675566584e-5	-0.0001516539804287604	-0.0002459394786086754	-0.0003073881281700987	-0.00036849014019823753	-0.00044319986106563505	-0.0005726062381078423	-0.0005712980788053585	-0.00047607783987578924	-0.0005313961775382401	-0.00015292933817127657	-0.0006941801102204083	-0.0004936916251975379	-0.0003222231223693221	-0.00031952500016497196	-0.00020816360108363808	-0.00013030036319914553	-0.001247028816103613	-0.00022016954084172697	-0.0001351160211431426	-0.00033863873395056443	0.0005431962335469094	1.3980917982765566e-6	5.238625136265744e-5	0.00021351075174710172	0.00024860197574893975	0.000442547001401637	0.0006007898525918021	0.00017322512975706788	3.51122636800213e-5	-6.923225346305677e-6	-0.00012573505898345774	-0.0001130004160054105	-9.802337295132307e-5	-5.6321566791264766e-5	0.0001784786892761116	-9.448287032173537e-5	-7.734042900111758e-5	-0.00016106278686459	-0.0001841878327525073	0.00020649410719296218	-8.354130708298699e-5	-4.617232342898339e-5	8.647927432460121e-5	7.185329976065291e-5	-0.0001159568847287505	1.0459549526287745e-5	-7.836992296745529e-5	-2.334823430564289e-5	-4.168369564957336e-5	5.310522783368368e-6	2.9497470911349702e-5	2.560269683196106e-5	0.00014397153839796999	3.265418525113563e-6	6.224219181047647e-6	5.920018679874241e-6	-7.851690541550065e-6	-2.3377133205121836e-5	-3.679929791843375e-5	-4.7775348229046844e-5	-6.24022454162891e-5	-6.485026296671956e-5	3.377978313616795e-5	-9.825100810588591e-5	5.3012089376532935e-5	-6.846022505810714e-5	-6.620935049490026e-5	-9.50960512777568e-5	-5.892363989420924e-5	-5.3877691321987204e-5	-8.07258911631446e-5	-7.563703678117005e-5	-6.750702840740714e-5	-2.2513719346669734e-5	-1.925996876502847e-5	-1.4560632670911587e-5	-5.411964037620545e-5	-7.40204847675765e-6	0.0001385979963564347
-2.9282235210839082e-5	1.5892097855767966e-5	1.624555769851781e-5	1.7012755724184843e-5	2.142526878644169e-5	2.3361917045706335e-5	2.460806835237036e-5	2.6828595202454904e-5	3.0928864655051306e-5	1.9370210112328522e-5	-6.700489091849459e-5	2.5507379548612074e-5	2.896144868652726e-5	1.6440415534089883e-5	2.315715156462879e-5	1.4829449161239672e-5	2.5393894730156303e-5	2.221141093603548e-5	2.3040755448172385e-5	2.165321206497778e-5	3.201353283554224e-5	3.395540983879849e-5	2.9896444314987593e-5	3.0099493840501056e-5	2.9202608581127315e-5	1.7708219464292185e-5	1.8277424833945178e-5	2.317644773642516e-5	2.123665010676009e-5	2.4361200126791853e-5	1.4704853453778176e-5	1.7465770182987085e-5	1.785201257988435e-5	1.412241508285002e-5	6.549014608853198e-6	2.3227750874256882e-6	-6.816050355358213e-6	-6.442371481129986e-6	-3.5072548378544104e-6	1.909276040578116e-6	4.095453008351826e-6	-1.3321123207277446e-7	-4.906224109252257e-6	-5.00147941904941e-6	2.760906483943986e-6	2.6738061536293856e-5	7.3601458630606e-5	8.786271062035007e-7	-9.620221856199108e-5	-0.00013821851419714695	-0.00022345171495131793	-0.00029336422799047	-0.0003451004702069828	-0.00040802238193822136	-0.0005211333052270849	-0.0008023218125386756	-0.0003938458419933946	-0.0003820913286600833	-0.00024031857002464315	-0.000553706210717755	-0.000576150477117239	-0.0005480240401519159	-0.00048374372592997804	-0.0007688391683252876	0.0005713858664362537	0.0004394486849202176	-0.00041209925753494863	-0.0003819025712580677	-0.00020500938799568802	-6.461619839843655e-6	-2.7832903478854e-5	8.386068026342139e-5	0.00014444248094115306	0.00018247461298449407	0.0003473988374627559	0.001124767108585615	0.00013909408993938426	9.068224114198759e-5	-3.738359868958401e-5	-7.606684058307023e-5	-0.00013902048580203327	0.00031910271201219696	-6.715816461371296e-5	-7.977892235489425e-5	0.00017212522462649164	-0.00010554874621672688	0.00026086861617156997	-0.00013235517227663373	-7.547345676084437e-5	-8.508954482761011e-5	-4.4693346726860494e-5	-3.263329162641465e-5	-2.877260390168608e-5	-4.103177673330568e-5	6.936482679577869e-5	-9.837569901409763e-5	-0.00013103973039041363	-9.753187936800602e-5	4.0228829986486015e-5	3.685740814047167e-5	4.081783739791345e-5	-7.295973146908587e-6	-2.4453713790932845e-5	4.238417187287804e-5	6.844255034874503e-5	0.00011514133425273771	9.971239965847326e-5	-3.79676446517316e-5	7.233095388855821e-5	6.123672757383028e-5	-0.00010274651552706431	-7.90969321464211e-5	4.742848886786781e-5	1.962909527260465e-5	1.726005005041266e-5	1.8651596305518155e-5	-6.869826848457708e-5	5.240167034144543e-5	-9.11578729367109e-5	-8.711404740412414e-5	7.499844096606309e-5	-3.874199139615995e-5	-6.88623807869207e-5	-6.83024307647365e-5	-6.312805004095464e-5	-5.953692641282602e-5	-5.544963485105297e-5	-1.2132966434264198e-5
2.0120221235708183e-5	1.8748473733616535e-5	-4.8369926989261594e-5	-5.595074005915548e-5	1.9309111209320413e-5	2.114117521832205e-5	-6.296377943187267e-5	2.6713020332811593e-5	3.0410119281287594e-5	1.79799479718996e-5	-6.738561446366641e-5	2.467169964396319e-5	2.2509609918366176e-5	1.603946845652723e-5	2.2571451491842595e-5	1.472739016824653e-5	2.2785879559134828e-5	-9.106146751346037e-5	1.528385101030508e-5	2.2416805926763405e-5	3.248555358658929e-5	-0.00011686927690737959	3.073607139264864e-5	-0.00012782461142247516	2.9511872535221018e-5	2.055507663007843e-5	1.874916345993025e-5	2.489644256644123e-5	1.6145469202407466e-5	2.2491700315289617e-5	1.2224629851441968e-5	1.3843622272398468e-5	1.5903937185797554e-5	1.161892683709516e-5	6.147962136845205e-6	3.111657532922402e-6	-4.116498793657283e-6	-6.038066180918803e-6	-3.1043997138744967e-6	-7.538586193690019e-7	3.0350569294617692e-6	1.4941717187626864e-6	-3.3620037273498354e-6	-8.00752126453965e-6	-7.955935373415036e-6	6.754928573002761e-6	2.602295284575098e-5	5.32392282815271e-5	-2.6981885464624398e-5	-0.0001394451828205123	-0.00020287034580699053	-0.00027641220282288085	-0.0003225822279101173	-0.0003784091218752498	-0.00046550112174932666	-0.0005657292949052704	-0.00037870965349403674	-0.00030682708253988635	-0.00032719627666518867	-0.0005366829036035944	-0.00012557787694800725	-2.2984054210972715e-5	-0.0005243449162757705	0.00028017722602303053	0.00028888514430192155	-0.00037321352318047665	-0.00024289918209287288	9.540197159214241e-5	-9.984849745585953e-5	-1.0554919693283628e-5	7.1106116061978204e-6	0.00016044281798077925	3.409037536882464e-5	0.00018410650213104233	0.00033115189574969665	0.0011316008904774775	0.00021416300907481887	4.2413258464346756e-5	-0.00010927730323792096	-8.585443091866339e-5	-0.00010122738767856022	0.00029164599578149425	-0.00010918136748586148	0.0002460064165951464	-0.00012177441582747841	-5.804042681271807e-5	-0.00010060404547706852	-9.856041736744196e-5	-4.690683447577514e-5	-4.5365886813350954e-5	-2.70780411237132e-5	0.00011948366404742825	-3.606464070061424e-5	2.1519146703842876e-5	-2.7327191312368458e-5	-8.254631355405313e-5	-8.916882507539032e-5	-6.844094636486897e-5	-5.529313183891033e-5	-4.553612125244829e-5	7.816392931472957e-5	4.6146016341129786e-5	8.706715329280979e-5	7.97699377531446e-5	5.51042722868344e-5	9.330632619661402e-5	3.8616713054903315e-5	-4.828879741660395e-5	-7.045054401725107e-5	-6.612282492302361e-5	4.6649936753568764e-5	-0.0001095007615943837	1.7222722157863787e-5	1.306611160053952e-5	1.4484217281607792e-5	-7.504688238094527e-5	-7.491340520177471e-5	-9.947367175591965e-5	-6.646889471115486e-5	-6.37931599413086e-5	-8.758695271708574e-5	-8.07748307856673e-5	-7.648988438900572e-5	-7.330696968179621e-5	-6.95267652417236e-5	-6.647061560353636e-5	7.348366519546279e-5	-5.9680157739561645e-5
1.7794534324471454e-5	1.588996581272054e-5	1.559693405930781e-5	1.8230724126711684e-5	-6.078760465784506e-5	1.613282100979891e-5	-6.145291774671267e-5	2.7354162248973692e-5	2.2298626832595536e-5	1.727469232794146e-5	2.6427437308681708e-5	2.210563756878495e-5	2.06463025374489e-5	1.377190134243606e-5	1.8466370227799124e-5	1.3566980692917077e-5	2.219304355116495e-5	1.6355652453459927e-5	1.3882669960337967e-5	2.4271807569859534e-5	3.122210947609168e-5	2.6366291074076678e-5	2.8069104903671557e-5	2.6167737516825072e-5	2.4993489804428146e-5	-0.00012956509090970852	-0.0001275180539981791	1.8992246310811276e-5	1.921279147652636e-5	2.0413172411868144e-5	1.736293987331019e-5	1.6461958225800523e-5	1.3229886078045048e-5	1.2580938488868532e-5	6.798652530440297e-6	4.280808245215174e-6	-2.2885045079654902e-6	-3.657011443783972e-6	-4.9760705236965436e-6	-6.558461869882225e-7	5.2865815805693646e-6	1.634338747080982e-6	-4.746797125457789e-6	-1.0582605438382562e-5	-1.4600396708509713e-5	-5.925739970016192e-6	6.9796036009534554e-6	1.4895889855680799e-5	3.492844674749429e-5	-7.063436085334425e-5	-0.00019346491741449698	-0.00025778984965224734	-0.0003052218611300278	-0.0003481653669966064	-0.00041918683693360553	-0.0005487917295908887	-0.0005749604738695241	-0.00031760470117561017	-0.00030506352986516124	-0.0003405068654824825	-0.0004719445446230955	-0.00012323227694595448	-0.0003761409133316981	-0.0003291882733499614	-0.00024899034014547574	-0.00024019452206769766	4.982927694442913e-5	-0.00014095790233537454	-3.5440849475867984e-5	-6.157126020373948e-5	-2.047598190961855e-5	-1.4065607324437873e-5	0.00023280478416052523	0.00013534390849974723	0.00021265165760818504	0.0011149086596477884	0.00027522132653589704	4.058200683515955e-5	-9.276284987876841e-5	-0.00011984793982758703	0.000297153773224035	0.00021131918650356602	-6.794134752150806e-5	-0.00013525833471178376	-7.511703733857405e-5	-0.0001006296337920814	-9.749006751925277e-5	-6.182622365112547e-5	-5.3701681715419974e-5	-3.581864668658402e-5	-0.00023927433205895828	-2.613139128644854e-5	5.8507064413409245e-6	-3.876696789972822e-7	-3.669631075032707e-5	5.755962253616931e-5	-3.982226967028861e-5	3.2606125301190125e-5	-8.537235040487917e-5	-3.222658297702581e-5	-5.7635799542953003e-5	2.201138261394807e-6	1.2654370780921121e-5	7.74000470397788e-5	6.624625520133191e-5	5.0798430541941194e-5	2.430051141277074e-5	-1.1698522283821317e-5	-8.603875344603373e-5	7.689942099746048e-6	-8.393719397146331e-5	-0.00016150162037339207	-8.967145678076289e-5	-0.00011056554295447714	-0.00010729568834367317	-0.00010484351296265464	-0.00010648745844223009	3.08910493264532e-5	3.7899180778583385e-5	-9.762093212850706e-5	-9.520378576447267e-5	-8.78428205585563e-5	3.972718079739749e-5	4.518638695326133e-5	5.412029607714929e-5	5.8975581787296246e-5	-6.870295746966271e-5	-6.637405218342318e-5
-3.777445873795243e-5	-4.8076380627071994e-5	1.3091090965972453e-5	1.2791614055713348e-5	-5.694097704472622e-5	1.384545361011693e-5	-5.5522103366175795e-5	2.2150830901946283e-5	1.9590528106782474e-5	1.9152097076570668e-5	2.465887379177691e-5	1.5594664902038498e-5	1.673310089839842e-5	1.8482147464231585e-5	1.374703427926236e-5	1.4729719306926686e-5	2.0355056254575763e-5	1.3796632547500329e-5	1.3232276121323625e-5	2.5897785627242717e-5	2.6557954505527376e-5	2.403710788799262e-5	2.4673546779113373e-5	2.416232137289248e-5	2.2986667232464605e-5	1.3718555536855795e-5	1.705201831139866e-5	1.9569610596547433e-5	1.940219344471919e-5	1.8501552309260587e-5	2.2923834966034895e-5	1.5162959267845592e-5	1.380628580742243e-5	1.2247332521413243e-5	9.27466959876758e-6	4.190976913042484e-6	1.0470932465392931e-6	2.5917580495648813e-7	-3.6654559567721482e-6	-1.7694983507279697e-6	2.9761837645715054e-6	5.2192168192491785e-6	-2.6259057513101317e-7	-1.0374049954179091e-5	-1.5060806201597676e-5	-8.3435007110867e-6	4.928005951703937e-7	1.4737658701177497e-6	-3.3395331063099543e-6	-2.177438472081685e-6	-0.0001325969257535964	-0.00024214445197299865	-0.0002894977891314482	-0.0003232243217790858	-0.000374867565093275	-0.0004868795570919847	-0.0005832984091572071	0.0003076627838067571	-0.00013305348730443525	-0.00027877195426775176	-0.0002085702613947686	-0.00014867212671141553	-0.00012463263086831067	-2.6783067880479725e-5	-0.0002035974191947395	-3.7822605247546815e-5	-0.00021731491417323378	-0.0001733160921147921	-7.216679234704282e-5	8.765059697906329e-5	-4.563860342597257e-5	1.8804604870275264e-6	0.00024743315607890113	3.148595280616593e-5	0.0004051121718953981	0.001002743507752279	0.00010609398097441262	5.4029394870783566e-5	-1.269497405882356e-5	0.00023793017666903348	-0.0001438719205966194	-8.457651437850078e-5	-9.055988855482524e-5	-8.597904943825224e-5	-0.00010586979043172525	-7.506280237440897e-5	-7.819265741105608e-5	-8.372037273226152e-6	-0.00033596572004027255	-5.7529094748226366e-5	-5.541734263268209e-5	1.2583236667399692e-5	-1.5095302451495615e-5	1.1126531608314635e-5	5.632327825846753e-5	-5.4529839499658584e-5	4.483643644008538e-6	6.727683572808592e-6	-7.765334041125562e-5	-3.345678041598429e-5	-8.983401261139501e-6	1.588251184681845e-5	3.0098836582277515e-5	9.233902865486677e-5	8.909827404971014e-5	7.382910208290688e-5	5.7211251496201406e-5	3.207142100822291e-5	3.7584569321580993e-6	-4.7518772572334314e-5	-4.9864015246507774e-5	-8.086762656282559e-5	-0.00013975635530813577	-6.481646607399156e-5	-0.00013084416707931736	-0.00012878428610791953	-6.814592078209546e-5	-8.331685337301109e-5	-0.00010606023500339288	-0.00010171974465955202	1.3705957554773895e-5	-9.229796640263118e-5	2.9644233417553626e-5	3.554386154113365e-5	-8.319706553405531e-5	4.922348620199201e-5	5.329997806117126e-5	-7.275992172397518e-5
1.918051664264993e-5	1.98103146672779e-5	-5.016747090465576e-5	1.5401775208774083e-5	1.548803835625754e-5	1.4656209500698328e-5	-5.4369836156905184e-5	1.4943925245783075e-5	2.2080208562669527e-5	1.771746394246411e-5	1.6507599735845238e-5	2.244016066868011e-5	1.5222189826239347e-5	1.981651797353158e-5	1.0942176934382948e-5	1.8267371698439856e-5	-7.747292503715021e-5	1.0496878542421892e-5	2.0425278525246617e-5	2.272598332820594e-5	-9.536310933061834e-5	2.086209623767258e-5	2.2816565852278655e-5	2.2571500412447846e-5	1.921962642908797e-5	1.637163169242303e-5	1.3604229530392645e-5	1.5231177673787945e-5	1.7534413963814764e-5	1.7904414374493062e-5	2.284029812711023e-5	1.8615255530414357e-5	8.975411262205214e-6	1.3026015722820148e-5	7.698898543264201e-6	2.917924624905137e-8	-8.914108361770786e-7	-2.7057561877044493e-6	-3.4249406606471668e-6	-4.3007518383370805e-6	-8.035020415778646e-7	2.83848904573654e-6	9.447543960084542e-7	-4.303850224854052e-6	-1.3057747133595463e-5	-1.0361147311820692e-5	-4.666843854891629e-6	-4.5633181103423926e-6	-1.6834175634760284e-5	-3.1928774677217526e-5	-6.386230778615337e-5	-0.0001906612702849231	-0.00027704916976763704	-0.00030563743981477064	-0.0003393110543164037	-0.00041380399829930923	-0.0005539245414918693	-0.0005770333170874954	9.491139455962113e-5	-0.0003172347764436351	-0.00024730655549202096	-0.0001798583629304554	-0.00014715526788925412	-6.017972778347763e-5	-0.00023860688394396288	-0.0002945998797726978	-3.8631772776686734e-5	-0.00019406338930823318	0.00012111417489891162	-8.820741338575909e-5	-6.895085728748137e-5	-5.0806654205046934e-5	6.0175167948938596e-5	4.882049206023911e-5	6.284746742674704e-5	0.0010134812799251472	0.0003911644551054681	8.024861774242817e-5	-2.109532277453155e-5	-9.856533423806138e-5	-0.00014288052466079545	-6.790861744301142e-5	0.0001882121429829355	-7.25244264315457e-5	-3.96886579371431e-5	0.00021078226390054276	-4.254457725075484e-5	-4.529994047997531e-5	-6.28816849613991e-5	-4.8366925624894865e-5	-0.0001564816599794645	-2.6991636377986196e-5	4.756684004855651e-6	1.2368832931739003e-5	1.7509395594556432e-5	-5.873783017029677e-5	-8.909528604709896e-5	-0.00010628722856534443	-7.551563972600672e-5	-3.777656612136788e-5	-7.455466707607635e-6	2.1806881108484217e-5	9.114054557193677e-5	0.00012974709706728947	1.6044960735355418e-5	9.186173824246016e-5	-1.626213477341613e-5	5.113856520743603e-5	-7.728654640458844e-5	1.56515194109049e-5	-3.1317848104292847e-6	-4.1376932503210586e-5	-3.6797937878177336e-5	5.902096812808542e-5	-9.488498238018755e-5	-0.00012459989400949987	-5.1271379841958536e-5	-0.00010096778568535292	-6.971029657048449e-5	-9.268914460575615e-5	3.4061293304138516e-5	-7.026913714732494e-5	4.9604074656653006e-5	-8.722767203141473e-5	-8.504920150819578e-5	-8.416116206837957e-5	4.359529049132523e-5	-7.903338528189336e-5
1.6980530519587506e-5	1.5884401242470102e-5	1.520189807063349e-5	-5.417054808288461e-5	1.4467337218462324e-5	1.4392864355685666e-5	-5.278701198229891e-5	1.4461211735734803e-5	1.813289299195959e-5	2.178629213625259e-5	1.725068033201429e-5	-6.461722581231602e-5	1.6825402375532486e-5	1.3589368386101566e-5	7.85896423071718e-6	1.4051687974595483e-5	1.0996821849694677e-5	1.1562265778226801e-5	1.762893092918319e-5	1.8829851404002793e-5	1.7577312920455455e-5	1.6585234579332797e-5	1.7782901325998524e-5	1.8271217326034164e-5	1.9424781332913986e-5	1.708935590930417e-5	1.1254875794642304e-5	1.639515234269206e-5	1.4933766053735217e-5	1.979879568938072e-5	1.9952869882937764e-5	1.9419650450698848e-5	-0.00012261296757789305	7.0672102215794345e-6	8.641807159444305e-6	-3.9951406202427906e-7	-2.215699285080977e-6	-3.838806893410201e-6	-5.068799242534134e-6	-2.657226490541476e-6	-7.595238223529225e-7	1.5648305564926277e-6	4.4545652104065626e-6	4.141574808314485e-7	-8.35169973701375e-6	-1.0319467726422433e-5	-7.894398756151623e-6	-7.383899586485619e-6	-1.857628388439339e-5	-3.9419244815089055e-5	-6.786403862365533e-5	-0.00012714350659239317	-0.00023884970544173353	-0.00029410912178040463	-0.0003129983859432282	-0.0003606977440866405	-0.00045153650228160736	-0.0005908618947054849	-0.0006981278297810557	-8.69577808592422e-5	-0.00026274035532336147	-0.0001934456640538323	-0.00016552027400704508	-0.00011132607870435697	-0.00026122190801123983	-0.0002630252792551989	-7.623327871122835e-5	-0.00021000513229815602	-0.00015356424917796268	0.0001284985846463347	9.758460881254503e-5	0.00020551009343344404	0.00024194683987996618	4.422791505121664e-5	4.3601413478955384e-5	0.001184563464002162	1.4160528994301312e-5	5.9847290112599984e-5	-1.107788301719665e-5	-8.526370506414522e-5	-0.00010624047552961987	0.00016093941866220768	-8.315930693316743e-5	-9.272890542870839e-5	-2.5645558698879183e-5	-5.800130840066028e-5	-2.485293341250366e-5	-3.4129374349950274e-5	-0.0002798163995387543	-4.5284419640227334e-5	-3.03467374276542e-8	1.2327503102356994e-5	1.7162862313449632e-5	-2.3568914350673804e-5	-5.416566021607355e-5	-4.319207159538571e-5	-6.758948619223909e-5	-7.61750173238233e-5	5.2216225103146954e-5	-3.529704111972123e-5	-5.9632874749510675e-6	1.9284740346479055e-5	6.54025774925052e-6	0.00012800923937350767	5.071836678443046e-5	0.00012496734333403083	-1.6061799668987218e-6	6.806613915961296e-5	-5.408912382359266e-5	-7.638605966183288e-5	9.90323791075741e-7	-0.00010765809807715063	-2.3233448528824e-5	-3.17596631166199e-5	-4.556769119798735e-5	-6.091109200694446e-5	-7.425259722485629e-5	-9.280012565420024e-5	1.6976270096216804e-5	-1.1776435123975497e-5	-4.769981140028659e-5	-1.7338001131962568e-5	1.5699850951320787e-6	-5.055828467834494e-5	-9.017318914939648e-5	-8.899592028423881e-5	-0.00011483523626625741	4.078230364578457e-5
-3.6502154632114077e-5	-4.335528940560085e-5	1.3416318031693789e-5	1.1279969378865642e-5	1.1383410062074448e-5	-4.918744034872961e-5	1.4237523598318002e-5	1.175955569058886e-5	1.2103916751336617e-5	1.4913772949550337e-5	1.7460860902568918e-5	-6.56063136157384e-5	1.9900851936615054e-5	8.054652359188575e-6	1.6674999073276335e-5	9.923546967804579e-6	8.688166874111313e-6	1.5985025423325978e-5	1.4594017322922762e-5	1.3973599446897092e-5	1.8418064848942865e-5	-9.330075558847475e-5	2.1996197228578397e-5	1.541623622537024e-5	-0.00010501398382059464	-0.00010042579528880623	-0.00010042348587753264	1.1146991574263472e-5	1.52071373560355e-5	1.5758759256264624e-5	1.8122562161378944e-5	1.9988319298008903e-5	1.267958146810265e-5	1.4540942879958849e-5	8.894438782589215e-6	-9.523573103460518e-7	-2.5383153243207536e-6	-4.501445091758226e-6	-9.36024579139931e-6	-2.9156303705797724e-6	-1.0195349347619578e-6	2.8450130123649662e-6	3.986773517759921e-6	3.5871214725576982e-6	-5.134121775220396e-6	-9.270043032290104e-6	-9.01368188527393e-6	-8.263879776060378e-6	-1.6231184314407826e-5	-3.657375461351797e-5	-6.607226753576256e-5	-0.00010998917169513425	-0.00018523727202851266	-0.00026846392852299973	-0.00029655769688349907	-0.0003191936744795828	-0.0003837675189785096	-0.0004745882095111601	-0.0005293068383884717	-0.0006025394647098635	0.0006560173594037937	-0.00022819557048929214	-0.00018271254700149902	-0.0001275337012463418	-0.00029323246233095915	-1.1692111083656809e-5	-0.000128124250169464	-0.0002582515124201798	-0.00019299869910654544	-0.00012396308543532976	-0.0001012133756002993	-3.2007982350623285e-5	2.2997256935327042e-5	7.047391126004565e-5	8.730813346831162e-5	0.0007929075139949371	6.578341988199075e-5	5.816433685129326e-5	5.9965222672940565e-5	0.00016646779064421417	-0.00010781142230247617	-0.00012810205375493882	-8.596600482473787e-5	-4.9931533379143174e-5	0.00010384745225653974	-4.5676969131169766e-5	-2.4310794484448976e-5	-6.503238284480298e-5	-6.0730177923804104e-5	-2.8206978708397333e-5	2.4047788377678375e-5	9.57274731690444e-5	-6.467142507762336e-6	-1.3004485127051432e-5	-3.583768929498886e-5	-8.085612585072418e-5	-9.3357167426976e-5	-0.00010804345316514641	1.8792205779235346e-5	-2.8740499315128495e-5	0.00010770244758583091	0.00011494373779061327	3.455101430569103e-5	0.00012522601728728964	5.652542522456517e-5	2.2928752424694132e-5	9.090042160058657e-5	-1.5425832698886524e-5	-3.9189105473217854e-5	2.9842797703393117e-5	-7.606823960399213e-5	-0.00010700159287522397	7.094544826982165e-7	8.785009124932883e-6	-2.363632968969357e-6	-0.00011679180158206503	-1.8048624908763517e-5	-4.7914869339223034e-5	-3.7476552320463716e-5	-4.926964060284768e-5	-8.048750969720303e-5	1.0285813260380115e-5	-1.1687433867779836e-5	-4.3991690502637876e-5	-9.249159792926306e-5	-5.021393985217353e-5	-5.384169920462129e-5	-8.360477178431867e-5
1.7679589434049737e-5	-3.508612315157177e-5	1.734916460663659e-5	1.1853193409942504e-5	7.2270920891323305e-6	1.0436109348406096e-5	1.1236248795509177e-5	1.3291332874521884e-5	1.2385567397634394e-5	1.3762844498609722e-5	1.9319168201871576e-5	1.4948897897472364e-5	1.4517269377036733e-5	8.482452237956316e-6	1.0986334543937792e-5	8.56202449205139e-6	1.4868622728204527e-5	-6.615615354125257e-5	1.4514434215670124e-5	1.4794516112934773e-5	1.565557732740474e-5	1.6686653123681842e-5	1.681656522379768e-5	-9.144555051002792e-5	2.030868295268076e-5	1.3527710967503723e-5	1.1613721145349435e-5	-9.153429540455015e-5	8.014297512005627e-6	1.5509678474522038e-5	1.6153644323041623e-5	1.674479440637105e-5	1.6227164043973994e-5	1.2586757100628478e-5	9.60949653173906e-6	1.8962300114117557e-7	-6.072574807396538e-7	-1.0258893254788573e-5	-6.357936735827165e-6	-1.0475851732592465e-5	-2.0452407710496888e-6	4.391041476817714e-7	3.2363371549369926e-6	3.9654410920620525e-6	7.060775775923024e-7	-7.1555813489825254e-6	-9.12198079956511e-6	-7.5339161647089816e-6	-1.3534595184899354e-5	-1.4907309112931742e-5	-5.689550795682846e-5	-9.656933950913165e-5	-0.0001524232392321746	-0.00022594550757872001	-0.0002715603145406545	-0.00028835883638758794	-0.0003297203324924519	-0.00040148505159906035	-0.00046546177086510885	-0.0002624194809689134	-0.0004630627180014714	-0.00042202000458578135	-0.00029791739784550174	-0.00022067457745610693	-9.499225182906879e-5	-0.0002680783218154113	-0.00032181407676994426	-6.519835478495817e-5	3.629922112830322e-6	9.353643376097762e-5	0.0001019838482102433	-6.384124885516979e-5	0.0002465136811884952	0.00025744862408145076	0.000326901552471265	0.000658390270444442	5.7679915591730404e-5	5.146627077709889e-5	2.5046066485026608e-5	-4.8050442763174e-5	-0.00010130274689113374	-0.00012782814633121296	-9.245284801446163e-5	-5.257281039075957e-5	-6.902117400100312e-5	6.277725149897006e-6	-2.989072136907675e-5	-6.499430706783152e-5	-4.431771117549316e-5	2.5652643625024294e-5	3.684392797999639e-5	-3.436205485309431e-6	-2.483708719168377e-6	-5.807031646857803e-5	-7.502939474560806e-5	-8.690191243976384e-5	-1.0262777054982457e-6	-0.00010287962396398243	-0.00010052933376879128	-2.611709609488702e-5	-7.223629822967646e-6	1.211301029056702e-5	3.2713178653653256e-5	4.6364717184198875e-5	3.12752449984602e-5	2.6011444952637065e-5	9.074444106395838e-5	-1.1722973050238292e-5	6.999400334172868e-5	-4.82445188507792e-5	-6.397611602441218e-5	-9.21718147706824e-5	3.155870626993045e-5	5.883615601607597e-6	-0.00011118037696351531	-0.00011665565686630355	-1.4918862225543833e-5	-0.0001315558742870837	-3.0130567551484933e-5	-3.5058021516873056e-5	-3.988422556525919e-5	-4.672465736563084e-5	-5.6350129698210004e-5	-7.043937333677073e-5	2.2395282417450677e-5	3.61882581896122e-6	-2.4487745932447983e-5	-8.3781073605655e-5
1.4909506033268635e-5	1.5956388870753382e-5	-3.977445106053204e-5	1.3147349515819147e-5	-4.584807191119781e-5	8.629975285182897e-6	8.929528252159621e-6	1.1848128497514914e-5	-3.859971874170339e-5	1.6596094170338236e-5	-5.13320336126593e-5	2.1026509187859816e-5	-6.793889511367654e-5	-6.955722407285444e-5	-7.363288494384364e-5	1.3086285946570204e-5	1.2943316529228217e-5	1.1910485618059124e-5	1.3009873303584122e-5	1.696070878221944e-5	1.3402937833411981e-5	1.3756603811089204e-5	1.2676309813330466e-5	1.3974140381866978e-5	1.3500533184639075e-5	1.5871011903991828e-5	1.3477749912143362e-5	7.883299178471038e-6	-8.227609298514502e-5	-8.792281631076566e-5	-8.710540939963873e-5	1.8179880077084563e-5	1.7276670796643264e-5	1.1253580767862535e-5	1.1410434680484641e-5	2.8329184582469866e-6	1.8455316597474703e-6	-6.875743679110092e-6	-1.3679739198072709e-5	-9.502716113674536e-6	-5.4331408484812075e-6	-7.678116633350008e-7	1.3764171038517644e-6	3.916997237279917e-6	1.467610434172182e-6	-2.3871594062921647e-6	-6.4192837816699506e-6	-6.274564391839268e-6	-1.0795168030003181e-5	-2.403208805830479e-5	-4.630776907172047e-5	-7.922338596967247e-5	-0.00012600744886187868	-0.00018571563043041927	-0.00023727366827698613	-0.00026390133513753055	-0.0002878347305564023	-0.00033941639769901884	-0.0003969391673443526	-0.00032189997854345444	-0.00033307684451557495	-0.00035666326064371636	-0.0003468319337523486	-0.0003357984062454106	-0.00025538188045068095	-1.7017634509656435e-5	-0.0001364113906143728	-0.00028826935670337676	-0.00022992743798761622	6.694765614983968e-6	-8.697916808159773e-5	0.00013683994562860898	0.00019559331002666188	4.408145740816241e-5	0.0002555275982615141	0.0004232101499906601	4.83149056895206e-5	4.444404144792759e-5	2.645062806575383e-5	-2.5502315988026707e-5	-0.00012194170006497689	5.568199879600784e-5	-9.04682539932004e-5	-4.215185944765132e-5	-1.6189024194878743e-5	3.093592683419506e-6	9.255976439114465e-5	-6.131397216348287e-5	1.9220788411886906e-6	5.148198386574704e-5	2.6325230950759605e-5	2.5769799274083256e-5	-2.2490130070433167e-5	-1.395576282777096e-5	-8.334594727734106e-5	-6.215064424195424e-5	-6.623026948502871e-5	-6.862472223373634e-5	-8.808316069515627e-5	-2.3977645213865304e-5	2.076587230781849e-5	9.70679184820241e-6	2.7473002201057126e-5	0.00011594587534577818	3.193601266642454e-5	9.620718788822739e-5	1.1582203869031898e-5	8.222277651463022e-5	-2.0926370382625065e-5	-3.969661418564709e-5	3.8990980302678474e-5	4.906771379125773e-5	-6.988413131879057e-5	-9.325915273082717e-5	1.3387809952406264e-5	8.506524603881741e-6	-0.00011056800783420975	-0.00011644890894478956	-0.0001224603543384438	-1.6365423602586558e-5	-1.7234091871718e-5	-0.00012636877509875424	-0.0001326834138448929	-0.00014141227853285677	-4.195447863529218e-5	-5.136868691129378e-5	-6.189601764739145e-5	-9.749228770639345e-5
-3.811076306782014e-5	1.0792223548255727e-5	1.324579024962366e-5	-4.2982014443905113e-5	1.0842329248814684e-5	1.0968355089068156e-5	-4.387897133025336e-5	1.367324995667072e-5	1.4810978848193854e-5	-4.544324803568267e-5	2.1534603772158464e-5	-5.52699588177383e-5	1.8185743171063795e-5	1.2733345106852236e-5	1.2458192362505937e-5	1.1372720094914414e-5	8.597237587174543e-6	1.2708767990917932e-5	1.4734237772838445e-5	1.483151754204349e-5	1.481613951988134e-5	1.3554645080863766e-5	1.5699858561985273e-5	1.6227641364884385e-5	1.698657026640623e-5	1.0456605977529057e-5	1.1451827237225494e-5	1.0244205472201718e-5	7.293672347991422e-6	1.0956443465365241e-5	1.0833174851990765e-5	1.670266611530761e-5	1.794780519874539e-5	-0.00010256361762329448	9.261343289508465e-6	4.093231395321567e-6	-9.827103576400724e-7	-5.220977314613576e-6	-1.1675011090848345e-5	-1.1555878880656193e-5	-1.103161785392557e-5	-5.4031222974254035e-6	8.235163883766683e-7	1.9541337901752024e-6	2.406090367930956e-6	-8.108031263303738e-7	-4.434614910729315e-6	-6.14692148132338e-6	-8.379866835629842e-6	-1.904103540911143e-5	-3.7197894840757255e-5	-6.32386771521698e-5	-0.00010024836247512776	-0.0001485713348910601	-0.0002038832720027353	-0.00023521981643585084	-0.00025117714953057	-0.0002857825169044249	-0.0003382652625824156	-0.00037711720761767495	-0.00017412576978174292	-0.00026143208340092964	-0.00023907978637754046	-0.00020978019941789812	-7.133561117439501e-5	-0.00011453409074346907	-0.00016462046044176575	-0.00016094378113394245	-0.00011605804099215416	-5.64545714718109e-5	3.717111832568683e-5	-5.7337834044673356e-5	0.00014214213400250836	0.000194938693143747	6.31483752585205e-5	0.0003420597003126911	0.00019143765877039417	0.00019706195589290292	-1.0033527311890554e-5	-2.031296280611476e-5	-7.3280886633756e-5	-8.296762817966538e-5	4.01346907246726e-5	-4.3477256349708704e-5	-1.4080341928274405e-5	-3.111235240488416e-5	-5.6739097499069026e-5	-3.662819196496099e-5	3.649641363355212e-5	3.967655908961162e-5	-2.276330018046802e-5	-1.7803927167019855e-5	-6.032441927850325e-5	-5.1826676088677706e-5	-6.219359007787924e-5	-9.447074360116798e-5	-9.452336041579075e-5	2.0898242423713362e-5	-8.168072295262896e-5	4.129751465441157e-5	-1.0835451365777274e-5	2.88198247968695e-6	2.3012048106293027e-5	4.494406861948281e-5	0.00011251862155607097	2.3811090691687117e-5	8.68505115715081e-5	-1.0896687169421881e-6	5.813753524397413e-5	-2.7383727860085102e-5	-4.2015985239142505e-5	5.767711192695827e-5	3.346175816740173e-5	-8.285126986571668e-5	-7.09523453991574e-5	-7.809304732519606e-5	2.6346852027947336e-5	-0.00010561635181628834	-0.00011064318829435808	-0.00010980071914309638	-4.155606954974389e-6	-0.00010934537443551943	-9.79701482086467e-6	-1.3866709633301197e-5	-1.6871637838870054e-5	-0.00013208258600930776	-2.8716304810673583e-5	-5.658895637594057e-5
1.4623604142026132e-5	1.4923084773904604e-5	-3.856912953143014e-5	1.331087289207578e-5	-4.7781506708287195e-5	8.827940181948857e-6	9.834064339408382e-6	1.340122504626449e-5	-4.251748017539657e-5	1.8005084157481847e-5	-4.6023992033809174e-5	1.6793881089754135e-5	1.7563568151561856e-5	1.110098583008125e-5	8.847944738742212e-6	6.798146202296145e-6	1.2126272813820985e-5	1.0141605657446474e-5	9.307540891525102e-6	9.169591992127363e-6	8.995538181826718e-6	9.382757446565972e-6	9.214061335587227e-6	9.59304921358537e-6	1.2090240985349705e-5	1.2352986367737413e-5	1.1050628876743945e-5	-7.762787968893908e-5	7.710962075054733e-6	-8.114062738436717e-5	1.2626583919237463e-5	1.3306948360635124e-5	1.8095057779810703e-5	1.713064051723427e-5	1.1420943432420235e-5	6.254569460430984e-6	8.428241449626997e-7	-8.810071385785675e-7	-1.0919774850968729e-5	-1.627780933659837e-5	-1.6802747357270043e-5	-1.2439194916691668e-5	-4.574991243321827e-6	1.414692357217277e-6	3.2964930653424243e-6	-3.35473063073485e-7	-3.927127240329416e-6	-6.193016494639679e-6	-7.6201317183484255e-6	-1.4679516845795626e-5	-2.9555183343874165e-5	-5.0039989780027564e-5	-7.67368069518867e-5	-0.00011522723374207515	-0.00016416284933435028	-0.00020114608740800664	-0.00021617306058541934	-0.00023782023471404152	-0.0002790338685648903	-0.00032703410794181903	-0.00030299596544960364	-0.00021045375298075195	-0.00018936902034207958	-0.00015304889431245832	-0.00012845759895034636	-8.513851565749046e-5	-0.0001363912025890545	-0.00017097360203121225	-0.0001602080638737251	-9.171699987651702e-5	-7.3459050584047045e-6	8.177034066794036e-5	0.00011181972826554529	-3.738363089078969e-5	4.050665469356937e-5	0.0004350445117709675	3.038332847191995e-5	0.00017748246105114308	-5.873550297763944e-5	0.00017863916579650735	0.00010474920596234452	-6.50176132963498e-5	-7.357475826306678e-5	-3.992468204750115e-5	-7.786610086169812e-6	-3.984352088298032e-5	-5.816299857112949e-5	-7.345189855868838e-6	2.4396292169160056e-5	3.1839980082891016e-5	-1.968133841053453e-6	-2.0417730521404658e-5	-4.294994739437153e-5	-6.143256416929585e-5	-9.068064461444634e-5	-9.258574001900642e-5	-8.601702643391395e-5	2.0225241430119403e-5	-7.909774569098268e-5	-6.933548021328278e-5	-1.2553363834904262e-5	-2.86129051133119e-6	1.574290320079455e-5	3.928833708263823e-5	4.563697460597811e-5	1.980983183699661e-5	1.018407381214682e-5	2.036071487098324e-6	-9.882227564341189e-6	-2.0417846792287553e-5	-3.558589528615563e-5	6.070832597308753e-5	-6.824599275822869e-5	-5.925496662001614e-5	-6.428899839492361e-5	2.409259504322853e-5	-9.09732931202189e-5	-9.467341322800193e-5	-9.859997399053731e-5	5.9526529516766005e-6	5.51497584143541e-6	-0.00010179354495615288	-0.00010512119277678782	-2.361400006532983e-6	-0.0001108740349234057	-6.967576132216238e-6	-0.00011659630996620858	-3.665974094237915e-5
1.5803670325669047e-5	-3.92640981743383e-5	1.5742280860548807e-5	1.2461181872205028e-5	1.1557454404868698e-5	1.035361679941455e-5	8.521044012328282e-6	-3.8929734107546934e-5	1.4718510513743113e-5	1.4537947283180404e-5	1.661842932034892e-5	1.7212152115758748e-5	-5.437489354229971e-5	1.1925850093511404e-5	-6.254903031807017e-5	8.099074152006765e-6	5.696609920653772e-6	-5.752992638532144e-5	1.218361367076007e-5	1.1851728206975682e-5	-7.280876627504648e-5	9.712670297275141e-6	-7.447928536882472e-5	1.1144145766545305e-5	1.038811598610582e-5	9.372922673423346e-6	1.0286922469584364e-5	1.0406062071104463e-5	8.094353553858818e-6	7.487919424326798e-6	9.339594040392045e-6	1.1142007549653891e-5	1.3870958462042834e-5	1.5577366138210045e-5	1.4657888331954063e-5	8.053656102764727e-6	2.7118068474872277e-6	-3.2546526549141145e-6	-6.123606108054719e-6	-1.7098255742182752e-5	-2.0617174995800737e-5	-1.8820111010732737e-5	-1.3004757283564252e-5	-4.76889402341394e-6	3.2160579141742203e-7	3.971571878270616e-6	-1.2230430471128154e-6	-5.544592543104115e-6	-7.646458744443624e-6	-1.1973603337753864e-5	-2.5336305601346355e-5	-4.160472501867616e-5	-6.117599651653564e-5	-8.897058775721167e-5	-0.00012802239611626402	-0.00016555483883084283	-0.00018273013687348095	-0.0001953375157081412	-0.00022555183443580588	-0.0002664687027954414	-0.00030459370579917055	-0.0002475348130706579	-0.0001575161257745528	-0.0001313144669216036	-0.0001020907712260058	-0.0001295831081107445	-3.380602470490256e-5	-0.00015942888708549586	-0.0001539463326571879	-0.00010650752324485439	-4.857097473219313e-5	4.499913724512216e-5	9.884089719202596e-5	5.808670173939939e-6	0.00016503109055098462	0.00019875894016301238	0.0002333103531723885	-1.3739979403447691e-5	-6.093822929115677e-6	-7.910833884145407e-6	0.00010819162638832326	2.8645468841019062e-5	-7.247497200675427e-5	-3.576791865137624e-5	-1.977873216711624e-5	-6.810585389513987e-5	-4.914123099582137e-5	3.8215794717829385e-5	2.890392391751437e-5	1.6834593599083375e-5	-7.406788085991163e-6	-5.511048488639897e-5	-4.4119445712594886e-5	-8.210968627424937e-5	-8.839770192680427e-5	-8.654150954317923e-5	1.399395040128015e-6	1.8382814830457395e-5	-7.242142882434694e-5	-6.537222465252202e-5	-1.5999936110797216e-5	9.867427230555721e-5	0.00011164327013561334	2.9141081070492656e-5	3.801854429432913e-5	1.5674383925733896e-5	1.3550442721335697e-5	5.469966490979179e-6	-6.162837927706916e-6	-1.5696840564712825e-5	-2.917796962428952e-5	6.241547303469509e-5	-4.765458202223775e-5	-5.4879380965077926e-5	3.4028359838520275e-5	-7.750613760647122e-5	-8.391745141840057e-5	-8.550282564050518e-5	1.5164772877892781e-5	-9.103913810746688e-5	-0.00010680397355247555	-9.329893278030082e-5	7.390222089943897e-6	-9.965251021873715e-5	-0.0001030559513041674	2.680181155297382e-6	1.0465331827655064e-6	-0.00012694057273273632
-3.480827209015981e-5	1.3365428532194368e-5	1.369073062310928e-5	1.1474063490083774e-5	-4.251449403421442e-5	9.756079308522348e-6	1.2291989312878358e-5	9.992386448734025e-6	-4.143694073805392e-5	1.586656552607726e-5	-4.9979886870879216e-5	1.939828775242427e-5	1.4396902737217785e-5	1.137715462395315e-5	8.789285641153295e-6	5.645443823020034e-6	8.12858868659425e-6	7.284942424639284e-6	7.197150630950983e-6	7.5496364958444525e-6	9.775387567657499e-6	-7.066059993901153e-5	9.114503311654433e-6	8.419131090997122e-6	9.723954368229113e-6	1.180817711097902e-5	1.2979605107631142e-5	1.044549229743349e-5	-6.728861527749322e-5	8.760501006818732e-6	9.504431108383823e-6	1.0087870354886076e-5	1.0983626918931698e-5	1.3143992324643429e-5	1.2913283599306612e-5	-8.423643105742078e-5	9.641239293784777e-6	-5.954780659544892e-7	-2.5380581561223418e-6	-1.1834605544918742e-5	-2.5018238680736657e-5	-2.3397590336048145e-5	-2.0925872987314362e-5	-1.4747583205600525e-5	-7.59613217266432e-6	-1.8767473752530957e-6	2.1420465030425268e-6	-5.1903405526065914e-6	-6.561088895444371e-6	-1.0727799801248323e-5	-2.1406593390282838e-5	-3.604140093462914e-5	-5.273773856032994e-5	-7.269965890972145e-5	-0.0001003399675459461	-0.00013444789125055979	-0.00015581449965219895	-0.00016586477870729932	-0.00018483678184720966	-0.00021092118297942196	-0.00024624360608144365	-0.00027611584435894947	-0.00021794629753190894	-0.00014572064044534455	-9.67047354144871e-5	-6.558781641732175e-5	-2.038538888323718e-5	-0.00010923930099123944	-0.00014234222471921324	-0.00012683299139779232	-6.0773474354631606e-5	1.1556122838511955e-5	0.00011835369934697646	0.00013207486034211898	0.00010102650228968548	0.0002594905081922149	0.0002468138170057558	9.836010969955025e-6	2.1704850541335923e-5	-1.8299949145243136e-5	5.0882824320228537e-5	5.5634292750829156e-5	-4.7830603510624296e-5	-5.0564359561082635e-5	-4.7690394247787166e-5	-6.346398565761297e-5	1.629696565964259e-5	4.2380681919879136e-5	1.0214252938873765e-5	7.258050477504992e-7	-1.555228920927334e-5	-3.155114240450236e-5	2.8717672096769667e-5	-7.140438154088196e-5	-5.824536495532655e-5	-6.0292592489458305e-5	-1.3161109114112526e-6	1.3849288169508677e-5	2.3534759140313513e-5	-6.482723731265384e-5	-4.537922015464507e-5	-1.37668434691473e-5	2.5325723103234495e-6	-5.50541409722596e-6	2.7213920034762458e-5	3.078931852200546e-5	1.4713966813343325e-5	8.291771493145524e-5	1.6263549029520933e-6	-1.0163540354310224e-5	6.975354125158119e-5	-4.755228320814462e-5	-4.3506123239979e-5	-5.0267266448628133e-5	-6.715019690333368e-5	3.0035137415386883e-5	-7.535606428089956e-5	-8.070690969957624e-5	-8.200466272128637e-5	1.8450620321652593e-5	-8.492246353180178e-5	-0.00010150429205384344	-8.8200114894094e-5	1.1507389578607231e-5	-9.463281843572217e-5	-9.7187075736946e-5	-9.972045430761548e-5	-0.00011963839377737489
1.5144478453085666e-5	1.050164647743029e-5	1.0390714429545675e-5	-4.0819736268242544e-5	9.033287171852141e-6	1.0310638261551062e-5	6.9987288616458186e-6	-3.707857350124987e-5	1.2456034326258135e-5	1.3774862182476815e-5	1.3943150988726606e-5	1.46576859674609e-5	-4.861259513567502e-5	-5.8431064582533505e-5	8.924837899489699e-6	7.439654045085216e-6	4.807430358897021e-6	4.402277596311853e-6	7.104489397460401e-6	-6.187722715411375e-5	-6.745650912547485e-5	6.559367332499409e-6	6.982381751180006e-6	9.512929361296565e-6	1.0471017183437685e-5	1.0892073020314327e-5	1.0932646267982824e-5	8.741070551021883e-6	9.831497417056893e-6	8.374387517624121e-6	7.395671821435715e-6	6.472286878666535e-6	8.998806135715985e-6	9.632804906474295e-6	1.0538191073418413e-5	1.5751870008661514e-5	1.1223174907721103e-5	8.373442264177208e-6	2.0907561454499126e-6	-6.055426988641312e-6	-2.1622252099906276e-5	-2.5185060015616334e-5	-2.773296254659336e-5	-2.289050819394528e-5	-1.658641413014258e-5	-4.205243973394077e-6	-7.342054307091835e-7	-6.310461958462625e-6	-4.720500004022068e-6	4.2897694428719246e-5	-1.760345207721197e-5	-3.207132299249977e-5	-4.779464646531323e-5	-6.361558800973134e-5	-8.422176014403365e-5	-0.00011262256795546472	-0.00013529408479459213	-0.00013263565564053392	-0.00015763718016785044	-0.00017414599810303306	-0.00019597973850659723	-0.00021881000943731492	-0.00024365242619037858	2.5468233798005106e-6	-0.00014672600701711217	-0.00011366770306984824	-3.622080464054148e-5	-6.561628806242515e-5	-0.00012872373445276366	-0.0001199987567864077	-8.521125816483691e-5	-8.386442447731973e-5	7.873339099382834e-5	8.427991315097913e-5	9.69673304014769e-5	0.00024005195594521385	0.00014725373957092118	2.720196366052868e-5	3.636820783684512e-5	0.00010290252721590113	1.366975213643604e-5	5.454774309137755e-5	-8.153592218029392e-5	-7.276055932673711e-5	-4.672660011893282e-5	-3.88833664130301e-5	9.219173518576441e-5	2.86954855287019e-5	-2.27459451022146e-6	-4.121025774632371e-5	4.7306724735340965e-5	-2.6744358182473034e-5	-5.8774568561850964e-5	-6.917591823300275e-5	-5.634105940470176e-5	-8.243122091559528e-5	-6.84195113016589e-5	-5.794263460442094e-5	1.5604112353891173e-5	-6.772502687367151e-5	-7.111826761657149e-5	7.878416139943259e-5	-5.213015131788623e-6	7.293286391652377e-6	-4.8432935544746e-6	2.573914606334316e-5	3.265017396805584e-5	1.1781668719368496e-5	5.9430344476695506e-6	-5.107201758601434e-6	7.126355889835816e-5	-4.030588900234974e-5	-3.807129023344186e-5	-4.6091614116526894e-5	-6.221132080751982e-5	-6.58253630390096e-5	2.5763856043411657e-5	-7.473955720625823e-5	-7.582764542095007e-5	-7.795737888042934e-5	1.8398364380216086e-5	-7.993131248764816e-5	-8.420226047418228e-5	-8.387446338835357e-5	1.4555059107000841e-5	1.1799503063758781e-5	1.037739885735372e-5	8.425133017975813e-6
-3.137943887182912e-5	1.287557421559421e-5	1.2079824696809721e-5	8.675635015455185e-6	7.017835653602797e-6	-3.9397308895351235e-5	9.786541746944523e-6	7.924332914998223e-6	1.0694439604520866e-5	1.3082041107833643e-5	-4.383558938306963e-5	1.2618006565772116e-5	1.3034135976566904e-5	1.2221666502152165e-5	3.972290970831449e-6	-5.2001108281957056e-5	5.507792207600057e-6	5.707628749388144e-6	6.5645885390894524e-6	7.941782115632835e-6	8.169841712779753e-6	7.99631557736911e-6	7.085215857539787e-6	8.576543903265627e-6	1.0170731064977644e-5	1.082824291752328e-5	8.216027243462061e-6	8.918819813146309e-6	9.662312195527856e-6	5.142448254784283e-6	-7.142936131419799e-5	6.912549800189077e-6	8.24177664493107e-6	8.280329436259626e-6	1.1691455594310467e-5	9.902874223035435e-6	1.5278830244667258e-5	5.9087795097609915e-6	-8.768690344660812e-5	-5.143632838747864e-6	-1.1121380191524209e-5	-2.1882339525413404e-5	-3.371657475155867e-5	-2.9720979217605012e-5	-2.606659397387111e-5	-1.9984465593724508e-5	-1.3297937124131772e-5	-7.004051973012932e-6	-7.04458162504001e-6	4.700484670189947e-5	-1.6927718831541514e-5	-2.8803341991994824e-5	-4.354403971428174e-5	-1.7095283607563173e-6	-7.647682827812037e-5	-9.783028975600427e-5	-0.00012249727144303087	-0.00013407495757658018	-0.00014364555970620887	-0.00015418662007806437	-0.00016646602547234048	-0.00016897517646073884	-0.0001973458014826253	-0.0001965755610636806	-5.820779982477066e-5	-0.00011739339466481703	-9.354800040511208e-5	-6.290383799756024e-5	-5.392160279431768e-5	-0.00011836909261702809	-0.00010953311459478503	-4.4939174929643604e-5	-1.6569743787091728e-5	0.00011211879478700056	0.00011496196890183681	0.00022295395941689458	0.00021168999895714523	0.00014546534864324752	0.00014732544665541883	3.8810653388562455e-5	-5.1622101105493635e-6	2.844880038395132e-6	-5.499724903273756e-5	-5.4127414219401135e-5	-6.982184477548792e-5	-7.872577341837554e-5	1.7873104633289293e-5	2.322299348529169e-5	-1.0317017202205294e-5	-1.590018674505183e-5	3.6138276573439944e-5	-2.2227121218774916e-5	-5.899957927086577e-5	2.826783081598741e-5	-7.824960188394857e-5	-7.080857501518597e-5	-6.142530098807728e-5	-5.5386258729959266e-5	-6.094782028728341e-5	8.073280088192374e-6	-7.119101343220258e-5	-4.798221104163492e-5	-1.3589401644784104e-5	-3.1967616713620643e-6	7.147504363153772e-6	3.530917948150504e-7	2.8378448618435713e-5	2.962369040272316e-5	9.784354028528918e-5	-7.095380579781596e-7	7.29383429672948e-5	-3.6634152228862886e-5	-3.506457457797354e-5	-4.319494720040457e-5	3.431203650531363e-5	-6.119391386238916e-5	-5.689273664734394e-5	-5.789315392073862e-5	-7.177145214649254e-5	-7.365137457101536e-5	1.9621049671267256e-5	-7.543532276524335e-5	-8.958647787564412e-5	-7.97810587776002e-5	1.5466283835311378e-5	1.6808861820309662e-5	4.840579141397695e-7	-8.900940117523922e-5
9.777560988684527e-6	-3.63696793145797e-5	9.317950232535512e-6	-3.844766922978492e-5	9.178768941593544e-6	7.5984264346173175e-6	5.3666813657431535e-6	8.415277389047827e-6	1.1132570163819059e-5	9.774380561345395e-6	1.1727531242688083e-5	9.50307930111798e-6	9.923257011255817e-6	9.260710176805305e-6	6.768759334168284e-6	4.44693461319561e-6	5.835948073645267e-6	7.2008239405111545e-6	8.526427238211029e-6	9.033370131988298e-6	9.682850865293295e-6	-6.28504909689739e-5	7.498281820485773e-6	7.26566338744611e-6	8.801884836611112e-6	8.571147576977246e-6	7.43896316115041e-6	8.686542479020897e-6	8.732701345181377e-6	4.7474891882448036e-6	5.894264664825207e-6	5.044763305553151e-6	6.095434582549812e-6	6.944094595612586e-6	7.650484372435657e-6	8.79069106526399e-6	9.665695274518145e-6	1.4707915877953102e-5	4.254137944217115e-6	3.976707112212253e-6	-4.502705551651695e-6	-2.09118140795622e-5	-2.6485557856220122e-5	-3.6517975865256024e-5	-3.149688288433823e-5	-3.027102842809745e-5	-2.3597948287197232e-5	-2.1118257888905635e-5	-1.874988865759042e-5	-2.103823791896125e-5	-2.5495588447045268e-5	-2.989264443830882e-5	-4.119201788624349e-5	-6.060211613233019e-5	-7.452373523050186e-5	-3.367891356830031e-5	-0.00011220481606569557	-8.546275921806463e-5	-0.0001346778190659077	-0.0001182672158956473	-0.00013108988224819098	-0.0001591459385985811	-0.0001618231924392535	-0.00016508566394723046	-0.00011162757510425696	2.40650171531799e-5	-9.338058108583386e-5	-7.602622260795082e-5	-3.448757631739868e-5	-7.931835702393872e-5	-0.00014581026959032285	-7.597364985852876e-5	-3.944912944270503e-5	9.684851406158396e-5	0.00012174166959313991	0.00014981863942188688	0.00014410612877947576	8.523698954358773e-5	0.0001359013917959066	4.521091030039361e-5	6.606116971634131e-5	-1.0595933762667193e-5	2.271493574752337e-5	-5.42546912604149e-6	-3.430293374128606e-5	5.0582302659620644e-5	-2.32871545462665e-5	1.4646624397461356e-5	-1.0180010365992828e-5	-5.848713360622664e-5	-4.790164148153037e-5	-2.7072481047949685e-5	-6.309798883919219e-5	2.545876570823587e-5	-6.94989200230472e-5	-6.361739138794091e-5	-5.8185552242638e-5	-5.596880474106349e-5	-5.9247231298221147e-5	5.842861959991707e-6	-7.26221167196919e-5	2.5350812783448556e-5	-2.420768419750946e-5	6.57126840157118e-5	-2.201792319468784e-6	1.3647284212456399e-5	6.399822464637226e-6	1.4146509196691142e-5	1.0500218748168435e-5	2.1001733457425963e-6	7.240181156433921e-5	-3.243995363596229e-5	-3.0274686985529067e-5	4.962601318295461e-5	-5.1160377070145905e-5	-4.830439294915758e-5	-5.393954518469006e-5	-5.536548812561527e-5	-5.7000296761469324e-5	2.0973302462445258e-5	-7.013481857170154e-5	-7.152248492889746e-5	-7.332900584591795e-5	7.003391026018098e-6	1.6793183046442885e-5	1.920991492876335e-5	-8.497937306748001e-5	-8.340441049115163e-5
-3.1203914176579264e-5	1.0243888263229413e-5	8.068148423409323e-6	8.759424244740794e-6	6.271517081576255e-6	-3.6356468011284324e-5	6.120212242857975e-6	6.852173830458337e-6	8.203082175142914e-6	1.2247082874486306e-5	1.3300629383444394e-5	1.3298915802246341e-5	1.286240740718431e-5	1.232564548391289e-5	6.734784445107064e-6	5.769780378009099e-6	6.091867003283952e-6	-5.217249596367447e-5	9.162375828620237e-6	8.687194857174023e-6	-5.9763616635685307e-5	8.221529045283806e-6	7.821161144815352e-6	6.6150828086948684e-6	6.52144374233861e-6	-5.773612232074513e-5	-5.433338642244401e-5	6.685491653026974e-6	6.856217221400498e-6	4.0360620858878224e-6	5.0313934398492355e-6	3.5471740263137708e-6	6.774426660835378e-6	8.589313709673942e-6	8.52588126792111e-6	8.485836210417558e-6	7.860513498717718e-6	8.56486150588976e-6	1.2533002132389761e-5	5.978137050629867e-6	9.166812227627726e-7	-8.500734855802447e-6	-2.5645071669081723e-5	-2.821573230616856e-5	-3.347048078917482e-5	6.6138669536111e-5	-3.2490609133794114e-5	-2.6117531791086733e-5	-3.011272508278125e-5	-2.977179796049721e-5	-2.739760021328887e-5	-3.652537121897779e-5	-4.8581381205912446e-5	-5.8504366523097484e-5	-7.733401723738857e-5	-8.848835804942882e-5	-0.00010746713236637999	-0.00012396377084398992	-8.643122429798956e-5	-0.00013802886202680833	-0.00014719179667413494	-0.00015256549548037885	-0.0001508532019319777	-0.00014260389261486098	-0.00013239410031256303	-7.766274638789988e-5	-4.5156981743843744e-5	-6.410059752990846e-5	-5.970258059483395e-5	-0.0001083032924417823	-8.500676990613894e-5	-9.365141927317124e-5	-2.7403643632585226e-5	6.521551309887283e-5	0.00011995553181709854	0.00014491065540330264	0.00013603723829365422	0.00011602163429050012	7.994429051235395e-5	3.8640726818495955e-5	2.5122826171033097e-5	-1.9093287671800635e-5	2.5541223488124943e-5	-4.388993408093334e-5	-4.134878313192289e-5	-1.2612250329157096e-5	-2.563490098514312e-5	1.1119791238502858e-5	-1.0561561590724739e-5	-1.4076905863301273e-5	2.1604422305289634e-5	1.766228959050012e-5	-3.738117690463261e-5	-3.9793923930286435e-5	-6.227644874461048e-5	-3.881051572255647e-5	-3.758583619226704e-5	-5.6473721111892014e-5	1.962832229846119e-6	-6.826240432792415e-5	-7.058249219510154e-5	-5.1480077208304435e-6	-3.420081228234985e-5	-4.977720546628958e-6	6.525636642657222e-5	5.265782973207711e-6	2.0200601588967826e-5	1.266602871866562e-5	1.3740537159357834e-5	5.7898547689360464e-6	7.438421670244747e-5	-1.5731055152272996e-5	5.904921132981729e-5	-3.226462044795327e-5	-4.85971821307811e-5	3.149715549884678e-5	-4.949720482195629e-5	-5.3114082482867155e-5	-6.205396225765318e-5	-6.375714369232421e-5	-6.649381693273082e-5	-6.799278639371003e-5	1.8678102303247416e-5	7.733334693711224e-6	-7.81102022389394e-5	-9.044396591145602e-5	-8.004282382760932e-5	-8.158563291652985e-5
6.59541113865055e-6	-3.0027199442423476e-5	7.3846375974652586e-6	-3.5421968194864774e-5	5.854573824672364e-6	6.032310131666929e-6	3.8338396317853926e-6	5.989035830582668e-6	-4.110722824190218e-5	1.0323242482079137e-5	-4.0231118314541705e-5	1.203549468226366e-5	9.701305751310427e-6	1.0412039007338817e-5	1.0512167646353353e-5	-4.6443126443070006e-5	5.52046186918484e-6	7.446619449278042e-6	-5.5883148950274945e-5	-5.924932986650766e-5	6.730240709141785e-6	7.709423015276945e-6	-5.916494896152219e-5	5.460756146134793e-6	3.1517446148914582e-6	4.102936296757e-6	4.299304072778113e-6	4.468213584841313e-6	5.567662261701312e-6	5.160431815008756e-6	-6.431379310332431e-5	5.270128746168222e-6	6.727603022414492e-6	8.302204946485309e-6	-7.175658561633529e-5	8.680282666811566e-6	6.982791383351261e-6	9.325637629889938e-6	6.687906056299824e-6	1.0354370103639646e-5	3.7395192368236754e-6	-2.1324903568128387e-6	-1.25354235657821e-5	-2.2162808680992662e-5	-3.0145456879970356e-5	6.297400088428368e-5	-3.580425472293183e-5	-3.669964452665661e-5	-3.803333503822192e-5	-3.8644289443627924e-5	-3.7141672828248386e-5	-4.5237336796466964e-5	-4.911190741051393e-5	-6.446717106183854e-5	2.576091153230482e-6	-9.072291577792019e-5	-0.00010519904943997462	-0.00012156032354263566	-0.00012841903656532017	-0.0001354258666574757	-0.0001127328600689342	-0.0001491305435553621	-0.0001460454747853211	-0.00013640699668403494	-0.00012352647166810247	-0.00010788837757365615	-9.492049233153629e-5	-5.0819743762697605e-5	-4.9458651809764637e-5	-4.862989381539053e-5	-0.00010483090727019038	-9.50241930875893e-5	-6.470221389969898e-5	3.56801687413622e-5	0.00011079374631188261	0.00011810552640260387	0.00014636664107194421	0.00015217149304816544	8.477982561386752e-5	4.836746080314424e-5	3.1865978368505197e-5	4.959138451541591e-6	-1.9054784320942514e-5	-6.23307347826234e-5	9.237984697617763e-6	-1.9455639007512305e-5	-2.3598918250416134e-5	9.07782482683652e-6	-1.6811904493724316e-5	-1.7259167054638723e-5	1.95614880721829e-5	-2.7999660150967434e-5	-3.42759206905022e-5	-5.872265959910969e-5	-5.9145525736017685e-5	-3.903162814221611e-5	-5.915909844152385e-5	-5.874049511981217e-5	-6.306136526065278e-5	-6.809663953537856e-5	-7.364860983297996e-5	-9.773988154782964e-6	-6.229849264614753e-5	-3.4926985891262845e-5	-2.14415906476357e-5	7.683764366661302e-5	1.53174384298979e-5	2.6873980117165987e-5	2.73932626309231e-5	2.069244650659916e-5	7.574141767005028e-5	-9.999428588480797e-6	-2.717630605972071e-5	-2.897641900969142e-5	-4.264844792014634e-5	-4.956487390675695e-5	3.4849910513535544e-5	-4.8314740704830735e-5	-5.0974771722055797e-5	-5.3212759536906424e-5	-6.130604831234546e-5	1.8652544742179937e-5	-7.062039564587454e-5	-8.197569060127297e-5	-7.61837285752191e-5	-8.79114406898636e-5	1.7489412267213296e-5	-8.944093822303158e-5
5.82138494581284e-6	6.265136834759542e-6	-3.1373756933188016e-5	6.682371487085493e-6	6.995655384014294e-6	-3.233088365099283e-5	6.4506242823696896e-6	7.83819787660955e-6	8.149196556209669e-6	1.1452411445893806e-5	1.3687547475527769e-5	-3.6983427598115046e-5	-3.865970717603309e-5	-4.129420300565145e-5	8.12507212658096e-6	6.9965982202514375e-6	6.6524573971211585e-6	5.718647512302499e-6	6.388215677704558e-6	6.2852554896135945e-6	5.0084293101636756e-6	5.078047002582105e-6	4.40244327434738e-6	3.836616894859314e-6	2.2911730034977265e-6	2.3355792608755507e-6	3.4191550548021165e-6	3.2598669059901125e-6	4.24360051479118e-6	5.1102405801490744e-6	6.035639322326787e-6	6.07834193255423e-6	5.6945341070493765e-6	6.185538774948669e-6	6.162388546186693e-6	7.641588734935386e-6	4.65724555819046e-6	4.052771198645791e-6	4.208722635770949e-6	8.284190482980684e-6	5.033453553040656e-6	-2.177982291355152e-6	-9.090005779812944e-6	-1.5219000598760643e-5	-2.5095666692645036e-5	-3.207517994541979e-5	5.39960507688666e-5	4.538807970708083e-5	-3.950483168741359e-5	-4.530837208901583e-5	-5.018715278820899e-5	-5.362598181734039e-5	-5.966093240683339e-5	-6.389737385088139e-5	2.2899944941560165e-6	-1.4642856821512327e-5	-0.00010444009798027593	-0.00012115040606287635	-0.0001272411532845868	-0.00012956152239914905	-0.00013724421781954204	-0.0001163083506163236	-0.0001444849345729046	-0.00013320861001298403	-0.00012043539797170389	-0.00010440233484502689	-7.884712954343885e-5	-6.489871872436374e-5	-4.2375935182301485e-5	-4.4280931636211376e-5	-8.289745794787663e-5	-8.818938308259821e-5	-8.264166392320943e-5	-1.4912655811273514e-5	0.00010961248181631474	9.925786073273785e-5	0.0001312740870371349	0.00016395241188435646	7.55588262605863e-5	0.00010125244395388952	5.0152588399136194e-5	3.40175862101669e-5	8.261595920604822e-7	4.279525891752933e-6	-2.662159494160347e-5	-2.834511465685404e-5	-3.933301575823793e-6	-2.0632351124320837e-5	4.283022521390351e-5	-1.8058725788600927e-5	-2.1737816571903166e-5	-5.1306764190850234e-5	-2.972697362280726e-5	-5.61441607662555e-5	-3.508900980651896e-5	-3.7370274702393756e-5	-5.996680098726225e-5	-6.255326790883457e-5	-6.687323057750377e-5	-7.300211228214622e-5	-7.598233024529459e-5	-8.153590708446135e-5	-6.856434735422428e-5	1.3261913483915118e-5	4.925076174270963e-5	-8.628470569933063e-6	1.1817396579076773e-5	9.489554672970969e-6	1.4430962809467633e-5	1.336029455749582e-5	5.193082411879854e-6	6.629894369971495e-5	-2.4118010061370846e-5	-2.44497171042788e-5	-3.153331564828695e-5	-4.481138599830858e-5	-4.8583795911497996e-5	-4.628122981105182e-5	-4.760311678361155e-5	-5.618719224762198e-5	-6.0886859387633227e-5	-6.377251672381947e-5	-6.939747593433633e-5	-8.078656310646685e-5	-7.390260575495502e-5	-8.37846893776158e-5	-7.832176755007375e-5	-8.49306555319681e-5
7.313203439533939e-6	-2.6274451961904872e-5	7.815988288534389e-6	-3.10343977882516e-5	5.324851812270098e-6	6.061231649424654e-6	6.507527396515508e-6	-3.8396509534733365e-5	1.0024247642426067e-5	-3.77787310679845e-5	1.1859466821349286e-5	1.1006836685276329e-5	1.0406779436405197e-5	7.244592541374745e-6	9.614864296628319e-6	5.809914971650486e-6	3.8303348734702305e-6	5.464418545141634e-6	6.458119967280398e-6	5.263986378881223e-6	4.904544567764274e-6	-5.551998328148978e-5	3.126512597323471e-6	-5.4636068548871816e-5	1.1948787908110515e-6	9.62355831091665e-7	2.7375361132049884e-6	4.6352016931837056e-6	4.8777014462659e-6	-5.354015098493531e-5	6.387786611217086e-6	6.640463525638964e-6	5.944616309517549e-6	4.563829298296067e-6	4.29578138095183e-6	6.2444352563539385e-6	3.8028011722834247e-6	2.713715737975126e-6	5.577357543673045e-6	6.18005257146633e-6	7.234802964381731e-6	-4.149422372105231e-7	-7.140071089318449e-7	-8.305888083442623e-6	-2.3623228695840437e-5	-2.8581087887252668e-5	5.15598270199656e-5	-4.017641019960188e-5	-4.2833677272086004e-5	-4.748692138700685e-5	-5.1454086067090885e-5	2.7954051716356522e-5	-6.32918999714455e-5	-6.670799707406865e-5	-5.391945709983404e-7	-1.792608248122956e-5	-3.863047782028605e-5	-6.102969502536266e-5	-0.00012740579973815952	-0.00012390595382195295	-0.00012914242631438208	-0.00013733592600296998	-0.00014199218180160574	-0.00011002902347579118	-9.94662793043252e-5	-8.868475598937603e-5	-9.126312489011806e-5	-7.575164040902072e-5	-4.803827502506894e-5	-4.826902784458393e-6	-6.727935138324515e-5	-7.774572043264425e-5	-7.595654952883592e-5	-5.9790346519069185e-5	6.611200692529118e-5	8.848338354452414e-5	0.00011366281902229275	0.00011658300306640777	9.647482743754474e-5	5.4671784988263904e-5	4.241102168870466e-5	-2.5088127055263813e-5	-3.31781170544393e-5	-1.0063909403948672e-5	-8.32046123174922e-6	-7.250339689276368e-6	2.1822472903679658e-5	-1.879913894483297e-5	3.696994815729224e-5	1.4462145679257094e-5	-2.1943572383633075e-5	-8.17849811265807e-6	-2.7346081238906585e-5	-5.057030676973808e-5	-3.0211502408149845e-5	-7.326515926860903e-6	-6.16123468424705e-5	-6.852812534776233e-5	-7.363409336068165e-5	-7.749488326938548e-5	-7.90139860910226e-5	-8.305798931791284e-5	-0.00010750405429647337	-5.052276406380333e-5	-3.424886971317329e-5	-1.0851718387332458e-5	-7.587199382462343e-6	2.1530192375845796e-5	3.0503941220433165e-5	2.961801378914997e-5	2.013077544090597e-5	7.424055318492858e-7	5.753042622180576e-5	-2.7314729673771888e-5	-2.8013768268388595e-5	-4.0806929622214604e-5	-4.4457047122313346e-5	-4.8312427046408985e-5	-5.0355436916427274e-5	2.0782990987178824e-5	-5.7854836544715205e-5	-6.286521651834996e-5	-6.727585948027232e-5	-7.488201255762754e-5	-7.260752492408156e-5	-8.237959172657501e-5	-7.565820920592042e-5	-8.3148580152753e-5
6.840376184137371e-6	7.156344562749071e-6	5.296662414022517e-6	5.993849214273048e-6	-3.0039526248871616e-5	6.21562394958233e-6	-3.479023332637849e-5	9.255760757334575e-6	8.43308432946086e-6	9.928957773392745e-6	1.1209111032105528e-5	1.211614864787136e-5	1.2093345348978114e-5	9.967198701756378e-6	5.6886172991686e-6	6.881030746820269e-6	5.677534666753735e-6	5.284973776423468e-6	4.135671619030247e-6	5.104028394704472e-6	-5.1022032240049186e-5	2.406961701534099e-6	1.5360622664020024e-6	1.9357718649158423e-6	2.02491422700773e-6	1.9875877198965736e-6	2.46260907660193e-6	4.233756385525636e-6	5.7170400797018454e-6	5.1511079906025226e-6	4.505751715368472e-6	5.628636338563908e-6	4.806113297246308e-6	3.793240725859096e-6	2.5127225051737234e-6	2.5766393250007736e-6	3.2883604323484636e-6	4.962205118902994e-6	1.9995650414427043e-6	5.214103260721555e-6	6.395643793130374e-6	5.355936605215062e-6	-3.8772239884502955e-6	-8.186872683079425e-6	-1.3101360601120425e-5	6.310481067636558e-5	-3.730822533384848e-5	-3.895919261073311e-5	-4.417354934367103e-5	-4.9054106264149046e-5	-4.90643652493165e-5	-5.772598965747414e-5	-6.252166691928266e-5	1.1625472512120385e-5	-4.321760053039442e-6	-1.89540438710271e-5	-4.2533046443058906e-5	-6.12414784535801e-5	-7.127328654987666e-5	-7.479830574661037e-5	-0.000122024927420163	-0.00012829068828076223	-0.00013165052125883024	-0.0001305775539199572	-0.0001198238168636102	-0.0001074534036728963	-7.454693232611994e-5	-7.80628317229319e-5	-6.408628336096217e-5	-3.602287741649745e-5	-1.692111391771319e-5	-5.673935157221393e-5	-6.769883414521551e-5	-5.594120656393447e-5	-8.56528906273738e-6	8.904496109189328e-5	0.0001092641492619049	0.00011285013216341417	0.00011673557824358992	4.463351766066052e-5	1.0926692815432272e-5	2.5457116132024567e-5	1.884460862427821e-5	1.0689223765728093e-5	-2.6619009804888316e-5	-4.448180108498532e-5	-1.5051184519263884e-5	2.555544273652303e-5	-1.929392126470632e-5	2.0751870695543285e-6	1.544053783053014e-5	-4.7391610516667095e-5	1.8055444297722205e-5	-2.380114166685614e-6	1.654990839216686e-5	-5.511845943418541e-5	-6.614292313172638e-5	-7.528845464217435e-5	-3.32783702719589e-5	-7.898723938047311e-5	-8.081206120313098e-5	-8.322971568120558e-5	-8.81610959776205e-5	-7.045723542003016e-5	-5.648700332296845e-5	5.774015355698703e-5	1.554300038741972e-6	1.9748675330795722e-5	1.8094941836940435e-5	2.038608626513767e-5	7.215193758185418e-5	2.648878574859734e-6	-7.218391118959835e-6	4.995768861177838e-5	-2.3274725791159155e-5	-2.8286797125246215e-5	-4.0254124515172246e-5	-4.344550365717665e-5	-4.791643586309004e-5	-5.3203304783008224e-5	1.8300744010671497e-5	-5.84784101567297e-5	-6.85246764072433e-5	-6.72677148595989e-5	-7.227576246252704e-5	-7.850368601250706e-5	-7.539207483445772e-5	-7.84833083342318e-5
5.166802380964484e-6	5.520089854941428e-6	7.0922568404474485e-6	6.404921598850784e-6	3.6454575535986166e-6	-3.1930102895551726e-5	3.704153974178233e-6	7.415377320254234e-6	-3.792457620699439e-5	9.839415068363887e-6	9.383694429017234e-6	-3.760792091260967e-5	8.966836258351258e-6	6.451036549245601e-6	6.923986198420224e-6	2.8141835732537835e-6	-4.5652703781563276e-5	4.45451401719023e-6	4.429087365823419e-6	2.8135193121085083e-6	2.0135991741536343e-6	3.4615194010088153e-6	2.004968369265312e-6	1.4514956239074445e-6	2.8530912199871113e-6	3.402873892412433e-6	2.616283755183836e-6	-4.872747440326107e-5	4.384860899457588e-6	4.727826875883571e-6	3.2445516642685317e-6	3.804046866429404e-6	4.145004012308276e-6	2.967151568712212e-6	1.968143847417951e-6	1.2182791737190145e-6	1.610108549799608e-6	4.3371133405970355e-6	2.6041562681318616e-6	1.8618432630633551e-6	3.725654000856396e-6	3.5764830950217575e-6	2.7242468173072705e-6	-7.514759598125579e-6	-8.23372479642645e-6	-2.1628215227848012e-5	-2.8520068206418898e-5	-3.755706589051247e-5	-4.333060912983127e-5	-4.7402485047526766e-5	-4.965153471356287e-5	-5.673879902015383e-5	-5.974787248573955e-5	-6.831802616232376e-5	-7.263313254108554e-5	-8.809118306887212e-5	-3.757014687117257e-5	-5.086041356683498e-5	-6.957583445782662e-5	-7.258051351593392e-5	-7.347311084303766e-5	-0.00012065362143441497	-0.0001264885321391741	-0.00012610411474732572	-0.00012128254308647955	-0.00010904943491996176	-7.218769847965566e-5	-8.30923224960959e-5	-4.702569611266124e-5	-3.8314290612603006e-5	-1.8827163310537525e-5	-3.206868926660181e-5	-6.140693529574446e-5	-6.708696562413127e-5	-5.251412211733776e-5	7.460321593022326e-5	9.358269598710219e-5	6.9890152732384e-5	5.9890643730559035e-5	4.61801035680446e-5	2.5952034230861945e-5	9.016003578232257e-6	3.101511263901586e-6	-2.4394710651601e-5	-1.480687908385304e-6	-3.0237417490903192e-5	1.4018849085405908e-5	-3.235652205827843e-6	-1.3140063138549103e-6	-2.2181300221215533e-5	-1.9969833242685676e-5	1.5872093079249928e-5	-2.010929806653427e-5	-4.268331694486961e-5	-2.560977652947289e-5	-5.75872805319913e-5	-6.969219240170513e-5	-7.744065003710652e-5	-3.664008170844112e-5	-7.771486070110327e-5	-7.998769366776397e-5	-8.480901320129914e-5	-1.6995739220887528e-5	-0.00010055154352088969	2.8894587569657437e-5	-2.593705081375833e-5	-4.392718787536959e-6	1.373002766182779e-5	2.6597916667659045e-5	3.2402720864143286e-5	1.8129115569424123e-5	6.525345483702149e-5	5.882726492987807e-5	-1.073527455064849e-5	-1.81438956685945e-5	3.305533914349306e-5	-3.576078755036869e-5	2.495613365029268e-5	-4.016412263833826e-5	-4.37483463512422e-5	-5.312970357849566e-5	1.671951362610508e-5	-5.983137108222386e-5	1.555921575709118e-5	-7.324414499583433e-5	-7.174520691253388e-5	-7.891008131770535e-5	-6.960165236827504e-5
-2.5020947753410963e-5	7.069988026375785e-6	7.032769728406146e-6	4.3022494506308605e-6	4.594482873883474e-6	4.525835643647339e-6	5.507270124459449e-6	6.570440471092935e-6	7.811121850907982e-6	9.451503682216434e-6	7.872128097571255e-6	1.0313251352185235e-5	9.839404093281282e-6	-3.6061313850100144e-5	3.2396104311779774e-6	4.0363115219927315e-6	6.040468758975012e-7	-4.738042023472248e-5	-4.677560847769332e-5	-4.6908753794481795e-5	4.022397198834434e-6	4.499619673602157e-6	3.4516337912392084e-6	-5.0022487808313345e-5	3.798853139954034e-6	3.827997839178285e-6	2.8591166200824273e-6	3.22536953205289e-6	2.1678960443602055e-6	3.2846231928790196e-6	2.5592028655893042e-6	2.637420617960921e-6	1.7907597617630461e-6	1.7201626529891986e-6	1.0678189895185048e-6	1.3028059030610367e-6	9.005734052992841e-7	3.3533830821655375e-6	4.424481724872337e-6	2.125530220715272e-6	-1.1646304052441783e-8	-1.7341514283914536e-6	6.102914299442597e-7	-7.25406427449398e-6	-1.136718989660666e-5	-1.6955874787379826e-5	-2.114637474801191e-5	-3.224984075766372e-5	-4.2610277321933105e-5	-4.642314347069493e-5	-5.344131624296215e-5	-5.891509665226745e-5	-6.357088630212185e-5	-6.430700510451001e-5	-7.301227438572509e-5	-8.120073619464661e-5	-9.09536541912582e-5	-0.00010191050833900075	-0.00011301157825087057	-0.00011801217709813316	-0.00011467661911923578	-0.00011401570527892421	-0.00011689730890582055	-0.00011776962672980032	-0.00011614489767886797	-8.138859845819961e-5	-9.717382941309429e-5	-8.352264311968461e-5	-4.795632269608886e-5	-2.4790292073782706e-5	-2.460171263172291e-5	-2.4023816363041373e-5	-6.005676012484063e-5	-1.4161436586740015e-5	-6.801272982369746e-5	-3.11352927253965e-5	4.949321930491782e-5	4.004787132328553e-5	6.203532443521654e-5	5.978021198424109e-5	1.0535586769489869e-5	2.89831722874044e-5	2.4454562771489925e-5	1.637885385175628e-5	-1.045424091541589e-5	-1.0147354259800161e-5	-4.554271940934761e-6	-1.4458691201833579e-5	3.4004866022595455e-6	3.06697659243336e-5	1.2964836010446491e-5	-1.4687522256967914e-5	1.730548594777487e-5	-4.016501501830322e-5	-2.9484800761782597e-5	-2.3931774365485835e-5	-7.236693945484121e-5	-7.548556855360938e-5	-3.705100267483992e-5	-3.264342291466277e-5	-2.8824212219183518e-5	-8.100771733029945e-5	-2.2112071194923567e-5	-7.959049075956443e-5	-6.106547615422001e-5	-4.849654724913357e-5	-2.8967794366316726e-5	6.71327681626456e-6	2.200569143205925e-5	3.068179083866014e-5	2.001338710592949e-5	1.1973632213308156e-5	1.007497432501574e-5	-6.12714345506291e-6	4.4311093326964324e-5	-2.178407469811993e-5	2.8566178976212266e-5	-3.723425682817681e-5	2.3068265589548404e-5	-4.5278648478830797e-5	-5.005278197539424e-5	-5.502765773135281e-5	-5.816931453417665e-5	-6.440505520676778e-5	-6.549357300439514e-5	-7.201696750028849e-5	-7.009888435485269e-5	-7.379125829171096e-5
3.7412609892349203e-6	4.433714281773949e-6	4.767105843658033e-6	5.529830717219183e-6	4.895685470687739e-6	-2.77583514580421e-5	-3.269885639311344e-5	2.987492542590078e-6	7.642493090819456e-6	7.692852158254504e-6	7.499363447737188e-6	6.228305246449152e-6	6.249147976505128e-6	5.8887587565720125e-6	5.749418922571805e-6	3.094020688876374e-6	1.5039166639495825e-6	-4.6862647237816754e-5	-4.774051732865244e-5	-4.624289528264619e-5	5.115457996029103e-6	6.158805019892521e-6	5.330342954729995e-6	-4.8164317096929127e-5	2.8727547019783296e-6	2.800261676474394e-6	-4.652246005290827e-5	2.4456405620502963e-6	1.0218029362885593e-6	1.8909670894992452e-6	1.7770651733047481e-6	2.0931167574826377e-6	4.2980044781586397e-7	1.569229873650481e-7	8.178089554216001e-7	1.273399591333207e-6	1.7021194522557769e-6	1.2764266170233168e-6	2.8393642351943918e-6	2.983386100100156e-6	2.1761358232495124e-6	1.6739754698234018e-8	-1.4608962811530853e-6	-2.553133850737e-6	-9.05563000233692e-6	-1.2824711020173061e-5	-1.89585225234367e-5	-3.186469845375923e-5	-4.145121765673006e-5	-4.65573630472352e-5	-5.256809435484383e-5	-6.125222304506888e-5	-6.103571506662232e-5	-3.7910724845442506e-6	-7.306923773117192e-5	-7.849388188454511e-5	-8.526829263849937e-5	-4.037865606852501e-5	-0.00010525981722550202	-6.640174533567317e-5	-7.01769643717291e-5	-6.819427852218854e-5	-6.936846249131509e-5	-0.00011072778884865125	-0.00010999391276094567	-0.00010216908593323637	-6.165726524503677e-5	-5.3984603672182965e-5	-5.940428505688141e-5	-5.42360656406607e-5	-4.153557485188342e-5	-1.4526556933379354e-5	-4.75504192805462e-5	-3.559411492594106e-5	-9.2665629695132e-5	-9.486797162312354e-5	5.258274647625453e-5	1.6279196288541097e-5	5.125017029336521e-5	8.126639976443486e-5	2.258313598424021e-5	5.4687301270182074e-5	2.7088728362164183e-5	-1.2613805678935103e-5	-2.339308198703936e-5	-2.1810818990924052e-5	-3.211983039603096e-5	-3.0074168739016843e-6	1.5359598499575366e-5	-2.0601636376387216e-5	8.049819208103687e-6	9.338608137737228e-6	-1.2842575224434162e-5	1.071654290198034e-5	-3.2707556912602064e-5	-6.525613172992262e-5	-7.23272131467848e-5	-7.360135513540152e-5	-3.6010282592752315e-5	-3.473651915686892e-5	-7.816738063566109e-5	-7.965580359471441e-5	-7.897777811203936e-5	-1.9182096560588485e-5	-7.431286502851354e-5	-5.4861381770141774e-5	-2.2683405868383403e-5	-3.731082991201783e-6	7.455832332337509e-5	2.8203010506819997e-5	2.1745823716229546e-5	1.730243881681423e-5	6.048624353147559e-5	-2.777642992681591e-6	-1.1608810819131537e-5	-2.4197871735122238e-5	-2.504708535219877e-5	-2.9965738030064215e-5	-3.837999736121169e-5	-4.542355932695276e-5	-4.736839215694309e-5	-5.101622289974898e-5	-5.419057126605201e-5	-5.7734610227011215e-5	-6.424025789549957e-5	-6.534177105402381e-5	-6.918602302607112e-5	-0.0001329301341704617
5.360599034968049e-6	-2.2234463377689454e-5	5.46370828658231e-6	5.007153382361135e-6	2.8441689179446836e-6	4.076465264881465e-6	3.1701228857798245e-6	4.09010604513621e-6	-3.454037997416856e-5	7.184703141723751e-6	6.7926013940991644e-6	8.43191277812022e-6	7.156540076930359e-6	6.924884889939105e-6	2.725389172448687e-6	4.25378741467032e-6	9.794785221862502e-7	2.39068614257663e-6	-4.682976184179017e-5	-4.4287799032921945e-5	7.3398211317963525e-6	6.5452076440489e-6	5.6996926643890764e-6	4.185425859612224e-6	1.7696216694833506e-6	1.1273351839215977e-6	1.6077958391817054e-6	1.8069607737224375e-6	5.282084334791545e-7	-6.041177595141316e-7	-3.229517520430907e-7	4.599374229583941e-7	5.9210175902080307e-8	-8.204992409569065e-7	-1.2645089928509123e-6	1.3880555826538844e-6	3.396772588046997e-6	9.423966794352089e-7	-2.1740492468698977e-7	-8.75198916832666e-7	-1.09559051449348e-6	-2.169778358948691e-6	-2.5347497587563275e-6	-4.288671359043577e-6	-7.823143520831893e-6	-1.1173118126656632e-5	-1.877030938585904e-5	-2.579357652664812e-5	-3.238195493130661e-5	2.3893657866357293e-5	-5.049333305359846e-5	-5.783910544030944e-5	-6.137239231112865e-5	-1.2587576247549996e-5	-7.416139053589496e-5	-8.217020909125755e-5	-3.148687215736646e-5	-9.004394317614053e-5	-4.7665108116431076e-5	-6.266195354745182e-5	-6.588445799205899e-5	-6.387234440806346e-5	-9.968491441361574e-5	-9.839013641855805e-5	-7.192100551604418e-5	-6.909027759640545e-5	-4.788038384729513e-5	-9.52182504189718e-5	-6.117371898094822e-5	-3.0104702013426105e-5	-2.344957531830779e-7	-4.6960313593445886e-5	-3.421120189987933e-5	-9.605475302111241e-5	-9.415200958210498e-5	-0.00010754221910566067	-7.196672389937677e-5	8.435792482665912e-5	4.583931770625886e-5	5.1966751286365446e-5	4.889133378451513e-5	2.949359287382101e-5	2.926543443186277e-5	2.2136555153859372e-5	-4.695829036391059e-7	-2.518145748590787e-5	-3.616028905851468e-5	-4.644858591410471e-6	-1.0588251350554046e-5	2.4358000398280732e-6	3.199532616141466e-5	-5.341662861824744e-6	-1.39591632875274e-5	-2.5694460504873534e-5	-3.855897901683001e-5	-4.95181864839571e-5	-4.247312767064826e-5	-7.047287798304708e-5	-3.37269005964649e-5	-7.055711376925038e-5	-7.619929706221672e-5	-7.872411023218575e-5	-7.810748636790982e-5	-7.642251659452479e-5	-3.237058226319555e-5	-5.673031303763006e-5	2.5618860091856065e-5	-2.672910374252604e-5	-6.263612661109837e-6	2.2915383187600336e-5	2.1005636186470847e-5	1.9728507800731692e-5	1.0829457883956405e-5	1.1430734376719582e-6	-7.222583203416095e-6	-1.4994655801836392e-5	-2.150257597038289e-5	2.572562542772674e-5	-3.54873281352392e-5	2.0423986381647467e-5	-4.327256738530081e-5	-5.01119386566294e-5	-4.9993535945699896e-5	-5.3901695858138714e-5	-6.027088146532447e-5	-6.231194209236084e-5	-6.658524943912926e-5	-6.554558373464468e-5
2.9853270289767876e-6	4.043354972674913e-6	-2.3785750625643907e-5	2.9072981200039616e-6	4.432234175545126e-6	-2.3818012699015608e-5	-2.961266637890289e-5	6.418191559915288e-7	3.185403983553157e-6	-3.330547458333451e-5	6.121111201663591e-6	5.164654119352481e-6	-3.178771180805171e-5	3.5352539154797735e-6	5.765441306375906e-6	-3.419524863678943e-5	5.195624537246402e-6	2.251220773594843e-6	4.76806165864506e-6	-4.404534525678013e-5	7.488172702032139e-6	7.425610760127319e-6	4.620517688779045e-6	4.019870195236876e-6	2.3399067523399535e-6	3.0235493492149906e-7	-2.9327878204617316e-7	-4.859693361307404e-5	-1.6027681278230283e-7	-1.2175270540029518e-6	-1.7942427771400833e-6	-9.63855972195126e-7	8.243615285316304e-7	1.6862635277421463e-6	9.816940383858405e-7	-2.1945631975236243e-7	1.5076271841672154e-7	7.314946010966413e-7	1.813799063526641e-6	-1.5983076184902583e-7	-9.444270966606195e-7	-2.8660712992533083e-6	-1.0672550802208296e-6	6.0422801505457136e-5	-1.221280946355895e-5	-1.3889888794246157e-5	4.593850902645627e-5	-1.9082760783371486e-5	-2.9318500509115672e-5	-3.478048707613934e-5	-4.522282740329381e-5	-5.1947670425583534e-5	-7.887612514152504e-6	-1.8392667353938166e-5	-7.880948446848442e-5	-8.054159236109176e-5	-8.124765557512923e-5	-8.317034193667085e-5	-9.163142327541483e-5	-0.00010177637206150903	-0.00010910587635751571	-0.00010305708890826577	-9.398712757419526e-5	-8.69466252154035e-5	-3.3961430060297265e-5	-8.262884707778157e-5	-7.477748870751092e-5	-7.024995238068721e-5	-6.553580371590484e-5	-4.176020779321564e-5	-4.710946196184447e-5	-5.611772514656612e-5	-7.034827073699188e-5	-8.77796317824437e-5	-0.00011493972723949572	-9.768675938070007e-5	-8.467703147819116e-5	-1.4309851351548939e-5	5.631922128949507e-5	4.5043551901826685e-5	6.866982116299268e-5	5.1252689453043705e-5	2.9109984180686636e-5	4.920988186267244e-6	1.7683986061568444e-5	-7.5519375435540315e-6	-1.6442803351412495e-5	-2.7433722419040055e-5	-1.6864724267874522e-5	1.865298403421205e-5	1.1443122177168643e-5	3.243776910049094e-5	-1.7504808568364607e-5	-3.384807462747646e-5	-6.540767713864352e-5	-5.057831166478189e-5	-4.221719662637533e-5	-6.51314196726746e-5	-3.380836300716759e-5	-6.822760063072508e-5	-7.357307945685815e-5	-7.596545187925526e-5	-7.670653339531387e-5	-7.624741832482318e-5	-8.874163886827744e-5	-1.7038349695305626e-5	-5.327388591681116e-5	-3.620700606889529e-5	3.804524606797557e-5	1.6511625202985714e-5	2.7864837339866338e-5	2.1308739295312624e-5	1.555614771945029e-5	5.123497377049809e-6	4.866017885288103e-5	-1.1008702308596763e-5	-2.130320268433093e-5	-2.7671663280212438e-5	-3.160616689944245e-5	-3.654276068887683e-5	1.8139099716914817e-5	-4.297565541619452e-5	-4.88255652113435e-5	-5.019725322589493e-5	-5.747530912197571e-5	-5.9628199553707806e-5	-6.256523981482744e-5	-6.488344744321655e-5
-2.2119165862585354e-5	3.892521513755435e-6	1.1216778455820783e-6	-2.1588309416080713e-5	3.372817746983756e-6	2.1660514352888683e-6	1.97053533996719e-6	2.2784399644073887e-6	-3.466028608568162e-5	2.9198310909033898e-6	-3.084143589017534e-5	7.83393393160301e-6	7.6290089269260295e-6	4.7516345414222775e-6	2.9443688055348356e-6	6.607466509636964e-6	6.060418014048946e-6	3.8922795116174335e-6	5.544740473027227e-6	5.788918814700653e-6	6.025769593503234e-6	6.398551822320411e-6	5.3652089780221025e-6	3.649285780219549e-6	1.9371249098540312e-6	6.405119700177522e-7	-8.474953683322919e-7	-1.2161051926134732e-6	-6.732551336349475e-7	-4.3225455586870564e-7	-1.5426551050888213e-6	-1.1209683541997398e-6	4.326446215687147e-7	1.8036370346774869e-6	8.834791194900927e-8	2.4238498925522635e-8	-9.10685413104545e-8	1.2368138398806319e-7	1.0834258451164155e-6	2.4709145824742835e-7	-1.034051563906103e-6	-1.5734058511282512e-6	-2.7459610917469467e-6	-3.3958374650740176e-6	-7.4693983495279165e-6	-1.5208208586556509e-5	-1.9299859735833922e-5	-2.0224866373615808e-5	3.5731910499956084e-5	-2.882143533605063e-5	-3.7736245215963765e-5	6.5978546574482246e-6	-6.160960223156368e-5	-7.17468813563125e-5	-7.56129336925229e-5	-7.979603353728605e-5	-3.520943411695844e-5	-4.0505421913880494e-5	-4.6764073948568977e-5	-5.6367383088021684e-5	-6.41308734387506e-5	-6.30046532862572e-5	-5.056774427891146e-5	-5.874583952235964e-5	-6.811205544021053e-5	-6.859596901848163e-5	-7.114908435360858e-5	-3.428201348218082e-5	-8.279305876878764e-5	-2.2193833313956246e-5	-9.845987269277803e-5	-9.734500253241838e-5	-9.48278476332453e-5	-7.416626090178669e-5	-9.318424884523257e-5	-8.787234414742997e-5	-5.805067386201331e-5	-5.7643144524811515e-5	6.550013995054922e-5	4.711090654227685e-5	7.510058319084765e-5	5.244876135846279e-5	5.1708333173632265e-5	4.776137758718776e-5	6.902634553708226e-7	-7.371630607537049e-6	2.506977867235095e-6	-2.269071150980454e-5	-1.4122989038622795e-5	-1.4073009869193433e-6	-1.5199351363723735e-5	1.1925394319636275e-6	-2.7149786921259458e-5	-3.887831568593443e-5	-4.748028065164561e-5	-2.7752621764941645e-5	-4.047087133286775e-5	-6.254868274368553e-5	-3.553019716475195e-5	-6.821318090791345e-5	-7.156526385008577e-5	-3.323037536790254e-5	-7.63907057451345e-5	-7.5332697900967e-5	-8.738370850201971e-5	-7.11146579204932e-5	-6.707556273638157e-5	-4.429247790698409e-5	-2.410551786495563e-5	-3.76171437478103e-6	2.281164997612877e-5	7.53630275509445e-5	6.603968341847236e-5	5.945480695266779e-5	1.1090658164490306e-6	-7.761064297551667e-6	-1.322723690225339e-5	-2.3254353275201957e-5	-2.442495671961146e-5	-3.250468891171195e-5	-3.593687536940145e-5	-3.8415837912438684e-5	-4.262960225255368e-5	1.1752556211268468e-5	-5.445844157022712e-5	-5.7996518329662006e-5	-6.192042331265037e-5	-5.9514646752962044e-5
3.443379121528036e-6	1.628128227408528e-6	-1.997108633912075e-5	2.392035155799943e-6	5.3279692194881535e-8	1.4207968676251863e-6	1.2629473123548915e-6	-7.577011802868943e-7	1.718739806878789e-6	-3.131143852134165e-5	3.909433408553695e-6	5.614419997980599e-6	8.578534866333053e-6	7.666948263247849e-6	4.199703832965954e-6	6.514554039561678e-6	5.93606217855929e-6	6.0597531526332404e-6	5.376783060379096e-6	5.5700583869656615e-6	5.90206677925377e-6	4.698018358386915e-6	3.9835853962564725e-6	2.4750746464911834e-6	1.4940290126324348e-6	3.345357515354211e-7	-2.331667425330391e-6	-2.2050348884690906e-6	-2.4463305458950952e-6	-9.558644502939738e-7	-4.696579378452492e-7	6.544434521052207e-8	5.001315963855477e-8	-6.097161751864228e-7	3.3129828671662337e-7	-3.2822900316209665e-7	-1.8752081165873636e-6	-3.054051817937746e-6	-1.368167427324464e-6	-2.3195783235499404e-7	-1.140932415049365e-6	-2.8648872173246643e-6	-4.373138706172369e-6	-4.8433082866494986e-6	-1.0405650170696747e-5	4.72493836246716e-5	-1.4917745041520048e-5	-1.995320818591335e-5	3.665491738947602e-5	-2.816013203044284e-5	-3.293302862306737e-5	1.0936649783396433e-5	-5.697801316623824e-5	-6.671464070635575e-5	-2.4759593820098628e-5	-7.790306360279571e-5	-8.120648896578746e-5	-8.423132527714738e-5	-8.897083189726652e-5	-9.238331295779989e-5	-5.9145932360425224e-5	-3.7092701187050876e-5	-5.873641936303257e-5	-6.13014743725259e-5	-6.123533374951813e-5	-1.9633636188770413e-5	-4.914726432945441e-5	-6.797492105980324e-5	-7.536711834721745e-5	-0.00011476911835849837	-0.0001135767284032418	-0.00010845988322320517	-9.843971192526133e-5	-7.186787104151234e-5	-5.6812957621385236e-5	-7.115853355895308e-5	-5.333856984451662e-5	-3.3350802274432134e-5	-4.610602388681307e-5	8.685013048074478e-5	7.072140047879329e-5	7.765040693455622e-5	5.303014464858144e-5	5.323429741479167e-5	2.1001715683843878e-5	-3.929578665996152e-6	-8.679851439706218e-6	-8.941636761448848e-6	-2.7676431414602092e-5	-1.2016895442628793e-5	-4.3025733943789345e-6	-1.084198432078757e-5	-3.543553924126514e-5	-9.712215416033689e-6	-2.9717253594210152e-5	-4.331772972235965e-5	-2.149545392994502e-5	-6.1013726262934835e-5	-3.7604706735020225e-5	-6.797253105659542e-5	-3.5820804297986115e-5	-3.442031831581789e-5	-3.3232515379057203e-5	-3.030602833326636e-5	-2.7845841992588528e-5	-7.067635635763349e-5	-6.604610437797376e-5	-4.938304792067059e-5	1.2324554137038636e-5	-1.4410918318013611e-5	5.502232371659081e-6	1.751257282819348e-5	2.853887331018295e-5	2.237530587949159e-5	5.830032217838603e-6	-2.7637663449592525e-6	3.9257337164861684e-5	-1.8781192879017928e-5	-2.2540696360703026e-5	-2.747627006942588e-5	-3.227769049341829e-5	-3.694288339542857e-5	-4.143543696242505e-5	-4.4996186841133386e-5	-5.115494364291373e-5	-5.4095209482647527e-5	-5.7412599526098645e-5	-5.675123529147105e-5
-1.8374944537091265e-5	8.579355541286557e-7	3.1063202726976926e-6	-1.645408756718403e-7	1.4645438467674366e-6	1.624208708624964e-6	1.485553310623031e-6	8.698349682214842e-7	1.755426491045699e-6	3.1392172424450464e-6	4.252013826135169e-6	5.188638974517549e-6	6.110571176024752e-6	-2.579683364612866e-5	6.660357204980622e-6	5.573063264835898e-6	5.641481778544707e-6	5.980721850609987e-6	5.958094259111339e-6	5.4173328818922365e-6	4.8411989847488746e-6	3.929742732690681e-6	3.316101945610787e-6	2.442410558666262e-6	4.349693941469346e-7	-1.0056895954575274e-6	-2.087725947719129e-6	-2.100292056145432e-6	-2.410000933753399e-6	-1.6286259385366172e-6	-9.480712011458823e-7	-2.2587599851541722e-7	-8.48177714784311e-8	-1.8649669442268035e-6	-2.073212203276332e-6	-2.1998516269863084e-7	-2.112376884038053e-6	-3.06584309809569e-6	-1.8673984217203806e-6	-2.409255648822895e-6	-6.80182146199301e-7	-5.709498433124861e-7	-2.266027151650294e-6	-8.884410414541943e-6	-1.1996055101799871e-5	-1.4475967246397952e-5	-1.2024947671891392e-5	-1.9007707436881024e-5	-2.2520796627770038e-5	-2.6405994264901763e-5	-3.453521347313135e-5	1.2996777271842303e-5	-4.9229255146179655e-5	-5.902258718851097e-5	-1.843279507311084e-5	-7.374324887831089e-5	-7.789082951016623e-5	-8.295163965913561e-5	-8.710633704684366e-5	-4.09621753671768e-5	-2.5766413566087284e-5	-6.752029933533251e-5	-6.441392985236246e-5	-4.2939122980489484e-5	-1.1329079007103295e-5	-4.560241774869897e-5	-5.881539459149992e-5	-0.00011627196012386446	-0.00012312321921555873	-0.0001236979815044968	-0.00011684629766814793	-0.00010352093588231334	-8.470292176056358e-5	-6.608734728743356e-5	-3.384465707906748e-5	-4.90148198329396e-5	-6.013875065666004e-5	-4.577998851479088e-5	-1.6776534383824548e-5	-2.596685012655486e-5	7.702994727594025e-5	7.226878826308751e-5	6.412756683654285e-5	4.465064703959034e-5	2.6383264688685515e-5	1.343308460704574e-5	-2.929932168824808e-6	-1.3625899022042106e-5	-6.931547004617117e-6	-1.6283511423183933e-5	-1.640589993896855e-5	-1.3662301690989362e-5	-1.6578748382403306e-5	-3.167375853411591e-5	-2.552133977034611e-5	-2.2938355245215856e-5	-2.0956261478401465e-5	-4.402324018627497e-5	-3.795864618198611e-5	-6.711061578799579e-5	-3.5992050982137935e-5	-7.05505503775569e-5	-7.275420647653727e-5	-7.284658390616799e-5	-7.22843199629062e-5	-2.6193317173505923e-5	-7.751263026870426e-5	-1.6852411431967956e-5	-4.237011163675243e-5	-2.619653101910101e-5	-4.572004259332683e-6	1.2302599305479109e-5	2.8418393288891686e-5	1.8409970085698287e-5	1.1565573273375333e-5	-1.7166162046751443e-6	4.245882294467735e-5	-1.320458377131493e-5	2.88189820370224e-5	-2.2405342940581938e-5	-2.8418539087932658e-5	-3.3649871491847996e-5	-3.891612782036709e-5	-4.2853462759250385e-5	-4.7629559893386415e-5	-0.00010190178667826853	-5.256488952131908e-5	-1.2477236032224902e-5
1.614185438913318e-6	2.1919627702830053e-6	2.336117577476861e-6	1.6372829492506433e-7	1.0055911018560148e-6	-2.1317764652233187e-5	9.440537115939932e-7	6.941658039669955e-7	1.3338727327706634e-6	2.835125387533387e-6	4.284248116679019e-6	4.896604936802584e-6	5.60380475127676e-6	5.387511690111487e-6	6.425491918526645e-6	4.961993604927985e-6	6.191690461855668e-6	5.688806487950157e-6	4.858038636400611e-6	5.109149552069562e-6	4.728883816899806e-6	2.5978052506479973e-6	2.4865067465045974e-6	1.1009604694886099e-6	1.4043938738447694e-8	-1.0365384241378705e-6	-1.6229570548401422e-6	-1.8588733820851136e-6	-2.2638343117203387e-6	-1.3898563939261752e-6	-2.2907155967164113e-6	-5.473433274802084e-7	-1.3963964591595266e-6	-1.8977051912118475e-6	-1.7896628180471717e-6	-2.8492716338274367e-6	-2.9437779570660517e-6	4.585487200235651e-5	-1.8287210561097281e-6	-4.715639844456686e-6	-3.403645328566864e-6	-5.480008535426416e-6	-3.126511436563073e-6	-9.839955796632255e-6	-1.1609796652488217e-5	-1.4064474124044271e-5	-1.464457349116923e-5	-1.733561152192088e-5	-2.2364333539630897e-5	-2.67617993878879e-5	-3.35580385700258e-5	-3.907971086491264e-5	6.161067753492186e-6	-5.222411279300179e-5	-1.265874285731345e-5	-2.1890665483010382e-5	-2.7386491438578754e-5	-7.834097083158752e-5	-3.974615726348881e-5	-6.152807618650983e-5	-6.0213304496233824e-5	-9.02974766633669e-5	-5.828275726636224e-5	-3.258139410125549e-5	-3.852441213723478e-5	-9.782531694179036e-5	-0.00011402210271924422	-0.00012060313652105146	-0.00012581107111541486	-0.00011809012355554888	-0.00010412856000277233	-8.491325002318363e-5	-6.789879649956871e-5	-5.586731676951581e-5	-4.001904881179594e-5	-2.9928807766717584e-5	-4.687323154566004e-5	-5.5845136251277735e-5	-4.067809327929612e-5	-7.526522257199071e-6	-1.1720550891048493e-5	5.686868836333905e-5	9.012578781094857e-5	6.116648684072515e-5	3.9198113992316725e-5	1.682624754699392e-5	1.4932211777625003e-5	-8.798131947160628e-8	4.951853871265361e-6	-1.8294734632102192e-5	-2.598342780686029e-5	-2.7095470039009868e-5	-3.986108397755546e-5	-2.6617872392126142e-5	-2.176622515269043e-5	-1.87391421734072e-5	-2.1378984965665193e-5	-4.542152125993888e-5	-6.393852663880275e-5	-3.6929387470004e-5	-6.786928310167505e-5	-7.04822665218002e-5	-7.261789786143112e-5	-7.362472199230145e-5	-7.242185645531116e-5	-6.929387059805567e-5	-3.2664145330040656e-5	-6.049655560833641e-5	-5.5899675128554124e-5	1.6172794926737506e-5	2.4154855610687524e-5	2.6862637728301375e-6	6.66595259785172e-6	2.9617195944351467e-5	2.5030529045056186e-5	1.009142647475595e-5	4.5728524454748e-5	-3.7532431327084136e-6	3.09673763689163e-5	-1.890832826108638e-5	-2.4450204776380665e-5	-2.942403914405205e-5	-3.493934459082977e-5	-4.0001372657893e-5	-4.488211513595811e-5	-9.351161213084385e-5	-4.8488845157744855e-5	-4.905691854816094e-5
1.6713665865275096e-6	1.7232469568280039e-6	2.0766070805339264e-6	6.742796463619352e-8	-1.918908454989597e-5	8.789625921032222e-7	8.129152441489339e-7	7.661327700310525e-7	1.2242060695697474e-6	1.3459687517504036e-6	3.206822279695759e-6	-2.4907462821114912e-5	4.544686727182758e-6	-2.7199585028644664e-5	5.788467490134284e-6	4.902892202593857e-6	3.947558304425011e-6	3.887935389060098e-6	5.416436388322346e-6	5.888611211241025e-6	-3.85480332276613e-5	1.803708864846524e-6	1.2307306379436608e-6	5.256898689089324e-7	9.820329255677746e-7	6.940771045844127e-7	-1.1846210508507417e-6	-1.8479239117243594e-6	-1.9941309806716296e-6	-1.7105218701715435e-6	-2.1804213497637914e-6	-1.4972530569012964e-6	-2.150428548523272e-6	-8.82620056375259e-7	4.649471394910603e-5	-2.9822872080361145e-6	-4.589767125927227e-6	-3.98214317350249e-6	-4.596823412532055e-6	-3.943851160527869e-6	-3.4003295057731184e-6	4.2615636721243084e-5	-7.835779160088535e-6	-9.102292396751378e-6	-8.274447218274358e-6	-1.3048925213197764e-5	-1.592564125606655e-5	3.251652070589974e-5	-2.0917611750658122e-5	2.514966304073145e-5	-2.8661451287319718e-5	1.2249508811622214e-5	-4.254663426191103e-5	-5.0034792481358655e-5	-1.1242079868372778e-5	-6.156422749858422e-5	-2.746551261964547e-5	-3.464009106234978e-5	-2.766966171581129e-5	-5.5492826265508355e-5	-6.181625720488295e-5	-2.494592824205219e-5	-1.3680612517823643e-5	-8.139449658873881e-5	-0.00011399572198955417	-0.00011616025756961443	-0.00011819147305393838	-0.0001181255105366189	-0.0001118075507802361	-9.797197552648476e-5	-8.151211405833293e-5	-6.851213955017161e-5	-5.8100018303554476e-5	-5.065892473806019e-5	-4.6767280459922614e-5	-2.7396289506990057e-5	-3.094062769500028e-5	-4.5720405319118074e-5	-5.1889074906615474e-5	-3.733249430548657e-5	-2.814089162174948e-5	2.357899971430202e-6	4.86433876162502e-5	8.538088234057639e-5	3.7792045409992423e-5	3.6169117531266795e-5	1.9990327443321267e-5	1.347688592483881e-5	2.692547095548871e-8	-2.8000289624777208e-5	-5.59094340574917e-5	-3.652395698757328e-5	-2.4867356971203063e-5	-2.6694378932842528e-5	-1.891030948839858e-5	-7.290903663643338e-7	-2.0050280386945405e-5	-6.207534973968164e-5	-2.329040923784785e-5	-3.747906280325e-5	-6.874530091424208e-5	-3.621121533785136e-5	-3.565857640904906e-5	-3.4623854378679035e-5	-3.1248647142080805e-5	-6.884694889821002e-5	-7.473811586515387e-5	-6.0431071585132195e-5	-5.622636642083745e-5	-5.276807912572558e-5	2.1477256568822446e-5	3.255879147973139e-5	5.1923688924433936e-5	2.249031821804833e-5	2.294308811685901e-5	5.6741509784268636e-5	6.675168465082582e-6	1.8561601854713908e-7	3.209043094782465e-5	-1.5983835497171948e-5	-2.0822304314182345e-5	-2.5138952657249652e-5	-3.0173918951191818e-5	-3.59592237500768e-5	-8.777730597164107e-5	-4.271915067201673e-5	-8.268697158914144e-5	-4.51117151208257e-5
-1.7648825787305362e-5	1.3083672451955932e-6	1.4522668963365057e-6	-2.0643664382856522e-5	1.2226384728345483e-6	5.81056594808172e-7	9.066560788814973e-9	5.296610092219486e-7	-7.852962575986941e-7	1.6553307768020639e-6	3.3308724241978903e-6	3.0501212334397296e-6	5.9861956413961295e-6	4.137252478158204e-6	5.043208941636656e-6	3.932996613707849e-6	3.629264746669847e-6	-2.5551712706808568e-5	3.940014169926862e-6	4.0102626781488016e-6	1.5378056963678268e-6	2.1945212672658016e-6	1.3933938536301346e-6	-4.5181181908713285e-7	2.7707797058015805e-7	-4.789287765159735e-7	7.634357887835105e-8	-1.861177235302255e-6	-2.120859612666056e-6	-4.595586919102328e-5	-1.4131957168315979e-6	-1.9926014676144874e-6	-2.218767390641576e-6	-4.122621363374665e-6	-2.39090071879936e-6	-3.1280522034800654e-6	-4.067267669134375e-6	-3.8582605123998765e-6	-6.185825009683856e-6	-2.217886425943819e-6	-3.5305763399683327e-6	-3.6972793450608518e-6	-8.32320877632985e-6	-7.746283497311228e-6	-1.1987306487400758e-5	-1.1681146512536734e-5	3.139368300694289e-5	-1.6767099264449576e-5	2.3524880769511768e-5	-2.3661422144082565e-5	-2.7093030205076836e-5	6.984799486842966e-6	-3.69124578095264e-5	-5.6991566105678445e-6	-1.3668066600169544e-5	-2.177817778040614e-5	-4.219749097495698e-6	-6.938414958951647e-5	-5.1191376347555244e-5	4.71217246034866e-5	1.2123065891585759e-6	-7.900481768898784e-5	-0.00011184106802136654	-0.00012384283334846086	-0.0001266901293421038	-0.00012089806873546505	-0.00011125648456902554	-9.753011757383464e-5	-8.501640946503234e-5	-7.37267558116795e-5	-6.58711337182832e-5	-5.940762754497869e-5	-5.441882179119703e-5	-4.865470835386143e-5	-4.4777857253628294e-5	-3.755439140160847e-5	-2.029237389209761e-5	-3.3093379425429325e-5	-4.53262527151286e-5	-4.885413313336076e-5	-3.8482068765086346e-5	-3.654079404914355e-5	5.789904141035879e-6	5.035151464405927e-5	6.921268049466748e-5	3.580930820697528e-5	2.9583018518439296e-5	-8.580943007485903e-6	-1.0829448409893161e-5	-2.484490968909217e-5	-5.495941191697767e-5	-4.712664657117896e-5	-3.870303097722758e-5	-2.7418897833692783e-5	-2.304240372712793e-5	-1.0220720043539137e-6	-1.6852923805798928e-6	-4.581820292484738e-5	-6.488916531439986e-5	-2.3504921557561203e-5	-7.027234129183488e-5	-3.7598981865620345e-5	-7.284934807740175e-5	-8.56367181114665e-5	-7.095437055792503e-5	-2.712591722389251e-5	-6.366569107652605e-5	-7.032907161027662e-5	-5.688709286414355e-5	-6.0756815712241e-5	-3.490348197843695e-5	2.9008501540408235e-5	4.0693574710934345e-5	5.610081554958149e-5	5.4338724893367195e-5	5.990714074104983e-5	1.244575212004835e-5	4.1681271949149516e-6	-3.580883232061425e-6	2.970069227069722e-5	-1.663081398956722e-5	-2.3894945626431107e-5	-2.6274940739451412e-5	-3.3230415638051136e-5	-3.72523671514485e-5	-7.818318165295446e-5	-3.935551147577523e-5	-4.044217811427725e-5
5.811983338040649e-9	7.538161481791339e-7	8.521673458448617e-7	-1.2587981297798167e-6	1.0263397275975348e-6	7.528629651889682e-7	1.3178670400226518e-7	-3.7099147861321133e-7	-2.4817473955334075e-8	6.433791330606536e-7	1.3604722111338566e-6	3.667056463883432e-6	-2.6406660727698036e-5	5.148345887113749e-6	4.2235967024088685e-6	3.860048669018096e-6	3.438937553142845e-6	3.957216296642939e-6	3.986629749822641e-6	1.6565284263706935e-6	2.2105411217663673e-6	1.8578320546569103e-6	1.4891328922607796e-6	-2.27248590127456e-7	-2.5815369818105063e-7	-6.644786648528096e-7	-7.824220915261804e-10	-1.9152503856106125e-6	-2.330955935316893e-6	-1.944361888716348e-6	-3.5412230330794713e-6	-3.458463104993257e-6	-2.772716099522731e-6	4.3140635447899944e-5	-3.88517841213036e-6	-3.0144190292819982e-6	-4.536618965035935e-6	-4.245101696538178e-6	4.0816343853524264e-5	3.9819518381180774e-5	4.1660920089797e-5	3.8935151415021396e-5	-7.71006426224485e-6	-9.154441254413258e-6	-9.611821628343568e-6	2.8365174751683586e-5	-1.143295721051595e-5	-1.3443210629551317e-5	1.903945076178325e-5	-2.089518866864391e-5	-2.6029101905048206e-5	2.931107476010638e-6	-1.5813605150986876e-6	-5.2973022117764105e-6	-1.4674065210385976e-5	8.538515657526328e-7	-5.414765804526264e-6	-5.808649669464868e-5	-2.2100209203500818e-5	-3.830021970752334e-5	-0.00010146296848090211	-0.00011027312379317008	-0.00011801379674906617	-0.0001266509447629029	-0.00012366703761259565	-0.00011028585699319424	-8.999864492680417e-5	-7.33330001632021e-5	-6.348731057686109e-5	-5.929203250105172e-5	-5.6647318084226224e-5	-5.416340471871349e-5	-5.0937468096842026e-5	-4.659566229173423e-5	-4.241089751627614e-5	-4.1444854485299864e-5	-2.4842434079044265e-5	-2.004874008089809e-5	-3.382185702723885e-5	-4.377652787570217e-5	-4.659041956773624e-5	-3.439518318580268e-5	-3.0553462269448635e-5	4.598095880632832e-5	5.041918761796685e-5	7.324759433894744e-5	2.1418431636400278e-5	1.172984615915027e-5	-1.2740285835607587e-5	-1.6482900999312006e-5	-4.153552266937435e-5	-4.480023049973291e-5	-4.8786987158158266e-5	-3.1671363042468526e-5	-9.98928393193424e-6	-2.6392921049252628e-5	-4.185924853685201e-5	-2.9965812415543816e-5	-5.0504094500872395e-5	-2.4501535800227822e-5	-3.8436517413177444e-5	-3.8712626545413904e-5	-7.243562057394101e-5	-7.117162349456585e-5	-6.92056238773921e-5	-2.8064632204882528e-5	-6.325691637118269e-5	-6.927941618319419e-5	-5.46518292930849e-5	-2.3397560866355942e-5	-5.269782724613416e-5	-1.8292875796255986e-5	2.549837617074217e-5	4.5184195696930753e-5	4.910653711092479e-5	2.2596898069715326e-5	1.0049098259262744e-5	4.703350391114749e-5	6.249806796650918e-7	-5.4885283810233955e-6	-1.5201684429464932e-5	-1.932186706904475e-5	-2.3236517397024197e-5	-3.110195470929281e-5	-3.3987470997514724e-5	-7.259782025999289e-5	-3.6943305102163317e-5	-3.670132349101646e-5
-1.004856854877747e-6	-1.7925101678146902e-5	4.087923212324409e-7	-1.9683790197479656e-6	-2.057371561363109e-5	-1.9521208603953384e-6	-1.8895759467860672e-7	-2.015392896442743e-5	-5.321674819258983e-7	1.2601102735741786e-7	-1.9614379458992892e-5	1.2003377334808324e-6	2.6370809737445776e-6	3.5381831999195686e-6	-2.4038630551055017e-5	3.6140859023020458e-6	3.569710284669791e-6	5.302973289212596e-6	2.592179925699033e-6	1.9205295547934436e-6	1.48513599167047e-7	8.741752898393576e-7	7.398500459111367e-7	4.54725551831119e-7	-2.710396484777633e-7	-9.940439976538387e-7	-3.49830876256082e-7	-1.8762138235110825e-6	-9.192270424932003e-7	-2.7784618473607496e-6	-3.2173385118812253e-6	-3.309198455447908e-6	-3.5826958401831562e-6	-3.855553845496601e-6	3.992030339329639e-5	-4.942514274396581e-6	-4.281159357880592e-6	-4.984153360254541e-6	-5.71088223729583e-6	3.981508108942441e-5	3.982051071099637e-5	3.429195004778137e-5	3.33316480884721e-5	3.260341707021747e-5	-9.965441098048079e-6	-7.961418809532858e-6	2.649048138092492e-5	-1.837164269076724e-5	-1.9655816649337334e-5	1.0596965037721695e-5	7.2204990627804154e-6	-4.5269341562186646e-7	-6.351037076879687e-6	-1.1645998721077208e-5	-6.600926828927297e-6	-3.198934182651231e-5	2.5498234738654234e-5	-1.5695555808916068e-6	-9.584837280075494e-5	-0.00010306533534111388	-0.0001094721736483463	-0.00011041195306822301	-0.0001093927624261457	-0.00010888575684269401	-0.0001019716881016944	-8.976160130577828e-5	-7.361577890705937e-5	-6.187462814663682e-5	-5.3263644469829236e-5	-5.1157454749185924e-5	-5.0441958704801554e-5	-4.9534941111483506e-5	-4.793612104801964e-5	-4.460268025343261e-5	-4.019594682967329e-5	-3.6993433863506783e-5	-3.185791717129306e-5	-1.776501847680699e-5	-2.307449397721676e-5	-3.4404040028783054e-5	-3.868835298374005e-5	-3.614873462158216e-5	-2.444057550039162e-5	-2.6026232928603446e-5	-9.102956336010581e-6	3.521555244165677e-5	4.345564331390754e-5	-3.269776693236282e-6	-1.4631800366067668e-5	-2.8980317420022948e-5	-3.905285808887256e-5	-2.2228866333068873e-5	-6.17713257601224e-5	-2.8642801735015238e-5	-1.8085201363097353e-5	-9.773188442091605e-6	-5.394478927210698e-6	-2.0845977643831743e-5	-2.260392411944595e-5	-2.4245325458388642e-5	-5.6897090064182926e-5	-2.6154523289763864e-5	-7.082562473967899e-5	-6.969310275570706e-5	-3.181712153394221e-5	-6.461594925525135e-5	-6.14503888304315e-5	-6.695696381619283e-5	-5.1735947968513114e-5	-2.4076574498090096e-5	-1.7998410705979886e-5	-4.663928288561788e-5	-1.513294185096826e-5	-4.703089944096224e-6	1.1724818394081844e-5	2.03897429440001e-5	1.2419291501977237e-5	5.923952466395865e-6	5.205953199099609e-6	-7.341223191824624e-6	-1.2463526831416646e-5	-1.6543556067494995e-5	-2.0795160502462822e-5	-6.764828028240949e-5	-3.0037261455277253e-5	-2.8276444568036015e-5	-3.240428868792289e-5	1.7130809616059924e-6
-1.7729443895102607e-6	-1.807766761078219e-5	-8.085321046100852e-7	-3.0408545316037874e-7	-4.204267985313847e-7	-4.003663209062357e-7	-3.433377508009125e-7	1.2239327425433164e-6	-1.194352207604352e-6	-1.040410457170209e-6	1.5290210217115577e-6	5.76668109680985e-7	2.492156531077477e-6	2.402621594868522e-6	2.485530406634508e-6	2.6866714393523406e-6	4.711384086858011e-6	4.44173044879869e-6	1.0905460642594345e-6	1.371053650187277e-6	7.754519038203592e-7	2.3667908493319964e-7	1.7540750372685237e-7	-4.242999204149547e-7	-1.0224355622514864e-6	-1.2154590997856616e-6	-2.1652400104299507e-6	-1.4743930369456068e-6	-3.502223195897482e-6	-2.300812408633098e-6	-3.859071275767262e-6	3.2765272695451644e-5	-3.606700301670812e-6	-5.287766056271835e-6	-5.856803317647556e-6	-5.1343883978531134e-6	-5.35609902630401e-6	-7.1037564646907496e-6	-5.7210657260839805e-6	-4.865022964537337e-6	-7.692263634933986e-6	-8.472350718600357e-6	3.121498705918412e-5	-9.010401595000578e-6	-7.95346693988427e-6	2.5291007176400952e-5	1.902036366092046e-5	1.2024169176968514e-5	-2.3043303494482464e-5	-3.3516934776063015e-6	2.7526881183155734e-5	-1.2389089319558009e-5	-1.6444850168968435e-5	1.6212335060221525e-5	-3.443981724299185e-5	4.413071792825848e-6	-3.628187396236969e-5	-9.243104370126046e-5	-0.00010089223940459835	-0.00010268838249678943	-9.956612549407692e-5	-9.52339661054204e-5	-8.845552145213124e-5	-8.457897741697513e-5	-8.075376333165578e-5	-7.6370944134652e-5	-6.796437101531531e-5	-5.857593334849089e-5	-4.9620925053406653e-5	-4.5963544149511576e-5	-4.5338643918058866e-5	-4.489364895589429e-5	-4.391203663559127e-5	-4.068125877408949e-5	-3.7636980003547785e-5	-3.575378602840612e-5	-3.484611929951314e-5	-2.7373210908895516e-5	-1.4989217092607862e-5	-1.9773700735595365e-5	-2.6716775335793052e-5	-2.9496534822124362e-5	-2.9701106478167896e-5	-2.9947226799672795e-5	-4.213660998877685e-5	-4.2313358580698106e-5	-3.92576569947377e-6	3.348910329960253e-5	-7.437455069284234e-6	-1.6809946019436623e-5	-2.8188538075149495e-5	-4.0842415511836336e-5	-4.007902697107863e-5	-3.429281906156429e-5	-4.821152369000026e-5	-1.912540617606906e-5	-1.3140235404628543e-5	-2.5278520607828763e-5	-1.068152336866602e-5	-2.5876972608346218e-5	-6.906399931448572e-5	-2.7935193873888226e-5	-6.951429467423289e-5	-6.767826750545355e-5	-6.540380971041987e-5	-3.009051899549028e-5	-5.853225331132767e-5	-5.4890828720211904e-5	-1.9503905212274637e-5	-4.706122468061373e-5	-1.9852586780658946e-5	-1.511154595007036e-5	-4.3424866759256677e-5	-1.2117179815238023e-5	-7.698862603485487e-7	4.7561940809886594e-5	5.318264534716864e-5	8.689988382927353e-6	1.461775190471728e-6	-4.929237015145499e-6	-4.955515386817109e-6	-1.4784655100774408e-5	-5.6911017148120256e-5	-5.8630528462067346e-5	-5.9809190556310175e-5	5.812984915768197e-6	-2.5591245686712558e-5	-2.9711429703798613e-5
-2.3151761964208643e-6	-2.3333433954939584e-6	-4.258968216290141e-6	-1.550902836791612e-6	-1.179190252897878e-6	-9.959906508787391e-7	7.11890569013256e-7	-1.3340881914697227e-6	-1.7075383372989355e-5	-1.4880420300541705e-6	-9.027158804715736e-7	-1.7130004328262758e-8	2.510166252947093e-6	1.8505070355292759e-6	7.58405772664718e-7	1.4700180518445764e-6	3.5962988532666483e-6	2.4546319001875173e-6	1.6460981631168537e-6	5.2170417868570296e-8	-6.585716693239727e-7	-1.2309715958109266e-6	-3.4500130892151527e-7	-2.7718383376886614e-5	-1.0348306844239338e-6	-1.9227759431813846e-6	-7.315701444320631e-7	-2.5010065672627336e-6	-3.349389356156865e-6	-4.353289743366958e-6	3.348429293585376e-5	-4.017220788541461e-6	-4.940322607562534e-6	-4.922801478916822e-6	-7.566266583925672e-6	2.503270671576081e-5	-7.724607393048342e-6	-7.160099928407406e-6	2.5988387381589137e-5	-9.501404852828538e-6	-8.205371219406567e-6	-6.577549686469968e-6	2.66213526340384e-5	2.3969786019863875e-5	2.1165194514215788e-5	1.2888823167808401e-5	1.3234403044488398e-6	-6.7550966137332885e-6	-1.0920357102775448e-5	-1.2872306322572595e-5	-1.5518755902750613e-5	3.3348478135054546e-5	-5.635874298939544e-6	-6.641785881923766e-6	-5.324494906874832e-6	-5.491096224588971e-5	-8.167827796796664e-5	-8.648518747131177e-5	-8.676552991131235e-5	-8.645228056741375e-5	-8.101849508786662e-5	-7.65592862584768e-5	-7.042173477095717e-5	-6.78147204736306e-5	-6.728423516350388e-5	-6.798668432087592e-5	-6.482262095406532e-5	-5.8265345406243916e-5	-4.9737462099824715e-5	-4.408537396887748e-5	-4.1423456100984305e-5	-4.043893473990826e-5	-4.0261727633867316e-5	-3.824464389529363e-5	-3.4912117770594824e-5	-3.15127431098133e-5	-2.8737391208189357e-5	-2.785609950263848e-5	-1.6356918144563555e-5	-8.152319514333596e-6	-1.3097549156640084e-5	-2.146183732558318e-5	-3.245249782621209e-5	-4.6203066919277606e-5	-4.931116764991621e-5	-5.845062187261724e-5	-5.620826845767924e-5	-9.515650700225777e-6	2.5150985123199095e-5	-1.488427160221972e-5	-1.0561038095225944e-5	-2.116762262061283e-5	-3.0234207425442676e-5	-2.6196078796934775e-5	-4.6232292186065924e-5	-3.351224783239564e-5	-2.5191691660049963e-5	-1.941285473867297e-5	-1.682706040466111e-5	-2.964233135117054e-5	-2.9165199680189968e-5	-2.926737579378181e-5	-6.761143208238276e-5	-2.7477749519280335e-5	-5.246074096324166e-5	-6.0181416895227675e-5	-2.8323438996765338e-5	-2.3711947124460176e-5	-6.041228891052195e-5	-1.6624125856983115e-5	-4.433863245975085e-5	-4.92429630590403e-5	-1.3091332956953201e-5	-8.976573531440876e-6	2.2745405207412288e-5	1.0501867061941234e-6	1.4726127245689741e-5	4.983736076032987e-5	5.311099693791827e-6	-1.3889943469225707e-6	-7.4499355413583336e-6	-1.3012932719269187e-5	-1.6862543888962163e-5	-5.02618301714231e-5	-1.8664226309528568e-5	-2.334877426787038e-5	-2.095367460877264e-5	-2.6315485584893592e-5
-2.391750678593476e-6	-1.581585572435651e-5	-1.9626532877878587e-5	-4.911173710312757e-6	-2.298562533909588e-6	-1.7237116856014527e-6	-1.411893078352472e-6	-1.4578001473141387e-6	-1.2238044286579206e-6	-1.3956941048637913e-6	3.7610701285832994e-8	2.269258717800494e-7	9.281302371191055e-7	1.5544428859174395e-6	1.9701888094015815e-6	1.4963001286272194e-6	9.516248998100237e-7	-3.368393244535038e-7	-3.882906978319191e-7	9.836686875592637e-7	1.4239806766665176e-7	-6.79177938830728e-7	-9.727531521220656e-7	-1.243184596300866e-6	-1.1328723379473628e-6	-2.1703300967245733e-6	-2.5904945618427733e-6	-1.7808843407250794e-6	3.139609795022066e-5	-2.8870304176439366e-6	-5.4324395099228525e-6	2.8152811927740817e-5	-7.1423213259388864e-6	-7.385487007834096e-6	2.355172948580113e-5	-8.267772101778706e-6	-7.843062872935129e-6	-1.0841165709875956e-5	-1.0452365661507029e-5	-1.0619738238488665e-5	1.6759907665599264e-5	-7.810326984558185e-6	-6.5123696793451e-6	1.2528735076791468e-5	7.030925322807572e-6	-2.018715139218358e-5	-9.928274789626089e-6	-1.5325044851732794e-5	4.1712416477728074e-5	-2.4981233263526316e-5	4.108554353736806e-5	-2.8683612492897326e-5	6.369244989849743e-6	-2.6003582904809248e-5	-6.372077010086553e-5	-6.791772017583945e-5	-6.956475287867893e-5	-6.983696805332656e-5	-6.869145311822055e-5	-6.706369865181573e-5	-6.57381375531894e-5	-6.237786422142984e-5	-5.991960589123846e-5	-5.7639355531492384e-5	-5.880393724742904e-5	-6.120643858838833e-5	-6.181346478156022e-5	-5.758324809336106e-5	-5.043262223497594e-5	-4.413593220076211e-5	-3.94911399482817e-5	-3.6717098882272075e-5	-3.4989508713323555e-5	-3.3697417228840953e-5	-3.123595522808967e-5	-2.8576201536149198e-5	-2.5901326241622633e-5	-2.4172677449458982e-5	-2.0070235810091576e-5	-8.66381018794994e-6	-9.48853852632118e-6	-2.2377202414360846e-5	-3.652535645947124e-5	-4.982096028809742e-5	-5.923627965728046e-5	-5.363340646348351e-5	-5.796279988079891e-5	-5.441863211636032e-5	-3.0767412597215954e-5	2.8844969385470424e-5	-1.878928126978238e-5	-1.9971056728143046e-5	-4.001045733406162e-5	-4.871887816458955e-5	-4.598092484352288e-5	-4.1079671020469296e-5	-5.0100158989964015e-5	-4.363829536572746e-5	-2.7252041857978796e-5	-2.3636063593870352e-5	-5.371203714808938e-5	-3.327842034158129e-5	-3.051219764741705e-5	-3.9491268368626535e-5	-2.5889572015173044e-5	-3.190479703382406e-5	-2.7819354781339072e-5	-5.361692472085239e-5	-2.085770983221958e-5	-5.702549838442633e-5	-1.4715892900406063e-5	-4.2196334340512186e-5	-4.661393890037301e-5	-4.3376152815334144e-5	-3.953595630863216e-5	-1.5040315596955489e-5	1.0411961660447718e-5	2.1077581879926392e-5	7.082592619523005e-6	6.69421081299186e-6	3.7388526453048217e-7	-4.2766494531619556e-5	-4.323523280397155e-5	-3.857728093443596e-5	9.462927511389916e-6	-1.6239921090802946e-5	-2.3173739255478315e-5	-2.1870929858562225e-5
-2.6903890235552616e-6	-1.3119988365074836e-5	-3.5421349779717667e-6	-3.86661505064829e-6	-3.8669997986907705e-6	-3.187813938185997e-6	-1.838336832023243e-5	-4.2797179988169677e-7	-2.9926704559087285e-7	-2.1131076027569573e-6	-1.6224539625534808e-7	1.6762969008015267e-5	-4.0043218655589426e-7	3.201088673887337e-7	1.6260761486281891e-6	5.98833003168488e-7	8.477438769960259e-8	-8.315717280723211e-7	-3.890376743753102e-7	-1.297505312564183e-7	-4.907210556442465e-7	-9.010033446912066e-7	-1.0144098433255107e-6	-3.0072136166761805e-7	-1.714574681291152e-6	2.247013450357426e-5	-1.3355745768860562e-6	1.9135568152679186e-7	-2.0277652141517135e-6	-3.972538166779514e-6	-6.179541428835017e-6	-7.704114467328932e-6	-9.150196072865794e-6	-8.73605043804978e-6	2.197186336730557e-5	-9.23834244638327e-6	-9.584752294280481e-6	1.609275514877139e-5	1.6192665794840996e-5	1.561330522396962e-5	-1.338867140443929e-5	-1.3556178639235881e-5	1.0213261627516627e-5	1.3107894511563828e-8	3.7985868151589174e-5	-1.717151416479409e-5	-1.8596682487807977e-5	-1.3656455781955681e-5	2.1125443626019612e-5	-9.93192401779549e-6	-1.3239418920714592e-5	6.365018147973559e-6	-2.8159095834297677e-6	-5.2481157885254026e-5	-5.4122189418466895e-5	-5.3631432305630125e-5	-5.279495854519596e-5	-5.2237341926218196e-5	-5.276712803869608e-5	-5.361400250240183e-5	-5.424335644612087e-5	-5.355687146808101e-5	-5.308072870382184e-5	-5.243723537971931e-5	-5.307855084943575e-5	-5.506397446320983e-5	-5.661366760916219e-5	-5.5278375390240995e-5	-5.060058273718596e-5	-4.384114887029161e-5	-3.9041289749797256e-5	-3.446565508678941e-5	-3.081787091859564e-5	-2.7380365622414206e-5	-2.478166892752262e-5	-2.251285852603892e-5	-2.1304886185962487e-5	-2.034220497338908e-5	-2.216273003732719e-5	-2.097431349469222e-5	-1.616579811179286e-5	-2.3796895158377084e-5	-3.6984408883989814e-5	-4.8039421650816305e-5	-5.3740509283824894e-5	-5.5740096043285065e-5	-4.9540789594881385e-5	-5.290513445112136e-5	-5.54292333655173e-5	-3.980405695536626e-5	-1.181238350074108e-5	1.3380127285186579e-5	-2.2217079718469775e-5	-4.228001936400341e-5	-5.000165615242047e-5	-3.70133846962098e-5	-5.6944572557259215e-5	-5.2823163022194775e-5	-4.561388866625572e-5	-1.4392459868620621e-5	-2.4247964022052263e-5	-5.1084848886566306e-5	-3.0607686080947466e-5	-2.913209472232099e-5	-3.728654059729217e-5	-2.4109892098114207e-5	-2.011356526570912e-5	-2.4782982554308363e-5	-5.0746567713505606e-5	-1.9266809480980064e-5	-4.5595472542224425e-5	-2.1468304070151943e-5	-1.0942920211092931e-5	-7.419345909551211e-6	-3.44995995275299e-5	-3.115374682903098e-5	1.6064929606446332e-5	4.523843825300525e-6	1.793185908751841e-5	3.8128894511258262e-6	3.0345496590677306e-6	-6.829413774512563e-6	-2.927463811529176e-5	-9.044416942929608e-6	-1.1589782249529638e-5	8.32807294244781e-6	-1.7947374713927133e-5	-2.1067549387646155e-5
-3.425568544609709e-6	-3.3042038154189904e-6	-3.5228573974839007e-6	-4.317873240327141e-6	-4.77639803713538e-6	-4.537058884065078e-6	-2.2529530269700763e-6	-1.7666760281000865e-6	-2.590678762189264e-6	-2.371998440947007e-6	-9.77811693458799e-7	-7.525455245447493e-7	-8.831363827101093e-7	2.1937050020617724e-7	-1.5371533844426482e-7	3.463296569654621e-7	3.1278177570253024e-7	-4.879452463993795e-7	-6.641683102010822e-7	-1.3771607854650445e-6	-1.327310441403889e-6	-1.4069473107787773e-6	-1.5982677980235914e-6	-1.8095719194776197e-6	2.0895425121598835e-5	1.94768830545411e-5	-2.188866368615087e-6	-3.7089985076463295e-6	-3.48552353877376e-6	1.707951162596035e-5	1.5459180974714058e-5	-6.7636483163406515e-6	-7.121662784108563e-6	1.2979001404893385e-5	-9.116283611221326e-6	1.2660906187121846e-5	1.2404469668373568e-5	1.1346897959320503e-5	2.4618967092364212e-5	3.006657779705763e-6	-1.0700753082237835e-7	-3.146999027828088e-6	-1.0051088399753706e-5	-1.439604209638469e-5	-6.781855784269839e-6	-2.10384315125616e-5	-6.029044661710859e-6	-2.3703818829659838e-5	7.260492025021591e-6	2.9995701535028365e-5	-1.6158275093276666e-5	-1.2577821828581884e-5	-4.470337550973341e-5	-4.312620011441665e-5	-4.1254729147335156e-5	-3.934930039440162e-5	-3.853197846149259e-5	-3.813818993956297e-5	-3.961673012598069e-5	-4.1593672281186944e-5	-4.384772999803724e-5	-4.5506978827430385e-5	-4.709617778200434e-5	-4.834091455644112e-5	-4.908905747544513e-5	-4.94877767130472e-5	-5.0336444964699906e-5	-5.0950211068726426e-5	-4.9158927281726114e-5	-4.390428987085089e-5	-3.852330742379383e-5	-3.264189065248213e-5	-2.6915752623042416e-5	-2.1531956627470362e-5	-1.7960527399124072e-5	-1.772605776381947e-5	-2.0220893343937934e-5	-2.249350818984443e-5	-2.5953190750884923e-5	-3.1607579948148543e-5	-3.072382164917564e-5	-2.799401550055737e-5	-3.2397365184866486e-5	-3.9448322415379746e-5	-4.6170261771215056e-5	-5.161173126805589e-5	-5.4315673497214254e-5	-5.798901226602407e-5	-5.1241386164677105e-5	-5.236823073628529e-5	-4.7800513612804546e-5	-3.158593016298623e-5	1.4649470274886946e-5	-1.76681332138715e-5	-3.554750673617329e-5	-5.058068458107108e-5	-3.8315999023049265e-5	-5.556450869085975e-5	-4.3416037618621386e-5	-3.473360272889469e-5	-2.8196126604903887e-5	-3.314565790791797e-5	-2.0173535543568705e-5	-2.9403809773838048e-5	-4.708808530238986e-5	-4.65392946310953e-5	-5.4506031577652395e-5	-2.7765890657534937e-5	-2.3326166909917745e-5	-4.7785140684405807e-5	-2.6458060840761828e-5	-1.6116578230440247e-5	-1.3594850199640093e-5	-1.7372918012785075e-5	-1.353117236465055e-5	-3.900450996240502e-5	-7.412427137506398e-6	-2.0391840351362907e-5	4.214418917337774e-6	9.722540166934117e-6	-1.622597199142249e-5	-1.1513327315127147e-7	2.46881157593584e-7	-7.3677334489453896e-6	1.0224358951720536e-5	-1.7521879030200135e-5	-1.7121145227373083e-5	-2.046573389357086e-5
-4.46602733259789e-6	-4.273027920716836e-6	-5.813056407294004e-6	-4.676324990911821e-6	-4.966805720526356e-6	-3.9117257583145e-6	-3.8839096629039255e-6	-3.2774604602674656e-6	-3.920959103842614e-6	-2.2418599180748245e-6	-1.3308919563554441e-6	-7.946777165582534e-7	-5.547560436947128e-7	-7.848868163113959e-7	-1.4653219461079026e-6	-1.1488965743263607e-6	-8.383944441289922e-7	-4.467702770520783e-7	-2.0567011379937284e-6	1.1867597833904438e-5	-8.678194660422683e-7	-1.3739139145197885e-6	-1.0530362576629333e-6	-3.3395928993428382e-6	-4.239645955136722e-6	-3.0107113486153338e-6	1.6474008641502165e-5	-6.219050661889928e-6	-5.912129685406247e-6	1.3644723794265591e-5	-8.438207092375003e-6	-8.159871613991717e-6	-8.817896014683097e-6	-7.564229699899154e-6	-1.3467865429688414e-5	6.44821518667847e-6	-1.3933209324431558e-5	3.472342352052628e-6	3.040327505550509e-7	-2.2322183589794592e-6	-6.9709160902682555e-6	-4.770298373510303e-6	-1.510476823938004e-5	1.4014105284357314e-5	-1.9825342040260353e-5	-1.5231136538399121e-5	-1.0982939002381666e-5	3.9990173938833173e-5	-1.9747787331989155e-5	-4.060606685529815e-6	-3.915031393366916e-5	-3.7379341520492885e-5	-3.528270658572456e-5	-3.2056593798949714e-5	-2.9725820053457368e-5	-2.828871082102446e-5	-2.754817313830636e-5	-2.813307870915856e-5	-2.9567418969236457e-5	-3.223009835951179e-5	-3.5788622406145724e-5	-3.881746221633638e-5	-4.1494091106892585e-5	-4.329942844799066e-5	-4.480978841663117e-5	-4.47079066541296e-5	-4.410502317764715e-5	-4.453860202936516e-5	-4.486433897055354e-5	-4.145146414691049e-5	-3.65764719937746e-5	-3.04752675542926e-5	-2.393025720101615e-5	-1.8447482951875643e-5	-1.6257846837919548e-5	-1.845155118270381e-5	-2.3449475665660003e-5	-2.8097162867770633e-5	-3.194719149728629e-5	-3.694574663731364e-5	-3.888529152269542e-5	-3.313018199216616e-5	-2.949320267226776e-5	-3.5082691751102553e-5	-4.195615091878062e-5	-4.709915624205184e-5	-5.2237251113293796e-5	-5.527796180725749e-5	-5.7436546220905594e-5	-5.320544747330994e-5	-5.0940524549568844e-5	-5.488097926451127e-5	-4.002696319481831e-5	-2.9470281572195275e-5	-5.365917484471006e-6	-2.7538496739881832e-5	-4.352707079677932e-5	-4.588330622281808e-5	-5.859877174705687e-5	-3.5617598523334e-5	-3.4467060162789214e-5	-2.7540367075048415e-5	-3.2837107429969296e-5	-3.015192845420172e-5	-2.8836686299987048e-5	-4.46087703240557e-5	-5.2529932828757596e-5	-2.177098273906309e-5	-2.6910308514551306e-5	-3.0647668651704826e-5	-2.0878739864535847e-5	-4.428540801414886e-5	-4.1689940414846554e-5	-4.570177718531235e-5	-1.6940246390544154e-5	-3.896398161899533e-5	-3.6481358932999254e-5	-3.4400052779720775e-5	-4.4306734488607066e-5	-3.186339334811274e-5	5.481898538329405e-6	2.31373002184212e-5	1.982685726775339e-5	-7.150249993225269e-6	-9.89890687852588e-6	-1.328531952705719e-5	-2.097529664835731e-5	1.0936499244889805e-6
-5.072168911953931e-6	-5.146762033319578e-6	-5.394889668782881e-6	-5.432778463066427e-6	-5.4165332731747815e-6	-4.278085023857965e-6	-4.258567427197133e-6	-4.006553577504585e-6	-2.9442240114685046e-6	-1.425702001712451e-6	-1.8784264206161277e-7	-7.969253575891355e-7	-6.287046817983683e-7	-8.530018629552248e-7	-1.9343141836080974e-6	-3.484858581720852e-6	-2.169999351756349e-6	-2.231274556162391e-6	-1.4322413674585407e-6	-2.20733437405259e-6	1.1371341312493063e-5	-2.2318055063264616e-6	1.0887857614276449e-5	-1.3325582488745834e-6	-2.1987920485928587e-6	-4.330491963579528e-6	2.02982974778867e-5	-7.430874799225736e-6	-7.028159205629055e-6	8.93782293516241e-6	-9.170919962245402e-6	-6.896808159510663e-6	1.114446220103622e-5	4.5637108544520604e-6	4.572630169004946e-6	2.7061826852176995e-6	1.343423185255722e-7	1.2493227359775786e-5	8.169877635255156e-5	-1.5678068748604582e-5	-1.713299585004308e-5	-1.2302697970565762e-5	-2.067110916662823e-5	-1.8340519730088465e-5	7.683090699709273e-6	2.828555798521865e-5	-2.2153114210472395e-5	-1.4871764314524635e-5	1.543531272351011e-5	-3.405147637000619e-5	-3.1235540073193735e-5	-2.835448981235209e-5	-2.487011952857261e-5	-2.2347467802259543e-5	-2.02983786467251e-5	-1.9527998741807292e-5	-1.870669834609946e-5	-1.948097503888768e-5	-2.1357443071380846e-5	-2.4417952304383564e-5	-2.7960846534685527e-5	-3.19555892864825e-5	-3.533794082338833e-5	-3.802575720285195e-5	-3.9261188845690214e-5	-3.955425657148267e-5	-3.862670740038772e-5	-3.7860557863120194e-5	-3.8752916498571504e-5	-3.7724001167272164e-5	-3.4222393397942354e-5	-2.9423946496348846e-5	-2.329441980524361e-5	-1.855185338388071e-5	-1.7625986179025765e-5	-2.1806236949331115e-5	-2.8372505773954218e-5	-3.2648636285462825e-5	-3.4739549503140683e-5	-3.5658020606716464e-5	-3.821768752739407e-5	-3.940716300572045e-5	-3.634342588929257e-5	-3.566733004066068e-5	-3.9372034679527996e-5	-4.472135611844664e-5	-4.912751805803467e-5	-5.260486298133693e-5	-5.5449042243371836e-5	-5.825756184973382e-5	-6.065358138902734e-5	-5.095828167598807e-5	-5.3608095105536855e-5	-5.611707914758996e-5	-4.732822779186601e-5	-3.571092035666235e-5	-2.1980383526515074e-5	-2.2626585117059117e-5	-4.3782086815153504e-5	-4.020340818402992e-5	-3.4025529373885494e-5	-2.847992570963919e-5	-2.8552707979879278e-5	-2.4170676742961807e-5	-3.0087120240868896e-5	-2.8302616322271526e-5	-3.520233005329e-5	-2.4857964677277495e-5	-3.003144411755786e-5	-4.741770686593591e-5	-2.3960423569854546e-5	-2.1267752781253617e-5	-2.5976383232696374e-5	-3.918843212574605e-5	-3.659657771352021e-5	-3.397918442505434e-5	-3.145250382311724e-5	-6.91684355491853e-5	-3.257624456689238e-5	-3.195885351162499e-5	-6.428773505234202e-7	5.726741710760145e-6	1.5510723266263225e-5	-6.483176736703938e-6	-9.710282753482913e-6	-1.4511231888809679e-5	-2.1758778308308513e-5	-2.6533955743595673e-5
-5.320722728778757e-6	-5.966323512172255e-6	-6.298210747511347e-6	-6.080266657160677e-6	-6.034193974701431e-6	-4.56732729119401e-6	-5.261635439016417e-6	-3.6569177172931703e-6	-2.606205166245953e-6	1.7019245123022473e-7	-1.7779377088084764e-7	-1.0577157190204542e-6	-2.6479458167946116e-6	-2.9331993414594707e-6	-3.3507465385123236e-6	-2.568085046506858e-6	-3.295370190385888e-6	-3.6575097733718804e-6	9.73678057974818e-6	-2.4258945353193985e-6	1.0148794988203846e-5	-2.988616521580606e-6	-2.062380529350348e-6	-3.293382454809437e-6	-5.655547458873888e-6	7.164638624181872e-6	5.873240471252058e-6	-7.187962323601174e-6	4.146455054178486e-6	3.7060798344554203e-6	6.887250363434537e-6	-9.805241458575836e-6	-1.0607025133528222e-6	-1.0451973464033258e-6	-2.5844689907545445e-6	-5.5080295497596005e-6	-6.256844939706745e-6	-9.986894465814563e-6	-1.5239259903788088e-5	-1.623132660654998e-5	-1.1750313775098719e-5	-1.36226566671596e-5	4.744572286769237e-5	1.1943093875220196e-6	-1.924221191431379e-5	-1.4243572177771328e-5	7.393012580255727e-6	-3.0360847325970402e-5	-2.8710152452899007e-5	-2.6040081741445455e-5	-2.292526448992233e-5	-1.9927515249224703e-5	-1.728267409581438e-5	-1.5310908089905112e-5	-1.3971012057367507e-5	-1.2650388856964162e-5	-1.230657468159566e-5	-1.2904587345481533e-5	-1.481651721189922e-5	-1.7479248160573687e-5	-2.096466120900519e-5	-2.454679998846457e-5	-2.8365644176802073e-5	-3.0875033451006185e-5	-3.2502142603624745e-5	-3.358674004657713e-5	-3.260855253611061e-5	-3.170765119119034e-5	-3.205694616125788e-5	-3.224764207749784e-5	-3.187220663079072e-5	-2.9016855803783072e-5	-2.4775054533548676e-5	-2.1895658111531274e-5	-2.164115168803234e-5	-2.5825135207518512e-5	-3.078273296147377e-5	-3.334870377092033e-5	-3.4223904831597995e-5	-3.5162686148336214e-5	-3.839504726634892e-5	-4.352037859780254e-5	-4.528502412208741e-5	-4.1814832577803836e-5	-4.104721080602834e-5	-4.33971610200014e-5	-4.6421614372288064e-5	-4.994724564624174e-5	-5.372496965662838e-5	-5.7072260004084694e-5	-5.926803454334108e-5	-6.114921672505368e-5	-6.295193492001088e-5	-6.457404965494972e-5	-4.819323952159839e-5	-5.500692846946019e-5	-4.085154331026744e-5	-3.33263500340377e-5	-2.8516576236190433e-5	-2.1609074428234452e-5	-3.9260710981035087e-5	-4.5634930655490596e-5	-3.314464352969341e-5	-2.5579629682554247e-5	-2.780715687141004e-5	-2.5162857453274657e-5	-3.07585558619634e-5	-2.863517315167621e-5	-2.6168157503203782e-5	-4.693327085569693e-5	-2.8511950714312612e-5	-2.5621368167938225e-5	-2.3101270898861375e-5	-4.4563539043143685e-5	-4.248366510699791e-5	-3.937957260088606e-5	-5.186923128843861e-5	-3.6573101153348966e-5	-3.5414064712060035e-5	-3.4988448914793154e-5	-3.2661451157367613e-5	-9.450490526114721e-6	1.4199309548725795e-5	-7.508188915083863e-6	-1.1208503392685248e-5	-1.568078787085169e-5	-4.894258305223806e-5	-2.977898552559326e-5
-2.219619034717272e-6	-6.455633080731452e-6	-6.674380633677583e-6	-5.9426856728204204e-6	-1.2325879861616225e-6	-5.310522041545519e-6	-5.2423769723375976e-6	1.733540669845258e-6	-1.8115394076918665e-6	-8.770661244108635e-7	-6.923214178630548e-7	-1.0981278971049707e-6	3.230530640389791e-6	-1.3401262005245966e-6	-2.395752587859077e-6	-2.9953246816356703e-6	6.673197415848651e-6	6.477475009917372e-6	-4.23740246519578e-6	-3.5260784651305855e-6	-2.1521888662655384e-6	8.376581749764398e-6	-3.6260050338538766e-6	5.193191418164078e-6	4.187912437202921e-6	4.838540085421085e-6	5.443527215050258e-6	-6.242923098843863e-6	-7.634953523915847e-6	6.677632420142666e-6	-1.1901406965526823e-5	-1.776878937720909e-6	-1.1935045111741572e-6	-1.7529295298546914e-6	-4.570906697199409e-6	3.1046001976357623e-6	-7.947728463184424e-6	-5.43895292261725e-6	-6.359932902232283e-6	5.266752543352585e-5	-1.2881032794365084e-5	3.046469877475251e-6	-1.7156719976496915e-5	-1.1040318125567748e-5	2.8594304581873724e-6	-8.951727250065226e-6	-2.4655385006649758e-5	-2.3257294482190814e-5	-2.129004157552367e-5	-1.8792908819335373e-5	-1.6572192458506966e-5	-1.4435414237072181e-5	-1.2488506832964039e-5	-1.0883773225959929e-5	-9.601985017176987e-6	-8.37499277576333e-6	-7.933059980102868e-6	-8.47383598694083e-6	-9.700370683554712e-6	-1.171548297376163e-5	-1.4192622317570958e-5	-1.7341464935749414e-5	-2.019275980723255e-5	-2.2457238153814003e-5	-2.4978185101860208e-5	-2.6058296468998792e-5	-2.5984999566375905e-5	-2.610464144196307e-5	-2.6025336833126707e-5	-2.7203059975697047e-5	-2.9056375736553972e-5	-2.8920181909209634e-5	-2.717513968036921e-5	-2.6194938612314608e-5	-2.6669251701975775e-5	-2.8644768307311956e-5	-3.172380949963485e-5	-3.362200275870838e-5	-3.49999022601909e-5	-3.7260246225076575e-5	-4.053429359751647e-5	-4.559619575716315e-5	-5.057785381219358e-5	-5.069540837824356e-5	-4.6501180849032426e-5	-4.427601139090102e-5	-4.5404462935263936e-5	-4.8299121373179376e-5	-5.207050778790426e-5	-5.4984199101378506e-5	-5.762065286846435e-5	-5.947658577788457e-5	-6.108834049198768e-5	-6.237331074661123e-5	-6.313810767392573e-5	-6.340257086515403e-5	-3.5977893018622725e-5	-4.7771390317890775e-5	-1.8524759184832473e-5	-3.48256589976702e-5	-2.3035585746150638e-5	-2.348852347755593e-5	-3.60962586368786e-5	-3.340134191026921e-5	-3.0406069580786438e-5	-2.8361027978739573e-5	-2.9817505237845636e-5	-4.4217283107219295e-5	-3.166307337242546e-5	-2.9801667654378325e-5	-2.6995640054697917e-5	-4.257326850608695e-5	-4.098307716956395e-5	-4.505974543708236e-5	-6.988563891122769e-5	-3.296442812599702e-5	-4.1558031415364204e-5	-2.796027257152947e-5	-2.60701424427374e-5	-3.832526013196352e-5	-4.221583003606518e-5	-4.232597434818884e-5	-4.803955821077561e-6	-2.029451531629622e-5	-4.567521587102121e-5	-1.0280566375060773e-5	-3.594943347037089e-5	-6.231443790716187e-5
-6.798476255784957e-6	-6.939366873561596e-6	-6.135215081208426e-6	-6.296780583078828e-6	-6.074724909566886e-6	-5.237354813953247e-6	-4.463660167418535e-6	-2.679530145041547e-6	3.4477339618571888e-6	3.2989986276744037e-6	-1.1325650082842745e-6	-1.2970727106523299e-6	-1.40229321018184e-6	2.569548946779494e-6	-2.2766526522788495e-6	2.0224442938943067e-6	-3.068100193259334e-6	-3.1570860138506072e-6	6.298645574102652e-7	-2.9039943514462703e-6	3.964159713781932e-6	4.146968046825979e-6	4.106383399916149e-6	-3.566743595531381e-6	3.095193773909621e-6	-4.185016417756397e-6	5.727907195870774e-6	7.080882697160611e-6	-1.405716489369629e-6	-1.5026905092455534e-6	1.0498076485238614e-6	-1.7048174241441293e-6	-2.5159962613571286e-6	6.000718045966663e-6	1.893435949710471e-5	1.2847934853362983e-5	-7.036228097782339e-6	-1.2048193451058724e-5	-7.657826273137623e-6	5.775665678850873e-6	-9.501806181690174e-6	-3.656095030956459e-6	7.33883484610253e-6	-8.800863397308615e-6	-2.0591948177142155e-5	-1.986485883838844e-5	-1.8772209613307508e-5	-1.720610528492112e-5	-1.5392659746131496e-5	-1.3587539091630403e-5	-1.2033193203268012e-5	-1.055353478716833e-5	-9.279815963443003e-6	-8.115512461535446e-6	-6.8361075108414705e-6	-5.898821813670911e-6	-5.343092294583088e-6	-5.347054258431042e-6	-5.89018230350908e-6	-6.9167902695802436e-6	-8.33395286492107e-6	-1.007941991733205e-5	-1.2129457877961585e-5	-1.4397685902863022e-5	-1.6711422513982063e-5	-1.864703710278764e-5	-1.9994398815386164e-5	-2.0885435599150392e-5	-2.24202713527063e-5	-2.3948909013187187e-5	-2.621796981889542e-5	-2.760393124086189e-5	-2.7723881527986192e-5	-2.830870695301284e-5	-2.9569249628480444e-5	-3.228314902485737e-5	-3.431299340545056e-5	-3.566395729645165e-5	-3.7201186742619576e-5	-4.059323584639494e-5	-4.44505423145467e-5	-4.814086536361801e-5	-5.225180319784527e-5	-5.470545787988494e-5	-5.2952674076333316e-5	-4.9170609969149915e-5	-4.760013047177083e-5	-4.8162464836139175e-5	-5.017723851850241e-5	-5.2773478065560274e-5	-5.53317244396124e-5	-5.727798079969374e-5	-5.874853510688861e-5	-5.979585887746255e-5	-6.0527095258290024e-5	-6.090259374341521e-5	-6.093014799304032e-5	-6.0685565957825085e-5	-6.031948147583948e-5	-6.0742404998771846e-5	-6.027170048439714e-5	5.890812314356174e-6	-3.282123994504497e-5	-3.921889524495002e-5	-3.868022872830838e-5	-4.724181657796015e-5	-5.01012980090949e-5	-1.9184252921795295e-5	-3.269620379018907e-5	-4.049624157767816e-5	-5.504653104457702e-5	-3.5508625078250946e-5	-3.799516629371901e-5	-3.555123135263354e-5	-3.3361289301663986e-5	-4.601809626061498e-5	-3.4377699973253554e-5	-4.4211329399959567e-5	-4.3606360769991425e-5	-4.3396123365699996e-5	-4.721631992560401e-5	-4.911056370204234e-5	-5.275342000811249e-5	-4.145424208220548e-5	-3.210133864233383e-5	-5.3582967463967e-5	-8.324686801393328e-5	-0.0001444218615205133
-5.582196967345498e-6	-7.117003291049704e-6	-3.8412437741349446e-6	-6.21516878937986e-6	-5.563252929529061e-6	-4.529175363684318e-6	-1.6740519720014074e-6	-1.5265505378640883e-6	-1.5437092757899514e-6	-1.7541609025872851e-6	-1.6101452527541942e-6	-1.6486787755475507e-6	2.532309388310458e-6	-2.1579091393438585e-6	1.586086157374456e-6	-2.0178620393303173e-6	1.9204808131579194e-6	-3.6418235058082105e-6	1.7034930688539826e-6	1.1829184422014455e-6	2.432340626489193e-6	2.506343187496995e-6	8.693571207569247e-7	3.1232242473679117e-6	5.186500717621243e-6	8.298938185604407e-6	9.994107427598812e-7	-5.240278189529488e-6	-2.5950231347060223e-6	-2.525558106643359e-6	-2.503949321725423e-6	5.2836222777741465e-8	1.4200280405551717e-6	-2.8635445805508773e-6	-2.418123004363737e-6	-4.300468561415602e-6	-3.95212239017233e-6	3.3525611155588e-5	-5.886517110277969e-6	-3.889078976821071e-7	1.9853164946200512e-5	-1.6096481732069453e-5	-1.6260968953787726e-5	-1.6263602275474993e-5	-1.5930796651623418e-5	-1.5195314395998567e-5	-1.4138823900094165e-5	-1.2960341833993049e-5	-1.1582414506239173e-5	-1.027964286814171e-5	-9.201318900177379e-6	-8.131287666380998e-6	-7.096334087800191e-6	-6.159899638651491e-6	-4.95068743139051e-6	-3.865673303216367e-6	-3.045485008873987e-6	-2.431106581377883e-6	-2.137760527525366e-6	-2.1768919819162134e-6	-2.4052765298766625e-6	-3.3978783634704807e-6	-4.48783596036602e-6	-6.2012433868299e-6	-9.075399447779856e-6	-1.2235508400961772e-5	-1.40597530980528e-5	-1.6518576748745096e-5	-1.835886167300617e-5	-2.0179884875962378e-5	-2.179762141894375e-5	-2.4203787904273223e-5	-2.6879406238118826e-5	-2.965020093849283e-5	-3.256024898160259e-5	-3.518122769166431e-5	-3.8063309748945424e-5	-4.01590224050546e-5	-4.239243461852442e-5	-4.517448379031953e-5	-4.765428578773544e-5	-4.96866426749783e-5	-5.2103417614347304e-5	-5.5418249840118975e-5	-5.718769332572598e-5	-5.572711686005613e-5	-5.1831783735864034e-5	-4.99574175231139e-5	-4.9364375980914246e-5	-5.048239341094127e-5	-5.244247519327848e-5	-5.431556505977662e-5	-5.5919150102236716e-5	-5.7213329184113395e-5	-5.827233327626531e-5	-5.8822887617373496e-5	-5.896410415402183e-5	-5.878554551794107e-5	-5.855637309477941e-5	-5.835731575197991e-5	-5.965719988354243e-5	-5.9418424250245306e-5	-5.9071944505814194e-5	-6.16296937663651e-5	-3.008330596402937e-5	-4.877933284066187e-5	-5.202043662547748e-5	-5.909811068395077e-5	-5.2742279879819994e-5	-5.38215003177285e-5	-5.484317872110866e-5	-4.5586230604112e-5	-1.8666482535559768e-5	-3.4710017586878485e-5	-3.8764815500342924e-5	-4.6182531844775223e-5	-2.5545630315064168e-5	-3.4415712885690734e-5	-3.857829047014918e-5	-5.3157399731500416e-5	-8.340974007903457e-5	-5.6781885502633564e-5	-8.747793787473065e-5	-7.937725857589463e-5	-7.91394910991733e-5	-4.8990063466480013e-5	-4.8554351306591046e-5	-5.091089899633591e-5
-7.0308416403881935e-6	-6.667043638935221e-6	-5.902163669931963e-6	-6.252811355551789e-6	-4.138129098778373e-6	-1.9588408750776542e-6	4.5767404402180956e-7	4.716637322450443e-7	-2.4786913495502524e-6	-1.6371923456351992e-6	-1.8623708691809231e-6	-1.9060902365510517e-6	-2.0940001910469774e-6	2.578261498152262e-6	-1.3581766290806882e-6	1.7633887732688167e-6	-2.177209496432886e-6	-3.71880020711576e-6	1.0178260257350972e-6	-2.2828633393637743e-6	2.843142910039271e-6	2.714969871165992e-6	2.899273763497549e-6	1.149985473386541e-5	3.0108662518508902e-6	-3.1163345222766077e-6	-9.109621509036168e-7	-9.80357392953103e-7	4.229622084193636e-6	-1.1483998688311585e-6	-1.0100659419390486e-6	-1.5833180731799788e-6	1.9377105034011546e-6	2.5865828546195815e-6	8.950315603786839e-6	3.476226198922906e-5	1.0274804060135832e-5	9.006409398454361e-6	-1.1586574364507162e-5	-1.2124655960374134e-5	-1.2564732431193031e-5	-1.2677116684920475e-5	-1.254466716082548e-5	-1.2142628614647308e-5	-1.1687940610985109e-5	-1.1043223951958279e-5	-1.02103275239646e-5	-9.541005803059295e-6	-8.904309227371162e-6	-8.233725338612172e-6	-7.5244526073913625e-6	-6.752457697785141e-6	-5.8969012831901825e-6	-4.93865204034675e-6	-3.6203702962433576e-6	-2.307793782942456e-6	-1.096227440232681e-6	6.817351968685967e-8	1.1244129802365135e-6	1.8981948455297807e-6	2.4425241490230005e-6	2.682225707010237e-6	2.2733011195773083e-6	3.101605292088786e-7	-2.268043539288344e-6	-5.251213267843118e-6	-8.044429916616107e-6	-1.0711366652256082e-5	-1.3409428504944669e-5	-1.5747868557546615e-5	-1.8281747783867742e-5	-2.137810874209287e-5	-2.553239653234785e-5	-3.039636163170166e-5	-3.5054716517671496e-5	-3.964583709442236e-5	-4.354602842038366e-5	-4.608628043006375e-5	-4.732714877636601e-5	-4.837765455382884e-5	-4.9803240894782594e-5	-5.149229590757458e-5	-5.293791140917038e-5	-5.50525850795454e-5	-5.7823543588121976e-5	-5.874425083622441e-5	-5.68174547338585e-5	-5.318225005986017e-5	-5.0327811228734166e-5	-4.908267242830839e-5	-4.958214751218872e-5	-5.1081427334668974e-5	-5.296450353426966e-5	-5.474693021757787e-5	-5.613086430109369e-5	-5.6826161392904576e-5	-5.711049710649063e-5	-5.7096912303345224e-5	-5.703890519271601e-5	-5.703193005110032e-5	-5.7244390330277075e-5	-5.959096933287692e-5	-5.981059286684715e-5	-6.004905274137803e-5	-6.24929050173874e-5	-6.54101960077374e-5	-6.796910863621312e-5	-6.99752694088539e-5	-7.153302262070656e-5	-7.25543324960214e-5	-3.571463021757041e-5	-5.4922687302520886e-5	-5.8429410089828556e-5	-6.254050118457126e-5	-6.323504062285943e-5	-7.289844595085687e-5	-7.480919527500776e-5	-8.923518042057936e-5	-0.00010332379876784944	-7.48487054028161e-5	-7.407255009326202e-5	-7.400277685192132e-5	-7.448154504735625e-5	-7.523545088821413e-5	-7.63085759302755e-5	-7.178834160499699e-5	-6.085055488217259e-5	-6.04913977295235e-5
-7.662918622962389e-6	-6.637476468745221e-6	-5.632896425982235e-6	-3.7085639657038344e-6	-1.6999048012611754e-6	-5.803438249802034e-7	-6.583380711692506e-7	4.345601234208334e-7	-2.483913188055606e-6	-1.3593275631143672e-6	-1.5818182117563614e-6	8.937172548545425e-7	-1.893717524656109e-6	1.7028501109640233e-6	1.5497592579628383e-6	1.5004596712767733e-6	-3.1340754200315083e-6	1.0750923015288188e-6	2.4754594647409723e-6	2.482840257838102e-6	2.94495385335381e-6	1.615933726341204e-5	-8.928537825422957e-7	-5.53152142156017e-7	5.053559709947559e-7	5.096945485221887e-7	3.277939977119784e-6	5.871330459301347e-6	2.6144961660874494e-6	2.233044794745391e-6	8.44896722504486e-6	1.7342646914680378e-5	3.174087342169379e-5	3.0554442415116904e-5	-6.312625521275283e-6	-7.112749298769335e-6	-7.922866484642849e-6	-8.855615194071597e-6	-9.57454332795843e-6	-1.0110259668484235e-5	-1.0350058174081323e-5	-1.0184261561955467e-5	-9.561777509535865e-6	-9.083852264798578e-6	-8.65678584646942e-6	-8.097596534314052e-6	-7.429670685318087e-6	-6.998041015931594e-6	-6.5895864760601944e-6	-5.973349940498757e-6	-5.414822661969484e-6	-4.903774068037631e-6	-4.367058759778341e-6	-3.3945050443563404e-6	-2.189344600883055e-6	-8.921211210819049e-7	5.219493683535613e-7	2.0443692710240874e-6	3.497463872313781e-6	4.854052933800943e-6	6.245874439822789e-6	6.796097954187344e-6	6.861709561660256e-6	5.695274539698652e-6	3.393429899979059e-6	5.821593616390673e-7	-2.094345136411974e-6	-5.181270819798109e-6	-8.12691775914213e-6	-1.1586252506709993e-5	-1.5191350107019558e-5	-1.9627920131312594e-5	-2.557545978461507e-5	-3.267768276922435e-5	-3.88877323098506e-5	-4.337747998278831e-5	-4.681224959269127e-5	-4.926549777772637e-5	-5.103271214812119e-5	-5.202430002531109e-5	-5.243948766586498e-5	-5.3133236613884974e-5	-5.385133352892534e-5	-5.48177016539844e-5	-5.6539407654852835e-5	-5.830098503886624e-5	-5.8583041703745944e-5	-5.643244168983372e-5	-5.2442817770992996e-5	-4.941196479180343e-5	-4.8137179292898524e-5	-4.8742075969765365e-5	-5.041256743453247e-5	-5.2327321856409135e-5	-5.380868325591137e-5	-5.4817714202892845e-5	-5.527462324606526e-5	-5.544261488969366e-5	-5.550192196440538e-5	-5.5739524895111685e-5	-5.633503168431351e-5	-5.7260438683518416e-5	-6.0263836556561805e-5	-6.078823553892825e-5	-6.121628073324704e-5	-6.323403033890333e-5	-6.571426232612683e-5	-6.778953638296865e-5	-6.930556051172544e-5	-7.051988468262968e-5	-7.110264046265434e-5	-7.104118143316519e-5	-7.085325856950625e-5	-7.121654627074351e-5	-7.180438000453936e-5	-7.269827858940838e-5	-7.34659605840376e-5	-7.390105444375665e-5	-7.366362448030814e-5	-7.284003187298522e-5	-7.242038581781673e-5	-7.254737947447664e-5	-7.358853575024091e-5	-7.515611624470348e-5	-7.691116389455221e-5	-7.883941845070175e-5	-7.914495093156717e-5	-7.155797221944095e-5
-7.097331682660372e-6	-4.7626827462327384e-6	-1.2842043953168304e-6	-1.6477079017139523e-6	-1.3091887879488533e-7	-2.2748605935105564e-6	3.157845195929246e-7	-8.89964515591606e-7	2.520898901599419e-7	1.7656377655029192e-6	1.730235274210391e-6	1.811971176927032e-6	1.766816604056588e-6	1.7298540172827105e-6	1.3234132808973253e-6	1.322832136270682e-6	2.9925729199565675e-6	6.7282736816505105e-6	6.98748235585035e-6	1.1982006486323165e-5	-8.186622648601575e-7	-4.7251030325508813e-7	2.819480721057865e-7	2.7571474443633195e-6	2.9618416774129748e-6	8.299033522362101e-6	1.251263501050859e-5	2.3431192474000415e-5	1.9030014516907085e-5	1.6716682538728966e-5	2.1765778945756996e-5	-3.6691599632925932e-6	-4.668439971881969e-6	-5.317541940647567e-6	-5.7716364006874475e-6	-6.095477798368783e-6	-6.55023471799482e-6	-7.344515115942363e-6	-7.89798535262337e-6	-8.285857177662529e-6	-8.324517169044294e-6	-8.081004454533428e-6	-7.621338312148858e-6	-7.225809732456514e-6	-6.8199512530448165e-6	-6.14241747022985e-6	-5.683722785317444e-6	-5.282135403667372e-6	-4.819323386859957e-6	-4.148956559024713e-6	-3.640860285944572e-6	-3.170936706002855e-6	-2.6308935204938074e-6	-1.548528763772411e-6	-3.4869548062264064e-7	1.1079812144353877e-6	2.5063425984166155e-6	4.205905148357055e-6	5.92660288850096e-6	7.535580442778045e-6	8.93738864941201e-6	1.0215780190071994e-5	1.068849661082198e-5	9.932733267980798e-6	8.118370916214727e-6	5.822199923528415e-6	2.941038021809833e-6	-1.6240415780038268e-7	-4.136638531886724e-6	-8.760457309065254e-6	-1.3840014130024993e-5	-1.9602617994486714e-5	-2.608995017435307e-5	-3.2688730031947826e-5	-3.8812311694332176e-5	-4.415328685340383e-5	-4.842397618295974e-5	-5.152874725322903e-5	-5.3319158011731164e-5	-5.417984232792102e-5	-5.4382813244485705e-5	-5.4525753081117794e-5	-5.452698002134473e-5	-5.4680404648929746e-5	-5.5161043317799024e-5	-5.6054683718373925e-5	-5.7184204180397524e-5	-5.678484145607294e-5	-5.459156971327473e-5	-5.1168705366090225e-5	-4.874580809787954e-5	-4.81582931899366e-5	-4.870599214873764e-5	-5.0024652053911266e-5	-5.138558255405516e-5	-5.256433809492958e-5	-5.3137334839798876e-5	-5.3445446484132246e-5	-5.377813959835256e-5	-5.438459474876926e-5	-5.531421087582892e-5	-5.6411981104154786e-5	-5.779691953996448e-5	-6.077561032822416e-5	-6.140778224706295e-5	-6.168824156519003e-5	-6.301019318798534e-5	-6.48361498848654e-5	-6.649571954795547e-5	-6.760005492304687e-5	-6.821122308975727e-5	-6.832036102649155e-5	-6.825036673273132e-5	-6.846024288707352e-5	-6.90326297571534e-5	-6.989607466688846e-5	-7.067916736473902e-5	-7.118793400079083e-5	-7.112381467650852e-5	-7.082392018943997e-5	-7.096412824242267e-5	-7.159915652288844e-5	-7.292677919858756e-5	-7.50159238914938e-5	-7.769577161813188e-5	-8.064531522961125e-5	-8.393620679606248e-5	-8.739801642541315e-5
-4.849439141712286e-6	-2.515498103576098e-6	-2.4179902158659287e-6	-9.653376111067567e-8	-6.914416547533617e-8	1.4482532609968947e-7	2.819623326872988e-7	5.557827018539698e-7	5.276258775874042e-7	5.642888736819365e-7	2.312434061622353e-6	4.160538494240153e-6	4.191691527865896e-6	1.9748376906180895e-6	3.6502549909718534e-6	7.713614759403701e-6	1.9525563741954987e-5	7.994532519327074e-7	-1.9406086348522323e-7	1.2257771134683589e-6	-9.18325575034577e-7	2.1765527246138817e-6	5.257257345047447e-6	5.9738906831953485e-6	1.0677134606829297e-5	1.1072841017435291e-5	1.70524953770842e-5	1.9608491429097698e-5	-5.972062550212219e-7	-1.3561831263328287e-6	-2.0843587200017712e-6	-3.0004479955158115e-6	-4.235812749327206e-6	-5.135420990729335e-6	-5.642829769383938e-6	-6.047829393682956e-6	-6.336280888136306e-6	-6.410427891653412e-6	-6.39928388294618e-6	-6.57100138283127e-6	-6.572046720358882e-6	-6.4706475714888475e-6	-6.351495584155887e-6	-6.24034885162968e-6	-5.975871878354585e-6	-5.453760056702597e-6	-5.000332520190703e-6	-4.3802226528126455e-6	-3.6956858584276527e-6	-2.787815144726023e-6	-2.003414791568322e-6	-1.3503341018134408e-6	-6.37829712151958e-7	3.380195696371798e-7	1.768840243639993e-6	3.2487565064839147e-6	4.984026465664463e-6	6.614474476761051e-6	8.456349239974208e-6	1.0395822656080448e-5	1.1814781474597916e-5	1.2983984846530846e-5	1.2921900536917383e-5	1.2147183617629569e-5	1.0227894692690833e-5	7.952131612011689e-6	5.231999704559333e-6	1.6908913132941054e-6	-2.7189085420630584e-6	-7.776244810160887e-6	-1.369303695684113e-5	-1.987672779013767e-5	-2.6105158208648393e-5	-3.230314388638666e-5	-3.8188630038399904e-5	-4.340732450346091e-5	-4.763348625689781e-5	-5.090905201788899e-5	-5.317167733796867e-5	-5.4535441908328214e-5	-5.498023692190442e-5	-5.502328010561843e-5	-5.443659068662799e-5	-5.39557241471514e-5	-5.371222338067919e-5	-5.374155532409969e-5	-5.442750898581981e-5	-5.495056812438747e-5	-5.4619717534595136e-5	-5.3072664593115196e-5	-5.067495563061572e-5	-4.8924466769736545e-5	-4.830681624459952e-5	-4.855710791945247e-5	-4.926453066716251e-5	-5.011915863922147e-5	-5.069040393954744e-5	-5.114302836132465e-5	-5.176959350951184e-5	-5.27269701775875e-5	-5.391674237710317e-5	-5.525055315471576e-5	-5.652198792339177e-5	-5.7950048457676076e-5	-6.040856021126531e-5	-6.0870937570419364e-5	-6.0810856211723546e-5	-6.15544662290142e-5	-6.296400904489248e-5	-6.41595748762075e-5	-6.472403609283055e-5	-6.497524403300029e-5	-6.506319295665925e-5	-6.532881551946334e-5	-6.57778339538837e-5	-6.651589735297395e-5	-6.755552252549435e-5	-6.850735660805389e-5	-6.892410027757665e-5	-6.922050481917094e-5	-6.989326433986826e-5	-7.096972105756244e-5	-7.291460171966974e-5	-7.537091299093237e-5	-7.856560997125586e-5	-8.2315397204576e-5	-8.633154678958576e-5	-9.087472244522366e-5
8.017071101225386e-7	5.501190219215501e-7	-2.0626812334836403e-6	3.8951176871426536e-7	4.5261265472063114e-7	4.6110932770476124e-7	2.279714373615177e-6	9.615838938986784e-7	2.6722110749767016e-6	4.677740762854522e-6	4.740763248309524e-6	6.873803598260553e-6	6.775839343362014e-6	2.8375841015750773e-5	5.405655691608858e-7	1.9024354710577831e-6	3.0091590774039166e-7	4.6371520165061435e-6	2.3201871301614283e-6	2.6174154276007453e-6	5.378148476962199e-6	7.3959462952619506e-6	1.3918047439204486e-5	1.8170936429876103e-5	-7.415984199927566e-7	-4.349861960782815e-7	-2.098633142554084e-7	-3.4301791499620764e-7	-9.717461686511194e-7	-1.8136409131970575e-6	-2.5939605516260935e-6	-3.3940833203154248e-6	-4.077983842071053e-6	-4.733719399203711e-6	-5.336010732366511e-6	-5.7622802867789244e-6	-5.949712954689826e-6	-6.107008517151192e-6	-5.998781336572054e-6	-5.729522933878571e-6	-5.460017409167551e-6	-5.290945965564397e-6	-5.465357938774231e-6	-5.5630215263314045e-6	-5.226466050034875e-6	-4.822328684921351e-6	-4.204943529208623e-6	-3.5410252208172954e-6	-2.8601514592720004e-6	-1.9002758352342029e-6	-9.244488836198837e-7	-3.228351924263145e-8	9.755794559667536e-7	2.252585195164548e-6	3.6987199451498872e-6	5.241086384030665e-6	6.82256795995253e-6	8.565132534050476e-6	1.0168410110477413e-5	1.1519744510104726e-5	1.2814680173783957e-5	1.333909625642342e-5	1.3045420982576945e-5	1.1823136257908953e-5	9.762148275525829e-6	7.436080069111648e-6	4.5907622666586565e-6	9.937566412403535e-7	-3.4025648482129676e-6	-8.352917290617532e-6	-1.380285878233809e-5	-1.9456453056211767e-5	-2.4957250538710233e-5	-2.9911406705396417e-5	-3.4834665476557e-5	-3.9719220017960574e-5	-4.423597278382265e-5	-4.799429756112349e-5	-5.066877604860943e-5	-5.2483960182876085e-5	-5.32992590363282e-5	-5.357412499995543e-5	-5.3343240364272615e-5	-5.281362279168598e-5	-5.221352142505351e-5	-5.18152306184128e-5	-5.189724444127836e-5	-5.245426375468279e-5	-5.311571668104067e-5	-5.304261473966382e-5	-5.210761459136995e-5	-5.0380297523298196e-5	-4.8824227775000594e-5	-4.808781047073844e-5	-4.778432477928199e-5	-4.7866739126590125e-5	-4.809322518431477e-5	-4.8514761266655985e-5	-4.935127427722555e-5	-5.0561501568705805e-5	-5.200620835656028e-5	-5.351754297542772e-5	-5.4890088469310556e-5	-5.591400115269917e-5	-5.703373132005907e-5	-5.859520033677293e-5	-5.883082892028322e-5	-5.8864409657630136e-5	-5.9392640706796554e-5	-6.031988663746774e-5	-6.093229219108576e-5	-6.13673888678674e-5	-6.164166316572131e-5	-6.19066233871425e-5	-6.238522410381301e-5	-6.324643333272304e-5	-6.444802612762582e-5	-6.584833375475958e-5	-6.672687736894499e-5	-6.766324909222122e-5	-6.888237668446995e-5	-7.054396409053495e-5	-7.293357001044354e-5	-7.566424106998735e-5	-7.908774439637655e-5	-8.340135685564853e-5	-8.806253766728968e-5	-9.291058403664232e-5
