9.850399574200171e-6	9.618262851555043e-6	9.371347455003387e-6	9.21913010752022e-6	9.102551518480033e-6	-0.003617533943332995	-0.004295575031255981	-0.004987958068419616	-0.005687273197955044	-0.006423428998743211	-0.006610506190233432	-0.007422158370656144	-0.00809950056862866	-0.008895935140080639	0.005720210891985753	0.004998916056606286	0.004228634206159405	0.003401957617147897	0.0025146399080333325	0.0015706387395877386	0.001139288767115394	0.000133647715675257	-0.0005837961790548273	-0.0013160320868726703	-0.0020626405247944238	-0.002821216494293975	-0.003587688420811509	-0.004043940278890294	-0.004813935121737195	-0.005279561056019314	-0.005748574054556302	-0.006219795660547885	-0.006688901656136811	-0.006898600528815108	-0.007363068868062081	-0.007585769049050543	-0.007812606226500199	-0.008038164496736085	-0.008071150770941171	-0.008099339497941286	-0.008297449335556706	-0.00834138278230477	-0.008270430272949904	-0.008362754399406496	-0.008357761773042	-0.008381551285217708	-0.00842439169935041	-0.008461292824046852	-0.008427846536580741	-0.008412245811157095	-0.008328360797440948	-0.008184421348995531	-0.00796523274172948	-0.007633531398393715	-0.007142254991817635	-0.006530017101563096	-0.005605497565511484	-0.0003670418474981683	-0.0004802704048467249	-0.0006165929978512584	-0.0006195320163860199	-0.0006639291974295014	-0.0006557468037318475	-0.0005121737163014166	-0.00042375717949819206	-0.00030909517728962364	-0.00014964576369473948	-5.053847481707437e-5	1.4701000607964725e-5	5.0553204611889235e-5	6.279693883681864e-5	6.990976632508868e-5	7.548283627542211e-5	7.863587712917986e-5	8.203325553663133e-5	8.847769308644505e-5	8.757336290189068e-5	0.00011636126703267484	0.00012955547579892974	0.00013031878526722763
1.1088023513459058e-5	1.1033123495721254e-5	1.116670220272925e-5	1.0864215765072617e-5	1.1376055625334496e-5	-0.0035141698732810635	-0.004227944549433631	-0.004953355272503053	-0.0056823691270022755	-0.005922178825343138	-0.006753814965719954	-0.007464120831967185	-0.008281237746134576	-0.008926081469817016	0.0056925168516697745	0.004951037223766989	0.004164487173056507	0.0033300657263188086	0.0026617874633313473	0.0017216524322054528	0.0007539133614880815	7.18930934470848e-5	-0.0009153394512253911	-0.0016063869679762233	-0.0023023567838902728	-0.0030001701441121045	-0.003696548765879041	-0.004386177454001206	-0.004767698252965461	-0.005433269369169996	-0.005802102446034725	-0.006165342321780949	-0.006268538577781553	-0.007033384468202126	-0.00717367888654577	-0.007617994915459358	-0.007768121522498148	-0.007662393126965299	-0.007832657417599765	-0.0077800362009155695	-0.00776356724799463	-0.007761741097806019	-0.007797934001000464	-0.007699864177369212	-0.007819719639531115	-0.007813377416035333	-0.007707877693529265	-0.007755753726410032	-0.007287599236494797	-0.007267227466981574	-0.0072597453364907066	-0.007257215821856793	-0.0072569086570714305	-0.0072094822951403615	-0.007086040192711049	-0.006854116754906606	-0.006407499414252347	-0.005743608387661868	-0.000259569676544073	-0.000391333154467478	-0.0005316812756193807	-0.0006294804773265248	-0.0006703345691504685	-0.0006551101366890559	-0.0004923143329271597	-0.0003883033363027835	-0.00026184507291984185	-0.00015181942960350842	-6.18804235390809e-5	1.42148244100443e-5	6.0833271963157315e-5	7.94801423196898e-5	8.9015997741344e-5	9.626557008625477e-5	0.00012256261306631865	0.00014146060170232112	0.0001467611539692926	0.00015087461548698202	0.00015197197688029645	0.0001520796339451874
1.2550888001139802e-5	1.2825397056527283e-5	1.2800480048869787e-5	1.3125936826479414e-5	1.3409029693794568e-5	1.3736844450652928e-5	-0.004241719129794722	-0.004999763633683557	-0.005186180441848052	-0.006020152549934297	-0.006855503883972167	-0.007690684440649971	-0.008519019565664724	-0.00914825584121773	0.005538441973456079	0.004771807795505994	0.004179513369450497	0.0032986938107039954	0.0021210223769922384	0.0014678176245581695	0.0005234793752180147	-0.00043244776400174845	-0.0013919442004214496	-0.002031963943274858	-0.0026582490565500018	-0.003289450983065019	-0.003907399425106239	-0.004506963635612744	-0.00536629035387065	-0.00570687918369574	-0.00604140054920558	-0.006368163194783004	-0.006683912499100273	-0.006984847138624295	-0.006988593969756481	-0.007266599678165954	-0.0072785283831526505	-0.007073204353755637	-0.007129787240254022	-0.0070040447890114595	-0.006923300296505885	-0.0068841738001389	-0.006868186680196223	-0.006719980614869302	-0.006620341912626781	-0.006551009333210175	-0.006500024560016145	-0.006461728233958243	-0.006359737333261194	-0.006324855235506748	-0.00635622451372236	-0.0064571169858308386	-0.006608595009723111	-0.006306866665526013	-0.0064617762316107	-0.006548867344258022	-0.0065197709276757975	-0.006314292823858963	-0.0058294558713106485	-0.005022554750992567	-0.00034527559320205944	-0.0005098055523178836	-0.0006150223928966713	-0.0006561100319873481	-0.0006375852682530234	-0.0005721629160354378	-0.0004769795776021452	-0.00034308060633376526	-0.00019793951658038784	-6.76456562827239e-5	3.1194085162449704e-5	0.00011447816536843745	0.00015544726800817456	0.00017318978208372658	0.0001790512113055421	0.00018233553596013743	0.00018207318790171612	0.0001817418715761567	0.0001777945376088183	0.00016829322815176557
1.4191625550097845e-5	1.3950754832507177e-5	1.461676700982664e-5	1.493193322707043e-5	1.5667708109491288e-5	1.5978122694519416e-5	-0.003700867491767169	-0.004562590064493858	-0.0054291285049477885	-0.006301008819836046	-0.007167406689547671	-0.008004647545477334	-0.008822725026383512	0.0062291580939675874	0.005516711999037416	0.004661705282194485	0.0035457194783041434	0.0026380015779759137	0.0017191823688051425	0.0007915135753954864	-0.0001415644998603798	-0.0010742718394766545	-0.001997834864740315	-0.0025929246511687785	-0.0034599974729120856	-0.004195230710122249	-0.004825727989794007	-0.005426095059334602	-0.0059890493838505535	-0.006183715009604688	-0.006364374449639234	-0.00683035789732717	-0.006961245066834325	-0.006807251583167149	-0.006919543133990847	-0.006790592675454219	-0.006690223072785717	-0.006621015307671041	-0.00639004956614017	-0.0063760165544444755	-0.006218765314283742	-0.006094163085172611	-0.005854847799786762	-0.005771035146611401	-0.00554170671868457	-0.005336596756914541	-0.005080219344792915	-0.004983132211011055	-0.0048950415319328824	-0.004899418533193576	-0.004995071538705725	-0.005121065071763149	-0.00536388151170324	-0.005612871954013223	-0.005902129299049356	-0.005799245140996802	-0.00605506477093988	-0.006205960689762935	-0.00618137614396693	-0.005862239549095395	-0.005185000074346064	-0.00021466581706825578	-0.000487070878657785	-0.000621539946714922	-0.0006750646834234549	-0.000695834321861913	-0.0006178504814280912	-0.0005707370038767548	-0.00037470727681665586	-0.00016218971769032525	1.65980813336731e-5	0.00013611696179419285	0.00019777639094383672	0.0002149647417511935	0.00021799272554332051	0.0002183978458940871	0.00021639289618632668	0.00021073682056026258	0.00020055916189821126	0.00019101263400996414
1.543275578767669e-5	1.5404579187957767e-5	1.5527777959407356e-5	1.6681551294253946e-5	1.6799570506175873e-5	1.716097386262471e-5	-0.0038811966906636963	-0.0047702997903832775	-0.00577641870836254	-0.006683665824115389	-0.0075718643345639314	-0.008436292656796759	-0.00923754478528127	0.006105477309444527	0.005057448522763265	0.003940072196635633	0.0030255915988032876	0.0021068109310619565	0.0009012642614423626	-2.88413783713786e-5	-0.0009515310478320352	-0.0018620805840417838	-0.002749900880948019	-0.003859565458939697	-0.004443611775801232	-0.004967642713708771	-0.005772976996542024	-0.006165788121676617	-0.006532431050677611	-0.006536269837933268	-0.0068042569244164824	-0.006748996291787001	-0.006680807633229205	-0.006614999389416145	-0.006355155686127463	-0.0063387156617516725	-0.00615616471094777	-0.006005789361089064	-0.005724080420277669	-0.005471600123439106	-0.005370497724823696	-0.005016508021240342	-0.0047768284339832455	-0.004434393646672765	-0.004134456852205458	-0.003884796595231768	-0.003713492189525342	-0.0035789402724226635	-0.0035481868963765126	-0.003602812313369392	-0.003684781455840246	-0.0038831557169000416	-0.00410191620980226	-0.0043903287011199344	-0.004732635137668334	-0.005119859853907822	-0.005539566619811992	-0.005932286292249026	-0.005824058867136621	-0.006266579172168704	-0.006280298075917265	-0.005776621504504131	-0.0001351808209160342	-0.0004454855635457252	-0.0006522125512904243	-0.000852888094314836	-0.0008218066465315369	-0.0006855624689081695	-0.00048406219036146666	-0.0003278087712498133	-8.893073564476353e-5	9.208185380295889e-5	0.0001979704932261636	0.00024295779092531138	0.0002575578417273584	0.0002528688094455815	0.0002462043544852743	0.00023884257870132705	0.00022725927115124924	0.0002153556085623374
1.5612397255363972e-5	1.6431423831538993e-5	1.7186288666568247e-5	1.764732918127919e-5	1.830104074551962e-5	1.8476000203681267e-5	-0.0041991920999121845	-0.005133610164570917	-0.006066253668694414	-0.006987643438979123	-0.008055381150188265	-0.008614744915382229	0.006557295587743678	0.005670143846393651	0.0045509369510586825	0.003372739324351031	0.002149365368759351	0.0011878147422391342	-7.0951215748753e-5	-0.0010213329567946047	-0.0019472211094136173	-0.0030142184887456554	-0.004008222216671757	-0.004936449676556418	-0.005774980989155009	-0.006139007656928663	-0.006749520205664317	-0.006883799965175202	-0.006853981844984924	-0.006884452286348813	-0.0066168828891546095	-0.006571623358931033	-0.006317096757741648	-0.006122363303578766	-0.0058195293430113185	-0.0060393918906995695	-0.0058244289368631725	-0.005623415453430669	-0.005284210820463128	-0.005068299609126754	-0.004697607280373058	-0.004299520758958355	-0.003817426328942417	-0.003404923686018822	-0.0030934428661499825	-0.0026947243385834884	-0.002523863590254865	-0.002476531383227896	-0.0024263537944303804	-0.0024786738333043134	-0.0025841634475462093	-0.002715014727325647	-0.002907499156919127	-0.0031647611663961736	-0.0034929204679983567	-0.0038544656100231306	-0.004299877421416473	-0.005091822544102894	-0.005759726158211578	-0.006344120225488465	-0.006306443469931307	-0.006385554613922274	-0.0060332812210294445	-0.0001800870567290843	-0.00047644853371358784	-0.0007614732165116565	-0.0008137771938214719	-0.0008811743117233057	-0.0006994293997943641	-0.0005630015618154768	-0.0002750210497416703	-2.7661903755581594e-5	0.00015071021658447691	0.0002473700277197442	0.0002807901040049434	0.00027801566685292737	0.00027293506837447907	0.00026567582492773587	0.00025443712133358895	0.00024275511294533558
1.667830708003407e-5	1.68578588789973e-5	1.8359395544816547e-5	1.8710653131934728e-5	1.8860796541022755e-5	-0.0035450940316727854	-0.004495326985962566	-0.005573393027503197	-0.00653869880099981	-0.007473440420670428	-0.00826953903055798	-0.009300728319353925	0.005972130561727645	0.00482132179279492	0.0036088605289174873	0.002625698045001512	0.001359766864038851	6.763034373798648e-5	-0.0009114178723510619	-0.0023727538297152054	-0.0034341163519241583	-0.004855600442182113	-0.005763394393481499	-0.006543488105759581	-0.006777796968094412	-0.007255589743058586	-0.007543472019584315	-0.0073511719931249105	-0.007116073531536341	-0.006795891894694156	-0.006375209712740595	-0.006290749441205513	-0.006167874982265864	-0.005950636412300106	-0.0057788854271726645	-0.005499518296627215	-0.0052264180948385685	-0.00493615726258842	-0.0046010414363725416	-0.004121315042882085	-0.003625891749714053	-0.003169755459977838	-0.0027916360668845328	-0.0024586680999670483	-0.0022103714183782856	-0.001993490960259591	-0.0018476104079637732	-0.0017923754837702568	-0.0017099341861701476	-0.001698766911597485	-0.001607195554014053	-0.0016897918216421946	-0.0018309907753550872	-0.002028354855812353	-0.0022882853394543224	-0.002772410123505116	-0.003297504862832018	-0.0038707045690040114	-0.004529019148257023	-0.0052356129451220715	-0.005920975390825256	-0.006542819321904203	-0.00648666289073859	-0.006336191247567657	-8.336451484680872e-5	-0.00047815352036513123	-0.0007975659250615496	-0.0008464897060072474	-0.0009042874248480788	-0.000691703368626099	-0.0005250478068456175	-0.00021546856453070787	3.620815648591778e-5	0.00018792409695878381	0.00027638167394565934	0.0003078320263160564	0.0003016464842148783	0.0002955634696195924	0.0002786716624554369	0.00026720924004492894
1.753082213741963e-5	1.808512852792215e-5	1.9111007317684565e-5	1.9364107475726476e-5	1.913594508478389e-5	-0.003864922344573711	-0.004953673137127626	-0.0060855565447131155	-0.007068745251939788	-0.007730461985424115	-0.00900427846567907	0.006404105244441133	0.00525416451606144	0.004032843946696679	0.002755340915439839	0.0014407261668866712	0.00010001874824763049	-0.0013528034233651288	-0.0024624619925118045	-0.0039497333589778635	-0.005375024023626317	-0.006235963522480719	-0.006929914864021192	-0.007443762312984814	-0.007771162738177796	-0.00793874626877506	-0.007950679743690039	-0.00758856726410069	-0.007762837042329758	-0.007323661035141983	-0.0068546670287914155	-0.006334188447096877	-0.005825905999928778	-0.005503996417008575	-0.005266052667132414	-0.005006807065264761	-0.004641423082052871	-0.004204553052223518	-0.0036815217524904286	-0.0031078272520555505	-0.0026164579776877476	-0.0022311280022163397	-0.0019432862963991383	-0.0016980984657228233	-0.0014791578046141449	-0.0013397385508387438	-0.001230067639642978	-0.0011507304675360385	-0.0010906153625223163	-0.0010389538606027993	-0.001025839789636028	-0.001049791579953991	-0.001113653939487783	-0.0011823431882837185	-0.0014024304723582312	-0.0016912250346522383	-0.002081063498241709	-0.0025913829186184553	-0.0031950461527289874	-0.003948393988262507	-0.004780364062489999	-0.0056628152256202186	-0.006490530132278233	-0.007034594116162713	-0.006510154943703272	-5.127072341350955e-5	-0.0004953372229329369	-0.0006890025132201245	-0.0008748361314734896	-0.0009017427571844256	-0.0007890145265557869	-0.0004579895984676159	-0.000198516076780089	7.785232000053445e-5	0.00023745471575705688	0.00030710696345027325	0.00031791421836103073	0.00031710887480964847	0.00030491366008447674	0.00029495641963195963
1.8721655697343297e-5	1.8849461091661507e-5	1.9065856433977377e-5	1.969411019486246e-5	1.987674079606986e-5	-0.004332416589486396	-0.0054792053675243955	-0.006042691401636263	-0.007368717014290252	-0.008503258424056885	-0.009791619009979062	0.0056513508750803635	0.004408600154159892	0.0031058934327463216	0.0014532629251822503	5.086507984978381e-5	-0.0015314198908809237	-0.0030989999503804157	-0.004156160217241811	-0.005561387911134758	-0.0068129641577736625	-0.007422401249770737	-0.008228408886620532	-0.00842204406117972	-0.008460741585351924	-0.008365316438804707	-0.008548467441631765	-0.008258327024579378	-0.007850720977772957	-0.007276326275391513	-0.006708119832672196	-0.006148247213692931	-0.005693326174371168	-0.005333343539977169	-0.0049458140038532465	-0.004306186470750229	-0.003792925513178721	-0.00320234891992301	-0.0026251761874537057	-0.002145413807544559	-0.0017757725714739245	-0.0015013535088214773	-0.001281942013820591	-0.0010943071944302823	-0.0009486304201866937	-0.0008390078497173932	-0.0007580801259390491	-0.0006929642548816746	-0.0006326841475135052	-0.0006040526361682394	-0.0005727841599955076	-0.0005712669450839181	-0.0005947024185808543	-0.000667921435383959	-0.0007797799919860444	-0.0008723616349836817	-0.0011485240691606563	-0.0015328668254129456	-0.002033100203956537	-0.00266205340873668	-0.0035086381059304607	-0.004433402191735098	-0.005418094451704205	-0.006328636540048396	-0.006950721875257411	-0.006997829994193561	-6.261397026134123e-5	-0.0005376202336989935	-0.0008793614560794854	-0.000889098063126895	-0.0008885174699954115	-0.0007375547937208274	-0.0004725813526155611	-0.000115262591433146	0.00014225203666489464	0.00027517560639098263	0.0003338518621125556	0.000334975528465561	0.00033666419588503153	0.00032835022390629307
1.9409838263789965e-5	1.9186616406446538e-5	1.893930784435558e-5	1.974705284791341e-5	1.9921216293490796e-5	-0.004859459306755319	-0.005605292763566956	-0.006789303293042478	-0.008169032790653119	-0.00934574390492868	0.0060345358858340074	0.004764148218868341	0.003154134443609989	0.0017271362778448957	0.0002469723652422934	-0.001364188375523703	-0.0029549509776780466	-0.004474654019715276	-0.005875451795439208	-0.007099228733953269	-0.008119404517731656	-0.008887945568981702	-0.00939383679923758	-0.009392036280894203	-0.009862537617596525	-0.009516632879806199	-0.009044656957148105	-0.008460830381379538	-0.007790319936360526	-0.007175896489548619	-0.006562801536769507	-0.005846767143762784	-0.005281493902865683	-0.004751707843004827	-0.004167474790453216	-0.0035014993983941813	-0.0029333294877693324	-0.0023100750302317997	-0.001763748041205244	-0.0014123335005131181	-0.0011648699360320147	-0.0009799694799949327	-0.0008311394048441785	-0.0007080882696077171	-0.0006225408772295625	-0.0005619626260367727	-0.00045798369440000524	-0.00041056749377954045	-0.0003763635139731765	-0.0003343637985987984	-0.00028127469210498354	-0.0002619532475428694	-0.00025865215393236344	-0.0002788831810472581	-0.0003271437732638706	-0.000420142682420083	-0.0005731955481765724	-0.0007396635487482492	-0.001095116200990947	-0.0016699646485327732	-0.0023251552195325607	-0.0031466127364994097	-0.00412681214692708	-0.0052010643676448495	-0.006231690770093183	-0.006960210469876884	-0.007050710143368241	-0.00011279643524182688	-0.00060109345408365	-0.0009293825374616556	-0.0010723667696699295	-0.0010117693081783045	-0.0006657945879667818	-0.00037812609966353904	-2.415099118217993e-5	0.00018945296656970028	0.0003179054164907197	0.00035420271799298714	0.0003548133323564169	0.00035652391298815234
1.8962523968663033e-5	1.9143583157929612e-5	1.9014437604182875e-5	1.958114048408295e-5	-0.004212188416841189	-0.004955853303167866	-0.006355076633857945	-0.007609290118515066	-0.009035860490410622	0.006428953208638857	0.005137469827887686	0.003746866015950679	0.001990838222348025	0.00042440565801800433	-0.0016764527401334187	-0.0033271982106865424	-0.00489113447890881	-0.006316903098607849	-0.00801142238368262	-0.008999327794076594	-0.009764248833971492	-0.010318702001503343	-0.01080937550103836	-0.010881344562520327	-0.010531874730217975	-0.009790014569962459	-0.008802409938091515	-0.00796146252189472	-0.007117652113653073	-0.006266953685214598	-0.005616358763927095	-0.004967694448468124	-0.0043754712241043546	-0.0036832477516830866	-0.0029789700106274664	-0.0023574476424000476	-0.0017921766808230647	-0.001388185806516841	-0.0010815224327673043	-0.0008451641208269427	-0.0006749812028577421	-0.000552218763855687	-0.0004675535203574726	-0.000412802772163266	-0.0003790322633943054	-0.00034767061848112424	-0.00031884150441757	-0.00029411707964940403	-0.000226428560040617	-0.00018143383419267834	-0.00010607821546688069	-7.548389397118309e-5	-6.108854769190921e-5	-4.867068787091953e-5	-5.3375700561118925e-5	-0.00011524168284520806	-0.00021761722858255322	-0.00036141309727990374	-0.0006087520343887191	-0.0009761848482444909	-0.0014923208800054998	-0.0021862447465159462	-0.0030732548615610153	-0.004135979671494801	-0.005280536897129302	-0.006319155873630656	-0.007060711928327527	-0.0071519244596417305	-0.0001817483415611073	-0.0006796979310295906	-0.0009906516845828073	-0.0010840248697151546	-0.0009800176279414676	-0.0007080200249280527	-0.000279347977431982	2.5945689972966585e-5	0.0002516270224237396	0.0003499793994508308	0.00036879421941573247	0.0003672518730388248
1.9266302859268603e-5	1.8401358380746837e-5	1.8795475062872286e-5	1.945087095147613e-5	-0.004425033723600725	-0.005688388687178112	-0.007183827523580958	-0.008696890055453736	-0.009970942356088813	0.005537650899252208	0.004088112722814803	0.002261630963222272	0.0006056395455358119	-0.001570041024491635	-0.0032866083895021045	-0.005412607053286597	-0.0068949234153867925	-0.008183826049665242	-0.009718513510111795	-0.010525447630213541	-0.011159838693746529	-0.012001537363238977	-0.011969868758083107	-0.011342746196872982	-0.0101701013895391	-0.00865970658600397	-0.0074014095914035445	-0.005998100628626241	-0.001072518165105389	-0.001046160095781925	-0.001046827697498139	-0.0009046708926523575	-0.0007609104223078063	-0.0006241071032962312	-0.0004908632898813085	-0.0011255525694987664	-0.000861160035588647	-0.0006668242022693513	-0.0005435848010204631	-0.0004438471398966784	-0.0003811290584174663	-0.0003232137110226244	-0.00028419103109116766	-0.00027382316445379197	-0.0002545004640607916	-0.00023330306513900804	-0.00019711289862938796	-0.0001304437969729219	-9.276583388834409e-5	-6.027268117650497e-5	-3.7105612201719655e-5	-2.7430296949672666e-5	-1.752688183193791e-5	5.868031729406101e-5	6.883260146265278e-5	6.389317793308579e-5	3.477347536090451e-5	-3.940255924568855e-5	-0.0002605992742740408	-0.0004976871442378231	-0.0007862580677817085	-0.0013498046391945595	-0.0021088547045092303	-0.0031072296981888466	-0.004292810245184977	-0.005594909169925479	-0.006762982898779894	-0.007510946175000173	-0.0073191841913234044	-0.0006972515108466629	-0.0009283059854237364	-0.0012241848910300895	-0.0012618118058489727	-0.0010631829054707621	-0.0005960276129845267	-0.00022704101251468982	0.0001278082504953869	0.0003119989666937979	0.00037639762495410045	0.00038926062143631874
1.7746752245624362e-5	1.7770671323289985e-5	1.8599370382394113e-5	-0.003660009892432776	-0.005129449399097442	-0.006672859829332508	-0.008067933591295429	-0.009621117238652324	0.006181303939218297	0.00448009158131019	0.0028811352752044516	0.0008276993122396594	-0.001460517632351799	-0.0032841400350196144	-0.00552358319370513	-0.00709543946593809	-0.008935545507330573	-0.010052876809668805	-0.011354938744958566	-0.012398963351759728	-0.012716058743149145	-0.012351335681509479	-0.01135583999398002	-0.009907297335212915	-0.0014987455626865997	-0.0016194852304683175	-0.001616567833503317	-0.0015116142068806113	-0.0014708673326797516	-0.0012982854767523194	-0.0011016185476185783	-0.0008817785865934214	-0.0006996911431132735	-0.000522894543044061	-0.0004080437884226825	-0.00033751958111808734	-0.00029014337647073374	-0.00026055670680031126	-0.0002969050342630039	-0.000266134818216386	-0.00023955690609585344	-0.00020634996179561116	-0.00020194996428016596	-0.00019631445174965085	-0.00018379708624757283	-0.00013050504664322278	-6.747792821814879e-5	-3.731825472204771e-5	-2.693789639976802e-5	-3.664704070056962e-5	-3.381494318676785e-5	-2.3346476402709548e-5	-4.069486601847936e-6	2.4534003338696587e-5	0.0001302915067118522	0.00015202665003564883	0.00017331538621287812	7.895820969515276e-5	1.8160444283543378e-5	-0.00011860945654995378	-0.00035504427873616376	-0.0006820091855312392	-0.0012880024129605938	-0.0021491845821222867	-0.003288327696609396	-0.004632195382667151	-0.006104176350468528	-0.007392781838045712	-0.008073111160831311	-0.007641838581199503	-0.0009829990403005145	-0.0010524993894181895	-0.0012754708791952053	-0.0012453543000791162	-0.0009753820902872769	-0.0005769982440059552	-0.00010022554401148114	0.00020360459347203158	0.000353591271437239	0.0003925493343591898
1.7121325837232183e-5	1.8958664274637585e-5	2.0601494996258146e-5	-0.004444881519886562	-0.005851214352190986	-0.007490594544145367	-0.009133987088332633	-0.01050462013340863	0.004968096754491446	0.003303320421811506	0.0011452234950996524	-0.0008183109434763037	-0.0032649625217963116	-0.005671967610763669	-0.007344306592478064	-0.009296926199801563	-0.010809678692190119	-0.011609767638582616	-0.01277396457270238	-0.01282963104446772	-0.012244139242903643	-0.010452107744734984	-0.001988110414285428	-0.0022009860059554213	-0.0022172579306058804	-0.0020707664745104417	-0.001921067985451011	-0.0016682519193278612	-0.0013698214714239396	-0.0010343809839442307	-0.0007744265877126514	-0.0005931838265714386	-0.0004277236815639283	-0.0003332676009476747	-0.0002976733747043458	-0.0002832787568462969	-0.00027397874989418524	-0.0002704681321495381	-0.000245595902167917	-0.0002294415699670388	-0.0002060480421580636	-0.000187808960278066	-0.00018633452301082643	-0.00016735325295947647	-0.00010265656184682171	-5.3493596146806444e-5	-2.388030287248966e-5	-5.275594576676852e-5	-6.684000481972989e-5	-7.671460064100686e-5	-7.797274945651538e-5	-7.300881221674071e-5	-5.140986986474292e-5	-2.1192088661946094e-5	2.8972129375693135e-5	9.644878378597834e-5	0.00014916840101282872	0.00017845602042651932	0.00017864230140045333	0.00011193355201624635	5.765785286358376e-7	-0.00026089308569611166	-0.0006146438552162459	-0.0013139240578719106	-0.0023099695464348364	-0.0036342289630868687	-0.0051956951192433576	-0.006809674127787108	-0.008194616133960407	-0.008687317516387396	-0.007828044236142936	-0.001165142588108867	-0.0013764768444516717	-0.0015360248344704495	-0.0012135408815408155	-0.0008854035432227285	-0.0003706784926467914	8.53047249455214e-6	0.0002772361758670782	0.0003771007161463172
1.8101665517740782e-5	2.035607038893074e-5	-0.0037506160977315932	-0.005223283249573779	-0.006738711229786806	-0.008472629022737444	-0.009954236309425702	0.0055675958808921655	0.0038587518443694356	0.0016200107302846794	-0.0004869910722015047	-0.00313378008204922	-0.005770917843597978	-0.0076125915777106885	-0.009661488203612593	-0.011186511922091972	-0.011909604753073098	-0.012922159507968834	-0.01273590171458589	-0.011416705628586796	-0.0021359084722137284	-0.0026200418930840156	-0.002724130776987129	-0.00252791100844365	-0.0022960486266488506	-0.0019512491930743989	-0.0015930848604529379	-0.0011452098885468048	-0.000893106575826221	-0.0006226261033805642	-0.00036970802578516996	-0.00026522077864439146	-0.0002514788419208733	-0.0002616280416416555	-0.0002778463927790925	-0.0002940024100203102	-0.0003025444458620509	-0.00029639400437775343	-0.0002709305810406662	-0.00025069115460814214	-0.00021716132160298855	-0.00020077574384851614	-0.0001693011710990636	-7.992834299075237e-5	-9.678729643350264e-6	2.809857628271821e-5	1.536861660551705e-5	1.2524986780619548e-5	-1.518429338725567e-5	-4.21355636660816e-5	-5.908932517759862e-5	-7.239186241697891e-5	-8.875823589674091e-5	-7.53858511248923e-5	-3.693982722636106e-5	-1.0789859221632845e-5	4.961614583101542e-5	0.0001742806591922539	0.00031323214689398817	0.0003233228697401338	0.000248431844496196	8.472206997477507e-5	-0.0002527351358392591	-0.000635700437619116	-0.0014998573607918218	-0.002675441206434796	-0.004127953401741901	-0.005909318287972631	-0.007635234496289798	-0.008971819731163937	-0.009236530331963698	-0.0007699338727390651	-0.0015906859944477807	-0.0019344911621927531	-0.00161944663861554	-0.0012210348194375267	-0.0008035697785020359	-0.0002608044076036865	0.00013225833894472708	0.00033032699059278145
2.054526119273629e-5	2.206683195897374e-5	-0.004496043344584467	-0.006123019310858004	-0.0077791525314704155	-0.009391799780192505	0.006339117710093225	0.004607081177526073	0.002342534461365225	9.451677379594532e-5	-0.0027631750056534856	-0.00505042829652481	-0.007744507040325258	-0.0100157394197013	-0.011653964816984002	-0.012311493115334141	-0.013098775569383618	-0.01252399789797954	-0.0017289071083663962	-0.0026033014919848107	-0.0029903043303714165	-0.002962500882127006	-0.002639836011625809	-0.0021417596615733356	-0.0016817046404075991	-0.0011689925539583382	-0.0007905070992299447	-0.000595671991905184	-0.000347129766026922	-0.0002055382804705591	-0.00018725738859945044	-0.00022447536907353708	-0.0002574772942736355	-0.00028745884412001167	-0.0003126738584726235	-0.00033442864830171386	-0.00034813475420262407	-0.00031933224424687264	-0.0002758274185901181	-0.0001982046723585131	-0.00015085018074082528	-0.00010480221165287055	2.4176506650154954e-6	0.00010402496480265783	0.0001373073565416748	0.00013319055486614456	0.00012804539887750343	0.00011896065267841428	9.35744535020801e-5	7.183257146538738e-5	4.169479883522254e-5	1.170657393992824e-5	-2.5573593140229765e-6	-1.6322800579715823e-5	-1.1331316495090563e-5	-5.1333821175907036e-5	3.9585653116525544e-5	0.00016914796132112806	0.00032533613446421127	0.0005011020385841106	0.00048718683274296196	0.0004239296812983874	0.00020528570444857893	-0.00021329363690459596	-0.0008111895737052597	-0.0017701579088228163	-0.0030705302181807874	-0.0048034743756540845	-0.006688091893599676	-0.008590346588971953	-0.009711914043981723	-0.009536240710440238	-0.0013004252002812439	-0.0019479050658622315	-0.002186150054717291	-0.0015712260597757033	-0.0011037848316889467	-0.0005621974030314048	-8.730273246673033e-5	0.00022584773387323803
2.2962712436562782e-5	2.5232248515897522e-5	-0.005224458222778779	-0.006860645060124867	-0.008680023614126411	-0.010227289989330897	0.005381403076648543	0.0030610848809191162	0.0006164753027619315	-0.001959657155030912	-0.005140302889559803	-0.007528194700945373	-0.010140683991230671	-0.01203777117358526	-0.012768838657965645	-0.013350679665360915	-0.012235967226107291	-0.0020835538264539414	-0.0029320332741664392	-0.0030924305437726447	-0.0028902368589212852	-0.002402752461697241	-0.001851907010061253	-0.001169840040828913	-0.0007155448465927527	-0.0004423896054349388	-0.0002526753267807366	-0.00012906548943645806	-0.00010114396028313229	-0.00013500473306303607	-0.00020975225792332797	-0.00026320350138173983	-0.00029597408790809076	-0.00032249493066288984	-0.0003516417430952018	-0.00037402703007144417	-0.0003482258254343551	-0.00027274184246365055	-0.00019020080840405227	-7.284811965464775e-5	-1.524467260062748e-5	8.908909067301047e-5	0.0002322745488577304	0.0002517155330294949	0.0002285772966100074	0.00021831402563653123	0.00019843865815619054	0.00018731234637624228	0.0001823319712120084	0.0001725333241541839	0.00014431984347756962	0.0001277829891568717	9.026053307869591e-5	6.128659004843144e-5	8.659258967964099e-6	-0.0008751002442366325	-0.0012262989841434738	-0.0016723515075703827	-0.0021688299861711883	-0.002677863743102967	0.0007306066857136113	0.0007612687343019376	0.0006230729780473625	0.00031680503861663157	-0.0002053502619973763	-0.0009162437902853249	-0.0022373941213681713	-0.0036891178828068476	-0.005601612773787114	-0.007747986801216489	-0.00958229471267274	-0.01048780483054321	-0.009587235071667357	-0.001610662825353628	-0.002182479366537424	-0.002077820207315189	-0.001652865510516852	-0.0009788870107816988	-0.0004233530478051094	6.798297835462784e-5
2.6618170330210343e-5	-0.004358716815797784	-0.0060896236475510785	-0.007878863797291559	-0.009534289605731295	0.006166341009636557	0.004036367223437179	0.0018018932134444073	-0.001027584662726351	-0.003950104768228324	-0.007403958073854347	-0.00982887285788189	-0.012103952923963247	-0.01300234490510056	-0.01357664709521255	-0.012074628675933867	-0.002299418667133872	-0.0030811744786399084	-0.0031330222952746646	-0.002885398364839131	-0.0022882072951974195	-0.0013872263393559833	-0.0008929842866647379	-0.00039383403667967234	-0.00020344841246160828	-8.479179992162726e-5	-6.278402346590573e-5	-7.365962479761998e-5	-0.00012109936644542338	-0.00019966526525731003	-0.000270476994284128	-0.00029954272557468435	-0.00033214863669937144	-0.0003645617158127774	-0.00039502921415898864	-0.0003698088159186349	-0.00027669076121579966	-0.0001686600776611553	-4.1880444844741005e-5	-1.642247075303568e-5	4.424656507252022e-5	0.00016578474750586115	0.0001578743333549843	0.00013888485018346782	0.0001390225059246459	0.00013809433242424225	0.00013826802250978726	0.00012120433437572688	0.00014995762865620133	0.0001582259137816776	0.00017593569252482186	0.00018260095079760067	0.0001747146768228274	0.00012641234877376782	-0.00021970643575218421	-0.00040630409165610926	-0.000678604371894877	-0.0010755063552639365	-0.001562115685245189	-0.0021741832361109313	-0.0028692729100940396	-0.0036104109882922285	0.001080146248953344	0.0009231799666571855	0.0005054811708485331	-0.0001723050458308452	-0.0011655168185886193	-0.0027093018198918882	-0.004705182483826563	-0.006676091683554369	-0.008947976136758656	-0.01066399320518297	-0.011002872256233613	-0.0011664483937171269	-0.002146910713321848	-0.0024420409520128747	-0.002314069616021454	-0.0014784607929512073	-0.0007496290075460708	-0.00018118168350395096
3.0458393666436206e-5	-0.0050915147626179776	-0.0069611421381907635	-0.008633156593216581	-0.01062974030070347	0.005165420821814866	0.002875413506035297	4.854250036310532e-5	-0.003461463063340953	-0.0062239401974322145	-0.009279928877575339	-0.012172042475609943	-0.013351527917951344	-0.013261692637909602	-0.012146327143800973	-0.0023801237747467347	-0.0029606979031065158	-0.003041102632058909	-0.0027117534673241493	-0.0018067262241392669	-0.0011424341427322435	-0.0004945810258588735	-0.00016256891830713222	-5.922161477576026e-5	-3.466416511491032e-5	-4.311477989356272e-5	-7.711291631276891e-5	-0.00011165202144925941	-0.00018504351136693396	-0.00025932777199350846	-0.00029925902445728387	-0.00033822650505836336	-0.00037790837625282625	-0.0004119050994580917	-0.00038669223107943315	-0.00030139696615502637	-0.00021104109416411946	-0.0001220782186930175	-7.231140214916429e-5	-1.369901770978563e-5	0.00013691700213380755	0.00010096329954153158	5.4330241518332985e-5	3.23786994826667e-5	1.152374374411541e-5	7.739068198113526e-6	-1.2811565536535343e-5	-7.264761422190336e-6	3.76986981011126e-5	8.689735194425338e-5	0.00012811762385071953	0.00016183042728301503	0.00017634894959719826	0.0001421759888882527	1.737199773078808e-5	-7.766669740526728e-5	-0.000266965938888533	-0.0005312611346388783	-0.00092430609482786	-0.0014599896872320621	-0.002183463110204345	-0.0029464764520089745	-0.0038050065541181746	0.0013935257058834284	0.0012183616624520388	0.0006509429972238304	-0.00028097229817185916	-0.001499777490288844	-0.0035060975507134125	-0.005781591989651839	-0.00815977367987688	-0.010195713564387856	-0.011522628998665555	-0.011073624687555232	-0.001649674706654317	-0.002458202789510885	-0.0025661350782816886	-0.002141609108276266	-0.0012807913492666207	-0.0005123551015787581
-0.004043342873333716	-0.005891553548182559	-0.007878900890009559	-0.00973374220938588	0.006147894822156264	0.003918506154877072	0.0008739128976377472	-0.002292521640892267	-0.005615805847042579	-0.00906242428966421	-0.011635674388768552	-0.013581870747974283	-0.013710853517779025	-0.012458284548591951	-0.0023912797864985257	-0.0029668450724974	-0.002950877797773403	-0.0025262435796106356	-0.0015546221573196181	-0.0008934908449205417	-0.00030781648750455195	-7.044870133574154e-5	-1.1359905232766766e-5	-2.2181697853960877e-5	-3.786813609523838e-5	-5.731516752299993e-5	-0.00010881786550477072	-0.00014824839529487658	-0.0002409076336388159	-0.00028461853384633594	-0.00033015349632121413	-0.00038157519189588497	-0.00042305910030854293	-0.0004110957004304577	-0.00035319155474445685	-0.00030951734712257486	-0.0001857929021833409	-0.00010162399613623117	-0.00011740039206213559	-4.1510882669226346e-5	-9.85915745041832e-5	-0.00015003176045528277	-0.00016124754847607602	-0.00015990577661924006	-0.0001625975566772128	-0.0001618160154247616	-0.00016463013756807176	-0.00014417680776277126	-9.37183690373634e-5	-3.7710230605550704e-5	1.1096143975235832e-5	4.784277980578516e-5	8.066094776967187e-5	9.826863182987109e-5	0.00013354240732275393	0.00010302630506050602	-2.315354939610646e-6	-0.00014060621545034527	-0.0004130696219594755	-0.0007993344531405474	-0.0013523294510361062	-0.002076786791292835	-0.002928470295835947	-0.004090042025585315	-0.0053445047996949265	0.0014452042731261444	0.0007774786356202663	-0.00033629367134473337	-0.0020471325207320943	-0.004368683009936921	-0.007064343552876364	-0.00976592595397711	-0.011503682839301614	-0.012188771436528837	-0.010499407328796029	-0.002152122766101359	-0.0026700122226586114	-0.002418573926232318	-0.00184985199105036	-0.0009433712211752781
-0.004860536356524373	-0.006621342449119934	-0.008710671784649973	-0.010485734730887644	0.005080517656913388	0.0023490132444503424	-0.0010510612299051857	-0.00460674446062728	-0.00785235061463667	-0.011280020170558564	-0.013604020364572497	-0.014176896238947122	-0.013002561137168946	-0.0023415609804630895	-0.002996146481648241	-0.0028295794767779214	-0.0022096827935014648	-0.001437285226186386	-0.0005676823102635803	-0.00019434576603311602	-3.1247197738603954e-5	3.5842440488208423e-6	-1.1133969541388683e-5	-2.5974996376008852e-5	-5.430750012447244e-5	-7.069352551112673e-5	-0.00013611643957644912	-0.00020759102299781575	-0.00028415712232778787	-0.00031155359631005077	-0.00037390223572377997	-0.00042590443016469966	-0.00043960073222174353	-0.00042226359491182334	-0.0003951079571632381	-0.0003171075653780622	-0.0002724831170096474	-0.00023528095741171868	-0.00018648332035562157	-0.00022837250248382247	-0.0002950681121171491	-0.00034667800000068777	-0.00033597272831719944	-0.0003666564055530889	-0.00038187256684235344	-0.00037711982313399573	-0.0003375321502431318	-0.0002843270902477361	-0.0002365166184258147	-0.00017829664530157646	-0.00011752651842788988	-5.252324974790794e-5	-7.857054095995674e-6	3.5676189722947756e-5	8.84254302522882e-5	0.0001428920880366933	0.00012941689230552798	5.318162350693685e-5	-6.629795194836587e-5	-0.0002914020748983072	-0.0006825123894288066	-0.0012367547527026535	-0.0019967647440709913	-0.0030413173508207253	-0.004427320083793431	-0.005920210719087036	0.0016276599701442141	0.0007023152919363855	-0.0008312922507022589	-0.0029063873077488406	-0.005665262351620858	-0.008670094898861752	-0.011434450457368272	-0.012600198917176458	-0.012280918206133236	-0.0017995634632973865	-0.002792387779331988	-0.0028262238137987156	-0.0022333898648971328	-0.0014903694407774107
-0.005588499794763239	-0.007684267281068208	-0.009441837021326586	0.006260878429138514	0.003751742838272459	0.0005208144351912599	-0.0026911546863775944	-0.0061756729581391905	-0.010386272345487132	-0.013171948692995258	-0.014466349649436574	-0.013568037120711722	-0.002175728054968981	-0.002980128158604092	-0.0027604567414959594	-0.0021214958510231085	-0.001408663130972811	-0.0005984536159936672	-0.00011251598001523352	-1.4387972674611155e-5	-3.2835469964587816e-6	-3.1928809000838445e-6	-2.836598422223147e-5	-5.113541292194122e-5	-4.555554854613915e-5	-9.343546050584422e-5	-0.00018296816085850958	-0.0002725093358728348	-0.00031304926179723057	-0.00035540270817181654	-0.00041974083264981313	-0.00045947052115004853	-0.00048590041360245447	-0.0004939581897941439	-0.0004905036488908003	-0.0003818298979352874	-0.0003244841690909079	-0.0003211976325975179	-0.00035853138457121904	-0.00043077163266211664	-0.0004444696028302058	-0.0004267481669090924	-0.00043046448876678917	-0.00045186444120950736	-0.00041084135058426117	-0.00038777480754615995	-0.0003597538539490041	-0.0003472919803902331	-0.0003325933141407988	-0.00025483317838528066	-0.00017632615428656354	-0.00012559888317378268	-0.00011565752584991551	-5.0344958506329514e-5	2.987690419473599e-5	8.959842910659706e-5	0.0001284380341212886	0.0001476931159684255	7.468454928307911e-5	-2.901258568022258e-5	-0.00024090137962629735	-0.000612722282007411	-0.0012052711611106057	-0.002027241123368744	-0.0031968565634287577	-0.004790163694643629	-0.006587928884011355	0.0015793207561222797	0.0004582789541625396	-0.001398849693698193	-0.004013587281126203	-0.007238847481272734	-0.010477550222211807	-0.013128864933193584	-0.013538232790844722	-0.011572711066731836	-0.0027173540958610382	-0.003091041841130914	-0.0027429454874078273	-0.0018778872536618328
-0.0063814502563519105	-0.008334231066776542	-0.01046013939980418	0.0051279427122299754	0.0026172344422299492	-0.0009905165086482545	-0.0044922132510153276	-0.008959227211355494	-0.012286945364379059	-0.014452798738750182	-0.014226530901495778	-0.0017788032439614806	-0.0029905731579288213	-0.002919245078738081	-0.0024301273644223077	-0.0014090146532957663	-0.0005343985935125875	-8.789900728815328e-5	-9.570947362699673e-6	-3.200656944510767e-6	-4.21260751553658e-6	-1.8486869033924292e-5	-3.577681697966055e-5	-4.186367674055011e-5	-6.698522427546719e-5	-0.0001282954099859509	-0.00024026969576894082	-0.00031081483838982715	-0.00034043744630327604	-0.0004057613120102011	-0.0004584022911132524	-0.0005318591453281736	-0.0005944533205827322	-0.0005545637413794207	-0.00041099416484176256	-0.0003226667321400093	-0.00028375628524343903	-0.00033092691155080803	-0.00038807180445970537	-0.00039976715384009885	-0.0003827728938862412	-0.0003679161044637162	-0.0004062675951196901	-0.0003914243013217615	-0.0003633545640508243	-0.0002956501151788807	-0.0002678499036372675	-0.00024079453901614727	-0.00022875537992831193	-0.00019617698131080757	-0.00017350030690512885	-0.00017592001118589253	-0.00015786872903331603	-0.00010924508966129356	-4.514322096068453e-5	3.742277080969697e-5	8.884855655827355e-5	0.00012326406366738142	0.00012930804718785049	7.02902565637066e-5	-2.4744113628207188e-5	-0.0002181922327721417	-0.0006128147600596822	-0.0012796855383062332	-0.0022133167050259425	-0.0036372105754004292	-0.005474438283729978	0.0023701634978051654	0.001509916833388143	-0.00012143583965584792	-0.002591023792824179	-0.00562116644747076	-0.009139995322502752	-0.012560201194685882	-0.014508697827497977	-0.01343101571992427	-0.002098876479772378	-0.0031864679618031785	-0.003122038870563733	-0.002396575204513734
-0.007197829290246839	-0.009048974680377655	-0.011238775330642672	0.004214924238066142	0.0008745175376878254	-0.0025134829373212324	-0.007042570352114746	-0.010767963698627767	-0.013727489414814211	-0.014777727293456142	-0.012540488833641951	-0.002870099442406618	-0.0031399070137541215	-0.002604248179947336	-0.0012856047023881501	-0.0005974182432153117	-9.197072776268402e-5	-4.789197709229579e-6	-3.918594209709335e-6	-6.433521246284436e-6	-1.4476888567188351e-5	-1.9700230281958837e-5	-1.8653702753431476e-5	-4.469694677642892e-5	-8.729253635115196e-5	-0.00018658889022106273	-0.00029037684065908516	-0.00032885628908352083	-0.0003841045493101618	-0.00044669803776305363	-0.0005334398301664879	-0.000628326075646404	-0.0006083032514197388	-0.00046819105192040826	-0.0002956306420056054	-0.00024113605017935612	-0.00023786532870749894	-0.00023115952364226671	-0.0002195530643845904	-0.0002451603064582082	-0.0002597770435038448	-0.000299222857484004	-0.00028532937577515466	-0.0002636205382647059	-0.00022900988711946726	-0.00022014021357743023	-0.0001809304760227876	-0.00012780072957959066	-8.997922365379907e-5	-6.89093446856673e-5	-7.867491790662798e-5	-0.0001293502392177869	-0.00014975746197248545	-0.00013257573630584936	-7.944780581612303e-5	-2.240308937594544e-5	3.7097966156354466e-5	8.703764399192882e-5	0.00011223977356826997	0.00011230246999795452	6.043859403276478e-5	-5.132043681430988e-5	-0.00029651516474019584	-0.0007409002251088879	-0.0014496482335655519	-0.002590543858427774	-0.004205641949305423	-0.006195551782721434	0.0023495687518507906	0.0010536986538027676	-0.0009164963317481935	-0.004008366890201329	-0.007597426211489612	-0.01154101243546077	-0.014386739127853765	-0.01493920409553726	-0.0017006392338544214	-0.002806270259297129	-0.0034594290308839854	-0.0029076241846036116
-0.007732929688602038	-0.009934929623771228	0.005892868073125973	0.0029400472016758877	-0.0008670719659092945	-0.004601552761399189	-0.008538040007165492	-0.012824423278882642	-0.014476932576967657	-0.014103323425327883	-0.0019021423854450128	-0.0031757578461435116	-0.0028719923611138475	-0.0018669411478065613	-0.0005994358362610936	-0.00010169951326913439	4.523440350046768e-6	1.766244724717528e-6	-7.577273273526762e-6	-7.823765650535609e-6	1.971258763925359e-6	-1.4592983712565801e-6	-1.6334979407244003e-5	-6.178054488724391e-5	-0.00011910452410907782	-0.0002511304043387358	-0.0003109039576588278	-0.0003434504859452616	-0.0004273092742403692	-0.0005103503149544364	-0.0006258074490214023	-0.0006138346184131698	-0.0004976943091795662	-0.00033040537662763395	-0.00018018114766991592	-0.00021486436853926038	-0.0002079685304181692	-0.0001858601551173359	-0.0002523547542125321	-0.0002755583032395355	-0.0003004155272192988	-0.0002692203400113981	-0.00024085629200096265	-0.00021539712248187567	-0.0002095003973334046	-0.00018121363003844893	-0.00016421468497629033	-0.00014317841066605532	-8.596238175737861e-5	-2.9421416084293683e-5	-6.4386840449425605e-6	-4.4908016318037224e-5	-6.393622190249538e-5	-7.468276600930384e-5	-6.504824670019747e-5	-2.5944483942093428e-5	6.31178233750307e-6	5.385834267720143e-5	8.942492607459746e-5	9.702768978681146e-5	7.199211076450172e-5	2.559809143849062e-5	-8.094207758555038e-5	-0.00035042949502533824	-0.0008454145107065389	-0.0016959046463153962	-0.0031058304523216974	-0.00488534468614833	-0.007203326162950977	0.002090705698216645	0.0003609999440123764	-0.0023290500323020426	-0.006039910707975532	-0.010081793734871197	-0.013751342268842982	-0.01571662863412035	-0.014073674294524257	-0.0027788996944255965	-0.0034321478166967102	-0.003167510603704919
-0.008659088833179812	-0.01102279640648603	0.004769891632942494	0.00127462119692894	-0.0023054150482583564	-0.006280393673287511	-0.011065936700621753	-0.014030955626192432	-0.014590004779836031	-0.012282259946667292	-0.0031224174704421316	-0.0033354773402871065	-0.0021325672579031473	-0.0010009387467230905	-0.0002140484388358389	1.0219124091086316e-5	7.733077405413656e-6	-8.25317954805632e-6	-4.1366708774179505e-6	-6.93201756355179e-6	-6.669211136549218e-6	-5.25246961752358e-6	-4.663633397539822e-5	-8.295870716594488e-5	-0.00017083772181916397	-0.0002962987850464983	-0.00032338269139514344	-0.00038292202955565464	-0.0004766996610994865	-0.0006098675366824451	-0.0006157108556632939	-0.0005434689249286248	-0.0003688256490333818	-0.00021896912993204013	-0.00014220617632880976	-0.00014958011767217345	-0.000161275712353609	-0.00021055776032055076	-0.00023780506292829458	-0.00023409106628974078	-0.00024285870212408997	-0.00022788086274529162	-0.00018335772452548313	-0.0001528924183888624	-0.0001418592809273058	-0.0001428507419874261	-0.00014680036284477781	-0.00015002946600043766	-0.0001370186381538428	-0.00010440074063958059	-5.421440586812223e-5	-2.6905389191370545e-5	-8.803267026523043e-6	-1.8308617683571414e-5	-1.271544248052784e-5	-3.745916094049893e-6	2.3113598515772202e-5	5.055887689138681e-5	8.042077362099582e-5	0.00010117487950433892	0.00012075596481355505	9.81368851522593e-5	4.7882575388685306e-5	-9.401483286749535e-5	-0.0004509962161690788	-0.001017610086810302	-0.0021451229972341535	-0.003686008495805295	-0.005872075479732944	-0.00827787863872247	0.0016475421951818233	-0.0008805201529417466	-0.004248437156688297	-0.008634202107762324	-0.012883885106226546	-0.015840245679420998	-0.01593922194722094	-0.0021259045431517615	-0.003530068754138617	-0.0035472228625848864
-0.009616958704135698	0.006502154614852782	0.0038903875629528826	5.8920283108255485e-5	-0.003801408039124422	-0.008807463361309617	-0.012572902320704573	-0.014722933998702116	-0.01359832732174237	-0.0020072988407232616	-0.0033174742667261706	-0.002833190233558852	-0.0013196347078010746	-0.0003619713142685043	-1.2695721604289066e-5	2.1960320200948858e-5	4.715162953256076e-7	-7.348349065956172e-6	-2.074285885372769e-5	-1.0471254268624253e-5	-1.136950592173537e-5	-3.0430235663284495e-5	-5.563905098277582e-5	-9.722977836519938e-5	-0.00023832711625182418	-0.00031395286479421176	-0.0003511372461185834	-0.00043869152598163233	-0.0005550997363944635	-0.0006257997818200078	-0.0005849946486296544	-0.00046719569993425997	-0.0002709306357995476	-8.119311074519801e-5	-0.0001262445984991855	-0.00014569266105288718	-0.00014380956082630416	-0.00015128202520672238	-0.00015688130257856126	-0.00017451408286266407	-0.00014949578062692126	-0.00011969586575274652	-0.00011760881679832937	-0.00011984084280481993	-0.00013204742194889294	-0.00011887832073638181	-0.00010486978610749835	-9.905750259727198e-5	-0.00010303458449175222	-0.00010569344438649835	-9.486662225951607e-5	-5.1472005791258435e-5	-3.925177868377716e-6	2.6374611872345937e-5	2.2083997062041764e-5	2.4165082319266197e-5	3.511726457214341e-5	6.504079444567548e-5	0.00011647824607817286	0.00014620257987934976	0.00015606381983774225	0.00015036038768855182	0.00012102910268267039	5.4036636667696586e-5	-0.0001553475023942062	-0.0006114468626583728	-0.0014494058004117807	-0.0029134577082096536	-0.00472106576438228	-0.007408237241247839	0.0024825534171755486	0.00042390801116682687	-0.0027334294177133395	-0.006855601222374926	-0.01167264685280708	-0.01551664071741915	-0.016966728944618023	-0.014061038950093797	-0.0030803488611515994	-0.003869760162758249
-0.010558105794744033	0.0059802583403197945	0.002658882014186068	-0.0016416613153042994	-0.0058271492655079405	-0.0101122049035657	-0.01363903414643891	-0.014958598242283714	-0.012174419814827855	-0.002597625929477983	-0.0032922141820933377	-0.0019209550978681856	-0.0007266293448482868	-8.215995984762828e-5	2.256535741463695e-5	1.0747197717893743e-5	-2.3674274777760666e-7	-1.2102499889331779e-5	6.046192133370107e-6	-6.876040337456063e-7	-6.014674453434521e-6	-4.3842628698112686e-5	-8.04215284793653e-5	-0.0001356209527222678	-0.0002945111048245921	-0.00033423332945101917	-0.00039393692741410965	-0.0005050499173637665	-0.00059022593072617	-0.000617021071746221	-0.0005582735429231217	-0.0003754023323992846	-0.00017071140574851447	-7.668750215118986e-5	-0.0001376643696370698	-0.00013197488791771348	-0.00015399025133394127	-0.000128283060947468	-0.00013479145242455248	-0.00015973767088015473	-0.00016865768975342157	-0.00016122766325651683	-0.00013726926577172473	-5.156225242798284e-5	-2.653259453976057e-5	-2.8490700444110214e-5	-1.0475449375686817e-5	-4.149453019802033e-6	-5.65815709772134e-6	-8.479938893331132e-6	-6.018859816267235e-5	-4.9587567641126504e-5	-7.331512405337345e-6	2.7864495728730045e-5	5.314952012625128e-5	4.067189701364218e-5	3.669073115366922e-5	7.034165975282514e-5	0.00011650240853541373	0.0001709325116714121	0.00020180526562515766	0.0002385322515291968	0.00017962810562248242	0.00019681519828355186	0.00019183712489277002	0.0001943011210277973	-0.0009281081338240541	-0.002049058788260122	-0.003803397842071474	-0.0063475942705315536	-0.009155021791117683	0.0016701451446025104	-0.0011648955579861796	-0.00545032702448591	-0.01022882793548808	-0.014718041107094447	-0.017314890719537117	-0.01608072418050915	-0.003120890609523871	-0.003833527972393044
-0.011278331798791978	0.005059654900614119	0.0012619389778305344	-0.0026650843961582827	-0.007908847385168357	-0.012131783854918036	-0.014845271531097883	-0.014315250946742167	-0.0018612555763802864	-0.002922207829149821	-0.003084337916194848	-0.0013597209255256737	-0.00030905150927236285	8.878206683434021e-6	2.3464070860305072e-5	8.717641073800576e-6	-7.229968887628657e-6	-2.1796370979599612e-5	-5.432318177805201e-6	-3.7185443075065028e-6	-1.499005465122011e-5	-5.526207372279798e-5	-0.00010946953956746446	-0.00017866564598182754	-0.0003213781990085299	-0.0003561639306288714	-0.0004430229421704027	-0.0005320893680406436	-0.0006102698011053679	-0.0005829633076525282	-0.0004931322271761662	-0.00027945259851800764	-1.9893522552819914e-5	-0.00011177468586493229	-0.00013097347924339998	-0.00011803791025196757	-0.00011474260039024983	-0.00013185915683456862	-0.00017194119679844318	-0.00019967576617858188	-0.0001625014176908066	-0.00015973437405747526	-0.0001465120392579726	-0.00013550724555624137	-8.67255315691257e-5	-1.0297033272937712e-5	2.693219049927205e-6	-3.8597704211739835e-5	6.403055023458157e-5	8.367968534356435e-5	-1.3843593912894831e-5	-6.886804884122938e-5	-1.8752393355047037e-5	5.156575635369053e-5	7.946569897881686e-5	7.96414037974519e-5	6.067388036420164e-5	5.886274472876507e-5	9.373977357766227e-5	0.00013925378208367255	0.00018131193742127485	0.00018979429250701516	0.00019574663648830754	0.00020414162956059855	0.00019597529921828758	0.00018661398113440915	0.00017354429190730638	-0.0015176544616959911	-0.0029690239902729803	-0.00528007970927334	-0.008078528574956714	0.002739802329414056	1.3578632894404852e-5	-0.0038154286824014973	-0.008641442314523873	-0.013678175104684186	-0.017384505273712124	-0.017462378664073932	-0.0026399667711357886	-0.0037220038266043815
-0.012338039872869617	0.003845348535121346	0.0002415996164135409	-0.004836477110950332	-0.009385999423349691	-0.013367854059929274	-0.015361747339476008	-0.013021871822303821	-0.002516535560380983	-0.0029257200854728564	-0.0025243511997440106	-0.0007567543239258672	-6.241045899947273e-5	2.4515487504478102e-5	1.4303896016649118e-5	7.480410799181923e-6	-7.4019780013497625e-6	-1.63495377442882e-5	9.248781416959802e-6	-1.0321402150150923e-5	-2.6751688186595985e-5	-8.913816215727005e-5	-0.00012924673692984534	-0.00023177345561165678	-0.0003367910831044607	-0.0003765145502187032	-0.00048516726864533964	-0.0005611394090792479	-0.0006136761450777653	-0.0005663299290920497	-0.00043093277822393356	-0.00019129945160177483	-4.592361159226886e-5	-0.00011475205267949708	-9.78492687589522e-5	-9.21686899907368e-5	-0.0001241637850824154	-0.00014872289232884843	-0.00018586867826122082	-0.00013644910381170247	-0.0001488252664923246	-0.0001429068215962618	-0.0001359063645879168	-0.00010735918173603251	-8.947377883523821e-5	-8.278852201636477e-5	-2.3219109770806095e-5	-8.001448399545787e-5	-9.518898629995722e-6	7.931632189256662e-5	-7.74769700053803e-5	-4.402929425319096e-5	2.764717800387854e-6	6.156947416200738e-5	0.00012199357332585007	0.00012466813430543652	9.747401868599873e-5	7.485629435047587e-5	8.090320959247026e-5	0.0001158348338258837	0.00015826562678054269	0.00018766299006007156	0.00019599828550006203	0.00019935905279770387	0.00019254355364389997	0.00017640267192478047	0.00016739618458951833	0.00015786976336648983	-0.002265115490928358	-0.0043097004590436205	-0.007322916936819031	0.0034862980896164645	0.0013715086031421977	-0.0024991942576521437	-0.007334141118927516	-0.012605999806459735	-0.017019995581436534	-0.0183632584929219	-0.002332817726042046	-0.0038568316333145673
0.0065214954099175005	0.003417473166848474	-0.0011418841520829718	-0.005644399300430616	-0.011233430755387868	-0.014846110485300462	-0.015348413298928722	-0.0013427901088159766	-0.0028595426935345758	-0.0025569202720869748	-0.0016734190626255998	-0.00042037563152656613	1.2943158575831324e-5	2.3603769401031938e-5	9.2311874672791e-6	-2.0929326836420937e-6	-1.896131583781495e-5	-1.6204738772779032e-5	-1.5964254206316243e-5	-1.9214623158181218e-5	-6.411584413278644e-5	-0.00011393595218283553	-0.00014931347631134617	-0.00027213320619018865	-0.00035123925699405726	-0.00040188072537002714	-0.0005225170440862049	-0.0005783299353412117	-0.0006006589684842578	-0.0005521387507505541	-0.00037961718652550913	-7.892618080230558e-5	-6.4470715569227e-5	-0.00014239134891467446	-6.460301852944194e-5	-0.00010826855341165911	-0.0001650343120360684	-0.00013650143292599648	-9.255391244636248e-5	-9.709989558309115e-5	-0.00011599217293775117	-0.00013336169734643616	-8.467558129456817e-5	-6.524890226435268e-5	-0.00015114239337912506	-2.8855524580363923e-5	-0.00020912427709962394	-0.00022376910085887428	-0.00029603619756252684	1.5984452922670426e-5	-6.4678868494108936e-6	-4.779776376903727e-5	3.289051338658452e-5	8.491230728162365e-5	0.00013945124579171743	0.0001511476874382651	0.0001205269772166177	9.14471112586922e-5	7.652258449524956e-5	9.489935481302648e-5	0.00014430246935187685	0.00017792098277989976	0.00018944810133865453	0.00019310385172679087	0.00018518044176139267	0.00017162301817689264	0.000163375133000991	0.00015557056608359398	0.0001537883893113883	-0.003565692063837104	-0.006338014134395727	-0.009587495506262818	0.0024104361947327384	-0.0011748142405013527	-0.00594657191613047	-0.01143702170214188	-0.01646981954301287	-0.018992272337833113	-0.01651150343201586	-0.0036929196779527406
0.006195077554344018	0.002259053935190416	-0.0028035093630690393	-0.00760290726712233	-0.012299878572746961	-0.015762957955430538	-0.01519446871129599	-0.0020991539031001783	-0.0031400747810551195	-0.002345303119288258	-0.0011097409385546933	-9.604784810230174e-5	1.8187688664145787e-5	1.5163472294392044e-5	1.3491014391056835e-5	-9.211120722892717e-6	-2.0537555324609417e-5	-2.7786709730596546e-5	-2.8836456976343576e-5	-3.170946058564441e-5	-9.058735780227982e-5	-0.0001300343688696806	-0.0001740643061622593	-0.0003124230026834862	-0.0003663662615387852	-0.0004353562812214929	-0.0005496627928846341	-0.0005935216699629343	-0.0005960767953340992	-0.0005315137091787674	-0.00032624324111815993	-1.6096264585895785e-5	-0.00011224592975947048	-0.00010009877245685138	-7.25869343146647e-5	-0.00013756132123139895	-7.662406401543103e-5	-4.287327859796959e-5	-0.0001225579306075653	-0.0001594069371292111	-0.00020323647655065254	-0.0002492373754251275	-0.00028535995768864356	-0.00013875124101100957	-0.00013255242734013404	4.409295970947512e-5	-7.27094763376836e-5	-0.00018548956578644143	-0.0001222520694743475	-0.0001608256911845365	-8.021743118131932e-5	-0.00015260369066064452	3.584621066791867e-5	0.00011412338459690451	0.00014920957330950285	0.0001545534752884417	0.00012887955851374923	0.00011026530280845324	8.32621058969028e-5	8.004718443621939e-5	0.00010554910813895957	0.00014712078435309844	0.00017712801675237106	0.00017929610697469788	0.00018350955822883525	0.00016722372195360045	0.00015631868760645272	0.00015090438731943685	0.0001533454521570568	-0.002826691218784708	-0.005423898741562542	-0.008656108334267169	0.0033751141668087246	7.106628120396871e-5	-0.0045203461770372275	-0.010189039222178616	-0.015726072174783303	-0.019307557970832417	-0.01798683665712434	-0.0033327543892158716
0.0051198178340630535	0.0013418039394821946	-0.004128762222844337	-0.00916971105250075	-0.013953872522975317	-0.01660284374534104	-0.014268799548022836	-0.002550472334957118	-0.0030925977400161815	-0.001847626579151626	-0.0006367582567423024	8.797802511463927e-8	2.1437528709477222e-5	1.111441697659721e-5	1.6787559631029015e-5	-8.597090084559122e-6	-3.7715556001613586e-5	-4.107665534239887e-5	-2.474421460218282e-5	-3.76972200857841e-5	-0.00010768147719044634	-0.0001403505955641723	-0.00020255351764600374	-0.00034244857074499627	-0.0003844838774828073	-0.00046496348641313036	-0.0005599892982232397	-0.0006061102306865321	-0.0005927829192752624	-0.0004769670189239402	-0.0001588107912944728	-1.3506522961833708e-5	-0.0001094970753372447	-9.172143603406054e-5	-7.67999456488884e-5	-4.715938737573873e-5	-9.700476701603854e-5	-0.00017181448959941326	-0.0002684900852628202	-0.0005375421610949209	-0.000611293211372078	-0.0005059111523905367	-0.0006430321696236789	-0.0006912018458379393	-0.00039818332305921624	-8.16891494644414e-5	0.00016700697238961095	0.00020743742627833868	4.935644341796321e-5	-7.969860142781428e-5	-2.9751073581357106e-5	-0.00013969567670373456	6.468238600846e-5	0.00014817726064757298	0.0001936995518576686	0.00014914483876423944	0.00010267404744595842	0.00010251444281411947	8.963429254712868e-5	6.880389362691412e-5	8.205100573612476e-5	0.0001239725993586726	0.00015853168505098055	0.00017389764681823643	0.00017553113890304077	0.00016216252643377213	0.00014877723973784118	0.00014315862727947798	0.00013810028890759926	0.00013718463624853627	-0.004450493348846357	-0.007655007152855256	-0.011296144980602956	0.0010505468168138534	-0.0034146266802246262	-0.009182828678638929	-0.015100869688830797	-0.01912016216873543	-0.019205453821978163	-0.0031751953266081078
0.004988981824653293	0.0002544779965596603	-0.004566900945852255	-0.0098195090351632	-0.015517197899726368	-0.017105773497503318	-0.014057916816759043	-0.0030100470778978406	-0.002851147489289272	-0.001738839194313341	-0.0002868458568752001	1.3862850929896407e-5	2.3214344624762014e-5	9.89372606107576e-6	7.231375088136951e-6	-1.424144565838132e-5	-3.7184549771610054e-5	-3.9020886551034254e-5	-4.227246450297404e-5	-6.425195909159132e-5	-0.00011452953915725863	-0.0001539346226087519	-0.00022861449595764754	-0.00036354666072707783	-0.0004043109007721189	-0.0004917933301406446	-0.0005630329540404654	-0.0006061077972814882	-0.0005733867457804704	-0.00042401403707486684	-7.869977973205014e-5	-5.625916510604954e-5	-8.96856973867854e-5	-9.242421687360203e-5	-4.349054210854263e-5	-5.843533424129064e-5	-6.804524101052613e-5	-0.00020307106302711446	-0.0004222593087097981	-0.0007548915977617173	0.0001620448118303006	0.0002409685348550587	9.715799391747692e-5	-0.00014214510641315082	2.377328401727593e-5	1.1941840181340612e-6	-2.3095366809051532e-5	0.00011798770339579581	0.000411159951942355	0.00025160240442385353	0.0002002918760598565	4.533493605457358e-5	0.00011178525604317138	0.00015665882173576697	0.00023655730712701501	0.00017120839245567392	0.00012303802335225268	0.00011836607888235139	0.00010749536108658361	8.38626674903677e-5	6.059492698259964e-5	8.159240961898943e-5	0.00012207906730771646	0.00015377566528962153	0.00014840099640189348	0.00014999570618905362	0.0001451393428042688	0.00013413504774872957	0.00012676213734911935	0.00012363793916265916	-0.0039014110250560896	-0.006995255063132545	-0.01080504489215225	0.00194889443185999	-0.0023668978415580006	-0.008141802255957002	-0.014314309904842448	-0.019094006066854678	-0.02004832552939821	-0.002901188767422517
0.00392241937404788	-0.0004699885262599364	-0.005553111051870248	-0.012244338709678504	-0.016707506575414203	-0.017334209578696427	-0.0015972011166825856	-0.0032823329768397634	-0.0026872779623169124	-0.0013996958711350127	-0.00014071075344674477	2.1910325704629102e-5	3.109986104737834e-5	2.279758350163261e-5	-6.476473196538345e-6	-1.7229517774864993e-5	-4.79550899079131e-5	-5.014957735282908e-5	-6.511338125475622e-5	-8.097579837615606e-5	-0.00012606037171039277	-0.00016932569601854413	-0.00025355135514514157	-0.00038384250599437895	-0.0004197962966667191	-0.0005110917837548463	-0.0005727293328232886	-0.00060268934031124	-0.0005451622914311122	-0.0003181644191339793	-2.5453805434115777e-5	-5.4041127845175045e-5	-9.5218599448797e-5	-6.50488661542206e-5	-0.00022275587784031876	-0.00010367309752155184	6.398872902550054e-5	-0.0007105519317307637	9.310740974504104e-5	-7.323726682285665e-6	0.0004968726868165416	0.0006661749489249027	0.00048492215776957626	0.0003374682108149582	-3.3017761275705566e-5	-0.00014038910224246424	0.0002883396003733576	0.00012440440831230386	0.00010017602455403753	0.0001023269017373575	0.00016475446541113053	0.000308293427310038	-5.0469853009131667e-5	0.00017745168822932945	0.00028145015851097397	0.00025516534264168257	0.00013848960534063086	0.00011027686511208651	0.00010150758810886489	7.886636853497597e-5	5.9492096503335995e-5	6.280648322671432e-5	7.472348057110706e-5	9.89332524432267e-5	0.00011567080061095756	0.00012691971173902185	0.00013196849076719107	0.00012594526298178097	0.00011677638619098638	0.00011376331902201017	-0.003504762857312122	-0.006560588804511458	-0.010478901582082856	0.002912243024903417	-0.0012495585468543814	-0.0070224371436880375	-0.013804114135460361	-0.019028252166444368	-0.020646461799779203	-0.01633044178348515
0.0036447046998865245	-0.0009442929203269323	-0.007453342138150907	-0.013300385416447166	-0.01764876897072221	-0.017601218183109814	-0.0022064334014795543	-0.003504563810690824	-0.002593010176176114	-0.000826703538888286	-5.9764986058884764e-5	2.2818487178558302e-5	1.930810536653856e-5	9.908360261270572e-6	-1.4575964885285784e-6	-2.0173950943451057e-5	-5.138285534778333e-5	-6.073176477538682e-5	-7.464147155250266e-5	-7.72542578996374e-5	-0.00012833362693006443	-0.0001850745735483313	-0.0002806322348981913	-0.0003957598351037521	-0.00043266739725941	-0.0005273304878497544	-0.0005925521767896904	-0.000599589530437172	-0.0005243839758564394	-0.0002235177691586177	-7.921459379083534e-6	-6.983881841451185e-5	2.279957302703069e-6	1.9725752664451142e-5	-0.0003448127376898627	-0.00039790503510381866	-0.00045392569913759096	-0.00019169854848633235	0.0005841898371641393	-0.00015033810059218288	-0.00018676575460326497	-0.00012390244723488997	3.291139273342921e-5	0.0008534450456940283	0.0005664799309516651	0.00036193235791310007	-4.1865904961571744e-5	0.00016301673378296016	1.9337560097938655e-5	4.524837105174919e-5	0.00024350471978083624	0.00016551337171255687	0.0003971208280705102	0.0002487336004430277	0.0001463278959215204	0.00018440091033747037	0.00015858038997928727	8.420894389049162e-5	-5.039021454273431e-6	2.4485808786148338e-5	3.605636694360474e-5	4.6565812351269076e-5	4.1925663957217354e-5	5.5309905984529906e-5	7.948481278116636e-5	9.602600026295843e-5	0.00010975543302387526	0.00011547561736866371	0.0001079317314900356	9.881494863619756e-5	0.00010013822679315179	-0.005975978705954353	-0.009789459071911427	0.003707762165069653	-0.0007198682269165149	-0.006471124567581503	-0.013025535285880905	-0.018837755943090125	-0.020974500976410168	-0.017601890013023667
0.0028996028343485874	-0.0020445784040684827	-0.007774098560418696	-0.015012905042015898	-0.01893952488117791	-0.017363197701952233	-0.002565599966046546	-0.003452089672660506	-0.0022058384625585994	-0.0008091435929599689	-5.0111686540080125e-6	1.4239761250088057e-5	2.6930280466741535e-5	9.681793025175288e-6	1.7869289639036168e-6	-3.12715874395687e-5	-5.812673087677589e-5	-7.456845208744819e-5	-7.377539759961586e-5	-9.595299008731913e-5	-0.00014159024882150765	-0.00019779729227698667	-0.0002963366594731274	-0.00040551245997457944	-0.00043966645301785675	-0.0005393921020751867	-0.0006002872448995631	-0.000579740103704142	-0.00048337863087223154	-0.000153085743592433	2.172605770973997e-5	88.85251724244112	-0.0008583859792966284	6.992076985867805e-5	-4.575949380993041e-5	-0.0003302645314356994	-0.00020456239698218365	-0.00040323627106824236	-0.00017955086060024176	-0.0001437643519041995	-0.00012868005072216865	-0.00011535558210609146	-7.8886838043358e-5	-0.00011260396609739722	0.0009159045997883698	-1.2489726003309505e-5	0.00016443418162255785	-2.3658405178260676e-5	-2.033624131271354e-5	-8.303897143258676e-5	0.0001617582030755937	0.0003506198202362241	0.00031297150508501217	0.00029186000420462874	0.00018661987565291951	0.00012676873515010085	0.00017373238954543284	7.748054497622579e-5	-2.4147284963618194e-5	-3.1435519123342206e-5	1.0502572306201457e-5	5.051273563589223e-5	3.8383752826957364e-5	3.752541655381224e-5	6.379863888117283e-5	9.755283359606471e-5	0.00011610097029424946	0.00012958298564820256	0.0001261679726283037	0.00013043368828496491	0.00013497328134837917	-0.005715766012576591	-0.00920264692143006	0.004265397564580678	-4.879535318788219e-5	-0.005785542387389138	-0.012464423348864662	-0.018415616344416158	-0.021213688132970594	-0.018378855269607326
0.002995516157028706	-0.0033067357861723897	-0.009424767221521281	-0.01570722252908813	-0.019805844383611427	-0.018156424696919245	-0.002896280039091883	-0.0032843281568651944	-0.002337985709517774	-0.0005295146695628795	1.4335983748959568e-5	2.779671857428582e-5	2.1001045203442766e-5	1.5135558673310914e-5	-4.574686670584633e-6	-2.199403599633001e-5	-5.7102236564162e-5	-7.675078330851736e-5	-9.088015270395194e-5	-0.00011070240708801126	-0.00015307545666454005	-0.00020926713465702426	-0.00030671809937699983	-0.00041173697252032935	-0.0004480111255386021	-0.0005427707600297187	-0.00061333795093253	-0.0005676377646045626	-0.0004763906807904058	-0.0001287487464393077	1.2202706162656391e-5	-0.0008982074734435233	-0.0027125971774419676	2.294965042696086e-5	7.202398587614306e-5	0.00020355536120742105	-0.00034895992360354583	-0.00014937917926250102	-0.00014891539555642475	-0.00014267069636087577	-0.00012800096686461633	-0.00011424505947306759	-9.531030168227966e-5	-4.545604953315711e-5	-6.038044665874533e-5	0.00022431467115570703	0.00039408934389748034	0.0001661426499014972	-8.54809005706265e-5	-1.4662430479895387e-5	0.00013537870167398177	0.0004914002590910737	0.0007751209132116452	0.000912628511010775	0.0007765903113609229	0.0002852157847967929	0.00022715572469939117	0.000138204007850213	2.3505617285871147e-5	-3.0955321719715864e-6	2.1059731470187016e-5	4.479526613015529e-5	5.694568278285829e-5	7.29961666564068e-5	9.537096616100565e-5	0.00012563201990420982	0.00014599264582618215	0.0001556716532909435	0.0001621180034163258	0.00015462396712470457	0.00014866700101350065	-0.005156968684084953	-0.008606945400510062	0.004694460809479151	0.00047803174665350396	-0.0052172502004766835	-0.011947160885505115	-0.018120565041463154	-0.021301799310870225	-0.01889737424031138
0.0020896074623503935	-0.0034699086837925185	-0.009939559383250444	-0.01652212464266534	-0.020844937822384644	-0.019045139245623493	-0.0032161751663486947	-0.003571362946155176	-0.0019103977144621506	-0.0005277880990283234	2.2241402031684113e-5	2.5997340903196814e-5	1.6881389681568006e-5	5.066351993944939e-6	-1.4563103236026232e-5	-3.3268057852184266e-5	-5.81375870234124e-5	-7.944745830358763e-5	-9.364866205957168e-5	-0.00013193522260839785	-0.0001631270428628244	-0.0002174071378084914	-0.00031539311531265094	-0.00041940418227506696	-0.00045510204136816723	-0.0005428809673099001	-0.0006323165615481724	-0.0005472224679694014	-0.00038627924279903143	-8.447798527380106e-5	-7.931007849108659e-6	-0.024302560904866214	2.9759347727063788e-5	5.75453180862964e-5	0.0002495360919967383	3.558081831938704e-5	-0.00014234251309824168	-0.0001480443758199552	-0.00014764120415996273	-0.00013819187464370497	-0.00012740173613572567	-0.00010948198528820761	-9.512344847484244e-5	-8.0174044156895e-5	0.0001408041182287648	0.00011898149020737741	0.00023513278659888158	0.0003030494249163668	8.921825924943939e-5	5.826529974695184e-6	4.589299946253083e-5	0.00031927179567833847	0.0006972113222814935	0.000687047359229958	0.0006799950979452086	0.0004608491868244929	0.0002006646661431636	0.00016991721336765244	8.722691602440296e-5	2.135255907285568e-5	-1.987258742226625e-6	3.0373545183571856e-5	3.8589314401759346e-5	4.685988618630761e-5	7.085976305238706e-5	0.00010621325138648596	0.00013254348338129774	0.00014394726192296737	0.00014983862329059143	0.00014644636003083902	0.00013916057952579185	-0.004723332136700817	-0.008172280014207934	-0.01223794631335053	0.0012095194263671252	-0.004397789464913113	-0.011149102754274786	-0.017507091989985183	-0.02108107726682273	-0.019137829921313104
0.0015933581421861411	-0.004408248191388899	-0.011314074095009473	-0.01818669996694003	-0.022298390567593095	-0.019454289728318315	-0.003408829657176756	-0.0035222804972911822	-0.0017925602370357835	-0.0004568888901155699	3.229969604642035e-5	2.0162508213797385e-5	1.9239257093411464e-5	4.749399682560752e-6	-1.4108268251105319e-5	-3.516206750083131e-5	-6.841744439952238e-5	-8.012654515339518e-5	-0.00010255381196924754	-0.00012637515125206748	-0.0001678848258168391	-0.00022556563252964718	-0.0003217267214444648	-0.0004196953101442142	-0.00045820603599431485	-0.0005431073090012723	-0.0006466761078946041	-0.0005262870757801019	-0.000328021744607319	-3.101188785202146e-5	-0.0003731626051690276	-0.0005081915111760528	4.9492545947145354e-5	2.4985147819363302e-5	0.0002689704354049928	-0.0002483505992436022	-0.00014369082354329302	-0.00014657549015897255	-0.00014348169573731126	-0.00013738084092149676	-0.00012687989939232674	-0.00010942962800776822	-9.51062327674577e-5	-8.022950787091e-5	-4.594774204002599e-5	-7.38433660126899e-5	-8.291880226319955e-5	0.0002967526661567806	0.00018923061534394654	-2.8770256375255347e-6	-0.00018238609169276922	6.358275804513826e-5	0.00036702298536597815	0.0006464274732646701	0.0007482214195609845	0.0005680188573317091	0.00015055227040345156	0.00015945508082875745	9.72079613450792e-5	3.168634087902288e-5	-6.918456937654649e-6	1.8695343430223736e-5	2.476404406189046e-5	2.7951612720811978e-5	5.191006059463348e-5	9.028746415729275e-5	0.00012095509740413349	0.00013948120343045627	0.00014468040184758475	0.00013505284851505228	0.00013192128224409004	-0.004265030083917272	-0.007990766668395183	-0.012089842845075895	0.0010931379753367186	-0.004326871375641373	-0.010889052841858544	-0.017091122565858305	-0.020609610822814498	-0.018849016222755848
0.0035630005722200463	-0.0018776902832704882	-0.008722186124277068	-0.017608913919018296	-0.02251493613370365	-0.020283946792353697	-0.00499187802291955	-0.0046446047301600185	-0.0023350526536929594	-0.00037562359386780173	5.485008873710668e-5	2.680099404933749e-5	1.4349564457304124e-5	1.225150922893136e-5	-1.585349345490944e-5	-2.8079485191983497e-5	-6.532134749805603e-5	-8.371461450663914e-5	-0.00011214745735421819	-0.0001407487010711362	-0.00016949337285085856	-0.0002262915743881277	-0.00032566205328231346	-0.00041974202357340383	-0.00045652787058759526	-0.0005359337501346139	-0.0006346097424854487	-0.00048639152069548274	-0.0002865918169961784	-3.960942929519106e-5	-0.006000920774022153	0.00019061505407923815	6.375272831672526e-5	0.0001016226549950799	0.00013631191493233702	-0.00025358399923167916	-0.0001375816304179109	-0.00014272754120716255	-0.00014237661710286639	-0.00013658083770906173	-0.00012264764110342852	-0.0001095021149704247	-9.53602234579525e-5	-7.623996094099666e-5	-2.248448029225137e-5	-4.297594631052855e-5	-0.0013837117206413022	-0.00012355555235864138	-4.6791803376376715e-5	-5.189996947891137e-5	-4.793508576616007e-5	4.1113497096484436e-5	-7.736126527555813e-5	-0.00017561810592308104	-0.00011455954275878717	6.513384252141406e-5	-3.379412585663797e-5	9.400377129171625e-5	8.496400070074551e-5	0.00012380621507543504	0.00010432699299726625	9.217389541598012e-5	0.00012841070864735445	0.0001195097011408932	0.0001209272354653255	0.00013945356993573307	0.000141038465675027	0.00014037104668911154	0.0001387276585808909	0.0001341355337368731	0.00012512599940885666	-0.005219788157941128	-0.008124277035618771	-0.011574248056531776	0.002064529164673053	-0.002874943479419255	-0.009421465582469252	-0.016176671192724822	-0.020647993004491418	-0.01996950793730301
0.0033456011879961184	-0.0018675699259679526	-0.00846234223312517	-0.015603828380296005	-0.020942930074154677	-0.019984444142318036	-0.004643892170563838	-0.004505891130067704	-0.002247335135639567	-0.00034525068169438184	2.9160726732946565e-5	1.2753956733834315e-6	2.7611726752811052e-5	-7.903009999589993e-6	-1.5333968741941202e-5	-3.879996543151274e-5	-6.48635431353675e-5	-8.703511461861229e-5	-0.00010492470575892351	-0.00013597109894812075	-0.0001785851179264874	-0.00023790306389628798	-0.00032631882395757814	-0.00041482278475305536	-0.00044911629451797603	-0.0005256063781189817	-0.000608147012867342	-0.0004481593293121024	-0.0002495395071537974	-3.48924819925692e-5	-0.00013591596280458653	-0.00016235553489845643	9.098169533030615e-5	4.541041907423357e-5	-4.254193053153901e-6	0.0004225425215764916	-0.00013767833899199053	-0.00014193290006157724	-0.00013948416861111134	-0.00013383134825120107	-0.00012391377205515493	-0.00010778003487077654	-9.388092023959636e-5	-7.535016475802384e-5	-3.204293527853767e-5	-4.7827649167063374e-5	-0.0003767351209689501	-2.6082384278018825e-5	-5.662065605608159e-5	-5.324073713943792e-5	4.949945804646538e-5	0.00012950085370470914	0.000203826049534149	-0.00012406861025065022	-5.4692759618916336e-5	6.863987600512222e-5	5.906593587710507e-5	0.00012229509798847264	0.00013600517156960514	0.00013877502586690074	0.00010745573303856109	9.826748982918348e-5	5.976530009193494e-5	4.468532882370426e-5	7.594995704029161e-5	0.00010959102857145364	0.0001114423939524508	9.681193159968038e-5	7.413245398027381e-5	5.802192325424719e-5	4.62145254633321e-5	-0.005282216204010761	-0.008185102365798112	-0.011671731275777284	0.002058791030302114	-0.0030204309048750353	-0.009740845690171635	-0.016798439928863446	-0.021308986680698166	-0.020452087934945275
0.003586762633407189	-0.0011795016086921099	-0.008650917680218653	-0.01557128472156925	-0.020424987818935904	-0.0183921758627097	-0.004315075235725132	-0.004334795075284574	-0.0021727642659478707	-0.0005205805883606528	3.1374646563133526e-5	2.9411354747915776e-5	-6.567487344053117e-7	7.63284967785171e-6	-2.2471690754175544e-5	-3.529603500006188e-5	-5.654118704546043e-5	-8.55545848345454e-5	-0.00010795591117661499	-0.0001355185138207205	-0.00018039605304810742	-0.00023307795016079682	-0.0003215540553967689	-0.00040374371181644316	-0.0004382231604572122	-0.0005073307419599493	-0.0005763847612083433	-0.0004913239438190415	-0.00021885839679029726	-2.9991713479084778e-5	-0.00010155346198083555	0.00018298642634615527	0.0001789022408220662	5.169274970591147e-5	-7.251190818441782e-6	0.00011138176294295347	-0.0003576203185168196	-0.00013972447558208931	-0.00013806236131950943	-0.0001309119591230587	-0.00012191860268435339	-0.00010989330964499111	-9.258221678479787e-5	-7.867841293073897e-5	2.552658004014387e-5	0.00021023612355380825	-0.0003751239342830767	8.198622684322756e-5	6.095943703932505e-5	1.831683784402752e-5	0.00012066102897638629	0.00019030340616279595	0.00012334695963764854	-3.054780764287784e-5	-2.229667231086682e-5	0.0001921837467369607	0.00018274520972294498	0.0002008465067798576	0.00022930192353839287	0.00016805315849665212	0.0001262201474666043	0.0001027859906677623	7.073382679192904e-5	6.0693936565573315e-5	8.530135248198742e-5	0.00011623532867194246	0.00012004992273077594	9.963230824971208e-5	7.709886858078435e-5	6.71658364157777e-5	6.399252209329871e-5	-0.005423444443364233	-0.008444670170437582	-0.011941335045706434	0.0015771037725110936	-0.00358875552790063	-0.010304852310923377	-0.0168700207989823	-0.021517292626255145	-0.020335328828244962
0.0036259383733214484	-0.0008279202441944389	-0.00790367075768908	-0.014602812560580228	-0.01951705011264775	-0.01901989789263734	-0.003986232814531916	-0.004038446750254619	-0.0026543978818285695	-0.0004985732873872607	1.3995589446804518e-5	1.9453117062912473e-5	-1.5834801332357635e-5	-2.916576085073572e-6	-1.8620690800263168e-5	-3.321956966763154e-5	-5.326998838756442e-5	-8.587315366680084e-5	-0.00010353342222870587	-0.000132959954876219	-0.000174854405997798	-0.00023106373026304258	-0.00031644088017900523	-0.00039374824405212576	-0.0004232650628058811	-0.00048242181562505406	-0.0005404797010796727	-0.000543368675332847	-0.00015937184803802118	3.8305573855298905e-5	-8.768940186722797e-6	-0.0005960817116705054	-5.329850715036567e-5	0.00012447518016715415	-3.48487343990813e-5	-5.5802436455046867e-5	-0.0002913050535449961	-0.0003497342023373267	-0.000136019754054236	-0.00013176909322110017	-0.00011996077794377308	-0.00010824916921400392	-9.166485310435812e-5	-7.897895994539448e-5	-8.15155142158541e-6	0.0013362056119464972	-0.0005248945526156912	4.884283062908671e-5	1.2793632846894345e-5	5.101766657893712e-5	0.00013339205071484156	-1.2152800914516165e-5	-3.2888149091106207e-6	-0.0001399599321933712	-0.00015735064121555326	-4.1151548991862935e-5	9.959583445872798e-5	7.921827785280543e-5	8.795600116206496e-5	-5.684831039926179e-6	7.213043182905952e-5	0.00010620869504979887	7.045166402944754e-5	6.427949574812209e-5	0.00010058124326543207	0.00012916814053298622	0.00012561627759883994	0.00011297759697973554	9.348953903399958e-5	7.572709075097161e-5	7.878047498755672e-5	-0.005087263928484431	-0.008297290127705187	0.004438201827937802	0.0013479039021774108	-0.003860219970742231	-0.010540091494884787	-0.017293639060025952	-0.021470669428652608	-0.020083503565983877
0.0035573117910585655	-0.0007014461649271415	-0.006318515288171804	-0.012759336132168666	-0.018186599373490143	-0.0185543498756118	-0.0036656786456803624	-0.0042628153696514254	-0.0024640501055423277	-0.0007527743497438191	7.643357707082926e-6	2.7184429501460025e-5	-9.344694583854971e-6	-5.926472834105399e-6	-1.5733083239100708e-5	-3.751869610667203e-5	-5.594887529732503e-5	-8.380171378098135e-5	-0.00010327731150743396	-0.0001316901342409164	-0.0001666033525211162	-0.00022639077423135842	-0.0003039774527426234	-0.00038027917151323907	-0.0004067506229522646	-0.00045722837228859894	-0.0005025582898636495	-0.0004924266797603508	-0.00017854177003927374	3.8781557155902123e-5	9.8055394086357e-6	-0.777184600917738	7.316341264040328e-5	-8.54957247888123e-6	0.00026015129123501285	-6.733837374273451e-5	6.304061120982606e-5	-0.00038086445595629173	-0.00030972148467560737	-4.5707525718548224e-5	-0.00012138778844772628	-0.00016119631238562345	-5.249300266789141e-5	-3.4526929959449285e-5	-0.0006553886511487253	0.0005016857611414466	-0.00019411419746418585	0.00019496377497109872	-5.20502816571663e-5	0.00012864056739536118	0.00010435674679631037	0.00015905289178205103	9.853945343636598e-5	0.00024192492184655102	-8.783212577896302e-5	-0.00010997316628895813	0.00011054851853407627	5.496807901417617e-5	0.00010094097393798478	0.00010722714242100962	0.00012677425365651332	9.960579648913066e-5	8.623275924506281e-5	7.277767261375556e-5	4.990180448752018e-5	0.00010375515245340519	0.0001276356810132402	0.00011552813692834152	9.263382663723759e-5	8.98616974934508e-5	9.3907353419793e-5	-0.005205346089809345	-0.00802145964939807	0.003942141552880369	0.0007371231089928302	-0.004490749337092477	-0.011148304279445798	-0.017642788222044025	-0.0213453887297348	-0.019387397126127897
0.0039178048513819515	0.00010341293736791086	-0.004974869968356056	-0.012225107861046953	-0.017641150890877158	-0.01877259782375422	-0.003258816483365917	-0.0039628052835398945	-0.0030127482886087536	-0.0008372760535499301	-2.348484007326953e-5	6.982780597676189e-6	3.5401822496221763e-7	-1.5098056255092517e-5	-1.893421969060113e-5	-2.5788661736830453e-5	-5.8020168830984176e-5	-7.769618790327426e-5	-9.087048256738445e-5	-0.000120106755591833	-0.0001594354057769915	-0.00020874512624430807	-0.00028462325354552275	-0.0003613423093537998	-0.00038854421596931405	-0.00042509587577942994	-0.00046053721341278	-0.0004396627251505337	-0.0002485975037956886	-1.0382508139751969e-5	0.00021991335114117605	-5.911756541233579e-5	0.00010360782682790318	-0.00014946961868592568	-2.7483875029600144e-5	7.195460484672843e-5	4.571501860725498e-5	-5.343134932014245e-6	-2.4575779989939442e-5	-0.00021069457932879982	-0.00034556330429127204	-0.0002276775057658473	-0.0002137298249648358	-0.00022155069749487774	-0.00046880508145520595	0.0006174261419197059	-3.3072846395148865e-5	6.568089166121801e-5	0.00017754276072246916	0.00014043324121731403	6.45220735057223e-5	0.00017708015441849183	9.961463668652075e-5	0.0001557162844719291	0.00018264377478365034	0.00016098123610685296	0.000252989467209276	8.756639046752455e-5	0.00016702357704606637	0.00019947289852585915	0.00016257613196260265	0.00012022138845079719	0.00011406679118311952	0.00011033075945856516	9.741609790261518e-5	9.194777487012312e-5	8.990564864857653e-5	9.171908140806144e-5	9.080022782514915e-5	0.00010013143039492648	0.00011155811542412549	-0.005313372600659698	-0.008095225859120717	0.003507216595116304	0.00017265572675749746	-0.005092186642878503	-0.011628700226755558	-0.017786741398407368	-0.021149876464955322	-0.01857690300457098
0.004366151346622165	0.0004468433898788756	-0.0043328708301474984	-0.010095359172028034	-0.015882278728122375	-0.018552104946763785	-0.0027990035294872487	-0.0038435880709638865	-0.0031943178647194453	-0.0010631525085361858	-0.00011274356653742777	2.629018790460053e-6	-1.616122633255486e-5	-5.391195211453e-6	-2.4746618552162158e-5	-3.9524685476209475e-5	-5.428935620060213e-5	-6.95132902772178e-5	-9.137540467082946e-5	-0.00011204671465621895	-0.00015591156723103754	-0.0002022800952234111	-0.00026572036207654935	-0.0003371920734308328	-0.0003651352934677022	-0.00039179594716691024	-0.00041885164548485624	-0.00038532956105661383	-0.00022162589267094962	0.00016025079121186083	3.7180549519316417e-5	0.00024554364536554484	0.0036254870271386704	0.00024374355160443608	-0.00019335792527519976	0.0005088238606942714	-0.00023944259002264546	-2.4094973033945803e-5	8.849570078608477e-5	5.064306309434805e-5	-9.036954643568891e-5	-0.00022875942921893216	0.0002133656949672711	-0.0012472182239059684	0.0009100182563959562	0.00024109628859380234	7.141478213356654e-5	6.969490257990231e-5	0.00018086861925480565	0.00016841174032965743	0.00037131626057902397	0.00018937071274020763	-1.1721869374858843e-6	0.00013992814317850897	0.00017593535433583785	0.00015099119347130333	0.00011554575484946144	0.00021068943368780573	0.00022704515583991312	0.00017786485124538483	0.00016293635686016628	0.00014078770908729072	0.00014281915605586905	0.00014696521150390148	0.00012118831526332629	9.967131591273288e-5	0.00010262463771254923	9.969324655427183e-5	9.80616463491175e-5	9.344566107624526e-5	0.0001057980532950037	-0.00531999486725732	-0.008429541730645347	0.003210182988137255	-0.0006728865614980308	-0.006004570026169248	-0.012397145457800423	-0.01811749975687372	-0.02074864627148766	-0.01738731108480806
0.004608916674720082	0.0011419545983066594	-0.003182702773214771	-0.009631180018583086	-0.015318306702893051	-0.018152533394962835	-0.015278468869040116	-0.003816765030324687	-0.0031137018529184004	-0.0016359681695566517	-0.0003103597546223716	2.7407125009534368e-5	2.5013539178525153e-6	-2.188679233660004e-5	-2.4205586376906696e-5	-4.7920573559129446e-5	-5.013207955458057e-5	-7.017685979847855e-5	-8.365334094951047e-5	-0.00011065890150659466	-0.00015084668324205963	-0.00019028965959065958	-0.00024789625682828536	-0.0003121555587474679	-0.00034643185451616786	-0.00036085417931345197	-0.0003791667040389569	-0.0003382000320726596	-0.00020184911871637572	8.721040814129584e-5	0.0005570045479926584	0.00023730114894088218	0.000435039672828226	-0.002278663396887722	5.5167604861253995e-5	-0.00010150077937848459	-0.0006469226170912816	-0.0005197965047046175	-0.0002444949955492377	-0.00019399947481893377	-0.00030848219940094227	-0.0007742594863959302	-0.001093522519197884	0.0012926374821876172	0.0005063910221940586	0.0001610483011905132	-8.715050618695139e-6	0.00020687291102004457	0.0003551339591151467	0.0002535059087700501	0.00030527492570581486	0.0002029043092052938	0.00021723184273477584	0.00011512153568941017	0.0001307567470378296	7.767648737365546e-5	9.700808635222643e-5	0.0001764030559538114	0.00018077337117699158	7.729448769576255e-5	3.582395057379862e-5	5.842528956764202e-5	0.00017158475511994508	0.00016797233472685006	0.00013703850737130081	0.00011501105909088212	0.00011615142823927838	0.00010734595711975477	0.00011233210462518488	0.0001047593283918997	-0.0031334281522363006	-0.0053753521364123796	-0.008400518592752957	0.0025456592044009164	-0.0014689855034514022	-0.006888324968008004	-0.01313565738291312	-0.01839482011944817	-0.020242554165947006	-0.0035428649934324537
0.004846330435202356	0.0017528066017714892	-0.0021526661318867	-0.008126564479433638	-0.01372095997107375	-0.017702204954031523	-0.015515458530118738	-0.0035719787851223434	-0.0034857480559919206	-0.0022832340778249	-0.000432010541922052	1.0202599250337191e-5	-1.7885842631116717e-7	-2.3492842997863208e-5	-1.3756086067948606e-5	-3.349531473995784e-5	-5.132377018081122e-5	-6.283137978331402e-5	-7.989134027931285e-5	-9.792872650719697e-5	-0.0001300098881423946	-0.00017336509981336827	-0.00022465903224155607	-0.0002827267353625149	-0.00031726192509884307	-0.00033002370346827645	-0.00033834704623476717	-0.00029630399526260224	-0.000156046227525631	-2.929228256630486e-5	0.0004185364159375496	0.000855243760633216	0.00036813335828828704	0.00046492584513013594	0.0004322603271006919	-0.0008521623408458923	0.0003056585042603285	-0.0002489940691002667	-0.0007020362024513673	-0.000796168381221616	-0.000655315975248954	0.00012790386721430507	0.001981862852677088	0.0006845147450005986	4.0926718987312186e-5	0.000174710197098485	0.00010537583519598233	0.0002534724476983893	0.0002697666144601242	0.0002905033030705596	8.165353752013651e-5	9.899781065158509e-5	0.00030568999233482336	0.0001871007008580108	0.00015933557620274178	-0.00016277994225980604	0.00017154834077178052	0.00019091938410608364	0.00012894099509107472	9.128627731048072e-5	9.762874927207763e-5	0.00011882467260665673	0.00016365857191044466	0.00016832547230843562	0.00015423571300779348	0.0001172959318689139	0.00012456639388753885	0.0001219401971207199	0.00011504711735537245	0.0001296461558611323	-0.0032547722086338216	-0.005704295123357829	-0.008361638570218734	0.0015187443365240118	-0.0023213679712739185	-0.007758033165560914	-0.013801956579059367	-0.018523290293333033	-0.01932772361524547	-0.004069818997176525
0.004934167882907267	0.002530585123121817	-0.0015051127504665284	-0.006173726770120378	-0.011584613766121904	-0.016503678824931044	-0.01716531798072861	-0.0031272339210191486	-0.0035393071666562606	-0.0026964922190829666	-0.000752973161692665	-4.513495589286985e-5	-1.1906738678174508e-5	-1.9718100723856756e-5	-3.488572162106834e-5	-3.380411203584616e-5	-5.3905173144247054e-5	-6.485748515087082e-5	-8.073519215270322e-5	-8.936496648385624e-5	-0.00011912037722901702	-0.00016404102285911336	-0.00020796077063720835	-0.0002569449245121578	-0.0002919654533872555	-0.00029162538850744	-0.0002895441704094407	-0.0002491475913425929	-0.00011299408357532282	-2.117605040025939e-5	0.0002064387145432853	0.0005191453402408496	0.0007997965360480796	0.0012655301716456068	0.000757051906104879	0.0007646719028640684	0.0008440287556521557	0.0011830752143061319	0.0014161627099380375	0.0017031763035891528	0.0016853950415148314	0.0012504965234307558	0.0006451212659427882	0.0004170926789141675	0.0002755678775479895	0.0003142378034804414	0.0003579578875105702	0.0003557918774617513	0.0003107941363915159	0.00038650210943364606	0.00019951942293625373	0.00020936703045477492	0.0004038766762204934	0.00039051585565596267	0.00011975581690875984	0.00011288790793637077	0.00011870823988442137	0.00017985579247063835	0.0001390353309458482	0.00014856327175672557	0.00015818565704844934	0.00016195147263720858	0.00017144296380931093	0.0001766603253778679	0.00015725373072844923	0.0001492483871162699	0.00013937248392548437	0.0001313683230656931	0.00012636150200200173	0.00013959867721452843	-0.0034911481510547107	-0.005698319702082724	0.0031251821666797622	0.0005546728426397164	-0.0034391587360582455	-0.008823149738532576	-0.014488010458610836	-0.018417432047966184	-0.018319038243370923	-0.0039177637896172825
0.005161044351241504	0.002787475781030742	-0.0003550489294143569	-0.004499099740681471	-0.010555027021210464	-0.01565467505606625	-0.017231836070279036	-0.0023222038185359887	-0.003699766724231314	-0.0029595819506409975	-0.0015523249017952477	-0.00017122281159514602	-1.98418163930311e-6	-1.592732237036882e-5	-4.294026447811568e-5	-3.409214297607064e-5	-5.334065435389938e-5	-5.979737204574397e-5	-6.681206057127149e-5	-8.447072824780938e-5	-0.00010681615491363074	-0.00014402675994526582	-0.00018554402337468622	-0.0002283382404000851	-0.0002596382931108425	-0.00025688870514421785	-0.0002564057900568991	-0.0002150782964893095	-8.614751096195095e-5	-2.055696879637416e-5	8.015272556848896e-5	0.0005037826405604493	0.0006143086953075108	0.0007417959336735844	0.0010502173365151018	0.001503532291449187	0.0014639896490227762	0.0013013948844186917	0.0011527620940267327	0.0010372611337304551	0.00048211933319421027	0.0002390213377569344	6.561199058979467e-5	0.00012310946642673178	0.00021950788844322995	0.00030138390301250533	0.00023554624793967237	0.0003509461781655447	0.0004769276499987319	0.0003167216980731168	0.00032678001106232834	0.000355818980433937	0.0004759802697579107	0.00035199342594246927	0.0002591230462046553	0.00015836929546295277	0.00018221442180057219	0.00016093606049270804	0.00012999185763146214	0.00012850174670228526	0.00015856819845825796	0.0001584915074543881	0.00015992819689419349	0.00017563086680663835	0.00017485376928147713	0.0001682643484168552	0.00015948063960681934	0.00014071978288358048	0.00013383685545400456	-0.0019685360016212594	-0.0037333353175666812	-0.00594781425562038	0.0024054622152220664	-0.0001521692658845735	-0.004582153724638194	-0.009875632433069359	-0.015076644527972584	-0.0182743149486457	-0.01686214614080436	-0.0044630568855039045
-0.010374600634366855	0.003529510671594518	0.00047010008640445725	-0.003244083290991572	-0.00888662036830023	-0.014015784280707481	-0.01716184929460913	-0.014432079293566772	-0.003402261477355883	-0.003450855944750695	-0.0023721803453350264	-0.0005581556290332507	-4.393493053948081e-5	-2.1248742320893387e-5	-2.8049531233620416e-5	-3.2220076618873694e-5	-5.072174263454693e-5	-6.532524709394797e-5	-6.629132953608368e-5	-8.126465979557817e-5	-9.960767794288259e-5	-0.00012868228601567674	-0.00017022624001116968	-0.00020390538475014593	-0.00023056965974243445	-0.00022794437892306081	-0.00022397583349309936	-0.00019198156377525982	-7.768000525547404e-5	-1.390875456504708e-6	4.3121384374295165e-5	0.00020405050890992576	0.000745105229332358	0.0005282674181019119	0.0007645183979907165	0.0007833175970860215	0.0007586104380708608	0.0009015461146637236	0.0009036467176839412	0.00067970413672006	0.00048359632245925264	0.00042725233407292545	0.0002914550051486324	0.00018099517445439858	0.0003455243483104612	0.0003947027809971707	0.00034193067798502197	0.0003576749597017881	0.0003712184291029058	0.00034726012404075017	0.0003530240400249911	0.0003288750314095039	0.0003375395894661239	0.00035332364427125197	0.0003030649554004205	0.0002064955689267642	0.0001911182003576981	0.00017163359517788148	0.0001585590988320257	0.0001222106952932025	0.00010604638149338192	0.0001263685475217639	0.00016147536447702187	0.00017972926368801833	0.00018967686902344563	0.000166921148342007	0.00016256687533403635	0.00015417702379231883	0.0001545653899294917	-0.002316467556556866	-0.0041992620745486585	0.003049376252074746	0.0016685122185856511	-0.00144131665798663	-0.005774475501863551	-0.010883690829561636	-0.015675600392548728	-0.017748523013804213	-0.015069003912069482	-0.00437389659326956
-0.009633312884097007	0.0038252163744243	0.0015150783772129534	-0.0022646000206695133	-0.006620640519272414	-0.011593077790453769	-0.01591955369635058	-0.016425766219516656	-0.00281586491127097	-0.0035672482772760913	-0.003007630683436652	-0.0011355325580275047	-0.0002012389579949816	-1.614222910392306e-5	-2.376555953085192e-5	-4.857823894847748e-5	-6.378553821447348e-5	-6.383329485912535e-5	-6.604068273670235e-5	-7.441113316543235e-5	-8.743425831642685e-5	-0.00011471176916453407	-0.00014907466615125592	-0.0001823253725196012	-0.00021051109086484606	-0.00020757795812563744	-0.00019902761978986226	-0.00017550978923642138	-0.00010455012845315583	2.0404851352972274e-5	4.224209760706912e-5	8.703617482958772e-5	0.00024155080677131684	0.0007469667757487282	0.0007810213620141205	0.0006372769512209744	0.0006744997766895304	0.0005613691699173276	0.000652455895427755	0.00056331474785113	0.0005470521943860183	0.00046522869433037297	0.0003506740958880277	0.0003644686948723323	0.0003715553598353457	0.0004163390241260066	0.00042013838305508783	0.000364232607486621	0.00038095100190819445	0.0003558954082200473	0.00018831597385921358	0.00012162890687118338	0.00019357925898531232	0.00018759187479190862	0.0002693345541321883	0.00018286362673150023	0.00014593010613990124	0.00016941671951295573	0.00017716887876743798	0.00015206307728003334	0.0001276864025409583	0.00010126972048748178	0.00011822349479366537	0.00014746729122278116	0.00016908495925698877	0.0001683005844950439	0.00015817083770843502	0.0001653127301061724	0.0001815155200367286	-0.0027182846053629053	-0.004510184666760019	0.0025909776125235384	0.0006286903974915166	-0.002510345530450272	-0.007186298147651017	-0.012031476518097727	-0.01594776787141067	-0.016941846482854	-0.0033479345713890167	-0.004494422122902955
-0.008954705066126275	0.004275976889075943	0.0020420102613118115	-0.0007892785185901155	-0.005317857678693603	-0.010068737606674602	-0.014569445744169573	-0.016673687252434906	-0.0020022997560279763	-0.0034060806967029945	-0.0034709517138702185	-0.0018698079467167428	-0.0006271496076896283	-7.031314720729707e-5	-2.550325871359842e-5	-4.2188668776001825e-5	-5.2169617375009935e-5	-6.21546018411576e-5	-7.875193729089937e-5	-6.525783371030488e-5	-7.997895679528074e-5	-0.00010213731294224452	-0.00012630125061456878	-0.00015722105390793983	-0.00018039106382725938	-0.00018713036706075083	-0.00017036538545245442	-0.00015374111722827469	-0.00010908358120419886	8.053424528366683e-6	4.477099568278191e-5	4.473897116775367e-5	0.00011358106123275081	0.00024429136831990235	0.0005212215515038638	0.0009876445423879722	0.0009886848437916699	0.0007519824599434993	0.0006202312663032411	0.000566320894953692	0.0005193966048806425	0.00045155096286593553	0.0003559843132316811	0.0004835185571380111	0.00040321576389695286	0.0004241017977184301	0.00040556578395379715	0.00037208732556037754	0.0003447989667927035	0.0002984584893007758	0.00021874617321441297	9.319243720117751e-5	0.0001664612365867313	0.0002918206241901556	0.00017599128467123132	7.303485450882499e-5	7.017326798239183e-5	0.00013192825282524388	0.00016300664602218826	0.00015536456930228878	0.00011674917351705415	0.00012989599064384461	0.00013323035695314084	0.00015338745377866975	0.0001561056761848838	0.00016357195493987533	0.0001624200123574153	0.00017585669591824583	-0.0017936812474306592	-0.0032510338261058664	-0.005117041968335872	0.0018040638052627437	-0.0005291150484536695	-0.0039522050207081725	-0.008377483509852063	-0.013136749029205983	-0.01599836416900342	-0.01571478484239295	-0.003429360855056893	-0.004162515889031152
-0.008349956330960109	-0.010040331819619906	0.002940171036639791	0.0002144939368361248	-0.003076854764926794	-0.008051845320795925	-0.01271636747254044	-0.01612119525568976	-0.01566764648430998	-0.0029475273249047187	-0.0038183746788448807	-0.002841603694280084	-0.0011062287526073782	-0.00024786343809475017	-3.498310993166588e-5	-3.2140097452991275e-5	-5.337053951262948e-5	-7.037181867452744e-5	-7.362133893378438e-5	-7.020889367852711e-5	-7.466159575731294e-5	-8.711298532951606e-5	-0.00011322504181759743	-0.00013346448195229203	-0.00015648662735242972	-0.000164032740382908	-0.00014992895344212554	-0.00013782639482244765	-0.00011415736465097382	-1.8171051310192954e-5	2.223698087325395e-5	8.132087495529416e-6	8.547888800214672e-5	0.00014041180110102228	0.00019546668632450893	0.0003697069302167144	0.0006131076714429713	0.0006765194943330244	0.0007955032910815388	0.0007503362491975226	0.0007222090397736289	0.0006418285956614369	0.0004959006097735137	0.0004108894548448858	0.00041663193636581495	0.0003527922991907363	0.0003514554089351453	0.0002787892523587755	0.00022787440033577663	0.00021631130112225732	0.00021130023738921228	0.00021177257715797882	0.0003174610400526746	0.0001841909429387433	9.889168291850972e-5	4.660478395111771e-5	3.67865341620433e-5	0.00011588209583671285	0.0001559365255509362	0.00013971637875863767	0.0001206173692601705	0.00012037513131511639	0.0001504227292598314	0.00014344370943491822	0.0001628391382619729	0.0001640298249639693	0.0001755714917274633	-0.0011184447191999506	-0.002365406483686405	-0.0038707409099145527	0.0024492566714304203	0.0009683036859670909	-0.0017179260321714064	-0.005342213140425629	-0.009861867798673388	-0.013730987014887636	-0.015720891838797296	-0.01401359300885486	-0.003898288012284727	-0.004240264349245256
-0.007790901273296527	-0.009351036709322545	0.0034299631181526602	0.0011189261184470186	-0.001737933865030764	-0.006171388301864784	-0.010561808426600568	-0.014528293763866322	-0.016279615302658423	-0.0019799273303564204	-0.0033226302278284428	-0.003495393059009168	-0.002104520891354042	-0.0009097498570465702	-0.00011007628711510678	-3.8032878058473184e-5	-4.6362056246537146e-5	-6.973892559986542e-5	-8.202704551686226e-5	-6.981130042924946e-5	-6.813772741713175e-5	-8.132179506611153e-5	-9.794306883161514e-5	-0.00011934976579308677	-0.00013431451162674028	-0.00013812552825999985	-0.00012809606779852023	-0.00011564238385419191	-0.0001051147096340006	-4.801787709519809e-5	-1.0502275699672461e-5	-5.596204583174511e-6	2.3332178650192963e-5	8.977504866825867e-5	0.00010605164269545357	0.00014422803185060688	0.0002903739057201916	0.00030237812786357944	0.00035557915498949565	0.0003700150197459919	0.00036443412532945646	0.0003698992264926038	0.00032012881253581634	0.00027916418994802263	0.00023814092865119698	0.00022368705087912917	0.00023677270419647777	0.0002078799476936443	0.0001497208143163865	0.00013935259718390403	0.00013869737519095092	0.0001791613066020735	0.00016846543205330808	0.00010796141174501935	4.608100472054348e-5	1.767192434428174e-5	8.471275341540162e-5	0.00012356943415445842	0.0001631517281009071	0.00015538095870700727	0.00013689543064430624	0.00011575782237917639	0.00013553555992443426	0.0001540644390217269	0.0001731976264250809	0.0001844487511241751	0.0001759759828695438	-0.0016444130914665248	-0.002945370458054166	-0.0046849484407172045	0.0016675502600344658	-0.00025929743115322783	-0.0030689884812618255	-0.0069611122971395345	-0.010996750009451791	-0.014152354358897926	-0.014976125652790362	-0.00280085854518755	-0.003912641743322109	-0.003962079468226571
-0.007225098830247961	-0.008762574690817352	0.003967558711458863	0.002088824770039694	-0.0007188646024093409	-0.003970061718328214	-0.00783485664436238	-0.012636810604539136	-0.015525567393809933	-0.015200486374561856	-0.002705963656213648	-0.0035505900453888274	-0.002882378408076693	-0.001422950624112426	-0.000539504906294034	-8.127404708151388e-5	-5.1150924939808884e-5	-6.40931645400016e-5	-7.569349481602433e-5	-8.159792759993222e-5	-6.56402021669233e-5	-6.981066479350217e-5	-8.282156869288067e-5	-0.00010199823125645472	-0.00011812654498802521	-0.00012267469724671563	-0.00010513742199957304	-9.642714015509583e-5	-8.897126818971375e-5	-8.12921971724946e-5	-2.5031201533844475e-5	-2.9565867252600364e-5	-4.962407728803959e-5	1.4346821813772818e-5	5.4455386734370974e-5	8.417071176466303e-5	0.00017372243988245865	0.0001673426894422611	0.00017337715546970645	0.00017016987851258884	0.00018100316547480826	0.00017576258925078458	0.00015997908276947666	0.00013238308475241992	0.00013418077980617001	0.0001648859207779367	0.00017188195337433223	0.00016764829023108518	0.00015158709414175728	0.00011525182360219812	0.0001334362536079714	0.0001704169600925876	0.00014394532609273992	9.333764721823328e-5	-2.9933702804045507e-5	2.4795536713163983e-5	7.969404741157293e-5	0.00014973025390791126	0.00015941415866793486	0.00016088246464938683	0.00014550195479294106	0.00010745594080509702	0.00014487358698868997	0.00016462211384124796	0.00018908571773148896	0.0001908820897396293	-0.0011426967175676823	-0.002231137365797022	-0.003730678097042175	0.002178554833469139	0.0008596845674359632	-0.0014153179875726041	-0.004617177089905787	-0.008293772432514977	-0.011837211761315202	-0.014253612506066198	-0.013597144267007503	-0.003007968924119723	-0.003701784250341141	-0.0037966044505468193
-0.006682114254165786	-0.008119055374833565	-0.009567725661939242	0.002922017226930088	0.0007214993341013608	-0.002451188305149172	-0.005843039811777046	-0.010418729971085205	-0.013965479653941543	-0.015791835465289734	-0.013537742781333139	-0.0030386021791361973	-0.0031540864943893562	-0.002489758122101185	-0.0013161812308863576	-0.00031926096041308893	-6.212660024899643e-5	-5.842496789630136e-5	-7.564977090484522e-5	-7.842578904447536e-5	-7.200648745671917e-5	-6.603496688889413e-5	-7.427123422140422e-5	-8.84722514374925e-5	-0.0001049333461504351	-0.00011242385962895899	-0.0001021546106479084	-7.586326534831061e-5	-6.925598000654553e-5	-6.849877782601626e-5	-2.7564230486950918e-5	-2.0960058581945456e-5	-4.721651168249118e-5	-4.168575545683456e-5	-9.658934596402234e-6	4.7570832438536864e-5	0.00011987260313509713	0.00017293057478259436	0.0001105706460946733	8.20533329023134e-5	6.826957856200217e-5	5.855234027371412e-5	4.939562925857969e-5	3.316868225974591e-5	5.4333444215685005e-5	8.980470677167188e-5	0.00011774243480784901	0.00011142575413560879	0.0001194245130389095	0.0001625402331059366	0.00020212833336899152	0.00013337180642211953	6.725131807292173e-5	7.008033047597939e-5	-0.0001029719096050121	-3.1554928786818976e-5	0.0001020348547913265	0.00012388391314978537	0.00014720424376230787	0.0001480192661950867	0.00013494717151052188	0.00011501987622404336	0.00013289014696321277	0.00015895489145896095	0.00017687649179254535	-0.0008517339520861505	-0.001704113463406055	-0.0029436142012837395	0.0022783722988066585	0.0013115901435449674	-0.0003469325650292403	-0.0028063390377079233	-0.006092928857430533	-0.009523872656067687	-0.012597492804876589	-0.01372339763918516	-0.0118261612433672	-0.0031874032934077223	-0.003792987433106961	-0.0034133057560354896
-0.006149108352216958	-0.007494548414798679	-0.00891309293547154	0.0034385557581078745	0.0016047166792720368	-0.0010770091492003232	-0.004025616079626474	-0.008214989229030594	-0.011968303823722073	-0.014984768848529503	-0.01575008329570746	-0.002140644532373757	-0.003238976602875785	-0.0032507034656612953	-0.002351978065258813	-0.0010907826413847736	-0.00024517659111499614	-7.279953673984423e-5	-6.995183883561477e-5	-7.364463890460643e-5	-7.170004698233844e-5	-6.259025000960045e-5	-6.986055343049911e-5	-8.031874499150757e-5	-9.621994566218934e-5	-9.772272730181285e-5	-9.231494769536534e-5	-6.763059011765189e-5	-5.335963498844238e-5	-5.022248300972418e-5	-3.231870367932953e-5	2.1466136836409626e-6	-8.860807501462953e-6	-2.5520907248271412e-5	-2.1748967280234062e-5	1.8613356866892865e-5	4.9836380446008344e-5	0.00014988966462050983	9.39041918993356e-5	5.589642701506089e-5	3.1173236662465003e-5	4.595971493820447e-5	5.375178307863794e-5	6.648773110876988e-5	6.6019202847363e-5	5.5287429778638514e-5	3.955438588162086e-5	4.2301157569772606e-5	0.00010180471998096321	0.00016712269254073555	5.8033746551869855e-5	-7.244563060239183e-5	-9.531289515939055e-5	7.145524684295988e-5	-0.00028688592806638184	-0.00016314691965031353	8.034085825163562e-5	9.882642313576807e-5	0.00011267974042761983	0.00012033559369196674	0.00011251820003943815	0.00010037207340920713	0.0001161327609887272	0.00013121563631413066	-0.0007735721706155145	-0.0014256006414466193	-0.0025122854567381316	-0.0038304994818645684	0.0017338158474890766	0.0003482294892095707	-0.0016732279440489987	-0.0043149137981183805	-0.007501129075941787	-0.010577320692935346	-0.012735733011762484	-0.012667863402346002	-0.0024819374845174917	-0.0035848104313849338	-0.0035498777857088633	-0.0026433579341081336
-0.005700173712749006	-0.006932922814879367	-0.008327628970315307	0.003992050177350087	0.002546379115595715	0.0004255569419296724	-0.0024934684481882556	-0.0054440301121718914	-0.00921912829559337	-0.013241427972645237	-0.015652239499857237	-0.01533337421472752	-0.0025564751812587375	-0.0031623538463780468	-0.0030192963878623337	-0.0017316204614704653	-0.0006982476047750671	-0.00020602505944503468	-8.11540359896025e-5	-7.137520415396118e-5	-7.80652335514927e-5	-6.4791986239766e-5	-6.50455825341254e-5	-7.474436320592003e-5	-8.291231980800619e-5	-9.388931542262955e-5	-9.08871388667357e-5	-7.771363467289194e-5	-4.249515460666762e-5	-3.534884568524294e-5	-3.8531935067917004e-5	4.570074200738643e-6	1.1413313199111156e-5	9.697929887024949e-6	6.194202484935389e-6	-5.5957194596237805e-6	-1.9701307239154857e-5	5.624819686821696e-5	8.819631694880275e-5	4.929574231997021e-5	3.383316510957171e-5	3.0161243890561346e-5	3.788726074175629e-5	4.997562480512182e-5	5.459464183606616e-5	5.631595003355573e-5	6.556151759006405e-5	6.960050771800709e-5	8.554067328770521e-5	-5.4145949185036184e-5	-0.00040143299873809013	-0.0004182940270865873	-0.00018710538276625613	0.00016122342514637923	-0.0005855410169174273	-0.00041058599932158554	-0.00025390190055207714	6.0435272342904217e-5	7.297078079482769e-5	7.60961209290822e-5	8.702091767433147e-5	8.939258275130247e-5	0.00010333253076822197	-0.0008002940823792396	-0.0013327396516575878	-0.002174056271572846	-0.0034404257986402984	0.0019174888298698213	0.0009166006557169773	-0.0007580883771553862	-0.0030436050191571433	-0.005847369679044907	-0.008790208703336177	-0.011294578505091262	-0.012365817456127297	-0.011064399541146403	-0.0030236051767295225	-0.003498054692834068	-0.002806403789313342	-0.0023059747751399177
-0.0053194983314523	-0.006480444090844554	-0.00779179897343797	-0.009105867697203276	0.003228449675820122	0.001517803681288766	-0.0007530351223781694	-0.0037188040336556968	-0.007210639140915353	-0.01114417885411909	-0.014186489986466384	-0.015746243823015628	-0.013984789861084491	-0.0026647702868703394	-0.0033587911550400744	-0.0026772495916335803	-0.0016848556298028128	-0.0008282316967463099	-0.00021772662128744893	-9.503755317113542e-5	-7.051018926029774e-5	-6.988752743364461e-5	-6.29147469695774e-5	-6.483329934567515e-5	-7.693817160635476e-5	-8.701462978524697e-5	-8.800880167322627e-5	-7.861971888144145e-5	-5.465446562595657e-5	-3.66765486009213e-5	-2.9291871440703515e-5	-6.6264296857555184e-6	4.707220862999283e-6	3.0180214480431326e-6	-7.071646340938205e-6	-1.2366583244907137e-5	-1.9515080849040592e-5	-9.255927827884955e-6	7.257030442060154e-5	3.783103621897685e-5	1.4080134822489018e-5	-7.89796445642168e-6	-1.429904600522281e-5	-9.14592667578608e-6	2.9166009253068813e-7	1.9551290980474124e-5	3.462472438468857e-5	4.195481514900306e-5	3.1596736618628027e-5	-0.0009095408262836096	-0.0011121376943030007	-0.0007548266589320142	-0.00018170538991162355	0.00034506791408945767	-0.0010306770815117277	-0.00074232671822781	-0.0005504765668377921	-0.00041076595033696326	4.755744771951553e-5	6.373422987046035e-5	-0.00052688657708871	-0.0006860093603301002	-0.0008639381857709429	-0.001287596400200728	-0.002014004797179131	-0.003115346274486067	0.0019375035230486542	0.0010959730856352568	-0.00020656911773922043	-0.0021559885886846524	-0.004688513279391585	-0.007340100388259581	-0.009836625670278511	-0.011569106124120094	-0.01153413296505085	-0.0021419240437935	-0.003109977162199306	-0.002806192687269868	-0.0025523073635708477	-0.0018079422066813058
-0.004984967796650387	-0.006077697330170409	-0.0072689780575650835	-0.008506977043844337	0.003757908576944243	0.0023346801508952846	0.00043750052345397267	-0.0021455979574849624	-0.005080550861830355	-0.008800750322040989	-0.012292730696499022	-0.014806689449907925	-0.0154650619836109	-0.012913574281877198	-0.0026655988424273062	-0.0030415422690176913	-0.0024805214081530433	-0.001673332337026422	-0.000935300004541574	-0.0002988042505478051	-0.00010141350899284857	-7.368770450657787e-5	-6.600957640024714e-5	-6.011002704054173e-5	-7.050788568744142e-5	-8.155120980320461e-5	-8.963166335198656e-5	-8.526496366307728e-5	-7.04353962558389e-5	-4.70306877752491e-5	-3.991089870801987e-5	-4.4912500120749955e-5	-1.8715201116806863e-5	-1.8833636102884403e-5	-2.4442976102397092e-5	-2.4294988742688304e-5	-1.5722507966516035e-5	-1.704528548574699e-5	4.433094770287866e-5	6.0469997341562554e-5	2.5565608641612008e-5	-5.594509958100248e-6	-1.4280418007331572e-5	-1.065461229332186e-5	-8.217878142800249e-6	-6.1822097550502636e-6	-2.115798342499484e-5	-5.134419236156491e-5	-0.0015340191836551952	-0.0021648555914039968	-0.0017627916933803244	-0.0009117284988544191	-4.514600145165817e-5	0.0006207495360244116	-0.001533713647869307	-0.001136677247214178	-0.0008709167085648322	-0.0007842728929900998	-0.0007437388466716424	-0.0008236341841139424	-0.0009208618856783298	-0.001063958237682244	-0.0013999166422945803	-0.001980951293500348	-0.0029633484056866776	0.0018871833000108985	0.0012352800718463581	7.374113275268527e-5	-0.001553903348694055	-0.0037306488106391847	-0.0063188405717437696	-0.008734382267489344	-0.01062985131401324	-0.0114287165699724	-0.01014156283521058	-0.002658513141601679	-0.0027074313671492847	-0.0026298417489244866	-0.0020837451371964015	-0.0013989422064782386
-0.0047199690147187124	-0.005760083252028848	-0.006820592750997306	-0.008007950216355595	-0.00918322147124187	0.003045612223739985	0.001577661084730842	-0.0005639283154085584	-0.0032336853794673265	-0.006289683140938545	-0.009488536142840332	-0.012462806472086193	-0.014931247210798559	-0.01512731822718432	-0.012324828250910757	-0.002908409536383093	-0.0029934510771816763	-0.0025648265376968585	-0.0018553413589390089	-0.0008470725972786399	-0.00043124359743059663	-0.0001436602696767943	-7.970206848771806e-5	-5.813181576730575e-5	-6.487242393494874e-5	-7.213529044557596e-5	-8.659120135595643e-5	-9.101689057960987e-5	-8.425447610917897e-5	-6.689669306600001e-5	-5.237240033632833e-5	-5.066759155264253e-5	-4.1070719585340185e-5	-2.917721371325296e-5	-3.0621829415930004e-5	-2.6534965365157286e-5	-2.499869482625657e-5	-2.4925607498162323e-5	-4.757523208680224e-6	6.344233837046645e-5	4.240627254784489e-5	4.8548665559318445e-6	-1.4964620147598773e-5	-3.1904347370487875e-5	-5.547714221974162e-5	-8.371590068520435e-5	-0.00012939867048264604	-0.002064280719288666	-0.003428018993360084	-0.0031352797946784623	-0.002058715884511259	-0.0009509037576419252	0.00010715448794373819	0.0008594922332595824	-0.001899121900916241	-0.0015330377404345651	-0.0013252389224677307	-0.001210170559551563	-0.0012551945289192993	-0.001279889821221549	-0.0013920220747742087	-0.0016426811728886637	-0.0020582524942629596	0.001934738147230742	0.0017677175069622936	0.0012624929015039867	0.00023259403184720307	-0.0012474672374729286	-0.00312437254486791	-0.005387119173857676	-0.007679986146292272	-0.009698402508620595	-0.010937642779829625	-0.010595124325643019	-0.002187616519160797	-0.0023862078781846006	-0.0026795493191874883	-0.002329824055601263	-0.0016883835737624235	-0.0009785370623273729
-0.004429302366818	-0.005440981605848043	-0.006435617849500614	-0.007544409294827946	-0.008649653301091232	0.003612160442321976	0.002413715688222879	0.0007780595942354697	-0.0012487695290798184	-0.0041684212073750445	-0.006980366256826824	-0.010477797175685435	-0.013069520507309706	-0.015200984090399718	-0.01529625680440425	-0.012848419190018607	-0.002830439654198286	-0.0029874255846317373	-0.00264369391031783	-0.002002619493804721	-0.001032551294929951	-0.0005942856027599576	-0.0002963150118013566	-0.00010797320296604724	-7.000567573026457e-5	-7.204176302584194e-5	-8.267789215144638e-5	-8.330094851815019e-5	-9.369294053677231e-5	-7.991672024532842e-5	-5.868945319907461e-5	-5.363383818596246e-5	-5.746652429106171e-5	-2.838944654826177e-5	-1.99598328320771e-5	-2.7565738589051645e-5	-1.9204261105534103e-5	-1.7613803789805035e-5	-2.035859753696849e-5	3.132063029659348e-5	6.68524867176224e-5	1.6181149455778323e-5	-3.2086139248307916e-5	-8.941248190368977e-5	-0.00015977976543514572	-0.00023545462078928587	-0.002504448227663135	-0.00444848662236048	-0.004714930214674923	-0.0036072263169293303	-0.00207560336411373	-0.0008536680145910378	0.00024450214673204574	0.0009657698153060887	0.0014569985960950656	-0.0019786650948085517	-0.001865123701075887	-0.0018200382368053802	-0.0017629059600220048	-0.0018156454328123741	-0.0019551029280997024	-0.0022879555020428742	0.0017543084951030501	0.0015996994423686638	0.0011577815647468349	0.0002547927137674575	-0.0010566625465552337	-0.0027182198300258515	-0.004757154067758027	-0.006937075370051229	-0.008937311882237942	-0.010239991821248674	-0.0105143918625364	-0.0015419654042349948	-0.0019736627020814986	-0.002365960367222489	-0.002288455895492696	-0.0019173410236562151	-0.0013082487469385311	-0.000619224018523267
-0.004195276797040875	-0.005095363391503673	-0.006089590289853766	-0.007109802251788047	-0.008158286540944547	-0.009155251377819884	0.0030088823267913605	0.0017852485461902687	0.00017773328176786947	-0.002138519332517078	-0.004470134587629474	-0.007672565458180511	-0.010935756114625444	-0.01336510592859493	-0.0154506196178831	-0.015620543286991766	-0.013477016573130666	-0.0026293703745432196	-0.0028470223492145464	-0.002625846077177536	-0.0021096168971425065	-0.0015148887565038399	-0.0007396033518124143	-0.0004001957326292481	-0.00020725121884765784	-0.00011456817069117887	-8.050606501573998e-5	-8.882982025896822e-5	-8.62079907001608e-5	-7.216294729462395e-5	-7.311217245085968e-5	-5.5199501942682606e-5	-4.8510669984529805e-5	-4.8756902031002984e-5	-3.9054273317645754e-5	-3.0192863710036324e-5	-2.2794070259252882e-5	-1.5976222589806935e-5	-1.969923988265593e-5	-1.936894982668819e-5	-2.6272848271839065e-6	-4.2979318607113155e-5	-0.00011972211921416247	-0.0002403367295163304	-0.000332864570014321	-0.003070396414291414	-0.005232169627219385	-0.005970765269650014	-0.00518196820401476	-0.00371611541648578	-0.002087105003860737	-0.0006784240649949885	0.00033407852603465027	0.0010401390822299893	0.001511153106116162	0.0017980293217500923	-0.002441547850565297	-0.0023330315608396184	-0.0023204216239230925	-0.0023842227627895694	0.0016596511538683983	0.001531538189923463	0.0013818885139309245	0.0009710923018562616	0.0001699108482421818	-0.0010279973250949483	-0.0025081339348365346	-0.004417789552847013	-0.006350628895611942	-0.008354462908055731	-0.009805530923608334	-0.010290697932395709	-0.009625846389711578	-0.0015284805706147282	-0.0021331412255433642	-0.002350095400447658	-0.002034837409011842	-0.0015096420074038424	-0.0008967965341362725	-0.0003227973963947141
-0.004305285342389227	-0.004838036922319909	-0.0057555834470317535	-0.006763899924892592	-0.007722640013624785	-0.008672691691011543	0.003572091857474273	0.002589744757350473	0.0012145138075967342	-0.0004172783775667663	-0.002707578039568256	-0.0054856150646732	-0.007995044350280927	-0.011129691884666556	-0.01391856050043808	-0.015562249987165168	-0.015458701925460436	-0.013995074006056093	-0.0023013307762720357	-0.0026214417339265445	-0.002515532457043924	-0.002103597023888279	-0.0015634276264877957	-0.0010577096985038828	-0.0008418123881122442	-0.0004678012666311715	-0.00025565665982223704	-0.00019160544845500785	-0.00011844193631939622	-0.00011089179134960154	-8.696700526538945e-5	-6.0696043206458664e-5	-6.590503435507654e-5	-6.272710536669138e-5	-5.7783805851890276e-5	-5.1907169290655844e-5	-5.583739678967803e-5	-6.341251237151225e-5	-0.00010815157784567726	-0.00015527483767322997	-0.0002031804494913139	-0.0002310117291705595	-0.00033625289529904816	-0.0004618680006625287	-0.004012505002677843	-0.006258627643330378	-0.006883589939752108	-0.006576520467521155	-0.0054241242627305775	-0.0036365353897130598	-0.001970438239355549	-0.0005641607158681295	0.0003999392759756314	0.0009940887047587188	0.0014263898851363246	0.0016485758407949241	0.0017304422258208095	0.0017508104429981067	0.0015837658446742077	0.001423479406910986	0.0012676397064847642	0.0010902949297596422	0.0006655358674745765	-7.611411524338817e-5	-0.0011163189247817517	-0.002537234107553101	-0.0041871291632935076	-0.005972093483858203	-0.007804143033795745	-0.009307446543936924	-0.010116216349232984	-0.009769889564461684	-0.0011549573740640617	-0.0018705937256370253	-0.0022132302789749972	-0.0021567543526559364	-0.001762437937053408	-0.001159708196208683	-0.0005528780902624599	-0.00013336954757113176
-0.004077107246834295	-0.004899384367170425	-0.005470709147764591	-0.006418048951413263	-0.00735052244681961	-0.008276608038424458	-0.009199158809729956	0.0031678663086406227	0.0021654547663663122	0.0007845283614058149	-0.0011432008476896767	-0.003041297165140007	-0.005680463400614726	-0.008595523868454615	-0.010883597255269835	-0.013454166967925243	-0.015070079684951899	-0.015341414307238066	-0.014381396889233254	-0.011824815797584093	-0.002348982384196061	-0.00252675124728335	-0.00225721171525031	-0.0020577902595280725	-0.001513974856141435	-0.001266740475886813	-0.0007596348963277425	-0.0005861542805006853	-0.00044622187101440525	-0.00032988322930230696	-0.00022916603301848906	-0.00022620329409161233	-0.00019906834084798628	-0.0001760483554351844	-0.00016224474220745308	-0.00016718585559506046	-0.0002041820612116067	-0.00027294826797406824	-0.00032850247211550125	-0.00036687594742252673	-0.000442971425678581	-0.0005069344501936939	-0.0005182279992788612	-0.005361898643752274	-0.0070169783640433555	-0.007739417717124098	-0.007303536870129204	-0.006566042995506485	-0.005354472810301842	-0.003337923699026403	-0.0019292729200972307	-0.0006317879601981296	0.00018102877100810124	0.0008131199136261874	0.001184536681722634	0.0013884575314712232	0.0013217870656293614	0.0011963828549351096	0.001059588304200778	0.0009144186104131337	0.0007268768522105322	0.0003296296016615399	-0.0003760245611726252	-0.0013475657705613573	-0.0026079215888350406	-0.00414144171920602	-0.005825027165300908	-0.0074402612666356355	-0.008921246837396613	-0.009786031692820964	-0.009646407392835536	-0.0008561489005466239	-0.0016485446937081788	-0.0020908007149103417	-0.0021651046096548086	-0.0018944070900390928	-0.001350659444640593	-0.000794511927572919	-0.0003079974982169041	-2.7772112347942003e-5
-0.003877397598158997	-0.004663625506949235	-0.005437943699317977	-0.006093644638080055	-0.007012256690186837	-0.00792490027134603	-0.00882598366664723	0.0036555917530207787	0.0028200794968855827	0.001673441686082409	0.00045714217335473075	-0.0014061894897059346	-0.0036217351639541116	-0.005660337020898791	-0.008352779138365928	-0.010483145935162155	-0.012983988919891158	-0.014717446505500505	-0.01516636653658917	-0.014719657651497511	-0.013706769791571736	-0.002019068594083407	-0.002264087090613011	-0.0023378966893939307	-0.0019847842205883023	-0.0017267074098435624	-0.001476350865407638	-0.001178588446151808	-0.0011239544313263682	-0.0008736295788304297	-0.0008280827695007497	-0.0007389012538639338	-0.0006288735753612724	-0.0005031545262782816	-0.0005525269466429282	-0.0005655063826353917	-0.0005234242908978057	-0.0005773108927498588	-0.0006461436357131329	-0.0006044430641551307	-0.0007130695516865676	-0.004280734171348411	-0.006859656901456682	-0.008071804977621404	-0.008643588245337116	-0.008188125829382886	-0.007456632647724084	-0.006468601331190127	-0.004943475247026625	-0.0032068726409521203	-0.001865687643679881	-0.0007409042057354118	2.5156364528124886e-6	0.0005715550900712443	0.0008286210220850489	0.000891702226644419	0.0008569814836232551	0.000617029934347232	0.0004931756168419261	0.0003016856708586216	-9.491430494599843e-5	-0.0007297011768773053	-0.0016456607244522265	-0.0028108929703559073	-0.004210903503329484	-0.005711206493108234	-0.0072636879674812865	-0.008594159533513411	-0.009514276446914527	-0.009622134463213694	-0.008163743910862328	-0.0014435867960415636	-0.001985254021236058	-0.002158441315130763	-0.002012130756800281	-0.001505277133855632	-0.0010028367213139463	-0.0005220421341335334	-0.00015598798618429634	1.3121392149150546e-5
-0.003659161161973746	-0.004424229943113427	-0.005209468080346009	-0.00600388433272156	-0.0066715148032760714	-0.007594147150038844	-0.008489996136645776	-0.009340582833882826	0.0033529960664291703	0.0023917769511192363	0.0013867835254162731	-1.1942021451462763e-5	-0.0015722007281740017	-0.003646531367598364	-0.005536330841922521	-0.008089229283117798	-0.010078882764695011	-0.012505881865382432	-0.0139171229367855	-0.015074975442855621	-0.014999465290996756	-0.014660192724076176	-0.013008182238527524	-0.010717684874408127	-0.002040951112626377	-0.00207041782491179	-0.0019146422657152456	-0.0016478470495936127	-0.0016080717786511214	-0.0015149545575435827	-0.0013548515910304247	-0.0011923059963260703	-0.0010366961800203764	-0.00101756199894278	-0.00096502780079607	-0.0008980245435041328	-0.0009404445113571682	-0.0009087684303884146	-0.0009292278096757154	-0.005191678418899141	-0.006702800239298593	-0.008354952056413333	-0.009618494280200202	-0.009623044737736019	-0.00928329564425374	-0.008507331492686922	-0.007538766966956344	-0.006167502601141799	-0.004627207306061109	-0.003024568813305096	-0.001821423403169877	-0.0008375279680939543	-0.000294083398852053	6.865613695971892e-5	0.00029626395220060255	0.0003200527819720499	0.0002843968400632699	0.00018869658146282854	-0.00016165634844456114	-0.0005730475425779043	-0.0011549237606896534	-0.0019996970515098883	-0.0030775102863647326	-0.004309691636714275	-0.005712891273801356	-0.007102393159874564	-0.0083705769320984	-0.009254476886006108	-0.009511225903287993	-0.008171924546827294	-0.0011684645784614516	-0.0017405801429773667	-0.0020149431656114915	-0.001976969185665412	-0.0016540002317114574	-0.0012067464227403367	-0.0007054235943745854	-0.00029904000555813526	-5.86699247720914e-5	-2.3701348754163046e-5
-0.0034895344630570496	-0.004220574540061799	-0.004978132210492369	-0.0057433050696322424	-0.006518432545415737	-0.007247400384861967	-0.008125493210402028	-0.00898281031173876	-0.009762499248177296	0.0029740353068945105	0.0021231107586866123	0.0009704522782149569	-0.00020584101513295306	-0.0019885739207158586	-0.003640199404204096	-0.005425472076531541	-0.007898245881608588	-0.009811717257574354	-0.011600903291857532	-0.013100466809794318	-0.014454784190347056	-0.014717758353014237	-0.014853409674332397	-0.014272847884531816	-0.012956798007791327	-0.010888700615885864	-0.009711087379529009	-0.0017092069608110206	-0.0016825939408856123	-0.0015879877885563822	-0.001484270963032656	-0.0014888670940734333	-0.0013902904010407004	-0.0013093803366766676	-0.0011950577995923379	-0.0011721281577146518	-0.006252382192236385	-0.007251792212559278	-0.008685213559657772	-0.009480863477926682	-0.009864191192044514	-0.010271402757741216	-0.010495658213318318	-0.010190374759854109	-0.009394151378074984	-0.008357142015042451	-0.00713663846471284	-0.005519245108836036	-0.0041086994417060835	-0.0027217687687398984	-0.001736577638548724	-0.0011003762455642958	-0.0007035365359936971	-0.0003778509033610145	-0.0002497820541905425	-0.0002343568571697791	-0.0003199807317749226	-0.0005260490305369564	-0.0009551293829644654	-0.0016280300450359736	-0.0024397406346517614	-0.0033985404116070638	-0.004528440746349815	-0.005768044687942374	-0.007020312767965325	-0.008159451783456464	-0.009014060597403582	-0.00868322709827393	-0.008138133828989804	-0.0009466659791333184	-0.0016429677819588776	-0.001976251850213749	-0.0020212148148386006	-0.0017204417575483527	-0.0013201574596242984	-0.0008679894684988665	-0.0004398804076983748	-0.00016414843411986956	-9.695229183015352e-5	-0.0001395400477736401
-0.003326861147097172	-0.004030821277237586	-0.004760541559564752	-0.005511733610969085	-0.00624067190702655	-0.007013860404794305	-0.007788653381860094	-0.00861138594026135	-0.009411800035386692	0.0034185030284939635	0.0027102102101647873	0.0018685570487246672	0.0007494997106416543	-0.0003743621262295677	-0.0019115185731398377	-0.003662386457331974	-0.005360222065858779	-0.007170913755566655	-0.008981383935441218	-0.010677097447342753	-0.012174788593236929	-0.013274594853897963	-0.014014966163392466	-0.014077539283382854	-0.01450705286012922	-0.014069159778597814	-0.013080073666933083	-0.012045801535033372	-0.011088493575889665	-0.01082994465183231	-0.009741453031261478	-0.009426494908517845	-0.009024085948109325	-0.008687248579413196	-0.009229198824997004	-0.008899196012268028	-0.0099588436213884	-0.010294110618568433	-0.010597029104987733	-0.011060412548557145	-0.011244689338144896	-0.01121577102049435	-0.010969975908853949	-0.01007499555136838	-0.00893296822300991	-0.007489170322278399	-0.006092707024270911	-0.004658601044303378	-0.0035443708668873642	-0.0026981215105126004	-0.0020678096248768598	-0.0014761113368359168	-0.0011322634667989043	-0.000869737196656702	-0.00081615642860838	-0.0008651224829322376	-0.0010864010278188539	-0.0014532038762177988	-0.002051714470049867	-0.00286681069987298	-0.0037891443020017512	-0.004829147151123825	-0.00592989339475762	-0.006991831761641508	-0.008007191220625032	-0.008702942751155799	-0.008378744813120549	-0.007904167648196073	-0.0008732644388182128	-0.001443970508557194	-0.001825673682826789	-0.0019440166798831528	-0.0018220700920722143	-0.0014665987613688277	-0.0010225752443526097	-0.0006102842316422976	-0.00030509782380266334	-0.0001550854356445195	-0.0001410707261425454	-0.00012124066472605207
-0.0031408973437256895	-0.0038536243844969485	-0.004558926777244258	-0.005291002584933608	-0.006023452686394588	-0.006742202788695103	-0.007497772404730162	-0.0081897753435294	-0.009053760645511555	-0.009791544585415353	0.0031548610857240803	0.00244644623314918	0.0015055419515105542	0.0005457589712460314	-0.0005334044857606487	-0.001741773035556855	-0.0033093279717376287	-0.00488978655080855	-0.0065598026582117394	-0.008296173810799988	-0.009905459359565232	-0.011372727726284738	-0.012126808183155825	-0.013079712883769513	-0.013309718092742577	-0.013703728786269622	-0.013746352172960106	-0.013618683293084256	-0.013355106965689827	-0.012958992302978669	-0.012541420262587623	-0.01191022623968397	-0.011731019593090246	-0.011304699626530532	-0.011232398949291242	-0.011232173519335613	-0.011343963422821611	-0.011343139168444602	-0.011235560401052141	-0.011203804958509056	-0.01170122359751444	-0.011118749093862986	-0.01065352511728946	-0.009459766052056635	-0.008167349075629117	-0.006695781747190887	-0.005473942757784516	-0.004224110805181415	-0.0035133149410451403	-0.0027781662919288113	-0.002097482803346816	-0.001790690983385472	-0.0015157659612730395	-0.0014233056794744664	-0.001495388827580017	-0.001633475935172413	-0.002087466448324219	-0.0026422015162413386	-0.0033417934946254725	-0.004182938874721938	-0.005140506634754516	-0.006142430738837989	-0.007114318167229078	-0.007965768225160813	-0.008559730882239195	-0.008127874870946588	-0.007720929344324579	-0.0008288031883578603	-0.0013992624336285817	-0.0017827344295241066	-0.0019500660382889665	-0.0017925358954054903	-0.0015204831986792343	-0.0011356974744965744	-0.0007349987287835902	-0.0004054356815053165	-0.00019686775226970783	-0.00016422471251763816	-0.00011562880454835647	-6.125616412709342e-5
-0.0027107892067302903	-0.0036297922064468737	-0.004377598428928105	-0.005081719829363414	-0.005806130838624481	-0.006529980179942856	-0.00721523032573602	-0.007936798055059473	-0.008604110456423125	-0.009466272718043367	-0.010152783330053148	0.002879542931400581	0.002182694143664026	0.0012653348683377382	0.00033963412804838717	-0.0006958691933166623	-0.0018602776563530186	-0.0030475371039981763	-0.004514343109201362	-0.006081670432276223	-0.007679381767110999	-0.008752747806117326	-0.009674026788091542	-0.010954109220393006	-0.011549347755724467	-0.012085160078673324	-0.012451859386581646	-0.012348632014934949	-0.012948480719602848	-0.012844553034167002	-0.012715887727961431	-0.012399006177215642	-0.012084523136616997	-0.011769246094062122	-0.011545500309940783	-0.011427311309091788	-0.011192314391998177	-0.010984006801435688	-0.010718196757572148	-0.01049600219682597	-0.010407373241097707	-0.010289303521286479	-0.009358217292852954	-0.008184681687184208	-0.007159218883264743	-0.005930488150827551	-0.004930399767645065	-0.004143460908377171	-0.003492859819205074	-0.0028526666486089363	-0.0024521947005358906	-0.0021369911249813837	-0.0021115052081132246	-0.002088326157998966	-0.00235872549459027	-0.002767436544301847	-0.0033002234082755706	-0.003912089038570152	-0.0046715847404208	-0.005495007072256256	-0.006351293000149793	-0.007245865506053334	-0.008005140116689577	-0.007923594650237118	-0.008021012451990467	-0.007619941721805921	-0.006634424278006673	-0.0012668482100759175	-0.0016434650337631847	-0.0018317251514600532	-0.0018231734757772106	-0.001584065116940277	-0.0011955497482516659	-0.0008285389224828104	-0.0004937280047752193	-0.0002876550440184786	-0.00017880273339425777	-0.00010933058193029713	-5.7921109464501126e-5	2.0119073692462775e-6
-0.0023337759030046955	-0.003232549701455191	-0.004157875045575002	-0.0049445805962133335	-0.005596649191595008	-0.006304337776894865	-0.006983050191231494	-0.007659533697354567	-0.008333669033905365	-0.00895261805824524	-0.009806880527820012	0.0031831994708487257	0.0025903509906597243	0.0019094723433618725	0.0011392491900111589	0.00027874702698061645	-0.0006855814677683456	-0.0017638108312897792	-0.002700685870983991	-0.004222693769564136	-0.005303132779029962	-0.006769170094092851	-0.0077369478737419105	-0.00859420312334511	-0.009434190557105508	-0.010189921039565477	-0.010404907068014323	-0.011000582098254885	-0.011179183762757373	-0.011211336019505268	-0.011517542247440716	-0.011514056849613423	-0.011128868400342919	-0.01102457013861889	-0.011059142552061557	-0.011150643775613964	-0.010794014290743866	-0.010287424029026843	-0.010007242063492643	-0.009432058616016935	-0.009210381780965782	-0.00829097182400325	-0.007921061220811846	-0.007360143850373044	-0.006561228129344677	-0.005535889270348301	-0.004675702353831024	-0.003971228069558358	-0.0034679955343305466	-0.0030104788409295396	-0.0026859511894111445	-0.0026853970987280834	-0.0028515651051013572	-0.0030804355314189864	-0.003488974941063853	-0.003944007659713656	-0.00450304614398324	-0.005150775558423379	-0.005901408194812461	-0.006685827418726321	-0.007422710115240668	-0.008029157440891178	-0.007831351847680766	-0.007862027626663031	-0.007374770824134472	-0.0007655255419121967	-0.001230581415119509	-0.001601854268256504	-0.0018174952003887422	-0.0018217511674061481	-0.0015364762909702218	-0.0012614246102278818	-0.0008954639976480738	-0.0005961611041983762	-0.0003532316619538788	-0.000187659070585256	-9.982906210760015e-5	-4.649641196584526e-5	5.1881689670120375e-6	6.989541086057674e-5
-0.0019589888311548043	-0.002841538854143438	-0.0036890703660188784	-0.004636643141308276	-0.005453404680146228	-0.006107718001250927	-0.0067929288803676765	-0.007438112445095869	-0.008066203152946374	-0.008664809337108104	-0.00922705861048321	-0.009745019640624748	0.002866784096879265	0.0022926179743844146	0.0016260166039166095	0.0008798082035921873	0.0001824798995789226	-0.0007260129028023364	-0.0015322838079774624	-0.0025995287306694215	-0.003493557171465622	-0.004674579012648862	-0.00564057564612741	-0.006595889890159124	-0.007496077823116158	-0.00832227634334278	-0.008677867022240448	-0.00941475004457196	-0.009701303573795665	-0.00989837546308501	-0.009681928775446554	-0.009895571343165899	-0.009804989847264169	-0.009770656695626467	-0.01013151018923686	-0.009764101710054466	-0.009842620172680715	-0.009504750876565816	-0.008840566346408738	-0.00859738929310813	-0.007962966546429045	-0.007137700046141112	-0.006721927188247043	-0.006017714719436278	-0.005635389847981917	-0.005026081083908568	-0.004615073003246295	-0.003961596520242407	-0.003665939917377061	-0.003425649818518125	-0.0034921078984944368	-0.003608920434588848	-0.0038537107382454697	-0.004125949030766693	-0.004551896741711664	-0.005013690072040037	-0.005639012517603958	-0.006281522087940114	-0.006929290154561516	-0.0075427647445508875	-0.00743595999510201	-0.007698198424503057	-0.007562039803191255	-0.007207791174266124	-0.0007315505067316718	-0.0012517593276822438	-0.0015602260392628367	-0.0017606651216426272	-0.0017180975844217853	-0.0015432853731263533	-0.0012429925908511727	-0.0009399889083189882	-0.0006229905456495801	-0.0003841012154268166	-0.00021598505216699268	-0.00010385475766222605	-3.496251580563196e-5	1.8402024201407044e-5	7.616881381025172e-5	0.00013801399198922352
-0.0015784238899079874	-0.0023540057447155346	-0.0032697566310638656	-0.0042054554405508236	-0.005096684516658946	-0.005953317762267433	-0.006586612962203934	-0.007238677261132027	-0.00784523740341411	-0.008433886316021717	-0.008978944961997764	-0.009474906698438484	0.0033961079647430877	0.0025425130894331355	0.001975898458192216	0.001417602621344671	0.0007047305390232879	4.320965221027265e-5	-0.0008134301292448131	-0.001573478735626584	-0.0023555093249903155	-0.003158901034522652	-0.0039799822687890275	-0.005128525891869325	-0.005725064480087825	-0.006621186791638846	-0.007137909239299976	-0.007552452151345872	-0.007897935562117497	-0.008206715994587	-0.008485110226543234	-0.008481645385020938	-0.008529297873830046	-0.008617410714772676	-0.008705962209534054	-0.008436701151397405	-0.008143345968419015	-0.007852214917805824	-0.0075620020161389434	-0.007073749788174419	-0.006653830101172524	-0.0062795116008633614	-0.00572031821283713	-0.00542004035807797	-0.004912436882429557	-0.004421009303062398	-0.004176085422222302	-0.004158665870840045	-0.004147624021692446	-0.004164102680786622	-0.004238953709469948	-0.0044380632562639084	-0.004780020812781499	-0.00506814903076617	-0.005504786562752388	-0.006016020008355075	-0.006568564491232913	-0.007075474107058055	-0.006979610706360152	-0.007294144741563826	-0.007418279666454545	-0.00734352291464629	-0.00689787140860885	-0.0007058590013132506	-0.0011767624139981724	-0.001466426274907657	-0.0016687675972276866	-0.0015993450546040527	-0.0015095528981141206	-0.0012592504209197276	-0.0009510155458914459	-0.0006666462109086181	-0.00042525382265191664	-0.00022927325513169786	-0.00010715027793369508	-2.9859311900109757e-5	3.377027444529322e-5	9.033762772497935e-5	0.00014561803422637767	0.0002006475455073375
-0.0011821002397974624	-0.0019357246017845586	-0.0028460097308735006	-0.0037730825486326875	-0.004640853128517551	-0.0055331467761730365	-0.006419162486038618	-0.007033468621590381	-0.007634827399218938	-0.008213321086240476	-0.008764296086801925	-0.009267113751556819	-0.009714169381293547	0.0030873609083986358	0.0027564786144635423	0.0017023229682533573	0.0011716232396832955	0.0004896176538410107	-0.0001394211861160196	-0.0008073797896332202	-0.0015084897484646388	-0.0022451626537635374	-0.0030027850126693205	-0.003564308150871298	-0.004331240696492968	-0.005157442623690261	-0.0056998453003316235	-0.006194945560416275	-0.0066453693996012045	-0.00705847514187893	-0.007142627652620212	-0.007530501331485361	-0.007609949543084924	-0.007394282299300657	-0.007466558325070496	-0.007242342877270871	-0.007041556104628983	-0.006879244978092735	-0.006740955469187749	-0.006372614992619514	-0.00604397463610938	-0.005748807446433752	-0.005275878847251258	-0.005058694676406299	-0.004780495855962616	-0.00462020494211042	-0.004416389287958159	-0.00431374723132129	-0.004395436524840567	-0.0043853858178288675	-0.004652738869404125	-0.005031878679179779	-0.005364246579051449	-0.005747178546644526	-0.006180423736296828	-0.006165284430821436	-0.0065943750539746064	-0.00696948140278594	-0.007223591448478783	-0.007332806884087461	-0.007175769220635011	-0.0066177954252803995	-0.0007479443728410809	-0.0011479750336166122	-0.0013597393814913578	-0.0014920425106854953	-0.001493676310472623	-0.0014259832605622938	-0.0012362828320618237	-0.0009846991203927432	-0.0007046147331165798	-0.00044954152680967517	-0.00024930588586265587	-0.00011036278133077159	-2.30413790586068e-5	4.486136982323546e-5	0.00010404059522507081	0.00015848618407138858	0.00020534733185460227	0.0002490372253764048
-0.0030925881576911295	-0.0014974752369568637	-0.002414940950126195	-0.0032332587983336684	-0.004177096037028885	-0.005048829217039914	-0.0059399260193663955	-0.006863950882892901	-0.007430331070406523	-0.007996749207636938	-0.008532256020786423	-0.009035675914164924	-0.009502022581014373	0.003112405413227134	0.0028257676029491458	0.002416931018980361	0.0014026710336825497	0.0008869016229482631	0.00033207749801096044	-0.00025624432483851403	-0.0008820369022022228	-0.0015413331315161424	-0.0022345446743326546	-0.002777798832129119	-0.0034983922028323524	-0.0040244403062349495	-0.00452604254351648	-0.004986540739207263	-0.005513228824121425	-0.0059541575707542605	-0.006104683676762027	-0.006223240777451289	-0.006366503965001155	-0.0064977250788031135	-0.006381585570810914	-0.006520170844564287	-0.006425707898284803	-0.006122341036436842	-0.006044727099651863	-0.00577438021077407	-0.0055289820312231525	-0.005260291476462133	-0.0050937716884287216	-0.004914289086997512	-0.004794491708834559	-0.004749820409746285	-0.004771177035063333	-0.004756158798088821	-0.004812064030111417	-0.004955247537829981	-0.005189346059929055	-0.005476064354460572	-0.005294226947100344	-0.0056371868613247665	-0.00595440786502731	-0.006260902052194674	-0.0065183710692349114	-0.006672742776681051	-0.006655121039277722	-0.006403719962025913	-0.0058769191604798945	-0.0007619430837188687	-0.0010621269235169418	-0.0013278204426564399	-0.0014454857827509114	-0.001457403569003599	-0.0013852393683837102	-0.0012189568811777195	-0.0009891629954730768	-0.0007251671729638121	-0.0004652629428908703	-0.00025230754418027057	-0.00010245543176858995	-7.984031910659921e-6	5.351983282559576e-5	0.00011055830758961157	0.00016642426636447692	0.0002151121655539115	0.00025141206780870224	0.0002777086819415076
-0.003010233902651081	-0.003664815395667448	-0.0019624612110985622	-0.0027668174950358933	-0.0037157162438883023	-0.004565547731580468	-0.005427577265263369	-0.006296402290421608	-0.007160293268698026	-0.007763085947465313	-0.008287676877445962	-0.008779250235891333	-0.009245971272173036	0.003094313956516775	0.0028464216192946915	0.0025483127028963267	0.0021273000230632375	0.0017346063369571747	0.0005740742717507716	3.1470585755511026e-5	-0.0005450421385547863	-0.0010413337315055152	-0.0016606823745021154	-0.0021743393304691724	-0.002691142594687335	-0.0031968834204339327	-0.0036824110078983317	-0.004139531226742312	-0.0045578174919226845	-0.004771552366690168	-0.004957012073339869	-0.0051109044151005124	-0.005605033344087872	-0.005762915312700034	-0.005721659405286204	-0.005685972053655953	-0.00565615828293002	-0.005627862569842318	-0.005572367925561166	-0.005370031894544467	-0.005218795575048661	-0.005119360530853142	-0.005085316066397194	-0.0049887347950060106	-0.004954186662095414	-0.004978691216654593	-0.005062700083499864	-0.00512701093833397	-0.005334359872389341	-0.005117448033488566	-0.005364412729345958	-0.005648039622063673	-0.005900711160003336	-0.006180618322814015	-0.006406218935309951	-0.006610052501059155	-0.006677172229098078	-0.006573150267883587	-0.006245246225500681	-0.005647772279094599	-0.0008305062819625506	-0.0010747888631682228	-0.0012768185470061178	-0.0013889756992081332	-0.001407142781595733	-0.0013344877429783011	-0.0011806054981532415	-0.0009723623600922998	-0.0007263379462186253	-0.0004742133824815081	-0.0002514832075687028	-9.868054964694719e-5	7.147871617848567e-6	7.247458170033461e-5	0.00012206534944964795	0.00017261046997628262	0.00021922596212047387	0.0002562320994881839	0.0002740178035791926	0.0002801691988432176
-0.0029541821848058205	-0.0035650582881203243	-0.004200239032469588	-0.0024312119952032574	-0.0032422992922967867	-0.004073242275379177	-0.004917394649643735	-0.005766066680293881	-0.006610004116546974	-0.007431503370507765	-0.00819923555015951	-0.008521693063836083	-0.00898067940952671	-0.009376940731682179	0.002834418484574206	0.0025614643928115175	0.00216527134660558	0.0018057744297649157	0.0014815815784815865	0.0010430127414760594	-0.00023860348370111168	-0.0007030542316369059	-0.0012694790186277966	-0.0017545649890049447	-0.0022396550849444106	-0.002719213223842896	-0.0031963697244536005	-0.003663853044537959	-0.003959909985430172	-0.004221601175222522	-0.004581555244603047	-0.004778198176472703	-0.004800710741648031	-0.004947313274124357	-0.004942224018198098	-0.0049270245078522484	-0.004921849015701039	-0.004898204632308767	-0.004897513883059689	-0.004816528953048586	-0.004770177291716525	-0.004731837087310908	-0.004739299654524134	-0.004725252696981133	-0.004767655957258414	-0.004861566481369559	-0.005005451869866064	-0.005197262464653157	-0.0053892831520869645	-0.005672306745119025	-0.0059168632707266	-0.006159047793486551	-0.006384859469208871	-0.00654487907361499	-0.006658751663207992	-0.006633054015043069	-0.006459908583581615	-0.006050506659887602	-0.005429467031455625	-0.0008677262320107141	-0.001122591426495916	-0.0013107486528795226	-0.0013753957215448837	-0.0013927564937693026	-0.0013216348892930079	-0.0011701820960721416	-0.0009485204889925448	-0.000709922195781137	-0.0004386013140587442	-0.00023346312033746563	-7.994716499025364e-5	3.11684483870713e-5	9.732675688761482e-5	0.00014059260295510738	0.00018311936287808596	0.0002215504610593951	0.0002509487661851667	0.00026832106730773005	0.0002677191545213952	0.0002549111442250443
