-1.7296966949739115e-5	-1.8896669610278375e-5	-2.0329025304448398e-5	-2.152863881408468e-5	-2.2505417290424575e-5	-2.3180872784990444e-5	-2.365617957037912e-5	-2.3810803520514452e-5	-2.3656258541073443e-5	-2.3229614101793144e-5	-2.2581102440225742e-5	-2.1648111739908335e-5	-2.045932018212043e-5	-1.900034772489147e-5	-1.7330051047995094e-5	-1.5491959638638544e-5	-1.3559085501048668e-5	-1.1643928870311238e-5	-9.793829450605279e-6	-8.050267295986014e-6	-6.4390494097485235e-6	-5.026611342463071e-6	-3.823611317217081e-6	-2.839804734202833e-6	-2.064210161330903e-6	-1.4204834562765058e-6	-9.001829134495285e-7	-6.189884628148815e-7	-5.942932622375782e-7	-5.613154288546923e-7	-5.232247414693513e-7	-4.742235478696153e-7	-4.271759591498618e-7	-3.5961380465203454e-7	-2.929274058237433e-7	-2.3354980323144995e-7	-1.8283192808118044e-7	-1.348619286102069e-7	-1.0567151074936485e-7	-7.690476144331573e-8	-5.2168725471364575e-8	-6.135242127204416e-8	-6.895538321606978e-8	-8.77719860647337e-8	-1.85710849406816e-7	-2.634826014079065e-7	-4.53584997663369e-7	-6.639066312381634e-7	-9.132815707020701e-7	-1.1560750182333318e-6	-1.3584893254594712e-6	-1.5132301824570731e-6	-1.681520502451693e-6	-1.6676312303162227e-6	-1.7580531459059931e-6	-1.6688343414653912e-6	-1.6976745188764504e-6	-1.5960616674781813e-6	-1.645839501170825e-6	-1.6313193323078755e-6	-1.7241756536795144e-6	-1.4988075823990166e-6	-1.3030372838883833e-6	-1.1627403123696888e-6	-1.107094640069322e-6	-1.1164082804408489e-6	-1.2929913423317314e-6	-1.5034574828926895e-6	-1.7340065108424233e-6	-1.8850899356295746e-6	-2.1812798034320498e-6	-2.544017729785252e-6	-3.0546965184866603e-6	-3.4743937600026592e-6	-3.820254441391263e-6	-4.113985656290344e-6	-4.179971453972578e-6	-4.1855274227757565e-6	-4.152383758484609e-6	-4.0317112555106945e-6	-3.918564136974628e-6	-3.938752933962291e-6	-4.47370420225625e-6	-5.812992033920835e-6	-8.230550995679022e-6	-1.1728324711723743e-5	-1.6332763075655823e-5	-2.171294335191782e-5	-2.730117388387174e-5	-3.308293762355007e-5	-3.920220653315487e-5	-4.595104808950804e-5	-5.28750568563538e-5	-5.994568013738933e-5	-6.747741383896909e-5	-7.529878065264583e-5	-8.307227499746188e-5	-9.129766751761123e-5	-9.919693461531685e-5	-0.0001066943670793532	-0.0001132447927307674	-0.00011901822524152338	-0.0001236581996257285	-0.00012695206432541267	-0.0001581667988664881	-0.0002054762195308256	-0.00025151225798740657	-0.00029396729991112806	-0.00032689619047250986	-0.0003556228636266757	-0.0003739925417685732	-0.0003830963010509683	-0.00038623050420047694	-0.000387506349671361	-0.0003803353879895362	-0.0003714524095198811	-0.0003602207622538855	-0.00034621006152787785	-0.00032820217341870007	-0.00030938066971741406	-0.00028947084602134847	-0.0002686458739867715	-0.0002480417174840696	-0.00022755157989752962	-0.00020699573233880393	-0.00018495017291330143	-0.00016581987328980613	-0.0001440134154783541
-2.7381578076934128e-5	-1.8657097886809655e-5	-2.0293819780378404e-5	-2.1697302648916066e-5	-2.2889017050271084e-5	-2.3921581948113766e-5	-2.458000729916923e-5	-2.4991455877749536e-5	-2.5116891564306426e-5	-2.499266558170384e-5	-2.449700457800435e-5	-2.3745882728332796e-5	-2.2757373670776693e-5	-2.1368073392020437e-5	-1.971327120346617e-5	-1.782659172051467e-5	-1.5812276142966434e-5	-1.3764539600337976e-5	-1.172121274431803e-5	-9.760480477619959e-6	-7.931485246870008e-6	-6.291181883399812e-6	-4.860670287161534e-6	-3.6584765855612863e-6	-2.6880264932480034e-6	-1.8847747791567767e-6	-1.2727136323817806e-6	-8.040544607642669e-7	-6.498807450380414e-7	-6.13994106915026e-7	-5.661264987628444e-7	-5.206511000907994e-7	-4.607776638364017e-7	-4.097114765409468e-7	-3.393315160925924e-7	-2.625461717180378e-7	-2.181243727558096e-7	-1.5694158051825604e-7	-1.0310871186285283e-7	-6.59132522897402e-8	-5.8182290282358067e-8	-5.598578218379626e-8	-5.6105873540123055e-8	-1.2698790865074702e-7	-2.105368177261486e-7	-3.485643399916188e-7	-5.840396877901804e-7	-7.976790717621187e-7	-1.1361450236703499e-6	-1.4431410825351058e-6	-1.732300975994754e-6	-1.9963707970083516e-6	-2.0795909997218834e-6	-2.124172472900574e-6	-2.089877605082186e-6	-2.021487555346837e-6	-1.9715188515988366e-6	-1.9337781327735375e-6	-1.7491251089010422e-6	-1.8515979202314198e-6	-1.6841258247460617e-6	-1.7512020334810337e-6	-1.5758222496314918e-6	-1.4136814589847834e-6	-1.5662044976427896e-6	-1.6338920459115468e-6	-1.7980746143234872e-6	-2.052717694873488e-6	-2.2285277642977247e-6	-2.396436274854949e-6	-2.7464208399062553e-6	-3.153198901276175e-6	-3.5477289955241416e-6	-4.028004744074216e-6	-4.294125239255337e-6	-4.455082457598567e-6	-4.4741368328501296e-6	-4.444351184986026e-6	-4.388565365666066e-6	-4.28507643412024e-6	-4.226491623973976e-6	-4.544382014297043e-6	-5.729043290178461e-6	-7.704786661152566e-6	-1.1639618829513296e-5	-1.6290022548706007e-5	-2.2170412006972145e-5	-2.872585771041111e-5	-3.4868453545147963e-5	-4.246346716688725e-5	-4.9743121615477605e-5	-5.779750535128431e-5	-6.607756328439737e-5	-7.490286704823454e-5	-8.432454980274433e-5	-9.39344644095393e-5	-0.00010336418394924179	-0.00011284323514456674	-0.0001218329391555631	-0.00012924177782128632	-0.00013551382163070821	-0.00013992306200491717	-0.00014338622681639998	-0.00015724119676308848	-0.00021800653233680894	-0.0002690289728149312	-0.0003172707431246466	-0.0003494318701370027	-0.00037621367893171057	-0.0003924910873544219	-0.00040437924735451346	-0.00040598526241991586	-0.00040407149427801846	-0.0003952920245282963	-0.00038286109867234457	-0.0003690736316703776	-0.00035293879287797564	-0.0003367362556999393	-0.00031512830171471096	-0.0002928116594526917	-0.00026993937599821896	-0.00024753733914441127	-0.00022507504799263323	-0.0002031546210838923	-0.00017900540204935853	-0.00015830780618732512	-0.00013627103683476732	-0.00011448745371774992
-3.520185008203412e-5	-3.158126498125003e-5	-2.0031782287566104e-5	-2.1686702074678215e-5	-2.310445056969031e-5	-2.441451339372776e-5	-2.54419523375811e-5	-2.619774461075155e-5	-2.664953492065048e-5	-2.6763121267850296e-5	-2.656426459475504e-5	-2.6075802274582404e-5	-2.5300530839293195e-5	-2.406986895593923e-5	-2.252659859894242e-5	-2.0680390393673686e-5	-1.864772479465161e-5	-1.650165750127002e-5	-1.4249881881999106e-5	-1.2084388942192833e-5	-1.0042252650655418e-5	-8.141726101736207e-6	-6.450026668949402e-6	-4.948667469441101e-6	-3.712468118168697e-6	-2.713445953041614e-6	-1.9064018952038858e-6	-1.2869634002553888e-6	-8.100198600671777e-7	-7.168917960460313e-7	-6.722575221978239e-7	-6.221136716633552e-7	-5.652094036988102e-7	-5.015039201448977e-7	-4.426350567569238e-7	-3.582470548681258e-7	-2.665781367334742e-7	-2.1405119390051003e-7	-1.3716265074251329e-7	-9.569277517347525e-8	-1.0529356567892732e-7	-1.1241292407983863e-7	-1.5590603602171193e-7	-2.4862027366045255e-7	-3.037727778239439e-7	-5.010651474432202e-7	-7.640820132408181e-7	-9.815782147283111e-7	-1.4151218285259179e-6	-1.7082273171204607e-6	-2.0991556354305158e-6	-2.426552483385545e-6	-2.5560503150956303e-6	-2.5212148855480204e-6	-2.49909410280849e-6	-2.3671578601225157e-6	-2.378681949234492e-6	-2.1312335778099365e-6	-2.259016397000477e-6	-2.003279336230444e-6	-2.172458151157683e-6	-1.952279117286478e-6	-2.0436806636539063e-6	-2.1728426614583103e-6	-2.1862233808864226e-6	-2.367283029821679e-6	-2.603814541392386e-6	-2.708931923716841e-6	-2.855518067368138e-6	-2.9044977435214054e-6	-3.1861455336234075e-6	-3.7493166837692765e-6	-4.065172620440588e-6	-4.311457791068271e-6	-4.640322400203874e-6	-4.8264824833022505e-6	-4.863519718385648e-6	-4.834727629765415e-6	-4.877414952132972e-6	-4.82671480654357e-6	-4.887934047501829e-6	-5.737776694909671e-6	-7.541350319138933e-6	-1.1257436285741032e-5	-1.63099821130113e-5	-2.2487381993735732e-5	-2.9684023925997667e-5	-3.705485805436805e-5	-4.536008094566194e-5	-5.421849730789639e-5	-6.398853303331926e-5	-7.398517569204006e-5	-8.502610091256561e-5	-9.586572822264895e-5	-0.000107084476532612	-0.00011800644067537329	-0.0001289069725034849	-0.00013806933428563172	-0.00014684229417564532	-0.00015327663000522197	-0.00015721118902352273	-0.0001599624152384964	-0.0001607433911862265	-0.00022825727311374076	-0.0002842187358316657	-0.00033330669513612337	-0.0003702657733056238	-0.0004004256735977256	-0.0004149869229794429	-0.00042317794429481666	-0.0004232959478560035	-0.00041952672704119887	-0.00040729388306719877	-0.00039699408454444557	-0.0003810668706634478	-0.00035936733545590457	-0.00033928911508790665	-0.0003154815892625817	-0.0002948313659801487	-0.00026961596892626297	-0.0002456177177401946	-0.0002226596653377884	-0.00019617734562337157	-0.00017309308166814624	-0.00014730814597329386	-0.00012748780601958432	-0.00010348638570709633	-8.083842706113533e-5
-3.8962664836235026e-5	-3.871464441110778e-5	-3.610520720743869e-5	-2.260182103946257e-5	-2.3187969301625814e-5	-2.4743082786924265e-5	-2.6181878349989325e-5	-2.7340129652800586e-5	-2.815320396541064e-5	-2.8740535391394033e-5	-2.8943847949538517e-5	-2.8770485272941145e-5	-2.8259140435029154e-5	-2.7289842097152916e-5	-2.5931307578456797e-5	-2.4251988828292165e-5	-2.2269579594999626e-5	-2.0081968323956906e-5	-1.775358286214786e-5	-1.5366934325753208e-5	-1.3085212059659987e-5	-1.088370537537011e-5	-8.870907767295443e-6	-7.067293003300196e-6	-5.499671938546771e-6	-4.1703543663677205e-6	-3.068547127770219e-6	-2.1747764484812206e-6	-1.4974253055876597e-6	-1.0057701188624811e-6	-9.509260887539545e-7	-8.671880376161483e-7	-7.971633528934468e-7	-7.126066246851455e-7	-6.091008682291207e-7	-5.272629186511045e-7	-4.634337193631168e-7	-3.714680120459475e-7	-3.2015238171461785e-7	-2.8542595247138227e-7	-2.493675465882952e-7	-2.4346387571541145e-7	-3.135020125681479e-7	-4.0587290296861686e-7	-5.465839493159154e-7	-7.995883326339097e-7	-1.099823238337889e-6	-1.4189252171043252e-6	-1.8663168505372613e-6	-2.1658058638161657e-6	-2.60575119869867e-6	-3.0412322661075517e-6	-3.141022580941744e-6	-3.2947077206785014e-6	-3.166516420298075e-6	-3.066507361310978e-6	-2.93652394247327e-6	-2.94195449952068e-6	-2.71826573788139e-6	-2.774409376288481e-6	-2.456830948714884e-6	-2.7918226434667687e-6	-2.7804525414107818e-6	-2.9726754071466042e-6	-3.275324588949941e-6	-3.2545340739511267e-6	-3.617579450305354e-6	-3.4302994631853006e-6	-3.434788584259004e-6	-3.514348337841638e-6	-4.0447943459925785e-6	-4.21363967635573e-6	-4.7563643541496e-6	-5.027292036980039e-6	-5.232692062113746e-6	-5.3280309339512425e-6	-5.335782128326516e-6	-5.3332649362680174e-6	-5.405265996921273e-6	-5.572929509199733e-6	-6.040105330736432e-6	-7.618365151716475e-6	-1.0843698562585603e-5	-1.6135665288591572e-5	-2.3286509166194145e-5	-3.1731551383134014e-5	-4.011663614301097e-5	-5.002093003182457e-5	-6.0674879514478644e-5	-7.207664077590133e-5	-8.400645963336655e-5	-9.675974771473938e-5	-0.00010956886738301772	-0.00012196400875783757	-0.00013429221368846346	-0.00014508711158561067	-0.00015489072198234953	-0.0001631507999216408	-0.0001687015917204728	-0.00017353875595042876	-0.000175066349807258	-0.00017418234800450948	-0.00023282949089515432	-0.0002948506902129551	-0.0003502839570780473	-0.0003888236280746339	-0.0004162928656063227	-0.00043066084439151876	-0.00043680929568226147	-0.0004376057556239885	-0.00043153788971037575	-0.0004180525359641536	-0.0004055754926247804	-0.0003871598407215182	-0.0003672592913595745	-0.0003450162331196773	-0.0003195151822885751	-0.00029357772836672517	-0.00027115214407764845	-0.00024447133559776877	-0.00021709979016945602	-0.00019208863308902823	-0.00016655756874574268	-0.00013966835433012505	-0.00011753241955722582	-9.258074512618134e-5	-6.859516470916933e-5	-0.0001908961154721469
-4.1058383566097353e-5	-4.215688423431311e-5	-4.216527439972694e-5	-4.016485334350017e-5	-3.269723494176135e-5	-2.4730955829804834e-5	-2.655648727205778e-5	-2.8156952332058637e-5	-2.9599863909754605e-5	-3.065394289697611e-5	-3.13669858547776e-5	-3.169783505105653e-5	-3.169402357021842e-5	-3.116561606332716e-5	-3.0171939740492406e-5	-2.8829693735814635e-5	-2.7021565423405617e-5	-2.4910182338108713e-5	-2.2618235614709363e-5	-2.0143888898573197e-5	-1.755217799761942e-5	-1.512605478522573e-5	-1.2770874837791945e-5	-1.0614671975191484e-5	-8.612620090385877e-6	-6.790394584345342e-6	-5.229973454023804e-6	-3.9490772032414455e-6	-2.9181781226936593e-6	-2.102070431808546e-6	-1.525321264135957e-6	-1.4065356531430703e-6	-1.2663754963426624e-6	-1.1520266872811811e-6	-1.0690024898635868e-6	-9.321204342821663e-7	-8.450734127925919e-7	-7.548812558710519e-7	-6.160551064973976e-7	-5.957687458264262e-7	-5.500560749629779e-7	-6.212520280758106e-7	-7.253952220714503e-7	-8.591799772199082e-7	-1.1008105877121727e-6	-1.420485225228795e-6	-1.6974050035864751e-6	-2.1025784279051434e-6	-2.5831063391749726e-6	-2.9076973889091175e-6	-3.2389395890310895e-6	-3.753139446345939e-6	-3.992214381355629e-6	-4.201581427547095e-6	-4.000695384676588e-6	-4.048687376303269e-6	-4.2086732708645266e-6	-4.00775513022936e-6	-4.112766038221968e-6	-3.652536146973184e-6	-3.8191885987671765e-6	-3.6398670454909025e-6	-4.301773767638516e-6	-4.395966911059629e-6	-4.675134344260385e-6	-4.583431970485945e-6	-4.284253543961652e-6	-4.223792639644353e-6	-4.246702836853414e-6	-4.503464874750816e-6	-4.850586944586422e-6	-5.399971754742761e-6	-5.849986421400445e-6	-6.091625325415912e-6	-6.18150988256152e-6	-6.373407680437072e-6	-6.428863187485492e-6	-6.48293687903618e-6	-6.608133719156206e-6	-6.985883208708739e-6	-8.149626359907049e-6	-1.1380065603995912e-5	-1.6884831385256344e-5	-2.5141589199095907e-5	-3.489431292937555e-5	-4.535879339830236e-5	-5.6512715723190665e-5	-6.857030270162928e-5	-8.369323481721268e-5	-9.710305668766408e-5	-0.00011064788927194651	-0.00012411487865927981	-0.00013797829101819714	-0.00014931225369988117	-0.00016049588100501208	-0.0001695347431845517	-0.0001768565285819809	-0.00018265398356575322	-0.00018530928464784548	-0.00018742828499927928	-0.00018585092613525788	-0.00022732064902219584	-0.0003032656063681172	-0.00035610078696657636	-0.0003980507580764853	-0.0004282404865331565	-0.00044619310080669557	-0.00045147223988396996	-0.00045258538344914064	-0.0004430597429403403	-0.00043123781963882914	-0.00041113785246660404	-0.0003909402663136632	-0.0003686956835103044	-0.00034486773492438307	-0.00032203201887038516	-0.00029419396018674597	-0.0002668203076228951	-0.0002395307751265098	-0.00021361426348859118	-0.00018663282107841787	-0.00016060854236658872	-0.00013270408964326935	-0.00010792967730329818	-8.213398724533395e-5	-5.667895705638998e-5	-0.00019428577778578607	-0.0002268001554313684
-4.1484807435429984e-5	-4.3807756843969314e-5	-4.547026567601345e-5	-4.6009235735222696e-5	-4.434897809865154e-5	-3.8237690240281266e-5	-2.6575864621798835e-5	-2.8612393745726524e-5	-3.0487294207485625e-5	-3.2360246398137566e-5	-3.381759365227654e-5	-3.482583109132314e-5	-3.5474356079578386e-5	-3.568811619424585e-5	-3.5329415727977366e-5	-3.437600542841585e-5	-3.310635928625101e-5	-3.12808368964594e-5	-2.9285289681150203e-5	-2.6881509616513203e-5	-2.4299405780358945e-5	-2.1529803491165112e-5	-1.8894061103385764e-5	-1.6201470846343024e-5	-1.3693000260141171e-5	-1.1281772697614378e-5	-9.164604773379815e-6	-7.272668364614942e-6	-5.67950206146598e-6	-4.360443716787324e-6	-3.179698700248989e-6	-2.4855246940850355e-6	-2.31163697732888e-6	-2.1232463679064223e-6	-1.939825882299035e-6	-1.7522080847329292e-6	-1.5619822605935626e-6	-1.4029650907919345e-6	-1.3322293973323676e-6	-1.2714169264795147e-6	-1.3051734711785044e-6	-1.3876241636074824e-6	-1.5947847039926333e-6	-1.7552933754931554e-6	-2.038686045484063e-6	-2.494032400499974e-6	-2.915825510552204e-6	-3.347427266009662e-6	-3.9172704280297246e-6	-4.36384806997133e-6	-4.609990344116402e-6	-5.109032611346777e-6	-5.503473523862338e-6	-5.5858702669739715e-6	-5.735461410808011e-6	-5.85960949724533e-6	-5.9455524315432575e-6	-6.177458268230145e-6	-5.8411393541328886e-6	-5.9456223268928026e-6	-5.406598635756236e-6	-5.620664011167276e-6	-5.501793209964468e-6	-6.270225033660386e-6	-6.041255810006457e-6	-6.265173995771115e-6	-5.808728692193116e-6	-5.556117007310266e-6	-6.015537053390558e-6	-6.3900141582808555e-6	-6.530585198879257e-6	-7.242452310254568e-6	-7.5610132038965715e-6	-7.940763398221653e-6	-7.884296070656267e-6	-8.083853167027013e-6	-8.242337043038518e-6	-8.46589528968067e-6	-9.124478866812553e-6	-1.0050934309943134e-5	-1.3499607487506331e-5	-1.9565375709662905e-5	-2.933210534964903e-5	-4.0864930443754155e-5	-5.269052130751125e-5	-6.609980135410012e-5	-8.123343330037377e-5	-9.447972649296221e-5	-0.00010720387897769656	-0.00012240935535725228	-0.00013598307586163978	-0.00014763465057640612	-0.0001612417715555353	-0.00017176288689065857	-0.00017887597400647682	-0.00018710173554106974	-0.00019269435884536508	-0.0001943527258888261	-0.0001958918170755176	-0.00019377039813867807	-0.00019679986221915208	-0.00030094346541983735	-0.0003654977680676505	-0.0004052002572196411	-0.0004336065564155417	-0.00045200435496112277	-0.00046151512601724873	-0.0004618750266544274	-0.0004530971846620959	-0.0004376227538065809	-0.0004171794254836459	-0.0003971435374615015	-0.00037383452674384296	-0.00034878036486848604	-0.0003183759192406342	-0.000293378049389054	-0.0002637401414166008	-0.00023521003217601838	-0.00024659362258313416	-0.00018155438973131016	-0.0001543120571447041	-0.00012442518865902162	-9.912992444136362e-5	-7.183443248874252e-5	-0.00012047072896572732	-0.00020122671826180646	-0.00023131161545355237	-0.00024619770477027694
-4.0361728011157694e-5	-4.382721109572323e-5	-4.6722711834787205e-5	-4.891456290118351e-5	-4.954963293055776e-5	-4.832452825738627e-5	-4.325455968712423e-5	-2.8179368656822926e-5	-3.0661173205951883e-5	-3.3063839854373714e-5	-3.532085198259871e-5	-3.723371447814284e-5	-3.889641037690516e-5	-3.9792039339866516e-5	-4.0387954792239864e-5	-4.058095006108104e-5	-4.0220509960219226e-5	-3.90234759394922e-5	-3.771921780861684e-5	-3.573871634674202e-5	-3.336626333247958e-5	-3.065503820814155e-5	-2.763123221205741e-5	-2.4611376088632173e-5	-2.159855658001956e-5	-1.861545233788214e-5	-1.570888847850391e-5	-1.3030041443604437e-5	-1.0660470097971776e-5	-8.562921951923446e-6	-6.80214214041098e-6	-5.157246415079698e-6	-4.189753959043198e-6	-3.820907402284321e-6	-3.557259143697786e-6	-3.2653763792643065e-6	-3.066005431046862e-6	-2.9218317146786498e-6	-2.6963203488413964e-6	-2.608586281492131e-6	-2.517527746082e-6	-2.7586261182583444e-6	-3.1126158190001164e-6	-3.399591922105202e-6	-3.948198822891456e-6	-4.509524860077201e-6	-5.166917716537065e-6	-5.6248692976328726e-6	-6.3088410719042425e-6	-6.743685219092106e-6	-6.945938800833522e-6	-7.490508351819594e-6	-7.68552282709098e-6	-7.936944355557891e-6	-8.56861374441128e-6	-8.786559127621474e-6	-9.04864380839532e-6	-9.152851123975995e-6	-9.340991896204266e-6	-9.045134742710539e-6	-8.592608212505833e-6	-8.734960138197018e-6	-8.286143678119134e-6	-9.039279443927544e-6	-8.89528369734356e-6	-8.763721900825289e-6	-8.79069363073529e-6	-8.574219075789102e-6	-9.00705356675176e-6	-9.415000298326336e-6	-9.590066274727562e-6	-1.0239705813851126e-5	-1.0253905189680859e-5	-1.0779175466706174e-5	-1.0523113663312805e-5	-1.1144244714443249e-5	-1.1687639551230387e-5	-1.2903612639509336e-5	-1.4626718744053618e-5	-1.8875083321003754e-5	-2.5323945568375553e-5	-3.5722705185798394e-5	-4.887938887869573e-5	-6.24300003116031e-5	-7.552420692439785e-5	-8.912162733925482e-5	-0.0001026351551813051	-0.00011784216924796628	-0.00012870442431657612	-0.0001417844129440206	-0.00015420242147973695	-0.00016556624936965494	-0.00017892862191871105	-0.00018649848325288628	-0.00019317890725961554	-0.00019762906153507906	-0.00020281572807052256	-0.00020299737095728953	-0.0002030826052785181	-0.0001980074992646375	-0.00029709232396055683	-0.00036283615906208214	-0.00041264161948636417	-0.0004432433020131214	-0.0004597157401875669	-0.00046993052412120165	-0.0004661975857088267	-0.00045622446111226456	-0.0004413818697017718	-0.0004223493879566397	-0.00039844546854375835	-0.0003722303083151732	-0.0003464804762406352	-0.00031875971178785614	-0.0002874579846958141	-0.0002609438876663515	-0.00023174085808045503	-0.00020144737967043962	-0.0001746727001151506	-0.00014703379333730685	-0.00011612513255523406	-8.971019653416894e-5	-6.102568753910305e-5	-0.00020854426626142238	-0.00020969918978390803	-0.00023197218611010345	-0.0002435939713187757	-0.0002524712627554465
-3.814472537804609e-5	-4.194851871835721e-5	-4.56784551922313e-5	-4.896952488655875e-5	-5.138686278723754e-5	-5.242811043950615e-5	-5.1217151408972593e-5	-4.6837456585367156e-5	-2.943831897362834e-5	-3.231126926142634e-5	-3.550203234335209e-5	-3.8241358272887976e-5	-4.0732657741278844e-5	-4.294726132659247e-5	-4.487047335807569e-5	-4.6217876580579805e-5	-4.671174387602757e-5	-4.708345649913202e-5	-4.652049358152286e-5	-4.569321738535394e-5	-4.396085693450372e-5	-4.1923504162880306e-5	-3.904525382045698e-5	-3.606098838314763e-5	-3.2606194495336116e-5	-2.906101624043994e-5	-2.5593410637127e-5	-2.2051772849764772e-5	-1.8724399706268374e-5	-1.5794584234244172e-5	-1.2927396332335257e-5	-1.0536897457895484e-5	-7.979923109278984e-6	-6.897817003484599e-6	-6.3983712424028015e-6	-5.967545583309168e-6	-5.65166432521809e-6	-5.332060576397044e-6	-4.977391728473528e-6	-4.829187772553803e-6	-4.950573523410578e-6	-5.204314674852906e-6	-5.735899578393586e-6	-6.291694373082427e-6	-6.853263582097416e-6	-7.543588656836429e-6	-8.356598972434584e-6	-8.912389854278443e-6	-9.648352925078498e-6	-1.0238990051383249e-5	-1.0547052025588176e-5	-1.0946495768928853e-5	-1.1332883113771095e-5	-1.1779447527128213e-5	-1.2518567567073734e-5	-1.339032824093536e-5	-1.3541368786416821e-5	-1.374424347924452e-5	-1.363154765262909e-5	-1.281476106053213e-5	-1.2761450929781113e-5	-1.1748527148864121e-5	-1.20997583605341e-5	-1.1918853532117465e-5	-1.3110702019031978e-5	-1.2804949585298246e-5	-1.3520667816805374e-5	-1.3550236994349415e-5	-1.402629739767031e-5	-1.4437044492721963e-5	-1.4376750746435043e-5	-1.4782916590025066e-5	-1.5077583467627164e-5	-1.56803349855954e-5	-1.644498311049013e-5	-1.7495143092644336e-5	-2.051950782291261e-5	-2.2593951050086942e-5	-2.8156436505663367e-5	-3.4201178994029864e-5	-4.449226110796276e-5	-5.76369900890289e-5	-7.436711031644303e-5	-8.270725252346352e-5	-9.759873565083036e-5	-0.00010958837761410847	-0.00011943228650778152	-0.00013271655110888526	-0.00014194286145926107	-0.000155799368960945	-0.0001670499727479723	-0.00017603656600863674	-0.00018858281304953576	-0.00019377801955693151	-0.0002038001250142564	-0.00020858550123649226	-0.00020762132314268173	-0.00020978068827101192	-0.0002056780164512266	-0.00027814864257734526	-0.0003591521686654867	-0.0004118448460248107	-0.0004446165516715315	-0.0004591237276184998	-0.0004688944531465282	-0.0004661848999135956	-0.0004589428189943727	-0.00044227922735783597	-0.00042248530964135445	-0.0003997097890945725	-0.00037369319790220117	-0.00034522662732271343	-0.0003165172684938683	-0.00028480220424045334	-0.00025668087529030423	-0.00022556979995306224	-0.00019457225346490234	-0.00016707323155984097	-0.00013799786216582392	-0.00010742243580861427	-7.924957237909029e-5	-4.890487468331775e-5	-0.00016267756908563968	-0.0002177434172136953	-0.00023327844462898983	-0.00024223538891985155	-0.000248994405094077	-0.0002506035462223645
-3.437649912009532e-5	-3.834410770217351e-5	-4.2689195754039224e-5	-4.6616515597111205e-5	-5.0239670564388296e-5	-5.250491631784103e-5	-5.3782575457257415e-5	-5.3152347893124893e-5	-4.963561284631755e-5	-3.97708064073265e-5	-3.314466469191916e-5	-3.661184552896475e-5	-4.009292544016269e-5	-4.373146078576651e-5	-4.6832079897678874e-5	-4.921566351891616e-5	-5.175057454671883e-5	-5.350054222425372e-5	-5.447226666836156e-5	-5.500852444651459e-5	-5.4704205299795864e-5	-5.357992558722817e-5	-5.1751824429599675e-5	-4.91761566523744e-5	-4.6074086205580495e-5	-4.233838790812522e-5	-3.854492193969955e-5	-3.4362270348549585e-5	-3.038821908780544e-5	-2.6227372623685222e-5	-2.2706500207106417e-5	-1.9322282349490145e-5	-1.5789847335470825e-5	-1.1550135584389293e-5	-1.1065414785723743e-5	-1.0272563954745288e-5	-9.596679402880425e-6	-9.323323157255125e-6	-9.00508198589759e-6	-8.900846814886279e-6	-8.862891178551362e-6	-9.002715334914329e-6	-9.337554738819112e-6	-1.0251529352557523e-5	-1.1299443367512342e-5	-1.2075693336187463e-5	-1.2947974255327153e-5	-1.3585013114694104e-5	-1.4306325246096936e-5	-1.4757756186631766e-5	-1.5435345126517592e-5	-1.5628147345504782e-5	-1.591168149843447e-5	-1.6921937313703794e-5	-1.7988869151138462e-5	-1.838588706615566e-5	-1.8923473123246535e-5	-1.922848669310838e-5	-1.7967041838503174e-5	-1.8002767089304438e-5	-1.6764066856938447e-5	-1.6988722791296874e-5	-1.7631517991854753e-5	-1.7177433674696687e-5	-1.8197785387709853e-5	-1.8616620121200103e-5	-1.976279060539321e-5	-2.0231834155561305e-5	-2.0839325045415478e-5	-2.1664690613109304e-5	-2.190430218141444e-5	-2.236707631181865e-5	-2.4250084135276782e-5	-2.4975363234892682e-5	-2.735999146750138e-5	-3.127414221346038e-5	-3.5010832157296554e-5	-4.1606633105777027e-5	-4.5946915797038406e-5	-5.386658233257958e-5	-6.62185827190727e-5	-7.826207551684121e-5	-8.733536266685056e-5	-9.833382305386024e-5	-0.00011004646553497595	-0.00012319026825285267	-0.000131792810294793	-0.0001455791088892126	-0.00015553765861115593	-0.00016398539897906697	-0.00017661806593318374	-0.00018551381907711516	-0.0001972479903858881	-0.00020282050417624875	-0.00020967301523765365	-0.00021374397031329907	-0.00021456102805149802	-0.00021027854043415267	-0.0002587696177559686	-0.00035123675887769115	-0.00040579097842022033	-0.0004431987309830949	-0.0004629786884961405	-0.00047456625893696654	-0.00047110065447817685	-0.0004604584355192339	-0.000443171936213892	-0.00042004144821324203	-0.00039738457718744083	-0.0003692108798357928	-0.0003402176558709065	-0.00030953844279662905	-0.0002803454882478913	-0.00024892640839856324	-0.00021829364433862547	-0.00018656402002523859	-0.00015826329984448655	-0.00012774066683639632	-9.892309014406138e-5	-6.66999782500139e-5	-3.804930201467549e-5	-0.0001773963875437417	-0.00022333268327604308	-0.0002394000250891936	-0.00024711398145696277	-0.0002481726118963492	-0.00024984317789199934	-0.0002492393925039929
-2.972574876305696e-5	-3.361343359609256e-5	-3.779396487554789e-5	-4.214770048337863e-5	-4.639443747740993e-5	-4.9741722371374046e-5	-5.205003646414051e-5	-5.32502408767205e-5	-5.3250932429844944e-5	-5.030962899329008e-5	-4.300654154683109e-5	-3.2415932075974285e-5	-3.6540585449611586e-5	-4.091320737280551e-5	-4.5002754526699516e-5	-4.9116692418910385e-5	-5.2827255885774566e-5	-5.639128515052161e-5	-5.886117745598459e-5	-6.103057832453865e-5	-6.270323856953685e-5	-6.333441890905779e-5	-6.27495859265465e-5	-6.152730967847088e-5	-5.882410263249448e-5	-5.565819953517049e-5	-5.2012126510711564e-5	-4.807039813023385e-5	-4.361660820994558e-5	-3.9487605571876874e-5	-3.524126554336674e-5	-3.0874715764757105e-5	-2.6839200512605074e-5	-2.2547503779164692e-5	-1.712251241991038e-5	-1.6279087798208493e-5	-1.5784804534956637e-5	-1.5276587822116172e-5	-1.4668017689440315e-5	-1.4358245076524626e-5	-1.4294800535481311e-5	-1.4388112805162724e-5	-1.5326525079089226e-5	-1.581929372400175e-5	-1.6671646435158986e-5	-1.7871341859217074e-5	-1.8637796412159045e-5	-1.9242552854877265e-5	-1.9489985486823686e-5	-2.0069956376388295e-5	-2.046306483202004e-5	-2.1034131885379532e-5	-2.1387952049600387e-5	-2.232054254032651e-5	-2.3026282109907476e-5	-2.3740154026389367e-5	-2.3492150618811326e-5	-2.2875671227336625e-5	-2.2693386899960808e-5	-2.2374510764747147e-5	-2.155832113341768e-5	-2.2410777273396414e-5	-2.2030659124498068e-5	-2.287187349558136e-5	-2.4121759736447034e-5	-2.5441710955234316e-5	-2.7338003853386158e-5	-2.865315128463804e-5	-3.0415392099974125e-5	-3.086994398449614e-5	-3.257485608444894e-5	-3.408443799945949e-5	-3.6369492497427785e-5	-4.190573165282704e-5	-4.663764964104829e-5	-4.927082731424144e-5	-5.4734424359309704e-5	-5.669175132176586e-5	-6.164479076921055e-5	-7.24827473951408e-5	-8.206576510442543e-5	-9.434495190055632e-5	-0.00010033732995292722	-0.00011167179668128543	-0.00011948251586426295	-0.00013603738315204816	-0.00014253308463818603	-0.00015677301564809114	-0.00016534812096152384	-0.00017733622230278832	-0.0001845704353149475	-0.0001953916838536799	-0.00020389662228710234	-0.00021061132113764543	-0.0002164019298759234	-0.00021862924496349797	-0.00021899001311658818	-0.0002106125519055202	-0.00034304350374127907	-0.00039855511472207134	-0.0004421614991521796	-0.0004623364476968612	-0.00047181240520792825	-0.0004713888763720111	-0.0004618987702609007	-0.00044581202453090885	-0.00042259162025487865	-0.00039527501440755376	-0.00036612278709029916	-0.0003364924038727537	-0.0003052727862776477	-0.0002745772407189602	-0.0002416739553045416	-0.00021163262279850874	-0.00017853745924245948	-0.00014936893144514192	-0.00011668067293716007	-8.746959145183864e-5	-5.54624104837087e-5	-2.5676291780891633e-5	-0.000182615874282175	-0.0002277444480064915	-0.00023880698077458247	-0.000243976913828943	-0.00024740448348976526	-0.0002476814916828416	-0.00024365440872645833	-0.00023884812112525723
-2.363767840677885e-5	-2.7762084015784533e-5	-3.1849590380469365e-5	-3.586891134316813e-5	-4.004005706850842e-5	-4.3919333504911524e-5	-4.707792950755466e-5	-4.948465962497273e-5	-5.1011096768730294e-5	-5.031002576612819e-5	-4.840581283470835e-5	-4.319643699210603e-5	-2.9870194232273803e-5	-3.479858434907331e-5	-3.968221387220378e-5	-4.46227868317506e-5	-4.938186905764153e-5	-5.4077678620219295e-5	-5.8786811323646086e-5	-6.231997954780921e-5	-6.604270853539365e-5	-6.808392621176476e-5	-6.952402151887431e-5	-6.955407909323727e-5	-6.854385347022018e-5	-6.704090460860979e-5	-6.419773878058174e-5	-6.073260512335819e-5	-5.64920455308805e-5	-5.197856661282247e-5	-4.77811174537943e-5	-4.338261945047248e-5	-3.877944915155944e-5	-3.408572927592567e-5	-2.940659700073373e-5	-2.374948819116457e-5	-2.287927440856657e-5	-2.2011933068337712e-5	-2.1743855562153416e-5	-2.171421256940819e-5	-2.1798984193576744e-5	-2.2205299619976692e-5	-2.1878371576054562e-5	-2.2376028447685563e-5	-2.297134955273365e-5	-2.3826344793193358e-5	-2.534219570185601e-5	-2.564104751803407e-5	-2.5798841974842765e-5	-2.5694922240073305e-5	-2.611005105664934e-5	-2.6530623065237945e-5	-2.7072007079001828e-5	-2.7996458841131723e-5	-2.807456870411039e-5	-2.8117808730415998e-5	-2.7232843508137768e-5	-2.6974964406276114e-5	-2.6840913503411133e-5	-2.6022115188182888e-5	-2.6675576149170566e-5	-2.7402389630098523e-5	-2.7305135929590104e-5	-2.8226365765549044e-5	-3.001158285881561e-5	-3.125570585771971e-5	-3.4190265591795e-5	-3.673734825872829e-5	-4.073237907530644e-5	-4.266295645883808e-5	-4.618033559146363e-5	-4.9414874813810054e-5	-5.408667100686147e-5	-5.9085479751756504e-5	-6.42413659272497e-5	-6.70982342928768e-5	-6.838651058234239e-5	-6.942352903530416e-5	-7.487247222405123e-5	-8.293443703360007e-5	-9.551255595918783e-5	-0.00010542806031633252	-0.00011163896606182326	-0.00012084820089899515	-0.0001323960385258855	-0.00014547985385533323	-0.00015406147320850758	-0.00016258537723795076	-0.00017268993205516933	-0.00017941797837944633	-0.00019003191174663848	-0.000198575497106215	-0.00021025795645811425	-0.00021858302904503597	-0.00022531720666920784	-0.0002225060075744089	-0.00021757153463889886	-0.00032786618209160005	-0.0003952054941937493	-0.0004375329851653842	-0.0004647751754257353	-0.000474245314634799	-0.00047411858658443634	-0.0004624416483772764	-0.00044374660507044694	-0.00042042483903732136	-0.0003931633647069697	-0.00036542082559572545	-0.0003323080791609468	-0.00030148042976570893	-0.0002680351998125656	-0.0002353815953127624	-0.00020409141945551545	-0.00017015045452109523	-0.00013993865139718883	-0.00010613426473533166	-7.573778109185025e-5	-4.529948958846043e-5	-1.4021618842353575e-5	-0.00019388694935998894	-0.00023076932924759493	-0.00024174304625039673	-0.00024170332804098957	-0.00024396055398902793	-0.00024351441797309387	-0.00023964344849519183	-0.0002152370088997265	-0.00020350644133510128
-1.7336077719090452e-5	-2.0992980853619305e-5	-2.471376500578419e-5	-2.8368483435232354e-5	-3.245535353896224e-5	-3.643651388756091e-5	-3.988622418598666e-5	-4.2679413895867994e-5	-4.4731248530709795e-5	-4.605211836023848e-5	-4.60431781767925e-5	-4.491899694182024e-5	-4.0929193454065796e-5	-2.5455065085102204e-5	-3.065274065347794e-5	-3.6175192268323494e-5	-4.141241467212368e-5	-4.718900595076397e-5	-5.294716896948252e-5	-5.8107911858287396e-5	-6.282609618519217e-5	-6.690589420362729e-5	-6.919650059308878e-5	-7.070492705506031e-5	-7.146837124801528e-5	-7.121716737149464e-5	-6.965686796620442e-5	-6.791888697185418e-5	-6.445597409561704e-5	-6.089906110247193e-5	-5.706256469318889e-5	-5.235117112397823e-5	-4.8529881189568426e-5	-4.38957168689074e-5	-3.9752923621322e-5	-3.471356694994675e-5	-2.965994589690347e-5	-2.9618596347589935e-5	-2.9333741628621455e-5	-2.9450643574833926e-5	-2.928726480476711e-5	-2.9036288696002296e-5	-2.9424682650614105e-5	-2.948240451024122e-5	-2.9536759668500777e-5	-2.9889262505370913e-5	-3.0555490106994954e-5	-3.142198868984138e-5	-3.158288310311239e-5	-3.1056786930545475e-5	-3.099559472573201e-5	-3.120361429954769e-5	-3.1882037969112017e-5	-3.230732512998725e-5	-3.2156579408173765e-5	-3.207848788257749e-5	-3.1451369541054706e-5	-3.008814968791869e-5	-2.9519719304860236e-5	-2.9777058180248308e-5	-3.0068504118106916e-5	-3.051787237430851e-5	-3.096278821477908e-5	-3.226728222842975e-5	-3.465740999652393e-5	-3.6922634360917524e-5	-4.2104728775006544e-5	-4.626038168444079e-5	-5.132758992265336e-5	-5.5560944090438276e-5	-6.0080640143728506e-5	-6.393234568740562e-5	-7.056170729048054e-5	-7.480396529844146e-5	-7.60062656772172e-5	-7.750880530801862e-5	-7.993619349127082e-5	-8.284212791117738e-5	-8.752980167677383e-5	-9.479887391370626e-5	-0.00010797318497970942	-0.00011498138185615705	-0.00012795310077933723	-0.00013368101746847206	-0.00013961354461292184	-0.00015338370556051278	-0.0001612733329577629	-0.00016877489629300857	-0.0001753447918820478	-0.00018108505833551447	-0.0001933705491304451	-0.00020585667202355044	-0.0002182471600556228	-0.00022836671761711398	-0.00023082600902565344	-0.00022606530125234177	-0.000314364244290502	-0.0003914804844978685	-0.0004393168933532199	-0.0004658882411586341	-0.00047677622231419477	-0.000479032123488609	-0.00046655856599442033	-0.00044729615543783775	-0.0004212869548852159	-0.00039275460133486075	-0.0003619872773947576	-0.00033058088961526386	-0.00029819243840389226	-0.000263873433002269	-0.0002286294779963241	-0.00019599341651932792	-0.00016082573263821558	-0.0001309062850939416	-9.678207449565282e-5	-6.458285029095796e-5	-3.2672815341704825e-5	-7.87322442102889e-5	-0.00019771677003260768	-0.00023043623815577688	-0.0002419317255051255	-0.0002429431278749665	-0.00023915028828308885	-0.00023360802665884327	-0.00021155159671466285	-0.00020164885218120626	-0.0001898131786811242	-0.00018175018088369826
-1.088975542528378e-5	-1.383423226539518e-5	-1.7065954352409084e-5	-2.0608455724541955e-5	-2.4125537994765765e-5	-2.757180684814591e-5	-3.093205344973141e-5	-3.400174728698715e-5	-3.628173582523233e-5	-3.8040156509575734e-5	-3.886562997528083e-5	-3.914344463091992e-5	-3.8248157447799214e-5	-3.498840220317583e-5	-2.717819876809735e-5	-2.409391373895298e-5	-2.987299107758937e-5	-3.61450493666668e-5	-4.217403239787851e-5	-4.8144607977309304e-5	-5.3938966887987546e-5	-5.8330747168550004e-5	-6.23291578750562e-5	-6.489180590430236e-5	-6.64541936817246e-5	-6.737412006199489e-5	-6.714236788795715e-5	-6.611181099241297e-5	-6.414348413931546e-5	-6.121997450525703e-5	-5.8089888835732763e-5	-5.482649070040566e-5	-5.0964368542461436e-5	-4.7792447660505296e-5	-4.492141734974272e-5	-4.2457739587807965e-5	-3.760707242831036e-5	-3.4441313276443054e-5	-3.4549746953736315e-5	-3.4818351184851644e-5	-3.510911922695531e-5	-3.566032521067097e-5	-3.52498694156675e-5	-3.4707439475970946e-5	-3.42584539493704e-5	-3.3936361982394615e-5	-3.406176941661478e-5	-3.4692227994753515e-5	-3.544669118654437e-5	-3.519566204397608e-5	-3.545583467172127e-5	-3.5303186809787024e-5	-3.546115472549921e-5	-3.552267888534363e-5	-3.545946847469659e-5	-3.526226859357044e-5	-3.451603484828209e-5	-3.3203110171616933e-5	-3.2842159171977406e-5	-3.256466697316193e-5	-3.2719426157145444e-5	-3.271137522889455e-5	-3.388326876306623e-5	-3.576840707200288e-5	-3.935437666358391e-5	-4.413817185811193e-5	-5.096017657315287e-5	-5.595380264100647e-5	-6.206826494854463e-5	-6.639014202093944e-5	-7.131722010731215e-5	-7.454596493165679e-5	-7.981781237017573e-5	-7.903147471920386e-5	-8.242470483801976e-5	-8.506963745566996e-5	-9.038429955307093e-5	-9.333031912323736e-5	-9.954416363324847e-5	-0.00010978842646515528	-0.00012223993080848032	-0.00012621292052651147	-0.00012961372410351824	-0.0001369005687070369	-0.00014408392539776334	-0.00015668129678132314	-0.0001631435087417468	-0.00016649822880316929	-0.00017293332678662218	-0.00018525718554693316	-0.0002009761868643125	-0.0002194106123712316	-0.00023215083165008775	-0.00023759570523767919	-0.00023692652865048985	-0.00029259334921724264	-0.0003875246181105855	-0.00044033812647299025	-0.0004690481006676666	-0.00048554939734569806	-0.00048213480428665675	-0.0004705577494516864	-0.0004524054141843894	-0.0004272450244929924	-0.0003973789224360341	-0.00036400119935537864	-0.00032813138259703625	-0.00029494577919678827	-0.0002594111557468852	-0.00022343015533598035	-0.00018869219567440101	-0.00015328648094196581	-0.00012068612839622427	-8.847208579263431e-5	-5.3529476729680114e-5	-2.1039539421655387e-5	-0.00010493696311658814	-0.00019932704105937032	-0.00023115112833625023	-0.00024310803108974766	-0.0002407248836295596	-0.00023479527290655444	0.007609732706895158	-0.0001876923020136933	-0.00017809493049855858	-0.0001716192257190767	-0.00016672509974805134	-0.0001663391203520371
-4.520112841693066e-6	-6.912245618115667e-6	-9.56765893678972e-6	-1.2594270537618019e-5	-1.5594354935296283e-5	-1.8730603614674525e-5	-2.1890562823279622e-5	-2.495772685916155e-5	-2.742885535014913e-5	-2.9205529109162763e-5	-3.0043993318629603e-5	-3.0516589513663542e-5	-3.0200810599632748e-5	-2.893160712630176e-5	-2.6686844451949063e-5	-2.164414569701947e-5	-1.640312772272618e-5	-2.1996742187977997e-5	-2.838807873289332e-5	-3.422955079736322e-5	-4.050666700561203e-5	-4.5211873178998586e-5	-4.902775903789232e-5	-5.1866051457155615e-5	-5.3854885204992304e-5	-5.4945897812072554e-5	-5.5466455331769794e-5	-5.4595686611321565e-5	-5.339928654127051e-5	-5.186565770146242e-5	-5.002459548249867e-5	-4.7423264808112067e-5	-4.520331172095109e-5	-4.326565083357845e-5	-4.2040922917084035e-5	-4.069670670684561e-5	-3.93197535296071e-5	-3.469125280401372e-5	-3.508039758361907e-5	-3.565551441478496e-5	-3.589201515315742e-5	-3.60701281818779e-5	-3.544671380294748e-5	-3.4750713464042245e-5	-3.471708380210726e-5	-3.499049693592897e-5	-3.540490185174796e-5	-3.55566983167941e-5	-3.58357798565731e-5	-3.613773137586254e-5	-3.644454672850064e-5	-3.668043479203168e-5	-3.6873346945134715e-5	-3.7068823868140286e-5	-3.694730893970396e-5	-3.733519437435894e-5	-3.721347021561159e-5	-3.6376743877710154e-5	-3.541875465636643e-5	-3.534924050444476e-5	-3.49117310434932e-5	-3.4801116851696174e-5	-3.7314249500648104e-5	-4.074463482583871e-5	-4.5686493044976885e-5	-5.101106977976693e-5	-5.899772115395023e-5	-6.493088341915374e-5	-6.990331242876565e-5	-7.519300838736403e-5	-7.472393070262874e-5	-7.789384628162453e-5	-8.11923082863486e-5	-8.692269552127829e-5	-9.105248735226997e-5	-9.339823278469404e-5	-9.696554623497312e-5	-0.00010419738442879987	-0.0001100492448383476	-0.0001226600992435727	-0.00012379315454430669	-0.00012409639620785708	-0.00012805295630368557	-0.0001404222935611583	-0.00015504810960674	-0.00015614974166835473	-0.0001576181204534545	-0.000163021728646082	-0.00017437371646221098	-0.000194365752973066	-0.00021867957127053028	-0.00023865058347062075	-0.0002460960657417032	-0.00024581039802912784	-0.0002418856554515375	-0.0003829471728420547	-0.0004414829323942746	-0.000474749947765871	-0.0004904779039634904	-0.000490964392222239	-0.00047994075996911877	-0.00045782136984338223	-0.0004318604144687953	-0.0003992974916618326	-0.00036660895105073386	-0.00033202577375164577	-0.00029618217274379396	-0.0002566132674532238	-0.0002212645217709256	-0.00018329428549956894	-0.00014644220745784788	-0.00011390074144360801	-8.010840255273481e-5	-4.491815196378847e-5	-1.1336441754512122e-5	-0.00011622784274953335	-0.00019913485554685743	-0.00023307559265744147	-0.0002414727150233751	-0.0002404629541004951	-0.00019940733112541568	-0.00017140940897697118	0.00615319348725731	-0.00015490817207490862	-0.00015204260176001835	-0.0001525131145497724	-0.0001531374630384802	-0.0001512459616508869
1.302695444490307e-6	-6.307284277924218e-7	-3.1857621534011043e-6	-5.39440570730969e-6	-8.35737154388774e-6	-1.1278769370689319e-5	-1.4132938213690582e-5	-1.6816963472980877e-5	-1.92894041045773e-5	-2.074303389023777e-5	-2.1748126259650774e-5	-2.1602066496489644e-5	-2.17428324456525e-5	-2.1063602148482753e-5	-1.8953649095143025e-5	-1.6529952506338496e-5	-1.2191924411285738e-5	-7.229758321121481e-6	-1.3052693158174247e-5	-1.9200243847491928e-5	-2.4624311327568326e-5	-2.997876409448078e-5	-3.2453688667352524e-5	-3.5115110599148605e-5	-3.642777246783634e-5	-3.71611817017066e-5	-3.7388965079912e-5	-3.646829207059189e-5	-3.579451653579636e-5	-3.494925301811562e-5	-3.460506416862923e-5	-3.3674092820277536e-5	-3.309474619090508e-5	-3.168012690406893e-5	-3.136648228744274e-5	-3.139781372933246e-5	-3.1225569416986395e-5	-3.1049945000175775e-5	-2.8845193527206412e-5	-2.851808214262338e-5	-2.922835270639584e-5	-2.9399485330255416e-5	-3.0616335897288086e-5	-3.0223129637309797e-5	-3.024132480875354e-5	-2.9931110771840887e-5	-2.9834049290917986e-5	-3.040358245758523e-5	-3.087315579293308e-5	-3.2434319026451545e-5	-3.377336110836583e-5	-3.520595811461278e-5	-3.6341129768121226e-5	-3.6802701341835144e-5	-3.708991982916436e-5	-3.784272691910451e-5	-3.824555521049879e-5	-3.8079654046815296e-5	-3.750022655249485e-5	-3.7261112280275593e-5	-3.75957124906616e-5	-3.870332273935148e-5	-4.246937869033154e-5	-4.734261776248409e-5	-5.33519987103658e-5	-6.20183409936006e-5	-6.638152569440154e-5	-7.087854955316634e-5	-7.526937459412502e-5	-7.710053391037216e-5	-7.879778999339126e-5	-8.653465121744898e-5	-8.935202532370495e-5	-9.453621468351152e-5	-9.924756485515853e-5	-0.00010057729634056246	-0.00010544501198095965	-0.00011401471344807661	-0.00012552396477284473	-0.00012200898668029286	-0.00011794805004807906	-0.00012092033455741655	-0.00013380547674588308	-0.00014690901682006333	-0.00015167589039410088	-0.00015049907372351352	-0.00015088190747692722	-0.00016391095943361043	-0.00018923429724116217	-0.0002166265483435209	-0.00024050120006331548	-0.0002538341822982959	-0.00025780966927545397	-0.0002517889136290259	-0.0003773185787792153	-0.0004416397946095489	-0.0004815468384433263	-0.0005004410857725738	-0.0005026894543105811	-0.0004893060326438894	-0.0004691103462845306	-0.00044044023613160933	-0.0004099845978952285	-0.0003746205847943076	-0.00033792266881113933	-0.00030088272591358503	-0.0002595523128671659	-0.00022247572400990734	-0.00018119420536763867	-0.00014330990742673563	-0.0001079441279559952	-7.126141554842161e-5	-3.499634500855192e-5	-1.3046982483104486e-7	-0.00012570973885700325	-0.0001985446037094333	-0.00023718703282492835	-0.00024444878421112093	-0.00019104206101729256	-0.00015923787197820102	0.008218170910689838	-0.00014182059856929045	-0.00013786675104820144	-0.00013511307720716868	-0.00013550318414806	-0.000136330191896801	-0.0001381070960852597	-0.00013994801818491623
2.3447288079766863e-6	1.481772498077667e-6	1.1628494686805914e-6	1.7250629717009344e-7	-2.456797926664485e-6	-5.270427110823416e-6	-8.137165011706847e-6	-1.0535937079324178e-5	-1.2725768606887443e-5	-1.4141106435648773e-5	-1.429590462063415e-5	-1.4419337046806587e-5	-1.3564683664290741e-5	-1.3279416899680515e-5	-1.2259056651888834e-5	-9.860870087651224e-6	-7.146900193644211e-6	-3.1741011383655798e-6	5.529856242510699e-7	-4.7399012168556146e-6	-9.78001724922942e-6	-1.4126506639152228e-5	-1.7260356580421285e-5	-1.7811129997041732e-5	-1.9010785944024782e-5	-1.847674831862399e-5	-1.7730065481535648e-5	-1.798977359478626e-5	-1.6936990533645505e-5	-1.7766605529053337e-5	-1.7329879056955655e-5	-1.6400775887934812e-5	-1.6869891560620555e-5	-1.6483463651146852e-5	-1.543396517387401e-5	-1.6187215760941204e-5	-1.5650657880187258e-5	-1.4532875869193405e-5	-1.2975041117208302e-5	-1.7433685089735668e-5	-1.7089323058061285e-5	-1.7474326343607047e-5	-1.7033684790522096e-5	-1.7435382593689475e-5	-1.6526279527587923e-5	-1.6935524251905382e-5	-1.862110972627182e-5	-2.0175570026171978e-5	-2.212931515891683e-5	-2.4513600276022344e-5	-2.766325471584329e-5	-2.985958751279159e-5	-3.133820027567333e-5	-3.217657102089558e-5	-3.365490153732888e-5	-3.511351217736847e-5	-3.675332195719359e-5	-3.75775813658049e-5	-3.8539507356055366e-5	-3.910368333027688e-5	-4.0523603697488475e-5	-4.317277974913913e-5	-4.9851168168403744e-5	-5.6456796213878984e-5	-6.374986990869639e-5	-6.973658896023858e-5	-7.29608378774102e-5	-7.337078056359825e-5	-7.486894624327434e-5	-7.951407559908964e-5	-8.491516105871809e-5	-8.701112290930308e-5	-9.550409808562615e-5	-0.00010255763233937235	-0.00010741697054658227	-0.00010446476900009827	-0.0001161470078937972	-0.00012254089657250979	-0.00012296129899545295	-0.00011315371932713383	-0.00011112377729756082	-0.00012984793637950236	-0.00014586049311340193	-0.00015054952314723195	-0.00014379091700634193	-0.00014233613445865934	-0.00015427539309703815	-0.00018204440657763714	-0.00021634731308815998	-0.00024557481491101034	-0.0002619209504427407	-0.00026643430019613473	-0.0002648899163190579	-0.0003602005809882642	-0.00044203847161155066	-0.00048527820445377033	-0.0005046175748295127	-0.0005088460236681979	-0.0005009409514832464	-0.00048270857197019526	-0.0004542722353943762	-0.0004210832988626144	-0.0003854947011939537	-0.00034724431712332415	-0.000305539414014247	-0.00026573326235637684	-0.00022485799002977536	-0.0001834205651477655	-0.00014398613503449967	-0.00010368773624685329	-6.499925509243984e-5	-2.7450396032201868e-5	1.0176500819542716e-5	-0.0001285356011370732	-0.00019744482921075016	-0.00023768771335169747	-0.00017753305445265127	-0.0001570382317053233	-0.0001434158469527675	-0.0001282746746008364	-0.00011976878007348597	0.0057050056845018605	-0.00012065856179791466	-0.00012003657195265235	-0.00012391088871372552	0.005549746613696524	-0.00013050965316221616	-0.00013095712642356878
2.117385202203082e-6	4.0383889439964127e-7	-1.8229602849766015e-6	-3.972372540877577e-6	-6.407943492367724e-6	-8.455374872403396e-6	-9.829969280510283e-6	-9.724518116758715e-6	-7.004822675653636e-6	-8.958578879728974e-6	-9.288322360567368e-6	-8.511563088700992e-6	-8.396761240361903e-6	-7.885298760896674e-6	-6.8713453672103984e-6	-4.730650209045341e-6	-2.0974504498136835e-6	1.3034445535441749e-6	3.5410009466979326e-6	6.311874141894883e-6	3.2213552505285133e-6	1.1020773830745616e-7	-2.0458672520852483e-6	-2.655411884789575e-6	-2.5698802034426933e-6	-2.104651152629814e-6	-1.465274850401526e-6	-2.6961629110409426e-6	-3.487936158321804e-6	-2.896537545135202e-6	-2.1355408523363387e-6	-1.905115683861324e-6	-8.929233063668593e-7	-2.974467323921953e-7	-9.677511488568116e-7	1.9503253992272235e-8	2.814710541412021e-6	5.799998236517227e-6	5.061098216408745e-6	4.498733173746022e-6	2.1543982451971075e-6	1.998785517523874e-7	1.180016015293623e-6	2.1916839371464124e-6	1.050559523217958e-6	-4.8135249204519365e-8	-1.7393490204446575e-6	-4.365303345145108e-6	-7.813792573694786e-6	-1.2594289328115606e-5	-1.656784742704682e-5	-1.957224965741045e-5	-2.2570124877017116e-5	-2.3934565669355735e-5	-2.6044987943630356e-5	-2.9114040117758297e-5	-3.3007268087910206e-5	-3.630404497693713e-5	-3.8836772142463675e-5	-4.1440619608936434e-5	-4.425478221473664e-5	-4.933182451042706e-5	-5.6868921557767446e-5	-6.365437591441961e-5	-6.834401391608153e-5	-7.270083162726464e-5	-7.341856945574515e-5	-7.545889807491005e-5	-7.882319821947859e-5	-8.354231875262828e-5	-8.857513392743818e-5	-9.78142425220492e-5	-0.00011235755474842471	-0.00011097813516487524	-0.00011305133719853415	-0.0001224037497879124	-0.0001331680439860955	-0.00012397370279340104	-0.00010427392745592477	-0.00010432571000943032	-0.00012620898887311452	-0.00014334732045036963	-0.00014899845088636732	-0.00014112396693149835	-0.00013131117486560838	-0.00014329784751659046	-0.00017463219524269102	-0.00021556142613152023	-0.000247837488584219	-0.0002674700848677089	-0.0002780764671067755	-0.0002771402803991921	-0.000310230271493607	-0.0004380657326215603	-0.0004881098784332693	-0.0005107332267332426	-0.0005176486151435913	-0.0005128707610616012	-0.0004930975306544072	-0.0004670566155001374	-0.0004334913643031825	-0.00039652635248649953	-0.00035622475713778176	-0.0003152384756631259	-0.0002742396352155112	-0.00023188705445447225	-0.00018854757038739428	-0.00014571485628485023	-0.00010305854916204185	-5.9484981743303245e-5	-2.1132239460923408e-5	1.8803422101483502e-5	-0.000137820894096502	-0.00018961892216508638	-0.00017964347210817043	-0.00014096071874092515	0.008024302166523495	-0.00010625514436607246	-0.00010631184754511698	-0.00011052261050434851	-0.00011036707653930104	-0.00011629896105717387	-0.00012128422379928915	-0.00012657947256566708	-0.00013173762769200237	-0.00013256631113960256	-0.0001230122559973089	-0.00012648755696813806
-6.543834233654292e-6	-7.48844299189224e-6	-5.664206774295445e-6	-5.085908172961038e-6	-7.585058165490276e-6	-9.423389355346732e-6	-1.1404492971029464e-5	0.0007252802699663646	-1.3012863541572847e-5	-1.1712414143421907e-5	-1.0671816182567786e-5	-8.362352355034295e-6	-5.5964749566365934e-6	-4.0177074096575845e-6	-2.8977431538546126e-6	-6.754676846337532e-7	1.5182883588067166e-6	4.313978309804624e-6	5.950344215808643e-6	7.123567571812404e-6	9.182977411630305e-6	1.1595027545963435e-5	9.719422548585578e-6	8.614691807454743e-6	7.68476837254093e-6	7.508040167066108e-6	8.731400484953463e-6	7.994952773112459e-6	7.643078568100262e-6	6.9601282646938704e-6	8.580868341074611e-6	8.773946178917882e-6	8.196601129003157e-6	1.2869516463306137e-5	1.2954316428261982e-5	1.4382641072856108e-5	1.739941853882163e-5	2.1589722145199785e-5	2.3810630421711772e-5	2.62027189447964e-5	2.262620594876974e-5	1.8611739978835126e-5	1.64401586692591e-5	1.6680679866727405e-5	1.9807123632930874e-5	1.88963938479959e-5	1.4077929783560834e-5	1.0498476017727684e-5	5.994500637193645e-6	2.80113755162046e-7	-3.098215927734016e-6	-7.727131366675691e-6	-1.025217823889769e-5	-1.395882562755255e-5	-1.7230163821537955e-5	-2.3077759007169435e-5	-2.9274939331578372e-5	-3.501595620652564e-5	-3.881418766656184e-5	-4.4037154654395436e-5	-4.739673232134669e-5	-5.504303594714615e-5	-6.175357490580298e-5	-6.573012775420214e-5	-6.79554734765676e-5	-7.039132390862513e-5	-7.126073287401849e-5	-7.527724486258106e-5	-8.256976483274336e-5	-8.95222164460762e-5	-0.00010163489913767639	-0.00012038347191366608	-0.00012563254128488376	-0.00012640476906747126	-0.00013840382074659444	-0.00014917109773132133	-0.00012875810212345865	-9.857694963804654e-5	-0.00010098979136134202	-0.00012807495663601405	-0.00014526876043492037	-0.0001509529377300041	-0.000139009986737694	-0.00011796712417241201	-0.00012782162885733792	-0.00016877139550936122	-0.00021560461604952508	-0.00025116538948373283	-0.00027682714042690654	-0.00028823612476880714	-0.0002887981934280009	-0.00027898639650791694	-0.0004313783536209585	-0.00048682151315400726	-0.0005162574766440567	-0.0005240500461902928	-0.0005200657499379938	-0.000504483579335125	-0.0004780071926444203	-0.0004477822112950759	-0.00040846759701224436	-0.00036872503303897117	-0.000326543595837326	-0.00028247382302670765	-0.00023850801212678407	-0.0001944922444793544	-0.00014914395585034768	-0.00010410231434570053	-4.06510358499923e-5	1.1210170933889652e-5	-9.802358646570503e-6	-0.00011755874957785489	-0.0001436202668276751	-0.0001503885639607145	-0.00014347899410325354	-0.0001251653509613468	-0.00010797697047332938	-9.633231618302873e-5	-9.006005100963693e-5	-8.864332271159292e-5	-9.136005459445262e-5	-9.277478151795311e-5	-0.00010176736830840027	-0.00010764716170709454	-0.00011671481596183062	-0.00012702731321066058	-0.00013164878670491806	-0.00013753973449233143
-7.600549470004945e-6	-8.087113322798457e-6	-9.653301330601188e-6	0.0006105063714496363	0.0006356470236423969	0.0006633901018491021	-1.3292511046378427e-5	0.0007102520126500993	-1.2205368732110542e-5	-1.1858155701214299e-5	-1.1017352704624506e-5	-9.356139216485206e-6	-7.86211193585097e-6	-6.279832625292374e-6	-2.80046521955739e-6	1.0924718790467514e-6	5.287008082960169e-6	6.682699413534509e-6	7.672672854648534e-6	8.016376930428289e-6	7.402894451472627e-6	8.83689994752657e-6	1.7370555012181238e-5	1.4567975134647127e-5	1.2457188505070934e-5	1.1373799826117949e-5	1.1937379509364965e-5	1.230602334162216e-5	1.3017456197553842e-5	1.250269931677003e-5	1.4272056970217242e-5	1.3559077237455374e-5	1.5325406354713394e-5	1.5013876293904979e-5	1.6115836384356444e-5	1.85662446369121e-5	2.2352065596478125e-5	2.5396481350098248e-5	3.111855608541351e-5	3.699503838282313e-5	3.766250978388995e-5	3.0969444400283114e-5	2.8919964613122098e-5	2.717645248336703e-5	2.8285182212433365e-5	2.7591834764997998e-5	2.3369479737369702e-5	2.0169654487876224e-5	1.5200596320714965e-5	1.0358666747663833e-5	4.615755896421325e-6	1.3603029745375486e-6	-2.413591895463786e-6	-5.719691211218854e-6	-1.2554691295797206e-5	-2.0785224152562124e-5	-3.0527371626984205e-5	-3.816987438886319e-5	-4.332735659942806e-5	-4.8508186912469935e-5	-5.117295815858149e-5	-5.9486350113455676e-5	-6.0731067965899034e-5	-6.295482028208493e-5	-6.394859796896284e-5	-6.78167140369737e-5	-7.07854769104203e-5	-7.699737868409502e-5	-9.014306583165002e-5	-0.00010650554261302288	-0.00013010256031667153	-0.0001336989598063002	-0.0001364102327732885	-0.00016040857680858778	-0.000175030844010984	-0.00015117838601764674	-0.00010615694234924165	-9.84958264719192e-5	-0.0001266452139170489	-0.00015379697252196345	-0.0001531545512571241	-0.00013002553760272685	-9.693733374533699e-5	-0.00010933782985445874	-0.00015612986878940464	-0.0002075999109662878	-0.0002529641187575503	-0.0002804404845078816	-0.00029393109651429383	-0.00029883163145112517	-0.00029242786623120444	-0.0004185016481035586	-0.00048419183796503257	-0.00051928531201147	-0.0005326074003155108	-0.0005286468745960629	-0.0005139415742189297	-0.0004913997958262521	-0.00045792616280545054	-0.00042178466170411655	-0.00038050107336413605	-0.000335625692352709	-0.0002913186751391482	-0.0002443294732025654	-0.00018384797189578	-0.0001241198378798547	0.005561462967405579	-2.3179559952880846e-5	2.7997161907399037e-5	-3.5422371639625555e-5	-0.00012402064546277076	-0.0001408418352250463	-0.00013474113514755186	-0.00012819645930179854	-0.00011587663578693265	-0.00010267362890361426	-8.821007705089173e-5	-7.869747639058927e-5	-7.187722230773963e-5	-7.388016731919335e-5	-7.849387572236334e-5	-8.147223433223327e-5	-9.197621675892907e-5	-9.8738386693502e-5	-0.00010662434435327814	-0.00011455656161998493	-0.00011999731652659416	-0.00012719287963191064
-7.395870708841825e-6	-8.81200991176116e-6	-9.763566420764114e-6	-1.1874635728192787e-5	-1.3341211383110499e-5	-1.4208335514045729e-5	-1.364773180860708e-5	-1.2651253624785044e-5	-1.1195364915336532e-5	-1.0768814899541918e-5	-9.485164662194736e-6	-8.552993272095211e-6	-6.330842344012388e-6	0.000763746794559141	-3.6407117880339623e-7	4.1303160002413575e-6	8.17694071340077e-6	0.0006439461649842388	1.0241332914584598e-5	7.5751416080062535e-6	6.21978320984682e-6	4.038237286989148e-6	2.0337988680869425e-6	1.4485180053797238e-5	1.3246015965399753e-5	1.1082878916413973e-5	1.1502520513276184e-5	1.2728332374797435e-5	1.2791879538910297e-5	1.5231517638033664e-5	1.5249556816583024e-5	1.4194391033275997e-5	1.5017502536115133e-5	1.120873028431519e-5	1.0989632490045892e-5	1.241803912661616e-5	1.4551992877029091e-5	1.7886116978672352e-5	2.420016025008083e-5	3.0183211372327226e-5	3.3208089266281715e-5	3.5930227667636035e-5	2.554488384227038e-5	2.592465103663311e-5	2.5738127964363474e-5	2.5264267604666827e-5	2.252766186414774e-5	1.799055674063261e-5	1.3501261981725774e-5	1.0998106292001153e-5	7.269508468549669e-6	1.8225670176080615e-6	-1.8646970501978027e-6	-8.436868551334707e-6	-1.7104011207358383e-5	-2.924457878628311e-5	-4.067140649472497e-5	-4.59823910021551e-5	-4.9612487925516056e-5	-5.258642145030464e-5	-5.40386891918071e-5	-5.745173443569545e-5	-5.745986971796534e-5	-5.56594118465226e-5	-5.9561673282490166e-5	-6.562485733887895e-5	-7.320952131887118e-5	-8.553087116813449e-5	-0.00011408698520729184	-0.0001464940442941036	-0.0001491756778276062	-0.00015419389231999085	-0.00018710462524143025	-0.00021169888305794075	-0.0001810780468954748	-0.00010978450139210658	-9.148135273330353e-5	-0.00012602045143831828	-0.0001579364066319009	-0.0001572018096111013	-0.00012971329033627244	-8.150941443996716e-5	-8.1240634786919e-5	-0.00013374425948090192	-0.00019140548051317825	-0.0002462391500983492	-0.0002795071621167211	-0.0002972193225590433	-0.00030789657840327167	-0.00030298500370293593	-0.00037882457708899794	-0.0004778446878470413	-0.000520517736368048	-0.0005378246563849526	-0.0005375113759664187	-0.0005248953799537846	-0.0004997362031138215	-0.00046959031989920325	-0.0004335390443440876	-0.0003893929486011201	-0.0003443397577633685	0.004374099845009128	0.0049198860076113925	-0.0001668939890822098	0.005084135778412203	-6.284799548925829e-5	-1.5281875970392378e-5	2.8977931164440168e-5	0.006042414524174474	0.006957986276024102	-0.00011477784965475621	-0.0001127795969039884	-0.00011921038051230376	-0.00011126409589327924	-9.77272828141685e-5	-8.196799247250225e-5	-7.2440980201623e-5	-6.723815253032762e-5	-6.369999533449924e-5	-6.582135306915614e-5	-7.278891899485142e-5	-8.018934374940528e-5	-8.678900326750463e-5	-9.385669283402346e-5	-0.00010035805944575652	-0.00010790938105586807	-0.00011334432564909236	-0.00011928760970507119
-6.918707803584478e-6	-8.255285415735515e-6	-9.98859435640757e-6	-1.136029952075214e-5	-1.1741397683748245e-5	-1.1628862613089971e-5	-1.0570686566872692e-5	-9.258689754817768e-6	0.001046781428466222	-8.278135802276126e-6	-7.535870791345852e-6	-5.0590555191799315e-6	-2.9810707986605445e-6	-8.616331568318727e-7	1.9732228393831795e-6	4.652712037395363e-6	6.7191250739553985e-6	7.571816803951135e-6	8.72326048160653e-6	6.9574930674576665e-6	0.0006303049624991003	-7.047114731388929e-6	-1.9036360332524722e-5	-2.222536767788278e-5	-9.458378392242402e-6	-3.5038033597005643e-6	-1.95792242916595e-6	7.493289981021743e-7	9.08731664797744e-6	1.2035947525798358e-5	1.0552648673292642e-5	8.467275600988495e-6	6.467851268183566e-6	4.1001953354356975e-6	2.0787446499922514e-6	1.7096538489384458e-6	2.0281408539906363e-6	3.1247701321531103e-6	7.37988275833568e-6	1.23459948961715e-5	2.1152868742518004e-5	2.595730625679516e-5	2.9366685899982932e-5	2.3703401714515737e-5	2.276345858012209e-5	1.975894768765571e-5	1.7172226664024983e-5	1.3252744962425136e-5	8.515185405204816e-6	3.017388336477682e-6	-9.501924200802994e-7	-6.345652345599029e-6	-1.4290102153511914e-5	-2.3232796698784402e-5	-3.3281676173899447e-5	-4.520313901467364e-5	-5.367955318430744e-5	-5.5935085218239596e-5	-5.6002606335951374e-5	-5.468785309944036e-5	-5.435838390380806e-5	-5.368182366943114e-5	-5.010822943228056e-5	-5.33211369700649e-5	-5.9808437611837996e-5	-7.305627672705029e-5	-8.753630942152923e-5	-0.00012213124606324892	-0.00016986332351722616	-0.0001740958220999584	-0.0001745212906752603	-0.00021453889629098957	-0.0002434546594689592	-0.00021049451953822004	-0.00011955886214257486	-9.721213274790051e-5	-0.00012164870499993541	-0.00015883669133307313	-0.00016068532303825309	-0.00012498555074951824	-5.8578783841646206e-5	-5.160325443516467e-5	-0.00010401438043229454	-0.00017511849504845377	-0.00023413694235979374	-0.0002741903731813891	-0.0003031420428359355	-0.00031148734480970774	-0.00031172441883461563	-0.0003011476751527825	-0.00046282689077949135	-0.0005166200444596709	-0.0005448214738727579	-0.0005476349338091359	-0.0005339475733188992	-0.0005086788428354354	-0.00047844026753113625	-0.0004404572845604672	-0.0003940940488653989	-0.0003208155619003998	-0.00025887292674602047	-0.00019725118060535257	-0.00014351853590451047	-9.686237114302221e-5	-5.595016663991967e-5	-1.3787416579084943e-5	2.9352923707100242e-6	-9.186065867260867e-5	-0.00010068730923909301	0.007789345693302125	-0.00010162906465016087	-0.00010365167684204223	-0.00010370565594881691	-9.342068883798696e-5	-7.900930491062594e-5	-7.059490128580315e-5	-6.45819423488337e-5	-5.95671561705053e-5	-6.14137371040234e-5	-6.398096648514186e-5	-7.293248637202203e-5	-7.878142426701734e-5	-8.663790176781112e-5	-9.44712673511686e-5	-9.966151293279695e-5	-0.00010725622006453779	-0.00011101639608524037	-0.00011342810723503644
-6.016552581123401e-6	-7.235477607670285e-6	-7.889383856561735e-6	-8.167455188784565e-6	-8.306527757024739e-6	-8.137516564667852e-6	0.0006792475802590672	-6.532759729439147e-6	-5.860568147989702e-6	-5.83818517634711e-6	-5.807476234772572e-6	-5.163660613894186e-6	-4.44137622174017e-6	-3.328748981968818e-6	-1.7216827610387793e-6	-1.2651414976944976e-7	2.501342583554429e-6	3.0297540263299685e-6	1.5524709058719558e-6	-1.3040703376637937e-6	-5.971394071270855e-6	-1.1239415368508813e-5	-1.8849544415296734e-5	-2.813107669659594e-5	-3.8699749648526526e-5	0.0002448485310631147	-5.60327214184711e-6	-2.0868443660398625e-6	1.3743049509821678e-6	3.038640980490819e-6	5.7539575248010365e-6	8.859413252223624e-6	1.041495730164186e-5	1.2659095130170602e-5	1.0399938607562678e-5	1.4561572499009745e-7	-1.4959442711263635e-6	-2.5563871538830836e-6	-1.455948683175886e-6	1.5110511291651849e-6	6.692452724161094e-6	1.280055096988808e-5	1.8710400108651413e-5	2.446431390589832e-5	2.4011940747054906e-5	1.8647483002610238e-5	1.4333672379227003e-5	8.359664576676126e-6	3.639921494747421e-6	-1.4934710723430063e-6	-7.627340103911681e-6	-1.5714788594164367e-5	-2.605178831162477e-5	-3.6876337491096624e-5	-4.7408303466538876e-5	-5.540520578450631e-5	-5.932661045868377e-5	-5.823734150229177e-5	-5.563145262651396e-5	-5.218927318171446e-5	-4.815702337476833e-5	-4.450394984955794e-5	-4.7927138415175714e-5	-5.9847138686409604e-5	-8.365070484309556e-5	-9.95694500555101e-5	-0.00014615028803540223	-0.00019654952602933193	-0.00021319532279438953	-0.00020189660009475342	-0.00023949924242427922	-0.0002799215066398228	-0.0002626624914139463	-0.00013994494009743515	-7.945232597772293e-5	-0.00012650848727055117	-0.00017121663876550237	-0.00017228679063821875	-0.00011858292438119734	-3.6302315385965817e-5	-6.072950076412703e-6	-7.240857989891311e-5	-0.00014931694745923263	-0.0002172744829349177	-0.0002651351903404202	-0.0002996063889976544	-0.00031624627863310883	-0.00031807675667351945	-0.0003055214762436205	-0.0004337030978527126	-0.0005128143458310412	-0.0005497235722241346	-0.0005578776221233997	-0.0005496783664462115	-0.0005263676190921107	-0.0004918364383647844	-0.00044272986043708204	-0.0003763190841573824	-0.0003142714584476909	-0.0002541007466127544	-0.00019637000815047115	-0.00014348867572464355	-9.308139314531672e-5	-4.6744543712781e-5	-2.2412088233891847e-5	-1.6236185859967375e-5	-8.082653397381741e-5	-9.806007572436826e-5	-9.08971315026659e-5	-0.00010268802297114937	-0.00011424520748306785	-0.00010726036799198202	-9.05114507852682e-5	-7.964266145817252e-5	-6.715167113775095e-5	-5.778190573864535e-5	-9.364523863102624e-5	-5.2086822268726865e-5	-5.855479524147743e-5	-6.364576752952711e-5	-7.246167730234031e-5	-8.065951749439484e-5	-8.811744553536942e-5	-9.57922815602143e-5	-0.00010208192257905174	-0.00010810621037856544	-0.00011274980289341374	-0.00011576654045867933
-4.975993443976983e-6	-5.428160607877071e-6	-5.963479797515192e-6	-6.586053712963921e-6	-6.427196948754436e-6	-6.187608076195679e-6	-5.765675767632197e-6	-5.819405224740705e-6	-6.0118877441388274e-6	-5.689503478994952e-6	-6.431233619844058e-6	0.0006925735930023321	0.0006818111535501065	-7.286309221612736e-6	-6.293413423535087e-6	-3.2728350133910244e-6	-7.855670253295761e-7	-4.641769597271868e-7	-3.328960574729275e-6	-3.898713137349746e-6	-4.850529729499668e-6	-6.850519132755965e-6	-1.1298184017364578e-5	-1.363846715505537e-5	-1.6792652081918692e-5	-1.853932789789214e-5	-1.48446376841793e-5	3.8910452628492485e-6	4.212182696335023e-6	4.162167425438793e-6	5.655965038822101e-6	1.0473789106141534e-5	1.4150959054505183e-5	1.679621941731062e-5	0.0005073652972969285	1.9056832979051988e-5	2.2004489760689416e-5	2.1172706869535853e-5	2.0926059412086466e-5	7.384689999800388e-5	-2.4105097556144546e-6	1.3791053694541845e-6	8.268216634846424e-6	1.351192507556033e-5	0.00012814208223807435	1.711495997388287e-5	1.0759622121438508e-5	5.942770395846609e-6	-9.614474510586876e-8	-6.8390776174318164e-6	-1.5208466807963006e-5	-2.476521835824072e-5	-3.431468173422259e-5	-4.463365375787041e-5	-5.285588211328875e-5	-5.748615345996678e-5	-5.856528817362993e-5	-5.273096615192492e-5	-4.8023011532563435e-5	-4.241685402364085e-5	-3.930000542367879e-5	-4.250927300669758e-5	-6.199083407579589e-5	-9.258294809857785e-5	-0.00012407398632726524	-0.00016222549992228608	-0.00022929735745639418	-0.00024978996472440305	-0.00022289927359506884	-0.0002645803872296324	-0.00031314456160297204	-0.0002968497916117519	-0.00015769836365052414	-6.476692099126324e-5	-0.00012124956483218659	-0.00017635516897859804	-0.00018284859582408212	-0.00012878699436882565	-2.3907938789292926e-5	2.524834139634377e-5	-4.199422302909525e-5	-0.0001339658932284979	-0.00020997766149487632	-0.0002701450960971609	-0.0003014919169601511	-0.00031517947203562116	-0.0003070759474104248	-0.00027177339953022087	0.0062098451371396	-0.0005311733692467055	-0.0005803648881997584	-0.0005915569480131888	-0.0005837508193812409	-0.0005554226561689177	-0.000496438546502935	-0.00043239185845873884	-0.00036435146174651836	-0.0002994604620812705	-0.00023946703017318355	-0.0001897683924671073	-0.00014761591954825723	-0.00011003512935753648	-7.463970673688217e-5	-5.832842029361053e-5	-4.294004740841573e-5	-8.107984573557485e-5	0.007892360795009115	-9.001748157663227e-5	-9.599873890373152e-5	-0.00010269386455444285	-0.00010811414731114362	-9.658365897769611e-5	-8.299175822978379e-5	-6.968815106597227e-5	-5.533032930177956e-5	-4.944242067996506e-5	-4.629477340584512e-5	-4.9776329512840264e-5	-5.6560279103508304e-5	-6.632410217040363e-5	-7.562155028540372e-5	-8.339279101575621e-5	-9.209567703848814e-5	-0.00010064952220333132	-0.00010902335291290092	-0.0001124797743838786	-0.00011343064023521324	-0.00011618260859359419
-4.183251793468505e-6	-4.601454140650994e-6	-4.711308817587621e-6	-4.061693009216934e-6	-5.015446339083672e-6	-6.1769270258047425e-6	-6.497621236656358e-6	-5.972040623174668e-6	-6.246673747386557e-6	-7.692032279790068e-6	0.0007035489993418198	-1.0227951386873602e-5	-1.111518393878642e-5	-9.465370933662426e-6	-7.836775014000022e-6	-5.811767409067813e-6	-2.5556895342680134e-6	-1.1698366550363503e-6	4.4698564877101825e-7	1.2928869691421901e-6	1.1849094790203005e-6	-1.1979985625482775e-6	-6.236529831839602e-6	-9.748108523405068e-6	-1.3192885870783391e-5	-1.2333130275019293e-5	-1.1235786380990338e-5	-8.323513490482524e-6	1.1934608531473379e-6	3.141321621986763e-6	5.911878936371538e-6	9.323789653488315e-6	1.4016681304290703e-5	1.6765332496685315e-5	1.42377811653124e-5	1.3998263974292387e-5	1.653297045263718e-5	1.722544137232676e-5	1.743831768168027e-5	1.7429128903794985e-5	1.4346629252594192e-5	1.3009156072914599e-5	0.00031429147814734763	-3.0741642640785133e-6	2.086126348163804e-6	8.706744061782925e-6	9.884995275826532e-6	3.1896919886723225e-6	-2.591082058221901e-6	-1.6759759439153362e-5	-2.6148951606178982e-5	-3.458910470478978e-5	-4.237098094649408e-5	-4.95123979273775e-5	-5.3481819909241383e-5	-5.471150036793701e-5	-5.1788066662426975e-5	-4.5999851766001174e-5	-3.6985273028987235e-5	-3.329678890853088e-5	-3.89055738592289e-5	-6.298010619607258e-5	-0.0001045693278328274	-0.00015161855351341486	-0.0001864196857797283	-0.0002610870355210324	-0.0003029275235143583	-0.0002532311382426322	-0.00027473424570631337	-0.0003361472533857865	-0.00033676404017279546	-0.00019631249936410966	-6.244686397540236e-5	-0.00010108910763594742	-0.00016912937537733215	-0.00019432348787821324	-0.00015538388092634255	-5.170755366240565e-5	3.918705574011e-6	-5.739732301338757e-5	-0.0001594878369891306	-0.0002518053041069765	-0.00030360332936205624	-0.00032708653629142347	-0.00033347874656359036	-0.0003020224683162546	-0.0002601483208575228	-0.0003126525750746321	-0.0005119240517978841	-0.0005864193115432889	-0.00061496978511974	-0.0006110687389682644	-0.0005673282297618751	-0.0004961741438525534	-0.0004247926732440545	-0.00035558486456005456	-0.0002934276735221987	-0.000243811749456313	-0.00019096890888298593	-0.00014422608295063671	-0.00010662320809010258	-8.775379303511271e-5	-7.725663261079832e-5	-5.5537577214621187e-5	-8.441422585481022e-5	-9.285274515285005e-5	-9.244463594127762e-5	-9.848865851406867e-5	-0.00010964021910394965	-0.00010885226339632341	-0.00010602282851396999	-8.81471555567049e-5	-7.480791357769925e-5	-5.921670363632538e-5	-4.411564654771896e-5	-3.903800638543724e-5	-3.8054033586146924e-5	0.007899113519847399	-5.740297901379518e-5	-6.49139778458041e-5	-7.622917262933675e-5	-8.505747217625245e-5	-9.612604617316705e-5	-0.0001049370172673909	-0.00011233328006275602	-0.00011718354684525645	-0.00011874799937382653	-0.00011723302958694531
-3.4833386609173234e-6	-3.3277098034870545e-6	-3.673229522171929e-6	-4.958766778489013e-6	-5.835544651260115e-6	-5.8302770755507254e-6	-6.283385125302032e-6	-6.672733297223392e-6	-8.282718850111679e-6	-1.0304515935791094e-5	-1.1387227862361647e-5	-1.215811235049562e-5	-1.0832964210351001e-5	-9.222814923012454e-6	-4.6616144125973934e-6	-1.325453436649927e-6	2.625414330381659e-7	2.2668794878873653e-6	2.4341793500835558e-6	2.459331077626697e-6	1.3236623179642675e-6	-1.4472130333313335e-6	-3.0600184166076905e-6	-7.3692688586568175e-6	-1.0513729176435567e-5	-1.2779950439708795e-5	-1.2656897093496055e-5	-9.722454688988053e-6	-2.3356129740751547e-6	4.6153311519803175e-6	7.039835224151043e-6	9.04288836634003e-6	9.489220642111898e-6	9.57281939156264e-6	9.544404744896238e-6	1.0076926824009388e-5	1.003455945972672e-5	1.0050545215523066e-5	9.650014768877464e-6	1.0995281634609486e-5	8.681493656229576e-6	4.285057026332147e-6	3.0494896957004164e-6	2.607689969015038e-6	0.00021139852840289372	1.478244941819501e-7	6.51229767269397e-8	-7.72991909402717e-6	-1.734156751054608e-5	-2.6818144947923957e-5	-3.503941776018902e-5	-4.1958986235794346e-5	-4.672916276713193e-5	-5.0097567419666623e-5	-5.062983371960372e-5	-4.7235701076476025e-5	-4.085927781543892e-5	-3.2204766468391446e-5	-2.779516725267238e-5	-3.8269974289074395e-5	-7.021040408913479e-5	-0.00012041944693220313	-0.00017862082793993015	-0.00020920020301685473	-0.00028390611761107583	-0.00034508944136589156	-0.00028326044644155085	-0.0002799355876713025	-0.000358643084623746	-0.00037464866718900716	-0.00023122171845767203	-5.7682711580115884e-5	0.006904048652063132	-0.00019979197083785753	-0.0002284515109723939	-0.00018583817083697544	-7.194292450359366e-5	1.7906226221610713e-5	-5.762318031196298e-5	-0.00015016722290346965	-0.0002452716796679747	-0.000305044406964574	-0.00033957134659918023	-0.00033479459288026335	-0.0003026752533404238	-0.0002567467092481641	-0.0002031264786117072	-0.00046686780720063027	-0.0005890466340259092	-0.0006383876534684241	-0.0006367126256403947	-0.0005709157394264298	-0.0004961024625896315	-0.0004195707806789982	-0.0003513485271845404	-0.00028414776587649265	-0.00023135927385096317	-0.00018350103399419546	-0.00014044491026773444	-0.00011394525569895404	-0.00010019566739141728	-9.190747033674569e-5	-7.556582433724222e-5	-8.861602523589814e-5	-9.682705620433184e-5	-9.301251775728492e-5	0.008521313840118222	-0.00010788259674596352	-0.00011707265665456337	-0.00011340957034762511	-0.00010317930994969624	-8.562145206595165e-5	-6.934577200944265e-5	-5.280300114057605e-5	-4.2913829861402145e-5	-4.0418552653669754e-5	-3.646964083807089e-5	-4.360044451368929e-5	-5.370841240834572e-5	-6.419957701044032e-5	-7.737352094509646e-5	-8.764785722409959e-5	-9.940773702495683e-5	-0.00010901812411265224	-0.00011587051827527048	-0.00012069003620844912	-0.00012059554961542027	-0.00012102583597274619
-2.968927649367914e-6	-3.879651171829167e-6	-5.13230077199263e-6	-6.2022535851494805e-6	-6.239023234269657e-6	-7.375663239205963e-6	-7.303103384081848e-6	-8.697181201134177e-6	-9.244537942662903e-6	-1.0101107277953872e-5	-1.0464699983457875e-5	-1.0151485910697223e-5	-7.547216954612588e-6	-4.923862874557389e-6	-4.223034548304135e-6	-3.2651103844033493e-6	-1.3704282501283884e-6	6.70118624978254e-7	1.8862815642946545e-6	2.7456759757503793e-6	2.0937676955439573e-6	1.1570262046633334e-6	-2.34459639393168e-6	-6.196619103254752e-6	-1.2110592010185304e-5	-1.3567027760724628e-5	-1.1856323242685849e-5	-6.6484918988382255e-6	-4.5785191019357893e-7	3.4974144916960492e-6	4.877510712973567e-6	5.273144692760894e-6	6.9210417759824235e-6	8.27066922213333e-6	8.317980376476488e-6	7.4797642679743336e-6	6.581392768224489e-6	6.303313259260583e-6	4.620350855166419e-6	-1.2168707098827308e-6	-3.513809280922351e-6	-3.6677994140130177e-6	-3.7483318776317456e-7	1.8856289624885093e-6	-2.791666040588385e-7	-4.813205057229656e-6	-1.1989717739306367e-5	-1.7497442332168288e-5	-2.567855861214559e-5	-3.290605021235779e-5	-3.913131438218302e-5	-4.424076842357832e-5	-4.733817074030651e-5	-4.6886710411983903e-5	-4.313255617949263e-5	-3.635514172421316e-5	-2.456362512644108e-5	-1.9571678879122534e-5	-3.0762731485431405e-5	-7.636574392137253e-5	-0.000129196412267823	-0.00020566435397903135	-0.0002474842567092624	-0.0002987429424743896	-0.0003761334415282921	-0.0003317330334062264	-0.0002817509596054601	-0.00037179059004946793	-0.000410263931940923	-0.00030737734304803893	-8.728007949796585e-5	-0.00012894105875572472	-0.00023687266632768482	-0.000252893437553605	-0.0002130671198413616	-0.0001027264965351108	1.0122341656494324e-5	-1.4342779774403555e-5	-0.00012554723523251418	-0.00023652142075881316	-0.00031010584548244596	-0.00035021185226823993	-0.00033145686338578034	-0.0003004180024240768	-0.00025646371050675257	-0.00020108496547304594	-0.0004014092221040367	-0.0005683182477001641	-0.0006521227337258177	-0.0006420027008834876	-0.0005782723692766487	-0.0005024435709675978	0.008320879571856133	-0.0003466525910411286	-0.00028145103834879316	-0.00022400603440458737	-0.00017799165243190425	-0.00014132519443404122	-0.00011631722431439985	-0.00010849944776306075	-9.483599275588589e-5	-8.264512053966083e-5	-7.90741070872715e-5	-9.257124865356264e-5	-9.911065707306384e-5	-0.00010329659178476454	-0.0001093439325498477	-0.00011805641136658669	-0.00011034304237662017	-0.00010068857261152919	-9.831518776762076e-5	-8.400551248328655e-5	-6.693959824248183e-5	-5.420402719768028e-5	-4.913044663787912e-5	-4.4309838560232725e-5	-4.7391422108248454e-5	-4.959514721060605e-5	-5.50262508309347e-5	-6.3962864807433e-5	-7.41246876126379e-5	-8.894118596973997e-5	-0.0001020823966546916	-0.00011071429239898917	-0.00011660889047350638	-9.633465790652353e-5	-0.00012302927911709335	-0.00012161853434305547
-2.945695003187237e-6	-4.143415272884511e-6	-6.414206842706859e-6	-7.80625678506485e-6	-8.106974468499078e-6	-7.752585200242407e-6	-7.729006621320185e-6	-7.998471090883913e-6	-9.116908674099708e-6	-9.38207649932429e-6	0.0007176827391642084	-5.648141525446335e-6	-5.206076337767925e-6	-5.964787268926061e-6	-6.3206313480638696e-6	-5.344213048225771e-6	-2.82503457251144e-6	2.710379590036005e-7	1.806056657553028e-6	3.6174590964323412e-6	4.4163746195518844e-6	7.521570107200948e-7	-3.745030732358809e-6	-9.643129238970805e-6	-1.311296235403112e-5	-1.1801167424350945e-5	-8.175456398993274e-6	-4.24892248712368e-6	-1.589421918840768e-6	1.7065491906978827e-6	3.7770001988209415e-6	5.311125938025664e-6	5.994677146716788e-6	5.172561425080373e-6	3.883769605721697e-6	3.081166020512272e-6	2.375234488965778e-6	-1.8352810599920645e-6	-6.727304175367394e-6	-1.0991690709526158e-5	-9.926032170628953e-6	-4.240867157066178e-6	-1.663719375482632e-6	-3.700234000442431e-6	-7.856401938136515e-6	-1.2727441639720592e-5	-1.922242229323093e-5	-2.533152405317842e-5	-3.029896907197696e-5	-3.5576018915300586e-5	-4.052294153185365e-5	-4.3990977109209344e-5	-4.3909378791805176e-5	-4.0044014922979015e-5	-3.1514579770016565e-5	-2.0487550064871712e-5	-1.175412339855797e-5	-2.374562661907817e-5	-7.4260747237034e-5	-0.00014023650879251264	-0.000235610534498297	-0.0002855187124762258	-0.00031970554496330884	-0.000416554281055994	-0.00038265684931164737	-0.0002872768278673436	-0.0003530082925997085	-0.0004429443101439893	-0.00037306694474241106	-0.00011654533355054397	-0.00013021090464063537	-0.0002460372652518354	-0.0002763785491488504	-0.00023720784789182936	-0.00013314402988332322	4.651945181301763e-5	5.173855073363487e-5	-6.98775744171088e-5	-0.00019765098860521045	-0.00029429340634768743	-0.00034153172131308647	-0.00032737387784627023	-0.0003020388957759076	-0.00025936637682759736	-0.00020510445610097058	-0.00030874457262694034	-0.0005246926432435524	-0.0006527280217798713	-0.0006441108061103294	-0.0005894067616253086	-0.000510795495977474	-0.00042770244657670993	-0.0003511495341467809	-0.00028498309435930937	-0.00022473831549972394	-0.0001783166898678898	-0.0001380075136778354	-0.0001137744074296114	-0.00011083032786201978	-9.708028479368802e-5	-8.317860119839808e-5	-6.942720986416635e-5	-8.452837580233408e-5	-8.965081400402579e-5	-9.402171101944613e-5	-9.890514271818085e-5	-0.00011349822036117035	-0.00011925701194040635	-0.0001139556721804335	-9.925238944673113e-5	-8.199027826507124e-5	-6.601193358645244e-5	-5.847322105201683e-5	-5.462582722899796e-5	-5.520451396576545e-5	-5.1717033818215324e-5	-5.618375877969144e-5	-6.0132307350699646e-5	-6.271420508623983e-5	-6.894260232538987e-5	-7.565337079853355e-5	-8.770421473303699e-5	-0.00010058668838835733	-0.00011249956967461072	-0.00011766691161089592	-0.00011950015518541902	-0.0001227555449377811	-0.00012053113004927615
-3.0372865153125653e-6	-5.451701580555762e-6	-7.085888665227442e-6	0.0006625558563496927	-8.52998071070206e-6	-6.874928251335418e-6	-7.272816640320045e-6	-7.941110851441549e-6	-8.39812030320789e-6	-7.189205218470366e-6	-6.102995979813614e-6	0.0006987699657881076	-7.50791979953723e-6	-7.418908233054874e-6	-7.598239620522579e-6	-6.139807794857321e-6	-3.4290332698414146e-6	3.5487102300235836e-7	4.564942728430563e-6	5.495367514095654e-6	0.00047767432925904644	-1.5748037427050499e-6	-7.090104498950686e-6	-1.006845911163826e-5	-1.1401758668553186e-5	-9.66062344053345e-6	-8.03955127497884e-6	-3.33878089189615e-6	-1.228423667637684e-6	1.2842858570236496e-6	5.574909679511783e-6	6.43210788813962e-6	4.330616254922398e-6	3.2385525505361674e-6	3.2058276651803636e-6	2.3193857597329434e-6	-9.546570156572162e-7	-7.016735723106449e-6	-1.4090618322961865e-5	-1.4599913916615685e-5	-8.766541151642923e-6	-6.38838609188239e-6	-7.442428983587667e-6	-1.0386012826353076e-5	-1.4261451967392987e-5	-1.882828940316921e-5	-2.4562368654951726e-5	-2.8809591953813524e-5	-3.244284070883473e-5	-3.653144836006199e-5	-3.932443604223127e-5	-3.9966144013063414e-5	-3.758700662325441e-5	-3.098459278689722e-5	-2.08863187155673e-5	-1.0682853105055921e-5	-1.6196753788535502e-5	-6.46496894602484e-5	-0.0001509683155369963	-0.000237636780151115	-0.00031926536689765375	-0.00033372640607758075	-0.00042905301276467515	-0.00044752526930785796	-0.00031093775473421854	-0.0003410562271653414	-0.00046922779231204324	-0.0004701925461973299	-0.0002014810253627916	-9.722465857007687e-5	-0.00023599361097421945	-0.00027382791989915764	-0.00025480611665247566	-0.0001556708221672927	5.955466884921545e-5	0.0001296242895516657	3.2461660727078206e-6	-0.00015538527468102886	-0.0002765855801685653	-0.0003198479459076437	-0.0003167279550065922	-0.00029744087852489123	-0.00025651668876828723	-0.0002105977941846502	-0.00015165782622328199	-0.0004738751941627678	-0.0006327567014124437	-0.0006412163284946239	-0.0005928135958020546	-0.0005232727129547525	-0.0004363041390534946	-0.0003560495287020706	-0.00028702449027836856	-0.00022882677259018075	-0.00018080807137913976	-0.00013940115536079448	-0.00011400087119748867	-0.00011043737738517488	-9.287272437837231e-5	-7.711006343538197e-5	-7.073026148324627e-5	-6.960102086621574e-5	-7.981513220549179e-5	-8.436580193281994e-5	-9.188849571083874e-5	-0.00010439767779684556	-0.00011455698196104723	-0.00011365833486312246	-0.00010488979497523358	-9.412227023773354e-5	-7.9063331817706e-5	-6.246293208426838e-5	-4.7297400038279376e-5	-4.368039087929761e-5	-5.2210590050449056e-5	-6.487226242497292e-5	-6.941572206094464e-5	-7.03240874790935e-5	-7.467873339031886e-5	-7.979230544883937e-5	-8.455549441784699e-5	-8.997583476237983e-5	-0.00010077407753812748	-0.00010387064620681792	-0.00011423182127772921	-0.0001209873404699538	-0.0001216296255720107	-0.00011843806156891339
-2.9464268869790894e-6	-6.068072820925746e-6	-7.0592135483188e-6	-7.567948278903308e-6	-6.290065782251983e-6	-7.3074130057246885e-6	-8.271032005341752e-6	-8.689111919481804e-6	-7.1933913516270594e-6	-7.076152700629442e-6	-8.193006770387075e-6	-8.960239293343301e-6	-8.497813802974116e-6	-8.166364180939517e-6	-8.24651534962772e-6	-6.724071865900653e-6	-1.5216933179555518e-6	4.22081185657403e-6	0.0005428753720171917	4.400253627315437e-6	0.0004554816938486352	-4.0503103595655385e-6	-7.474068476696471e-6	-9.608361125127123e-6	-9.312858522162685e-6	-8.319379598523309e-6	-4.936322537470346e-6	-2.5341873725361064e-6	3.278503418724897e-7	3.851733825876828e-6	5.061825788382768e-6	5.177728148249468e-6	9.209794892472631e-5	3.7084070291025333e-6	3.3077023723639652e-6	2.9639789378291606e-6	0.0001881572662993541	-9.79159056152491e-6	-1.3869887648988721e-5	-1.3902353270867952e-5	-1.2385216624358816e-5	0.00010993788174116408	-1.1571585187774257e-5	-1.4317192480672262e-5	-1.7950128149276864e-5	-2.3058677765808167e-5	-2.7951205058178788e-5	-3.061177200527204e-5	-3.237417498956532e-5	-3.476192366651341e-5	-3.512258721295909e-5	-3.46020539632088e-5	-3.214015955590663e-5	-2.3313239678698396e-5	-1.1804555966510484e-5	-1.3264083256877765e-5	-4.6600046238898934e-5	-0.0001414914823640815	-0.00023898437675085472	-0.0003580472875243726	-0.00038091425394568175	-0.00042249491544557073	-0.0005181951615743172	-0.00035482845558293397	-0.0003026088308617954	0.007416668904173043	-0.0005468121706199598	-0.00031341147081103207	-4.280544376377912e-5	-0.0001504055972458701	-0.00024163179604972176	-0.00025280384272161754	-0.0001821027471302951	2.643851999785049e-5	0.0001899245269222985	7.273988047225982e-5	-0.0001127694637314755	0.006429061010013951	-0.0003087541792755333	-0.0003127524659516691	-0.000291695699603748	-0.0002552482878154412	-0.00021206167013869924	-0.00016086986368447215	-0.0004121504460915474	-0.0005923684854103675	-0.0006319738802482155	-0.0006049336596413227	-0.0005352103123793493	-0.00045325209184271173	-0.0003694594519869365	-0.0002932953468276749	-0.00022936949363948876	-0.0001842280587924152	-0.0001464680846807384	-0.00011753306963183802	-0.00010959603593077051	-8.909392734159083e-5	-8.202321513986997e-5	-7.004544054110481e-5	-5.7056593534251035e-5	-6.121136843575958e-5	-6.916375187978815e-5	-8.140629812088129e-5	0.00861656472826277	-0.00010781963964592682	-0.00011141016074012883	-0.00010698220959223965	-9.908360265901625e-5	-8.568597376307305e-5	-7.121758375464981e-5	-5.8999416626217584e-5	-4.969777169449522e-5	-4.6586755852637794e-5	-4.968705455421236e-5	-5.88704245708992e-5	-7.625325837336966e-5	-8.616748691707508e-5	-8.655105210970352e-5	-9.290116959981103e-5	-9.404150269230402e-5	-9.780736639954796e-5	-9.871122163933321e-5	-0.00010475149518336755	-0.00010599044633500046	-0.00011177159873034317	-0.00012084034948503172	-0.00011783457541940552
-3.6932630043150835e-6	-5.302761900888081e-6	-6.0182065432875685e-6	-5.292966786434386e-6	-6.086657561456656e-6	-8.176984728376895e-6	-7.916549940302454e-6	-7.2992067736712095e-6	-7.627862549388319e-6	-8.839936454499084e-6	-9.816853722743922e-6	-1.0249617975806747e-5	-9.423743605504586e-6	-8.539440551138004e-6	-8.688881197979788e-6	-4.383663688176196e-6	1.6183520906839707e-6	5.319991814971021e-6	5.302965782423216e-6	3.3494682062922432e-6	-7.76533397452801e-7	-4.90394199304401e-6	-6.985752121408707e-6	-8.922895157611414e-6	-7.363100854235801e-6	-5.432729762312304e-6	-3.4007411414357404e-6	-2.1894840178090028e-7	2.8029269240901003e-6	4.271618898659887e-6	6.019539864666763e-6	6.690144451122239e-6	5.164937623100031e-6	5.3195236374994036e-6	5.853239601880979e-6	3.389250172885789e-6	-4.259873658083325e-6	-9.8036762655445e-6	-1.3772324128737742e-5	-1.4297739149799014e-5	-1.3389015766853037e-5	-1.2552562956191955e-5	-1.1865903494479545e-5	-1.4156979366846279e-5	-1.9717268131798707e-5	-2.4944036032233455e-5	-2.896368451316394e-5	-3.0289771573419923e-5	-3.0502516383578218e-5	-2.9956290040450244e-5	-3.173205045167021e-5	-3.231189639983645e-5	-2.7597303741398217e-5	-1.733624945443775e-5	-7.618775027529168e-6	-3.410702395100114e-5	-0.00011821669611018076	-0.00023454373506792778	-0.0003703761564572989	-0.0004198201760583463	-0.0004179785801493741	-0.000568128589774515	-0.0004729522960805928	-0.0003039130585232117	-0.000474467121608195	-0.0005942293264090195	-0.0004501295121210093	-1.0592246621476953e-5	-2.030340692489932e-5	-0.00021212547097158863	-0.00025047866546645467	-0.0002105366913290191	-2.403581737635274e-5	0.00020095294839391972	0.0001278214320258545	-7.589500174306173e-5	-0.0002493735119328804	-0.00029822881677230885	-0.00031044397434047515	-0.00030060837090091844	-0.00026195659616652656	-0.00021870841576459785	-0.00016469227250405852	-0.0003217220046675996	-0.0005354272611130667	-0.0006048311447732005	-0.0006069186595718083	-0.0005541634046355749	-0.00047728925443900685	-0.0003947133081758959	-0.0003147657396682449	-0.0002437698298531077	-0.00019067475719993995	-0.0001469343601687937	-0.00011366920089645599	-0.00010245528867577208	-9.221627802298224e-5	-8.163459797581353e-5	-6.836089640606217e-5	-6.078653588771285e-5	-5.26723337136107e-5	-5.537729735340634e-5	-6.532240436020118e-5	-7.911327060019895e-5	-9.496405859051558e-5	-9.973336111623269e-5	-9.842120408725882e-5	-9.412857322472871e-5	-8.64649677379762e-5	-7.188947348676054e-5	-6.244574928405532e-5	-5.384438506866873e-5	-5.049660788895415e-5	-4.9601612993267936e-5	-5.526658077925975e-5	-6.204917890855876e-5	-7.241478053624743e-5	-9.062237133633261e-5	-0.00010225165907040701	-0.0001037606708129005	0.0068422233405619325	-0.00010824596269711547	-0.00011068133857951995	-0.0001078826652845628	-0.0001073604579945658	-0.00010677638932179902	-0.00010658044924079842	-0.00011293324065893371
-3.6937525174759924e-6	-3.8097808124936718e-6	-3.050212790000782e-6	-4.9204532698461905e-6	-7.0270428241721045e-6	-8.250035031840504e-6	-6.848623712276325e-6	-7.540253881428141e-6	-8.651370567283384e-6	-1.118113396840351e-5	-1.1320872662787728e-5	-1.035253902707269e-5	-9.92799938684093e-6	-9.45239882348711e-6	-6.885895583439751e-6	-1.2162621926855958e-6	2.1242756396695588e-6	3.5873485038919687e-6	4.155521059038842e-6	1.914909881594977e-6	-1.0530987788889227e-6	-4.707806058998256e-6	-6.91346059794682e-6	-5.64383367601326e-6	-5.054349883125506e-6	-4.603555712199073e-6	-1.0683635525733648e-6	2.0751761137922063e-6	4.08723056284253e-6	7.493171167588259e-6	8.346271439111427e-6	7.5537490430406876e-6	9.167796372370422e-6	9.91253786637638e-6	5.867540797308522e-6	3.780996137817301e-6	-3.355626927747154e-6	-1.0272811129855529e-5	-1.1955665923794098e-5	-1.3279261948297844e-5	9.67289966366503e-5	-8.558859390043593e-6	-1.0631028434361731e-5	0.0009750885043659013	-1.7569351097243557e-5	-2.4115392463540733e-5	-2.7580714811949354e-5	-2.7612781146671428e-5	-2.6856572192383334e-5	-3.0029107529901643e-5	-3.539804615442302e-5	-3.3908399375988905e-5	-2.1229408797194226e-5	-2.3824061817301692e-6	-7.823673640362794e-6	-8.694610803951317e-5	-0.0002131776587279994	-0.00036061183179445996	-0.00047342666507389775	-0.0004202357898842532	-0.0005545975441873571	-0.0006312490049512759	-0.0003238128954874582	-0.0004103470585803924	-0.0005815412530778795	-0.0005541648144535838	-3.074815882030818e-5	0.00013521605112800858	-0.00013042038883408213	-0.00028768802117981607	-0.00024093744770397468	-7.857801457645044e-5	0.00017746008323374016	0.0001993543055122185	-2.0834106706545466e-5	-0.00022887676242688663	-0.0002931283610587126	-0.0003130434928950987	-0.00031175690441654844	-0.00027917798166993135	-0.00023364673899708283	-0.00018031568287243602	-0.00019298842982582234	-0.0004823887479882272	-0.0005669571534979746	-0.0005979154772666612	-0.0005648233405534941	-0.0005025861389562625	-0.0004210314730559474	-0.000343370795365637	-0.00026864765164703874	-0.00020741956393427463	-0.00015792816760460196	-0.00012375070638603707	-0.00010108171469768931	-8.332779616554258e-5	-6.849158889154182e-5	-6.800362198420944e-5	-6.205862096756408e-5	-5.577835589481821e-5	0.0089581120277214	-5.38806018586524e-5	0.008751685329094023	-7.209137846734236e-5	-8.68032122912192e-5	-9.396623052695865e-5	-9.228137088160282e-5	-7.744700964427195e-5	-7.017552608424519e-5	-5.873495662013159e-5	-4.99548942732575e-5	-4.6170932454679334e-5	-4.7770730950613335e-5	-5.4217263085868696e-5	-5.682834730081406e-5	-6.970794521959315e-5	-7.851954953049488e-5	-9.155870127385349e-5	-0.00010262720814672738	-0.00011644388886564334	-0.0001194806835328301	-0.00011684233208221484	-0.00011595724380144504	-0.00011309189623762584	-0.00011025523810256899	-0.00010811036704283603	-0.00010078162664172233	-9.95820867143735e-5
-2.803433290753652e-6	-2.1133518882912768e-6	-2.3298266478772364e-6	-5.446053218935215e-6	0.000724588451015551	-7.609007799731131e-6	-7.133350947934438e-6	-8.403416855982167e-6	-9.854516531677786e-6	-1.1152702142933155e-5	-1.1495050139266041e-5	-1.0658317181903767e-5	-1.122576398000395e-5	-8.946089363444723e-6	0.0006102684471912163	-9.30945254993534e-7	1.2475345517639746e-6	3.0535260310668357e-6	2.7024225467272515e-6	1.8120595563332967e-6	-6.506802394253778e-7	-4.371309022003708e-6	-3.6833221613800232e-6	-2.817825122921388e-6	-2.7201926894792824e-6	-2.2751873667405456e-6	2.092882658085056e-7	4.236886718311968e-6	8.288122222875009e-6	9.307994597307356e-6	9.728421339013672e-6	1.2731934281493516e-5	1.1888615794673329e-5	1.0062335878207544e-5	9.92639183691876e-6	1.675424740729594e-6	-3.508005612449898e-6	-8.042272619396013e-6	-1.3562766968267925e-5	0.00010983917493622743	-6.473470633670819e-6	-5.949684128399649e-6	-5.491442868032874e-6	-9.864302072653403e-6	-1.6644378782464282e-5	-2.1657806332738873e-5	-2.413113704832163e-5	-2.6235415029893586e-5	-3.1052139574938575e-5	-3.6981502574986135e-5	-3.674730833004309e-5	-2.3528123731090568e-5	2.2115805441320913e-6	1.2472765821471693e-5	-4.948857623763951e-5	-0.0001845832897456835	-0.00033403875575647134	-0.0005139515619363971	-0.0004873458590607619	-0.0005071117543109516	-0.0007436199746244706	-0.0004820296108441584	-0.0003112697718834524	-0.0004997029567021215	-0.0005545002411734036	-0.0002185336445618795	0.00021439817420075905	-1.7600532732642282e-5	-0.0002331422751826115	-0.00028114877044949776	0.009564471072546522	7.642065285229024e-5	0.0002426589594216582	3.7148830362787946e-5	0.007274757013374768	-0.0002782757031487195	-0.0003119944045767119	-0.0003103438125265194	-0.00028985102960669973	-0.0002524673661263334	-0.00020636101103962967	-0.00014470896250382004	-0.0004310475687657224	-0.0005316829907657354	-0.0005743018269802232	-0.0005693479699650852	-0.0005218599222998888	-0.00044944173614508073	-0.00037380788296421247	-0.0003030363497419017	-0.00023746511259269132	-0.00018332950157875366	-0.00013881212542680814	-0.00011251529466655731	-8.837493073064404e-5	-7.500837386951141e-5	-5.99505350724807e-5	-5.0008261144292646e-5	-4.9233446868836295e-5	-5.146417421842027e-5	-4.7825744589006375e-5	-5.118934438635113e-5	-5.759765665694187e-5	-7.432733585793598e-5	-8.185309993843058e-5	-7.442331189928646e-5	-7.40848418954174e-5	-6.626251937240629e-5	-5.295105528992008e-5	-4.5096714343839835e-5	-4.1202864184538765e-5	-4.125845322301095e-5	-4.716625035395931e-5	-5.517710628872609e-5	-6.553186053905643e-5	-7.276916412339313e-5	-8.343392885585242e-5	-9.697691112317032e-5	-0.0001073757532820633	-0.00011704055488269329	-0.0001255636603107171	-0.00012748255111098838	-0.0001228854646184805	-0.00011628733604621567	-0.00011304063263749015	-0.00010933643699608236	-0.00010257742774784882	-9.578029135548678e-5
-1.6708512787320245e-6	-1.5514646424400012e-6	0.0006740347281621463	-7.157167791749502e-6	-6.9393815486896385e-6	-7.484652199667846e-6	-8.699592660133242e-6	-9.010037036529276e-6	-1.0534642119633484e-5	-1.0544320649881781e-5	-1.020688504768945e-5	-1.201405090862917e-5	-1.0909021153294096e-5	-6.503258296431487e-6	-3.84556167104858e-6	-1.9890009583746395e-6	6.139561201557071e-7	2.2684434624231815e-6	2.4108857492842473e-6	1.6623712396869259e-6	-1.2139128197649965e-6	-1.7566945772389334e-6	-1.443125029144867e-6	-7.706439197723014e-7	-7.520374920673076e-7	-1.636792890352505e-7	1.5574375680175306e-6	7.074786669697408e-6	9.216695136260444e-6	1.1230991679245326e-5	1.4754695423454568e-5	1.3206177496341825e-5	1.45749975989087e-5	1.2794323089805777e-5	6.53640347284077e-6	1.8239852838286726e-6	-6.608593401463345e-6	-1.2676103884330485e-5	-9.552231695463941e-6	-7.531236300122989e-6	-1.4167309074475908e-6	6.773126791414022e-7	-1.8330052382626444e-6	-7.294872869179417e-6	-1.3884863211553918e-5	-1.9650268431631486e-5	-2.2884722712429757e-5	-3.050797826040577e-5	-3.730565525353509e-5	-3.851844772957344e-5	-2.5748268488471823e-5	1.8977245491193229e-6	3.678377926677381e-5	5.120389677580953e-7	-0.0001482335334753804	-0.00030951783565357546	-0.0005094498820731007	-0.0005878758654138602	-0.0004795803566057157	-0.0007481291014431457	-0.0006842873192512179	-0.00022751708152884964	-0.00035908493382528703	-0.0004861868776032986	-0.0003397004280790601	0.000224672447807564	0.00010739327937266813	-0.00014386409451488252	-0.00029393399951700185	-0.0002088093187806346	-2.5532798122529857e-5	0.00024328521487518642	9.825576257390528e-5	-0.00018028868403545915	-0.00027950307549570556	-0.00030817920042736265	-0.00031700509920849426	-0.00030004917379302873	-0.00026645028451894107	-0.00022189232339779943	-0.00016672617088840658	-0.0003644424714423916	0.006257395328865961	-0.000557315112633891	-0.0005690554981349107	-0.000536395923510756	-0.00047044293274020946	-0.000401207052814264	-0.0003333667819797187	-0.0002703960574946575	-0.0002170555035187205	-0.00016879391921773707	-0.0001358649262192535	-0.0001041121166531038	-7.923730926126873e-5	-6.391625837929779e-5	-5.715885046438801e-5	-4.622982870735454e-5	-4.391450280564861e-5	-4.2981461238029636e-5	-4.899800147843865e-5	0.008197872036663518	-5.3366788725986436e-5	-6.529796129023727e-5	-6.693841794139926e-5	-6.620849536892806e-5	-5.665205993026206e-5	-5.119979972303436e-5	0.00804654744569332	-3.1716609623800435e-5	-2.9262774788063085e-5	-3.324705814637934e-5	-4.241463297011312e-5	-5.3037716064071455e-5	-6.746968135703732e-5	-7.705706677764695e-5	-8.880422957613984e-5	-0.00010012454929844879	-0.00011150973233307014	-0.00012002566882691936	-0.0001251724319641231	-0.0001310948722333359	-0.00012804222616869757	-0.00012184498161349564	-0.0001177242634067344	-0.00011199435349929215	-0.00010644096925865529	-9.865532223085876e-5
1.0273795052542778e-7	-1.609778755174568e-6	-5.701052199199924e-6	-6.9213787428192355e-6	-7.176147997746884e-6	-8.919055581412113e-6	-1.0335768696831003e-5	-1.0491879119190264e-5	-1.0061524604063976e-5	-1.0281085459183789e-5	-1.1720937042767818e-5	-1.278690192090177e-5	-9.68713654002926e-6	-6.877256749081599e-6	-3.682721267642044e-6	-1.6690177856578618e-6	-2.259478984662812e-7	1.8197248911173101e-6	2.3465476991515154e-6	-3.406227383484506e-8	1.637928394261287e-8	-1.5052636589442392e-7	-7.718885377877224e-8	2.2494141430702726e-6	2.962864965091322e-6	9.824909761273334e-5	6.968738653463039e-6	9.268130645595247e-6	1.1313819657824895e-5	1.557037191703397e-5	1.4327517129848234e-5	1.8060543927143208e-5	1.619982095018603e-5	1.2260080786414933e-5	6.01693725654209e-6	-3.2601572673039356e-6	0.00011478535960276906	-6.237543988751263e-6	-6.403362264040258e-6	1.0647198763922769e-7	3.84974176083526e-6	4.695629055181082e-6	1.258412811997768e-6	-3.8008366911711916e-6	-9.958092785262995e-6	-1.7832178614263748e-5	-2.7027295068974243e-5	-3.3680876208256466e-5	-3.6750870567570613e-5	-2.8740184522513777e-5	-1.1262655737502222e-6	5.04106440541623e-5	7.327941565690981e-5	-5.5923850199139646e-5	-0.00026919969672205626	-0.00044946456489731567	-0.0006642612015014468	-0.0005467210792843135	-0.0006641009923555839	-0.0008585190616893119	-0.00030231698213084926	-0.0001396905164497038	-0.00031840238592234504	-0.0003731849133356384	4.8587343720856574e-5	0.00020141087768432708	-7.636814992276891e-5	-0.0002821374609602526	-0.0002676695860937949	-0.0001128635971699328	0.0001431000608296054	0.00015949513535698685	-0.0001331652661577809	-0.00029108000218773696	-0.00032948860906258266	-0.0003330876163444487	-0.00031723110767239125	-0.00027897058926047887	-0.00023572407746672713	-0.00017963302161223306	-0.0002371161248004676	-0.0004646777860503083	-0.000549243281566629	-0.0005672239663228468	-0.0005508062923269448	-0.000499537709694204	-0.0004359554217131176	-0.00036414700504104613	-0.0003021179901482353	-0.0002440643243062368	-0.00020002175505663689	-0.0001636930599539007	-0.00013387947384339502	-0.00010136307146760282	-7.55661449410288e-5	-6.000126230695964e-5	-5.005496460093288e-5	-4.6603386767273686e-5	-4.3925068482454296e-5	-4.65609806660737e-5	-4.625638774270746e-5	-5.1012968891196026e-5	-5.2884943012917324e-5	-5.480232830425494e-5	-5.723191297789254e-5	-4.868804059704121e-5	-4.476505965846263e-5	-3.725579110480919e-5	-2.9149879732671274e-5	-2.2342350401521015e-5	-2.1284493251336363e-5	-2.756571521565776e-5	-3.650969069093641e-5	-5.11883472981969e-5	-6.615854637119067e-5	-8.031118372067714e-5	-9.313776945464505e-5	-0.00010224780322659437	-0.00011400997641786408	-0.00012286690917115428	-0.00012771206246372808	-0.0001313444992286257	-0.00013075533224769006	-0.00012658142134718952	-0.00012220607285547223	1.2778305885315956e-5	-0.00010645589216271359	-0.00010113542901204423
4.000379916918335e-7	-3.802745556164347e-6	-6.3470364005248185e-6	-5.683485684957346e-6	-7.401888620095238e-6	-9.146893905194681e-6	-9.621934424051829e-6	-1.0854121685536892e-5	-1.0091806883487809e-5	-1.0260647645876815e-5	-1.3859510825591859e-5	-1.137981690474475e-5	-9.395493321800443e-6	-7.569626468933825e-6	-4.057695150721944e-6	-2.568048801144e-6	-2.9102703748415046e-7	2.121785207113199e-6	5.573714132107218e-7	6.139075801804995e-7	7.879853276501238e-7	1.0357123203779545e-6	2.4591527543688443e-6	3.7345861108998603e-6	3.418865039759699e-6	8.796530850263421e-5	9.323362846135833e-6	1.1497775958754786e-5	1.5349987235989144e-5	1.478893494184742e-5	1.9890196677142726e-5	1.8663449434671263e-5	1.5272792638595153e-5	1.0825471870594579e-5	2.5734313120685977e-6	-2.5661900803115867e-6	-3.987842728887976e-6	-4.756026749080239e-6	1.2606664382655737e-6	5.831395407458924e-6	8.937700667023193e-6	8.070708963116291e-6	5.87254982348847e-6	-7.003494713418018e-8	-1.0432754038490824e-5	-2.0522949631721597e-5	-2.6168186091223185e-5	-3.0681727273738045e-5	-2.984535769023043e-5	-6.208695338665721e-6	3.7013780894651696e-5	7.389962519883681e-5	1.645030623623634e-5	-0.00018613383951954655	-0.0003831325364895546	-0.0006200534718447948	-0.0006992120645172607	-0.0005724328315471951	-0.0008870295028448084	-0.0006080203847321289	6.583128872106672e-5	-0.00014033567045088936	-0.00036582266707118477	-0.00020261139880564313	0.00023512503534309573	-1.8198992660090063e-9	-0.00023088960700865316	-0.00026641797281853376	-0.00018428746431068017	1.4093919461838009e-5	0.00020598213530242243	-8.771709164123558e-5	-0.00029475861824381985	-0.00035152602101125134	-0.0003677102019205257	-0.0003486031910535873	-0.0003102977974625814	-0.0002603332252919515	-0.00019129886475225365	-0.00012045177685436267	-0.0003965568250191998	-0.0005241363726345497	-0.0005688815618944999	0.007714084762008421	-0.0005276271011741065	-0.0004618949957049291	-0.0003977347272777869	-0.000334178414545562	-0.0002789395069104604	-0.00023019501010912435	-0.00019274607686260367	-0.00016416255626465308	-0.0001305319608474291	-0.00010454881184656512	-8.03524325492487e-5	-5.976325900326242e-5	-4.8751083631375786e-5	-4.334063972793144e-5	-4.609107701254202e-5	-4.5260324906546204e-5	-4.871022812272946e-5	-5.1301168998204444e-5	-4.447305422040394e-5	-5.4608859590766015e-5	-4.112298487282326e-5	-3.787009353675708e-5	0.007612894027837812	-2.5504685791707254e-5	-1.6592883667326114e-5	-1.5177257695520203e-5	-1.595336915317328e-5	0.007633837252861062	-3.268171513439149e-5	-4.87927147642701e-5	-6.831498960003634e-5	-8.104960332478567e-5	-9.507242220568868e-5	-0.00010717316712306052	-0.00011378446447378454	-0.00012244860443514412	-0.0001284122698424605	-0.00013156982707365848	-0.00013334462544410154	-0.00013144249091066873	-0.00012426693005130555	-0.00011432150501364431	-0.00010640546236348816	-9.908049900116903e-5
2.1934184422098615e-8	-4.41553727072554e-6	-4.763084804148372e-6	-6.132767849597546e-6	-7.664833402281105e-6	-9.795772247528237e-6	-9.219794669883914e-6	-1.017533795004584e-5	-9.254537429307427e-6	-1.2499440881419063e-5	-1.2473087957561198e-5	-1.0714821444327265e-5	-9.809096376898595e-6	-7.4059837998298374e-6	0.0006151639476383768	-1.8079088641193182e-6	1.225164996743796e-6	7.298720953790791e-9	-5.146799582388725e-7	1.3410012739459819e-6	1.2548286744537215e-6	2.6091189971348336e-6	4.5336763037869855e-6	3.8122885020791704e-6	7.579827587475291e-6	8.80682493191497e-6	1.0819230764763654e-5	1.5420174830711904e-5	1.58573835473165e-5	1.968828189884272e-5	1.971164326523226e-5	1.7482417025756897e-5	0.00013260528110775128	5.643229213135939e-6	5.539383167115809e-7	-1.1133427963729535e-6	-8.684149278587877e-7	2.7778484160264835e-6	6.42037379272771e-6	1.1050039584194725e-5	1.1445937604399187e-5	1.2497518005064392e-5	7.085552091996676e-6	-1.724106332961356e-6	-9.145496239655604e-6	-1.82362560742326e-5	-2.495665373241241e-5	-2.7220577920286822e-5	-1.0524818924695888e-5	2.6028635032363488e-5	7.235175564191624e-5	6.633111495528768e-5	-7.035392435381788e-5	-0.0003250008807389711	-0.0005009933681339104	-0.0007654917969621058	-0.0006207739184490788	-0.000765150560055319	-0.0008434804530505456	-9.800681195423766e-6	-5.957116497421096e-5	-0.00032122571730092836	-0.00035261027911685956	0.00012228600704809224	0.00011270119853286006	-0.00016663072274878017	-0.00029245436825009984	-0.00023899782612192035	-9.917233462046482e-5	0.00016639201975304253	1.5730371924092476e-5	-0.00030892122770422546	-0.0003841307579341858	-0.0004000177324619929	-0.0003812667740753055	-0.0003436788536858096	-0.0002881884320756964	-0.00022728412830031082	-0.0001346663807593254	-0.0002948993168823237	-0.0004644791407719135	-0.0005413346071455466	-0.0005666950153426081	-0.0005473295714470035	-0.0004960328614815514	-0.0004299461759315823	-0.0003629739354095961	-0.00030701028441671926	-0.00025812475517466606	0.009068865667650724	-0.00019311314979216475	-0.00016334809923549028	-0.0001323695200405612	-0.0001078903115508869	-8.698497976685621e-5	-6.651830314579991e-5	-5.6763497890358755e-5	-4.848231062687218e-5	-4.424764316686598e-5	-4.996655457206907e-5	-5.540266094137235e-5	-5.001846336985874e-5	-4.9128603534518214e-5	-4.4431205804829066e-5	-3.6168235063383306e-5	-2.7819959863128324e-5	-2.0006501014017963e-5	-1.250823015780042e-5	-6.062121061969732e-6	-2.5619697523399446e-6	-1.1070014210856627e-5	-2.1209303657852667e-5	-2.9971778696055718e-5	-5.0851889593942975e-5	-6.34573827538662e-5	-8.1000842516569e-5	-9.656202131825848e-5	0.006560737764135338	-0.00011489502387582	-0.00012092663233568765	-0.00012890313098575055	-0.00013310740495399691	-0.00013359956913525962	-0.00013296260120655365	-0.00012578777026158328	-0.00011804155991708941	-0.00011263023359017049	-0.00010419768868292611
-2.230545471498249e-6	-3.5297723845640217e-6	-4.41210894317097e-6	-6.614713913790553e-6	-8.718437183161858e-6	-8.731822585296423e-6	-8.588165905266e-6	-7.3480435473533435e-6	-1.0997948131298736e-5	-1.2504371074093532e-5	-1.0241117270946669e-5	-1.1388385056439621e-5	-9.457969684127307e-6	-6.773335686435528e-6	-4.284032832174928e-6	-9.310298844269864e-7	4.5992866283604654e-7	-1.6978770913636705e-6	3.2130356014681283e-7	-3.583977212771351e-7	2.456704952316646e-6	4.4437859471812766e-6	3.1314043842742972e-6	5.790082165352088e-6	8.644129852013183e-6	1.0235485936084272e-5	1.3983421612360873e-5	1.4908459280949752e-5	2.0760701936110675e-5	2.0352655258283787e-5	1.8949809402852777e-5	1.6234918783246052e-5	9.953443270494574e-6	3.6046482996838353e-6	-9.871085131468553e-7	-2.457164761265375e-6	5.647394565335383e-7	6.966401225143564e-6	9.404554766022366e-6	1.2570713592622e-5	1.637863020675836e-5	9.309843425147311e-6	5.2161531423388155e-6	2.866720099151121e-7	-1.003806928345178e-5	-1.9892388350363673e-5	-2.008859753370451e-5	-1.589068265503684e-5	8.143837948405494e-6	5.3441597437295374e-5	9.280855081726744e-5	2.79620156168987e-5	-0.00020164734572272833	-0.0004262113304334984	-0.0006634406233675758	-0.0007602060543253353	-0.000588813662617902	-0.0008634616099983082	-0.00026431603700411213	6.372389567497333e-5	-0.00023822586726223761	-0.00039050525379221573	-0.0001438691303158688	0.00018968589294860588	-0.00010062163984273995	-0.000329712967341066	-0.00029309805865077726	-0.00020420958548998148	7.544955981384285e-6	0.00014128549408968377	-0.00028356764191612115	-0.0004018551700488409	-0.00043054441973113325	-0.00041601349197299166	-0.0003749761975369026	-0.0003215674132799485	-0.0002598627898118839	-0.00018506922574426307	-0.000217366504291815	-0.0003882926223580229	-0.0004998555763341146	-0.0005431327848835505	-0.0005468331509413896	-0.0005156215190141832	-0.00045485766841154435	-0.0003905134941580707	-0.0003340935786973632	-0.0002868154225642728	-0.00024738204324544107	-0.0002120946688800255	-0.0001841439088337126	-0.00015886228501389363	-0.00013995957431206518	-0.00011388759252415476	-9.095734663654327e-5	-7.653548259414257e-5	-6.617934801013935e-5	-5.71640226532371e-5	-5.470600265931186e-5	-5.8454498254182155e-5	-5.526810352299641e-5	-4.994336957344324e-5	-5.066202796622128e-5	-4.1150881820812765e-5	-3.30797557655544e-5	-1.9491422016985546e-5	-8.533847333219019e-6	-2.239125353447474e-6	4.028810595899102e-6	2.641265241243307e-6	-7.908554387975678e-6	-2.1602957865716338e-5	-3.135425498965519e-5	-4.997585741908176e-5	-6.72151908332223e-5	-8.127939887217668e-5	-9.570267555302978e-5	-0.00010672003391350333	-0.00011652138532465463	-0.00012302678215124312	-0.00012876421908976712	-0.00013219852771826322	-0.00013367196913618463	-0.00013429423698302703	-0.0001279187184406727	-0.00011956176684238453	-0.0001151229885329539	-0.000106890261991773
-2.981869529127077e-6	-3.75455233727175e-6	-5.6004106373025095e-6	-8.568515633025457e-6	-7.806700254260135e-6	-7.0578124934553114e-6	-7.500751813849802e-6	0.0007564750568151248	0.0007416005047177138	-1.1983447853572719e-5	-1.0226978630763998e-5	-1.0434364889835715e-5	-7.3682684315664725e-6	-5.441303794828179e-6	-1.5429123106371848e-6	2.1993777216122723e-6	3.327509928837888e-7	1.2342122240936813e-6	1.0532887705473962e-6	4.5079975922969126e-7	2.565515110791207e-6	2.555575204742349e-6	5.548451979711221e-6	7.54783384214865e-6	9.686214042002941e-6	1.3298266385319314e-5	1.5550385511220195e-5	1.8881438238220125e-5	1.925637638819193e-5	2.030758466275333e-5	1.93618913484051e-5	1.4987767361722935e-5	8.738072227213681e-6	2.4528072851341502e-6	-3.4924873697260786e-7	-4.6032170805156147e-7	2.1084037509595463e-6	7.127502621743706e-6	7.663678368286225e-6	1.3073370516464462e-5	1.2715760745025083e-5	8.580052275218228e-6	8.164931268746754e-6	-7.257012844385374e-7	-1.2945521337304373e-5	-1.8359532432538073e-5	-1.6575470886039806e-5	-6.049737315489204e-6	3.270368167040353e-5	5.63090599910469e-5	7.889128360121216e-5	-2.2542478589414154e-5	-0.0003208296921389372	-0.0005340597922346996	-0.0007966992001916251	-0.0006287776666252364	-0.0006855247624880725	-0.0005966259220687928	7.475657463917353e-5	-0.00010253353342087358	-0.00036267677263604123	0.01293290138975993	0.00014207172172259544	1.6208333507381628e-5	-0.00028521445915577134	-0.00034312704608771387	-0.0002631480923930788	-0.0001403197445986725	0.00016621867661588928	-0.00012803733389537067	-0.00040170466149096716	-0.00045884352008087985	-0.0004584440857012106	-0.0004169849844740201	-0.0003509352636207625	-0.00028812056058927053	-0.00021754810441846142	-0.00013227827533562712	-0.0003085487855591755	-0.0004600701277960185	-0.0005189653957636802	-0.0005337501589319782	-0.0005235513455240266	-0.00047302549841150843	-0.000406260535788577	-0.000344178400571004	-0.00030359465284443554	-0.00026991959957162887	-0.00023418978890746116	-0.00020225938903275023	-0.00017713132400925223	-0.00015408777238531957	-0.000138158413233707	-0.00012052805164640065	-0.00010397790590902303	-8.796571994320983e-5	-7.639058516458429e-5	-6.639424436844302e-5	-6.62033779908356e-5	-6.288587545946918e-5	-5.373186103430766e-5	-5.5041815683184656e-5	-4.814428173640327e-5	-4.2676650013591735e-5	-2.8204754011929706e-5	-1.605272075314544e-5	-5.624948227903395e-6	2.286017698705997e-6	6.543928378777847e-6	5.347512250608415e-6	-6.294477526334018e-6	0.006993217419151861	-3.5493143968811855e-5	-5.3746026925857726e-5	-6.932457289352077e-5	-8.445974624586919e-5	-9.77607797597287e-5	-0.00010597480952663756	-0.00011761327425060912	-0.00012371170078357818	-0.0001292768908635073	-0.0001323599544306468	-0.00013366519736239622	-0.00013448096653476994	-0.00013027540241722108	-0.0001229576015798154	-0.00011631713512803756	-0.00011097095375760518
-1.5916958252186302e-6	-4.010589417697847e-6	-7.647541370488101e-6	-9.509790700219919e-6	-7.793701154416724e-6	-7.0703308391632195e-6	-7.214747362906115e-6	-1.0574948789148116e-5	-1.2290369695247159e-5	-1.0816536867303949e-5	-1.1003010009271721e-5	-1.0735978822178907e-5	-7.583061314265322e-6	-3.396172393169746e-6	1.047214550237716e-6	9.687141627864795e-7	-1.0069720621577738e-7	1.937592200698451e-6	4.426203394146226e-7	0.0003030931104906721	3.28113834089901e-6	4.068124578307172e-6	5.875807353259571e-6	8.172785263273977e-6	1.2181175611919969e-5	1.4239516982314689e-5	1.8680041776646464e-5	1.8596483626880794e-5	1.98385666025239e-5	1.889686358899547e-5	1.727491709272236e-5	1.212780866509909e-5	8.18445058953102e-6	4.234289738551823e-6	1.5968101028181365e-6	2.5635870295071667e-6	3.492251325631652e-6	5.983634460040698e-6	7.760362261382669e-6	8.631963351512974e-6	0.00043639203749408235	9.485881686372398e-6	6.247619521986686e-6	7.978863402228684e-7	-1.2104616004741768e-5	-1.6934203204955166e-5	-1.1786990396851944e-5	1.1058652658315835e-5	2.239015186233581e-5	5.1861220764235286e-5	7.794822278622566e-5	-0.0001442825134959861	-0.0004247268324357716	-0.0007104541855946361	-0.0008012604900591372	-0.0005101703024065155	-0.0006333645934976373	-7.841921433266244e-5	3.966109887666887e-5	-0.0002750792739640139	-0.00041901560463475547	-0.00012629398597101618	0.00017080311826294	-0.00017993386747759688	0.011248500916759404	-0.0003176405753845153	0.01541534750022517	-1.3938509611484753e-5	8.695698895362994e-5	-0.0003620734299130367	-0.0004693530526892007	-0.000485208196044978	-0.0004577844090265966	-0.00040105463446223587	-0.00032995397175714265	-0.0002537261857204695	-0.00016540188077550713	-0.0002426669609074169	-0.0003829988537732906	-0.0004894529416368896	-0.0005149529078523046	-0.0005197790439405089	-0.0004934830090191304	-0.000433390840682505	0.011378171163888224	-0.0003077883354695582	-0.00027683877100817024	-0.00024569706989470766	-0.00021496415445691058	-0.00018548565119936265	-0.00016558702366502483	-0.00014818009178344492	-0.00013719581981033388	-0.00012580427670156984	-0.00011653787408824265	-0.0001025058960595071	-8.432406993518805e-5	-7.83844457605265e-5	-7.592278824771273e-5	-6.788190932993134e-5	-5.942185200401989e-5	-4.761679185216576e-5	-4.940676175840299e-5	-4.4300681010514195e-5	-3.096895533267509e-5	-1.775828001510972e-5	-6.4829262218929484e-6	3.0531182113741062e-6	7.477916122043335e-6	3.556517688208319e-6	-1.0838898698603376e-5	-1.9134475530728154e-5	-3.737044374212822e-5	-5.44400443314684e-5	-7.191320219705494e-5	-8.638699980107346e-5	-9.804074759889661e-5	-0.00010555710912719517	-0.00011733961218689595	-0.00012618775767771033	-0.0001293147289071865	-0.00013179225233925576	-0.00013505275308495213	-0.00013303045908938643	-0.00013135512194400664	-0.00012435432157934748	-0.00012154129673297605	-0.00011621494842612053
-2.6785573225586445e-6	-5.993458019595485e-6	-9.189413489781853e-6	-8.633445872053766e-6	-7.610029497485743e-6	-6.31114643724162e-6	-9.388595437979236e-6	-1.2715404816630686e-5	-1.1980209004306894e-5	-1.2164743547226665e-5	0.0006897894527335246	-8.829621703763686e-6	-7.017509889536196e-6	-1.951090941181054e-6	7.863473886252602e-7	-2.0573904083750864e-6	8.771453658621819e-7	-3.2105217470006567e-7	1.4914248125884842e-6	3.4387610869717963e-6	3.07919675082138e-6	6.291546719857603e-6	7.760027260963337e-6	9.572788023154335e-6	1.4422585253577418e-5	1.7158538362772955e-5	1.8514498052409935e-5	1.9043167790821873e-5	2.0728326733765283e-5	1.845704803170355e-5	1.4613810967335078e-5	1.1881473801133788e-5	8.879650622054761e-6	5.594061319800624e-6	3.677357346746051e-6	4.240718788118842e-6	6.075307335819905e-6	7.355479211281456e-6	7.3351621539458935e-6	7.351240515515549e-6	7.500649323866071e-6	8.90864026970549e-6	7.88971026043691e-6	-5.371764011364265e-6	-1.4887023901057235e-5	-1.2365175352060422e-5	-1.745325989418664e-6	2.129131387363682e-6	1.0249633709477624e-5	8.97652189595869e-5	4.457105833998061e-5	-0.00029411657529820976	-0.000560464602233782	-0.0008626108130682219	-0.0005554393666179144	-0.00047083693043275393	-0.0003887910841604558	4.8455811083860864e-5	-0.00013541325623572104	-0.00038226305258291446	-0.00033136828162536394	0.00012818282740518876	-2.5564269455014346e-5	-0.0003627601165526618	-0.0003682852180637332	-0.00027392393147978797	-0.000137906489932043	0.00014712085170433264	-0.00023106196268092224	-0.0004595934297599389	-0.0005068195724610564	-0.0004934926160489288	-0.0004471069589284671	-0.0003769983234476297	-0.0002938220710732749	-0.00020435393162073281	-0.00017353107809622674	-0.0002825828608872625	0.00887149182155953	-0.0004994923359967832	-0.0005106777656077501	-0.0005026574582006095	-0.00046276621799130023	0.011426171945680928	-0.00033050028251614336	-0.00028371832727375895	0.010429659558423236	-0.00022897106309398806	-0.00019530057709612504	-0.00016598744714130254	-0.00015156201767490413	-0.00013971719346099823	-0.00013062697764199167	-0.00012935287035400166	-0.0001225835536461297	-0.00010972144238920872	-9.98555632434478e-5	-8.987524769267334e-5	-7.784649677200321e-5	-6.873229318636251e-5	-6.242725570184716e-5	-5.7638997935215847e-5	-5.380490909431303e-5	-4.191936571213556e-5	-3.406130474393511e-5	-2.1598869155009526e-5	0.006720668865875436	1.6449733521942816e-6	6.300290832659053e-6	-3.43981830909848e-6	-1.3114465442862905e-5	-2.143971166747305e-5	-4.077576604057803e-5	-5.79338879669886e-5	-7.483456966703595e-5	-8.749019901209323e-5	-9.858922719158635e-5	-0.00010807339829825569	-0.0001172580456085346	-0.00012478811278857256	-0.00013320328919605787	-0.00013556416212864592	-0.0001381131163954866	-0.00013417318804099816	-0.0001331116972155301	-0.00013066769449852737	-0.00012769770713365238	-0.00012585838471900705
-3.4828449388293707e-6	-8.17803955308863e-6	-9.140867697124801e-6	-1.0348196994940627e-5	-8.243679794648967e-6	-7.142505714722832e-6	-9.623859435363208e-6	-1.2877053761999307e-5	-1.2052568804370601e-5	-1.4207978178465332e-5	-1.1999799535137483e-5	-9.304720260722068e-6	-2.4640436497832055e-6	-1.421688829703928e-6	-2.0095701695310286e-6	-8.701471386962298e-7	1.5647582566149544e-6	5.155905649797086e-7	3.349287910003277e-6	1.5581411321775873e-6	4.182999258225354e-6	7.704599890912857e-6	9.25237276480943e-6	1.335076816916421e-5	1.7552400384871197e-5	1.786817410785041e-5	1.9020402917881585e-5	2.14887473668564e-5	2.090814214556619e-5	1.609637085414877e-5	1.4608927471980015e-5	1.3607645433198756e-5	1.0744951749967063e-5	7.227420849569444e-6	8.305265364165221e-6	7.652483254765117e-6	5.223867566761433e-6	6.560926204125621e-6	5.443520073719274e-6	7.339944890164679e-6	1.0659964774285303e-5	0.00030088389109470936	4.933925690968691e-7	-1.1588744099110329e-5	-1.1609268399793808e-5	-1.002738006191696e-5	-9.749521451122602e-6	-2.471140001045896e-5	3.4558346568951126e-5	0.0001354199338515381	-6.31191218152926e-5	-0.0004215910349852914	-0.0006988024535733561	-0.0007985620254636998	-0.0003108271924006246	-0.0004913529401159682	-0.0002516493704351856	4.7356071691210394e-5	-0.00030153427349292883	0.011316059715589391	-0.00018563496988590125	0.00014201125998433185	-0.0002277928921291198	-0.00040269605878335245	-0.0003419849001155134	-0.000222071157494853	-6.184261112191988e-5	6.045413381830164e-5	-0.0004173183587217154	-0.000515309161242157	-0.0005281907017045014	-0.0004942022635381384	-0.0004355506775194449	-0.0003478467730264143	-0.0002567991754212802	-0.00016244087797795403	-0.00021755791633449803	-0.0003322889337599704	-0.00045006988590189957	-0.0004897628661736618	-0.0004952914277960539	-0.0004831740252351016	-0.0004328573644078477	-0.0003601181246776046	-0.0003040483696442435	0.01075694533094482	-0.00023219183629681443	-0.00020556081105241146	-0.0001817307496993891	-0.0001506060742166148	-0.0001320560771992177	-0.00012966171073739048	-0.0001257497135949328	-0.00012315581793265196	-0.00011985316893049942	-0.00011817072176627426	-0.00011438313913549568	-9.95485332040344e-5	-8.271759766812631e-5	-7.238854145773764e-5	-6.471779026660102e-5	-6.51134330384006e-5	-5.6501249348899635e-5	-4.5416559782277335e-5	-3.623037931536725e-5	-2.699110318517446e-5	-1.1158129628813587e-5	-4.96265874705068e-6	-1.7213023944563643e-6	-6.411194130922712e-6	-1.4464638656980222e-5	-3.186275301892902e-5	-4.557029637615364e-5	-6.065589372016445e-5	-8.030162975780457e-5	-8.7791849583802e-5	-0.00010041025606778112	-0.00011339862544530559	-0.00011872968749034995	-0.00012526476147870814	-0.0001349710981359822	-0.00013924855454176908	-0.00014116919355895447	-0.00014037366644428523	-0.00014103959256603956	-0.00013863306104694786	-0.00013615954393326763	-0.00014177526120792965
-8.571230187951785e-6	-1.1539991754230036e-5	-1.1939879929022531e-5	-1.1038451313839489e-5	-7.779410918863682e-6	-1.148437794764711e-5	-1.2100623543107036e-5	-1.3933622331450957e-5	-1.3090074193236297e-5	-1.466064153800642e-5	-1.2114786470448363e-5	-8.614850798113922e-6	-2.645009838025481e-6	8.056849982638302e-7	-1.0139770346062268e-6	2.1356476805653272e-6	7.136966759767327e-7	8.725724128704274e-7	3.3528229559029454e-6	5.630046748304838e-6	7.466482518196649e-6	7.772488689228481e-6	1.4304120678893233e-5	1.7264601920340735e-5	1.811554499556731e-5	1.867405723283977e-5	2.1295313527001404e-5	2.2375403572561046e-5	1.973681081762768e-5	1.6050616575961386e-5	1.7288659646258475e-5	1.4468387851945125e-5	1.3433299479075414e-5	1.2440997493865565e-5	1.0395240936653723e-5	8.200858854089284e-6	5.928801206705678e-6	4.914368816456936e-6	5.859051418512229e-6	1.1014733540190558e-5	1.7206095780791797e-5	9.63864125850828e-6	-5.118378125740057e-6	-1.4419387526880267e-5	0.00010931206415672363	-1.789093255347759e-5	-3.901884199021457e-5	-4.1188977595611395e-5	0.00011647703732466444	0.00016073483641093015	-0.00023897669332870533	-0.000532290141210456	-0.0008041153194216291	-0.000569696150184984	-0.00030520160958333493	-0.0004555442124245905	-3.666300749864508e-5	-8.369646792034252e-5	-0.0003902377667698836	-0.0003725598762284975	3.493048651129378e-5	-2.0147689724263687e-5	-0.0003769197410605045	-0.0004013592513395312	-0.00030393990871195077	-0.00016299271578669276	4.825432619714326e-5	-0.00030088943538076826	-0.0005030893663862581	-0.0005528031641634495	-0.0005328335737917259	-0.00048565540580421986	-0.0004115890037367006	-0.00031285100456296747	-0.00021206065156306741	-0.00018969207475389056	-0.00023915260905253352	-0.0003757788763422698	-0.0004524963007753943	-0.00047202548438831336	-0.0004718629801748857	-0.0004518938604110897	-0.00040147320933708354	-0.00033517920308484203	-0.0002900597932868707	-0.000256661395211296	-0.00021989358560338575	-0.00019103495927665602	-0.00016704332721998588	-0.00014382621392255643	0.008649795144363877	-0.00011578682860310767	-0.00011994297699686497	-0.0001202891454379993	-0.00011623740152951617	-0.00012010032055865573	-0.00011681644846404937	-0.00010592651632592744	-9.04351863421568e-5	-7.506764159196863e-5	-6.698249752166291e-5	-6.977252160560686e-5	-6.178119236772278e-5	-5.127462929157417e-5	-3.942552963633918e-5	-2.8365431648707043e-5	-1.668692182110916e-5	-9.218736640595818e-6	-1.1513886979909113e-5	-1.7999804267964173e-5	-2.4185532693753176e-5	-4.060577865941904e-5	-5.0176920720181387e-5	-6.783343063664939e-5	-8.475601435129539e-5	-9.593237345576367e-5	-0.00010723745447085813	-0.00011742102035106842	-0.00012664927217609454	-0.00013127576732943885	-0.0001426811080640052	-0.0001443234715431613	-0.00015274557354681088	-0.00015470870703753956	-0.00015612000328613356	-0.0001542447665980884	-0.00015556872928930432	-0.00015428226882456455
0.0006236636305637479	-2.3917383162961464e-5	-1.926778099730123e-5	-1.5128420086514506e-5	-1.4675646965137297e-5	-1.518944963736649e-5	-1.3609821510442502e-5	-1.4359962770044057e-5	-1.2916532994030174e-5	-1.3553342963397181e-5	-9.584441483442016e-6	-6.692474478731895e-6	-1.965180402305547e-6	-3.244940643688495e-6	-4.0218383967139185e-7	2.294670092503094e-7	-1.0635142752351764e-6	3.206233186771063e-6	3.444354388564084e-6	4.929435915446839e-6	8.05903807815471e-6	1.2167494769599416e-5	1.4931352479029183e-5	1.7875047650384168e-5	1.9185206064705352e-5	1.9995711986468996e-5	2.186006422681989e-5	2.1433084676850123e-5	1.774124879915396e-5	1.9272837679940036e-5	1.776199567640616e-5	1.619070066080988e-5	1.5612819852391623e-5	1.3122227105757337e-5	9.597034947175873e-6	9.830301870910815e-6	6.687773551367505e-6	4.480624360794251e-6	1.0293007135639062e-5	1.766836120107012e-5	2.001530014070132e-5	9.552624075440108e-6	-1.0013282615291101e-5	-1.7054616135232965e-5	-2.461264628943801e-5	-3.3258159054983145e-5	-7.235792488780295e-5	9.194429652532865e-6	0.00022963020845424321	6.304943185012242e-5	-0.00042958553872886416	-0.0006212874728401489	-0.0008238420832252548	-0.0002830728353480066	-0.0004029360434667367	-0.0003937314325716361	5.9416066743945076e-5	-0.00024603963055661905	-0.00045841854373661686	-0.00027053157408804714	0.00016265425136939224	-0.00020252763556624295	-0.0004353876574595371	-0.0003870056121170213	-0.00026020752568996566	-9.778394398948613e-5	7.92410774299885e-5	-0.0004430717890045732	-0.0005495667721011187	-0.000563135878184004	-0.0005260877392583921	-0.00046366460451836324	-0.00037576858817915323	-0.000280129193222815	-0.0001752260618233855	-0.00020564880719620322	-0.00027465498426406873	-0.00040345675338354474	-0.00045341131287750594	-0.0004650735425644568	-0.00045192525741132375	-0.0004168320030680482	-0.00036345651258876815	-0.0003193307751292191	-0.00028566186412669857	-0.00024534978234637926	-0.00021178791704407063	0.00922673798984413	-0.0001564226164308541	-0.00013376713821127914	-0.00011612414415576762	-0.0001086574767314441	-0.00011055760207063364	-0.00011605948461350726	-0.0001182594782551949	0.005149154926366306	-0.00012041775130917746	-0.00010988280496030019	-9.806239820967129e-5	-8.155977453691912e-5	-7.199168273845646e-5	-6.965309899795331e-5	-6.565364270359579e-5	-5.406771683841294e-5	-4.3621525036433365e-5	-3.32179460481221e-5	-1.930240141443003e-5	-1.7467279405432995e-5	-2.262633395791816e-5	-2.6585067927024225e-5	-3.8926443771906266e-5	-4.981205853479484e-5	-6.387397565770295e-5	-7.894348854568106e-5	-9.567003130754159e-5	0.005513367326883062	-0.00011960854266008722	-0.00013164088517772076	-0.0001443067032972983	-0.00014683893537312427	-0.00015296458088511714	-0.00016672487572141643	-0.0001748088779492422	-0.00018173941293043745	-0.0001844687315730566	-0.00018815749641611524	-0.00019425573503527218	-0.0002140988508604483
-3.164366576161406e-5	-3.342110499064471e-5	-3.6135008893683606e-5	-3.6410656164615656e-5	-3.3197684117832046e-5	-2.7102351075875388e-5	-2.27220134664237e-5	-1.8114415493584914e-5	-1.757510851980418e-5	-1.2141937302595149e-5	-9.183800149368702e-6	-7.0447850689385645e-6	-1.527895535297693e-6	-3.7859800951288262e-6	1.3740897579928718e-8	8.898772630230867e-7	1.5529392911580245e-6	5.0251720902397094e-6	4.473753286663579e-6	5.6475049524580025e-6	8.017525018617477e-6	1.4004663337157091e-5	1.8226558070927237e-5	1.8320488208520974e-5	2.006203289996525e-5	2.207940383574126e-5	2.304058754551419e-5	1.9511959017091702e-5	1.6301254520117037e-5	1.9090032518632137e-5	1.942358668691321e-5	1.8280079316522393e-5	1.8866136234144387e-5	1.3601378013184794e-5	8.20043284438434e-6	5.382211596598272e-6	4.808831928796928e-6	9.598471046950129e-6	1.7145831548493785e-5	2.2827359963005153e-5	2.4117413645265325e-5	7.0247323626440594e-6	-1.1199922399121424e-5	-2.0275101878983702e-5	-2.8934545669590667e-5	-6.675481109118947e-5	-9.086835770595256e-5	0.00010562771822291393	0.0002769715471804971	-0.00015418480710390446	-0.0005114649569018873	-0.0006900344357257775	-0.0006553480454210558	-0.0002088223356375412	0.010921727191771967	-0.00020833265221547465	-1.0395806958546708e-5	-0.0003444515460828551	-0.0004098595849774591	-8.724560813166624e-5	6.40020644559515e-5	-0.00036632085752968946	-0.00044171069856131263	-0.0003511282849067831	-0.00020346401485111729	-2.4306417101705585e-5	-0.00022801772517149453	-0.0004944979260625496	-0.0005597020806204396	-0.0005562932542900727	-0.0005075118970879373	-0.0004334221624208937	-0.00034127027730493364	-0.00023366320236854754	-0.0002070222480604969	-0.00020899163655175787	-0.0003136380988743529	-0.0004257262857349734	-0.00045564021758717765	-0.00044300430675301566	-0.0004176168760102947	-0.0003810006882491897	-0.0003386638151700507	-0.00030604368743587795	-0.00027879831748203916	-0.0002443993937864281	-0.00020304568195067887	0.008958458991221432	-0.000142477734908341	-0.00012212007304305758	-0.00010656962882819865	-9.940949187046619e-5	-0.00010589233103873094	-0.00011018447774601044	-0.00011625510770610185	-0.00012070068663473654	-0.00012058153396740309	-0.0001154609654684547	-0.00010287908040577942	-8.958632926573014e-5	-8.018643025096972e-5	-7.472150272006331e-5	-6.747211300653713e-5	-5.798284965249749e-5	-4.599004925194897e-5	-3.6306174452027315e-5	-3.2440542642149864e-5	-2.716741667459048e-5	-3.407496863231524e-5	-4.534258588148772e-5	-5.5984555639597075e-5	-6.566304678766108e-5	-8.222738863720644e-5	-9.434498852230362e-5	-0.00010981166510359939	-0.00012106909223308197	0.005609420953567204	-0.00014539383617201418	-0.00016487455757358428	-0.00017018782428148468	-0.00019006555799442725	-0.00020436312307919955	-0.00021759020983375295	-0.00023613646927720614	-0.00026195450572737665	-0.0003001230490847634	-0.0003458924194299235	-0.000426561990743749
-3.156398803048563e-5	0.0006318810955194764	-3.206069438226175e-5	-3.4033013537291016e-5	-3.78155784352041e-5	-4.037860698062547e-5	-3.8249012546912476e-5	-4.213909926545551e-5	-3.0578293369799446e-5	0.0006519503582576433	-1.1256358820087645e-5	-8.524398011034925e-6	-5.245634074791013e-6	-2.1205232355204356e-6	2.4947079493875014e-6	2.4709369863791866e-7	3.5256714004988816e-6	2.3355447630133558e-6	4.23626825849302e-6	7.92038509295689e-6	1.3068121465921283e-5	1.579828443765011e-5	1.669001397069242e-5	2.156124794856643e-5	1.9022542874875745e-5	2.2776095448344934e-5	2.310743440711062e-5	1.997020939174983e-5	2.1876893877069252e-5	2.1514403905273632e-5	2.00714045466531e-5	1.684148343521338e-5	1.8513217398875327e-5	1.0601627304068339e-5	7.436246510651289e-6	5.681052259588586e-6	7.695306146373714e-6	1.5102925410943532e-5	1.998038472639154e-5	2.670377874272427e-5	2.460994925532721e-5	5.640475500513428e-6	-7.2698980137708355e-6	-2.0800385552963326e-5	-4.092058785874417e-5	-9.931093540571905e-5	-4.532777745660209e-5	0.00022043029123872387	0.00015748660268889367	-0.00032649021360054396	-0.0005326616903838285	-0.0007268237785884677	-0.000396963895309653	-0.0002841357139313303	-0.00045192073595714914	-2.5681170693703584e-5	-0.0001469096022421821	-0.0004248890634948703	-0.0003271671730536649	0.00010225593312851097	-0.00013585041546315853	-0.0004409728655554654	-0.00041731005496017416	-0.00030406997643416846	-0.00014313049068290402	9.632203828080152e-5	-0.0004046177987735832	-0.0005348281475723877	-0.0005668589871774161	-0.0005357061142530813	-0.00047519295900879527	-0.00039877434855725875	-0.00030807728233924435	-0.0002164949466814444	-0.00021646253131374533	-0.0002188082714471313	-0.0003421450289948537	-0.000418405689153788	-0.00043166940857843755	-0.0004279633051215443	-0.0003916934766350338	-0.0003505498836805631	-0.0003184299852175901	-0.0002920806425289399	-0.0002670006054666073	-0.00023542938900732863	-0.00019639600546891844	-0.0001602745503159926	-0.00013216354525775846	0.008499214351419563	-9.905140023577959e-5	-9.582685083289744e-5	0.007280772777639973	-0.0001069614842231191	-0.00010749493958199866	-0.00012125890546006712	-0.00011970296562215793	-0.00011767906485144093	-0.00010501679883860582	-9.414743216019233e-5	-8.729957323662038e-5	-8.210710181807274e-5	-7.230910145541829e-5	-6.24161995955129e-5	-5.16438476599098e-5	-4.438786619645127e-5	-3.9147771798775724e-5	-4.320630361820399e-5	-4.889167573964362e-5	-6.57973274211486e-5	-8.692548744367902e-5	-9.371154866466211e-5	-0.00010787711098307791	-0.00011650540638740575	-0.00013381259767039286	-0.00015198917516256235	-0.00017150831090181548	-0.00019063186443909075	-0.00021430058573545553	-0.00024347404978014749	-0.00027947131423671813	0.008820683683838154	-0.00036365188339684135	-0.000488892626362568	-0.0005223589357979466	-0.00045985302378872064	-0.00044659490023733674	-0.00041190659785426357
-2.7026661481445013e-5	-3.051234156244316e-5	-3.1285578436414255e-5	-3.291512429301024e-5	-3.756922306528943e-5	-3.806520043175268e-5	-3.57567052331777e-5	-3.812374272955249e-5	-3.588796094149268e-5	-3.158564836471065e-5	-2.926254525538875e-5	-2.50318887999102e-5	-1.94669951933033e-5	-8.888056230078618e-6	5.937464897455731e-7	1.2379220597821122e-6	0.0003656711836018075	3.6435596824802713e-6	6.653465343346016e-6	1.0228709124333619e-5	1.3559439836512057e-5	1.931995020605995e-5	1.942000448418215e-5	1.8749833798146608e-5	2.2164070028200984e-5	2.2751669792185798e-5	1.928483732205116e-5	1.7336867969496798e-5	2.035996521159919e-5	2.3559891204453804e-5	1.8571283661339855e-5	2.347248116696659e-5	1.723315653173003e-5	1.043492194085019e-5	0.0005829442750997921	6.574283770480714e-6	1.1720968443539558e-5	2.1390850566760725e-5	2.1712392233533967e-5	3.2241072501658016e-5	2.407454081877411e-5	8.09259979688004e-6	-1.1072825369497566e-5	-2.1697260328256557e-5	-6.099453474359053e-5	-0.00010205139493169296	2.6296803091628226e-5	0.00028644783436665346	0.0012130061198796852	-0.00041439015413156314	-0.0005276121742133974	-0.000661670852219803	-0.00021754529330860958	-0.00040073729327461984	-0.00037303115330792475	1.6887381688998268e-5	-0.00025053565111312487	-0.00042208427220111894	-0.00021413763975214328	0.00010371698598750367	-0.0002726945360707455	-0.00043927022887212987	-0.000384494527463225	-0.00025534451862456974	-7.527796649204298e-5	-4.7069575171993644e-5	0.012892379280823787	-0.0005583193324145731	-0.0005689430661302321	-0.000515885453333028	-0.00044781463260181766	-0.00036107599454067614	-0.0002641232292892228	-0.00022806941589828024	-0.00021683903572906373	-0.00024963594792096894	-0.0003587997976233111	-0.0004161552108229716	-0.0004146950575833336	-0.0003864347733399491	0.012918356575938048	-0.0003440304053713584	-0.0002967856284905382	-0.00026968034243148725	-0.0002465984321354132	-0.00021746407271368978	-0.0001804367009399649	-0.0001471877892819922	-0.00012983139413905165	-0.00011504839786792911	-9.941205561395453e-5	-9.280433701402448e-5	-9.430914347293567e-5	-0.00010015355276712934	-0.00010585314285911987	-0.00010900864672730437	-0.00011674468039838369	-0.00011749944991631955	-0.00011060225273921281	-9.852549312538463e-5	-9.420376595047249e-5	-9.105579583542321e-5	-8.233458538803133e-5	-7.11332543081207e-5	-5.81747369571544e-5	-5.7810141763925404e-5	-5.8158692766005146e-5	-6.610271230953271e-5	-7.422271872440343e-5	-8.953088095312207e-5	-0.00011317809434432946	-0.00013242203850453126	-0.00014950036293908536	-0.00016629798445699957	-0.00019272370391503358	-0.00022387068477128496	-0.00025779110845633967	-0.00030558750011065814	-0.00037829962503961156	-0.00048104118919700244	-0.0006162481203962405	-0.0005754808615013882	-0.0005450597961887413	-0.000541397569843536	-0.00047983924246171924	-0.0004604574124667145	-0.00046066532632070816	-0.00040154075293843787
-2.4201047357471413e-5	0.0006229150163728197	-3.072396382870334e-5	-3.4808168307767784e-5	-3.583158404794201e-5	-3.3950641015726866e-5	-3.6228560927966964e-5	-3.439961544020559e-5	-3.023308346183115e-5	-2.7586607146312843e-5	-2.7717502617505578e-5	-2.552261529859901e-5	-2.228197637954999e-5	-2.015250889065125e-5	-1.852587667387079e-5	-1.61384211113595e-5	-7.904687393089482e-6	-1.99380032823342e-6	7.027904887549601e-6	1.35367594743664e-5	1.9818762103283264e-5	1.8704125937202103e-5	1.9967108511736997e-5	2.1771654124664013e-5	2.302319499500674e-5	2.1986370960392493e-5	2.217985764724293e-5	2.3054223129061885e-5	2.4064442154573228e-5	2.3546177990241626e-5	1.857606161151078e-5	1.844059181873789e-5	9.771541374333816e-6	5.2561544038650515e-6	4.946812751148531e-6	1.1588794038926067e-5	2.0525401435509804e-5	2.4299204736018265e-5	2.459518603679326e-5	3.3955271867120405e-5	2.1016834912375784e-5	2.6465873594234968e-6	5.105142851188384e-5	-3.5006332387422893e-5	-9.309721841739907e-5	-8.191332994918806e-5	0.00011930725368855966	0.00020539176218234857	-0.00016748067283435357	-0.0004346988011215717	-0.0005729081424845055	-0.000547400084476013	-0.000210773250275062	0.011686023937436136	-0.00021156334129197873	-4.2964120179969645e-5	-0.0003293051725101765	-0.0003792595654689493	-3.459551047458459e-5	5.394194053020759e-6	0.010892797123956445	-0.0004273612376809368	-0.00034777965733428715	-0.00020450621995371857	-1.3024764344100534e-5	-0.0003484977249576613	-0.0005004607515791005	-0.0005613791873059545	-0.0005541410616725917	-0.0005018286479700935	-0.00041971224847806195	-0.00031894740345865535	-0.0002161170146505048	-0.00022219454389078852	-0.0002189312333785668	-0.000293361924570126	-0.00038756299384308177	-0.0003968092907068784	-0.00039449942275913974	-0.0003520038135255716	-0.00032271434590390967	-0.00031484578142575506	-0.00029272786653488335	-0.00025367985641636115	-0.00021386702381081223	-0.00018755231959047096	-0.00016215625803402134	-0.00013555554740632067	-0.00013625216063110727	-0.0001223980766803124	-0.00010656913888460948	-9.42000298465983e-5	-9.483480811257362e-5	-9.525778007363206e-5	-0.00010304344268412431	-0.00010165457302833969	-0.00010454644050212486	-0.000115677561998229	-0.00011240746829567841	-0.00010225589754304411	-9.815070724228381e-5	-0.00010001648594634531	-9.548926425744994e-5	-8.573293747409644e-5	-7.622645817307282e-5	-7.649803098093433e-5	-8.598915356258958e-5	-9.933100234135392e-5	-0.00012263467151756718	-0.00013675013300993438	-0.0001762156510494873	0.013300871684424672	-0.00024513850076517303	-0.00028864705449893786	-0.00034469121378477227	-0.00044957834619560946	-0.0006577510203119568	-0.0006832280645813465	-0.0006659405988715308	-0.0006686432648487237	-0.0006103103291087196	-0.0005738912163837009	-0.0005601639810534891	-0.0005377579393770577	-0.0005317547855635983	-0.00046265650119944185	-0.00048068164877894826	-0.0004285596939243618
-2.4003867001660874e-5	-2.73647917370379e-5	0.0006202015616708955	-3.287289117255348e-5	-3.055748906799602e-5	-3.349744996802243e-5	-3.283912135542419e-5	-2.970325697998987e-5	-2.869934546137704e-5	-2.5354854558430747e-5	-2.3000722372150178e-5	-2.228992143385954e-5	-2.1082152606635837e-5	-1.4170207533834717e-5	-1.2603885595201692e-5	-1.1268403319708402e-5	-1.0564518945527408e-5	-4.160826548539262e-6	-0.00767633808183393	1.2156748995374549e-5	1.8626888820163622e-5	2.1590940003479286e-5	2.450200599016109e-5	0.0001003290697895948	2.8514564832916e-5	2.2126246210501122e-5	1.7969444283743533e-5	1.9209126136520566e-5	2.0240609634148646e-5	1.9815533354688823e-5	0.00035488947441750457	1.706039382340244e-5	1.1773878998871164e-5	1.0358066779509248e-6	8.111114783190647e-6	1.6277385866481434e-5	2.1987700469757506e-5	2.946428572062369e-5	2.8477718114151753e-5	3.246989241964104e-5	1.687674686026014e-5	-1.1113393351522456e-5	-2.5423782247209828e-5	-5.772840245838861e-5	-0.00012004830955963247	-2.562411658844823e-5	0.00018787541873187957	0.00012250167385173538	-0.00023463519300246944	-0.0004565875782840123	-0.0005855298304423186	-0.00034808552894986626	-0.0002920522417665123	-0.0004658482851305646	-4.8690388969188994e-5	-0.00011921587400945399	-0.0003714670054331178	-0.0003082839738375795	0.0001149484718599228	-0.00011937096250033176	-0.0003999257556729606	-0.0003993897200757577	-0.00029901323402980323	-0.00015112308001069379	5.697469585507452e-5	-0.0004149971345342434	-0.0005234282933730926	-0.000548296477631896	-0.0005316055504786966	-0.00047481326801010124	-0.00039990591426774906	-0.0002897995499133617	-0.0001944133467182002	-0.0002056392930482702	-0.00017921730751930924	-0.00031265325728065986	-0.0003955553387882324	-0.00041110396212370656	-0.0003732328390539368	-0.00032200314077418177	-0.0002896500428391062	-0.0002915108747937774	-0.0002878327402368666	-0.00023799711528979528	-0.00018523155121655428	-0.00015402536891122136	-0.0001676389842564848	-0.00014010463529915904	-0.00011944525337044543	-0.00011898054490711192	-0.000117094215574794	-0.00010259664178359322	-9.472470937992548e-5	-9.572525529449177e-5	-9.787686799326428e-5	-9.929241532083931e-5	-9.127140174138189e-5	-0.00010781034888007052	-0.00011008446324607332	-0.00010770443949724429	-0.00010686396240632522	-0.00010830692624241682	-0.00011199326887048611	-0.00011131907799938681	-0.00010925185183916983	-0.00011544707798397634	-0.00014061378901986284	-0.0001719659628580776	-0.00020734070091681274	-0.00026649882335530277	-0.00033521006200659675	-0.00045277113706085163	-0.000617601414132753	-0.0007535885884453822	-0.0007517625635650345	-0.0007171594478759232	-0.0006937929125397325	-0.0006845244578115254	-0.0006777080617622515	-0.0006511289876154607	-0.0006545318938671642	-0.0006148723231446176	-0.0005642195206422137	-0.0005602650505851393	-0.00052865259665203	-0.0005003440603878855	-0.0004693283083688927	-0.0004025919429839287
0.0005922264271920701	-2.4026941925170365e-5	-2.6512074479068332e-5	-2.7814278075893612e-5	0.0006400934010556553	-2.7751364928626935e-5	-3.0258180086045706e-5	0.0006405638119277217	-2.723201782253498e-5	-2.3126556374385198e-5	-1.9479858105427624e-5	-1.6212123117771444e-5	-1.643485435522357e-5	-1.319294428504857e-5	-8.055359085930996e-6	-7.791030166121819e-6	-5.434436333828351e-6	1.6253841321912238e-6	9.376897448830704e-6	1.7325984166035452e-5	2.227812689962463e-5	2.2269579314133665e-5	1.8835920960393483e-5	2.1436822033411504e-5	2.0998565757523666e-5	2.5782337981792094e-5	2.191264733433871e-5	2.0452196120923985e-5	2.276709516166363e-5	2.4594689979062778e-5	1.9934654681965855e-5	1.8601904119819844e-5	6.175051715079892e-6	3.7252163098493683e-6	5.175661211133213e-6	2.2749027673240295e-5	2.865492307514315e-5	2.8154699759899617e-5	3.325341677262424e-5	3.18425360341045e-5	5.737573385746885e-6	3.828041211090521e-5	-3.714466479082072e-5	-8.598632189930032e-5	-0.00010799883295531474	3.94943948964048e-5	0.00020767402963116095	1.6290128974916218e-5	-0.00031296315428812945	-0.0004774165233701862	-0.0005860311054117686	-0.00024290770026099903	-0.00038937900175201913	-0.000399896459333084	3.6957670260717376e-5	-0.00022000668153856345	-0.0004150482947201401	-0.0002210867142229435	0.0001317532524144384	-0.00023740435649483894	-0.00038874191138826494	-0.0003637931631770338	-0.0002567956469037413	-0.0001095568105092485	-9.686005160284596e-5	-0.0004540459327599753	-0.0005312523009884905	-0.0005480177374345228	-0.000516868226983682	-0.00045497864137257656	-0.0003607286504902357	-0.0002730454590098904	-0.0002441762896078503	-0.00019913556338602666	-0.00020832136293563383	-0.00027706072458499875	-0.00034947082037310555	-0.00038986518368787533	-0.0003780463946119906	-0.00031547577503490166	-0.000260731086636299	-0.00027533282536741123	-0.00027773983978418744	-0.0002548500050766206	-0.0001609520548049182	-0.00013297079871519776	-0.00014268091468711518	-0.00014264540051738515	-0.00012091590889272072	-0.00010379011672681515	-0.0001130341840350959	-0.00011753585194614752	-0.00010525195431832987	-0.00010364422581786957	-9.723877580545236e-5	-9.302595714772745e-5	-8.999189110917016e-5	-9.497356258793103e-5	-0.00010409057117719694	0.005301896609072017	-0.00011828400429156165	-0.00012532015005004178	-0.00014111580261982372	-0.00016200372929264795	-0.0001769608631697981	-0.0002087547666255237	-0.0002673926072843322	-0.000352577546491005	-0.000533343913909981	-0.0008334221141209977	-0.0008595407036365681	0.003886083023838709	-0.0008003398551954376	-0.0007788588209369993	-0.0007309609490111207	-0.0007242738917095665	-0.0007116622296656633	-0.0007224517120353819	-0.0006612432155921966	-0.0006961024279010216	-0.000647583895546709	-0.0006190414760303894	-0.0005535182443512209	-0.000557307740727095	-0.0005483910393975404	-0.00048805404783921515	-0.00047197154216902393	-0.0004575811542570276
-1.9201016025684626e-5	-2.1823645887772327e-5	-2.317822893430641e-5	-2.3989334992818075e-5	-2.5949867485191257e-5	-2.6214342890905438e-5	-2.5032951128195436e-5	-1.6179420665995157e-5	-2.1698328243815058e-5	-1.9464045399221344e-5	0.0006164639591782549	-1.4675255475426639e-5	-1.4278827155920527e-5	-1.565286626887836e-5	-9.371897436111307e-6	-9.614824362028096e-7	1.0000760493171501e-6	9.28473910363943e-6	1.7015412920827738e-5	2.3699127986551334e-5	2.2108910530192327e-5	1.781159841900094e-5	2.4311983643670373e-5	2.346322372059461e-5	2.3432917915853883e-5	1.2627860672984135e-5	2.2686624411970974e-5	2.32425220094562e-5	2.4933265199331665e-5	1.8833717954224068e-5	1.0223658222037382e-5	1.5127826265596504e-5	2.9565265578616884e-6	3.626265878070925e-6	7.640520637182402e-6	1.8621612655296202e-5	3.100778059198037e-5	2.9921511477987595e-5	0.00018061803436068315	2.722801941356344e-5	-9.56027533066629e-6	-3.218980375297147e-5	-4.565646599110837e-5	-0.00011200385362122693	-8.129258688828554e-5	0.0001081087082691317	0.00019291339354112792	-6.932427571348845e-5	-0.000385829574472041	-0.0004914418349699027	-0.000551750826816846	-0.00017709452188215125	0.007870381830852625	-0.00030319399393669184	2.2572094835176387e-5	-0.0002855570331939186	-0.00039423769572629816	-0.00012983663633700342	5.302204810885697e-5	-0.0003045144727014358	-0.000380052889071723	-0.0003452563189707252	-0.00023970287430798674	-8.796524117644401e-5	-0.00029640043106796826	-0.0004533961309588497	-0.0005256433365902983	-0.0005409165672696104	-0.0004963378726369899	-0.00043051618030557834	-0.00035341743696653237	-0.0002521044620887834	-0.00023711312753570482	-0.0001836781724749454	-0.0002117075632638004	-0.00032137850428863406	-0.0003324804935232479	-0.0003265509176681846	-0.0003356560441677373	-0.00032568313604319776	0.01131934213480343	-0.00024272099396170643	-0.00027168970565373887	-0.00023781548031320474	-0.00018072451967625705	-9.579783770419237e-5	-0.00011932459860822253	-0.00014700613926079548	-0.0001281891551883213	-0.00010746729670746413	-0.0001040316221000235	-0.00012008614066073148	-0.00011592103901325417	-0.00011361842233432833	-0.00010227590811328485	-9.027007154857429e-5	-9.213753869932728e-5	-8.782123176289194e-5	-0.0001077658387637747	-0.00011516376969330361	-0.00013850781543814188	-0.00016888866557476442	-0.00020327913087037942	-0.00026832222091628145	-0.0003857846573253245	-0.0005904036942967067	-0.0007936687981540281	-0.0008460980313431191	-0.0008383814365713147	-0.0008615070382280311	0.014723991075980738	-0.0008549612238073663	-0.0007775437705392126	-0.0008086017915735332	-0.0007872157711254994	-0.0007473391812317645	0.012041974738478045	-0.000722986671950073	-0.0007057403092443956	-0.000713080351020059	-0.0006579335626211331	0.010349270239439975	-0.0006245758857885593	-0.000559163168923054	-0.0005476450782264516	0.00795787762324974	-0.00046682937098840947	-0.0004317954218052006
-1.7980032143461193e-5	-1.7742074000579163e-5	-2.1131102582598637e-5	-2.3993212645953728e-5	-2.099095490975351e-5	-2.438078897381039e-5	-1.9931252900884638e-5	-2.4110559267468638e-5	-2.2799347454893412e-5	-1.3586863661468841e-5	-1.8330282823509833e-5	-7.2983376379887315e-6	-9.241010011053945e-6	-1.3094698392507407e-5	-4.825428489673832e-6	-3.634455766942171e-6	7.944855243146882e-6	1.617033189548747e-5	2.037779176959154e-5	2.7881160845723892e-5	1.784449372635574e-5	2.1268903118039622e-5	3.0090002080425653e-5	1.7586178319096892e-5	2.3846014880095964e-5	1.3870677095459156e-5	1.0089755171443192e-5	1.2928982345231793e-5	9.044402420575748e-6	-5.325989588971566e-6	-1.1813029457733402e-5	4.322400398270709e-6	-2.737829261911795e-6	-3.318144946740792e-6	1.1950017695110289e-5	2.8082578047759852e-5	3.674962215154077e-5	2.8383208870513214e-5	4.023675631960669e-5	1.5587908765363808e-5	-2.126453058179812e-5	-2.6275497016885196e-5	-4.140250565770522e-5	-0.00011895378259176633	-3.7010947991468826e-5	0.00014562668814593633	0.0001776115581269156	-0.0001728465715190473	-0.0004205609696343506	-0.0004954836004271608	-0.0004764595976135613	-0.00020124070458454012	0.008808965735095965	-0.00018269390146628123	-4.604502756399946e-5	-0.0003328897807102892	-0.0003658394913139216	7.273426169728328e-6	2.331463280465587e-6	-0.0003177718565690064	-0.0003803980700208681	-0.0003309216152931876	-0.00021775318812563942	-6.758034970695548e-5	0.01140016137241625	-0.00048684604928971725	-0.0005323652109063583	-0.0005172431459137851	-0.0004896501749449174	-0.00040111284924397236	-0.00029293313559683107	-0.000244666488902201	-0.00022045279401148102	-0.00017806013072004835	-0.00022467292415677582	-0.00033359208608581964	-0.00032312694969055013	-0.00031838201533800244	-0.0002802842027957008	-0.0003084818408210111	-0.00032875635359906966	-0.0001867250089201966	-0.00023915273566089273	-0.0002362098390055762	-0.00016961368024047234	-7.690164921742362e-5	-7.980814390449488e-5	-0.00015501035481005516	-0.00014020808858806327	-0.00012449263312960292	-0.0001074262996841966	-0.00011345673304346583	-0.00012569760565435753	-0.00012206796187524613	-0.0001212341819182769	-0.00010633387392366793	-0.00010065903876524049	-0.00011192088474835243	-0.00011082049935248577	-0.00015021530857172935	-0.00019630853821304105	0.00827718439101754	-0.0005917106007822994	-0.0006507456570196794	-0.0007537123655407263	-0.000772631869127129	-0.0008245888402258917	-0.0008317229236410543	-0.0008362576054805025	-0.0008359952368332951	-0.0008552581330081507	0.014775158458357838	-0.0008529572839146519	-0.000824319037277246	-0.0007967916159925485	-0.0007586747828384468	-0.000731893123249853	-0.0007133198323122777	-0.0007215643419085675	0.011402266863919291	-0.0006463112868210609	-0.0006354695205695827	-0.000624666428440928	-0.0005905304959172341	0.008895324837251906	-0.00046370545397282463	-0.00047475517974500045	-0.0004568939469359228
-1.57252316303029e-5	0.0005892151638698523	-1.8659068057248936e-5	-1.948922600373041e-5	-1.550772323787508e-5	-2.1769708012230483e-5	-1.4757621753748104e-5	-2.0664810584773447e-5	-1.72423406535904e-5	-9.662647292837728e-6	-1.727939871165574e-5	-6.187840236759239e-6	-1.0872020057042494e-5	-1.4309200287881442e-5	-2.75745197736519e-6	-1.4718621710427433e-6	1.8147808538045151e-6	1.6287034632696696e-5	2.19348724145676e-5	1.5218845229284135e-5	1.975258874607061e-5	2.6466295553740065e-5	2.9693601189418467e-5	2.056109625142794e-5	2.9364677587683918e-5	1.5350707097605207e-5	1.5432190361372184e-5	1.287226178263174e-5	-9.850122835441955e-7	-1.0585897793654979e-5	-6.2634414363491216e-6	-9.219554760690057e-6	-2.121359814113294e-5	-2.369816094022984e-5	-6.658469246399647e-6	1.8208792059175218e-5	2.37674715196411e-5	2.605092286990041e-5	3.4925809619553144e-5	6.7663779137528725e-6	3.26272427701637e-5	-8.916000303078181e-6	-3.276300913565306e-5	-0.00010242134872336106	1.4429651347055983e-5	0.00015880195152568818	8.798733399154306e-5	-0.0002389650284314671	-0.0004221416209508914	-0.0004958951448942855	-0.00038734099784207277	-0.000261602720152531	-0.0004523759828242626	-2.387911383233167e-5	-0.00010005168046421826	-0.0003658805120614842	-0.000321480060271875	0.00010647715293320148	-8.307555467265866e-5	-0.0003447652779345507	-0.0003786613722862441	-0.00031117529002621866	-0.0001805903191976193	-1.884386551247348e-5	-0.00037460648805989413	-0.00046397584683652293	-0.0005035160378691252	-0.00048308282295239646	-0.00040523427628108045	-0.00034302493973504405	-0.00026073007487878094	-0.00021354284636810987	-0.00024392636086109816	0.010130894303239874	-0.0002246711245078043	-0.00028897752760550025	0.009548087131462267	-0.00031990744379971695	-0.0003061121615171008	-0.00026316675000759467	-0.0003010784278038251	-0.00024222990642626917	-0.00014892892785580564	-0.00019583241966329018	0.008215703309373849	-8.724691498971683e-5	-6.323243881929327e-5	-0.00010882751147857708	-0.00016842815427813365	-0.00015198144956603266	-0.00013504838789423455	-0.00011522279150699873	-0.00013126387204465996	-0.0001374078174049432	-0.0001574650695793968	-0.00016878224543036627	-0.00014377385184716034	-0.00019230986798824366	-0.00023439501734001666	0.005403888640332505	-0.00037643240737884887	-0.00043782385174750624	-0.0005289888909830627	-0.0006151118043798073	-0.0007117515805586672	-0.000767791342017347	-0.0007816647870050042	-0.0008280650341601584	-0.000860383960127678	-0.000870016283287256	-0.0008673526341628542	-0.000844604023033475	-0.0008503610005139266	-0.0008084252575461196	-0.0008060753013577112	-0.0007747564983368906	-0.0007466172797821217	-0.0007435745440037252	-0.0007437049941292533	-0.000733388357749545	-0.0006839988251992196	-0.000678956772607155	-0.0006677724390631102	-0.0005814117937591803	-0.0005504582964232585	-0.0005004822830611015	-0.0004531429352667895	-0.00044601460268980063
-1.2475411745749981e-5	-1.5070030145601567e-5	-1.6835585071520295e-5	-1.6461842431792027e-5	-1.206925702779203e-5	-1.1514825530714113e-5	-1.5444041833514175e-5	-2.36557394937473e-5	0.0006306594237532855	-1.3776339608635117e-5	-1.4787181002080558e-5	-3.0374705131219586e-6	-9.492545482081213e-6	-7.992275714288274e-6	4.2286249841874506e-6	2.149190560869936e-6	7.24642544369181e-6	2.3703956469813426e-5	2.6767769028071282e-5	2.741224931491733e-5	1.737830757124687e-5	2.3441391704636088e-5	3.169355009018842e-5	1.766755462892164e-5	0.00011297258751771268	1.771765336424898e-5	1.2542177684285189e-5	1.056381705727286e-5	1.166495780719791e-5	-1.9470754404344714e-5	-1.3489559107595934e-5	0.0007112179587772478	-2.5756079642755975e-5	-1.791755542735916e-5	-1.0957945210834756e-5	4.883386514609178e-6	1.5184627382357988e-5	1.949887221618877e-5	2.3580222198937243e-5	3.0686182632996654e-6	-2.084313327455848e-6	1.130558508898212e-6	-3.959827693457603e-5	-8.232372467932309e-5	2.7621105559228268e-5	0.00013389596331442495	1.7527259585760693e-5	-0.0002635112757708733	-0.0004291971752592256	-0.0005010567071001438	-0.00029817834669952636	-0.0003102560704748309	-0.004938136685749862	5.363196782320022e-5	-0.008441432581088445	-0.0003914094404043004	-0.00026304489910604703	0.00012359048557979667	-0.00016474899920833862	-0.0003661998753813449	-0.0003764976996953242	-0.0002616390509617688	-0.00015833653388462945	-0.000201637152067672	-0.0003582357391736235	-0.0004497551058274974	-0.0004969224811314163	-0.00048612711439220864	-0.0004145562093134294	-0.00034183094696927513	-0.0002295463270940521	-0.0002089326423806645	-0.00018185052437784573	-0.00018025916228431305	-0.0002115971973807012	-0.0003139648919070915	-0.0002768233531653865	0.01145378383252604	-0.0002609295357486937	-0.0003177574863020942	-0.0002068467290885275	-0.0002383244835455628	-0.00019004295285910723	-0.00014293723258197548	-0.00017239139317708901	-0.00011928721531211106	-2.2912988212938495e-5	-8.36009979611474e-5	-0.000152623046463388	-0.00019652072579846858	-0.0001909631126421115	-0.00016755502017492055	-0.00016417173229199555	-0.00018359718028694572	-0.00026008728770243045	-0.000493357636149926	-0.0004658773875138283	-0.00039688890000389755	-0.0003260795597083595	0.005144486930716346	-0.00034604775063745534	-0.0003828633412723305	-0.00048768231367297965	-0.0005635808728815615	-0.000655807642341473	-0.0007413702273241247	-0.0007840709802860862	-0.0008439025044506675	-0.0008367056693982852	-0.0008532245498950493	-0.000881721149307256	-0.0008763732279011907	-0.0008343902988395928	-0.000813618993632725	-0.0008339826396533455	-0.0007825769926173747	-0.0007295442528902456	-0.0007641513337148685	-0.0007737083370985311	-0.0006947974164868767	-0.000688844813280954	-0.0006737837245025845	-0.0006277820416857559	-0.0006479484523256793	-0.0005330716209095508	-0.0005381955223910436	-0.0005290883531455272	-0.0004900510831569276
-1.2811393921695769e-5	-1.1556420886508828e-5	-1.5613080171149275e-5	-1.25839316473923e-5	-1.0594474245622211e-5	-9.881829458690096e-6	-1.286437927309949e-5	-2.2760760131398505e-5	-0.008759998708460904	-1.0592076275155269e-5	-1.8288725169815674e-5	1.075971928904667e-6	-9.276450983422167e-6	-9.815230477775577e-6	5.960906088555481e-6	5.9592979340821785e-6	9.652113052013248e-6	2.6686424094948986e-5	3.226820880679673e-5	3.096584524317795e-5	1.746788266777325e-5	2.598054019343392e-5	2.6257424021094294e-5	2.920562841525129e-5	0.00010664808512326172	1.044054046174395e-5	0.000150442677430496	2.3402640512764847e-5	1.568665360866632e-5	0.000509093230640213	-2.7891936795355204e-5	-2.2858387136890854e-5	0.0006412965760370674	-1.6658115055000373e-5	-1.9915146888310666e-5	6.232083231904554e-6	1.2484560084737376e-5	1.9627312714497452e-5	1.335444479961612e-5	-1.1633289703186396e-6	-6.920860606612553e-7	1.3514645756445773e-5	-4.905184483605402e-5	-5.171562219912981e-5	0.0005585584094147406	0.00010389398052946478	-3.642168176201579e-5	-0.00028037269181227075	-0.0004044519797293238	-0.00047949276615064443	-0.00021603021169852576	-0.0003470476368516457	-0.00031887371904982045	6.270715956430487e-5	-0.00018648350817349578	-0.004911509611808503	-0.0001875024746716969	7.727335506755098e-5	-0.00023482108840863422	-0.0003585554369388462	-0.0003353882894105691	-0.00026920726450114195	-9.3766499465733e-5	-0.00019118157642064593	-0.0004309968668050803	-0.0005642643128198847	-0.0005218174588240108	-0.00048413588257757365	-0.0004319593079897717	-0.0003391092365915855	-0.00023117923912490367	-0.0002176137884573985	-0.0001564128069254326	-0.00013011675487734596	-0.00022348689808666944	-0.0002670554229073415	-0.00035596824541034126	-0.00023742069057454407	-0.000371897537784641	-0.000250108904688252	-0.0002458446888664416	-0.0001595692836994008	-0.00023672250429947368	-0.0001577762169253493	-0.00017017438461966634	-0.00016206200286784933	2.9611244691061384e-6	-5.4885480251605154e-5	-0.0001739545540547366	-0.00026008792511139286	-0.0003661232508241682	-0.00047717326520776635	-0.0005169645420342352	-0.0004098616075485888	-0.0004099957625464633	-0.000544058530263427	-0.00039932014789939574	-0.0004217505907549296	-0.00040991113160076566	-0.00035023356731640233	-0.00034536609840951984	-0.0003390013777263001	-0.000411414838628367	-0.0005114033770064075	0.011274857582372873	-0.000707905550766932	-0.0007940794234759675	0.00446797446943762	0.015720745421423904	-0.000866532428685533	-0.0008582821945206376	0.015455786591538588	-0.0008565557757726598	-0.0008325777406080481	-0.0008320670940893801	0.004522433688816706	-0.0008290663371875217	-0.0007633844465190862	-0.0007637263651629833	-0.0007363833719661048	-0.0007270247535038884	-0.0006674214489716269	-0.0006742804462526878	-0.0006132021115732482	-0.0006176846603988618	-0.0005566232718799344	-0.0005297477045946176	0.0083195527005352
-1.1412753433330623e-5	0.0005613103139390653	-1.4826747263345071e-5	-1.3091330195211899e-5	-1.1052147569937066e-5	-1.0331337567864645e-5	-6.231793592254399e-6	-6.081604940320505e-6	-1.474015450219886e-5	-1.2285288248427848e-5	-5.136361212303977e-6	-3.041341007758557e-6	-3.7127380687527155e-6	8.68575261253569e-6	2.9826643168653043e-6	7.900860782186336e-6	3.4332764596361684e-5	3.298279611842897e-5	3.538170751613565e-5	2.9783546497672876e-5	3.296917801514764e-5	4.3368569484529204e-5	2.5821909724050955e-5	2.2457751069600643e-5	1.9257749972001557e-5	1.6062318880614036e-5	2.8529126106489628e-5	1.8926514678738703e-5	2.231822440127828e-6	-3.482094781948313e-6	-1.117827334298424e-5	-2.598229161150916e-5	-1.2669296016475963e-5	-3.1482082903057027e-5	-1.158920812143133e-5	-4.071397837141291e-6	2.308647912224e-5	1.8440706565112184e-5	1.567379574821939e-5	1.681633978372959e-5	4.398124097283306e-6	1.2980714950627456e-5	-4.658337422411025e-5	-2.9617591802374478e-5	4.058916764097722e-5	7.496195985430207e-5	-6.966003402320703e-5	-0.00027322203969561924	-0.00040064638082571834	-0.00045924900393028503	-0.00021218240484521984	-0.0003760459633384526	-0.00021973288693720623	-6.186420270807777e-6	-0.00017799847477407461	-0.00028397693663771706	-9.628495361907116e-5	3.574165050035383e-5	-0.0002518843272576298	-0.0003607921964488784	-0.00034825650995526196	-0.0002260733905073021	-0.00014037576171258004	0.012127039938671091	-0.0005667338487599927	-0.0005763568614615671	-0.000568132830613315	-0.0005045481444507487	-0.0004288998037204825	-0.00033328967310097476	-0.0002515004327999573	-0.00022058258356862093	-0.0001372955079285542	-0.00012564421707802857	-0.00017564309995853067	-0.000248259714026762	-0.0002685739684219358	-0.0002900885566247194	-0.0002478170865443524	-0.00033096990693188763	0.009810960130568654	-0.00023374885710770836	-0.0002250159244435862	-0.00022195315884905933	-0.0001944748631898044	-0.0002263728243444025	-9.812668156782174e-5	-2.706791548605196e-5	-0.00028064673486516943	-0.0006490949201942361	-0.0009666738470365775	-0.0010089358926947643	0.011683659039569841	-0.0004649620040633653	-0.00030757258439131387	-0.0004993218534071493	-0.000510771778549279	-0.000514430651627493	-0.00044705319150175823	-0.0003834678192196281	-0.00033793617113713273	-0.0003195993535337442	-0.0003717577705111483	-0.0005034164149853981	-0.0005999327243055592	-0.0006749487848052658	-0.0008069062422705765	-0.0008279983939938999	-0.0008769793890894915	0.0159303783560669	-0.0008609343422449466	-0.0008505435799477032	-0.0009017566473274591	-0.0009046231732636736	-0.0008563235942732643	-0.0007995184423066669	-0.0008348031326680218	-0.000766371637830345	-0.000767348313711249	-0.0007414293705588137	-0.0007172157716327796	-0.000711936358863954	-0.0006558643416347369	-0.0006472078786766162	-0.0005842486103354227	-0.0005369009634882595	-0.00048428814216543246	-0.0004719899947406344
-9.589471954490414e-6	-1.216792686796692e-5	0.0005709322350328514	-1.0587697217979801e-5	-1.3399196468566552e-5	-1.12394557135419e-5	-6.5264541065045405e-6	-2.8613480786414836e-6	-1.3899597797202958e-5	-5.296232809899517e-6	-3.138519150868097e-6	-4.0441996375568424e-6	0.0005407168483506902	9.23403894158032e-6	5.91938012939764e-6	1.992750870826593e-5	3.3930571909275304e-5	3.455613200773443e-5	2.756967863688309e-5	3.742957332340509e-5	2.2122606168890977e-5	3.110660776357854e-5	3.765650738067139e-5	2.9031833448768876e-5	2.5851600219230567e-5	1.7365494460268825e-5	1.3994493530808047e-5	7.776233068872065e-6	-1.2891854061060706e-6	-1.3994490131183715e-5	-1.4990495328392767e-5	-1.317983865106601e-5	-3.408663015800999e-5	-2.2026131699039338e-5	-1.3407893342137246e-5	1.8380534736817458e-5	2.0251372477673047e-5	1.726207745928604e-5	2.423462175100803e-5	3.8183034652920084e-7	7.709671656294659e-6	7.893457550295965e-6	-4.1184228948281006e-5	-2.438469837000041e-5	3.2072653063214794e-5	6.14655520923043e-5	-7.812211037826807e-5	-0.00027051416987282535	-0.0003847101602373398	-0.0004489259563056694	-0.00020209113782811497	-0.00041461080619209674	-0.00014575829505891237	-3.27413845649209e-5	0.005161856005587865	-0.0002476781389127401	0.00010885170526335648	0.0002094884872674927	-0.00027044713141015364	-0.00036274492641358465	-0.0003479090819426874	-0.00020896947199879577	3.85616940343312e-5	-0.000537968815530511	-0.000600885194897106	-0.0006715878148803693	-0.0006634177174297956	-0.0005673253894501219	-0.0004581108645697503	-0.00033363731127334685	-0.00025554101430931044	-0.00019956329615038182	-0.00011012223613071984	-9.448851400785385e-5	-0.00018304434805708168	-0.00024398324476688701	-0.00029379455314198187	-0.00026588189832254215	-0.00021813698208687782	-0.0003003814411401285	-0.0002461632998707747	-0.00021294490636699498	-0.00020076910603461506	-0.0004260032999093763	-0.0006980342817217069	-0.0009634575863684113	-0.0007518075000321253	-0.00032719308989135124	-0.0008003324207335374	-0.0004221663022290715	-0.0008652687759659605	-0.0011536774348092516	-0.0011050976153391488	-0.0005650405690746894	-0.0003988532789318648	-0.00043700030423173344	-0.0005113058145504636	-0.0004855203102384093	-0.0005176246859772173	-0.0004944211447626985	-0.00039162065126863675	-0.00034506510909792024	-0.0002909565553447114	-0.00045270348659337545	-0.0005298191768422257	-0.000614296650310129	-0.0007285255929452214	-0.0007797131137752926	-0.0008586605995248003	-0.0009007048243927195	-0.0008858429421205669	-0.0008656935238135315	-0.0008510280254095306	-0.0008513623009907042	-0.0008824242941808539	-0.0008047575706486565	-0.0008069540806639793	-0.0007915915361447062	-0.0007974764028130044	-0.0007690122355321054	-0.0007389198998081475	-0.0007317798590269825	-0.0007008735357465212	-0.000687451756730198	-0.0006364379490713615	-0.0005921943299233524	-0.0005649982745834295	-0.0005164831759976859
-1.0166246585638665e-5	-9.207312660073404e-6	-1.1020681330356757e-5	-1.2147396072370326e-5	-1.6461342319389364e-5	-1.6514324489445755e-5	-1.0889850109255814e-5	0.0006408637968580372	1.0158327429042992e-5	-4.137542570955806e-6	-1.2575587121367278e-5	6.132612785322324e-6	-1.871941831323729e-5	1.5023878186610964e-5	1.3240209304908775e-6	3.584686537471023e-5	3.1926816543650666e-5	0.00010518915222998458	8.21875156029701e-5	2.9256753339857583e-5	3.4240346381841664e-5	3.871456733304081e-5	2.6987401268525803e-5	3.436931878604988e-5	2.8361178850235588e-5	2.3241074041191814e-5	2.778829775236958e-5	0.00034184472412658725	1.0796772488151554e-5	-4.906461141345429e-6	-1.3700423017099818e-5	-2.434005024355007e-5	-1.5719977477287456e-5	-3.817145136173622e-5	-6.553340387168392e-7	1.837566435494188e-5	3.413530499230119e-5	2.5051800573176655e-5	2.2071286505853573e-5	3.5719782492623676e-6	1.2933687817951161e-5	4.923799430624123e-6	-3.2474717326824894e-5	-1.749347108674377e-5	3.1857725984042566e-5	4.797486162434923e-5	-0.00010062060667038585	-0.00027872317196289166	-0.00038547215440746727	-0.00043328188754367634	-0.0002326574978057331	-0.00038759340382403876	-9.737418966353044e-5	-7.34290491260451e-5	-0.00020905761336496333	-0.00022235299628630724	0.00016477737622522075	0.0002879485015020236	-0.00014432159784697612	-0.00032072632306511147	-0.0002511210445066067	-0.00012463375137906733	-0.00014288298863084775	-0.0006537606897158432	-0.0007761113136738485	-0.0006471015424989058	-0.0006145768630596172	-0.0005148694583649669	-0.0003903054125193456	-0.0002440450701940433	-0.0001821231601795842	-0.00011923344830043481	-5.187349355422442e-5	-7.108587381753073e-5	-0.00015860425831471132	-0.0002191259039772183	0.014016175481715906	-0.00030857144929681557	-0.00034488879647196283	-0.00023404302880469276	-0.0004496851953069824	-0.0003028699863969267	-0.0007304881755572715	-0.0005543749059099684	-0.0008929259173741898	-0.0011020291490193568	-0.0013310518523065515	-0.00011593445081682294	-0.0004732086801273981	-0.0006108320097671354	-0.0007353865304345845	-0.0012447539909689071	-0.0014220205317744695	-0.0008744115037799365	0.007768938329467956	-0.0003654933336742598	-0.00045815716304868984	-0.0005137239737040659	-0.0005316009587064217	-0.00046628464318897514	-0.00037837341394829707	-0.0003517065521618269	-0.0003237118039816321	-0.00038494803800918215	-0.00047908965515207	-0.0005619506958875163	-0.000670156779500981	-0.0007304665866501771	-0.0008054202844682418	-0.000860949414969699	-0.0008384206091885046	-0.0008351871175480471	-0.0008539860782114756	-0.0008605943666217721	-0.0008394904118637705	-0.0007872657155557098	-0.0007828628152629826	0.014194344139359513	-0.0007900499966424302	-0.0007828825594602537	-0.0007754473795376637	-0.0006882383963608026	-0.0006987104085213287	-0.0006961625981020915	-0.0006771891462309387	-0.0006202824561492943	-0.0006009575145737205	-0.0005703013765851221
-4.0569042616663085e-6	-1.2832470342198296e-5	-1.495472448174019e-5	0.0005927660602771405	-3.5798240873908573e-6	-6.4292048340946345e-6	-1.3618990580649372e-5	-6.3342338342260544e-6	1.9474456912534077e-6	1.537254395200566e-5	-1.448162898618128e-5	-1.691904511077428e-6	1.579329319409341e-5	1.8714388236784271e-6	2.834983639976498e-5	3.189298712960847e-5	1.3530572629547391e-5	3.17282741875923e-5	5.5686694075678545e-5	4.518479186990665e-5	4.8932890841829786e-5	4.234882224014641e-5	3.298081355441367e-5	3.762885772320545e-5	0.0001331934683822993	2.9282154333665905e-5	2.6584617644851566e-5	1.2711824434058234e-5	1.063846533636741e-5	-1.7138642053400772e-6	-2.0400315944011684e-5	-2.5483252584068e-5	-1.2701149558794981e-5	-2.859535392447845e-5	-2.0870134802416715e-5	6.2486693753875146e-6	3.513224464552758e-5	2.5539602405036214e-5	1.6578198776923906e-5	3.554972385748107e-6	5.587094578651808e-6	8.161305993048627e-6	-2.6236754452010642e-5	-1.1355986819080663e-5	2.9426510584035052e-5	3.499067786503964e-5	-0.00012114855521658426	-0.0002888556903665263	-0.0003751972243979957	-0.0004081851943642115	-0.00024907371769830426	-0.0003814616846616742	-3.838783438087773e-5	-0.00011676830627502938	-0.0002649196120892063	-0.0003211693843326903	0.0001183390503350229	0.00020184340434096192	-5.079581032923011e-6	-0.00021594407892855556	-0.0002311718325569232	-0.0003055720110198539	0.009759828992012432	-0.0006048926400369428	-0.0006418083093257324	-0.0005750962019221342	-0.0005197225919129946	-0.00041762719210527814	-0.00030943636561485237	-0.00017889464401098405	-9.234157898898275e-5	-1.2159113179201556e-5	-3.534067515389462e-5	-3.7973804305029e-6	-0.00012199831746022814	-0.00021785786188249778	-0.00025708819934087794	-0.0002817928933796215	-0.0005222135572311229	-0.0009671209230577467	-0.0006090558053056284	-0.0007963462319623277	-0.0007646881582980269	-0.00041739970365359085	-0.0007037582506076029	-0.0010941289802562579	-0.0013849748939974513	-0.0011107707526484666	-0.000575488499202732	0.01481668886485878	-0.0007383031946559242	-0.0011203203232361056	-0.0012928597964395171	-0.0011721017032595513	-0.0006574327477461023	-0.0003392591825411226	-0.000375562027479185	0.007846835831126471	-0.0005224499661647848	-0.0004695956320177868	-0.0004685893536401052	-0.00036380994207886944	-0.0003167334627566642	-0.00039049587089215985	-0.00044919357665147534	-0.0005377652316544083	-0.0006076093814364955	-0.0007041788282497602	-0.0007704940636133525	-0.0008344216746616721	-0.0008842564795049929	0.01604467753349827	-0.0008381602818914591	-0.0009337513066357732	-0.0008125669416866226	-0.0008226490078725498	-0.0008703714075758472	-0.000756712159800943	-0.0008106874239930143	-0.0008366917691835386	-0.0007421821439052923	-0.0008042259752239671	-0.0007323759433170915	-0.0006695795900367885	-0.0006736046800196772	-0.0006372593558083691	-0.0006007437323537123	-0.0005857658076219557
-7.156167021807325e-6	3.119579918578431e-6	-4.579661653267113e-6	-5.1034357215738475e-6	-1.5033890683437611e-5	-1.756719141384139e-5	-6.4579481741594905e-6	-7.404050754824306e-6	3.094829033236518e-6	1.5389589656886887e-6	1.5896073484773657e-5	0.0005962650098094587	1.0355722948894629e-5	3.598746775937151e-5	0.0003286001422726434	4.966015606117655e-5	2.6501883528364575e-5	4.440738972453628e-5	3.210117002533548e-5	3.676490796457495e-5	3.4265669426717955e-5	2.7264029660485373e-5	4.02718409028488e-5	3.6759396796338766e-5	3.292750121473625e-5	1.956612725653858e-5	2.853638859430128e-5	1.1453745163523144e-5	3.33468788520086e-6	-1.4765151678348618e-5	-1.5327148925915746e-5	-2.026939120058002e-5	-6.196405551855966e-6	-3.06915316746815e-5	-7.842504399851406e-6	8.316343905461366e-6	2.1468913694445806e-5	1.983963134240003e-5	1.5301438036768866e-5	8.152502341555925e-6	5.418342509367312e-6	5.369496476246259e-6	-2.1047443694757317e-5	-5.165873125751938e-6	2.503334115900365e-5	2.1062222851876353e-5	-0.00013295326272940496	-0.0002873671181631999	-0.00036131681414462626	-0.00039582927397927795	-0.0002658220845559722	-0.00037383415555291774	-5.7552016892187946e-5	-0.0001907261719727698	-0.000319424180136689	-0.00037219085404849653	1.3155364500441052e-5	2.1361222265429275e-5	-0.00010612138366867564	-0.0003493330687654589	-0.0004064272606557791	-0.00039608219992151236	-0.0004252755059970005	-0.000648437300871307	-0.0006377165465819984	-0.0005750422918690632	-0.0005015897433034277	-0.00040233921019252814	-0.0002779400032960379	-0.00017227060955396847	-0.00017525969485464137	-0.0001597020930208838	0.0001658130594295662	-0.00015860219067438154	-9.870156922418133e-5	-0.0003877224567373598	-0.0006080444726927047	-0.00047187455450709015	-0.0008220712271671086	-0.0010641538980898577	-0.000627814173647127	-2.554040498688702e-5	-0.0002831183188514719	-0.0016103685946124938	-0.0007804499149279345	-0.0011761708548717852	-0.0015014383648963552	-0.0017251031180019315	-0.0011234696259457798	-0.0005830448997054451	-0.0008713117174343615	-0.0010546038005060203	-0.0012188281957694388	-0.0013558694769264142	0.018623062209218843	-0.0005747264707649854	-0.0003947486782610119	-0.0004544691928119824	-0.00045357037047532786	-0.0004644499180428592	-0.00036988993889542666	-0.0004296554276961989	-0.00031810411561675536	-0.0003592590546600081	-0.0003969837850080482	-0.00045252942618601195	-0.0005567546550358082	-0.0006314901965101885	-0.0007069278914644591	0.015196883063116751	-0.0008237890200794721	-0.0008338309874537583	-0.0009049061732777216	-0.0008397768574749248	-0.0008657925076499583	-0.0008599328014106304	-0.0008140452738450259	-0.0008103630549911953	-0.000718477524383563	-0.000780456030126885	-0.0007726366201455011	-0.0007515440590664686	-0.0007300425882151825	-0.0007071744792382052	-0.0006504259849512408	-0.0006509227408086097	-0.0006256494845795907	-0.0006112815638947833
5.400481348927103e-6	4.330614061906664e-6	-3.41994245244134e-6	1.033889353605844e-6	2.5528254194795777e-6	1.5251145102943096e-6	1.1574145456774102e-5	1.2785705774014718e-5	-1.5263092306288e-5	-3.5438853884610638e-6	0.0006453845101072307	1.7697860831835614e-5	-1.4333116660019372e-5	2.0617006705699915e-5	1.5855625339858837e-5	2.6992997311035393e-5	3.977509880899281e-5	3.9913480567518866e-5	2.2507507838780746e-5	6.108090563130024e-5	4.8080030876779256e-5	5.498537131073391e-5	5.1552491550492e-5	4.2837864685303824e-5	0.00014796645484631103	1.7675669722642343e-5	2.5433323773795587e-5	1.2171234740172236e-5	1.0475257105257898e-5	-9.039839492469646e-6	-1.4173813075210161e-5	-2.2275865583002395e-5	-9.692162000274687e-6	-3.5275258597066046e-5	-1.280092469627429e-5	3.666882708450647e-5	4.0898652711469224e-5	1.106175072027038e-5	1.799381231862296e-5	1.2992202920057358e-6	4.38726370456579e-6	-4.372104491705102e-6	-1.2077675832480785e-5	2.0786993402618914e-6	2.1454352810697068e-5	1.1775164995245658e-5	-0.00013295199586442832	-0.0002712392549131205	-0.00034103921302405197	-0.0003634711250307754	-0.0002704041376861213	-0.0002922589128942065	-0.0004889137211838788	-0.0003259172114172988	-0.0003814257176419471	-0.0003088202705551178	-8.40369591688199e-5	-1.2920893017629928e-5	-0.00023945056028588062	-0.00036674159125597676	-0.0004228314010794147	-0.00016065501381133662	-0.00044635805078745323	-0.0006412925044724758	-0.0006207255957399634	-0.0005644108566080566	-0.0004789394633130696	-0.0003797106376804329	-0.0002594781408232251	-0.00015920709687329733	-0.00016072082162626317	-0.00010530083231568253	-7.377737814206684e-5	-0.0013698946427901683	0.00028898735619331366	-0.00039987324566511696	-0.0010256397569485733	-0.00033258112654903187	-0.0005816317528277177	-0.0011374632341975416	-0.00047065889575243977	-0.0005280690776388649	-0.0008332768896015218	-0.0006194992158167854	-0.0017362668120256101	0.006028492077023379	-0.0009219424370984948	-0.0017027450394078991	-0.00134899448584044	-0.0009784983543148495	-0.0006179285453353049	-0.0009844372854867812	-0.00112831330144076	-0.0012903786135809534	-0.001131648394546306	-0.0007201208919456036	-0.000506971227909889	-0.0004756242386256323	-0.00048736612018340265	-0.00039369091471932495	-0.0003547704488448492	-0.00030761902621262265	-0.00034624582489692357	-0.00035186987599913726	-0.00040698632782225526	-0.0004414343709763669	-0.000479684464747528	-0.0005745266457243565	-0.0007025544715735755	-0.0007938545578325008	-0.0007871893371375798	-0.0008163141869909317	-0.0007893667111055552	-0.0008981764242616376	0.01606967592999249	0.015658395089027458	-0.0008121424680252159	-0.0007656418386422495	-0.0007634141919691129	-0.0007604615678393281	-0.0008191332341892996	0.014035612401577064	-0.0007615622615048806	-0.0007089194622365803	-0.0007314701598999619	-0.0006794829617764314	-0.0006459564043019648	-0.0006389504278914073
1.1606600467837722e-5	-1.1178723212130082e-6	-5.070134840640854e-6	-4.554574724964164e-6	-1.1407027998664322e-5	-5.874603091092154e-6	2.2289422806163334e-5	2.80375793866854e-5	1.9011410205084294e-5	7.496524017947806e-6	-1.117545865762337e-5	0.0005948546489034342	2.8052522295900087e-5	1.129725258621709e-5	3.0160987754307596e-5	3.302161673073532e-5	4.1196158455576205e-5	4.958188902167999e-5	6.184777344431236e-5	4.559322309174692e-5	1.9552184625797227e-5	2.0289786304425808e-5	1.7654019295748353e-5	2.1799312300706426e-5	2.474538473646237e-5	2.7815680756274313e-5	7.1535572864628305e-6	1.8450815508254392e-5	1.2041203960571484e-5	9.484878673486977e-7	-1.3482000996612072e-5	-2.4148527118174508e-5	-1.7066205034181516e-5	-3.282288666968218e-5	-6.355218283809853e-6	2.5748860919198695e-5	3.4698647382994975e-5	2.5514959334520162e-5	2.464787773507433e-5	-3.291819324177832e-6	-7.69990536825596e-7	-1.0259118063643373e-5	-3.948958232299644e-6	7.1057243424769295e-6	1.6985902305847404e-5	4.132026444907035e-6	-0.00012750573168802092	-0.0002577161815266616	-0.00032489533203583845	-0.000356411572929676	-0.00027481290288712545	-0.0003696444268170944	-5.001496324649052e-5	-0.00034561400247181545	-0.0004484813930641981	-0.00028192382722324986	-8.08262998089164e-5	-0.00013045538605513211	-0.00038739563131104555	-0.0004829866546091424	-0.000539437750027771	-0.00016894406058452424	-0.0004969482808266958	-0.0006328988667871852	-0.0006028465631127342	-0.0005430593928014253	-0.00045650102331660884	-0.00035759709579022067	-0.00025130046786060213	-0.0001664384943901153	-0.00015668561240893102	-0.00014272636072835965	2.3002169963464575e-5	-0.0010094455636601354	-0.00043710015507156946	-1.2656464453732197e-5	-0.0006593619878191362	-0.0009349661098455135	-0.0005514046867438616	-0.0005785923461478198	-0.0008969696114547246	-0.0009834024267566053	-0.000858496817915215	-0.0011135217018313267	-0.001680028075790388	-0.0015938265979268621	-0.0018821977243682706	-0.0017354470898008328	-0.0017222066379788716	-0.0015970098668769469	-0.0009642927588427753	-0.0011135232579129791	-0.0009951864410123138	-0.0012243990289827894	-0.001288959613659265	-0.0009796780363225278	-0.0005070133202288857	-0.00045413496298674257	-0.0005059914191904869	-0.00046721797321964097	-0.00040170482679211666	-0.00045436962385039976	-0.00036377436387854435	-0.00035176360902496734	-0.00039910209798706825	-0.00043181169712852054	-0.0004837479894743025	-0.0005555299146628879	-0.0006267765878495727	-0.0007530319527543914	-0.0008035554744394071	-0.0008526753484377342	-0.0008271888447090869	0.01693020353615729	-0.0008751854159135333	-0.0008336362085780043	-0.0008296581703547395	-0.0008050350416792919	-0.0008022770549058695	-0.00080733490184174	-0.0007393050362646198	-0.0007594542196775198	0.014233259216610197	-0.0007765535133356103	-0.000736357590564677	-0.0006956337121399392	-0.0006704609486482072	-0.0006463942560238582
-0.009462622354522936	-4.327507779964927e-6	-2.9294837748097477e-6	1.3749227745099655e-5	4.121185350879769e-6	6.101893573778232e-6	9.20495106984773e-6	3.099729583362805e-6	1.5487089839483518e-5	1.6914955369939878e-5	2.6033882493493388e-5	1.8587928479947037e-6	1.585536792055595e-6	0.0004376360063048008	1.4554055713204839e-5	2.665659187914976e-5	3.077072672558927e-5	4.1247733531058275e-5	1.1765514198319726e-5	6.142447097392525e-5	5.0942382716649606e-5	0.00018697743214542237	3.51936176747991e-5	3.172000544513073e-5	5.2332232142464526e-5	4.4950020791406555e-5	7.36648339240897e-6	1.7928507486009333e-5	1.0075391343445077e-5	1.427731094059883e-5	-9.383511787464799e-6	-2.9581406943662673e-5	-2.1700409581521408e-5	0.0005749463863366326	-1.1099936377163833e-5	3.073502237910036e-5	0.00040489150752049405	2.1412466699743688e-5	1.2321886952394376e-5	1.2395510553858853e-6	-6.105250328512432e-6	-1.2400057927621118e-5	-6.604040321328206e-7	9.026465971266433e-6	1.4644518893771122e-5	4.611897329689137e-6	-0.00011388716565250909	-0.00023898022572714592	-0.000306900538906839	-0.0003481337829247923	-0.00029135666892521686	0.00010347029420418319	0.00622597075621424	-0.00034711146351933814	-0.0003973357450284213	0.003844723111687525	-0.000148517604790354	-0.0002082371258131481	-0.00045869500114826753	-0.0004309354342097414	-0.0002549936561691609	-0.00018097912598711782	-0.0005085122527820514	-0.00063067624119428	-0.0005925044288907985	-0.0005184695105711797	-0.000442101581904367	-0.00034411338634306177	-0.00022798406774222034	0.013240472461298683	-0.00014840681675188858	-4.978039345690001e-5	0.0003508893437658214	2.3905659712409114e-5	-0.001245699382069164	-0.00011862536933608323	-0.000600438486815123	-0.0010474017974192347	-0.0006403023627050714	-0.0004167195164832228	-0.0008904909897614619	-0.0009328308408021197	-0.0009625641567336668	-0.0010542259468900028	-0.001100612195234149	-0.002811665286450195	-0.0022044465023034546	-0.001971449772040926	-0.0024360359509453203	-0.0020976536266236953	-0.001169230107353177	-0.0013045646481560716	-0.0011838813357338638	-0.0010683464468994996	-0.0013017001424604942	0.026254318750460564	-0.0007709753199721184	-0.0005868977352655857	0.010805287018357448	-0.0005235482946758241	-0.0003808846153468149	-0.00041459657004186065	-0.0003748706203872323	-0.00038432176698282444	-0.0003205401834507557	0.008791287033095823	-0.00043185687518979086	-0.0005185567433914308	-0.0006487434172079047	-0.000768138730535689	-0.0008353969194764815	-0.0008604269429074484	-0.0009264348132798344	-0.000846719109234167	-0.0008786041507417505	-0.0009386508478389718	-0.0008428993042100151	-0.0008419104242842618	-0.0008036409779591447	-0.0008811834688983791	-0.0008053819147042784	-0.0007843071686902073	-0.0007685892005855144	-0.000727043519823875	-0.0007002621760724814	-0.000761159766717273	-0.0006868211198594572	-0.0006640421995137867
0.0005537943608938827	2.9388414447519473e-5	1.0994007438908278e-5	-2.1367737911091172e-6	-7.713109555267323e-6	-1.083333166289292e-5	-2.5363050552498637e-5	2.5632399485494423e-5	-7.105428256160657e-6	-1.4489395739323598e-5	-2.635391908037887e-6	1.02655780016695e-5	5.216297430612094e-5	1.347525092760247e-5	2.8775267292427756e-5	7.954187680384158e-5	3.6189167047285566e-5	8.669161498912762e-5	5.1586360523927285e-5	1.107745981911417e-6	7.697204238197404e-5	7.328979665407846e-5	5.341088348860415e-5	4.4765379335635815e-5	6.230550338495993e-5	6.051912729336745e-5	1.746196553358611e-5	3.1040803869669155e-5	7.242474361120882e-9	1.2997742777909327e-5	-3.5696389159454653e-6	-2.396747349154779e-5	-3.8988260400761934e-5	-2.1253905869804673e-5	-9.374928475940156e-6	7.932025643242729e-6	3.8670856103689005e-5	2.9796679170031315e-5	2.326050114450978e-5	-5.730311930637801e-6	-1.196212251345155e-5	-1.5291716647602115e-5	1.930765844079807e-6	1.0670062172625939e-5	6.2469221203775675e-6	-9.801240171032621e-7	-9.58911762367334e-5	-0.00021600147565058788	-0.00027964386981505114	-0.00033593575337568116	-0.00031651286061247334	-0.00039053404701588045	-0.00017081876820413538	-0.00036074224649086314	-0.0003922331626041251	-0.00031704698539940755	-0.0002255359729719155	-0.00028371453264703674	-0.0004706216690970877	-0.0004884600074766491	-0.00028314914966355055	-0.00017603110620740582	-0.0004997257897056216	-0.0006102572275238499	-0.0005668595652560168	-0.0005022040910824567	-0.00041501952315970217	-0.00031816365784510803	-0.00021754851670910576	-0.00015001467079341947	-0.00013371112780381257	-4.4822305389404654e-5	-4.8644686466317415e-5	8.239829581537308e-5	-0.0006379395431734599	-0.0004924529314867445	-0.0003829066297774894	-0.0009588728773291325	-0.0009654268793659639	-0.0005983468198523341	-0.0009303688486306813	-0.0011057293255143123	-0.0008654598387071097	-0.0011483931467827849	-0.001380598853703216	-0.00223459399596314	-0.0021725052302989413	-0.00230073096676108	-0.002555826806301814	-0.002611254457405036	0.0016402361733263565	-0.0016715845949171436	-0.0015774295421553189	-0.001198879144704082	-0.0013077445169392896	-0.0014103978340539777	-0.0009635054949897089	-0.0006782723833604915	-0.0006857867598118652	-0.00046620841641668506	-0.0005568701559165862	-0.00043198004801687194	-0.00041201820365796386	-0.00035776343185038063	-0.000373995032107834	-0.0003900354842025595	-0.00042975804848285025	-0.0005249056391411645	-0.0006545731894986835	-0.0007804543345524316	-0.000869248812768262	-0.0009318673720932254	0.018382707163486136	-0.0009638610753042506	-0.0009822641194108701	-0.0009142577808047029	-0.0009206944874690093	-0.0009592621942266458	-0.0008067500386636697	-0.0007828585550902559	-0.0007859846396744826	0.015321836833627239	-0.0007384470992466419	-0.0007634772453520488	-0.0007539918237462178	-0.0007800088046521327	-0.0006961785102761221	-0.0007231004548457218
3.408075236808312e-5	1.1327830863404982e-5	-5.093648319646517e-6	-1.4707520349006593e-5	2.848531024124694e-5	2.91347564707349e-5	2.4608129497929055e-5	2.243691598949305e-5	1.162996423893347e-5	1.353932743155227e-6	1.2634220095711053e-5	1.629235675556606e-5	3.302708136945949e-5	4.412587615613907e-5	7.908237873661462e-5	3.3484844994262786e-5	8.702867029325911e-5	1.4285833932806656e-5	9.155689413309917e-5	2.2970433599005854e-5	2.1708880712327776e-5	6.256541892126497e-5	6.288154894164679e-5	7.469380652441173e-5	6.510295821399647e-5	5.9308174612030234e-5	3.0109213714011717e-5	1.823250091686048e-5	3.536828542825875e-5	9.24978156742473e-6	-1.6304895344575361e-6	-4.083608073706616e-6	0.0004548587662300493	2.409763909575445e-6	9.51524334568939e-6	2.979569514998271e-6	2.769420272941787e-5	3.575176486564531e-5	3.893050660129776e-5	-5.315682921668095e-6	-1.925662434230143e-5	-1.7221562833614774e-5	2.8436339792755304e-6	1.0515071782203882e-5	4.005474964023908e-6	1.516871605536027e-7	-8.200170670236932e-5	-0.00020393709966506218	-0.00026954268366971047	-0.00033014881842968486	-0.00034937655430766594	-0.00047936517502222657	-0.00020517658934912988	-0.00038491352100534365	-0.00037306458478881567	-0.00027645819921208806	-0.0002277878554425572	-0.0003217527825181369	-0.00047375856198489386	-0.0004399974623400197	-0.0002875860808401829	-0.00018746339875775134	-0.0005001387358846091	-0.0006009160934692184	-0.0005528007338557583	-0.0004869037243402166	-0.0004003426792430643	-0.00030642374194739426	-0.0002094251599590348	-0.00013648624561362482	-0.00012777158726992761	-4.133343737633757e-5	-3.238621762197309e-5	1.8834023354351997e-5	-0.00011803278111843785	0.0100702647320781	-0.000539008563127559	-0.0009813106972614803	-0.0012499853361305465	-0.0006632689901841073	-0.0009209245011793446	-0.0012551028268520956	-0.0010345658923698736	-0.0011732123039362961	-0.001120124333750831	-0.001741214643334989	-0.0021521488026258768	-0.0020609364854238393	-0.0016912452128297045	-0.0023473700355236896	-0.0026722719460785076	-0.0016545712990432507	-0.002325314813626843	-0.0010550784530557068	-0.0012336144264689115	-0.0014237329581323014	-0.00101737376060132	-0.0007359545045402659	-0.0006857278746388688	-0.0007223342648045132	-0.0005658433336280886	-0.0004284858473957518	-0.00029336069624582607	-0.0003805495646742787	-0.00037165470999920083	-0.00036847539472753803	0.009557155588997947	-0.0005092048653577421	-0.0006490976574513802	-0.0007695920082642074	-0.0008413086983210432	-0.0009038318501005359	-0.0009762654879922391	-0.0010272151672229219	-0.001019998469467911	0.019691334433583865	-0.001031441331524139	-0.0009791574346157102	-0.0008843646227259336	-0.0008617669804569057	-0.0008401454286144621	-0.0008380578300616701	-0.0008048004599394082	-0.0007481425162284873	-0.0007782464901589028	-0.0007324765547234505	-0.0007598588146133078	-0.000736058703224669
-1.2390139321943666e-5	2.644494692205599e-5	7.378083616526839e-6	-1.6135420555175774e-5	3.176305420185587e-5	2.9630456366850017e-5	0.0006345044328078962	1.8450578750050205e-5	8.207924844378907e-6	1.249583517879565e-5	1.4274947244798325e-5	2.389455109602233e-5	-4.894369215848512e-6	4.592258031065359e-6	5.4992522986198854e-5	9.780158164143164e-5	-4.279325266159321e-6	6.254244717821336e-5	9.705509462055268e-5	4.961969561671992e-5	3.809013018586877e-5	8.05650628586587e-5	6.698112722260639e-5	7.201703993580961e-5	5.5584591751904004e-5	4.472781535706967e-5	4.187789177641319e-5	7.985339748163914e-6	1.3675097369433582e-5	3.704262909061916e-5	9.036729012063417e-6	-2.3664430920367595e-5	-2.4006995138570533e-6	-9.604537076844232e-6	1.8071808091169646e-5	-2.9935008915042347e-7	2.7596558732742756e-5	8.040336407495567e-5	6.362412541662064e-5	-1.909031545853628e-6	-2.1461893860892384e-5	-2.0312494006192918e-5	-1.2298237788929169e-6	8.716302352302675e-6	4.118136545476752e-6	-4.119355613509037e-6	-7.667830838965816e-5	-0.0001968467760968826	-0.00026078886916300077	-0.0003193401251330632	-0.0003538470556900498	-0.000432145736530996	-0.00023751514543731214	-0.0003929965285004444	-0.00038249423662596073	-0.011298334636649851	-0.00018256183333337575	-0.000300651248335811	-0.0004945181461722074	-0.00042247996917391985	-0.0002832978181180508	-0.0001870896564936178	-0.0004930888484533987	-0.0005912042774546336	-0.0005394560851738894	-0.00046184465340970947	-0.00038752808133833694	-0.00029652517420999946	-0.00018988434935247704	-0.00013531514376640026	-0.00012249809375176023	-3.1455821449216485e-5	1.5278713555726305e-5	1.219806414654457e-5	-3.374942358219668e-5	-0.002441044132326861	0.009031739141184296	-0.0007555333700513204	-0.0013621578191659166	-0.0009611150620529368	-0.0008468842660777718	-0.0009707951830366986	-0.0012507247844949568	-0.0012471162518998269	-0.0010643776791243592	-0.0017638980982996166	-0.0019884669545933414	-0.0015965440120591177	-0.0015008591019928692	-0.002540564473560219	-0.0020246352461852912	-0.002329633514892588	-0.001611517822870407	-0.0011347225211892197	-0.0010019716626301703	-0.0013769197971886995	-0.00104011792383292	-0.0008699919109332946	0.01836239770588088	-0.0008361278143603768	-0.0007556212967068602	-0.00047531781062590435	-0.000425370482262568	-0.00043398800460368175	-0.00036984346278514	-0.0003843144927066994	-0.0005078848938192037	-0.0004619094886815179	-0.0005850825086382632	-0.0008341809989926077	-0.0008707225254702636	-0.0009301672635450347	-0.0010140015896727573	0.020617954697018607	-0.0010449390536564074	-0.0011364199446733253	-0.0010345607895521827	-0.0008712671190923066	-0.0008996707834695201	-0.0008558198922589211	-0.0008140689724081031	-0.0008163857534267604	-0.000792212635631652	-0.0008507914225170873	-0.0008046475487065788	-0.0008080570733682039	-0.0007872861152787448	-0.0008079190433143459
3.7749617633415014e-5	9.228644402571031e-6	-1.5803562139509635e-5	3.168970291909869e-5	1.8594129512147783e-5	2.7154027751644886e-6	-1.2185100942846156e-5	4.675111893906567e-5	3.623841233083643e-5	9.19243723780899e-6	6.873052413769627e-6	-4.562501078005966e-6	0.00046511337406269105	1.7585794339193897e-5	5.1178847232667734e-5	6.276292305930917e-5	0.00010006902947349173	1.9567221287979542e-5	7.775542227103508e-5	1.4124593935595491e-5	5.858739841104474e-5	2.807926098477272e-5	7.34361017554132e-5	6.630018554467081e-5	6.704904528771283e-5	4.50528196945855e-5	3.26425386621039e-5	3.380314062012167e-5	2.589335466413002e-5	5.347583484534291e-6	2.8675687016057032e-5	-2.8415394623870424e-6	-3.1794305741894395e-5	-2.9482088094077118e-6	2.762164149640832e-6	0.00034344453141431667	1.8775354093984124e-5	6.444632482175121e-5	6.985867516634634e-5	1.6921616623980645e-5	-1.977869100433776e-5	-2.524450315921547e-5	-6.923923955774562e-6	7.021236286006236e-6	3.568271240387156e-6	-5.512980381450552e-6	-6.791717738614768e-5	-0.0001819230648361864	-0.00025321755843792527	-0.0003140114213338874	-0.00031620966921947456	-0.00043956408769113553	-0.0002714178643859269	-0.0004077689292683595	-0.00039026750198699334	-0.0003038401505106852	-0.00023020669826477602	-0.0002502961029544719	-0.0005922521049545309	-0.00039062870182439424	-0.00027985822302861556	-0.0002020538183091121	-0.00047075488139678573	-0.0005660089666924273	-0.0005093336853793408	-0.00043297452067257193	-0.00036135448892708234	0.014276685369946258	-0.00017526602020959473	-0.0001123355844157535	-0.00010250582323863451	-1.3562113913563427e-5	-0.00014089356712744527	4.270798321763525e-6	0.016358312287549723	-0.0023162206725243443	8.198808363712833e-5	-0.0004892008268902754	-0.001761204186265632	-0.0011414050605513659	-0.0009761534284288961	-0.0009450873472890411	-0.001570630246098474	-0.0007579736133640769	-0.0011614790986977375	-0.0018680988996787329	-0.0017749453459542548	-0.001502608258470298	-0.0023517465981080354	-0.002139371110436829	-0.00227081977973451	-0.002824361863162494	0.0356504544349013	-0.001544660821254512	-0.0008117273069497763	-0.0011357941950222283	-0.0012098147015172488	-0.0009383056347506049	-0.00102278797478139	-0.0007479327923131697	-0.0006409247027582606	-0.0005440691754176729	-0.0005146374342248315	-0.00045108267360239283	-0.0004442594302624808	-0.00041668792264619274	-0.00046526297886356933	-0.0005155426669720999	-0.0006043757244879495	-0.0007636651344788319	-0.000858065632879405	-0.0009692488713921059	-0.0010217528262506954	0.02082971674541984	-0.0010966232556444862	-0.001049866834736948	-0.0010432914381370206	-0.0009891573154214997	-0.0008340372327265717	-0.0008880305784300831	-0.0008033089162805349	-0.0008152309612381291	-0.0007935818520970117	-0.0007672936746426972	-0.0008016284479554943	-0.0008844398832387078	-0.0007838534563656607	-0.0008384890190112331
1.9556460233985037e-5	5.823142035596028e-6	2.1498552415881705e-5	4.508893013187125e-6	1.552964429615963e-5	4.126380886496626e-5	2.793395750835489e-5	1.6518187868626126e-5	-3.5216735551769473e-6	-1.2452300439830819e-5	3.263279511596471e-5	4.020901332916593e-5	3.2242778312524924e-5	1.7203148986670146e-5	3.558390863962909e-5	6.585667298731604e-5	0.00011437919159747981	2.5395003606443808e-5	4.3752851890826745e-5	9.244470726454176e-5	3.860977072637269e-5	7.682439552678284e-5	7.101879596557725e-5	5.802637171827734e-5	2.38542183592246e-5	7.412614691005605e-6	3.8361087300307385e-5	2.3686170594013935e-5	7.3085364951826215e-6	1.4984707060090603e-5	0.0003646305154316799	-7.340644495523133e-6	-1.8298049064987242e-6	-1.8026289180534533e-5	-1.1170550690442916e-5	-1.5145373610141784e-5	1.3649320246430195e-5	6.468379458310835e-5	7.727830148593438e-5	3.713322577355259e-5	-1.5486955049870237e-5	-3.075971629718042e-5	-1.3638099194944204e-5	6.0188278932778e-6	3.602772581298968e-6	-6.89926305902323e-6	-5.582823144181575e-5	-0.0001688048980240343	-0.0002416364485543403	-0.00029925229068209803	-0.00034763588075488634	-0.0004496394561232745	-0.00027954925703932085	-0.00039158258646125425	-0.0003960271020388758	-0.00034765845148207464	-0.0001872699993867976	-0.0002500548308679608	-0.0004439306242162884	-0.0003706394948270724	-0.00027706829263058133	-0.00019279063443529594	-0.00044752286919129414	-0.0005347430747739725	-0.00047849034527690584	-0.00041281196664754577	-0.00033218430739857634	-0.0002483420887149958	-0.00016378266712822886	-9.348723973429118e-5	-8.999949973752426e-5	-4.477484716975885e-6	0.013276851468552023	5.5596241880844985e-5	7.69985134972586e-6	-0.0005086640866784186	-0.0001418629529588173	-0.0005700952497828633	-0.0017323014517708294	0.02598923919915942	-0.0009207727221495704	-0.0010159976872049217	-0.0012491813706821866	-0.0012560011576481312	0.006000766021705957	-0.002086995559566311	-0.0019865702406871803	-0.002564665443496785	-0.002775545710191228	-0.0023346170022827024	-0.002049784238823465	-0.0031585850961989882	-0.0014316951149962506	-0.0018767959357323012	-0.00048494913270627146	-0.0011072363030552226	-0.001109256602983659	-0.0010931581073175736	-0.0008649237256451794	-0.0008380607834957169	0.011226975231467986	-0.0005115275759268699	-0.000381069095322273	-0.0003708087082867229	-0.0003538896485649149	-0.00034255508218818554	-0.0004503495354898912	-0.0005198250163135527	-0.0005598378214490647	-0.0007229963153649373	-0.0008236467481858786	-0.000893576488375015	-0.0010136921417306603	-0.0010346307767951802	-0.0010302718241608994	-0.0010362414146599047	-0.001052088876452072	-0.000973811677902549	-0.0008829669513839896	-0.0008479571427944931	-0.0007449217159058615	-0.0008197746010185202	-0.0007894720501013279	-0.0007553086694441326	-0.0008000962439560751	-0.0008347398372778253	-0.0007974413198511866	-0.000761169699705082
5.074348065218018e-6	1.984921509277861e-5	-0.008389609724869827	-2.340975040226491e-7	1.9732016010579534e-5	2.9485308111645674e-6	2.862861423489141e-5	2.9078034975504137e-5	4.48318345890725e-5	2.6289987245238337e-5	2.6709507331578635e-5	2.2123456004934528e-5	3.764649126236554e-5	4.467907214843582e-5	7.635578327773451e-5	2.9863198935231984e-5	4.8296505878006775e-5	3.3321412540115135e-5	7.25839259567906e-5	-2.792307344005006e-7	5.4287383051963064e-5	4.995111312099988e-6	7.361982243525014e-5	3.0406251018649626e-5	1.645058410760375e-5	5.9405119522029214e-5	5.139460582895966e-5	3.639985506200894e-5	2.9947103914577684e-5	9.914901244858013e-6	4.2570068909840095e-6	9.288359541952725e-6	-4.702415244033694e-6	-2.758003765364163e-6	-1.695222507302422e-5	0.00024062046741652474	-1.0003911128739912e-5	4.325564823643921e-5	8.175479089582915e-5	5.425830830810274e-5	8.27518197357973e-7	-3.2485662497647085e-5	-2.2377344684870997e-5	2.6915578935559833e-6	5.172914143423187e-6	-6.293690542954079e-6	-4.443882873380982e-5	-0.00015396331974664107	-0.00023579782594974202	-0.0002838258776058974	-0.00033630240409740064	-0.00045206436226667094	-0.00028358939920957067	-0.0003918722240993464	-0.0003958947092964904	-0.00028311274827860604	-0.00020307728778429755	-0.00021361090148954397	-0.00043412294527733417	-0.00037540085980991393	-0.00031950843570817573	0.010428067774355398	-0.00041973258977094814	-0.0005175971140110227	-0.00045924710480554735	-0.0003942700025109328	-0.00031507653409034407	-0.0002344271956998198	-0.00015413382430519255	-7.524379049103809e-5	-7.657239725405648e-5	-2.080939511743367e-6	8.402847168271534e-5	8.739643496153294e-5	8.560040789076014e-5	0.06211209951424951	-0.0004148487195260956	-0.0008044958425221802	0.029835091195066773	-0.0017713696893266982	-0.001115222235117128	0.01889098232545365	-0.0018337028409863869	-0.0017240319380165074	-0.001719077795599459	-0.002210104310766724	-0.002026248864223524	-0.0019308167920385495	-0.0024839831121708372	-0.002435979368653517	-0.0022647237191753856	-0.002883689701002872	-0.0014773844069523954	0.03840127273314225	-0.0011762406067787265	-0.0009743590479492983	-0.001200151576286274	-0.001217375637753513	-0.0009328552295468327	-0.0007573624493680377	-0.0006383784454571176	-0.0005389658389619908	-0.0004984135645621883	-0.00034842453435770474	-0.0004307862537460778	-0.00046067086238623777	-0.0005023986106394941	0.010099117151541138	-0.0006060668255319793	-0.0007110911396967286	-0.0007482308874393355	-0.00088759942904219	-0.000868533047926009	-0.0010106559505048155	-0.0010403327944110644	-0.0010316758465125139	-0.0010234265166830358	-0.0009862823217518264	-0.000844056645320332	-0.000878813271145795	-0.0007457637577956353	-0.000827110872104477	-0.0007840104647299784	-0.0007921907774142674	-0.0007879244066883806	-0.0007501654961144166	-0.0007984565419039873	-0.0007725945674186404
1.418235952445725e-5	1.1558307245768812e-5	-2.7435011899811564e-6	1.3503162357253289e-6	2.0621142930591155e-5	1.6696586998296396e-5	6.153656178478802e-6	6.280135833624297e-6	-1.818249060727339e-6	-1.3016046809132984e-5	1.7235898313087104e-5	-0.014205132058800137	8.64785461063321e-6	2.149364010636313e-5	9.480209341942297e-6	2.8606069016540777e-5	4.339206685145033e-5	7.260561121045389e-5	5.276855828521571e-5	3.6442570760608726e-5	7.329337442480788e-5	2.767784053423622e-5	5.254409564137705e-5	0.00015832405974138333	2.5869142832751248e-5	3.712933453829106e-5	2.6788071931960634e-5	3.01865195387308e-5	2.507785398157651e-5	2.1872163463308898e-5	8.565357818195521e-6	7.072181065596872e-7	-4.084794364897764e-6	-1.843352296265798e-5	-1.3177487188020462e-5	-1.0943735809221516e-5	3.4742213972241767e-7	2.26467903621211e-5	0.0002185460323373095	0.00010552838267032655	1.8609715337475612e-5	-2.835442489774933e-5	-3.2480473778184315e-5	-2.406387299657125e-6	4.301000318211994e-6	-6.615142892827091e-6	-3.500242406101516e-5	-0.00013244969457993196	-0.00022549264144366282	-0.00027607647690261906	-0.00032759653446510703	0.00039214396867703286	-0.00037612379096907747	-0.00041365425604614724	-0.000404310972226124	-0.0003948596325495206	-0.0002023835840357733	-0.0002356142720014425	-0.0003902120395587235	-0.0018792256925989279	-0.00029986944896057306	-0.00021075464205918236	-0.0003879467760456055	-0.000492249859991795	-0.0004325408305139167	-0.0003673235386852415	-0.00029949425047609557	-0.00022223651061667286	-0.00013484105620140477	-5.980901394281313e-5	-6.637491514771034e-5	0.011552470484685566	0.000757334674060051	9.771378764174103e-5	0.0010703335803664967	-0.0029211142144776325	-0.00036303914356856405	-0.0010863886993910023	-0.0015770299046304233	-0.002040182858760605	-0.0009821917293206372	-0.0011539596565449247	-0.0021785530686786693	-0.0016853377338964812	0.03301435614437988	-0.00229057255737462	0.0023322764844547605	-0.0014225032444713237	-0.002390009910633196	-0.001649633464101104	-0.0017907136220954387	-0.0017552323179730045	-0.0015497752863047679	-0.0012954627333621599	-0.0011741336490404559	-0.0011968026097793853	-0.0010173392651100042	-0.0011978873382399767	-0.001005645505132522	-0.0007485042366478381	-0.00052861815477256	-0.0004801533859542968	-0.00041707156384930815	-0.00036813235741142876	-0.0004915017417935451	-0.000502092083812136	-0.0004994905637808371	-0.0005641273260679732	-0.0005512830295944463	-0.0006619983671752802	-0.0006930948810733367	-0.0008243610742658279	-0.0008725374467307432	-0.0009598725196198433	-0.000937016695829406	-0.0010501761713848246	-0.0009699525745650956	-0.0009367220993421188	-0.0008381792493743169	-0.0008379714357506941	-0.0007617685073342149	-0.00079721372659347	-0.0007922288213433855	-0.0007271912924833269	-0.0007477756770655998	-0.0007815418415444428	-0.0007881658014418508	-0.0007621732299574685
-4.432089334806873e-6	7.830019796114304e-6	4.765297400194423e-6	0.00037470933001896396	5.058099984673161e-6	2.1179677333753614e-5	1.747911469482757e-5	1.2030994411165504e-5	4.379239468342393e-6	9.162005018076508e-6	1.1036429054173992e-6	3.7535925368902164e-6	1.5782385290769333e-5	2.2339490720848414e-5	4.0274652401197384e-5	6.200293881382488e-5	2.44380893291889e-5	4.1054869230952844e-5	4.0501628217242194e-5	3.9566096713306194e-5	2.3743257245229573e-5	4.555160809611774e-5	3.130789937055064e-5	2.3816768005479813e-5	4.091744114744552e-5	1.9912818051697097e-5	3.3869880457140095e-6	9.113782467910173e-6	3.525753992147246e-6	-2.3762168718691017e-6	1.4154571665691944e-6	-8.133528660856423e-6	-1.2593915158290708e-5	-1.800989963602782e-5	-1.26972344772114e-5	-1.2489233358549574e-5	-1.5319513724308502e-5	-4.053973579087097e-6	0.00015076942732770906	7.719533418374357e-5	5.511809700569758e-5	-1.4184970344383388e-5	-4.475000892826923e-5	-1.2263804519325495e-5	2.955153330158264e-6	-6.122727812707569e-6	-3.056932468075389e-5	-0.0001080037480163487	-0.00021135593875651164	-0.0002622242369091027	-0.0003173090919581954	-0.00044798478778635634	-0.00042211275240976176	-0.0003276421528669582	-0.0003901741491561025	-0.0002869381047227587	-0.0001264857248828733	-0.00018335785982636146	-0.000316833628461171	-0.0004920595588259104	-0.00038317903677483924	-0.00022729246276949333	-0.000354389195400236	-0.0004660013011765791	-0.00041452514264466063	-0.00035110070546458087	-0.00027616647623254775	-0.0002013192100121762	-0.0001275476521854762	-5.653236990468477e-5	-5.0006982724973455e-5	6.042082559103157e-6	1.960770127924609e-5	8.738550762719174e-5	0.00011661513122740528	-0.0014341491662084923	0.00028945726815226766	-0.0015318142553136021	-0.0019436828278043003	-0.0014690745123245152	-0.0009281273085951728	0.01624682664702398	-0.0022371796903437532	-0.0015697162354579713	-0.0018947508766381082	-0.0018136331209920795	-0.0015437814273619541	-0.0013647633228944852	-0.002015107208420703	-0.001997059930762936	0.02907320708677211	-0.0013260529562037198	-0.0012317026228413942	-0.000540251412724669	-0.0009193125988605838	-0.0011993988803744903	0.017618770094156473	0.017413528774117677	-0.0008417797341921584	-0.0008094468926883808	-0.0006958781826667693	-0.0004982350430311885	-0.0004817728954108506	-0.00040909851905146684	-0.0003918695296489978	-0.00045529847597669017	-0.0005069624142499092	-0.0005141442718783681	-0.0005197627188285652	-0.0005792732700087358	-0.0006378715300250698	-0.0007566631845518481	-0.0008067250607349816	-0.0009083178389718153	-0.000989750746881288	-0.000966540855249832	-0.0009218837852986066	-0.0009868262104875247	-0.0008320255057830137	-0.0008182246047330104	-0.0007710481122295831	0.014193798783235321	-0.0007318360027553207	-0.0007267879959220328	-0.0007810305979982475	-0.0008080128280506162	-0.0007557224294095499	-0.000771723431777587
3.0844861673498536e-6	1.0178073733948861e-5	7.351456429092714e-6	2.6551311654670045e-6	-5.836360447719364e-6	8.764406935119796e-6	2.9450920148628174e-5	2.6702886737206425e-5	2.1764889332866535e-5	2.107481341710412e-5	1.6567255017353472e-5	3.1513865314557795e-5	2.8988765183479053e-5	4.6513093047100386e-5	1.1907629384204279e-6	2.430501435727564e-5	4.30721797957227e-5	5.3043577689573925e-5	3.4182150653060996e-5	2.777064306617137e-5	4.058969057716376e-5	2.7220732846380477e-5	2.3489118695777834e-5	3.378278803044515e-5	2.5295934854110188e-5	1.4202183676813827e-5	4.7111417820263485e-6	4.0601830139631e-6	1.1761412014124097e-6	1.8854971197096275e-6	0.0003416110792711169	-2.596383169063427e-6	-1.636496782135349e-5	-2.3606153793645154e-5	-2.116308476840566e-5	-2.370600127261707e-5	-6.892462531651097e-6	-1.172791612891362e-5	1.0803422933265867e-6	3.758937215848522e-5	5.992759553522095e-5	1.9012979121278088e-5	-4.330885633392666e-5	-2.2643286610470308e-5	7.892496703930385e-8	-3.9081556100053e-6	-2.6454878295759012e-5	-8.969586579650902e-5	-0.0001971059857562617	-0.00025794144521197084	-0.0003122647505878059	-0.00043180187823987134	-0.0004394721951962201	-0.00049066004768482	-0.00044202924515319465	-0.0003007840318190215	-1.6242999946371878e-6	-0.0001559863238799388	-0.0003531572880764722	-0.0003600066102273699	-0.0003869439584992633	-0.00026596960618391514	0.00077632077977066	-0.00044554659504912955	-0.0003907949692202959	-0.0003278627561779674	-0.0002639077478839343	-0.00019263454979377356	-0.00012172364252411184	-5.43442534499481e-5	-4.431285837921961e-5	1.3226057344272422e-5	0.0001346493718124486	0.00011830343352625845	-0.00048078678405757795	-1.6408926149704545e-5	-0.0001734765699165728	-0.00047778052133878	-0.0008018708935300699	-0.0010957340071185429	-0.0012535975739806377	-0.0016066574650690658	-0.001780586254211138	-0.0014334498942298463	-0.0023167419833908893	-0.0019351065807046578	-0.0017166612583062717	0.02122871916338453	-0.0019849838884839367	-0.0018826272929943835	-0.0011945713744797824	-0.001405335764555378	-0.0010375528131873271	-0.0004538869555011007	-0.000813746633708751	-0.0010866367810795493	-0.0007277197594579348	0.014326525805032162	-0.0008204025976601883	-0.0008011564925587472	-0.0006505893861504962	-0.000585035164532414	-0.00043852033176569605	-0.0004246665835000484	-0.00044326433243531676	-0.0005083608850105443	-0.000493664609978444	-0.000520249327651788	-0.0005284908717253936	-0.0005284114207605977	-0.0006249705618674873	-0.0007657480528873309	-0.0008091945352105842	-0.0009220775404108214	-0.0009206757601389927	-0.0008973294236577604	-0.001011837398261499	-0.0009709020616697041	-0.0008994662409713469	0.01444417829650046	-0.0007255382322694402	-0.0007603641534868104	-0.0007715878135497846	-0.0007080928540244714	-0.0007211503952481981	-0.0007718972069569461	-0.0007676856752560903	-0.0008161054898853277
3.494171470176319e-6	-6.876709624371695e-6	1.3359491615581474e-5	1.0167128469776862e-5	3.846001963707683e-6	1.9940085903519082e-6	-4.0972641161222e-6	-3.1299315629519306e-7	2.1808072688466688e-6	-2.758296244051916e-6	-4.529587391391464e-6	6.225562369441273e-6	-5.431666950120534e-6	5.128589669020937e-6	2.822446448774848e-5	4.819795158627184e-5	1.2460055846987136e-5	3.741035546893801e-5	3.280263749923197e-5	0.00013171310439888395	3.9392039302352244e-5	4.098993829570411e-5	2.714360883282474e-5	2.1599251521240218e-5	2.749858563967124e-5	1.9983906889204685e-5	1.0505528778013192e-5	9.591915634541478e-6	-2.0143982775236435e-6	5.135876729326153e-7	-3.4520680436368398e-6	-3.853118785460911e-6	-1.6945313869589588e-5	-2.2098652295988834e-5	0.00013956288434039538	-2.503485390563734e-5	-1.6253216291123394e-5	0.00016224805076900124	1.1525276612473021e-5	5.927060744601812e-6	4.9364490930560185e-5	6.203294312121313e-5	-6.608207971168893e-6	-3.732925878504505e-5	-7.691103559419061e-6	-4.229761457915076e-6	-2.4213041088241242e-5	-7.534406849449542e-5	-0.000177771584400127	-0.00025049583638348666	-0.000305510814097216	-0.0004144728541741237	-0.00045705614850309606	-0.0004812528303728327	-0.0004477027587548258	-0.00032505656840427916	-0.0002922437793845267	-0.0004938018924624359	-0.00047431696164799107	-0.0004111873867619978	-0.00033254999901467103	-0.0002323890611964207	-0.0001891199231029636	-0.00042542766919310623	-0.0003881810104745505	-0.00032051846674257135	-0.0002549430527025399	-0.00017764110916745814	-0.00014611701894024116	-5.732185334153452e-5	-1.9144073377876276e-5	-2.9362986563898075e-5	4.376369479503796e-5	-2.2351001607899892e-5	-0.00013502241894003397	3.390531829361616e-5	-0.00024302462739726662	-0.0003570191494465516	-0.00028037829425905415	-0.0003053014882673259	-0.00033941003313811037	-0.0010307368805174966	-0.0016688179623562931	0.005471613810530563	-0.0022820558370279702	-0.0021022529217347994	-0.001857934401495705	-0.001754781181664139	-0.0022727827741323998	-0.002054336206891135	-0.001112714041667318	-0.0014772328139540415	0.01588918041626943	-0.00019860051086073756	-0.00076554353528927	-0.0011003039044090975	-0.0005966928432945152	-0.0007670264986003395	-0.0008318829201544881	-0.0007938594000481049	-0.0006666737841721972	-0.0005775545622011512	-0.0005144564417010203	0.008120290613638972	-0.00042152622642399606	-0.00042136615688434173	-0.0005175239651416825	-0.0005652086359765563	-0.0005532499276109755	-0.000575838566625156	-0.0006030626776942598	-0.000689762003584153	-0.0008106355492727832	-0.0008470125086061306	-0.0008781077267779654	-0.0009295426054969826	-0.0008623560715944299	-0.0008067526939301928	-0.0008122172095600087	-0.0007467485977651935	-0.0007436388843114379	-0.0007020190844073343	-0.0007623507880835483	-0.0006835719560084	-0.0007950914122150862	-0.0007945721001857264	-0.0007741173462992796	-0.0007899118937003706
2.2920377530340815e-6	-6.106993226845684e-6	8.882830736700771e-8	1.579060202389006e-5	1.108379666281585e-5	9.115518440170212e-6	6.055880637180402e-7	-5.074826619859679e-7	-2.026948807474886e-6	1.2027889517165179e-6	2.7407290036107236e-6	1.5377794449064272e-6	5.67517023718038e-6	2.47578469567372e-5	2.606736336987635e-5	4.268751631824686e-6	3.101286697330193e-5	2.8320804959562846e-5	2.7165314547226158e-5	2.8634588831224486e-5	3.841508765798675e-5	2.5857290278277333e-5	1.9055735758159286e-5	3.896259466332295e-5	2.733252214381747e-5	1.866083009237395e-5	1.6054064936482128e-5	6.374588858344427e-6	6.707920289106967e-7	-6.574285847920497e-6	5.972099023534953e-7	-8.713801914457617e-6	-8.734130557902856e-6	-2.507700840801959e-5	-2.5228824527049037e-5	-2.3116574019788408e-5	-1.4818400840427032e-5	-5.2233623783139345e-6	-9.478981501304974e-6	1.0797465892849363e-5	1.8109924402817407e-5	4.8031429963121125e-5	4.722980271877316e-5	-3.565028914372277e-5	-1.8302473409721135e-5	-7.947325191058445e-6	-2.330934444159244e-5	-6.496277638675003e-5	-0.00015891565365873774	-0.00024304137406663904	-0.00029855528258025503	-0.0003926898985995037	-0.0004576224795645699	-0.0004797850484635803	-0.0005330940592272477	-0.00045451616875746836	-0.0001828984551349895	-0.00022279974899405176	-0.0003363427244012455	-0.0004959550120300568	-0.00030749321655153955	-0.0002911423000772403	-0.0002315201106366932	-0.00039673267752016357	-0.0003661349632845968	-0.0003773741038288342	-0.00025346704182532473	0.0008362348156876632	0.00011666636864947951	-7.67981008463741e-5	3.0537177382041966e-6	-1.2770811549434914e-5	1.1062125678689728e-5	-0.0008922859342779411	-0.00010236144373548979	-1.619732963422174e-5	-0.00012381178983683454	-0.00021319524790930442	-0.0002971634188032434	-0.00024085979352477232	-0.00025995521289333325	-0.0003721303370286073	-0.000387082799049648	-0.0004794568730779507	-0.0007820078553161768	-0.0017661525109517262	-0.0016283739230687697	-0.0018619548412628344	-0.002125795833198777	-0.0018993423594002457	-0.0013758110989810224	-0.0013011573122914417	-0.0008695492327175959	-0.00042145035540445963	-0.0009476053664146059	-0.0010397762950032025	-0.0006293437442426346	0.013554551113090533	-0.0008375699162669085	-0.0008098374557358873	-0.0007109545516432525	-0.0004948261177307274	-0.0004651043471437218	-0.0004492594514338838	-0.00044519663996783147	-0.00048434183692121387	-0.0005932631866948897	-0.0006175791443744499	-0.0006377308022206601	-0.0006357825997904427	-0.0006370453074178118	-0.0007127297544411637	-0.0007422014463168494	-0.0008293761085113481	-0.0008360989176745513	-0.0008706722366524488	-0.0008470301752183359	-0.0008603235677089646	-0.000774529423125175	-0.000727417991135907	-0.0007042235015682985	-0.0006969982857572355	-0.0007585479824295154	-0.0006882649835025789	-0.0007675280532378967	-0.0007624626251871453	-0.0007493093363238924	0.014347020380638207
4.816254504507464e-6	-2.9605529569488778e-6	2.413616311859341e-6	1.6797563957783503e-5	0.0003691795478062655	1.3746714472875855e-5	7.421023174387833e-6	7.013734003302741e-6	0.00047278834392226526	-1.2208674524897406e-6	6.452203141346299e-7	5.036152953241365e-6	1.941559782327358e-5	1.5735974749885853e-5	3.921254935069628e-6	2.467523743462257e-5	3.938191737225694e-5	2.043001411794476e-5	3.6171061805289175e-5	9.928957574761757e-5	2.352844699531954e-5	3.542472079109786e-5	2.407664156494618e-5	2.4002553263913814e-5	2.13019404225398e-5	2.361144919952327e-5	1.750535739064238e-5	-1.921901502147886e-6	-2.351527282466216e-6	-6.0358744537300675e-6	-1.0639932289716568e-5	-3.89252268796509e-6	-1.334226881619582e-5	-2.0793015307761422e-5	-2.3729626311716576e-5	-1.8567290766728986e-5	-1.4514938639475367e-5	-8.086319196599738e-6	-7.090635640867159e-6	1.3285797423366955e-5	1.368804562838083e-5	3.0143558158400845e-5	7.526845143728325e-5	7.080842371427407e-6	-3.159462114968228e-5	-1.7044133463915614e-5	-2.4090200946319962e-5	-5.6878156147206066e-5	-0.00013877831028411914	-0.00023760737579120016	-0.0002904592392186057	-0.0003717336073253731	-0.0004563879336589617	-0.0004901653056217474	-0.0005474628793815731	-0.0004816911061962352	-0.0002260165594492134	0.0006889892910440405	-0.0002629614894271437	0.0009407556499801441	-0.0003566951473279057	-0.00048450321002207683	-0.00017610957477477013	-0.00033738580980965764	-0.00036611734358441006	-0.0003126030216882812	-0.0002338521294904328	-0.00018570285999686045	-8.933274957885918e-5	-6.575168185970776e-5	-2.3844218421985655e-5	-3.710051858080415e-5	-0.0003034936633980294	-8.703771235511748e-5	0.0001699798085350382	8.938175665015521e-5	-0.00017609034954019307	-0.00015340624186070424	-0.0002580939917329588	-0.00023182187076833255	-0.0002251156925944667	-0.00023971080852377112	-0.00024893522209573117	-0.0003846600547377293	-0.0003361877559992024	-0.0004632489566104526	-0.00045446268937313593	-0.00058946804109292	-0.0013774632288132693	-0.001532567462808566	0.026652827020960234	-0.0013828585424965033	-0.0007066163223185418	-0.00031126157365272966	-0.0007677449194079923	-0.0008145040132334072	0.013360619983055367	-0.0008730255389245755	-0.0009257375519685371	-0.0008931759130879902	-0.0007674636842809005	-0.0005201593944759728	-0.00045236459015305947	-0.0004716678064386635	-0.0005113554866471946	-0.000525788494725051	-0.0006604686177426843	-0.0006774293955093096	-0.0006391494398522895	-0.0006434084820312273	-0.0006796058290932296	-0.0007176622907485155	-0.0007888333088351771	-0.0008317130950040181	-0.0008668766988597504	-0.0008739668415577457	-0.0008000251008784265	-0.0008395726990141714	-0.0008075180364712714	-0.0006886006918143143	-0.0006735659736523559	-0.0007177869832771704	-0.0006913331958104986	-0.000676287592476653	0.013446603696427015	-0.000764521089840868	-0.0007718855164380589	-0.000781075903374018
2.9908643157591785e-6	6.400493180705631e-7	-8.01789540793782e-7	4.881786435517602e-6	-4.244043590412132e-7	1.1054978768916751e-5	1.2138271020907185e-5	6.642530156751895e-6	1.1222855460170551e-5	1.2217450037765865e-6	9.857000805315284e-7	-5.2174899114402606e-6	1.1751345415554832e-5	2.2342126641328782e-5	1.2202116368996473e-5	2.105947060579991e-5	1.6856121989714977e-5	2.4248860863067614e-5	9.36847647828548e-6	3.818528356415527e-5	2.6010193638985844e-5	9.334377706492116e-6	3.6445114442887425e-5	2.242773835099904e-5	2.2014525879923263e-5	1.848244729745624e-5	4.6522003937436544e-6	1.491840632310889e-6	-2.9340286777294715e-6	-1.2585004487261544e-5	-6.861242521621208e-6	-7.690809365008475e-6	-1.281534735676857e-5	-2.299845554168227e-5	-2.9562394223119765e-5	-2.465602225664408e-5	-1.8472595471558193e-5	-1.0014210142985508e-5	-6.6621262441186185e-6	6.379530940352814e-6	1.068370638810344e-5	6.149429549069923e-6	4.611154610960821e-5	6.965197435417243e-5	-7.118397743379867e-6	-3.0967497235956636e-5	-2.86606397510822e-5	-5.156039152836439e-5	-0.00012057165420275347	-0.00022270175119494008	-0.00028530900725895047	-0.00035274739435496843	-0.0004369362232151987	-0.0004967341361912948	-0.00051534116324802	-0.0004862845285830489	-0.0004550643860003374	-0.0001699956867014414	-0.0002478715735128919	-0.00032101512346450513	0.031459511517234126	-0.0002474688016746579	-0.00036342548608513624	-0.0003666832168861857	-0.00036954014572758	-0.00032434071353508193	-0.00020887717218495347	-0.000192893617850169	-8.11342655091668e-5	9.438892255091928e-5	-6.025002434668133e-5	-0.0002896131333644976	-0.00031098894006189627	-4.1728275989964814e-5	0.00017977711114507307	-2.1775154788127547e-5	0.00845398157143639	-0.00015193401634982368	-0.00022831863948156571	-0.00024306064088383886	-0.00022098925687909915	-0.00021389456507500335	-0.00022854569678898342	-0.00023090906781444986	0.0052225664937650225	-0.0003071220468796104	-0.0002908665251678214	-0.00027498436838018815	-0.00040107445886195317	-0.0003307899345537414	-0.0005902569176735161	-0.0006816098233556472	-0.0005403097173379764	8.92671257084806e-5	-0.0006995097361612137	-0.0006467676101750558	-0.000744787535082508	-0.0009420613374902954	-0.0007644006760555884	-0.0007167550374518293	-0.0006082265760440917	-0.000516236947696049	-0.0004538740530892144	-0.00045961361461231785	-0.00048125244342205314	-0.0005355896120361366	-0.0006461708681723471	-0.0007199551662759795	0.012209237469978255	-0.0006873517455761088	-0.0006682139478180133	-0.0007639720020586813	-0.0007276267998878802	-0.0007761004204919842	-0.000830431619615866	0.014031782565121498	-0.0008377264398656782	-0.0008361288800725654	-0.0007712133559349124	-0.0006911214012178925	-0.0007484017910640295	-0.0007357809026275813	-0.0007294214683032773	-0.0006893783159697036	-0.0007467356550616439	0.013771516810914038	-0.0007871855242315342	-0.0007793168338559317
3.2425147279105566e-6	-3.763865644748317e-6	-3.6360302003426645e-8	1.307659908361767e-6	1.8942540951874965e-6	1.8696203744786137e-6	4.279736414122327e-6	1.8320426490962827e-6	6.114846598390339e-6	3.097292238250825e-6	-1.395862880585407e-5	0.000346843941880084	9.576726064914427e-6	5.858124652822214e-6	8.009486573870399e-6	2.9520927084640287e-5	1.2495570385752473e-5	3.658360156729768e-5	1.4016159823835314e-5	2.1318666565688267e-5	3.06191346983824e-5	0.00015595191338443545	1.1448965460847827e-5	1.3649397347190867e-5	1.0390523273544599e-5	1.159370094497075e-5	1.2915220458256747e-5	-7.819771134819683e-6	-8.966667953925686e-6	-9.300183515990011e-6	-1.171946036331202e-5	-1.6429836998494915e-5	-1.1208138632587579e-5	-1.3729347048780857e-5	-1.7383773842833718e-5	-1.4063423822187338e-5	-1.3184612175577877e-5	-1.1888336205712838e-5	-6.86144274595268e-6	2.7474131822661715e-6	8.46693759510653e-6	1.0483071755768795e-5	2.07704352293836e-5	3.9610712797516576e-5	6.59184313615553e-5	-1.5233760517472696e-5	-4.1275473745968575e-5	-5.048680325653353e-5	-0.00010403210531348189	-0.0002027600322709335	-0.00027860664559350035	-0.00033668028619790284	-0.00041803137388739687	-0.0004930089222490719	-0.0002357740766017677	-0.0005240540101370851	-0.00153747437675795	-0.00040529959232445296	-0.000293407652127934	-0.00018784936679891624	0.0035543576539485717	-0.00013876560259781616	-0.00010711848675345331	-0.00023435264402855982	-0.00022360858778773703	0.00016827957785374957	0.00013715116066947367	0.00011548056029562614	-3.810712551619629e-5	-0.00014829964128763862	-5.830493551438505e-5	-0.00035599734173204743	-0.0002065575454993432	0.00011170956444725086	0.00013857168594012814	-7.77635405669469e-5	-0.00010202454304249122	-0.00015760906170057473	-0.00023782381189656632	-0.00025092414123210546	-0.00021608793479208337	-0.00019660381406000002	-0.00023684873800156742	-0.00021610340613634118	-0.00022777797907970031	-0.00023433153554500066	-0.00023461435806463628	-0.0002464432044481553	-0.000256371502913846	-0.0001273487428032384	-0.00024842475609249647	-0.00017353428388385862	-1.3939268574039015e-6	-4.1611603589816575e-5	-0.00029031013552578006	-0.0004849515618247013	-0.0007911154441078184	-0.0008843102974727618	-0.0007131817793552993	-0.0007011790902861992	-0.0005683785891238621	0.003922077911402326	-0.0005043347709749596	-0.0005023822205325575	-0.000513925679366113	-0.0005955074873347519	-0.0007378744418445665	-0.0007341269043077648	-0.0007005468845301373	-0.0007543266522593321	-0.0007667007025161099	-0.0007434512644417107	-0.0007223338512276798	-0.0008052440141915465	-0.0007906900364401757	-0.0008040355803675108	-0.000772763728435974	-0.0007750555591703881	-0.0007839167420547414	-0.0007264727078822161	-0.0007247332638503703	0.012426223750885285	-0.0007031655904120521	-0.0007142754466209905	-0.0007173940221547612	-0.0007980256163706663	-0.0007454500121191693	-0.0007878417102874383
2.2565724044399955e-6	3.354467236995522e-6	2.18302584887556e-6	2.237365970714656e-6	1.4968479356664791e-6	3.182949430893399e-6	6.871090049606317e-6	0.00041727048651093545	2.335471443218025e-6	6.364868177026169e-6	-6.53375839882093e-6	4.729686079824004e-6	1.312721575021038e-5	-5.2148227267976265e-6	0.00019470705991508474	3.2905680203727935e-5	1.8898693763272573e-5	1.5433297573242116e-5	8.044148179324733e-5	1.4074039916589553e-5	2.5438565807897303e-5	2.629331871683866e-5	2.196578338252604e-5	1.7101247246992463e-5	1.8366228994191793e-5	1.975044362865358e-5	8.77024977532885e-6	-2.104732425075185e-6	-4.123394624659313e-6	-1.4395606968357465e-5	-8.812796536961359e-6	-1.4098568712928462e-5	-1.714267892867277e-5	-1.9734376113334038e-5	-2.407278418097014e-5	-1.6026246331369513e-5	-1.1107807889633448e-5	-6.811459621217184e-6	-2.8426980509116406e-6	4.168111851759332e-7	4.108129145782673e-6	2.176911625463053e-6	4.097407361590855e-6	3.819918592323692e-6	6.862160586583368e-5	7.464379226876242e-5	-4.107531908646624e-5	-5.790426782823583e-5	-9.031884215461757e-5	-0.00017433167330863867	-0.00026498301681663824	-0.00031426915523278046	-0.00039385681879452496	-0.0004787538013415957	-0.0005417493333216908	-0.0005061545610349216	-0.00047547458138677383	-0.00039106342783023877	-0.0019291652499833084	-0.00039105736087795967	-0.0001955492921932537	-2.9369564924367278e-5	-0.0002944284855229632	-0.00012514457445236132	-5.885440719586438e-5	-4.263205126029887e-5	-4.382770446998557e-5	-0.0001373235225853378	-8.915903540246059e-5	-0.0003352755461602866	-0.00036638770481651	-0.0002359057507056797	0.0045560413887632545	8.357759140342237e-5	4.654930443903117e-5	-5.2212814787228404e-5	-8.59332818536375e-5	-0.00020463045839313326	-0.00021348629058613386	-0.00023022085553821986	-0.00021786897562024905	-0.00017663026619454698	-0.00016320685318385163	-0.00013921937596153566	-0.00020682431635550818	-0.00020219310172659398	-0.0001956169639381975	-0.00021532551951327847	-0.0001701166220989883	-0.00011399390060953633	-0.00013828125357924145	-6.683977711412215e-5	7.088769735650365e-5	-9.69663917385448e-5	-9.571306725062335e-5	-0.00014630399375510379	-0.0003057922042410408	-0.0003566306177637049	-0.00041771941739550834	-0.0006592282987740589	-0.0005793273957631784	-0.000579649508070058	-0.0005627753825822096	-0.0005601771953509839	-0.0005872244612291442	-0.0006186673969808603	-0.0007370037831399287	-0.0007614771316414356	-0.0007268710919439581	-0.0007396106252984067	-0.0007071413473019915	-0.0007328879419207616	-0.0007219203585771871	-0.0007626554534879981	-0.0007646472313995465	-0.0007559542517091879	-0.0007792102049186981	-0.0007083182627019803	-0.0007423562136154357	-0.0006659839208058953	-0.0007038936931401179	-0.0007124693030946929	-0.0006844363229770254	-0.0007073655157764647	-0.0007294424760948123	-0.0007636679966193695	-0.0007555545044151107	-0.0007900545148558161
6.650112967677285e-6	3.963792212237057e-6	1.7270106259783743e-6	1.451359026369151e-6	1.7559645691710493e-6	1.972830685192115e-6	1.953288783254864e-6	3.986907194807759e-6	3.7952090240021136e-6	-1.3474503674919562e-5	-1.171163945546381e-5	6.298755557388423e-7	1.482691611772325e-5	-8.063993003350981e-7	1.344960085094887e-5	1.606763562586773e-6	1.7975970125866077e-5	1.5354562539260158e-5	2.879846036255929e-5	8.956350023938179e-5	2.3833458760296475e-5	2.3367305743962532e-5	2.070812067983996e-5	1.6846669418068552e-5	1.6904514955808775e-5	1.7572982591166405e-5	1.770628014867437e-6	-4.029712474080613e-7	-3.2837224717792088e-6	0.0004204060183111481	-1.790885157965799e-5	-5.291654400633224e-6	-2.8401357284870907e-6	-4.103765277195439e-6	-6.12034572637166e-6	0.0003025919791260767	-9.32568402063844e-6	-7.923235175919495e-6	-1.4021579776164056e-6	-1.1447422514575777e-6	2.9877138531752244e-6	3.0411307480517763e-6	-4.773345308481478e-6	-1.4586517141715327e-6	1.5261921456548137e-5	7.283960530405937e-5	3.708413230164333e-5	-6.554755648847943e-5	-8.651583284274757e-5	-0.00015124544204976045	-0.00024462779196364384	-0.00030723641249370305	-0.0003677500444147384	-0.0004459018416433152	-0.0005874326161640561	-0.0005584556040684734	-0.00045370775434371534	-0.000455805811163789	-0.0005459919019991377	-0.0005100097517430398	-0.00046910785261302865	-0.0003518057477929198	-0.00020296442165899757	-0.000236006492540259	-0.0002402530244992318	-0.00029202383876650827	-0.0003070719107715631	0.0002776423809205085	-0.0003959268690483485	-0.00026306669474252323	-6.545865570092325e-5	-2.089242059997304e-5	2.6905768799132673e-5	5.427493803781408e-7	1.803255123271775e-5	-4.360258174808916e-5	-0.00012739432967356305	-0.00017195423698617655	-0.00020880638414611137	-0.0002525078327201679	-0.0002200777796529385	-0.0002040305519834286	-0.0001646253115562043	-0.00014366109905513975	-0.00019297227970855452	-0.00016163885518494063	-0.0001912393661398365	-0.00020521961221499872	-0.00013754105901387856	-0.000103121987618136	-7.141879543120198e-5	-4.217490379913695e-5	2.0638651683719048e-5	-0.00012288745039384843	-3.407377677743222e-5	-0.00011089475077997492	-0.00018538959686441227	-0.0001424483355519108	-0.00018076022653614344	-0.00021607267952975222	-0.00027263974516163105	-0.00034406963170469443	0.010208097494973188	-0.0005964775958419493	-0.0006179208731772572	-0.0006016082332764919	-0.0007316360173245445	-0.0007118811905185846	-0.0007583045801210072	-0.0007246098324979917	-0.0007787204063505661	-0.0007529484486160001	-0.0007238856419605928	-0.000741433507282438	-0.0006855200362637778	-0.0007354834592535053	-0.0007139139484657955	0.011789505596942789	-0.0007089012513215994	-0.000717248358496651	-0.0007159351602916341	-0.0006882353174556162	-0.0006983752842128167	-0.0006979235762238781	-0.0007237390300962338	-0.000765550587624223	-0.0007264764587885941	-0.0006345949275452238
5.865738960796497e-6	2.9461538109836795e-6	2.050219276061903e-6	1.4336031548347911e-6	9.956157278278276e-7	1.2617027870338773e-6	1.1034109387905028e-6	2.8654659376764697e-6	2.9655720954960404e-6	-1.1437641084027436e-5	-3.988489927166019e-6	4.562452862071683e-7	1.3636337586398536e-5	1.4905848327016226e-6	1.2406756940927001e-5	5.609016413740111e-6	1.930316176625385e-5	1.7690333861279444e-5	2.3413427155719556e-5	1.7859728615552285e-5	2.745255218050864e-5	2.5442999864643207e-5	2.0200883592519196e-5	1.964906698771209e-5	1.8910062220961477e-5	9.089489706151817e-6	4.465449138875335e-6	6.343746273998561e-6	1.7778732708576515e-6	0.00044260519226584213	7.647203536641917e-7	5.969230191952071e-6	5.100987542354819e-6	1.270148206283881e-6	-1.3804962954570323e-6	-8.02382979882884e-6	-1.2180163920700888e-5	-9.584543719342968e-6	-5.511771426314031e-6	-1.2757147691195604e-6	3.4232657170106887e-6	-1.2981145475492346e-6	-5.651633962037994e-6	-6.630078503897484e-6	1.6742281631703347e-6	2.66181196176404e-5	7.404582391196601e-5	-7.500881552165162e-7	-9.634088745725296e-5	-0.00013927913960907123	-0.0002239159390262182	-0.0002929756857259413	-0.0003452426689489656	-0.0004098442504254715	-0.0005230532257008598	-0.0006702605336869963	-0.0004917349359508886	-0.00043096955172411064	-0.0005096598468228974	-0.0005334530250276914	-0.0005345338302789777	-0.0005212561751020365	-0.00046566106111562734	-0.0003434576040001365	-0.000410876142222091	-0.000535805698565232	-0.00046453928852045745	-0.00041380130534965365	-0.00023822797988199557	-6.477153942320221e-5	-6.206194778902129e-5	2.839638694107291e-6	9.316153099826752e-6	-4.042363068498117e-5	2.9304499353597496e-5	0.007557178371349533	-0.00014436488503125153	-0.00010554247313902722	-0.000224029377985345	-0.0002481814426105039	-0.00023324645134032915	-0.00020197812364481683	-0.00016523214211824119	-0.00017876951321355028	-0.00018746438595364495	-0.0001460420398331167	-0.00016898919181660907	-0.0001597637287688216	-8.923779958513664e-5	-0.0001041645821783007	-4.863214557362244e-5	-5.9309143324174154e-5	-1.979267829363765e-5	-3.45602153399311e-5	-1.0535938344100222e-5	-0.00010354754092427136	-0.00012955856604592638	-9.373202130799098e-5	-0.0001349818311512617	-0.00014669419709544603	-0.0001437826515016333	-0.00016714791753675348	-0.00017814677036711093	-0.00022296525522364982	-0.00030983856540492665	-0.0005226447554111495	-0.0007180460264840857	-0.0007129429974836368	-0.0007069442126041029	-0.0007694607159494053	0.012391315031238994	-0.0007430175902007697	-0.0007224152363179701	-0.0007260488197884281	-0.0006674363758886427	-0.0006726235406002935	-0.0006929852787821182	-0.0006863343340916209	-0.000694107223626764	-0.000668991105804307	-0.0007041772346724935	-0.0006978425711113212	0.012014760387836432	-0.0007183477562961197	-0.0007358272823818936	-0.0007646845189165875	-0.0008148827090949688	-0.0007473091700039951
6.030850304095331e-6	6.5697499722306915e-6	5.245009390350552e-6	3.6081113215181895e-6	0.00027890257047049694	0.0003045496730652049	-7.124516444601556e-7	3.948719887202946e-6	4.1264236927445385e-6	-1.3148681096800422e-5	-6.2779616537885635e-6	9.698174443964307e-8	1.8475739239302152e-6	4.598835639016939e-7	1.1982815877113707e-5	6.032555598394114e-6	1.4753546506230189e-5	1.7986128610976036e-5	9.14851137299175e-6	1.787260469834776e-5	2.7191376516296634e-5	2.5722258583684137e-5	2.1501257141160086e-5	1.8204916273713333e-5	2.188263820032633e-5	1.4662211031429449e-5	1.1183063468555828e-5	1.7741647816453196e-5	5.271931977773869e-6	9.077888367067539e-6	2.563914358545607e-6	4.481696868274213e-6	7.42901857484499e-6	3.427053755795245e-6	-2.0922813156500075e-6	-3.960886617662435e-6	-9.821443142273012e-6	-9.342410181079931e-6	-5.744558003275332e-6	-3.076942924193013e-6	-1.7115341278571214e-7	1.0309376703558117e-6	-3.807230801997942e-6	-8.746937519611437e-6	-9.108495361545479e-6	5.5816449966768905e-6	9.774272340313432e-5	5.261945039105242e-5	-2.7861932546324134e-5	-0.0001403009888400076	-0.00020256880438259154	-0.0002757053129103914	-0.0003241555312805686	-0.0003774782203326641	-0.0004669145628530399	-0.0006052131007276956	-0.0005721136530046581	-0.0004756718057657462	0.022792457519907154	-0.0005186713026394778	-0.0004975425716051765	-0.0004956075490226888	-0.0005079292648541532	-0.00045559712330035806	-0.00047003453004226467	-0.00042382182868392834	-0.0003170237700431209	-0.0001883382286346942	-0.00016190176084290506	-0.0001144953005361056	-6.504919833447316e-5	-8.210508268711655e-6	-5.1206792515230345e-5	-1.5711987311900488e-5	-3.0384518087765017e-5	-7.89084030059558e-5	-5.899038762449595e-5	-0.00014839391405507395	-0.0002275415470786614	-0.0002492613906209711	-0.00024615478913677345	-0.00019319735142231658	0.004637561964382299	-0.0001777657213291933	-0.00016563769900243205	-0.00013642834689308464	-0.00017190587068226758	-0.00012025615177073921	-6.922634382638786e-5	-7.030489387730744e-5	-4.936050635655047e-5	-4.598032618497935e-5	-3.621412599929142e-5	-8.888916979647027e-6	-3.0186804208100042e-5	-8.122579637516968e-5	-8.728417006471836e-5	-0.00010660329978343704	-0.0001240194683321122	-0.00011969192493057647	-0.00010621931520048318	-9.500057519145656e-5	-9.310627960398745e-5	-0.00010768694938317804	-0.00012523516475368077	-0.00016020408161935944	-0.00020935247018144358	-0.00031346267865021635	-0.00046488976843150117	-0.0007488339660435351	-0.0007486675544567676	-0.0007308731683580401	-0.0007817962792269545	-0.0006908646968429048	-0.000699291622173622	-0.0006695269906477515	-0.0006702302418780046	-0.0006721911392240871	-0.0006776908186387643	-0.0006688428038223925	-0.0007019201417614827	-0.0006782705851768192	-0.0006702511156163977	0.01221529995646016	-0.0007032429148384279	-0.0007350962679902959	-0.0007509112495881478	0.012975794805867257
0.00020346800752471354	4.641027640753942e-6	2.656392265117276e-6	1.7215659888191728e-6	-1.8976429576203577e-6	-8.312220407558643e-7	-3.3295175863736577e-6	2.055438105242019e-6	-2.053286068460277e-6	-1.33694115703859e-5	-2.7730973144689513e-6	-3.4483894270891796e-6	8.568353814279121e-7	-1.0754391593025773e-6	4.8209312814310925e-6	4.474727267975848e-6	1.5931795219019385e-5	1.1302413940796497e-5	9.57591606861154e-6	1.6938330205589847e-5	2.718424002787494e-5	2.3629553771292982e-5	2.4590463564569875e-5	2.2085050295874483e-5	2.111178427284294e-5	1.4277259922896397e-5	1.2173486867937114e-5	1.4712327211108961e-5	1.592246091019437e-5	1.1967042565501785e-5	9.912177187712794e-6	5.229505968507801e-6	3.4993067011212207e-6	4.060192587034602e-6	-1.3742260544032277e-6	-3.5183451676710185e-6	-9.084271793840821e-6	-7.5189355785380135e-6	-7.434521353850022e-6	-1.9016018166584728e-6	3.1974890882810816e-6	-1.0358884878353125e-6	-5.779800037013227e-6	-1.0743936105584231e-5	-1.5301018247836518e-5	-7.377893605244306e-6	6.5432958865638616e-6	1.3148259377581632e-5	3.246558942949368e-5	-7.16525283168414e-5	-0.00019355015641261703	-0.00025731390677289755	-0.00030554209562363033	-0.000347874413892898	-0.0004192370523806383	-0.0005604830339573773	-0.0006012648654768037	-0.0004636972767604452	-0.00047632454265329055	-0.0005160622124694356	-0.00046593016529727395	-0.00041626422829987506	-0.0003787622432094035	-0.000334319667704688	-0.00023938626590117723	-0.0003090867764325971	-0.00028619457634847245	-0.0001986776159651569	-0.00013182153316745188	-0.00012991594953363876	-8.57698892364929e-5	-9.285152511207158e-5	-3.318549679021468e-5	-5.999028687068801e-5	-7.055176630085293e-5	-7.749159695717191e-5	-5.288435439543791e-5	-0.00014384189353489583	-0.00020700216783449497	-0.00022707757775649803	-0.0002170683477008186	-0.00016746201792546423	-0.00014728578733393984	-0.00017914690838226853	-0.00016343754932518668	-0.00013591486822312794	-0.0001326176085479809	-8.787577291530235e-5	-7.855882900036255e-5	-3.744356911528947e-5	-7.601698347940548e-5	-2.6696374156231703e-5	-2.0824630242335766e-5	-2.937283073451563e-6	-3.682499734075813e-5	-6.221607581349212e-5	-7.445044373512698e-5	-0.00010337466390373824	-0.00011663993627669591	-9.853582188655997e-5	-9.604043771220018e-5	-6.707600141162354e-5	-6.434315192173183e-5	-5.3046925809559393e-5	-6.403510413588442e-5	-8.317126922049133e-5	-0.00011524033666069668	-0.00014399608919807814	-0.0002073553112179544	-0.0002733568104382536	-0.0003345585558778199	-0.0004282476249669893	-0.0006157825463977244	-0.0007243621082707926	-0.0006670150969496089	-0.0006908196432342745	-0.000632429054261063	-0.0006288108320605867	-0.0006733248745038976	-0.0006980795361370478	-0.0006325266679106482	-0.0006869359775842424	-0.0006908513784557131	-0.000710826880115172	-0.0007078673686610176	-0.0007225443797957828	-0.0007495031742473608	-0.0007032364709288943
2.4362673799465002e-6	2.5504647454860536e-6	0.0002012910438799621	-4.390085317571967e-7	-1.1046538763738716e-6	-2.428598177135711e-6	0.00029690957130973513	-2.514249416478366e-6	-3.2961050421307725e-6	-1.3427095025322347e-5	-6.527498506260021e-6	-6.501741413756246e-6	-4.306497084069147e-6	5.263118722960425e-6	1.6441005521795112e-6	1.1861309326226255e-6	1.513971219842692e-5	1.18452392372547e-5	9.145950839392365e-6	2.4223363690714563e-5	2.4379834323741542e-5	0.00010967145894325123	2.2335317834744914e-5	2.147635719777904e-5	2.011922809380456e-5	9.307973964208177e-6	1.3950997101774614e-5	0.00021881879666988736	1.3976399341195708e-5	1.1229156951671464e-5	0.0004602030102022689	1.006573653068851e-5	3.672003124905853e-6	3.2064421023382007e-6	-1.0045324955968576e-7	-3.7724039878765485e-6	-6.948110206162015e-6	-9.2172413211568e-6	-6.216815548628057e-6	-3.861491284769345e-6	9.220112740784478e-7	2.9841485609622895e-6	-1.5483547977828208e-6	-1.1236586147439151e-5	-1.554740043256458e-5	-9.559763611418585e-6	7.788159401243833e-7	1.3713217644219754e-6	-3.6475178113895383e-6	-3.6107851442428347e-6	-0.00013374198013172073	-0.0002424703970040792	-0.00029041589523709846	-0.00032366203733087077	-0.0003751961110428194	-0.0004858451803392821	0.0009143987076661378	0.004045329631619356	-0.0004409134911882804	-0.0005193144982408582	-0.00045617361685767674	-0.0004032411365978341	-0.0003760139385680303	-0.00029516550785935354	-0.00021890304912307312	-0.00031254045523973137	-0.0002907754852185876	-0.0002277004917115074	-0.0001598659184055655	-0.0001600033860569769	-0.00013902664083333127	-7.127343120295199e-5	-5.013464931765722e-5	-0.00011400289393146551	-0.00010029707228761606	0.005746804082290818	-8.242687526245022e-5	-0.00012387703638002887	-0.0001747312119535372	-0.00024996041023844263	-0.00023390372436875913	-0.00016429798987385898	-0.00017818173493546093	-0.0001737862619686321	0.004141612067660267	-0.00011491246565843022	-0.00011737539251763414	-4.186394003289837e-5	-8.791085709142655e-5	-7.802842171629638e-5	-5.4941917466315784e-5	-1.2232039480158767e-5	-1.5735629988475677e-5	-2.0815252402251426e-5	-3.326909608252545e-5	-5.435971565383949e-5	-7.648691774733707e-5	-0.00010878224538290928	-0.00010985423059032499	-9.853455473426975e-5	-8.07153189864027e-5	-4.8852609863458615e-5	-3.4225515151684906e-5	-3.724881829836237e-5	-3.317276696011232e-5	-5.196755490884976e-5	-6.540015448348955e-5	-0.00010262288030211258	-0.00012904593040419937	-0.00016667325503224792	-0.000189853130557892	-0.00023391460249007952	-0.00025448670405248206	-0.00028829854725818515	-0.0003605483484020889	-0.00046036663041242303	-0.0006901443647222387	-0.0006369297551756664	-0.000627449804905568	-0.0007098047743837399	-0.0006573878623888441	-0.000690919854313618	-0.0006619885970648868	-0.0006892058714250571	-0.0006953227383210865	-0.0007023437709641634	-0.0007338567022046141	-0.0007436701343055668
6.566362609005489e-6	7.373131262976805e-6	6.196161651009181e-6	2.277669660516457e-6	3.296901683908925e-6	-4.9116011783959315e-6	-4.626981211898278e-6	-4.16410846167841e-6	-2.903628899751892e-6	-5.75143676457559e-6	-9.844736339220564e-6	-2.6455972412797735e-6	-3.5358268769207068e-6	8.2087199290259e-6	3.854865468798157e-6	1.4269948221467621e-5	1.361962703461941e-5	9.618371264844038e-6	2.0536417591325053e-5	2.0952320599755374e-5	2.1135696310720055e-5	1.918945258055048e-5	2.0695837043465184e-5	2.0239234600869134e-5	1.6221796135881686e-5	1.4443838345853943e-5	1.018692197981533e-5	1.1328624713335435e-5	1.2903970126047944e-5	1.0662605032794089e-5	1.3164538090334413e-5	8.922292328247296e-6	2.3069206822059173e-6	4.7461002346087244e-6	-7.876173458007049e-7	-3.7436544934464806e-6	-9.111528961826178e-6	-8.655506807326348e-6	-8.449351167837647e-6	-7.14180074806595e-6	-2.0445558319287516e-6	5.854052640319636e-7	-6.107585895907298e-7	-5.33181578049732e-6	-1.3739112684238268e-5	-9.940173383081279e-6	-4.910072089962369e-6	-4.848339713698583e-6	-1.7014118545196754e-5	-3.303144184373498e-5	-6.421895493152882e-5	-0.00019170404993995582	-0.000277268074234927	-0.0003048012045730802	-0.0003406027051513442	-0.0004144288914404966	-0.0005525633732462922	-0.0007089138293944058	-0.0004536616981971886	-0.0004571753084293799	-0.0004335073878307394	-0.00036977293100919073	-0.00037418959161414356	-0.0003108522966660792	-0.00024916747941132467	-0.00032465711770129566	-0.0003239510653492948	-0.00025253839660015383	-0.00019491729099188095	-0.00016782474032239585	-0.00015682946036352924	-0.00012030872507235411	-0.00010179457194010866	-9.582631591334954e-5	-9.346290414519176e-5	-6.673464592575357e-5	-0.00010472379440365498	-8.988378542634443e-5	-0.00017013915837836308	-0.0002388221195668205	-0.0002294320161670086	0.0034952452465023117	-0.00016801931938164108	-0.00015759615419955186	-0.00012203565091003631	-0.00010923806599083888	-7.998068813350797e-5	-7.797685195318812e-5	-8.729189289501463e-5	-7.277309825646887e-5	-3.912570917708087e-5	-2.9484843143304067e-5	-2.496860811846118e-5	-1.7914391709102605e-5	-3.793084811163066e-5	-5.6655052993958253e-5	-8.865134431981867e-5	-0.00010682403152968614	-0.00010754478519227686	-0.00010166411425411356	-7.239495766503835e-5	-4.0786818555275765e-5	-2.316690499225109e-5	-2.2592594850598564e-5	-1.6694774804672068e-5	-2.2793990928039395e-5	-4.111938045365127e-5	-7.065656242423793e-5	-0.0001024747991911542	-0.00011922758941945461	-0.0001473508652593018	-0.0001565703152288161	-0.0001710631395880494	-0.00018700874022188792	-0.00020344336785951388	0.010649623350731111	-0.00027519216112120975	-0.0003148196216062188	-0.00040704896158219595	-0.0004938985773004145	-0.0006684388222101241	-0.0006513173885247005	-0.0006400832655105828	-0.0007196774183695995	-0.000718724661756846	-0.0007253085543588523	-0.0006982700446375159	-0.0006926827812029409
4.0291862588059165e-6	5.360954504455987e-6	3.995904866406974e-6	8.386130895883959e-7	7.776856559849879e-7	-5.745934299243799e-7	-6.611767747394855e-6	-6.842926166542506e-6	-3.1151754370924113e-6	3.0693375287807164e-6	2.6617432068935364e-7	5.083000614435496e-6	5.921131685749314e-6	6.602523064765846e-6	2.7977063224427206e-6	1.1397000306527386e-5	9.019388767005977e-6	9.826296526135349e-6	1.6503895485566735e-5	1.7206351500309624e-5	1.6785324325786777e-5	1.500025760859682e-5	1.6961260635307406e-5	1.6196460515669657e-5	1.6402160499788153e-5	1.5208018120353587e-5	8.100031379166444e-6	1.2968194781779385e-5	9.425758850842812e-6	1.404292702549036e-5	1.3166984771755246e-5	1.119320680158806e-5	6.0871104093666514e-6	1.807131699762144e-6	-9.072611517851707e-7	-4.4769991605023846e-6	-1.02995635599336e-5	-1.1959872394089882e-5	-1.2888942775644407e-5	-7.775613348830722e-6	-3.827135925662736e-6	-1.6681179511703406e-7	2.1727051950659083e-6	-1.1658131817229335e-6	-9.266667327792813e-6	-1.0808975536673315e-5	-8.540258052017278e-6	-7.859358085128207e-6	-1.8934576660268113e-5	-3.917750276440351e-5	-6.813688787390667e-5	-0.0001268373657799921	-0.00023880403477431365	-0.0002934091409727887	-0.0003142488162966245	-0.0003601980176837693	-0.000452352308764805	-0.000588028797695499	-0.0007723278062923226	-0.0004941522424495217	-0.000457896648476102	-0.000394089697502379	-0.00029826635159391386	-0.00032026576713990035	-0.0002681395828137232	-0.0003004482810185956	-0.0003324795238744075	-0.00027139817260646987	-0.00021169953396868967	-0.0001816948090504946	-0.0001679450326557818	-0.00012553426098475297	-8.832297941738405e-5	-0.00010404178797868754	-0.00011345840467114586	-0.00010016509607239498	-0.00010342814963791754	-9.801296536437586e-5	-0.00016187191347884992	-0.0002207430074848511	-0.00021300217395480228	-0.00019853621716341835	-0.0001545894475242504	-0.00013197467279278154	-0.00010684118808038882	-0.00010007073821514684	-6.426547226139317e-5	-6.831726359689087e-5	-9.889000447216387e-5	-6.92197001992247e-5	-2.253125412372131e-5	-1.5173399379943449e-5	-1.0033212019663548e-5	-2.1083629172602772e-5	-5.4823313910411405e-5	-7.484231716976212e-5	0.0030771576104045295	-0.00010722409556453757	-0.00010862342088443448	-9.749238882666121e-5	-7.330124666743345e-5	-4.077172231894879e-5	-2.3917788564151513e-5	-1.2425657636497278e-5	-9.35969983917491e-6	-1.0823091824564528e-5	-2.9379440242161686e-5	-5.318690712212502e-5	-7.77838224169311e-5	-9.85932962785591e-5	-0.00011157833702433399	-0.0001273644164880277	-0.00013860727306918338	-0.00013757940771211893	-0.00015220656394390915	-0.00016242815373626335	-0.000188507884756094	-0.00020342501988294698	-0.00022592481071484396	-0.0002559669777066776	-0.0002913623832817222	-0.0003536309071543479	-0.0004410091104106728	-0.0006167584241524148	-0.0006913826273292727	-0.0006952625764697286	-0.0007281005086235293	-0.0006489945838780492
5.661082579436465e-6	4.217376821684035e-6	1.2875551529090926e-6	-1.2500000668878505e-6	-1.8778170299369335e-6	3.1113833065695134e-6	6.414113957927672e-6	6.82912059963691e-8	2.178168527380668e-6	7.607659950435849e-6	1.2629135909289035e-5	7.199722890856059e-6	1.0375149345095936e-5	3.269735538802363e-6	1.1263389215857315e-5	7.49836413307134e-6	9.869917330753211e-5	1.4865087301710322e-5	1.3058541937453066e-5	1.298325680342341e-5	1.9217413031318324e-5	1.7931428034306893e-5	2.1331000150145822e-5	1.1999090864330984e-5	1.2938119709464012e-5	1.5524780403938787e-5	1.1865282879076943e-5	7.859449592658926e-6	1.1233047670012502e-5	1.1253366305756692e-5	9.076359617935046e-6	1.0764480031953336e-5	7.776399561668177e-6	5.183287502441743e-6	-2.403913883816493e-6	-5.21849394914068e-6	-1.0900859371469705e-5	-1.2862745839802014e-5	-1.342188964652399e-5	-9.744896257610994e-6	-6.248308189696784e-6	8.253910070612352e-7	1.3104021565220857e-6	1.2320078036638475e-6	-6.028989389542452e-6	-1.0081342869771963e-5	-9.581434604272535e-6	-7.927390406657978e-6	-1.679226164114653e-5	-3.721236063779568e-5	-6.780389839785303e-5	-0.00011040641887674011	-0.00018431111735163182	-0.0002680365884108948	-0.0002976195053874331	-0.0003206391874445609	-0.000384409414140802	-0.00047286787180594696	-0.0005641071802104432	-0.0006752990655458768	-0.001963759083295144	-0.0004300348898042018	-0.0004131522366164313	-0.00034015896638295816	-0.0002999866620437795	-0.00024875857687080803	-0.00033809174869946744	0.0008418843550461307	-0.0002407209355465966	-0.00018490383653954438	-0.00017201450652737892	-0.00015824241748419246	-0.0001404433798805893	-0.00011207102476996997	-0.00011653920168361136	-0.00010992180028398038	-0.00010309008072314964	-9.848020289407542e-5	-0.00012842901899563167	-0.0002035616474696869	-0.00022485435406823483	-0.0001946413089406497	-0.00015634129928740557	-0.0001239078430637303	-0.00010386926638814107	-8.525556204161833e-5	-6.582559491572198e-5	-0.00010214025737177723	-9.27447079148401e-5	-5.550843996037988e-5	-1.721470147095401e-6	2.552227612194133e-7	-7.263500087202959e-6	-4.421427202507856e-5	-6.834095889977215e-5	-8.050640957764192e-5	-9.27226902300727e-5	-0.00010789743376115202	-0.00011224269934730167	-9.036012575669699e-5	-7.105120713535393e-5	-4.836423786057278e-5	-2.7167731274282264e-5	-9.297875109594289e-6	4.523932914477641e-7	-2.552542252651918e-6	-1.643222406375825e-5	-4.136995534424065e-5	-6.0036744674221015e-5	-8.03776789936152e-5	-9.508599808655954e-5	-0.00010751780322125742	-0.00010728202682447861	-0.00011075910659366205	-0.000123058871285219	-0.00013945631793940098	-0.00014684386540964652	-0.00015883780184243555	-0.0001764017917279875	-0.00017335815669691345	-0.00019136631679511976	-0.00020370038619223728	-0.00022956588534902428	-0.0002688608875231523	-0.00031659111687944554	-0.00038583654220886686	-0.0005063072332604237	-0.0006254070807576949
7.38643617161105e-6	1.1987090249717617e-5	1.1425304324538029e-5	5.44713832923544e-6	7.618031710825406e-7	3.1336065495636122e-6	6.107649949758497e-6	7.745059712969678e-6	2.093633893842143e-6	6.607370198040028e-6	1.129055401347676e-5	6.252817435199276e-6	8.010523357701929e-6	1.0903455511921843e-6	7.14813052735022e-6	5.79462820999091e-6	0.00010635713445444428	1.2118016706297134e-5	1.3419834088001115e-5	1.38559310210889e-5	1.5053060629829614e-5	1.594414270449378e-5	1.6012070702653945e-5	1.6365453687854602e-5	1.797568842292819e-5	1.0818423048456621e-5	0.00016236533686221936	1.022759808571791e-5	6.269853000147449e-6	1.0938272749312552e-5	1.0024903655629896e-5	8.905773438204565e-6	7.679223843458111e-6	2.8698941501254308e-6	-5.579235842312173e-7	-4.374088952315263e-6	-1.022885617852319e-5	-1.5943124567665678e-5	-1.5389427116766635e-5	-1.485593057441335e-5	-9.33324597360112e-6	-4.109709344536638e-6	4.774628904594992e-7	1.8877005020971963e-6	-1.3560959956425249e-6	-8.316903296373863e-6	-9.929610637470377e-6	-8.25582464604414e-6	-1.3882309003352637e-5	-3.0152235538016478e-5	-5.708829038479895e-5	-9.728201942480396e-5	-0.0001523738711287255	-0.0002263087497367494	-0.0002754958685770954	-0.00028893739233474235	-0.0003287611522791861	-0.0003999360442506761	-0.00046312930871848963	-0.0004897161922986105	-0.0005719005325660435	-0.0005976665924190341	-0.0004067069289308625	-0.0003889530576564864	-0.0003264932118636401	-0.00027264809325262124	-0.0003304339859715004	0.021732967517148212	-0.00026149748695776	-0.0002043416443074219	-0.0001660490352882113	-0.00018408055559981235	-0.00013827252761354492	-0.00010725565410937745	-8.694283863133149e-5	-0.00012061450146083012	-0.00010681730995489198	-9.72402976497349e-5	-0.00011364626071892064	-0.00016563655322462349	-0.00021575449351922665	-0.00019339961734312575	-0.00015747593681836314	-0.00012490751704924852	-0.00010601984850840476	-7.121511638578416e-5	-6.477472450690941e-5	-0.00010039107822400629	-7.558948621720629e-5	-9.867134072695863e-7	1.150970134575647e-5	-4.7087092807773095e-6	-3.2427624297153707e-5	-5.669552844333927e-5	-7.597277417619504e-5	-8.706576212378844e-5	-9.253975091631002e-5	-0.00010432779608510016	-9.930929863340415e-5	-8.745615811395473e-5	-6.816453457822273e-5	-4.719587144187687e-5	-2.949795716836092e-5	-1.168660337849247e-5	5.59395417921299e-6	3.201675937824361e-6	-1.1845716395091598e-5	-3.4000110391181615e-5	-5.2732282826233566e-5	-6.784149105042245e-5	-8.530915474426817e-5	-9.344414600399257e-5	-0.00010061252692203544	-0.00010316284941775701	-0.00011107677404958733	-0.00011735558055913677	-0.00012293843212744012	-0.0001322357250966872	-0.000144256788385793	-0.00014904641021504152	-0.0001524141892352178	-0.00015946846073928555	-0.00016808311457722127	-0.00017697083941911693	-0.00020571342515182927	-0.00020462652842957382	-0.0002441417840045061	-0.0002822579481956216
8.274954272854702e-6	1.1079305509544089e-5	1.1579932616642176e-5	9.479638461902008e-6	8.425416307897824e-6	1.6986607884319571e-6	3.748658026434806e-6	6.61830427218851e-6	8.297935786614314e-6	9.688630638195845e-6	1.384748755921684e-5	1.366098012912497e-5	6.637702484798289e-6	1.0162392158688527e-5	6.68352714750691e-6	1.0382285234739877e-5	1.1079234781479841e-5	1.0784420564183858e-5	1.1907267249823095e-5	1.6041229323430096e-5	1.2918228784944549e-5	1.3088756935925039e-5	1.1805212198740499e-5	1.2801409205191652e-5	1.241946669195749e-5	1.3189459182813557e-5	9.335129007694357e-6	6.330730855909567e-6	7.873540759206332e-6	5.394501282685645e-6	1.1188088792164676e-5	1.1074758050726163e-5	8.533457910621118e-6	6.469846419027148e-6	1.4241149742756296e-6	-2.4140193101321143e-6	-7.589656034938733e-6	-1.577564236253208e-5	-1.7631182247632073e-5	-1.849142979687933e-5	-1.3563124432326278e-5	-7.876143447074074e-6	-3.1427727942312e-6	1.5614510761306245e-6	-8.26094967009295e-7	-3.7478507885048765e-6	-7.058132244842138e-6	-6.670735076786619e-6	-1.1088704676427263e-5	-2.4235298633006833e-5	-4.575526800693931e-5	-7.919646458770524e-5	-0.00012599862110623415	-0.0001867174941679755	-0.00024164860002037162	-0.0002628126376825199	-0.0002856254279902555	-0.00033922119869512785	-0.0004011908044603647	-0.00041210327949084413	-0.00042644662407451475	-0.0004421920184625658	-0.0004433689261473719	-0.0004076514351848866	-0.00034906580895265396	-0.00027304801919264196	-0.000306430564835352	-0.00028639945286006163	-0.00026066439535424486	-0.00021286842475667055	-0.00017705253913305984	-0.00018332587284667322	-0.00014500462910613243	-0.00011528531262473048	-0.00010832930179489105	-0.00010131474871739616	-0.0001221456769550603	-0.00010904905776727009	-0.00011125308941315522	-0.000149395007850283	-0.00019729667196798258	-0.0002028167082949962	-0.00015074370879678	-0.0001103653830567073	-9.024651679721742e-5	-7.429049379077853e-5	-8.08828580298052e-5	-9.69370794428985e-5	-3.192878612857334e-5	2.071861674791172e-5	-1.0169409910519567e-8	-2.7968202101166274e-5	-5.0933142023098545e-5	-6.840078059695571e-5	-8.403241241890756e-5	-9.19048553110367e-5	-9.466988116178798e-5	-9.638301784941836e-5	-8.878540332969698e-5	-8.119823233676982e-5	-6.449315774416549e-5	-4.559734949111018e-5	-3.082612730505828e-5	-9.155075850631605e-6	7.079691404735661e-6	-1.6859105234903402e-6	0.002313174017912591	-2.6090947732068485e-5	-4.1250153136806675e-5	-5.8296436522401775e-5	-6.912842395018735e-5	-7.99864276970633e-5	-8.548921150250844e-5	-9.307930484573138e-5	-0.00010054697624245924	0.010969440939244856	-0.00011174930717968486	-0.00011714306743918802	-0.00012515131718948084	-0.0001263406814327496	-0.00012132849456971545	-0.00012878345176197108	-0.000134585820533409	-0.00014098464064493362	-0.0001565080104390707	-0.00016471689313576378	-0.00017749831765381894	-0.00017711089959844594
6.7920056372205474e-6	9.466572345706277e-6	9.94629663697631e-6	9.240936230418481e-6	6.727849937235167e-6	6.826858932627638e-6	8.003625249681265e-6	8.552506294883183e-6	9.13307211377278e-6	1.4601205916434448e-5	1.4449943062670094e-5	1.3300613634016807e-5	1.103854770282786e-5	7.334188906990861e-6	8.72974425581742e-6	8.155783680067921e-6	6.546496180489126e-6	1.13000980089806e-5	1.4013603007612813e-5	1.391953504469392e-5	1.3855924196144644e-5	1.2885134522750601e-5	1.4188055046148243e-5	1.4458868831878583e-5	1.5575608226873474e-5	9.255456106740815e-6	8.659475506529171e-6	8.820446909430131e-6	3.6013278057118233e-6	7.630356116888155e-6	6.16179629732037e-6	1.132193310293488e-5	9.998029398795242e-6	9.350971397919551e-6	4.233917998803464e-6	-1.1673011827972868e-6	0.000493051529045635	-1.484872571004981e-5	-2.0854070506147633e-5	-2.037200725192416e-5	-2.090383713408651e-5	-1.3989152583993459e-5	-6.659336855389941e-6	-2.873490805000399e-6	-2.5186215575146234e-7	-2.978827012421921e-6	-5.943494766822138e-6	-7.0778424555734826e-6	-8.76774232925516e-6	1.6852980616946511e-6	-3.7920424747093714e-5	-6.299373578132596e-5	-0.00010009065519239399	-0.00014717778951161197	-0.00020454692984918843	-0.00023605135043706146	-0.0002505225572239792	-0.0002858893275697449	-0.0003367169614381131	-0.0003806912732605503	-0.00036103760818993746	-0.00035971051930952687	-0.00035629387324233146	-0.00032855724805300017	-0.00017157161979488265	-0.0002943119823629794	0.009283316692504807	0.013934283813155438	-0.00027753611311453867	-0.00023462383136568614	-0.00019465829504457938	-0.0001740337650128418	-0.00014010830955569608	-0.0001254828182170641	-0.00011443858565201442	-0.00011294114983008158	-0.00010833927991066392	-0.00010046113086640412	-0.00010117106639603857	-0.00013373421792173788	-0.0001813230007403346	-0.0001809045649131145	-0.00013852219363046352	-0.00010828565410038286	-8.543694662388555e-5	-6.879523773979483e-5	-9.356304593447547e-5	-7.086212243205547e-5	3.5077619115570988e-6	1.189876709466707e-5	-2.1139037480427496e-5	-4.478329791322757e-5	-6.116308002364519e-5	-8.050876433292158e-5	-9.022538554346107e-5	-9.513830134290358e-5	-9.579531058255975e-5	-8.672008709590708e-5	-8.142622440589567e-5	-7.763301470978864e-5	-6.450293228797005e-5	-5.370986481912851e-5	-3.0859220438760396e-5	-6.653798880471885e-6	4.098463916011631e-6	4.968724262328222e-7	-1.1194556577402183e-5	-1.916134165409495e-5	-3.309324125508068e-5	-4.637371759004267e-5	-5.905767342859452e-5	-6.94087606888192e-5	-7.805333880834056e-5	-8.301402361821e-5	-8.531656305326048e-5	-9.370415672094266e-5	-0.00010116790998329888	-0.00010537809528785285	-0.00011166961024497782	-0.00011073281911615045	0.010452326065271559	-0.00010941775235688567	-0.00011470859444348992	-0.000119260464055465	-0.00012338988770728247	-0.00012648191935758822	-0.00014377742957181116	-0.00014741745824856274
1.2709374062392677e-5	1.1310944091530483e-5	1.2417646029006576e-5	1.1686137751199888e-5	6.919114239049189e-6	6.163013960972029e-6	8.358925544021067e-6	1.1003443518213356e-5	9.459696084020575e-6	1.2939339129319901e-5	1.6125359013894648e-5	0.000366138213543288	1.0504377622168825e-5	0.0002834929184915568	4.842760742819561e-6	3.960246920355808e-6	1.0453260393880072e-5	7.533584815374618e-5	8.309911398346513e-6	8.092641126612645e-6	8.12928833268862e-6	8.922245109968746e-6	8.459781005088667e-6	8.725710195838995e-6	1.0774186191928482e-5	1.1269399719312937e-5	1.0125669043308753e-5	6.888635767848339e-6	4.6695475323889e-6	8.244219380846955e-6	8.633436973139175e-6	8.043022502543127e-6	1.156014392590947e-5	8.853424305471907e-6	7.473408939547184e-6	1.3026360077953748e-6	-4.382501201402687e-6	-1.0634834287021663e-5	-2.053377113638401e-5	-2.5499882456080872e-5	-2.6370067453870133e-5	-2.204507570583011e-5	-1.3800228532894008e-5	-6.269648475680425e-6	-1.6757279276756291e-6	-3.5222248128113226e-6	-6.246669378702323e-6	-8.232015471089198e-6	-8.094902415696145e-6	-1.5412561485915726e-5	-2.9981114928797487e-5	-4.9890600722414004e-5	-7.695756031755483e-5	-0.00011475752657722545	-0.0001636391353889463	-0.0002015212000883171	-0.00021559296416282132	-0.00023805230818280294	-0.0002801591201593949	-0.00032608141413393524	-0.00033884302714343693	-0.00032631334304881066	-0.00024424030988824674	-0.0002777442494293625	-0.0002660513987027451	-0.0002664170878049002	-0.00024781407666815	-0.00028347002137946685	-0.0002667472910231842	-0.00024910869721693485	-0.00020341772677661546	-0.0001749981898154472	-0.0001698233687495417	-0.0001558678612748705	-0.0001290738733508755	0.004744720401743787	-0.00012140159972911981	-0.00011046497700329533	-0.00010433345217668918	-0.00010805931264774946	-0.0001425511779028655	-0.0001606465948068023	-0.00012973388580637176	-0.00010150809166928777	-7.612748964926693e-5	-7.535940449053188e-5	-9.248740854314423e-5	-4.1975580193447624e-5	-9.510664919563754e-6	-8.53505846944505e-7	-2.951856054457091e-5	-4.863888892667721e-5	-6.91584062230367e-5	-8.820384624649933e-5	-9.125449724112136e-5	-9.26833541947756e-5	-8.595760151092809e-5	-8.297473252786344e-5	-7.8579158620945e-5	-6.903578458514973e-5	-6.570817235544008e-5	-5.557135135413928e-5	-3.6297427069976844e-5	-9.496767840221423e-6	-4.2030497279191975e-7	-5.962142354256836e-7	-1.2215611064347875e-5	-1.6305328516736696e-5	-2.7224078448604555e-5	-3.829482579252499e-5	-5.160712041876129e-5	-6.187671160813504e-5	-6.956922018585415e-5	-7.221507786268726e-5	-7.7650173637713e-5	-8.513253434117799e-5	-8.936243030407617e-5	-9.50634456321894e-5	-9.862543087578836e-5	-0.00010265235219578811	-9.775682709411418e-5	-0.00010370728195614265	-0.00010473054664277654	-0.00010664649261821679	-0.00010996045663206819	-0.00011422735817634552	-0.00011566175285500921	-0.000123314839208129
1.2572806994191714e-5	1.2368542384895691e-5	1.2286497804510528e-5	1.020802896484446e-5	9.225000483420237e-6	7.860368460695056e-6	6.53250583132676e-6	7.454621613631283e-6	1.2183061757266864e-5	1.1638102709855499e-5	1.3508792583031073e-5	1.0258294219937444e-5	1.2490578403190019e-5	6.456414024656634e-6	6.809034576324641e-6	5.3285618146884945e-6	4.73441986350155e-6	5.437935830690348e-6	1.1094698306227634e-5	1.083274099272064e-5	9.150305645133638e-6	9.23108217380157e-6	1.0667710112063022e-5	1.0524601317893085e-5	9.379243132699201e-6	8.444636386537897e-6	9.118704746234043e-6	7.5499538963893185e-6	6.677631255970961e-6	5.036064274665164e-6	7.4055432329489e-6	6.650702444278497e-6	7.479178786603917e-6	8.370194146459491e-6	6.476196032733066e-6	3.880951058568213e-6	-1.7019711890373969e-6	-7.952041539680856e-6	-1.592957592303759e-5	-2.6773020559973763e-5	-2.9789272825450717e-5	-2.8558934986138134e-5	-2.3144458177715935e-5	-1.3499272811504006e-5	-7.1854327654986144e-6	-4.251881591005747e-6	-6.762878864178482e-6	-7.872937081454014e-6	-9.263750207308841e-6	-1.3622835279812357e-5	-2.5627062440831874e-5	-4.2023269098843876e-5	-6.171120123639679e-5	-8.905937661006589e-5	-0.00012848192634768796	-0.00016593128778310574	-0.0001824756165506392	-0.00019797183861474874	-0.00022654196295301184	-0.0002663543483143226	-0.0003062400002744759	-0.00030291551764312624	0.0035666421226006285	-0.00024274601373940573	-0.00021534180356030594	-0.0002204090458519806	-0.00021190210712474736	-0.0002755198063273149	-0.0002677255975877405	-0.00024714917825187713	-0.00019752029534604414	-0.0001722267676263758	-0.00014571674720369535	-0.00013821557551848673	-0.00013098105809000466	-0.00012391345889726634	-0.0001126412252438298	-0.00010567635348463899	-9.27851238149589e-5	-7.87563082994434e-5	-0.00010990425246281983	-0.0001425034816626789	-0.00012915718592657228	-9.312076106689129e-5	-8.463144639627752e-5	-0.0001025429493509318	-8.415318299669072e-5	-2.7015287804433956e-5	-4.592405918437195e-6	-1.548648440269449e-5	-3.638011385426274e-5	-5.461809074458479e-5	-6.910724378872152e-5	-8.267835817333483e-5	-8.836293904641423e-5	-8.615497987371403e-5	-8.27217805884125e-5	-7.73976759241117e-5	-7.303441662347924e-5	-6.48624057952461e-5	-6.861080802708207e-5	-5.653928187589717e-5	-3.8201454744869225e-5	-2.2085988397087947e-5	-5.9460484268508e-6	-2.837294144314266e-6	0.002026428214731927	-1.1666811429705132e-5	-2.3270926123261128e-5	-3.2617508136057946e-5	-4.309303538671278e-5	-5.294458396102198e-5	-6.155342566357101e-5	-6.776920761218143e-5	-7.170021965377787e-5	-7.761613564382687e-5	-8.427493187703654e-5	-8.315045279015188e-5	-8.986222416954969e-5	-9.211037915160449e-5	-9.310393084819473e-5	-9.210851873423962e-5	-9.682625533443626e-5	-0.00010154738732179444	-0.00010489454673509157	-0.00010241959535572769	-0.00010420793054903782	-0.00010886988931988481
1.174701381507397e-5	1.178023275786146e-5	1.193485564191096e-5	8.667713031666009e-6	8.07577510788561e-6	7.31247585498019e-6	8.162174329104897e-6	5.938433986820693e-6	1.1489217965844536e-5	1.3619154963533846e-5	1.0840819913309797e-5	1.3476398610300045e-5	8.116621001095234e-6	8.466826132672196e-6	4.165527462757701e-6	2.199398000204446e-6	6.055358038533102e-6	6.033726031583501e-6	6.05405911218034e-6	6.057004035267197e-6	8.456055001750335e-6	8.624357849523604e-6	8.469284952481739e-6	6.066786696981314e-6	8.919785435550394e-6	1.085960842284921e-5	1.1906365969945e-5	8.057077001996475e-6	8.563720503752424e-6	5.3652409288615106e-6	6.107240727243682e-6	6.1750032146509586e-6	6.081206309837498e-6	7.228905442372953e-6	5.317174406121398e-6	0.00041929325926402415	9.348635481194745e-7	-5.206064823974534e-6	-1.2672487381508446e-5	-2.207991535923626e-5	-2.9939071404156987e-5	-3.286684982706971e-5	-3.045214967429405e-5	-2.5219305400893312e-5	-1.7631217392370755e-5	-1.0005585225744597e-5	-7.197490780566813e-6	-9.360507974255031e-6	-9.531982884752009e-6	-1.2768932659921323e-5	-2.3022304646339552e-5	3.186243671557615e-5	-5.358812018430156e-5	-7.372876334720566e-5	-0.00010118615189887246	-0.0001354348168604259	-0.00015635436134253233	-0.00016623748435391685	-0.0001847729514803517	-0.00021033473620744782	-0.0002460693945840163	-0.000278366079858091	-0.0002656997355711876	-0.00022579759917460557	-0.00019641205267620972	-0.00017806348724213987	-0.00016798509180101888	-0.00017851329057550023	-0.0002312087995014027	-0.00022511800111188474	-0.00018738482183533033	0.0010200725844216685	-0.0001361157310698826	-0.00013010853238510593	0.0037322228772062715	-0.0001019678948274011	-8.662204030516867e-5	-7.52848332113672e-5	-6.244846920870975e-5	-5.749531078753228e-5	-7.268665754088088e-5	-0.00012403460049130975	-0.00013060371307561155	-0.00010420755611488444	-0.00010806622127376448	-9.35174872570936e-5	-4.6937404686066275e-5	-2.218110030914079e-5	-2.215920288678886e-5	-3.116349115599767e-5	-4.5523514162200233e-5	-5.821564771836974e-5	-6.41561893822062e-5	-7.091979602831446e-5	-8.297064525676027e-5	-8.502880699740641e-5	-7.671539775308545e-5	-6.967424656418187e-5	-6.685475190733748e-5	-6.494429959373778e-5	-7.042613754302228e-5	-6.257792584259906e-5	-4.6718885376431304e-5	0.002336721472708317	-1.8530179262863343e-5	-1.167352353095754e-5	-2.4496950913090176e-6	-3.6278124355493616e-6	-1.4036080597172422e-5	-2.5828423260722787e-5	-3.5401425178588526e-5	-4.796410903076375e-5	-5.572036179072454e-5	-6.259024857831284e-5	-6.598268551514814e-5	-7.270096795186426e-5	-7.501098385655344e-5	-8.035969778236868e-5	-7.956913678256686e-5	-8.1571642076856e-5	-8.558360418053565e-5	-8.844947594764847e-5	-8.785568617676901e-5	-9.214377575631361e-5	-9.580360834564403e-5	-9.639802454853522e-5	-9.877561979015339e-5	-0.00010272746621246571
1.2450535336549183e-5	1.024307589019436e-5	8.68569901036633e-6	9.408043869207341e-6	9.044995086764226e-6	8.959918038330692e-6	4.943820069389657e-6	9.090783010482634e-6	9.53126107411991e-6	1.1361517501736222e-5	1.1269722651721832e-5	9.288503785293955e-6	9.804118396603912e-6	4.308623229493146e-6	5.2368168171573574e-6	4.1391699107660215e-6	2.0513931788608726e-6	2.633458628085745e-6	5.9038654197905455e-6	7.741900161681542e-6	6.336722924187759e-6	5.877508201394322e-6	6.740674721018402e-6	8.913937496040367e-6	9.652475781255507e-6	9.965198792560338e-6	1.0049693271492336e-5	7.545712121977133e-6	7.177715549933029e-6	5.554249648235957e-6	5.684448310146325e-6	0.00018205805746055142	4.714216937011604e-6	4.503549859587435e-6	4.083005763675339e-6	4.618191635314892e-6	2.8155008134481997e-6	-6.902625341426681e-7	-7.745950294753886e-6	-1.6680659828936534e-5	-2.66080543912103e-5	-3.5597916655106913e-5	-3.700429499918414e-5	-3.2393764454001755e-5	-2.6616215478088203e-5	0.0004669532409045242	-1.3377273010617332e-5	-1.354346520902102e-5	-1.2528836060906202e-5	-1.4053722529792055e-5	-2.1893867790663372e-5	-3.5141717075800466e-5	-4.855460305076397e-5	-6.485399863789734e-5	-8.513643868070329e-5	-0.000113735609091805	-0.0001363702658426988	-0.0001460183118831733	-0.00015770935946144825	-0.00017415082605328185	-0.0001964003742412979	-0.00022372448995700098	-0.00024025053643186248	-0.00022625395837384214	-0.00018300280028719137	-0.00015578238755551387	-0.0001399087846778481	-0.00012806046671362276	-0.00019628176738454	-0.00018789064249781235	-0.00018133471988898957	-0.00015371178669384544	-0.00012747022325144356	-0.00011443440629517552	-8.94111642650618e-5	-8.549087284468772e-5	-6.81417969671666e-5	-5.5247955292798447e-5	-4.4251954099336355e-5	-3.835236451967157e-5	-4.161938053481168e-5	-0.00010426188061496942	-0.0001359418351345792	-0.00012258973447693347	-0.00010067910835240019	-7.041673401981478e-5	-4.053115842288842e-5	-3.435197262692709e-5	-3.3682105779172036e-5	-4.2004718930877503e-5	-4.9407777940550096e-5	-5.218931489357412e-5	-5.9187616755418046e-5	-6.912591093912075e-5	-7.910803238289545e-5	-8.138064419289763e-5	-6.78850102637206e-5	-5.7819932192050734e-5	-6.173802144082002e-5	-6.684620421136631e-5	-7.1030876395658e-5	-6.573831893641816e-5	-5.029030275365259e-5	-3.799633739066943e-5	-2.540248636505142e-5	-1.3852100570971651e-5	-4.840536611621336e-6	-3.2875136641826244e-6	-7.131548221102693e-6	-1.809456044569481e-5	-3.030109990058514e-5	-3.9900298277406945e-5	-4.95557115955678e-5	-5.777743289353673e-5	-6.22821892511333e-5	-6.613068571594731e-5	-7.195282281905087e-5	-7.526841094862048e-5	-7.558404163356602e-5	-7.758849980408393e-5	-7.654180253979445e-5	-8.031860351662883e-5	-8.578913191192557e-5	-8.214251912398805e-5	-8.774666691310036e-5	-9.183160608165503e-5	-9.342281186760365e-5	-9.419955167137319e-5
1.1212663166492668e-5	1.1374537658628966e-5	1.0583778366679477e-5	5.306961530708414e-6	5.204090899532665e-6	6.3102754554067875e-6	8.445120583205033e-6	4.946460816304416e-6	8.329779461921068e-6	1.057072762075716e-5	9.378611938681792e-6	9.708009419110873e-6	7.827810077107138e-6	6.497697553159388e-6	2.1109816697407677e-6	3.7344354092779973e-6	2.6881800514961043e-6	3.867469674698719e-6	5.3242845187367145e-6	6.604779967343539e-6	7.21962163652539e-6	7.072173492282067e-6	6.743586334202571e-6	7.861657544470761e-6	9.488619845599748e-6	1.0041966697310438e-5	7.339497695149286e-6	7.861314789403811e-6	7.3776516399152395e-6	3.834856187890636e-6	5.127264172450794e-6	3.7167888667798046e-6	4.447768442070697e-6	3.3354628873878515e-6	3.3354208326492538e-6	3.147091245372588e-6	2.849732568899286e-6	2.0471003997837856e-6	-1.9207531626406343e-6	0.000481791543143731	-2.144610865306186e-5	-3.2361798032413003e-5	-3.8605193547350605e-5	-3.9338350150540814e-5	-3.540948308519828e-5	-2.982681226331753e-5	-2.2969892492512474e-5	-2.0916744423310485e-5	-1.860485730010913e-5	-2.1553455602913146e-5	-2.4882449854669517e-5	-3.530205708226347e-5	-4.8838579654714685e-5	0.005697546988764541	-7.969123268756779e-5	-9.98597053092614e-5	-0.00012419800891471256	-0.0001344788998877862	-0.0001443807022791536	-0.00015436136248901666	-0.00016695741464193593	-0.0001795775266399003	-0.00019641167231358465	-0.0001999657990676626	-0.00018045795728506477	-0.00014691494830973775	-0.00012237016148921188	-0.0001142682612191798	-0.00016257943685250593	-0.00016589422249563453	-0.00016141701610658359	-0.00014302896632844252	-0.00012122189490192895	-9.996198329449615e-5	-7.9994843975046e-5	-6.964545395840398e-5	-5.460586466571153e-5	-3.8818708320920506e-5	-2.9728343978901485e-5	-3.6965859412331145e-5	-3.829573255048364e-5	0.002455340451825859	-0.00013169774793690518	-0.00013104566625658613	-9.242862812381021e-5	-6.0530371832033525e-5	-4.220420230687579e-5	-3.815581277972699e-5	-4.128678369075701e-5	-4.615226616524505e-5	-4.492100980687391e-5	-4.954721569247651e-5	-5.928369093723129e-5	-7.043408452864827e-5	-7.835532809499952e-5	-7.16650230046887e-5	-6.164257836105674e-5	-5.374151796993208e-5	-6.112205222269691e-5	-6.880995630741387e-5	-7.127636819073604e-5	-7.138629022195725e-5	-5.9080973353517995e-5	-4.918802096708086e-5	-3.409616885846015e-5	-2.274660491484882e-5	-6.59426454272579e-6	-3.3878935534791335e-6	-8.922529181752854e-6	-1.5111311480722669e-5	-2.6006014992407782e-5	-3.6963967328944476e-5	-4.536248193867448e-5	-5.433689766258217e-5	-5.5952219994096896e-5	-6.050215854946613e-5	-6.670363842466208e-5	-6.773850991557235e-5	-7.218374728252142e-5	-7.315217436887431e-5	-7.241227493554004e-5	-7.491537428610823e-5	-7.595224644813166e-5	-7.940784581749946e-5	-8.503881848844581e-5	-8.48341592998153e-5	-8.872761922325842e-5	-9.021851878629819e-5
8.13843208541951e-6	8.484814565138873e-6	7.633371093828138e-6	7.092060143445772e-6	7.544736206908974e-6	5.435383226403551e-6	3.432421303022244e-6	6.6877207520769574e-6	9.169667290856746e-6	7.443735836921983e-6	9.262160686340651e-6	8.115296797598813e-6	7.244633165560347e-6	3.956213506724508e-6	2.035029834153868e-6	1.0223805897203748e-6	2.836647215094545e-6	6.7951970701782966e-6	6.594361647084307e-6	8.242562690559071e-6	8.639638816580644e-6	7.987601287643906e-6	6.953780538461961e-6	6.796124757846734e-6	8.07415110518192e-6	7.62924993143242e-6	6.580969467778145e-6	6.760285078532147e-6	6.981626037981959e-6	3.399917089779835e-6	3.3078989779267414e-6	1.9710517627237988e-6	2.6238933411822703e-6	2.9166918553221073e-6	2.897135214672761e-6	2.9071332266396993e-6	2.7169776324880313e-6	2.785806918481626e-6	-4.0605299927564537e-7	-5.0616846548586295e-6	-1.4341994676939085e-5	-2.6449004465799262e-5	-3.714006408775568e-5	-4.1750584883141605e-5	-4.136129212804589e-5	-3.976291024367735e-5	-3.2961892918251245e-5	-3.075276207688618e-5	-2.825791032868034e-5	-2.952808143109149e-5	-3.334178987665203e-5	-4.064117565210192e-5	-5.042858765898911e-5	-6.583456677792913e-5	-8.143136326875522e-5	-9.539293822251934e-5	-0.00011720646282892874	-0.00012927770062624595	-0.0001373276029809729	-0.0001478044413856126	-0.00015419533151391548	-0.00016057343365757145	-0.00016285677407307762	-0.00016526472933751403	-0.00015902578895886886	-0.00013851223970877055	-0.00011724412547395834	-9.80241726868808e-5	-8.081709213523039e-5	-0.00015779126720527354	-0.00014908125428440312	-0.00013936251266834145	-0.00011689930969906691	-9.280496992387314e-5	-7.05628144606358e-5	-5.481714240808313e-5	-4.342337195937032e-5	-3.530880937434831e-5	-2.8516055194894793e-5	-2.9999544340440082e-5	2.7516209975581192e-5	-5.6226879850207814e-5	-0.00011922388885486027	-0.00012611004270154588	-8.120346004219115e-5	-6.150288300594674e-5	-5.3240306368412815e-5	-4.4623365424534094e-5	-3.949153012168961e-5	-4.0458589441356996e-5	-4.8297096161362824e-5	-5.347002853082084e-5	-6.301900308536279e-5	-7.214372623040241e-5	-7.000682424084317e-5	-6.406961189429732e-5	-5.868057096974303e-5	-5.6143636088172404e-5	-5.871530073307905e-5	-6.654389543960058e-5	-7.296894212265818e-5	-7.355081935883113e-5	-6.673143104556859e-5	-5.818672629040022e-5	-4.39822105232821e-5	-2.3242725678514816e-5	-1.2997361389954255e-5	-1.637759086876335e-6	-4.220845078507264e-6	-1.3334230378983947e-5	-2.3323207776497403e-5	-3.2834317054532616e-5	-3.994699552590554e-5	-4.815186765326973e-5	-5.057336165012428e-5	-5.770844071860794e-5	-6.325075774856609e-5	-6.425628264205858e-5	-6.66717522206442e-5	-6.875780309299534e-5	-6.933855575575213e-5	-7.138089995397268e-5	-7.246795157142202e-5	-7.917101502017592e-5	-8.201376706202471e-5	-8.012586431887158e-5	-8.535201298433704e-5	-8.44199404898471e-5
7.880418617054472e-6	8.691272071665885e-6	7.40242700537669e-6	6.936018908309735e-6	4.4355648146662905e-6	3.4652873358070792e-6	4.035038809942779e-6	5.4313069847264535e-6	5.7527670648796405e-6	7.474426770548957e-6	8.139742506646334e-6	8.04575476858957e-6	7.336436468367239e-6	7.421912052063724e-6	5.556011432828953e-6	1.7445520502105873e-6	3.477633463480883e-6	5.672651994228432e-6	7.972321566999236e-5	6.889966568308405e-6	8.733835145282708e-6	7.335340567788838e-6	7.5346048755475575e-6	6.110965540534604e-6	5.82264286878029e-6	4.703675978009678e-6	5.048264701938438e-6	4.894422010991986e-6	5.054823637190998e-6	2.9464999980383967e-6	2.475915840811872e-6	0.00014498340625472106	3.566422388125547e-6	2.827772067231279e-6	4.356362225192397e-6	3.4053647428777725e-6	1.9063901939540568e-6	1.4974994714850483e-6	9.297208059303418e-7	-2.3574148846666927e-6	-7.990222592401362e-6	-1.8114443620066093e-5	-3.094476884083581e-5	-3.870663052623008e-5	-4.365241388981167e-5	-4.462689882325961e-5	-4.232792867901389e-5	0.0004230636059368619	-3.947286806367956e-5	-3.92111627747836e-5	-4.126470729199673e-5	-4.489510983107922e-5	-5.6713124403509965e-5	-6.99734493818144e-5	-8.389861213707259e-5	-9.717466533445138e-5	-0.00011473075641962871	-0.0001281805597663126	-0.00013586355993456395	-0.00014188960783417283	-0.0001509616709807803	-0.00015518898560467308	-9.219223880249823e-5	-0.0001448024319231989	-0.00010027466677603371	-0.00012313506971299484	-0.00010929019876885961	-9.060453080725686e-5	-8.135750749168388e-5	-0.000139481922746521	-0.00013452848945624037	-0.00012319963646229438	-0.00010624895062469764	-8.943380384895429e-5	-6.53766295947468e-5	-5.155800429049607e-5	-4.2410622084847714e-5	-3.627153165677594e-5	-3.584189170761573e-5	-3.623688268460795e-5	-3.937622814907584e-5	-5.130842269530488e-5	-7.945949561435212e-5	-0.00011215501576446792	-8.544355493912605e-5	-6.237783741055644e-5	-5.194715042226416e-5	-4.5670702479615535e-5	-3.785377958710843e-5	-4.1972698267846685e-5	-4.9826183177764834e-5	-5.8560704128138644e-5	-6.180599341609055e-5	-6.352393349794844e-5	-6.209383844948957e-5	-6.0280808945509766e-5	-5.868057132980657e-5	-5.671419160821131e-5	-6.0392542745781735e-5	-6.851562745131302e-5	-6.998580394086771e-5	-7.822265485249013e-5	-7.475481398618944e-5	-6.502919645779912e-5	-4.956159105584364e-5	-3.204251145427946e-5	-1.2207494513893132e-5	-3.982021541388929e-7	1.4680926592133305e-6	-5.302984232562636e-6	-1.672066722352341e-5	-2.6790819025799932e-5	-3.110408990672454e-5	-4.115002828834454e-5	-4.8553650864246404e-5	-5.314203342204589e-5	-5.764544997306732e-5	-6.0405792602722524e-5	-6.252499615597802e-5	-6.355656129240338e-5	-6.647184139311471e-5	-6.786328530280616e-5	-7.015719494701854e-5	-7.595237979177161e-5	-7.81306152577402e-5	-7.765603030421026e-5	-7.974606033096972e-5	-8.269417718360754e-5
6.453956392292416e-6	7.56427016474783e-6	5.725849696507426e-6	4.76451274803889e-6	3.700661115057808e-6	4.080986158136761e-6	1.7054987161847345e-6	4.040391197014746e-6	6.589006172326526e-6	7.835900338694964e-6	8.707569345526179e-6	9.60438144385076e-6	7.35863901364371e-6	7.824143504663256e-6	6.042056457152695e-6	4.114729834474046e-6	2.8690513780385042e-6	5.585025217666071e-6	4.867804637213825e-6	4.800583124460944e-6	5.437689267286973e-6	6.852381925526478e-6	5.578068635708451e-6	5.115928142218878e-6	2.5161241235329996e-6	3.4935709673203277e-6	3.179870186988728e-6	3.5720016735858295e-6	3.6263139958035966e-6	4.1525168773914704e-6	3.6557306212162827e-6	4.009895951579984e-6	3.657271234746044e-6	5.02723991610359e-6	2.8167816216171423e-6	1.9609564530173335e-6	1.7757600228587508e-6	-1.1307533373723123e-7	-3.821986198934788e-7	-1.268879437177177e-6	-4.822435380386937e-6	-1.1155525405823988e-5	-2.2035237400475256e-5	-3.187849292575701e-5	-4.044971370722496e-5	-4.3845419034447154e-5	-4.560481618634104e-5	-4.645650238999967e-5	-4.6997479913682156e-5	-4.757975754522952e-5	-5.1231187890923846e-5	-5.4500983903758675e-5	0.00039848060912598847	-7.310861256432013e-5	-8.465405615024459e-5	-9.790827541956591e-5	-0.00011526051538028603	-0.0001303869522959844	-0.00013518463815612126	-0.0001410188853620759	-0.0001469309343862411	-3.67689905185313e-5	-0.00014929042505462588	-0.00013906365346793344	-0.00012563070951577236	-0.00010924443754885098	-9.811833909007146e-5	-7.935534956113408e-5	-7.02487273568711e-5	-8.465681600839606e-5	-0.00012312241129690434	-0.00011374039945804236	0.00041361577714444167	-8.092251444294114e-5	-5.946363827551149e-5	-4.5743499552997925e-5	-3.626226737721977e-5	-2.9268111510012858e-5	-2.828170396170556e-5	-1.026549539926043e-6	-4.2660284653894993e-5	-4.6407913647053024e-5	-4.9699445138213887e-5	-0.00010791684873002506	-9.713119166756493e-5	-6.519576027294843e-5	-4.966531719284399e-5	-4.520843579060383e-5	-4.4040281968666696e-5	-4.313987456811778e-5	-4.898252228574974e-5	-5.309396834012915e-5	-5.850632296602182e-5	-5.8030851476042165e-5	-5.9269987339512914e-5	-5.9790956163149195e-5	-5.937289299779141e-5	-5.8901605168716446e-5	-6.382703045368539e-5	-6.74737565582598e-5	-7.34187356693592e-5	-7.98703680726957e-5	-8.22907360916586e-5	-7.23194083337075e-5	-5.986818529915864e-5	-3.63250734042005e-5	-1.7698716096967333e-5	-4.052142056902748e-6	1.5311884471393318e-6	-3.5009050567379185e-6	-8.425602003689792e-6	-1.9794491990996182e-5	-2.635241679792245e-5	-3.722869910304438e-5	-4.2123992981149376e-5	-4.9742378956173054e-5	-5.525409411927902e-5	-5.550206943713033e-5	-5.744379824270578e-5	-6.0560691057896104e-5	-6.241200199491245e-5	-6.64194900764194e-5	-7.047355671729524e-5	-7.267291749288177e-5	-7.745071521354351e-5	-7.863859722559083e-5	-7.739325554500989e-5	-7.853071008881224e-5
5.905364241988627e-6	6.537134815209162e-6	4.9012504305221034e-6	4.8632256316363375e-6	5.221558979764734e-6	3.923564121846969e-6	4.539966667009695e-6	6.119074203906434e-6	5.831570311631016e-6	8.991498259380663e-6	8.733410888326102e-6	9.679245001396842e-6	8.40174068470899e-6	6.675721411211408e-6	0.00023013841436706124	3.496485392830064e-6	3.927611070414245e-6	4.0299800986803944e-6	4.618633649063628e-6	4.953379146525189e-6	4.0688275233606835e-6	3.5419280133624706e-6	4.119406224418814e-6	3.7229736433205384e-6	1.9458919176234667e-6	1.5988050621102996e-6	2.650500670288089e-6	2.3168907691906507e-6	3.479384564237251e-6	4.219043834945407e-6	4.986815528064143e-6	4.486401839739812e-6	2.9444045767355615e-6	3.1361555946857276e-6	2.3978854930850092e-6	1.9312288018769053e-6	-1.2168284787986497e-7	-1.510657138742216e-6	-2.167190586358078e-6	-2.550487010716078e-6	-2.895905995309745e-6	-6.505898003975833e-6	-1.3727981481128412e-5	-2.423644676543147e-5	-3.451685476666116e-5	-4.176691980521761e-5	-4.5668450248824346e-5	-4.857492613631782e-5	-4.920693140111768e-5	-5.4835374560904034e-5	-5.936996563967421e-5	-6.261078883037499e-5	-6.884828167714714e-5	-7.758703695633735e-5	-8.919810047758282e-5	-9.890509147217254e-5	-0.00011485471364448439	-0.00013137516235799639	-0.00013510112314627214	-0.0001364972837563012	-0.00014234791882565285	-0.00014947810316075488	-0.0001490682082335099	-0.00013600297835429827	-0.00012246782538885732	-0.00010618820618722279	-9.156266135980189e-5	-7.721607702640843e-5	-6.560692595962425e-5	-3.989772269573193e-5	-0.00011101063339717058	-0.00010700819703533988	-9.73360429135572e-5	-8.164296785395479e-5	0.0016715356216969162	-5.245433294469824e-5	0.0030136739103187775	-3.4513416995976716e-5	-3.360686070012428e-5	-3.5681825900652636e-5	-4.45030441432754e-5	-5.089603035746994e-5	-5.353877513081338e-5	-8.424347445763064e-5	-0.00010356832008022801	-7.06533724055677e-5	-5.217070222997191e-5	-4.485379848811512e-5	-4.238789122435957e-5	-4.358619436575263e-5	-4.720827123075484e-5	-5.1354730221586306e-5	-5.487148373617846e-5	-5.625003760326673e-5	-5.64274265233344e-5	-5.8335558246491205e-5	-5.9908237877328956e-5	-6.159264763321015e-5	-6.685916533171604e-5	-7.32313119160841e-5	-7.583125741960272e-5	-8.066241024467027e-5	-8.832917565030967e-5	-8.01707327982462e-5	-6.749603279152666e-5	-4.322836259166695e-5	-1.8858697759828718e-5	-5.522073397450002e-6	0.0012946851781852307	1.3038242004060827e-6	-6.063501719548014e-6	-1.3032561044777104e-5	-2.487045573098482e-5	-3.3184588751325374e-5	-3.940182543264595e-5	-4.432929887477743e-5	-4.8705236644524304e-5	-5.252305431779989e-5	-5.3773184237847216e-5	-5.573501706592756e-5	-6.111389177734143e-5	-6.293583339574875e-5	-6.898360686033531e-5	-7.336079756447038e-5	-7.306032946100167e-5	-7.614173073652603e-5	-7.882392940558635e-5	-7.522804056867569e-5
5.669200641187722e-6	6.105670857033292e-6	6.219154798705337e-6	5.92552839025315e-6	3.6478996766375112e-6	4.260231448351007e-6	6.314288110849083e-6	6.716096858473209e-6	8.258355025812705e-6	8.76651588975941e-6	9.168618380440757e-6	8.373376843512446e-6	7.967198091800992e-6	4.9807460740969485e-6	4.749994915790017e-6	4.370325267530426e-6	2.1402235853246014e-6	2.5327834205217826e-6	4.744296972804523e-6	4.1311275872585665e-6	3.4403040578823412e-6	3.0417177882338664e-6	3.030403264154928e-6	2.8127836573853347e-6	1.1997851285605945e-7	4.2531594443714037e-7	2.2245998545610945e-6	3.2391889163605695e-6	4.167246208102316e-6	4.675489864356102e-6	5.345611814772154e-6	4.398730250757075e-6	3.447228115428195e-6	1.7575911403361344e-6	1.0275283428751083e-6	0.0001810580522083351	-3.138543590330053e-7	-2.1421200320558085e-6	-2.594911271156051e-6	-3.6171658069782033e-6	-3.5364991728798444e-6	-4.09077917406294e-6	-8.836444989948882e-6	-1.6869678896044935e-5	-2.7779218069942657e-5	-3.7571121761848566e-5	-4.618043150038083e-5	-4.953935577885595e-5	-5.2120916270708296e-5	-5.656975353001423e-5	-6.0712780345403405e-5	-6.74006493613143e-5	-7.209156257435801e-5	-7.959879300031532e-5	-9.011437485101489e-5	-0.00010296625985932277	-0.00011452164359746419	-0.00013004440809150303	-0.0001371088533938438	-0.00013137716831101726	9.258770084636086e-5	-0.00014307301228943994	-0.00014717998101157741	-0.00013722389086156823	-0.0001227348669338756	-0.00010844743021339639	-9.500440380704953e-5	-7.807187635288683e-5	-6.440936739624155e-5	-5.3851466706570685e-5	0.00033586371680951587	-0.0001046986199040173	-9.624255141536114e-5	-8.475289326132038e-5	-7.476988333554938e-5	-6.55727453050068e-5	-5.286642425661892e-5	0.003025207953509805	-3.873930517941503e-5	-4.376483433141988e-5	-4.723205916841184e-5	-5.2550710358885595e-5	-5.360839115697326e-5	-5.6833811947127645e-5	-9.829802053752668e-5	-7.650934511415838e-5	-5.197196775838433e-5	0.002357785641127815	-4.094022254411481e-5	-4.374586880294493e-5	-4.535150498793505e-5	-4.9358686091691487e-5	-5.019219879195784e-5	-5.110503358777413e-5	0.0021158003847375614	-5.5710925598770854e-5	-6.168897799486636e-5	-6.902776121726385e-5	-7.343624412910199e-5	-7.819210211674728e-5	-7.838302466952555e-5	-8.263086572434224e-5	-8.965178072524926e-5	-8.807296789775914e-5	-6.946045138882511e-5	-4.621435058574895e-5	-2.3680097672551352e-5	-9.4713341571755e-6	5.148125545436852e-6	8.570417860532913e-6	1.0131179317240772e-6	-9.821358788470857e-6	-1.9772384615333004e-5	-2.8036127533426474e-5	-3.531112160776086e-5	-4.102250566621673e-5	-4.540170570499925e-5	-4.860273689717351e-5	-4.980060423423341e-5	-5.2962848872361006e-5	-5.7301668871933154e-5	-6.316354159168923e-5	-6.81060847723008e-5	-6.773117274997504e-5	-7.233927998702124e-5	-7.502770884226188e-5	-7.582224483248514e-5	-7.515087979904e-5
6.821389596570453e-6	7.311139021910816e-6	4.995503662396121e-6	4.26665324598785e-6	3.557125596571724e-6	4.64954158551148e-6	5.348773263766458e-6	7.4857446597203885e-6	8.527259079621832e-6	7.82988764517806e-6	8.78279703269715e-6	7.252351808423882e-6	7.332607212390263e-6	5.40887264423545e-6	3.680715818260181e-6	3.573342038199834e-6	2.537604567800925e-6	3.3543562195990743e-6	2.5073489548445207e-6	3.852038763646742e-6	1.9471261020090162e-6	7.072051300420403e-7	8.947888523603686e-7	1.8457691344851528e-6	2.031531935405874e-6	1.2764079581153477e-6	2.134553931938503e-6	3.793018076844257e-6	5.016608388815286e-6	4.330424269551655e-6	3.542767177631143e-6	3.3726123830799763e-6	2.278713163582531e-6	1.0334562674488464e-6	-6.202224181830508e-7	-6.596370785477614e-7	-4.2992957189681193e-7	-1.6829793080257605e-6	-2.89423827167911e-6	-3.2163183700021324e-6	-3.085319041999093e-6	-5.0499333947645e-6	-7.93637977664313e-6	-1.1932455435737822e-5	-2.1251383492423923e-5	-3.21319584273283e-5	-4.145255936915211e-5	-4.728936947318843e-5	-5.2789667127537375e-5	-5.7762790144067194e-5	-6.198302164757419e-5	-6.632311760451344e-5	-7.078730957817267e-5	-7.68200997153007e-5	-8.712872696345656e-5	-0.00010077786558032728	-0.0001148397151652463	-0.00012834567270975832	-0.00013272282649529153	-0.0001297989269757622	-0.00012960098522607402	-0.00013428823784970801	-0.00014026630405122083	-0.00013602939916796883	-0.00012547617322033675	-0.00011269480246450629	-9.85392666089319e-5	-8.377326126155979e-5	-6.9460016780638e-5	-5.684103466575309e-5	8.24306108106708e-5	-9.719579567970052e-5	2.880197668417902e-5	-8.781872423225048e-5	-8.261176638959828e-5	-6.839782627386312e-5	-5.975325921548074e-5	-5.364094655903231e-5	-5.2137387504536115e-5	-4.824930248381858e-5	-5.002747086773132e-5	-5.2867125927003045e-5	-5.101534805956442e-5	-4.832545232654351e-5	-7.998858382205973e-5	-8.28591617788206e-5	-5.387292916511719e-5	-4.217573569250191e-5	-4.276156200628493e-5	-4.550006434610957e-5	-4.280940826524929e-5	-4.637967446262468e-5	-4.710141030222874e-5	-4.5944089597030335e-5	-4.87492228899971e-5	-5.5741694159647075e-5	-6.611750685348635e-5	-7.53661071732116e-5	-7.899244569163546e-5	-7.92463210042265e-5	-8.144628956013216e-5	-8.434142744422708e-5	-8.824757728693533e-5	-8.788502861930723e-5	-7.386471726769043e-5	-5.180403045581096e-5	-3.118789376294019e-5	-9.866161973233305e-6	6.730888560597427e-6	0.0011267161954725048	1.7677319296945451e-6	-5.486646236299575e-6	-1.4593229643255178e-5	-2.3077434319898008e-5	-2.8729524062097878e-5	-3.419822735883709e-5	-4.004788603306298e-5	-4.4261109578337156e-5	-4.783089282647422e-5	-5.2578942173070204e-5	-5.535305703190498e-5	-5.817936628727677e-5	-6.247794085735559e-5	-6.741458335383747e-5	-7.29626515681551e-5	-7.264775719721412e-5	-7.479899056134784e-5	-7.329443272105366e-5
5.388102559012332e-6	5.705827392786826e-6	5.458317109250819e-6	4.506221310457198e-6	3.610362711402174e-6	1.7313897025881663e-6	3.6833187324551275e-6	7.83317262304504e-6	6.632032228189207e-6	7.560767952447282e-6	7.511207343683648e-6	7.5232177440347735e-6	6.67507359656443e-6	4.207148878598464e-6	2.6102213703730996e-6	9.366813471503501e-7	1.0387394120303824e-6	2.00018968411536e-6	2.7640973866992257e-6	1.2688358032167998e-6	8.545142618130407e-7	2.746857385158615e-6	1.6203889071188856e-6	9.808260813509283e-7	2.314582767175234e-6	2.9484053415157908e-6	1.9226535275971776e-6	2.6821692845793547e-6	3.399949000207911e-6	3.7589143157964414e-6	2.1708047828110453e-6	1.789133936895516e-6	1.695835525066143e-6	2.83766201400297e-7	-8.724436336403091e-7	-1.926243149171338e-6	-1.9365533462305067e-6	0.00019588273110198048	-2.089729586449889e-6	-3.29478145084266e-6	-4.924128678158307e-6	-5.502989329790511e-6	-6.527760234480498e-6	-1.1396799233482453e-5	-1.591432276403155e-5	0.0003642924416428811	-3.654938432738923e-5	-4.525650741931276e-5	-5.031570088923293e-5	-5.504351637415075e-5	-6.156229223288788e-5	-6.442605270860725e-5	-7.157426083282195e-5	-7.566894361099585e-5	-8.355224324468327e-5	-9.618296721830132e-5	-0.0001064106155716977	-0.00011698779546590347	-0.00012985969014846742	-0.00013023601873508742	-0.0001238595339872104	-0.00012776089935111591	-0.0001331129540428004	-0.0001334564881918989	-0.0001276740267231553	-0.00011705880463618121	-0.0001022686917119802	-9.075071503083718e-5	-7.410147998909798e-5	-6.420189282594843e-5	-5.2598660591862516e-5	-7.491547036550267e-5	-9.807548196477927e-5	-9.11372220877742e-5	-8.401017390416692e-5	-7.736718948055544e-5	-6.875540891108315e-5	0.0024652739805121034	-6.287855362969476e-5	-5.678251874881475e-5	-5.023309911772727e-5	-4.633250455705635e-5	-4.39682760222139e-5	-4.2505521415754297e-5	-4.44539453030475e-5	-8.612678048590221e-5	-6.326052457501959e-5	-4.6267223286107495e-5	-4.495909884194658e-5	-4.501215158871259e-5	-4.334547376583231e-5	-4.227141158690082e-5	-4.287682310577783e-5	-4.2603040598153744e-5	-4.670417957605179e-5	-5.7470372698828834e-5	-6.997785550815708e-5	-7.804317798850964e-5	-7.984884891769394e-5	-7.819159289539296e-5	-8.018558658907807e-5	-8.461241691635427e-5	-8.441429047011551e-5	-8.450162872994946e-5	-7.679112069673439e-5	-5.718829977754752e-5	-3.761820806372001e-5	-1.4739079144405597e-5	3.6546660581735294e-7	1.0239735338942943e-5	7.84254412192903e-6	3.759940303982995e-7	-9.7905260603901e-6	-1.6642500857673784e-5	-2.5068185290544245e-5	-3.180020085761593e-5	-3.5744659291432525e-5	-4.1556704061045894e-5	-4.456082486673212e-5	-4.780809678114938e-5	-5.36807297748707e-5	-5.6671068487197575e-5	-5.981405692859036e-5	-6.601238338078833e-5	-6.846102951869274e-5	-7.168196793045723e-5	-7.310713142911866e-5	-6.947395592594042e-5
4.481462110395929e-6	5.299099198422539e-6	5.23591038703434e-6	4.235222413577358e-6	2.742913933094157e-6	2.745090161665421e-6	3.60261316484649e-6	4.040697983349363e-6	5.667408298112549e-6	7.234808081779936e-6	4.911511474435526e-6	5.5766635507570675e-6	5.148540471966402e-6	3.6887848885202353e-6	1.2573384713487727e-6	3.5162839371986887e-7	-9.612308458418518e-7	2.155805427022598e-7	1.8145376252172874e-6	1.932848598797739e-6	1.673155475739917e-6	2.71130336003476e-6	2.9369962902268997e-6	2.0527123893081343e-6	3.2646527274061976e-6	3.6210524613771323e-6	2.267466874255209e-6	2.1318636771541517e-6	1.350664448882856e-6	2.4387479638542705e-6	1.5480574409442328e-6	4.424757409429714e-7	-2.678650718390078e-7	-9.869621157669595e-7	-1.7363949718991658e-6	0.0001620190372891091	-2.623922761685847e-6	-2.4234025790335727e-6	-1.7453687475334212e-6	-2.240064543091499e-6	-4.950274758115441e-6	-6.775157257514182e-6	-8.077103478811238e-6	-1.0298132741714703e-5	-1.4788681259762316e-5	-2.0785989806026148e-5	-2.846674979187268e-5	-3.955064862691971e-5	-4.989630255530005e-5	-5.667157238652869e-5	-6.007500529637633e-5	-6.554519128414713e-5	-7.036077408640456e-5	-7.418329598003759e-5	-8.324815208753458e-5	-9.123330619778937e-5	-0.00010060485184824278	-0.0001117357748181471	-0.0001230864086056247	-0.0001281153849233053	-0.00012348921300510624	-0.00012263678926776982	-0.0001251071827364984	-0.0001271499529422013	-0.00012529246664868057	-0.00011849801391614501	-0.0001087776047984431	-9.285691377088328e-5	-8.387337411684855e-5	-7.150675522559803e-5	-5.6299066177978134e-5	-3.920022867225613e-5	-8.847723441071133e-5	-9.559155531968077e-5	-9.069967976389585e-5	-8.74550470649849e-5	-8.234414491329473e-5	-7.717004504859126e-5	-7.005655392681564e-5	0.0027205370951486306	-4.6056533731003886e-5	-3.814453257173101e-5	-3.667625575205086e-5	-3.779705111633773e-5	-4.1529328041788396e-5	-7.311748624725008e-5	0.0019347191524301914	-5.018346322391634e-5	-4.344617297099163e-5	-4.1894738041681374e-5	-4.126859728644308e-5	-3.564900251406579e-5	-3.7688021189215444e-5	-4.032356375649644e-5	-5.014129578521324e-5	-6.11234511555328e-5	-7.234205989299245e-5	-7.527372490546882e-5	-7.574595891165397e-5	-7.541378987008674e-5	-7.963180350734934e-5	-8.072902628255153e-5	-8.2902196477943e-5	-7.900077991085516e-5	-7.78273226559865e-5	-6.58768917817824e-5	-4.6869529424773716e-5	-2.2776593702560598e-5	-1.8408589513309835e-6	8.233789806921538e-6	1.136170614865874e-5	3.4641893070482335e-6	-4.50470502311737e-6	-1.2960640849825691e-5	-2.142997163404048e-5	-2.7418267404210293e-5	-3.250634479011428e-5	-3.776129270263804e-5	-4.0216615754934924e-5	-4.545673674261454e-5	-5.0253848527675744e-5	-5.525378959041595e-5	-5.9021437541419575e-5	-6.078464981633565e-5	-6.588836157212343e-5	-6.825488943506576e-5	-7.172658174017408e-5	-7.015751874139527e-5
3.7312279408210393e-6	4.347930637001087e-6	4.786792235538569e-6	3.624427991619824e-6	3.0508936318853885e-6	2.2641821000827112e-6	2.823679471014931e-6	2.87213720818677e-6	5.61228846208961e-6	5.6146454214709655e-6	5.187679898827589e-6	3.956654006601751e-6	3.9948469444006825e-6	3.9104925381009976e-6	1.9424853803641593e-6	-5.424772064660435e-7	-1.5226165640542643e-6	-1.127392473159513e-6	5.424710723212021e-7	3.844628900559043e-6	4.12276443302747e-6	3.8262991491596135e-6	4.5637931213012364e-6	3.4410111405901557e-6	2.467414734309099e-6	2.3524371096656903e-6	2.688605814951629e-6	8.458013198782595e-7	4.407298703507784e-7	5.672712487735879e-7	1.2327819815319274e-6	4.5781699595627903e-7	-1.6720771992744052e-6	-2.3325714439397655e-6	-1.926797783417854e-6	-1.7183159547475534e-6	-1.6574472360450336e-6	-2.4304856343401304e-6	-3.3662613000632734e-6	0.000206705054270112	-4.726975006379272e-6	-7.363222190363795e-6	-8.972023105442142e-6	-1.0648295656356423e-5	-1.1884762448754072e-5	-1.938976789170972e-5	-2.61077758402842e-5	-3.6058862798124015e-5	-4.469411487147091e-5	-5.2935359839392706e-5	-5.850884317407665e-5	-6.742310661942688e-5	-7.00202067646107e-5	-7.641580227840889e-5	-8.25642216376629e-5	-8.789697261550079e-5	-9.445758221345588e-5	-0.00010160477863382054	-0.00011383745102550849	-0.0001257161928907625	-0.00012506849055791405	-0.00011889589165536407	-0.00011854976039743113	-0.00012338856728353166	-0.00012326920332964356	-0.00011875723339172797	-0.00010918637356890307	-9.833897853211808e-5	-8.793006000466612e-5	0.0018011059523350727	-6.715698148572393e-5	-4.638246309067711e-5	-6.888591065038092e-5	0.0001969848254601645	-0.00010339403934194955	-0.00010265328671203288	-9.76224141589592e-5	0.0019307815049913937	-6.766883054777368e-5	-4.952014236137784e-5	-3.5424301637236935e-5	-3.06843978960334e-5	-3.1581417315172146e-5	-3.513700447244604e-5	-3.9360401962794216e-5	-4.460960354476899e-5	-8.209393204442438e-5	-5.6444101726327994e-5	-4.354681425351725e-5	-4.2228081959471385e-5	-3.398060726723939e-5	-3.2236489202531506e-5	-3.325446364273437e-5	-4.077548654561787e-5	-5.219729960488206e-5	-6.533887179948402e-5	-7.214573442631232e-5	-7.502671161164348e-5	-7.458872339200341e-5	-7.636293621244607e-5	-7.941124397756226e-5	-7.872320700739099e-5	-7.840552440489031e-5	-7.828788292733044e-5	-7.349926114236759e-5	-7.114602058275752e-5	-5.256669991253373e-5	-3.289831265480131e-5	-1.1111340495752967e-5	4.551051120433181e-6	1.381193727656915e-5	1.0006176690447333e-5	1.5390360841218559e-6	-9.185646498044864e-6	-1.7928660215563597e-5	-2.4085827748498295e-5	-2.9320048062619203e-5	-3.470345487832562e-5	-3.822543825243198e-5	-4.203549043465789e-5	-4.755662356487533e-5	-5.174397568231959e-5	-5.3765364525521636e-5	-5.816070769600317e-5	-6.174469564774283e-5	-6.605333376314207e-5	-6.522011544301013e-5	-6.746977195129034e-5
3.273244089836702e-6	3.4717375610080446e-6	3.6008528022117483e-6	3.1665780366222328e-6	2.694737433683262e-6	2.3332446358564733e-6	1.409977095419724e-6	1.8122401379842747e-6	3.0339406066116383e-6	4.684151016663609e-6	4.544413672870036e-6	3.964314806574653e-6	2.622549293669011e-6	3.2801551432177535e-6	5.395659036482991e-7	5.804784389707579e-7	0.00015707159821751323	-3.257495579024215e-7	-0.005021642445210059	4.473587885631949e-6	5.9852635840682185e-6	5.224246418361047e-6	4.18872979574339e-6	3.7082466293735525e-6	1.6605185093696712e-6	7.92254200801144e-7	1.0795620148968278e-6	6.212543432167553e-7	3.114971232614106e-7	-1.484237541682018e-6	-1.1021222377652698e-6	-4.2532607714669893e-7	-9.116026147924089e-7	0.00011052862260713787	-2.6760927785817595e-6	-1.7523021109220466e-6	-1.8744741986354528e-6	-2.7844442251575598e-6	-4.113656112958702e-6	-4.6815961190181665e-6	-5.431893124451534e-6	-6.649717091718318e-6	-9.781407140090244e-6	-1.1137474004656962e-5	-1.3092882093551552e-5	-1.7291910354636083e-5	-2.2009151026908345e-5	-2.8202509107092596e-5	-3.925931021112527e-5	-4.5612609151615864e-5	-5.59698969260637e-5	-6.406828430093438e-5	-6.957482806584569e-5	-7.907731652291843e-5	-8.083762788514302e-5	-8.730984291436096e-5	-9.190811078196208e-5	-9.79283565424741e-5	-0.00010824034125695315	0.00016338743410158375	0.004243248296241497	-0.00011550841996863653	-0.00011170595974353001	-0.00011299763305995872	-0.00011681268500071283	-0.00011560126511497544	0.00014173083406118087	-0.00010176036676810222	-9.237970624207358e-5	-8.274152240455874e-5	-7.558592796206177e-5	-6.389756520143279e-5	-4.588781923940775e-5	-9.526855146489797e-5	-3.7132367791139174e-5	-0.00011565409151464284	-0.00010331619018069584	-8.099584683518308e-5	-5.92050679321522e-5	-4.21738960502396e-5	-2.9744229052214646e-5	-2.6501968264781676e-5	-2.651229492087008e-5	-2.9456781997232347e-5	-3.5837204776434026e-5	-3.912868470066274e-5	-6.470231986180439e-5	0.0014835917848767845	-4.356411127106816e-5	-3.770341597654839e-5	-3.036627540446788e-5	-2.511269847974007e-5	-3.38991335828865e-5	-4.5044653090528e-5	-5.773827089551077e-5	-6.835644108258224e-5	-7.14870136331227e-5	-7.022562369503804e-5	-6.875113414244729e-5	-7.069685857043206e-5	-7.663064996682283e-5	-7.964478736780965e-5	-7.867101850820906e-5	-7.65508235382609e-5	-7.431448637533608e-5	-6.937637866597478e-5	-6.152449815398624e-5	-3.8838353292062946e-5	-1.771900204463944e-5	1.0593681466991925e-6	1.2314390415311873e-5	1.024512438486903e-5	4.079279149660133e-6	-4.573648785654444e-6	-1.3039558226311376e-5	-1.946309580608827e-5	-2.693152231249534e-5	-3.1008837967196404e-5	-3.5467215034193974e-5	-3.974629091260326e-5	-4.3846158316048585e-5	-4.694228834510876e-5	-5.043123826650579e-5	-5.441831963111485e-5	-5.842423436486005e-5	-6.179286249433915e-5	-6.339710797753943e-5	-6.554579575472229e-5
3.0444391510282658e-6	2.2791997883475374e-6	2.7741434570252143e-6	2.9214943940869976e-6	2.559875280012166e-6	2.0850403437762573e-6	8.137924182183981e-7	7.21706774285116e-7	1.0976911479386106e-6	1.6347367564435375e-6	3.865121571758334e-6	2.581147654336438e-6	1.6170007173250522e-6	1.3150698663171555e-6	1.8388228805832178e-6	1.5728841543018873e-6	2.288318586647544e-6	7.955189431323303e-7	3.4420059774798893e-6	5.003317353008624e-6	6.186232920875659e-6	7.575172395466508e-5	3.919682939890743e-6	2.9409183686685426e-6	1.893746221821738e-6	2.7630493943178736e-7	-7.632995492178746e-7	-3.860197758773394e-7	-7.478492805221542e-7	-1.4857184675240442e-6	-2.710831647183146e-6	-1.762587390684257e-6	-9.309401177454851e-9	-3.8718190724937665e-7	-1.4246411204053323e-6	-3.0606524108482604e-6	-3.1519135222006587e-6	-2.778690164978925e-6	0.00019107727396381062	-6.265625573714448e-6	-7.255154921661285e-6	-6.966036303129516e-6	-7.295182362848174e-6	-1.0133375346325262e-5	-1.4523031288774533e-5	-1.6307645362074238e-5	-2.022931940053518e-5	-2.5047104159074858e-5	-3.215416958477499e-5	-4.091077744438178e-5	-5.13950882714961e-5	-5.77486161787346e-5	-6.960913670153073e-5	-7.813196375115999e-5	-8.32840425657325e-5	-8.477070806601908e-5	-8.787693273477589e-5	-9.052931319668799e-5	-9.896365523067016e-5	-0.00010925715231363889	-0.00011803150495865019	-0.00011380097707859886	-0.0001094116152942394	-0.00010815707658889777	-0.00011247903892303273	0.00010847262582738349	-0.00011062246611537882	-0.00010406707532799623	-9.545830717777679e-5	-8.664460067031154e-5	-8.04624211306424e-5	-7.793219654165812e-5	-6.933146267566834e-5	-8.842408880940181e-5	-0.00011678488215464142	-0.00011317492369634051	-9.53205991498533e-5	-7.641395883715638e-5	-5.475797384155243e-5	-4.200185116577009e-5	-3.0542247218899154e-5	-2.426286037219335e-5	-2.4958011273770384e-5	-2.6954237487396976e-5	-3.123070277963411e-5	-3.7924532809941944e-5	-4.1964624444227466e-5	-7.388843183543485e-5	-4.7711083142978374e-5	-3.4981078898019095e-5	-2.7927720421092213e-5	-2.8689274956779712e-5	-3.628549689340364e-5	-5.3071665442861425e-5	-6.529628243456083e-5	-6.94151814083525e-5	0.0025585721053270863	-6.461073636011708e-5	-6.376103321102103e-5	-6.898668572096096e-5	-7.223598293343899e-5	-7.50879563143664e-5	-7.678120960910454e-5	-7.599638455549882e-5	-7.540810300154881e-5	-7.094095477532371e-5	-6.777632084064471e-5	-4.941280844613033e-5	-2.8513844960620545e-5	-6.7612337666003545e-6	6.6743722153912374e-6	1.2009751911110523e-5	9.40001352548337e-6	-1.5251414169667292e-6	-9.70475616822496e-6	-1.549063059454788e-5	-2.129806694057385e-5	-2.798190733231654e-5	-3.0360741928148584e-5	-3.588426907753946e-5	-3.791752296205316e-5	-4.233019343616198e-5	-4.602277593748695e-5	-4.995758518449916e-5	-5.5444254179313644e-5	-5.947334753755168e-5	-6.31933418521473e-5	-6.318853213799691e-5
1.944442196719163e-6	1.8383871121642557e-6	1.2087580584222877e-6	1.3133383761760025e-6	1.3790237820209775e-6	2.741253858021958e-7	-7.778996004748247e-8	4.959824942787384e-7	-1.5585068763421424e-7	6.940975640383137e-7	2.1897339422120073e-6	3.3233754550144722e-6	3.066338416957571e-6	3.4470059154299935e-6	8.252976542726283e-7	3.1003864308233424e-6	2.972841550133356e-6	1.6621186663611735e-6	3.0284536247575204e-6	3.993256896198528e-6	4.2401763116411495e-6	5.083788998672405e-6	4.9374110188397284e-6	2.8980717127713397e-6	1.1602123997861771e-6	-3.7512906393396064e-7	-1.5967988205019094e-6	-2.6657057924700436e-6	-1.8706658408179817e-6	-1.607351043876517e-6	-2.5802714181597224e-6	-1.9021089139523162e-6	-1.0943782349521342e-6	2.739410129672711e-7	-6.10897370450364e-7	-2.455029188757696e-6	0.0001478637047437224	-5.304134096376827e-6	-4.941400711273034e-6	-5.785788576403083e-6	-7.173655900560719e-6	-7.755503710429618e-6	-9.083818778719745e-6	-9.744798867145077e-6	-1.1271530065234308e-5	-1.7698536284910162e-5	-2.1904063123522576e-5	-2.266515855537223e-5	-2.838737605008121e-5	-3.422324959997925e-5	-4.3320565660712835e-5	-5.545043412771237e-5	-6.614241847865791e-5	-7.676407137550967e-5	-8.013557500723394e-5	-8.442773833473643e-5	-8.709411746231919e-5	-9.135514089371292e-5	-9.828775748740555e-5	-0.00010683942521270496	-0.0001136054067514135	-0.00011519595836760989	-0.00010801222975070652	-0.00010239322848290414	-0.00010172513841092421	-0.00010363924149523612	-0.00010625469828485796	-0.00010295672915296627	-0.00010025284467380302	-9.68970015128288e-5	-9.801034086707669e-5	-9.753546642316414e-5	-9.734915119873934e-5	-7.086934852385072e-5	-9.468114734167152e-5	-9.488078815721515e-5	-1.7512362310398606e-5	-6.706000620304792e-5	-5.679285703004411e-5	-4.295015275585564e-5	-3.303249518387579e-5	-2.325316906978377e-5	-2.021378068628541e-5	-2.264270309421633e-5	-2.8322632807196296e-5	-3.34784130216325e-5	0.0011589644710813599	-3.975884741867688e-5	-5.604807019237226e-5	-3.265030042924437e-5	-3.2407948538952167e-5	-3.5250349223457135e-5	-4.5611690321282865e-5	-5.753360848999821e-5	-6.647238482576385e-5	-6.635789957142512e-5	-6.250230448159215e-5	-6.193387388624691e-5	-6.341518412532289e-5	-6.836132586965577e-5	-7.083460913317888e-5	-7.413926218912824e-5	-7.640088904944551e-5	-7.5739510974228e-5	-7.346148952306632e-5	-7.135454890472748e-5	-6.630089404609783e-5	-5.7538858943038214e-5	-3.799752388804873e-5	-1.571107293191925e-5	6.941081147349148e-7	1.1911419452940563e-5	1.209876461901382e-5	3.713063516971437e-6	-5.002969663087066e-6	-1.2211899049250447e-5	-1.8014435595336718e-5	-2.330756125652907e-5	-2.7123920337280552e-5	-3.2401801632292275e-5	-3.5125714072000965e-5	-3.765242413534642e-5	-4.2345435704980615e-5	-4.75815126128919e-5	-5.253368843665665e-5	-5.627467056752776e-5	-6.022904219048328e-5	-5.879881754910056e-5
1.3386721229408875e-6	1.6512864391019042e-6	1.0349007889125543e-6	3.809983191839592e-7	1.7443684168015443e-7	-4.3411545639173744e-7	-5.899220394134114e-7	-9.022361369571009e-7	-2.157104051316635e-7	6.47116044723197e-7	1.9212894963676307e-6	3.070306022471452e-6	4.029739969908493e-6	3.330755841762182e-6	2.3626307832076785e-6	3.1477867446676796e-6	2.295459027663784e-6	3.290447621973969e-6	3.095335534029431e-6	3.8072047597057044e-6	4.33215895714054e-6	3.980924939385932e-6	3.162961315306351e-6	1.568105474368032e-6	1.0323161631618262e-6	-4.3210825445127304e-7	-2.402042339420254e-6	-2.7679223467148286e-6	-3.344040244921396e-6	-1.3541788846684315e-6	-2.2158706796803363e-6	-1.2249443916069903e-6	-1.4129741065605026e-6	-2.6462662003627797e-6	-1.7161913791398798e-6	-2.7209206868400275e-6	-4.7366289979882195e-6	-6.465962750168636e-6	-7.075966001096655e-6	-6.3826471464307165e-6	-7.675735034417186e-6	-9.450876509636613e-6	-1.0547831574370201e-5	-1.0696116124319505e-5	-1.2384076406013727e-5	-1.475948809400102e-5	-2.0065083390435282e-5	-2.1868988048950357e-5	-2.7968024512130133e-5	-3.3158343135699904e-5	-3.783293183788161e-5	-5.0455275986372675e-5	-6.113380285934769e-5	-7.212864315531402e-5	-7.909158734718683e-5	-8.46193047086656e-5	-8.799802133545656e-5	-9.134976130728816e-5	-9.650104264145214e-5	-0.00010193171215753085	-0.00011247274271062061	0.0001622788695861718	-0.00010862063999070087	-0.0001016402839975521	-9.834894132605427e-5	-9.89305396117534e-5	-0.00010329659056053766	-0.0001055543784365216	-0.00011177339027316872	-0.00011478999982099175	-0.00011393981724447128	-0.00010938706800458272	-9.779810817260462e-5	-7.128860595860976e-5	-5.7145756305492824e-5	-7.11128919272312e-5	2.5693771652499954e-5	-6.328702627608112e-5	-5.6067759755665855e-5	-4.5833531937106674e-5	-3.217042711162101e-5	-2.2565104674122233e-5	-1.802548982841358e-5	-1.9312288298601633e-5	-2.3350744670865876e-5	-2.978395186243373e-5	-3.1552167006833505e-5	-3.1799464278686566e-5	-5.8918405264753e-5	-3.9754301337934124e-5	-3.481295007584824e-5	-4.47011881071855e-5	-5.34387438257968e-5	-6.0392192704388295e-5	-6.271557660930639e-5	-6.195550717862661e-5	-6.034080829404398e-5	-6.042844538471648e-5	-6.447395674280803e-5	-6.870218053120882e-5	-7.115324525275714e-5	-7.19287453934507e-5	-7.440273747238578e-5	-7.230599449788307e-5	-7.306571338366592e-5	-7.06600198035047e-5	-6.586166834853706e-5	-6.177011278740859e-5	-4.823127815181878e-5	-2.7223936415084193e-5	-4.553656123560453e-6	7.19582592736143e-6	1.3083548962901934e-5	7.549980861554445e-6	-1.0462773489391605e-6	-7.524690691043277e-6	-1.367201305852361e-5	-1.879454876598614e-5	-2.210882544501449e-5	-2.6946703120305166e-5	-3.118781153723716e-5	-3.5720937930050186e-5	-4.0781526899869806e-5	-4.5018705405609327e-5	-4.954477642897721e-5	-5.4177130744299806e-5	-5.595787367867577e-5	-5.59188979715468e-5
7.761043273432806e-7	1.0626895498289362e-6	1.2535946329524658e-6	-5.480398117740579e-9	-5.929885738800884e-7	-3.260828498088649e-7	-2.812084372056257e-7	-1.0558159327833834e-6	-2.0359170808102213e-7	1.0927951580208713e-6	2.127905290015032e-6	3.002730413842686e-6	3.942894758520582e-6	3.2520928698197196e-6	2.751462621137417e-6	2.36244174217767e-6	2.54605876868195e-6	3.2359232356659554e-6	3.712862051770578e-6	3.554360358554859e-6	3.6553556158509803e-6	3.5519424094538265e-6	2.700530762607487e-6	1.633919762089966e-6	-4.85555431623051e-7	-1.939183588581467e-6	-3.3725634721992054e-6	-2.9821673705633786e-6	-3.310779615400632e-6	-2.4605093581358834e-6	-2.3088365818822384e-6	-1.6811220808986803e-6	-1.6532922162922938e-6	-2.9019321206278943e-6	-3.9251409627183865e-6	-3.5343881564671702e-6	-4.708034060047286e-6	-6.28437514603019e-6	-7.563260439241498e-6	-8.486550464215266e-6	-7.041749441687693e-6	-8.854821641359313e-6	-1.0395391805256273e-5	-1.2620351089832416e-5	-1.3890061154839565e-5	-1.6430591457354668e-5	-1.5717446289110646e-5	-2.1175710792655216e-5	-2.4829301651518735e-5	-3.140759087779722e-5	-3.783098749863363e-5	-4.535491539189298e-5	-5.3212104497506966e-5	-6.482734255490322e-5	-7.359493420775777e-5	-7.880280624339344e-5	-8.47812938678397e-5	-8.933299816299856e-5	-9.668981858001807e-5	-0.00010005527806012651	-0.00010318126836836652	-0.00011036588496360009	-0.0001069946586556127	-9.687746009643793e-5	-9.466624561652688e-5	-9.842141764028391e-5	-0.00010465335676838406	-0.00011605778074181726	-0.00012295747132230273	-0.00012363213201354835	-0.00011719467265462313	-0.00010363496192775882	-8.444785302058654e-5	-6.841618186044507e-5	-3.0567392752612124e-5	-4.9688196198771194e-5	-6.0416898675218645e-5	-6.206711526874666e-5	-5.446852906909475e-5	-4.7438421999803065e-5	-3.5715846898368674e-5	-2.4055219021519494e-5	-1.5836151055314933e-5	-1.645321084453935e-5	-2.073607565311001e-5	-2.729806432278086e-5	-2.6034287418149477e-5	-2.5084336008514285e-5	-2.515558707974659e-5	-5.2339610709622834e-5	-4.393477246627305e-5	-5.6058980160179905e-5	-6.14291324226154e-5	-6.314404917505661e-5	-5.869668460257776e-5	-5.693847939539304e-5	-5.871066214983324e-5	-6.128974014239915e-5	-6.308561014924845e-5	-6.64386992873015e-5	-6.706360435002902e-5	-6.952725293196335e-5	-7.256264670531774e-5	-7.268265175602775e-5	-7.266439745322751e-5	-7.056974460397107e-5	-6.58192052011182e-5	-6.154069767680208e-5	-5.481092422545742e-5	-3.799072737854011e-5	-1.7126065270036024e-5	2.723143719633031e-6	1.0034445575672624e-5	1.0357627106851158e-5	5.483708862783496e-6	-1.4696021817550177e-6	-9.505964630604708e-6	-1.3236011403957226e-5	-1.7094445538354958e-5	-2.1475995467005668e-5	-2.9342097982180872e-5	-3.420399778523726e-5	-3.978079607440616e-5	-4.170476287828685e-5	-4.721397398011699e-5	-5.0096728120496096e-5	-5.129171053245554e-5	-5.324847385709797e-5
-6.794342263826726e-7	-1.2081517996318306e-8	2.849913875583362e-7	1.547330403861352e-7	-1.0824225762533007e-6	-1.2872240729106064e-6	-7.745647588217833e-7	-1.058910936935437e-6	-6.202375285732035e-7	7.598933370565886e-7	2.173837308566077e-6	2.65753616169955e-6	3.6944774051822764e-6	3.143446580588854e-6	2.242904267966018e-6	1.6374866928169866e-6	1.630747022309106e-6	3.19910753627823e-6	2.4081168063859286e-6	3.1353341605378122e-6	2.9002851653777643e-6	1.7239278737174457e-6	1.6242074872010147e-6	1.253844660205599e-7	-9.365576286371599e-7	-2.136553693446691e-6	-2.2090274111476573e-6	-2.8013972890560124e-6	-3.2392250598391875e-6	-2.3354737204762683e-6	-3.2288552426516315e-6	-2.1687312770965863e-6	-2.264121008895264e-6	-2.7911142538362445e-6	-3.734501579749335e-6	-4.986228869114642e-6	-5.32785182885318e-6	-6.559403837528687e-6	-7.162176636379795e-6	-8.774958414623293e-6	-9.832734485486086e-6	-1.1763363490268405e-5	-1.073331758465624e-5	-1.1989447323861773e-5	-1.3560215175343823e-5	-1.5760574086396773e-5	-1.8793528361766036e-5	-1.881490981609879e-5	-2.4483073130676268e-5	-2.8827499397299488e-5	-3.725647212602084e-5	-4.374897203944408e-5	-4.856019944360639e-5	-5.740386586043514e-5	-6.507274509829578e-5	-7.419716194104285e-5	-7.945018717366937e-5	-8.795086154576555e-5	-9.300067743868304e-5	-9.340156272957508e-5	-9.693216030905909e-5	-9.942961961726619e-5	-0.00010701489460541004	-0.0001048885402303904	-9.774702098105286e-5	-0.00010605811416060764	-0.00011395488660228799	-0.00012037004791667178	-0.000126034835871145	-0.00011872205531626885	-0.00010430809883703578	-8.517152553524053e-5	-6.771759081058244e-5	-5.5483000208024404e-5	-3.971827010562862e-5	-2.8571363054803473e-5	-4.67871060746191e-5	-5.6300904513831036e-5	-5.5770834944646967e-5	-5.0505038952364505e-5	-4.036139506440701e-5	-2.7526336891542814e-5	-1.9284920389989538e-5	-1.6033731667993052e-5	-1.7212589109236176e-5	-2.1880745943413105e-5	-2.1989461234631254e-5	0.001285999852169116	-2.5784019287169134e-5	-3.718822707253228e-5	-5.9289792634828996e-5	-6.680464321431791e-5	-6.631329080774781e-5	-6.0057741740231815e-5	-5.383041047082263e-5	-5.326919652501013e-5	-5.770585764173488e-5	-6.175659782642123e-5	-6.407432665524117e-5	-6.684161384652135e-5	-6.719994299916681e-5	-7.029068342545466e-5	-7.268598255875665e-5	-7.418269238614831e-5	-7.269953255346039e-5	-7.010450479380688e-5	-6.460554017798234e-5	-6.0028028246278094e-5	-5.5977848972311745e-5	-4.848297397369106e-5	-2.8716638109837133e-5	-6.409874798475601e-6	6.828696392770445e-6	1.3945097799108238e-5	1.1744736346875131e-5	3.6110545450097203e-6	-2.8231313090488087e-6	-7.886963755861492e-6	-1.277009685011197e-5	-1.944303403789648e-5	-2.4846224757040913e-5	-2.9472363737584545e-5	-3.47177379488744e-5	-3.956873893218803e-5	-4.486043197354274e-5	-4.779910675557428e-5	-4.714310257200962e-5	-4.834517001805301e-5
-5.08054242054942e-7	-4.774582001195859e-7	-2.8341149631121165e-8	3.7629907545001784e-8	-3.4532654318540634e-7	-1.165387164496338e-6	-1.1354977651233718e-6	-1.0236269242311228e-6	-5.316912247797919e-7	-6.219878299879673e-7	1.4375109275404762e-6	2.4933535746046037e-6	2.560785138572188e-6	2.489414175586022e-6	1.960302313948033e-6	1.5922114305721817e-6	8.527588697302638e-7	1.2047183682226386e-6	3.0960315685680303e-6	2.9383024440204214e-6	1.8021164056061497e-6	8.388802457044188e-7	9.314658160416859e-5	-4.899262520739571e-7	-1.2076318966363925e-6	-1.2338892752997805e-6	-2.310490368663152e-6	-2.9622364212434932e-6	-3.0917359542073945e-6	-2.629778388731378e-6	-3.176664117599806e-6	-3.5296599946353863e-6	-3.0167316715019226e-6	-2.694746270242676e-6	-4.548426803680774e-6	-5.110389072744519e-6	-6.9368719494988535e-6	-7.994532999223416e-6	-7.71007019714125e-6	-9.224714784221563e-6	-9.480261926181344e-6	-1.0422077980227476e-5	0.00017507765400813307	-1.1026583233292309e-5	-1.2233156465189712e-5	-1.5017730170432779e-5	-1.8193612979149976e-5	-2.1510109598637e-5	-2.2672708975432455e-5	-2.905161841773368e-5	-3.248559698741421e-5	-4.009923201624653e-5	-4.599553742151946e-5	-5.30943291108144e-5	-5.998321044432906e-5	-6.817560476620192e-5	-7.307367557183924e-5	-8.249449429646597e-5	-8.403671141788988e-5	-9.03352552664269e-5	-9.281488945901001e-5	-0.00010078959482875917	-0.00010470742954258282	0.0003108368994806537	-0.00011429863393524076	-0.00011617459731629726	-0.00011828830320212728	-0.00011780629352678993	-0.00011198242670109292	-9.798538513591023e-5	-8.106561116870761e-5	-6.828287202554012e-5	-5.82981387419303e-5	-4.998997512364574e-5	-4.825617811127312e-5	-2.6204018993677882e-5	-3.1054608318138895e-5	-4.559396445146576e-5	-5.219524096185821e-5	-5.0970969633608657e-5	-4.763577312265994e-5	-3.572019791325126e-5	-2.5911691918859003e-5	-1.8847784956886604e-5	-1.4593002289745895e-5	-1.6936896026615265e-5	-1.646999578277901e-5	-2.1524763455351217e-5	-3.2064365626939366e-5	-4.8315418403469586e-5	-8.726991951101904e-5	-7.288943118782115e-5	-6.661092066291693e-5	-5.855494686769335e-5	-5.206726545482201e-5	-5.3168478180755114e-5	-5.7285870041590223e-5	-6.256970964474895e-5	-6.433098233789617e-5	-6.73085694002267e-5	-6.875982623804743e-5	-7.121177304759106e-5	-7.221233850690728e-5	-7.333575881789513e-5	-7.139133217188773e-5	-6.952238866352435e-5	-6.323426278870845e-5	-6.059950100786014e-5	-5.539570067784362e-5	-5.2605091033436704e-5	-4.0156216043010264e-5	-1.855762290424402e-5	2.3281151880188544e-6	1.3438763097185866e-5	1.7619432305873576e-5	9.29882669405439e-6	1.0716244760598966e-6	-4.909077123781526e-6	-1.2490135611268726e-5	-1.5997203252040215e-5	-2.0530616421857292e-5	-2.514466180739529e-5	-3.03927748713411e-5	-3.593912042878372e-5	-4.035090641282021e-5	-4.289055175005717e-5	-4.303849194579553e-5	-4.433157146401228e-5
-1.1194178695431677e-6	-9.826252246640998e-7	-7.256136682178352e-7	-7.023101595047361e-7	-9.033248311147123e-7	-1.4733532653052371e-6	-2.038853879726254e-6	-1.1839101258051023e-6	-8.002006958527513e-7	-1.8615834331133733e-7	-6.949776098710706e-7	1.1531942943832562e-6	1.9047183562098582e-6	2.2218303965854287e-6	1.5635509905569979e-6	8.83126026680111e-7	8.237616433979297e-7	1.6089702859704413e-6	1.4358815982192744e-6	1.7954676469547626e-6	1.578246215452341e-6	1.2076469223232505e-6	5.175727202236854e-7	4.7085074879847644e-8	-5.342884218953676e-7	-1.528463127088318e-6	-2.219857136339363e-6	-3.2020883188233927e-6	-3.283166417214294e-6	-3.963742574344519e-6	-3.596550139805155e-6	-4.063371748734665e-6	-4.200466781340137e-6	-4.9206411671784325e-6	-4.416248139670629e-6	-5.398866862306537e-6	-6.51241665878665e-6	-8.061177954294492e-6	-9.278375688012751e-6	-9.159642936951195e-6	-9.406445071236157e-6	-9.850107436654024e-6	-1.0341467762291006e-5	-1.1526303751892546e-5	-1.3896510705233098e-5	-1.3951755737902707e-5	-1.6193061172145974e-5	-1.9620995094757386e-5	-2.1741872676387568e-5	-2.679451179487223e-5	-3.070235290430893e-5	-3.6098421221907864e-5	-4.0104225931494224e-5	-4.588208408882631e-5	-4.9394842258049894e-5	-5.8308977601389785e-5	-7.047869136607779e-5	-7.591178840740545e-5	-8.420937574630865e-5	-8.503838347509235e-5	9.732178313362266e-5	-9.983151451933544e-5	-0.00011170380058358065	-0.00012395920125887923	-0.00012723292230307518	-0.00012114073021703836	-0.00011089924323071142	-9.755312542221017e-5	-8.504626446262159e-5	-7.397486161158555e-5	-6.598981024862277e-5	-5.953877171702626e-5	-5.449045793764649e-5	-4.836963118215855e-5	-4.4623131430286504e-5	-3.8418526872503224e-5	-1.941778930871071e-5	-3.25610045748422e-5	-4.640425521639825e-5	-4.904348625649202e-5	-4.895942931973374e-5	-4.575848917376217e-5	-3.532036508527205e-5	-2.1980212327544005e-5	0.0003709496508976038	-1.3703963346587723e-5	-1.9579483716302727e-5	-2.9316640865893924e-5	0.0008768779769790114	-5.880654386727522e-5	-6.790466825640218e-5	-8.002012820461715e-5	-6.685963396482362e-5	-5.850229983458445e-5	-5.437215026799598e-5	-5.510717265719495e-5	-5.6669938676353086e-5	-6.172507112768913e-5	-6.481877459137164e-5	-6.658944144753796e-5	-7.011602633371391e-5	-7.153206315230502e-5	-7.284768454378344e-5	-7.313738663289717e-5	-7.131378827575168e-5	-6.76870889390461e-5	-6.338814486072384e-5	-5.9324217245641754e-5	-5.719408007669267e-5	-5.098257775893117e-5	-4.533800634348565e-5	-2.9711284999048857e-5	-8.625394850127806e-6	7.921582407204421e-6	1.6358154994439546e-5	1.271591258276885e-5	5.845904857551066e-6	-1.3322710532709132e-6	-8.737379785639767e-6	-1.2278501792780186e-5	-1.6762796944920022e-5	-2.102944101151018e-5	-2.634470761922231e-5	-3.078992302760794e-5	-3.5533678884757574e-5	-3.7859119036151925e-5	-3.773781115035059e-5	-3.9102642427019194e-5
-2.2306666008417835e-6	-1.4442297662284722e-6	-1.4096792099783668e-6	-1.333010401889591e-6	-1.1134749050795232e-6	-1.279751399348313e-6	-1.9258360802344027e-6	-2.2078056985294333e-6	-1.8623311022518884e-6	-1.2122191422859162e-6	-6.077831644408669e-7	-5.8885471084196665e-8	7.958732449930752e-7	1.4954484519339112e-6	9.353559066605649e-7	1.1848140388443559e-6	6.233334279238858e-7	1.5185569169587788e-6	1.7223032323509125e-6	4.25137230107564e-7	1.1387862738709105e-6	8.286901180320832e-7	4.008637903091467e-7	-2.2341021332992605e-7	-1.266982457221789e-6	-1.8095915041627846e-6	-2.33295926126793e-6	-3.138412372322673e-6	-3.530589285608444e-6	-4.3478333470000534e-6	-4.905456893472418e-6	-4.819677430146683e-6	-4.930988144535918e-6	0.0046436113007424775	-5.98654832699658e-6	-5.254745412777186e-6	-7.0278991225484946e-6	-8.27195074031917e-6	-9.560756594051553e-6	-1.050634147468422e-5	-1.0396329444735137e-5	-8.609151710102514e-6	-9.72891796532688e-6	-1.1139703789427415e-5	-1.151747001964425e-5	-1.3597133013948772e-5	-1.5945757931190747e-5	-1.7056821722264337e-5	-2.1690193634482354e-5	-2.3750559299264788e-5	-2.9466429928340886e-5	-3.316266606166892e-5	-3.764517264847342e-5	-4.131899747252931e-5	-5.100030485389673e-5	-5.9692600454426276e-5	0.00015870474084683697	-7.535846886119095e-5	-8.344066836936783e-5	-8.899875338400868e-5	-0.00010171933812098835	-0.00011054177772792939	-0.00011746067348395069	-0.0001268820297714644	-0.0001243990222392962	-0.00011051285148783695	-8.932197653272128e-5	-7.314420329916074e-5	-6.35408879717976e-5	-5.886090548263634e-5	-5.662593004386726e-5	-5.4566519453944085e-5	-5.0904152099952044e-5	-4.622142513519131e-5	-4.190384138172496e-5	-4.212637215678192e-5	-2.4874137802451124e-5	-1.951470517721609e-5	-3.379368549713069e-5	-4.33791506624444e-5	-4.658399677939448e-5	-4.348161829794946e-5	-3.7496771695651535e-5	-3.038443912315239e-5	-1.902370190033382e-5	0.0011850868205662626	-3.2526880037065525e-5	-4.397629210090015e-5	-5.702214241683646e-5	-6.263715895564242e-5	-6.66982674936401e-5	-6.612898832068477e-5	-6.931462805711674e-5	-6.217058199991469e-5	-5.845500481376593e-5	-5.739352041002734e-5	-5.758275457276368e-5	-6.167359414458546e-5	-6.542393725337821e-5	-6.821910391015891e-5	-7.073759565289482e-5	-7.149511591664237e-5	-7.237538234355846e-5	-7.136231398716846e-5	-6.937293699972483e-5	-6.687694092440003e-5	-6.352568949783495e-5	-5.86459120971558e-5	-5.431155993422033e-5	-4.8417240286778357e-5	-4.3395288260565266e-5	-3.734084625216911e-5	-2.0472470039752458e-5	4.0376180743544217e-7	1.1228042539018594e-5	1.5103155764413121e-5	1.0164475134190679e-5	2.2489346634144234e-6	-4.4132467485428085e-6	-1.0572214940735708e-5	-1.4665244391071476e-5	-2.0319380186756405e-5	-2.379850793044142e-5	-2.8542532975312212e-5	-3.177846585837173e-5	-3.3815926148156187e-5	-3.526087999754517e-5	-3.547811825560781e-5
-3.320225895760663e-6	-2.616955555034828e-6	-1.8102980700043184e-6	-2.0238405442078895e-6	-1.8855434801132078e-6	-1.9421535495285636e-6	-2.127844098796382e-6	-2.440120835803857e-6	-2.15277305390968e-6	-1.6976326409348045e-6	-1.0749855890699895e-6	-6.400836135401307e-7	-9.465216275149867e-7	1.9974680615867779e-7	1.1557537754798303e-6	1.0023174288437912e-6	1.2800393178952815e-6	2.3316245570295224e-6	1.554712779320449e-6	7.728255460034235e-7	7.362786449320938e-8	-2.5257867565314177e-7	-3.796180354521386e-7	-6.560141586854293e-7	-1.3170211187498978e-6	-2.173394893364381e-6	-2.733090942338935e-6	-3.1453313864852808e-6	-3.4111828934181142e-6	-4.0396174090664245e-6	-4.447010957297549e-6	-5.729090235448127e-6	-5.870297883981746e-6	-6.073040163475946e-6	-6.548058113933037e-6	-7.286458207742159e-6	-8.078169828700486e-6	-9.165710762988827e-6	-1.0440606119997524e-5	-1.0829735587524012e-5	-9.125544663538465e-6	-1.058017274672648e-5	-1.0383373820667006e-5	-1.0808435049096746e-5	-1.2113131378369349e-5	-1.1629201090410145e-5	-1.621800937767542e-5	-2.014083462983647e-5	-2.369778859281327e-5	-2.5925512948601773e-5	-2.765260176810819e-5	-3.366267511641834e-5	-3.788060517814621e-5	-4.2409991871247225e-5	0.000516994131961857	-5.7672295937348126e-5	-7.032738589860085e-5	0.00010601821200255965	-9.607216876723955e-5	-0.00010288431089909111	-0.00010918835763426733	-0.00011033296396293062	-0.00010904338118463948	-0.00010904973776176938	-0.00010210583766437722	-8.93590296805434e-5	-7.283835180737683e-5	-6.15491880001282e-5	-5.315836053366497e-5	-5.13191277503656e-5	-5.057536565396649e-5	-4.940596807752676e-5	-4.7904440270650755e-5	-4.4558219057717376e-5	-4.012671694675644e-5	-3.691610308648131e-5	-3.2406605989616574e-5	-1.6378234710893568e-5	-2.3919566297873462e-5	-3.3742839051478703e-5	-3.937504048040583e-5	-3.639282368208185e-5	-3.224055399465419e-5	-3.307787403781636e-5	-3.6343883864768146e-5	0.0005528624407196607	-4.856988411081845e-5	-5.54640185116014e-5	-6.175658803629245e-5	-6.453215465723186e-5	-6.405995356335891e-5	-6.602641848974661e-5	-7.29301321912069e-5	-6.92331901442256e-5	-6.559703043278924e-5	-6.219650313914605e-5	-5.879665323493539e-5	-6.194953104776799e-5	-6.47606138740812e-5	-6.809167705756057e-5	-6.927966137766249e-5	-6.970588898967808e-5	-7.023056462841554e-5	-6.937472827285508e-5	-6.690079932809671e-5	-6.483321798446775e-5	-6.156361177621231e-5	-5.58324148842266e-5	-5.1366723483276065e-5	-4.853413250422789e-5	-4.1769679235380275e-5	-3.8920821009017295e-5	-3.32595257735433e-5	-1.3281331028231272e-5	3.154820036531088e-6	1.3438567151360112e-5	1.2650315187685748e-5	5.955581630016481e-6	-2.1119151623360567e-7	-7.887437046267924e-6	-1.2241897908522783e-5	-1.6557297563167192e-5	-2.0650106440377224e-5	-2.3982495197947184e-5	-2.729374785036265e-5	-2.8158686490875346e-5	-3.0049625203046977e-5	-3.011652768779272e-5
-4.071647588505629e-6	-3.6549366397314485e-6	-3.0631148874006803e-6	-2.4384512297136477e-6	-2.534482430256225e-6	-2.3614367555835087e-6	0.00019291497721057567	-2.5122487499324147e-6	-3.0147198991478576e-6	-2.856412503038754e-6	-1.9916810777524793e-6	-1.1986254613090448e-6	-8.648022236339278e-7	-6.482360096024976e-7	-1.0378554081685171e-7	5.14978954770616e-7	1.6274218418054409e-6	2.603270596622043e-6	9.898434643012925e-7	2.96895251913616e-7	-3.2846730152154887e-7	-9.634656865858482e-7	-1.0593065088841148e-6	-1.425583232109737e-6	-2.1083365280938175e-6	-2.2302607215863397e-6	-3.534644397079666e-6	-3.7270166895731448e-6	-4.9674515562665895e-6	-4.8564427799173545e-6	-5.106682616487154e-6	-5.7898100464225935e-6	-5.9783430779214485e-6	-7.567038966550788e-6	-8.077602818801167e-6	-8.915558078235282e-6	-9.408919999877633e-6	-1.1256268425869926e-5	-1.2170288519382255e-5	-1.002262088126431e-5	-9.76031048414679e-6	-1.0592905672524196e-5	-1.124183065417234e-5	-1.0819224472379506e-5	-1.2003725831491495e-5	-1.2850479458260868e-5	-1.896124816527919e-5	-2.2510151635447796e-5	0.00013534244004790056	-3.01014486329802e-5	0.0017521816371847778	-3.261285768169282e-5	-3.67206446326158e-5	-4.4197893555127836e-5	-5.3566219556126435e-5	0.00015544546541108742	-8.047638106636174e-5	-9.295600527140478e-5	-0.0001010267611314421	-0.00010282386988871308	-9.989157238703139e-5	-9.505983810485373e-5	-8.840506778983338e-5	-8.44843878725261e-5	-8.070472257411883e-5	-7.603807046459082e-5	-6.76912278553066e-5	-5.828479939572824e-5	-4.965499534055726e-5	-4.603115715304902e-5	-4.500698304039756e-5	-4.5307959823932646e-5	-4.433173681210774e-5	-4.076694073377324e-5	-3.7670787206094646e-5	-3.542740911722207e-5	-3.539003615691833e-5	-2.7103864272751133e-5	-1.48113482033611e-5	-1.9815202834247078e-5	-2.748425173847201e-5	-3.0113633888036694e-5	-2.9457247302110308e-5	-3.5208002194470414e-5	9.490866307595124e-5	-6.063050668914539e-5	-6.34895952989975e-5	-6.150986926750516e-5	-6.139965373082963e-5	-6.144084353299547e-5	-6.332394945218625e-5	-6.528379000142037e-5	-6.688003332589766e-5	-7.18355622662749e-5	-6.893679784040476e-5	-6.581099097505237e-5	-6.154827727941061e-5	-6.327871323737427e-5	-6.396605313206444e-5	-6.621130707902133e-5	-6.949937579652172e-5	-7.031429575415395e-5	-7.008710509924737e-5	-6.823726364659595e-5	-6.628959805724107e-5	-6.230231831033293e-5	-5.841790368007723e-5	-5.500571513921662e-5	-5.052758641457995e-5	-4.704137638924795e-5	-4.506447592479289e-5	-3.90760598771914e-5	-3.536506647345227e-5	-2.825377274560904e-5	-8.807516600127475e-6	6.989929796595833e-6	1.0632396505680939e-5	9.206982660997379e-6	1.0800994695804502e-6	-4.915720479623095e-6	-1.013636937254904e-5	-1.4802907971693232e-5	-1.769104571110224e-5	-2.205879856545718e-5	-2.388076564854803e-5	-2.4000352203805983e-5	-2.5800884452276693e-5	-2.6804114619863578e-5
-4.497517508726201e-6	-4.597422914058764e-6	-4.249926616141028e-6	-3.7110345487643406e-6	-3.352864388512784e-6	-2.991963791738189e-6	-3.1695120127501466e-6	-3.2175040156999643e-6	-2.8535287998748002e-6	-3.2827593151007724e-6	-2.7637043176719205e-6	-1.6141168783105663e-6	-6.111964889684044e-7	-9.051363107648053e-7	-1.4495521171326584e-6	-4.502107225706157e-7	2.023857167629279e-6	1.5875473441130097e-6	6.665948812492649e-7	2.7669299457969837e-7	-5.997574217727611e-7	-1.4211322263971886e-6	-1.5109213680138166e-6	-2.2388501432407453e-6	-2.2737676191338487e-6	-3.3917618308545268e-6	-3.26279923958399e-6	-3.859287502216307e-6	-4.678740386738827e-6	-5.689559123801206e-6	-6.17851168466829e-6	-6.569762767022502e-6	-7.576113543293498e-6	-8.283597992112847e-6	-9.979483760937254e-6	-9.830522953692888e-6	-1.1561519209192452e-5	0.00013023808028771687	-1.262512067999144e-5	-1.1595050080129808e-5	-1.0046245869352105e-5	-1.077582313018053e-5	-1.073163016589683e-5	-1.2036315256302608e-5	-1.4076985138292792e-5	-1.7475078649620756e-5	-2.107577465725193e-5	-2.6938730336874533e-5	-3.093421079738263e-5	-3.284090834969637e-5	-3.666222880778546e-5	-3.851941306648758e-5	-4.357848437062115e-5	-5.2016425858806984e-5	0.00016145752369182542	-7.319240009657103e-5	-8.233713118016746e-5	-8.643710536280873e-5	-8.67332366973777e-5	-8.660158695041986e-5	-8.112875584458351e-5	-7.642416867580039e-5	-7.034505759159434e-5	-6.799355792204984e-5	-6.755270688779658e-5	-6.821840588478118e-5	-6.477142669265791e-5	-5.777546811683385e-5	-5.0025577577844475e-5	-4.3650337995315225e-5	-4.1437674957252486e-5	-4.023672194091105e-5	-3.999783642727288e-5	-3.8033475234847385e-5	-3.451934249407889e-5	-3.113380414002283e-5	-2.8941447116127318e-5	-2.8333934309898723e-5	-1.6991561015947294e-5	-8.109204038624605e-6	-1.3233545037680434e-5	-2.1605309704383728e-5	-3.216307263706128e-5	-4.689499413562583e-5	-5.600253450815376e-5	-6.430997673219406e-5	-6.826851456891029e-5	-6.257428971056774e-5	0.0008970685702345887	-5.90674300920079e-5	-6.32942454699653e-5	-6.588942819975817e-5	-6.75487792117682e-5	-6.719758802596252e-5	-7.315482832028733e-5	-7.229786517300597e-5	-6.837400257379746e-5	-6.542951293004445e-5	-6.490726951410581e-5	-6.749374278967966e-5	-6.805263998542889e-5	-6.79449826905933e-5	-6.784793152883562e-5	-6.627966945703563e-5	-6.324691972792586e-5	-6.060138215370687e-5	-5.591311807361067e-5	-5.3469765919517695e-5	-5.0954165150022754e-5	-4.644786158811273e-5	-4.44172968462359e-5	-4.0105474687258816e-5	-3.7743301057409275e-5	-3.446892722663202e-5	-2.566562349340341e-5	-5.769030340409525e-6	7.975691503612527e-6	9.85402876663025e-6	5.426002285473892e-6	-1.5605303995097457e-6	-8.20067844149253e-6	-1.3167773288359687e-5	-1.6871518484774762e-5	-1.8499965100202825e-5	-1.871082856068438e-5	-2.0001376120561305e-5	-2.0436900449131035e-5	-2.3820006309934047e-5
-4.485470226283728e-6	-4.8792381778515245e-6	-4.978332588032844e-6	-4.789681924745348e-6	-4.262480488430071e-6	-3.6715074244470913e-6	-3.3465519019550095e-6	-3.193251019224688e-6	-2.986086304425698e-6	-3.05403745439511e-6	-3.1358955374240867e-6	-2.8769054516311707e-6	-1.9571009999240496e-6	-8.500687451314885e-7	-8.89695752807158e-7	8.158454909367417e-9	1.7230590259177496e-7	-3.292916019747476e-7	-4.0370267857261187e-7	9.729585128022411e-8	-9.269500948609101e-7	-1.6099203080952116e-6	-2.1335049403022185e-6	-2.5125370907083666e-6	-2.4167652835568876e-6	-3.4968284366878157e-6	-3.991043539435576e-6	-4.62559202257047e-6	-5.009784779930865e-6	-5.7094235590525325e-6	-6.939392293011195e-6	-8.290392743004883e-6	-1.0259647190299058e-5	-1.1050493999603564e-5	-1.1455813055577567e-5	-1.229177962833053e-5	-1.3750671522556727e-5	-1.4418207118705633e-5	-1.175674607668787e-5	-1.2348305040434885e-5	-1.234758782892064e-5	-9.850533602023294e-6	-1.060986331107819e-5	-1.4106217386994531e-5	-1.6821085651951657e-5	-2.3799822441116208e-5	-2.9584002155739596e-5	-3.180272855691146e-5	-3.4009664487492366e-5	-3.7065220682004326e-5	0.0003669689473276901	-4.4224654224898474e-5	-4.7940317780218594e-5	-5.6455764817637784e-5	-6.365841786489619e-5	-6.743761441779122e-5	-6.92322417090882e-5	-7.025723627181147e-5	-6.875026307382208e-5	-6.699451636152506e-5	-6.604106443620309e-5	-6.260234284804459e-5	-5.995589508038263e-5	-5.7305065497551726e-5	-5.8901403387741705e-5	-6.138192601702857e-5	-6.19080658280553e-5	-5.716500479823936e-5	-5.053797498083502e-5	-4.384904252706639e-5	-3.937394617796854e-5	-3.675480602516193e-5	-3.46567885014539e-5	-3.4097378323605376e-5	-3.140258339636142e-5	-2.8605434434364474e-5	-2.5770477514051784e-5	-2.415074684230774e-5	-2.039814664536255e-5	-8.629967562724834e-6	-9.761630138005635e-6	-2.296289666189411e-5	-3.666484465412708e-5	-5.0127912122925004e-5	-5.9475612028338405e-5	-6.208996432608251e-5	-6.282256854561307e-5	-6.238380498833386e-5	-5.9112500494713e-5	-5.6328565427375514e-5	-5.835419920842064e-5	-6.143749941753783e-5	-6.380747781810597e-5	-6.631708777255201e-5	-6.837373844995097e-5	-7.763573309858937e-5	-7.44004643633302e-5	-7.02411781633959e-5	-6.905872191871436e-5	-6.739058388193983e-5	-6.610795518174981e-5	-6.480948042973992e-5	0.0010949649423007727	-6.31917450323843e-5	-6.166338811078634e-5	-5.9342208079887293e-5	-5.632859483871758e-5	-5.385611108230212e-5	-4.9656415323964375e-5	-4.8522405991346506e-5	-4.532345666558978e-5	-4.2380922825221686e-5	-3.829403715110177e-5	-3.6314057061577216e-5	-3.303058624602425e-5	-2.187864121531882e-5	-2.9425123990233035e-6	8.962838407897524e-6	8.161154589039939e-6	7.158647564163047e-7	-5.280738402818359e-6	-9.930738326070429e-6	-1.245736226822866e-5	-1.3492818110147266e-5	-1.4998008732191627e-5	-1.545043630033871e-5	-2.0294727827311135e-5	-2.2116689969638474e-5
-4.679893811222031e-6	-5.028369024507044e-6	-5.4994253467381465e-6	-5.750695717039213e-6	-5.783162118818948e-6	-5.100157433844134e-6	-4.671738886637567e-6	-3.852508603349367e-6	-3.5968835957920445e-6	-3.6498678253040146e-6	-3.2073729474608624e-6	-3.230371437752959e-6	-2.7869536017074287e-6	-1.817681460479937e-6	2.2848061471763235e-7	5.819341945714589e-7	-6.581199743835699e-7	-1.6113520677810654e-6	-1.215298044897296e-6	-1.159619709230255e-6	-1.596259994695562e-6	-1.9013706916570653e-6	-2.22559178672413e-6	-2.9379238854806543e-6	-2.75425749240543e-6	-3.0114496615515126e-6	-2.8179246660571663e-6	-2.574992235930551e-6	-5.373474278193681e-6	-7.098380844840777e-6	-9.240972614074985e-6	-1.099891570607392e-5	-1.1981088858154551e-5	-1.3342613091883422e-5	-1.441659018464774e-5	-1.558252070778287e-5	-1.6504428847102554e-5	-1.4921177166572958e-5	-1.4414794605500133e-5	-1.4698630600341748e-5	-1.5189014131365111e-5	-1.549516630262003e-5	-1.6922151173693624e-5	-2.157413141538856e-5	-2.4926683551615685e-5	-3.099276576733743e-5	-3.2822700439988405e-5	-3.617234146665682e-5	-4.223983628608228e-5	-4.372416869823266e-5	-4.40616360753549e-5	0.00016159927311882737	-4.983723104797085e-5	-5.263069647573658e-5	-5.374250379876872e-5	-5.352713495453663e-5	-5.259809357987611e-5	-5.184222525838342e-5	-5.2887799284655006e-5	-5.3460437480034695e-5	-5.469905540175042e-5	-5.367826495505923e-5	-5.313888596061487e-5	-5.2036985598698455e-5	-5.321683299296131e-5	-5.520605374028536e-5	-5.674858972765529e-5	-5.543170483886771e-5	-5.09225066708805e-5	-4.298671195331104e-5	-3.911153387048177e-5	-3.4352121729228774e-5	-3.08271978163052e-5	-2.769233331767441e-5	-2.4613662435426977e-5	-2.2564392760575456e-5	-2.1393822841530782e-5	-2.0010885069690707e-5	-2.224323021306424e-5	-2.1266550847046616e-5	-1.5062923141651377e-5	-2.3389523094046773e-5	-3.711094235413952e-5	-4.8201190336793955e-5	-5.369599423839201e-5	-5.6209027027146787e-5	-5.825965956201846e-5	-5.879091937604532e-5	-6.088679865363022e-5	-6.0693620407119026e-5	-5.830441499531883e-5	-5.673686796642545e-5	-6.097014659399609e-5	-6.327672722277714e-5	-6.576579170310126e-5	-5.710972208995083e-5	-7.607570291166257e-5	-7.352028080962977e-5	-6.998551086963636e-5	-6.610183586949888e-5	-6.346797778341282e-5	-6.290764722531009e-5	-6.218694273578732e-5	-6.112912407524058e-5	-6.0332405290165324e-5	-5.810754095348313e-5	-5.4558080986354465e-5	-5.122693394292704e-5	-5.00307632370653e-5	-4.639080815847796e-5	-4.548682737271609e-5	-4.3730402410482394e-5	-4.108843129567419e-5	-3.6931552932717654e-5	-3.4427817824101694e-5	-3.174050788919288e-5	-2.1000844976275333e-5	-1.6243798894952782e-7	6.713245870960732e-6	4.153850064966564e-6	-3.15594357542864e-6	-6.976072948255627e-6	-7.164994413858157e-6	-8.747601788273215e-6	-1.0820109829108842e-5	-1.5859906031274323e-5	-1.8064541612870582e-5	-2.0609329903472154e-5
-5.276486764206059e-6	-5.251946564425211e-6	-5.406698489919125e-6	-6.003657348132717e-6	-6.541504141222899e-6	-6.045671728659879e-6	-5.380820173461623e-6	-4.79219102212671e-6	-4.06057898137452e-6	-3.817037312595539e-6	-3.568131230245546e-6	-3.143264014549745e-6	-2.8756737226247287e-6	-1.2386694451578138e-6	-9.11062666348922e-7	-4.30777072352043e-7	-3.8662252830376064e-7	-1.4556970106866136e-6	-1.471819488252932e-6	-2.3127753908915505e-6	-2.2906473045138705e-6	-2.4572821986972243e-6	-2.801091607889327e-6	-3.004806269565354e-6	-4.647805180966482e-6	-4.516398663205728e-6	-5.178263596278157e-6	-5.062585009776746e-6	-6.503162767256096e-6	-7.760661937004443e-6	-8.045915423417769e-6	-9.873849223565037e-6	-1.2033725699749477e-5	-1.420890835161304e-5	-1.6059307006836853e-5	-1.7063053931674335e-5	-1.4722523372583227e-5	-1.522191134951782e-5	-1.4207988098617055e-5	-1.5583067922440895e-5	-1.7259122638924127e-5	-2.1573808115855258e-5	-2.491825716751349e-5	-2.967419380552896e-5	-3.350603242064211e-5	-3.6962448143925265e-5	-3.952696807883738e-5	-4.200527278226229e-5	-4.1852710200486086e-5	-4.2322939902681204e-5	-4.3110973018073515e-5	-4.448697958168849e-5	-4.483504231550181e-5	-4.3448822716797976e-5	-4.12636511118832e-5	-3.920517710747241e-5	-3.8599188176765566e-5	-3.8087806074899445e-5	-3.963821925019855e-5	-4.1665989586106285e-5	-4.3846256235130824e-5	-4.565254237533581e-5	-4.691253790899889e-5	-4.827502560309123e-5	-4.9372991748150184e-5	-4.941010500527916e-5	-4.993665886777587e-5	-5.1360718039385406e-5	-4.965248490983762e-5	-4.320455633804055e-5	-3.810738971349748e-5	-3.240564415196495e-5	-2.6668444869472948e-5	-2.1310483700929216e-5	-1.8233550660865308e-5	-1.7978525818855128e-5	-2.007527943436848e-5	-2.185264574356598e-5	-2.5703164478643563e-5	-3.178225395545926e-5	-3.0258173823558433e-5	-2.779723745638136e-5	-3.250486397952295e-5	-3.9624333287235306e-5	-4.604304780595359e-5	-5.1459263024518625e-5	-5.433202935250852e-5	-5.766918892863857e-5	-5.9247202877695665e-5	-5.9898527503656276e-5	-6.0788956122000354e-5	-5.866363369505371e-5	-5.8253132425439835e-5	-5.957107521666386e-5	-6.308689853138272e-5	-6.470311762532522e-5	-6.071061064047661e-5	-7.277358858749769e-5	-6.96240381806428e-5	-6.586368946071008e-5	-6.205130465152691e-5	-5.9419846476683894e-5	-5.817758452053958e-5	-5.7800449268827865e-5	-5.676738790949781e-5	-5.551135653052283e-5	-5.4866845100132004e-5	-5.275713406671092e-5	-4.911286401176884e-5	-4.8007252557871836e-5	-4.6337371203611496e-5	-4.270078730276433e-5	-4.112237921770302e-5	-3.869680685025909e-5	-3.4374620088280195e-5	-3.274960085208217e-5	-2.9617590881046577e-5	-2.074957247482582e-5	-3.8145465852310566e-7	4.9365743053694094e-6	2.226342989467261e-6	-3.703782622938544e-8	-5.281470199277726e-6	-6.823511056696079e-6	-1.1878861505716914e-5	-1.3860597126210544e-5	-1.6459057153815886e-5	-2.0510574739784687e-5
-6.269186292098545e-6	-6.046226261641912e-6	-5.796871908592116e-6	-6.170675337015426e-6	-6.391575464490093e-6	-6.724172280545243e-6	-6.474358501154889e-6	-5.9073461313794546e-6	-5.159249926841507e-6	-4.5545625912442995e-6	-3.524935308593137e-6	-2.902263428444362e-6	-1.0813237374328018e-6	-1.766202370649477e-6	-2.2704478141045547e-6	-1.7446796492053256e-6	-1.6928762348097232e-6	-1.2841832793415156e-6	-2.086789204598042e-6	0.0013837376758670291	-1.8777104520502266e-6	-2.6193746511946536e-6	-3.4827426577713986e-6	-4.5674896226310935e-6	-5.595686850497542e-6	-5.712820880905082e-6	-6.5152984064293555e-6	-7.669541959379471e-6	-8.976927450357348e-6	-1.0454794307487641e-5	-1.1629545547823584e-5	-1.3180438587575443e-5	-1.4471743942497074e-5	-1.4949329596016599e-5	-1.5445715660945543e-5	-1.4213389596727066e-5	-1.6291731809087487e-5	-1.561389087238686e-5	-1.8343731305231524e-5	-2.1591877138980322e-5	-2.4683102916597073e-5	-2.9838630129054643e-5	-3.1158325997535596e-5	-3.4531672030803156e-5	-3.639038524516473e-5	0.0005828623894323152	-3.9775379833626714e-5	-3.9112259372497005e-5	-3.909190760533691e-5	-3.814613091001403e-5	-3.9410557454695825e-5	-3.725902746744378e-5	-3.5534487077347845e-5	-3.185944313310277e-5	-2.973857771820641e-5	-2.82026298839349e-5	-2.744040002843485e-5	-2.7990685420964758e-5	-2.953155179838201e-5	-3.203851046615358e-5	-3.573003158124303e-5	-3.86739408423845e-5	-4.16082420068455e-5	-4.293708509579667e-5	-4.521344033171044e-5	-4.4552601286115736e-5	-4.415656938727176e-5	-4.4528403914388974e-5	-4.489423305749059e-5	-4.1105370217537664e-5	-3.633850555753932e-5	-3.016971884356413e-5	-2.4297327264912166e-5	-1.853027770646904e-5	-1.6497912837135174e-5	-1.8118491833057047e-5	-2.34273619304946e-5	-2.7965584174457526e-5	-3.222950571859064e-5	-3.724942322495296e-5	-3.918230708925595e-5	-3.3011335727202006e-5	-2.8974008949131554e-5	-3.4882939721275156e-5	-4.1852869966376924e-5	-4.698480232624095e-5	-5.192260336858408e-5	-5.5476415926347666e-5	-5.7524056528047854e-5	-5.982531317192362e-5	-6.051796998336116e-5	-6.166714603986711e-5	-6.140536379603567e-5	-5.960781707185477e-5	-5.891740110071592e-5	-6.22065837220531e-5	-6.299159471278063e-5	-5.96095295031854e-5	-6.601953204187308e-5	-6.51669481567627e-5	-6.140930073184178e-5	-5.792127556495329e-5	-5.642459088499405e-5	-5.4712237344958304e-5	-5.417927616429056e-5	-5.454622808057194e-5	-5.180132893050108e-5	-5.0584476866727315e-5	-4.9185085217808054e-5	-4.808885755691584e-5	-4.5354971299835104e-5	-4.45999017198136e-5	-4.0753166469681716e-5	-3.923063774535643e-5	-3.688462126732236e-5	-3.268752887217478e-5	-3.0896533704274877e-5	-2.903278618034198e-5	-2.5408330014346347e-5	2.48880356880604e-6	6.0427951233067625e-6	2.2751209090505e-6	-2.5779779762476456e-6	-6.9071694521740876e-6	-1.0081359901883361e-5	-1.2993071069359804e-5	-1.726434964592952e-5	-2.0381170604292717e-5
-6.746636073381486e-6	-6.669466970147771e-6	-6.845109086924775e-6	-6.8987945300058346e-6	-6.62507112058876e-6	-6.574845616650346e-6	-6.3680374603298454e-6	-6.237173231540794e-6	-4.999105086317304e-6	-4.495375595533167e-6	-3.0465054708540135e-6	-1.5282754405791885e-6	-1.5084584066332903e-6	-1.8057289129941052e-6	-2.90707130485852e-6	-3.4584284292166027e-6	-3.0774750739025105e-6	-3.0813436250118472e-6	-2.2439156595251706e-6	-2.1972775723748134e-6	-2.9996485848341175e-6	-3.299865471408851e-6	-3.4983393655345883e-6	-3.7909773228581023e-6	-4.8798956601801965e-6	-5.444762053816599e-6	-7.906693544953037e-6	-1.0611914224038701e-5	-1.1724459350511687e-5	-1.3645755436985383e-5	-1.373021766322023e-5	-1.4378689506324436e-5	-1.569680626853419e-5	-1.587018763205396e-5	0.000201046527547474	-1.78332421092996e-5	-1.943261492030142e-5	-2.0908216445507388e-5	-2.3627468084905928e-5	-2.5611262676936662e-5	-2.9408983285967812e-5	-3.229024792807068e-5	-3.2790893947611996e-5	-3.5137664151422524e-5	-3.680079450827094e-5	-3.619101972771597e-5	-3.5580040037101464e-5	-3.473457949827648e-5	-3.427422863102762e-5	-3.4258421924938465e-5	-3.138718480154084e-5	-2.8407343339662407e-5	-2.4855294555887607e-5	-2.2255492562118693e-5	-2.0362144803067438e-5	-1.948557058801826e-5	-1.8847736428688542e-5	-1.9506523658060354e-5	-2.1376697371733094e-5	-2.4388881349822846e-5	-2.7825733211399133e-5	-3.198851652314039e-5	-3.5320891377741944e-5	-3.7748142785258e-5	-3.925457894062836e-5	-3.9446026385846255e-5	-3.861216195201792e-5	-3.764044606473856e-5	-3.892033731956704e-5	-3.784369603554742e-5	-3.4228118487092396e-5	-2.9004765025365548e-5	-2.3797533971951605e-5	-1.833415605705796e-5	-1.8078890706154597e-5	-2.214254269283962e-5	-2.8611771083885545e-5	-3.249431971495123e-5	-3.420291013513923e-5	-3.5808276302397215e-5	-3.8819051764781096e-5	-3.9500805993426986e-5	-3.660760414459429e-5	-3.550640761181695e-5	-3.941757053263972e-5	-4.491670651011418e-5	-4.928818548397972e-5	-5.244502926490986e-5	-5.524001011307381e-5	-5.817127537514053e-5	-6.0365055200447236e-5	-6.288333594819755e-5	-6.214203280893575e-5	-6.309565988809446e-5	-6.17066629014654e-5	-5.9969196461700635e-5	-5.847433373609907e-5	-5.814937652551776e-5	-5.658196993947107e-5	-6.012875607791198e-5	-6.272521879899522e-5	-5.790566475005288e-5	-5.4264013302562984e-5	-5.173430321258525e-5	-5.180974229103126e-5	-5.149769639608908e-5	-5.0757335726575896e-5	-5.029861517273789e-5	-4.919377733726064e-5	-4.672174727408051e-5	-4.524080382911047e-5	-4.360739616583384e-5	-4.139067782886843e-5	-3.969885799747722e-5	-3.634434748869906e-5	-3.386501855453866e-5	-3.20194376485553e-5	-2.8940622677763603e-5	-2.8189008340127712e-5	-2.7352520177536914e-5	7.761669263306892e-7	1.792036225439558e-6	-1.966634676343979e-6	-6.196152038282984e-6	-9.249539554743134e-6	-1.5160897823214602e-5	-1.8898263870958335e-5	-2.4599329070799404e-5
-6.8536035656115765e-6	-7.273417697474397e-6	-7.525557676163312e-6	-7.214824040977018e-6	-7.128282755920366e-6	-6.468314613406758e-6	-6.123223776112463e-6	-5.503806335684059e-6	-4.36808761286844e-6	-2.656585992306243e-6	-1.054800969747078e-6	-2.139503600753236e-6	-2.648354265360651e-6	-2.731812017144563e-6	-3.4313595340498045e-6	-3.6503393913139967e-6	-4.0055466299772444e-6	-4.640260187094183e-6	-3.7879818569629175e-6	-3.575366942302192e-6	-3.20521930340361e-6	-4.052362009756422e-6	-4.168347389734632e-6	-6.177961162109435e-6	-7.210431059664099e-6	-6.889077980358439e-6	-8.299866840035322e-6	-1.005886322127177e-5	-1.1476314330761354e-5	-1.2271080370986022e-5	-1.4187751348109304e-5	-1.3903303592693308e-5	-1.3715248178882149e-5	-1.4054548238312168e-5	0.00021549882979409146	-1.670093074972916e-5	-1.925258691571263e-5	-2.2917758725482518e-5	-2.5650895014739947e-5	-2.774043452843304e-5	-2.98975771861155e-5	-3.253523723290773e-5	0.00043235886587048353	-3.213094925641171e-5	-3.093597567870097e-5	-3.021977140866373e-5	-3.0474280678964506e-5	-3.0064888549236957e-5	-2.8646861880602217e-5	-2.638522986459868e-5	-2.3060730003968664e-5	-1.9925750171102385e-5	-1.7132418246754123e-5	-1.526828834377662e-5	-1.4003187824865261e-5	-1.2603528295372863e-5	-1.2414370226993302e-5	-1.27890600225004e-5	-1.4784507422793182e-5	-1.7457471158214568e-5	-2.102862535587524e-5	-2.4509996762267592e-5	-2.8409876503702807e-5	-3.068232704947385e-5	-3.2533220195159695e-5	-3.366045572158441e-5	-3.2760598170508085e-5	-3.1966534841664255e-5	-3.1869073065167756e-5	-3.229221607397247e-5	-3.174985730689016e-5	-2.8675750574156788e-5	-2.4960202351276446e-5	-2.1766288828728615e-5	-2.1705628526968654e-5	-2.57184272809503e-5	-3.074807585244166e-5	-3.339145114800374e-5	-3.4046006505510356e-5	-3.517617866129544e-5	-3.853673575599436e-5	-4.3764497229057796e-5	-4.508162156308202e-5	-4.215442673833475e-5	-4.084754485318091e-5	-4.3458157101097013e-5	-4.6908467898584046e-5	-4.9764259000878355e-5	-5.348936727805854e-5	-5.716659911045958e-5	-5.912450695645579e-5	-6.146770531673465e-5	-6.302390094184299e-5	-6.47614829739037e-5	-6.308720396788563e-5	-6.25364866731204e-5	-5.8748426596134246e-5	-5.658252611488387e-5	-5.505316988640681e-5	-5.1358410400035616e-5	-5.5564354234214795e-5	-5.758697783693099e-5	-5.627700875160391e-5	-5.264539950905597e-5	-5.1415787590802764e-5	-5.033977093324589e-5	-5.1058452215185205e-5	-5.0206987350099046e-5	-4.859508397392939e-5	-4.694423334127484e-5	-4.5798668139439714e-5	-4.2876388655233716e-5	0.0017421158386124902	-3.8294074421066446e-5	-3.687467436063428e-5	-3.436997918389306e-5	-3.203236168989546e-5	-3.214352999909983e-5	-3.096299594607219e-5	-3.10521490290731e-5	-3.0321445829167458e-5	-4.357980148679639e-6	-2.9540578631523113e-6	-7.110888306785176e-6	-1.1305085992043213e-5	-1.5744580109203774e-5	-2.0769990540880998e-5	-2.7488799757388778e-5
-7.508119788644265e-6	-7.517179951562836e-6	-7.621494214485661e-6	-7.786809985771078e-6	-7.472100883846211e-6	-6.8878362666495874e-6	6.52928129951644e-5	-4.603116097037579e-6	-2.8415541443072728e-6	-1.7773325068569617e-6	-1.6719089547396191e-6	-2.142914974286069e-6	-2.020222731710284e-6	-2.3928235754437773e-6	-3.5243134644574368e-6	-4.083708879246747e-6	-5.005322784596019e-6	-5.344897950040938e-6	-5.275517791413159e-6	-4.7622812083516954e-6	-4.3033485051916e-6	-5.601936201591121e-6	-6.3114085972185065e-6	-7.278802557756682e-6	-7.922382912062677e-6	-8.66273542673567e-6	-9.438293206069735e-6	-1.1768125426773243e-5	-1.2846954753860992e-5	-1.4051739369492664e-5	-1.4372193569370945e-5	-1.4255797003645283e-5	-1.3659347352189938e-5	-1.306982707911103e-5	-1.5530067832623235e-5	-1.73691769772338e-5	-2.0162518354991527e-5	-2.2383939040344458e-5	-2.4304049206661318e-5	-2.5771447383656062e-5	-2.7242406923864146e-5	-2.7542990756089178e-5	-2.6371727936121234e-5	-2.557368426033479e-5	-2.463915366236768e-5	-2.5310794358558762e-5	-2.4810659849109002e-5	-2.321264281271028e-5	-2.102400097528487e-5	-1.8771325829289927e-5	-1.668294434924709e-5	-1.427354770587309e-5	-1.2409627623242991e-5	-1.1041439623885139e-5	-9.561190541552966e-6	-8.39448430327305e-6	-7.809070089687478e-6	-8.478123512214747e-6	-9.686046959292427e-6	-1.1676886721495507e-5	-1.4153255315017647e-5	-1.7387426262834276e-5	-2.013925895465857e-5	-2.24128856755266e-5	-2.4843582779556688e-5	-2.589832920704303e-5	-2.600079946734734e-5	-2.594857967258839e-5	-2.6352719660149935e-5	-2.6961548390690322e-5	-2.916587470323741e-5	-2.8841501141887473e-5	-2.742540319166818e-5	-2.616448743433678e-5	-2.6875582749563438e-5	-2.8263135273072417e-5	-3.1335691490609954e-5	-3.3349440963176356e-5	-3.477409616444056e-5	-3.7085668443950434e-5	-4.0857862799548e-5	-4.563624046428861e-5	-5.1053636694359684e-5	-5.0349744975955804e-5	-4.635523842910576e-5	-4.404413346672598e-5	-4.548111491768452e-5	-4.803200407275574e-5	-5.268982531945782e-5	-5.488584413254117e-5	-5.763491522489043e-5	-5.928407384989988e-5	-6.124514289191892e-5	-6.185173289266857e-5	-6.304764996076196e-5	-6.319338166887577e-5	-6.205290833952094e-5	-5.9529228826514166e-5	0.00016804465153925018	-5.394249227901266e-5	-5.069664740702602e-5	-5.2472127258165616e-5	-5.389480458546983e-5	-5.490817689076961e-5	-5.5045929035272526e-5	-5.276248903723338e-5	-5.19011971706029e-5	-5.0315399307570186e-5	-4.846548833534691e-5	-4.730326577388386e-5	-4.4411845831514914e-5	-4.265314133789985e-5	-4.13189131763525e-5	-3.9371031823257205e-5	-3.870509698527635e-5	-3.748398137693419e-5	-3.676459865432609e-5	-3.587946629442251e-5	-3.50524191401096e-5	-3.4236343141882085e-5	-3.5046286807485045e-5	-3.524216831492406e-5	-1.3842733035280283e-5	-1.1884919678641819e-5	-1.687627043791889e-5	-2.3168929858745184e-5	-2.835641009385514e-5	-3.381399350582334e-5
-7.824620455654707e-6	-7.876515279311655e-6	-7.738781118917404e-6	-7.694505501219698e-6	-7.430088332205484e-6	-6.422686507587011e-6	-5.1499902197318145e-6	-1.8748503749865353e-6	-1.9645531307689677e-6	-2.238146974821258e-6	-2.023828363020299e-6	-2.199886052572334e-6	-2.443280754656858e-6	-3.3194550344060425e-6	-3.4336763184145266e-6	-3.7421597690243916e-6	-4.174433294714742e-6	0.00011562882770474567	-4.7459874718636195e-6	-5.2502778813569686e-6	-6.161086628370246e-6	-6.275526078785708e-6	-5.991267917708747e-6	-6.473743757330467e-6	-7.983228511048335e-6	-9.432929829985334e-6	-1.0127087676721535e-5	-1.1559132335900663e-5	-1.2222279578680728e-5	-1.2408025521924628e-5	-1.1999099097328601e-5	-1.1983650730147308e-5	-1.2297432763435745e-5	-1.4194671959261054e-5	-1.497684291767499e-5	-1.5998976291708858e-5	-1.703309582914731e-5	0.00024143251933924584	-2.033120465424798e-5	-2.0692801867296627e-5	-2.085702815414947e-5	-2.0879623985232694e-5	-2.0314077064706297e-5	-2.1097060101931547e-5	-2.0644387274208742e-5	-2.0141159689775288e-5	-1.897348382925182e-5	-1.7192569774494805e-5	-1.5271909315646133e-5	-1.3801747403481036e-5	-1.186356764498205e-5	-1.0488922070284667e-5	-9.435230827458405e-6	-8.057181603226768e-6	-6.754176422782399e-6	-5.8737563396850986e-6	-5.328791596011045e-6	-5.31709345947878e-6	-5.893853650741382e-6	-6.865212503530068e-6	-8.295818699319995e-6	-9.992180106892083e-6	-1.1999408133464042e-5	-1.4496892331415808e-5	-1.669470189755119e-5	-1.862856641166033e-5	-2.013177367583656e-5	-2.0882268918665393e-5	-2.2767763474155567e-5	-2.41736403580042e-5	-2.5909825845374032e-5	-2.7306785431251666e-5	-2.7393876322445287e-5	-2.8101931764956418e-5	-2.977216063401256e-5	-3.263510355125442e-5	-3.3769080872477885e-5	-3.555709019939252e-5	-3.7401251779401855e-5	-4.060720139645573e-5	-4.4125106051211976e-5	-4.874681572666125e-5	-5.209074245468006e-5	-5.460902564443314e-5	-5.2746003054881434e-5	-4.8699717889447896e-5	-4.7329019190210436e-5	-4.824722809956155e-5	-5.07647583798882e-5	-5.2994064757679255e-5	-5.517255154431351e-5	-5.713031251745296e-5	-5.870381122183234e-5	-5.947788195458299e-5	-6.080563379177073e-5	-6.087683986801657e-5	-6.099864938528268e-5	-6.077435826737766e-5	-6.0731410621327805e-5	-5.9841425801844235e-5	-6.008941257090337e-5	0.00020903134406942729	-5.3784714773772693e-5	-5.5208856042837694e-5	-5.550925496306761e-5	-5.549469131099836e-5	-5.680894767674924e-5	0.00020672292329898686	-5.239191741638607e-5	-5.061558936014115e-5	-4.896462783111422e-5	0.00044010571071886754	-4.491140754382455e-5	-4.312645465200625e-5	-4.241339883977505e-5	-4.147873370301128e-5	-3.9681425358757075e-5	-3.998703063684702e-5	-4.001699351884893e-5	-4.014536169138594e-5	-4.054742173541671e-5	-4.3034973234756845e-5	-0.0003186179246457974	-2.7663152051763795e-5	-2.5487086441913992e-5	-2.9310812412370072e-5	-3.50982302990124e-5	-3.561461603488738e-5
-8.101109441813734e-6	-7.924611936468593e-6	-7.835431593609628e-6	-7.515356207451649e-6	5.463350464215332e-5	-5.3102556540985464e-6	-2.089883330932583e-6	-2.3038529346796396e-6	-2.383362522903685e-6	-2.65036553023356e-6	-2.6459105679081424e-6	-2.5635376389482496e-6	-2.95096599110448e-6	-3.255168662383615e-6	-3.86764281800451e-6	-4.577145967527962e-6	-4.6609221395356015e-6	-4.8961565297976975e-6	-4.75175234317777e-6	-5.332070558432993e-6	-5.798282126082046e-6	-5.757858475218761e-6	-5.673210440583997e-6	-5.390552292855303e-6	-5.808088676537626e-6	-6.955633222456678e-6	-8.824762839936993e-6	-8.720516785033425e-6	-8.030490792769506e-6	-8.12332458118264e-6	-8.154527012066925e-6	-8.470960154627252e-6	-9.194035507990557e-6	-1.0681536126736987e-5	-1.2394688885862082e-5	-1.3321449220406157e-5	-1.4962266629236197e-5	0.00019243657830317974	-1.4694682259799429e-5	-1.560639146244643e-5	-1.5665252699558862e-5	-1.6451874380701804e-5	-1.627655205415317e-5	-1.6317751385981768e-5	-1.586025518408277e-5	-1.4912318749561965e-5	-1.420001800687417e-5	-1.3015107330820131e-5	-1.16965642282441e-5	-1.0251267452267385e-5	-9.17970390690591e-6	-8.223213568116445e-6	-7.149947554883158e-6	-6.1209473933287475e-6	-4.956950066662194e-6	-3.903554921421131e-6	-3.01617640208234e-6	-2.431437549095647e-6	-2.11679730340741e-6	-2.2111541274583103e-6	-2.3666655362758948e-6	-3.360618486210375e-6	-4.4833129318126285e-6	-6.164129563631651e-6	-9.041072048627478e-6	-1.2270999377017979e-5	-1.4087108971406852e-5	-1.6412260294351114e-5	-1.8337519315405997e-5	-2.0339001940495368e-5	-2.202096894686912e-5	-2.4310541373755764e-5	-2.6894693100885676e-5	-2.997887914426905e-5	-3.292789949323302e-5	-3.5535646567881217e-5	-3.831340643890521e-5	-4.06199621118188e-5	-4.2616674038830054e-5	-4.5402914293621224e-5	-4.746293467375751e-5	-5.0037467614109064e-5	-5.214432478772217e-5	-5.544293235718598e-5	-5.735600652946203e-5	-5.59130471995857e-5	-5.125961606789126e-5	-4.967237452236403e-5	-4.9667252554084834e-5	-5.064561270628218e-5	-5.262484180723419e-5	-5.414152075465203e-5	-5.563609249445802e-5	-5.7168514684956566e-5	-5.803443316007735e-5	-5.88589799151428e-5	-5.899496844204632e-5	-5.8868178513040185e-5	-5.828242075421434e-5	-5.846081156530279e-5	-5.949180844637869e-5	-5.939761500567951e-5	-5.89840004728919e-5	-6.144763476558369e-5	-6.231634191839982e-5	-6.275802536936242e-5	-6.32188936503192e-5	-6.405365997897154e-5	-6.393238383093909e-5	-6.295204614553294e-5	-6.086437217333392e-5	-5.9924986120854506e-5	-5.675951208946586e-5	-5.333161080987793e-5	-5.2459960582404127e-5	0.00029552850405503684	-4.815623092828338e-5	-4.733231778310883e-5	-4.708733010487997e-5	-4.797709599629776e-5	-4.828955105879926e-5	-5.234166063761278e-5	-0.001586139398335602	-6.203334185323167e-5	-5.216307802672834e-5	-4.14282315432655e-5	-4.0589173969871875e-5	-4.2259463171065523e-5
-8.674524930692628e-6	-8.217326807697311e-6	-7.275137778047869e-6	-6.264093558917578e-6	-4.479474721287937e-6	-1.999335380427022e-6	-2.2616624846460097e-6	-2.489015683352345e-6	-2.4757726072897695e-6	-2.625193485907224e-6	-2.8447791097747444e-6	-2.997121971597453e-6	-3.214413644736817e-6	-3.586173413105574e-6	-3.865107677687165e-6	-4.6137836682815176e-6	-4.890245928565614e-6	-5.130883938579071e-6	-5.556770627748069e-6	-5.378161266573827e-6	-5.434011735409047e-6	-5.964067183672971e-6	-6.001948284760936e-6	-6.315606960616163e-6	-6.693239866498624e-6	-6.213746094174536e-6	-6.2483091715638235e-6	-6.45560697413105e-6	-6.039540250630583e-6	-6.369016087190925e-6	0.0002522452045030071	0.00024518061595868066	-7.892363421100625e-6	-9.506753553920489e-6	-9.91283080683939e-6	-1.0425508632419924e-5	-1.0559739393989874e-5	-1.0691826475022381e-5	-1.1712411686145446e-5	-1.2032811370298838e-5	-1.2636278060708741e-5	-1.259381108703199e-5	-1.2572487119856361e-5	-1.2055242570438906e-5	-1.177590132344649e-5	-1.1086806923252767e-5	-1.0356946024985176e-5	-9.421354208474743e-6	-8.964465077426851e-6	-8.231811202317704e-6	-7.517141724132446e-6	-6.835706247428715e-6	-5.8626699772323086e-6	-4.934592446553083e-6	-3.6413010397919727e-6	-2.2694054315546496e-6	-1.0851190961202344e-6	7.019106410194927e-8	1.140984953789054e-6	1.885229440303426e-6	2.509220094264143e-6	2.719300012813189e-6	2.3492714264959852e-6	4.4420066618575983e-7	-2.43262067331192e-6	-5.2248567502415685e-6	-8.042384534267914e-6	-1.0615037290704005e-5	-1.3511140682149645e-5	-1.5565351194101514e-5	-1.8143806525673482e-5	-2.151270971350325e-5	-2.5496061401253075e-5	-3.033809615056145e-5	-3.492264695777029e-5	-3.951183897896019e-5	-4.353380935433063e-5	-4.667196451356567e-5	-4.7810576451752344e-5	-4.8744324302710425e-5	-4.959224639524882e-5	-5.149459048999958e-5	-5.297795103290418e-5	-5.523212267939345e-5	-5.822241275091431e-5	-5.9084076523582656e-5	-5.683068032244802e-5	-5.2916510132793504e-5	-5.0000198568186764e-5	-4.898993280253003e-5	-4.975529253043571e-5	-5.1375854617276024e-5	-5.2941891395192936e-5	-5.482117517394429e-5	-5.5922383635696694e-5	-5.695592480487637e-5	-5.708050212959652e-5	-5.744420929544873e-5	-5.669470414241173e-5	-5.706923067862017e-5	-5.743514564022687e-5	-6.0576882401924435e-5	-5.9670400698530945e-5	-6.010361274293391e-5	-6.224981019976178e-5	-6.529308763244483e-5	-6.825644832675337e-5	-7.022023420019804e-5	-7.152098914476289e-5	-7.238082167423921e-5	-7.151168875802177e-5	0.0005644577439244602	-6.498703005166306e-5	-6.464026733600764e-5	-6.434058489649904e-5	-6.495276577396861e-5	-6.691572426891011e-5	-7.058224397345756e-5	-7.306490885038673e-5	-7.48409315036848e-5	-7.444521948562718e-5	-7.381755052360143e-5	-7.391099829086659e-5	-7.535356287945573e-5	-7.678435072825101e-5	-7.735561598703556e-5	-6.036151441974149e-5	-6.023558227102638e-5
-8.42230684966385e-6	-7.813062641412634e-6	-6.851982414366375e-6	-4.035043912232084e-6	-1.5881905493151088e-6	-1.7356812908046922e-6	-1.689552970382676e-6	-2.2354093327583437e-6	-2.4988721281210525e-6	-2.388309521985765e-6	-2.689842431866725e-6	-2.771850800549849e-6	-3.0056482852518587e-6	-3.4602440269647025e-6	-3.923144815770835e-6	-4.258587890380622e-6	-4.5588305093622835e-6	-5.166239791454458e-6	-5.368574899120937e-6	0.0001617538625985605	-5.607743973260577e-6	0.0001991181695805823	-6.086997701651583e-6	-5.711241372137379e-6	-5.01051593437314e-6	-4.48371032537681e-6	-4.399555372825456e-6	-4.457094292546673e-6	-4.932430743532991e-6	-5.523831838065343e-6	0.00023503781122345864	-6.301269562478682e-6	-5.966105783857629e-6	-5.712488922323365e-6	-6.352303036800131e-6	-7.185217116751383e-6	-7.932475850862936e-6	-8.907196525262374e-6	-9.713655389509976e-6	-9.99624564794097e-6	-1.047530869334554e-5	-1.0103838799824271e-5	-9.517351732823704e-6	-8.907352338294392e-6	-8.632220669835982e-6	-8.030963634228147e-6	-7.376108989650711e-6	-6.944424515513664e-6	-6.669697793158216e-6	-5.9934565369828955e-6	-5.285025406099751e-6	-4.87954362960103e-6	-4.346373821702938e-6	-3.4003901407063364e-6	-2.1775764483351e-6	-8.769057879191942e-7	5.16982240152705e-7	2.0995845342538805e-6	3.4795391417056978e-6	4.882699911884091e-6	6.270753222277904e-6	6.841786282118134e-6	6.926645278765189e-6	5.727893033347759e-6	3.5248033340430336e-6	6.307408146125071e-7	-2.182865332554188e-6	-5.0221545730411415e-6	-8.090313725564067e-6	-1.1674838212285751e-5	-1.517878299298666e-5	-1.9379329428437795e-5	-2.543945525009016e-5	-3.275062228691775e-5	-3.904534135007703e-5	-4.3575766561218055e-5	-4.6721480417366915e-5	-4.972655304397774e-5	-5.162711960834867e-5	-5.199661894279839e-5	-5.229771326669677e-5	-5.321907502978552e-5	-5.4097176809821904e-5	-5.498705893085677e-5	-5.648047550257918e-5	-5.870106217957332e-5	-5.905676886750052e-5	-5.664733035659576e-5	-5.240355035101901e-5	-4.92338437322866e-5	-4.796200740087204e-5	-4.8805322530744806e-5	-5.03821902006718e-5	-5.2161451780579965e-5	-5.343009938882392e-5	-5.4828045124326514e-5	-5.5089144567458835e-5	-5.575558249778557e-5	-5.531669328036326e-5	-5.557338076684216e-5	-5.6518604527093725e-5	-5.7237129832998e-5	-6.070363668787902e-5	-6.080215611252589e-5	-6.121080084833287e-5	-6.307748687286422e-5	-6.57196029761587e-5	-6.777062256819728e-5	-6.93847220647277e-5	-7.069378556002581e-5	-7.129267626273497e-5	-7.145550932704148e-5	-7.08090877403185e-5	-7.111718106311794e-5	-7.158604418069253e-5	-7.268761640505383e-5	-7.349201033420515e-5	-7.406028228282725e-5	-7.305837644385371e-5	-7.229839668319881e-5	-7.225746321469712e-5	-7.212559415432094e-5	-7.377265003196505e-5	-7.549648882134363e-5	-7.636974037262731e-5	-7.904846161405901e-5	-8.078460767907891e-5	-7.151941653425861e-5
-7.1327798141705115e-6	-6.3804097680369965e-6	-2.565004004124506e-6	-2.4531211154557434e-6	-2.374009279551602e-6	-2.3019396339104647e-6	-2.161445427086256e-6	-2.0751253809367896e-6	-2.2415644782637677e-6	-2.0775210911539105e-6	-2.24981906713005e-6	-2.4619513381890414e-6	-2.8001854165753907e-6	-3.285464265093607e-6	-3.797252894466427e-6	-4.0276699077150015e-6	-4.2786719805739705e-6	-4.448975168758402e-6	-4.958461497033787e-6	-5.149337123353296e-6	-5.373647968919925e-6	-4.998356738034548e-6	-4.2801595277267555e-6	-3.7225572366314063e-6	-3.6918265437251214e-6	-3.086421353383625e-6	-2.7205682113720523e-6	0.00017775035594368854	-1.88303336795927e-6	-1.756124649006179e-6	0.00019912724044528782	-3.678958269794151e-6	-4.569765507732131e-6	-5.4064930181982156e-6	-5.57572987068967e-6	-6.116565904931552e-6	-6.571744422327304e-6	-7.332282776884133e-6	-7.78229180070319e-6	-8.208564510406302e-6	-8.343265540846755e-6	-8.340466583031019e-6	-7.686888352811906e-6	-7.1737506259018425e-6	-6.875910561156739e-6	-6.117831678929754e-6	-5.78588602258344e-6	-5.279606390887605e-6	-4.789161057345301e-6	-4.093167295054589e-6	-3.6751641789320813e-6	-3.1861665311178544e-6	-2.6342896751766973e-6	-1.5621510917376282e-6	-3.0960409134691853e-7	1.10512760398483e-6	2.555776499452416e-6	4.202704390092937e-6	5.949055708882704e-6	7.545744381382783e-6	8.91564693869995e-6	1.032306657665935e-5	1.0664285799715672e-5	1.0093330823871959e-5	8.129090536482123e-6	5.964390640313946e-6	2.960746731388731e-6	-1.8132687997049653e-7	-4.157480360927326e-6	-8.679926713365052e-6	-1.3788199642531928e-5	-1.9247612590561625e-5	-2.6339561180364554e-5	-3.2806801923056196e-5	-3.883505669745758e-5	-4.359563401810018e-5	-4.8081125890507385e-5	-5.163906771716502e-5	-5.320680181885489e-5	-5.3852152670226354e-5	-5.4381375144555225e-5	-5.40654478117309e-5	-5.429222943694801e-5	-5.4960475480300914e-5	-5.522732484921017e-5	-5.6254894070220576e-5	-5.725390361677597e-5	-5.669269671230092e-5	-5.4625032569859664e-5	-5.1441533293152854e-5	-4.8611116414034716e-5	-4.831128391205499e-5	-4.857436183367133e-5	-4.96974730300546e-5	-5.1323053670284616e-5	-5.270806584862142e-5	-5.325064947958667e-5	-5.3535055217750357e-5	-5.357105971738434e-5	-5.402987694881178e-5	-5.5401200223120805e-5	-5.6416737067693226e-5	-5.747521054429866e-5	-6.112114924108219e-5	-6.132518928845913e-5	-6.176177434595326e-5	-6.272818617414724e-5	-6.470915067755684e-5	-6.653256633723081e-5	-6.747498931290795e-5	-6.823259931113619e-5	-6.803480922398472e-5	-6.810982098050234e-5	-6.856401406842732e-5	-6.875900774230424e-5	-6.991527503962631e-5	-7.05302199128881e-5	-7.147245947389399e-5	-7.13243306413433e-5	-7.064658209222029e-5	-7.126402210401797e-5	-7.226519737417426e-5	-7.306654759472986e-5	-7.537351262478908e-5	-7.78338320578094e-5	-8.029979076934327e-5	-8.400087226785569e-5	-8.802251280222678e-5
-5.002332210261894e-6	-2.1639726037353557e-6	-2.4136807113880735e-6	-2.7176368518508852e-6	-2.7187962646537376e-6	-2.734231269314305e-6	-2.5467392285546974e-6	-2.504928075294094e-6	-2.6402775310245172e-6	-2.558581622753213e-6	-2.6748403583493497e-6	-2.7879829906296213e-6	-2.8972515614107772e-6	-3.1873650745186115e-6	-3.5081395033951038e-6	-3.7029544646365172e-6	-4.110242976221757e-6	-3.912023704435129e-6	-3.68464506620553e-6	-3.6966621041033417e-6	-3.5066409479310857e-6	-3.0679925721842642e-6	-2.6125486684834575e-6	-1.8612315196958043e-6	-1.4971528000020241e-6	-1.1358706269938741e-6	-1.101165919888548e-6	-6.530549338199529e-7	-6.836795264034828e-7	-1.3781041267863078e-6	-2.2473852478299824e-6	-3.1002543524202234e-6	-4.220674827283663e-6	-5.0639267719951135e-6	-5.531540624853504e-6	-6.164508390768954e-6	-6.462467174635504e-6	-6.327041801584962e-6	-6.536662351222283e-6	-6.733599109396728e-6	-6.494646332885767e-6	-6.526330389698969e-6	-6.179467907250417e-6	-6.12697606997112e-6	-6.011874459897499e-6	-5.371563726805362e-6	-5.01664120419981e-6	-4.3775303881858066e-6	-3.7230640611467594e-6	-2.726246086737563e-6	-1.998388790222256e-6	-1.318372142819534e-6	-6.705971356690691e-7	3.5055302161513674e-7	1.7098661749990422e-6	3.2579377748240485e-6	4.964918242240371e-6	6.634114789892047e-6	8.434725014901286e-6	1.0332422554796216e-5	1.1793455298464038e-5	1.2956348488681437e-5	1.2751294357712007e-5	1.2183229518078075e-5	1.0196724010828363e-5	7.970029341033448e-6	5.158911412780432e-6	1.66233585590877e-6	-2.5991578464967715e-6	-7.731330444989484e-6	-1.3839598358652856e-5	-1.9949502854380756e-5	-2.608671091530626e-5	-3.228898218517553e-5	-3.819016200834794e-5	-4.3561395773075674e-5	-4.778841813257327e-5	-5.014080547451321e-5	-5.33037069679347e-5	-5.394127397022005e-5	-5.508765071630061e-5	-5.462613535306188e-5	-5.4200069670720056e-5	-5.4230470610650656e-5	-5.400957369345119e-5	-5.389753819117003e-5	-5.433694774441484e-5	-5.4718115424963465e-5	-5.472521671171231e-5	-5.323213472334376e-5	-5.057445309505188e-5	-4.9297738964572055e-5	-4.7921757121918577e-5	-4.82653321422135e-5	-4.918715802171845e-5	-4.9914012205723706e-5	-5.095244785757681e-5	-5.11664334276171e-5	-5.1521391126254116e-5	-5.244065124022012e-5	-5.39335088546838e-5	-5.532820034671339e-5	-5.652815380278412e-5	-5.775611545632783e-5	-6.060146469095539e-5	-6.087512819944927e-5	-6.059332205439309e-5	-6.135149723000214e-5	-6.306924518490603e-5	-6.400394937978201e-5	-6.465548351263363e-5	-6.475653727472581e-5	-6.480809904376751e-5	-6.511528840023916e-5	-6.590230937285574e-5	-6.668820974701237e-5	-6.75176291963669e-5	-6.827523948540527e-5	-6.863906406432189e-5	-6.896349662367145e-5	-6.954621377145364e-5	-7.0552885338387e-5	-7.23889565318e-5	-7.513117949780809e-5	-7.74996312973735e-5	-8.248759338438678e-5	-8.681047433290877e-5	-9.056779892824382e-5
-1.5900852622579642e-6	-1.8237518005587909e-6	-2.0552240629435935e-6	-2.230785283635682e-6	-2.488336860645207e-6	-2.6696045020858233e-6	-2.7611965572812438e-6	-2.802868497437912e-6	-2.95468164605156e-6	-3.1101178995805224e-6	-3.1923642204048186e-6	-3.4443788090457255e-6	-3.5564716512425753e-6	-3.4114315982292e-6	-3.4073823954158724e-6	-3.781113371886704e-6	-3.85610629336636e-6	-3.7104548069366084e-6	-3.530438231112655e-6	-3.2165034347545547e-6	-2.870380896077135e-6	-2.5909190358010888e-6	-2.2030545805530144e-6	-1.3947809712552156e-6	-7.685186423605616e-7	-4.824263224415416e-7	-1.535190514480051e-7	-2.5762025849987e-7	-9.76430313421586e-7	-1.779438882430328e-6	-2.6322024360495022e-6	-3.2833102723975934e-6	-4.1632033544040156e-6	-4.725367059964366e-6	-5.5038475140010545e-6	-5.6863100505495515e-6	-5.868280620197888e-6	-6.162094295722041e-6	-6.032672605641646e-6	-5.689933932478681e-6	-5.399363601878214e-6	-5.370689867091388e-6	-5.475253095189674e-6	-5.5673676196802985e-6	-5.259003549521325e-6	-4.859828510821976e-6	-4.2387098656443975e-6	-3.546717694871953e-6	-2.903254542671726e-6	-1.9132154179202438e-6	-9.620941517963534e-7	-2.6069527450395952e-8	1.0223360178844608e-6	2.3002223058146004e-6	3.7415132520928754e-6	5.263468252745965e-6	6.847736612055027e-6	8.490049696450617e-6	1.0281904795305633e-5	1.1533428883011882e-5	1.2846861924579404e-5	1.336642798345695e-5	1.3023397749654421e-5	1.177197461752833e-5	9.75342587657092e-6	7.57736948327984e-6	4.6260619879592325e-6	1.157316344374635e-6	-3.2251869040830685e-6	-8.222408648834176e-6	-1.3685521879321701e-5	-1.9588292606809404e-5	-2.4830369221867264e-5	-2.9968442759656638e-5	-3.4977194498869105e-5	-3.977247635906036e-5	-4.408245760343678e-5	-4.8271116030067836e-5	-5.0831481028493935e-5	-5.265000123905021e-5	-5.3316827875263e-5	-5.3417599688791294e-5	-5.320265462923734e-5	-5.2976550548236166e-5	-5.246551610909168e-5	-5.1898538352653564e-5	-5.2054662589754276e-5	-5.230709027480502e-5	-5.3121618278972665e-5	-5.33435997575408e-5	-5.226526307430194e-5	-5.016893073359291e-5	-4.8580450141182466e-5	-4.796444451504896e-5	-4.7655465257518455e-5	-4.7826308033168037e-5	-4.83328638654283e-5	-4.8631894818517286e-5	-4.908938563945992e-5	-5.031074516133403e-5	-5.212843808570695e-5	-5.3459714639478295e-5	-5.476725221656355e-5	-5.60210184520621e-5	-5.684242664458401e-5	-5.8629744414633706e-5	-5.913495760834209e-5	-5.8786407980027816e-5	-5.9633835996472694e-5	-6.021146671483541e-5	-6.097339854283651e-5	-6.162119962294858e-5	-6.19148052787683e-5	-6.195212330677635e-5	-6.275251449686949e-5	-6.307806829151225e-5	-6.450132306729233e-5	-6.56930572271884e-5	-6.729542755446079e-5	-6.808620590863603e-5	-6.878164967181392e-5	-7.052526015483354e-5	-7.351647500044634e-5	-7.599128470166423e-5	-7.959610753662037e-5	-8.337704073056555e-5	-8.788648448546945e-5	-9.2273350852897e-5
