-1.7298492309804694e-5	-1.8935481566788922e-5	-2.029097625599191e-5	-2.1477916660624357e-5	-2.2623974051051883e-5	-2.322117037502e-5	-2.347361713710941e-5	-2.389854720030531e-5	-2.3446726331310952e-5	-2.3089547363918522e-5	-2.2528958235225717e-5	-2.1606212421276935e-5	-2.0346400594816404e-5	-1.8910777401954788e-5	-1.7335203749424826e-5	-1.544334503739809e-5	-1.3546819412695271e-5	-1.1621033526108663e-5	-9.84878950515875e-6	-8.056443851194045e-6	-6.448632840010907e-6	-5.030674308353076e-6	-3.8145431440665347e-6	-2.8462204455661724e-6	-2.0475945937436287e-6	-1.4253263558464482e-6	-9.087783162462496e-7	-6.243791331519559e-7	-5.875201969318623e-7	-5.571682482807062e-7	-5.171712436676245e-7	-4.84081030409749e-7	-4.2267917033560274e-7	-3.774846389975123e-7	-2.9321653434203026e-7	-2.3499209072940397e-7	-2.0317306089657095e-7	-1.2606106920322064e-7	-9.168888724978529e-8	-9.793514134865723e-8	-4.273114755747986e-8	-7.868377355884618e-8	-7.486637500128115e-8	-8.425768975012086e-8	-1.798628130792292e-7	-2.644509058181185e-7	-4.445402277894212e-7	-6.678888200314763e-7	-9.08492057861835e-7	-1.1013606158833073e-6	-1.3830958329246411e-6	-1.541381775515394e-6	-1.70462766055978e-6	-1.663947798736929e-6	-1.7999618756473022e-6	-1.6540849733571214e-6	-1.6685620848324798e-6	-1.6046679510132327e-6	-1.6344750954842531e-6	-1.5802264206028565e-6	-1.7321616731087145e-6	-1.4769782170234269e-6	-1.2885566416908625e-6	-1.1701670465529045e-6	-1.117777771621057e-6	-1.103381547980513e-6	-1.2733374323684369e-6	-1.4925918506258733e-6	-1.7186240291685619e-6	-1.8566424905404832e-6	-2.1898093376514108e-6	-2.5670621981531264e-6	-3.0734494623933318e-6	-3.5019216615205873e-6	-3.840621903825384e-6	-4.064685349099758e-6	-4.178109349956742e-6	-4.1965323919454555e-6	-4.147094700727104e-6	-4.05347604711271e-6	-3.91558604421647e-6	-3.943768360113124e-6	-4.51069716619196e-6	-5.784487416444768e-6	-8.232164807415922e-6	-1.1762105385401374e-5	-1.6288505009305794e-5	-2.173683430889146e-5	-2.7291001533977623e-5	-3.305633930578383e-5	-3.915560325246873e-5	-4.6150244426511593e-5	-5.2753758237038696e-5	-5.98066999027945e-5	-6.722347194008807e-5	-7.529181827835166e-5	-8.278918390137828e-5	-9.10868399206944e-5	-9.915635498824234e-5	-0.00010673514554289908	-0.00011343442214727974	-0.0001195328660813684	-0.00012406639330795298	-0.00012798228457371573	-0.00015843548283218933	-0.00020508810223544317	-0.0002523368189746855	-0.00029412871850554786	-0.0003270340463278759	-0.0003556369431259067	-0.00037567708140303843	-0.0003844947680554933	-0.00038645352038900113	-0.00038718352764373354	-0.0003781136530180834	-0.0003701453192344814	-0.0003619622645232093	-0.00034710468126055577	-0.00032865435470753185	-0.0003132283314015785	-0.0002876280675223261	-0.000266903047081192	-0.0002499699378695139	-0.00022655680337411305	-0.00020614402123243086	-0.00018349468754348675	-0.000165877891283861	-0.00014415501648282203
-2.7701892734192327e-5	-1.8644598580688006e-5	-2.025078513895589e-5	-2.1790757186949256e-5	-2.2901177671895076e-5	-2.3783350719478727e-5	-2.452738719795739e-5	-2.4978698939164077e-5	-2.513908612866906e-5	-2.4945861209910635e-5	-2.4527002299409894e-5	-2.3724731316473015e-5	-2.2688615053631273e-5	-2.132462741917605e-5	-1.973249630879447e-5	-1.776732239320276e-5	-1.577167386524836e-5	-1.3773881605324678e-5	-1.1760331155461704e-5	-9.771441095770151e-6	-7.915939638230716e-6	-6.2700812712034775e-6	-4.860284647804951e-6	-3.6438569633298395e-6	-2.6717114073563253e-6	-1.894433195613325e-6	-1.2810091101451233e-6	-7.978583840681568e-7	-6.697702881539166e-7	-6.038915199285943e-7	-5.766952244979279e-7	-5.11374712606493e-7	-4.702576363049501e-7	-3.917178846051585e-7	-3.390681394187337e-7	-2.66586269101883e-7	-2.251284555860987e-7	-1.6946512683905363e-7	-1.3434453325496221e-7	-9.644625796243443e-8	-7.206882677034164e-8	-7.177051193071405e-8	-3.702847727602484e-8	-1.4435285157829566e-7	-2.1337068642493452e-7	-3.9927181061437476e-7	-6.731594872044474e-7	-8.214968215771758e-7	-1.208721645959887e-6	-1.5722250272046383e-6	-1.7731484530848383e-6	-1.9348469741060155e-6	-2.2378036694810474e-6	-2.067173884833255e-6	-2.031769646596666e-6	-2.004546213500919e-6	-1.9051159075932187e-6	-1.9175609019013028e-6	-1.8214172007194958e-6	-1.8141408141610516e-6	-1.67184955946121e-6	-1.699886482152467e-6	-1.5151170460730849e-6	-1.4295056159846845e-6	-1.5833389820809458e-6	-1.6207827892571625e-6	-1.7755328135619095e-6	-2.028367687841818e-6	-2.2421928459829535e-6	-2.3768347841523997e-6	-2.6936167131760337e-6	-3.219751505342816e-6	-3.5540128596290655e-6	-4.052277075364003e-6	-4.29698879356546e-6	-4.463911177683558e-6	-4.461960613271962e-6	-4.462485394228499e-6	-4.413137806986945e-6	-4.303362850324754e-6	-4.224671326202682e-6	-4.543539730309464e-6	-5.715781839870618e-6	-7.698344842120021e-6	-1.1631580018885254e-5	-1.628484644022551e-5	-2.2147845548921383e-5	-2.87897030501927e-5	-3.4809215087455454e-5	-4.2383568822548096e-5	-4.987238312619989e-5	-5.802186471760189e-5	-6.584152849802927e-5	-7.519232803808668e-5	-8.447274763766178e-5	-9.38435013020638e-5	-0.00010337483153559715	-0.00011314055954321587	-0.00012199869188337688	-0.0001293347026698477	-0.00013530934014839742	-0.00014022864144283727	-0.00014386743323892802	-0.0001572265304332788	-0.00021714404555592086	-0.00026858135995181526	-0.00031916807695028804	-0.0003506694285534788	-0.0003753772761919995	-0.00039231949069615246	-0.0004035172460384838	-0.00040743153322713235	-0.00040446406326163226	-0.00039767326270086917	-0.0003826913060533607	-0.0003686656819667372	-0.00035239458291529135	-0.0003405095351733181	-0.0003119515354583005	-0.00029484229771212234	-0.00026977337909146054	-0.00024706091642998085	-0.00022519717427643693	-0.0002018836520482556	-0.00018010832397979265	-0.00015846546416644486	-0.0001362547184455276	-0.00011476195937564632
-3.519514353892382e-5	-3.138907371329734e-5	-2.0027262386999e-5	-2.147232423739846e-5	-2.3217338797766173e-5	-2.451626807787417e-5	-2.557792377829186e-5	-2.6289014371574113e-5	-2.658141147650209e-5	-2.6732170971044194e-5	-2.6675651914980208e-5	-2.5984180020995453e-5	-2.5365004249143204e-5	-2.3996744983489264e-5	-2.2476959566996397e-5	-2.0795052371353775e-5	-1.8639174522201035e-5	-1.65423763012415e-5	-1.4230153534201036e-5	-1.21139091426969e-5	-1.0108131776971542e-5	-8.14492738323582e-6	-6.477075455484999e-6	-4.9750778384576564e-6	-3.7154212312082266e-6	-2.7202293300612084e-6	-1.9070446524360935e-6	-1.2938031688483533e-6	-7.735804455778067e-7	-7.205784392938931e-7	-6.716032009596886e-7	-6.207393048873874e-7	-5.749915780255111e-7	-4.979466601183968e-7	-4.1189798272877774e-7	-3.6699443516015643e-7	-2.949102626939094e-7	-2.0224097970042345e-7	-1.1228159185091278e-7	-8.625585063708912e-8	-1.1765487706544373e-7	-1.3935904178281585e-7	-1.3654363555624938e-7	-2.4648227201813514e-7	-2.855935169140977e-7	-5.395754025535964e-7	-7.31866503910091e-7	-9.063769124074885e-7	-1.4606468559823552e-6	-1.7415123171470753e-6	-2.0657593372702416e-6	-2.3765433844897535e-6	-2.574750725532716e-6	-2.561031880069322e-6	-2.552155459284943e-6	-2.2492187538874662e-6	-2.3758979301373526e-6	-2.160481247910303e-6	-2.270350264193155e-6	-1.949546166185199e-6	-2.097429463793145e-6	-1.957965851557826e-6	-1.974853609060191e-6	-2.1216525291598313e-6	-2.204658863679172e-6	-2.2872624958654984e-6	-2.5755535755473758e-6	-2.6890233788639498e-6	-2.9012657483699564e-6	-2.920309070044845e-6	-3.2568917147349132e-6	-3.7717821352095324e-6	-4.068625233068419e-6	-4.351342182894961e-6	-4.645477783983662e-6	-4.8246283863498515e-6	-4.841961453636544e-6	-4.8424059985501195e-6	-4.880370802986698e-6	-4.826614946273574e-6	-4.889862320462649e-6	-5.747530772644868e-6	-7.5735754998554295e-6	-1.1295485348182034e-5	-1.6329312539322587e-5	-2.2376927588175274e-5	-2.9719846148559522e-5	-3.7199673734184674e-5	-4.526522777751566e-5	-5.392097060736081e-5	-6.418683693685005e-5	-7.418014688159681e-5	-8.521727474472855e-5	-9.635334231059087e-5	-0.00010667783633723244	-0.00011833391270988855	-0.00012833077638475365	-0.00013849316471740113	-0.00014614753257959946	-0.0001527455004927264	-0.00015642917356958365	-0.00016101982738153144	-0.00016045308045544923	-0.00022832284923401253	-0.00028258752439837623	-0.00033206109032162673	-0.0003692584195228235	-0.00039891878185092586	-0.00041291304061922066	-0.0004228976420894877	-0.00042133298076580533	-0.0004181037006412494	-0.00040737456485397117	-0.00039735312392860656	-0.00038178257560569917	-0.0003584356789241433	-0.0003413769509045747	-0.00031470150595701296	-0.00029537417151927203	-0.0002716126677954414	-0.0002446898810957651	-0.00022314490305454932	-0.00019689548320760142	-0.00017361997061392243	-0.0001496890876225357	-0.00012817937954535258	-0.00010130617536258796	-8.18909356558456e-5
-3.8930503460689325e-5	-3.8807938450519195e-5	-3.629192096583217e-5	-2.2567743240299847e-5	-2.332037797055488e-5	-2.4572759164910238e-5	-2.626816017307909e-5	-2.7341117739244306e-5	-2.8308717945745715e-5	-2.893595799641625e-5	-2.9352377153873304e-5	-2.889956659125458e-5	-2.8426720836461934e-5	-2.7341869599569607e-5	-2.5911132306200057e-5	-2.4287114523628543e-5	-2.219280147361933e-5	-2.0100207199149765e-5	-1.7679683411031153e-5	-1.527039275024233e-5	-1.3125592919746077e-5	-1.0876648180170015e-5	-8.878920743677786e-6	-7.126898326524698e-6	-5.451707311448546e-6	-4.225501458725056e-6	-3.0581014430765513e-6	-2.1901518879396758e-6	-1.4807757630345324e-6	-9.932535077518412e-7	-9.665224417793224e-7	-8.413512247329056e-7	-7.50749885012231e-7	-6.968134506156313e-7	-6.1830399283744e-7	-5.634306248046962e-7	-5.220664090648582e-7	-3.621629355120954e-7	-2.3954643166800276e-7	-2.3180907622713564e-7	-3.174297703148802e-7	-2.9634539823973887e-7	-2.4609427333005226e-7	-4.3789419383296127e-7	-5.366202629957873e-7	-7.926476908512578e-7	-1.096129150242168e-6	-1.4212906059593664e-6	-1.898710653763444e-6	-2.159559974219288e-6	-2.7254408396061103e-6	-2.9158460703864212e-6	-3.240304902109477e-6	-3.1783600409765814e-6	-3.106823397383703e-6	-2.965062382767744e-6	-2.9411029343830337e-6	-2.8675555531579864e-6	-2.6078528459562477e-6	-2.8325313252417546e-6	-2.4596995769251553e-6	-2.7010217335459797e-6	-2.6243270336928854e-6	-2.9602877800168157e-6	-3.287191052263891e-6	-3.221265614005483e-6	-3.5761482852423015e-6	-3.37585305203007e-6	-3.405580391597899e-6	-3.6340005152610917e-6	-4.1027868799006165e-6	-4.2114692809513965e-6	-4.777917793938151e-6	-5.005353551814219e-6	-5.255216057039138e-6	-5.337132388057338e-6	-5.348597527875774e-6	-5.315690233500441e-6	-5.398918513521852e-6	-5.551214801963016e-6	-6.045157791026109e-6	-7.554992381345179e-6	-1.0782021256651691e-5	-1.6188295814251446e-5	-2.3293113914606015e-5	-3.147329045196908e-5	-4.019874922639292e-5	-5.016851190253963e-5	-6.06826332076333e-5	-7.190226635389509e-5	-8.408739927501328e-5	-9.741896419873837e-5	-0.00010997317066599541	-0.00012170285333440618	-0.00013355007372336733	-0.0001449201326433544	-0.00015394015901414038	-0.00016368903061887534	-0.00016780964939562375	-0.000172712786807765	-0.00017627646879073838	-0.00017383171150350124	-0.0002337332362161923	-0.00029492197112191906	-0.0003507944422681368	-0.000388343742742641	-0.0004159953606087431	-0.0004287062434649852	-0.00043746595809832783	-0.00043550864650687693	-0.0004301480868544594	-0.00041701762420846833	-0.00040683888061828627	-0.00038717023283143387	-0.0003658972687553899	-0.00034452998624607406	-0.0003225611297161257	-0.0002951189059840001	-0.00027175872142903845	-0.00024544107653408365	-0.00021589750256664764	-0.00019118108311733106	-0.00016500187002312094	-0.0001379865460175017	-0.0001171474874571421	-9.275248407866754e-5	-6.95157486262088e-5	-0.00019154575690329134
-4.117112944649172e-5	-4.2030228195120544e-5	-4.196810148617827e-5	-4.0080079195586784e-5	-3.289846834623328e-5	-2.4823169690287635e-5	-2.6898955583559356e-5	-2.81486231282972e-5	-2.960654674709611e-5	-3.064256281441052e-5	-3.123898093194055e-5	-3.173523933469287e-5	-3.188789014538598e-5	-3.115243555400714e-5	-3.0116880004953626e-5	-2.8785005083594708e-5	-2.7021149640732434e-5	-2.503241325229927e-5	-2.26968448155824e-5	-2.0126021639524567e-5	-1.7447308109372404e-5	-1.506018316409501e-5	-1.2761698094083214e-5	-1.065726598275732e-5	-8.498187777161508e-6	-6.752578219347029e-6	-5.208878664802899e-6	-3.949758632173248e-6	-2.9116654605011835e-6	-2.084748581820679e-6	-1.544780788713168e-6	-1.3769329668900858e-6	-1.3471157791494098e-6	-1.1411151945846872e-6	-1.0489381622473992e-6	-9.563600521862899e-7	-8.222628815628043e-7	-6.970868279582588e-7	-6.279090737146948e-7	-7.023319456529254e-7	-5.291363703059247e-7	-5.204760064505664e-7	-8.309844494778324e-7	-8.475214311549819e-7	-9.453902623176051e-7	-1.519210787647384e-6	-1.6437004294683972e-6	-2.0119517285381062e-6	-2.5848144730568432e-6	-2.7107239250565712e-6	-3.238701956631302e-6	-3.7784676883351794e-6	-3.941566616551349e-6	-4.354471224246072e-6	-3.860890682275174e-6	-4.190177464578242e-6	-4.219758430076522e-6	-3.994109154471705e-6	-4.004835190281027e-6	-3.7765134105311425e-6	-3.828233083048296e-6	-3.543240025249408e-6	-4.325925583731089e-6	-4.379185053726134e-6	-4.7166097762207145e-6	-4.406570513213262e-6	-4.401917359740377e-6	-4.235972973415706e-6	-4.2773521524160736e-6	-4.485135480448619e-6	-4.902444752642688e-6	-5.401198826165748e-6	-5.894785642956719e-6	-6.115783481177401e-6	-6.162834914564879e-6	-6.3609064067696956e-6	-6.420186595424153e-6	-6.504218389534054e-6	-6.617221849544155e-6	-6.934152526870689e-6	-8.138426378260588e-6	-1.1423350367169944e-5	-1.7063267492749626e-5	-2.506502339396418e-5	-3.5033587670956455e-5	-4.556544444327907e-5	-5.620551612561635e-5	-6.892208037742511e-5	-8.379597358473866e-5	-9.72029574615018e-5	-0.0001116692772593856	-0.0001250179872141653	-0.00013834481420150167	-0.0001481784533941509	-0.00015789255233128463	-0.00017092227980186614	-0.00017766673424341253	-0.00018358776819734843	-0.00018614316538894185	-0.00018905746364044837	-0.00018799318352025196	-0.0002263324876908973	-0.00030344779683791345	-0.0003551835591592521	-0.0003957615859377997	-0.00042817497279950406	-0.0004455628447577395	-0.0004511716274017974	-0.0004517795589671289	-0.0004451029649021887	-0.0004302703871363403	-0.00040997576915367123	-0.00038981482039686377	-0.00036807339402929184	-0.0003406633112537291	-0.0003197104931056821	-0.00029454959944632403	-0.00026738245146630535	-0.0002388693028099187	-0.0002130589470041716	-0.00018726471501945285	-0.0001599486394027183	-0.00013192707429970918	-0.00010974120570605983	-8.107747632990492e-5	-5.5973131511677376e-5	-0.00019481896868303594	-0.000226477192685412
-4.165630510075558e-5	-4.396587400515208e-5	-4.5320256878908505e-5	-4.608247386250286e-5	-4.4054309042440044e-5	-3.817982906282984e-5	-2.6740517284728864e-5	-2.8556031440841144e-5	-3.0425636104525547e-5	-3.248008645080711e-5	-3.372035512822684e-5	-3.497792955612072e-5	-3.53396479560366e-5	-3.569221289440798e-5	-3.543003780984155e-5	-3.410824953300139e-5	-3.2900342948730165e-5	-3.143941008614394e-5	-2.908072974729158e-5	-2.6933120145878958e-5	-2.453885218700396e-5	-2.153255184934508e-5	-1.8917209366968554e-5	-1.6264039267305653e-5	-1.3633344873495955e-5	-1.1286724279732543e-5	-9.05505054618616e-6	-7.259232869018793e-6	-5.775013073408856e-6	-4.225135186008554e-6	-3.192099588772239e-6	-2.492190483456146e-6	-2.2118957895137024e-6	-2.213447684316146e-6	-1.9086260477020243e-6	-1.7575905644147166e-6	-1.4605471407227056e-6	-1.327891555800943e-6	-1.2254389143646948e-6	-1.3714455156103086e-6	-1.3120157748186837e-6	-1.3001921994560892e-6	-1.3898506928271314e-6	-1.6098133280372613e-6	-2.134715794838973e-6	-2.376183962999245e-6	-2.871056890900404e-6	-3.451020376990478e-6	-3.963505837146749e-6	-4.436786811020223e-6	-4.572969024394143e-6	-4.967330078487582e-6	-5.174011501359044e-6	-5.498910327734682e-6	-5.405691133164147e-6	-5.707504845668286e-6	-5.907531733760629e-6	-5.977169727591249e-6	-5.600884952903411e-6	-5.93734566381259e-6	-5.554530000827142e-6	-5.503123198563782e-6	-5.576641280919184e-6	-6.5702342417833185e-6	-5.7703606704071625e-6	-6.305253824753169e-6	-5.9520124052125315e-6	-5.5628997841007145e-6	-5.933759980223351e-6	-6.353286984573108e-6	-6.637391415024833e-6	-7.26226928392899e-6	-7.644666123003338e-6	-7.939561697298909e-6	-7.844904184879761e-6	-8.082961861275275e-6	-8.252134112285013e-6	-8.449410980859154e-6	-9.025085041282355e-6	-9.971887763226758e-6	-1.3536747813175723e-5	-1.9839071649320385e-5	-2.922837807626589e-5	-4.142236035377172e-5	-5.3034886513892224e-5	-6.601083099729531e-5	-8.116380237712696e-5	-9.448022304293403e-5	-0.00010814247407449611	-0.0001226978990685832	-0.00013471515401689352	-0.000148744039952858	-0.00016136795578155366	-0.00017149815012659948	-0.00017920200127410565	-0.0001895506481267538	-0.00019233419896883333	-0.0001944876141103495	-0.00019522203710369002	-0.0001914244950160411	-0.00019712366287893968	-0.0003026691363359514	-0.0003671487687441008	-0.0004036030333727514	-0.0004316040899243062	-0.0004498391310055888	-0.0004608879908577987	-0.0004608403397386371	-0.00045143962786736713	-0.0004376544538017488	-0.0004164344251378349	-0.0003992246099676633	-0.0003749205123877025	-0.0003503639056396529	-0.0003191948287715324	-0.00029409884662150165	-0.00026177180952394186	-0.00023550647348068166	-0.0002074609518464693	-0.00018139220529268807	-0.00015318201589988034	-0.00012375652759522016	-9.939603133612973e-5	-7.219256290859344e-5	-0.00012034646282993444	-0.00020206199192150665	-0.00023194565560748226	-0.0002450304484053617
-4.020313464460964e-5	-4.3631307036296266e-5	-4.70719776091838e-5	-4.8935087291991294e-5	-4.959116228558588e-5	-4.846230045681046e-5	-4.332333440831924e-5	-2.8185502454929675e-5	-3.063243973392251e-5	-3.2731602313523095e-5	-3.530408103580513e-5	-3.739187154756752e-5	-3.887413087695071e-5	-3.9453692679688405e-5	-4.03430425798359e-5	-4.017361851440127e-5	-4.01509458750819e-5	-3.907163925826406e-5	-3.7698612291483646e-5	-3.574627172972414e-5	-3.335860146124717e-5	-3.0660817970233926e-5	-2.7492791592300444e-5	-2.4650607337290244e-5	-2.1507873512239574e-5	-1.863389760180733e-5	-1.5739321031864035e-5	-1.3229495297035067e-5	-1.066225954267808e-5	-8.508694486494633e-6	-7.0193169785198566e-6	-5.077637476672285e-6	-4.231436805357232e-6	-3.879367374483734e-6	-3.726484348014073e-6	-3.3897284850862913e-6	-3.1317208873236522e-6	-3.1582071010585917e-6	-2.723468086319428e-6	-2.8456218874046545e-6	-2.8532372116558437e-6	-2.664153518291707e-6	-2.947064758841624e-6	-2.9776603241210477e-6	-3.6845235453701435e-6	-4.359423524344938e-6	-5.021342279557797e-6	-5.586363724987544e-6	-5.949403621662019e-6	-6.464495293776774e-6	-7.139965688455173e-6	-7.460801534952058e-6	-7.688560468084756e-6	-8.24336244067709e-6	-8.805117212066192e-6	-8.677320553719323e-6	-8.897818469706404e-6	-9.386757565893813e-6	-9.908078094685979e-6	-8.792327197521769e-6	-8.50332892749113e-6	-8.778319129270403e-6	-8.4757467496842e-6	-9.19124433003014e-6	-8.931457746237832e-6	-8.93246453298707e-6	-8.6522028792588e-6	-8.461690915550872e-6	-8.928342860501336e-6	-9.361253935788677e-6	-9.61268601339365e-6	-1.0193492365028877e-5	-1.0301681247415137e-5	-1.0823927894926776e-5	-1.0531152599952244e-5	-1.1164429762757855e-5	-1.1750969812550187e-5	-1.2922079178174714e-5	-1.4692224477639128e-5	-1.929143089306369e-5	-2.5360914174374534e-5	-3.644847711002002e-5	-4.896724381363163e-5	-6.239922986683074e-5	-7.575451560265425e-5	-9.02503643514371e-5	-0.00010380182737662613	-0.00011743299678491047	-0.00012755148749276496	-0.0001412501814189275	-0.0001537339306149823	-0.00016466116431511704	-0.00018018474115099464	-0.0001865187731369712	-0.00019365571245124474	-0.00019595396095681283	-0.0002022504951601327	-0.00020215710794810673	-0.00020295324389173544	-0.00019692393950308112	-0.0002976791287426228	-0.00036024280075912934	-0.0004110760709694766	-0.0004454393315788882	-0.00046024697963366334	-0.0004696818634974259	-0.0004687000430781893	-0.0004590339631842244	-0.0004400666067444145	-0.0004226156920077162	-0.00039759355465081303	-0.0003754103707585832	-0.0003450663609017024	-0.00031945760728575856	-0.00028662556486244717	-0.0002613433813976329	-0.00023075839416381028	-0.0002028819204649701	-0.00017523644167682928	-0.00014673937781019275	-0.00011604570863271713	-9.079649055179773e-5	-6.090319633160479e-5	-0.00014622806784880815	-0.0002101951900295579	-0.00023108481968237005	-0.00024374654985365174	-0.0002523242537220277
-3.7887869450419116e-5	-4.235941664706283e-5	-4.55300702874176e-5	-4.8807582040083335e-5	-5.131088003757726e-5	-5.252010020731935e-5	-5.078628511658023e-5	-4.683972171714776e-5	-2.942952984444098e-5	-3.199670454805126e-5	-3.5549637716805315e-5	-3.8240661729045406e-5	-4.0624876306385484e-5	-4.2323543920832346e-5	-4.516867373291662e-5	-4.582834584504524e-5	-4.674729851670721e-5	-4.6809235788424896e-5	-4.634133370415945e-5	-4.5673991729022236e-5	-4.4378836678649405e-5	-4.229489262142752e-5	-3.878561119057813e-5	-3.621882326592849e-5	-3.242848032136247e-5	-2.9123466459220248e-5	-2.5607131137885897e-5	-2.206411932364127e-5	-1.8939921693169638e-5	-1.570619916879657e-5	-1.2739310064610381e-5	-1.0436987596534344e-5	-7.962654475124516e-6	-7.040796277165556e-6	-6.512710160798624e-6	-6.077386979622991e-6	-5.739086326805127e-6	-4.981828233225965e-6	-5.0165278865871386e-6	-4.980489826301613e-6	-4.830612584336711e-6	-5.066157573069578e-6	-5.505813558163378e-6	-6.161697142640678e-6	-6.5379577768895185e-6	-7.925135902891144e-6	-8.577676458389801e-6	-9.528547127214161e-6	-9.935896872512e-6	-1.0514470994175615e-5	-1.0808476909437894e-5	-1.0871470864921677e-5	-1.19295775108429e-5	-1.1875349106306964e-5	-1.2594980471709784e-5	-1.3515701355142334e-5	-1.303523245967846e-5	-1.4766351586848001e-5	-1.3215054145919967e-5	-1.3250552463258975e-5	-1.317538670530952e-5	-1.1723242615926423e-5	-1.196306823812417e-5	-1.2212671310709872e-5	-1.272070973947284e-5	-1.218081491655967e-5	-1.3494822108188996e-5	-1.369010128513242e-5	-1.3751131110124925e-5	-1.4128370748442334e-5	-1.4574562056898256e-5	-1.4862573340421832e-5	-1.5064254795568287e-5	-1.553007289756855e-5	-1.6355940571783885e-5	-1.738304725179161e-5	-2.0621512825244256e-5	-2.290855555248236e-5	-2.8174724252055198e-5	-3.385683247837277e-5	-4.544371873433945e-5	-5.7089755205142964e-5	-7.543660403915194e-5	-8.298622696683612e-5	-9.72843130922843e-5	-0.00010983193269253032	-0.00011914859845822169	-0.00013248056834501074	-0.0001423735444317821	-0.00015607377196191763	-0.00016779445151035577	-0.00017649420493886028	-0.00018836154137098424	-0.0001970371395882374	-0.00020373576783971892	-0.0002099627201702231	-0.00020524372696187343	-0.00020976942904059326	-0.00020556201153158066	-0.00028011458213725304	-0.000361836908309085	-0.0004128269781144417	-0.00044720510248511675	-0.00046016888281645574	-0.0004698338197444904	-0.0004664258199506624	-0.00045699992661657474	-0.00044022726783388144	-0.000420660641519896	-0.00040177474498401256	-0.0003744307849884443	-0.00034551756876617656	-0.00031747689178095173	-0.0002867415543287427	-0.0002579235924230622	-0.00022707087967734074	-0.00019741445630994114	-0.00016587245444364684	-0.00013918094107778778	-0.00010724955667486269	-7.886348280146394e-5	-4.837135358058686e-5	-0.00016317971930288055	-0.00021789787400632032	-0.00023371887411527403	-0.0002440130940188634	-0.00024896601794055506	-0.00025038206794350537
-3.44367102786099e-5	-3.837227814684242e-5	-4.252415990678698e-5	-4.628202053373609e-5	-5.0330870913595054e-5	-5.1600840950388055e-5	-5.384971842623074e-5	-5.335965058749035e-5	-4.9500117682088965e-5	-3.897988052128931e-5	-3.296214165602208e-5	-3.677684221883252e-5	-4.005801610828131e-5	-4.331769499848169e-5	-4.7068496412190804e-5	-4.942993655718004e-5	-5.122085374386579e-5	-5.39549966865698e-5	-5.457115667554038e-5	-5.5322147091228097e-5	-5.4810681770448445e-5	-5.3533827856235526e-5	-5.2036840494148334e-5	-4.907006662032429e-5	-4.634309207001905e-5	-4.2820809106945776e-5	-3.860007259437253e-5	-3.4436689946431035e-5	-3.053130664276314e-5	-2.6358791837849827e-5	-2.2359824505580354e-5	-1.9259812657473202e-5	-1.5847647640113453e-5	-1.1357309925554221e-5	-1.118823346888862e-5	-1.0446230479347089e-5	-9.931498067786582e-6	-9.266512456993468e-6	-9.471721285981075e-6	-9.299550035200485e-6	-9.153582697320108e-6	-9.044860360359931e-6	-1.0280451681187342e-5	-1.0226945273983119e-5	-1.058935670948018e-5	-1.1818133033606945e-5	-1.21109398687003e-5	-1.3282678627238483e-5	-1.4820425716191056e-5	-1.4563262244358596e-5	-1.537660866419554e-5	-1.526498636425077e-5	-1.583803314192389e-5	-1.615216368587493e-5	-1.7728040999716484e-5	-1.7674897014193468e-5	-1.807392378664653e-5	-1.9278228170186047e-5	-1.8047856408681152e-5	-1.7715640640656588e-5	-1.6534077695840553e-5	-1.714261100693032e-5	-1.6919310286025828e-5	-1.70384126593889e-5	-1.841274864782666e-5	-1.8583920067692574e-5	-1.944180429982404e-5	-1.989190932062462e-5	-2.115271951602096e-5	-2.190731826495892e-5	-2.235709654110603e-5	-2.236736945155802e-5	-2.4107589419197252e-5	-2.525087031693884e-5	-2.70039506435147e-5	-3.0272532703799933e-5	-3.520732558032376e-5	-4.140218644809422e-5	-4.4797779540279616e-5	-5.37227466288967e-5	-6.417904193658196e-5	-7.818424523791702e-5	-8.950388748294597e-5	-9.666833273528491e-5	-0.00011173411469059952	-0.00012293424459831892	-0.0001342607916661985	-0.00014542490394406707	-0.00015722164455750365	-0.00016498796605183066	-0.00017727813319970767	-0.00018914966945157707	-0.00019529346054810576	-0.0002005911694342652	-0.00021151171352568054	-0.0002126959193623698	-0.00021658154848551436	-0.00020909405077599447	-0.000257321010961771	-0.00034981226216482947	-0.0004026266608525911	-0.0004463021085511498	-0.0004645305046657375	-0.000477183763206504	-0.0004720051600005243	-0.00046489463645903173	-0.0004431427347469097	-0.0004210369023913141	-0.0003994532168146575	-0.00036951709313920444	-0.000338731607867071	-0.0003099378260550817	-0.0002776631197101004	-0.00024948048705022985	-0.00022041316493325025	-0.0001857615673696994	-0.00015922997620952672	-0.00012885519908023557	-9.876969576418093e-5	-6.63354271686345e-5	-3.7298041391520265e-5	-0.00017700056481259607	-0.000225337423850544	-0.00023978813379343933	-0.0002460717183402211	-0.00024713699099329633	-0.0002513287950152432	-0.00024910950776127483
-3.0159719814344503e-5	-3.350308753840257e-5	-3.801657952199125e-5	-4.222240839021809e-5	-4.602769130190778e-5	-4.978158762492836e-5	-5.219969412501111e-5	-5.346425505006053e-5	-5.343795969148333e-5	-4.996127976933905e-5	-4.28395057058481e-5	-3.3311975831322276e-5	-3.7153278595477256e-5	-4.121911283973788e-5	-4.4177153065263e-5	-4.903424995412239e-5	-5.255055403688164e-5	-5.63784159873619e-5	-5.8665366957214894e-5	-6.095897040186288e-5	-6.332683613878998e-5	-6.337017229593542e-5	-6.326165853914444e-5	-6.130632775795761e-5	-5.897021235987945e-5	-5.5233075532397195e-5	-5.255316142790999e-5	-4.787842373271418e-5	-4.389582599316488e-5	-3.981653101301462e-5	-3.5189783189172943e-5	-3.171611087096019e-5	-2.6399902012738674e-5	-2.2324703229711224e-5	-1.6802466820784075e-5	-1.587361299126627e-5	-1.65971106351687e-5	-1.5673718087847767e-5	-1.5158509274464538e-5	-1.4479970187838455e-5	-1.3317539982577419e-5	-1.2994090571876067e-5	-1.557737905409206e-5	-1.6449382004082858e-5	-1.6354664204940722e-5	-1.831656416709064e-5	-2.037774984831823e-5	-1.9551119254915435e-5	-1.806690313034629e-5	-1.9913824902224528e-5	-2.0401879052269964e-5	-2.2309519018943146e-5	-2.1092945749409675e-5	-2.2567887080046818e-5	-2.333333469473585e-5	-2.4818681723486058e-5	-2.3616697749436096e-5	-2.303424939393943e-5	-2.2591150833166894e-5	-2.2643511252227327e-5	-2.1707921552438676e-5	-2.2434067936129808e-5	-2.186139055968938e-5	-2.3148476530261176e-5	-2.347432693377855e-5	-2.561726658166681e-5	-2.7524703436615505e-5	-2.910064412207404e-5	-3.0198979520399197e-5	-3.1013033436363795e-5	-3.2564357216628356e-5	-3.4047695435593384e-5	-3.645215169479927e-5	-4.1838357919214e-5	-4.6118800632274394e-5	-5.0023376120620494e-5	-5.488091514712582e-5	-5.826415386397596e-5	-6.127028265713423e-5	-7.267928061683096e-5	-8.238222885988133e-5	-9.309331029574291e-5	-0.00010289786638853146	-0.00011471101146872872	-0.00011676028254057474	-0.00013397088728097847	-0.00014593973338833388	-0.0001583216947299848	-0.00016456663364926988	-0.00017652688132866606	-0.0001849294851367228	-0.0001942921534379624	-0.0002062077238563359	-0.0002102467692131904	-0.00021482842523130874	-0.00021954378050768886	-0.00021720493838858074	-0.00020682613141673883	-0.0003430423311948441	-0.00039772532739023453	-0.0004482826961201003	-0.00046182009388537337	-0.00046954939329074685	-0.00047304515534730973	-0.00046431615648677427	-0.0004453647737059918	-0.00042076414683185626	-0.0003931833207539842	-0.00036787335872846827	-0.0003377642458259056	-0.0003077842846040124	-0.0002733747839645667	-0.0002413627600734991	-0.00021101268215389934	-0.00017888590565437457	-0.0001504196964468435	-0.00011628937266264239	-8.862555719683918e-5	-5.4925798718269414e-5	-2.4491009264007713e-5	-0.00018241845187172423	-0.00022745174060173623	-0.00023875371124582045	-0.00024412440818855075	-0.0002473895582746216	-0.0002501986257064104	-0.00024334104544755653	-0.00023880846584077575
-2.366445529659346e-5	-2.777669611789442e-5	-3.1977342567499414e-5	-3.586267440240827e-5	-3.992109748785118e-5	-4.387466973933274e-5	-4.690894477325444e-5	-4.960448244111133e-5	-5.0480092314889556e-5	-5.112273934260517e-5	-4.835254417722475e-5	-4.274812887570048e-5	-2.958659775238303e-5	-3.4672527883202776e-5	-3.960714835802865e-5	-4.523083593592752e-5	-4.857023901724388e-5	-5.348757066870203e-5	-6.0005491610173704e-5	-6.210701339337283e-5	-6.629414226778929e-5	-6.735045632094358e-5	-6.961988240951084e-5	-6.916057249193707e-5	-6.882277919491395e-5	-6.724168745138141e-5	-6.44053282114563e-5	-6.048306044100903e-5	-5.5939696708899415e-5	-5.147883798384788e-5	-4.765422369321266e-5	-4.398861926568822e-5	-3.906559594584781e-5	-3.350754613010154e-5	-3.0511166076302443e-5	-2.450500284460755e-5	-2.3480077582758996e-5	-2.1769530852999187e-5	-2.341637375267904e-5	-2.284787142196442e-5	-2.268834421823452e-5	-2.2126369164069022e-5	-2.1593024406279387e-5	-2.170779048594855e-5	-2.365413987186378e-5	-2.501830001304904e-5	-2.3904243872958225e-5	-2.5753693692594573e-5	-2.6747247727212584e-5	-2.4304969305612503e-5	-2.6796767306188143e-5	-2.8079317300130913e-5	-2.6872886104952268e-5	-2.7491096801345732e-5	-2.82837162436482e-5	-2.7428279970615616e-5	-2.801429934925527e-5	-2.692283532614373e-5	-2.6719427289201986e-5	-2.6564684669659264e-5	-2.6464529217151353e-5	-2.7824623058088707e-5	-2.7522857311366306e-5	-2.790776418011391e-5	-3.040083670100089e-5	-3.082095523080936e-5	-3.362075497019036e-5	-3.602004768944473e-5	-4.0136729579027045e-5	-4.171800895729806e-5	-4.470356806355203e-5	-5.0072518993551224e-5	-5.3890235115626635e-5	-5.8038936124552715e-5	-6.589436391283773e-5	-6.77118476577216e-5	-6.91287166127829e-5	-6.83599539550838e-5	-7.605889762408655e-5	-8.161182054591473e-5	-9.704189031121621e-5	-0.00010683794593371182	-0.0001129701561247351	-0.0001217905432537511	-0.00013439350695677865	-0.0001476391655414952	-0.0001554610185158442	-0.00016286447136661802	-0.00017672220858997584	-0.00017868385427961125	-0.00018924865613414305	-0.00019871289520540653	-0.0002104298431468074	-0.00021776848857166242	-0.00022464114487856512	-0.0002214107799013154	-0.0002223705854870195	-0.000326167659504481	-0.00039531193271082066	-0.0004367017893136538	-0.0004632011317475676	-0.00047432468933475413	-0.00047537870233142765	-0.00046169999854545063	-0.00044357428884492234	-0.00041819997161421374	-0.00039182632334024137	-0.0003655741393198547	-0.0003320575925769981	-0.0003032469804778448	-0.000266119235805759	-0.0002363418321726235	-0.00020666530097489255	-0.00016692458222958284	-0.0001406129117222793	-0.00010628668930222351	-7.472245109989284e-5	-4.550872721199861e-5	-1.3971072345894675e-5	-0.00019448962752799392	-0.00023237744497736634	-0.00024382957350237155	-0.0002412349755717691	-0.00024438962008613285	-0.00024196840581539036	-0.00023888430968586893	-0.00021609693136477592	-0.00020365981102075936
-1.768676462341086e-5	-2.0984078380080137e-5	-2.4972035452940772e-5	-2.804990880409322e-5	-3.226589839495225e-5	-3.6168998351904236e-5	-3.9756529963746665e-5	-4.290225187370163e-5	-4.499978376580095e-5	-4.5770934053524295e-5	-4.569230844381211e-5	-4.4626883758487265e-5	-4.050170631817937e-5	-2.570566388871917e-5	-3.086585636602815e-5	-3.602243931746449e-5	-4.115263747719693e-5	-4.708485980124168e-5	-5.2549337846647184e-5	-5.808175335543335e-5	-6.27617001880583e-5	-6.712853122220301e-5	-6.95371970589739e-5	-7.128466707976427e-5	-7.134174819639887e-5	-7.134252761578815e-5	-6.927581740949571e-5	-6.617179643586459e-5	-6.366110069655484e-5	-6.180537283134377e-5	-5.663860759520453e-5	-5.117366757125333e-5	-4.870204669508039e-5	-4.391940935553288e-5	-3.999950660949457e-5	-3.552548760808044e-5	-2.8751948304844843e-5	-2.922274962703468e-5	-2.8881942112446782e-5	-2.914762840268946e-5	-3.035788916257165e-5	-2.827973226145024e-5	-3.0081149024604667e-5	-2.9071289537989375e-5	-2.794458401115217e-5	-3.1076436156395396e-5	-3.0164028257595107e-5	-3.065083183464469e-5	-3.194972216478964e-5	-3.251126893199195e-5	-2.9680286521690732e-5	-3.0407532286384764e-5	-3.091240379448322e-5	-3.2146396222038076e-5	-3.291771762396929e-5	-3.253100330888499e-5	-3.1415347645329106e-5	-3.0205035141898234e-5	-2.9916540653183304e-5	-3.0326793105852484e-5	-3.081693846504821e-5	-3.124684002210956e-5	-3.082710326699108e-5	-3.181507908143165e-5	-3.406660454489778e-5	-3.665912752938254e-5	-4.190311604103901e-5	-4.5946612888068256e-5	-5.1730772036894315e-5	-5.42485223138222e-5	-6.129064335051726e-5	-6.469048202933231e-5	-7.146884177674194e-5	-7.64520067804246e-5	-7.7859061754261e-5	-7.712693201114562e-5	-7.880212617421972e-5	-8.283457811819259e-5	-8.420937455374047e-5	-9.499661436174547e-5	-0.00011057564201300343	-0.00011742122931531623	-0.00012876746164573044	-0.00013339232854143318	-0.00013998743613949372	-0.00015001352883427937	-0.0001620525417415225	-0.0001700331495610788	-0.00017603209070526232	-0.0001812999991020886	-0.00019335543246807446	-0.0002026450177366329	-0.00021788507586703587	-0.00022767087434066857	-0.00023167588073663703	-0.0002239528742575131	-0.00031265091991056204	-0.00039215954832430566	-0.00043452876995371537	-0.00046488598929618485	-0.00047941223321919246	-0.00047983687943148334	-0.00046604866211878704	-0.0004425140358310653	-0.00042074485887520774	-0.0003939762791178858	-0.00036243221661694247	-0.0003317765402688355	-0.00029792304539165426	-0.00026308652283611733	-0.0002300343611340988	-0.00019580224464368912	-0.00016058492881797226	-0.0001303342431809712	-9.68721489743446e-5	-6.496344347878269e-5	-3.3588506108406246e-5	-7.846321812762791e-5	-0.0001953334590430733	-0.00023000345703537428	-0.000242183425440759	-0.00024190228314381612	-0.00024015945872604694	-0.0002341375964637349	-0.00021138269715344216	-0.00020200811401242802	-0.00019153058067496176	-0.00018002012467516204
-1.0761296666056061e-5	-1.3761101741623094e-5	-1.6932770127448676e-5	-2.0723662369492857e-5	-2.4225613810997804e-5	-2.761772294147466e-5	-3.100537537760635e-5	-3.393934346887159e-5	-3.614269322195496e-5	-3.8282043577893624e-5	-3.878613093677083e-5	-3.93348340553025e-5	-3.808513048117121e-5	-3.4755998751766215e-5	-2.6081063280196035e-5	-2.331655064879458e-5	-2.9224571357735e-5	-3.6590433862091626e-5	-4.216625429354602e-5	-4.8730828996600833e-5	-5.516536308162491e-5	-5.8676923102253184e-5	-6.183589838087977e-5	-6.377244609126476e-5	-6.634159562847464e-5	-6.849736665999646e-5	-6.707176464617118e-5	-6.646508237989797e-5	-6.383928449890316e-5	-6.234869253372334e-5	-5.653058744855763e-5	-5.46118322276596e-5	-5.029213438929869e-5	-4.752164194923511e-5	-4.415984196154063e-5	-4.182029679153376e-5	-3.633684247049927e-5	-3.539730390311052e-5	-3.56319159290977e-5	-3.551793467627615e-5	-3.711984466006103e-5	-3.515070390791228e-5	-3.669375935912156e-5	-3.442292834782666e-5	-3.444123090022566e-5	-3.296247351675455e-5	-3.382000707046959e-5	-3.5239837957445896e-5	-3.41451606030406e-5	-3.476683101567152e-5	-3.570138770118275e-5	-3.571851045188271e-5	-3.6272324147089766e-5	-3.4577209043033796e-5	-3.451632697108048e-5	-3.57870412177972e-5	-3.4113809677495735e-5	-3.303838677789182e-5	-3.324256768835222e-5	-3.3204706752177834e-5	-3.286628610867266e-5	-3.267958354011974e-5	-3.2891960368482825e-5	-3.592937861292278e-5	-3.909075217385996e-5	-4.3942295603009024e-5	-5.2085102235973485e-5	-5.623659727455564e-5	-6.499228778311487e-5	-6.686303808257736e-5	-7.034515895135152e-5	-7.546899325090728e-5	-7.933791405963231e-5	-7.821054725078505e-5	-8.124540639862718e-5	-8.49236292182684e-5	-9.25528846271173e-5	-9.503074520876564e-5	-0.00010009183445177511	-0.00010858394565438356	-0.00012336195270596512	-0.0001272831129774457	-0.00013080380485350207	-0.00014115956949341257	-0.000143819378173142	-0.00015641465022069728	-0.00016320245816662388	-0.0001652250147679904	-0.00017046930750677647	-0.00018240413693360047	-0.0001984263298376171	-0.00021997951572295948	-0.00023175572333618277	-0.00023934898138976146	-0.00023768588291138426	-0.00029303078193099186	-0.0003877468923198235	-0.0004425155972990341	-0.00047000120527267153	-0.00048354048326135213	-0.0004814917149882636	-0.00046920107491139895	-0.00045540540088984116	-0.0004301380152667983	-0.00039434616162792313	-0.00036460051449326014	-0.00032724888055467305	-0.00029670292633378337	-0.0002571949762539272	-0.00022111639559271867	-0.00018814976855165144	-0.00015025456052975006	-0.00011991594045870912	-8.988894329396702e-5	-5.512992471388978e-5	-2.074824838847744e-5	-0.00010445561603178444	-0.00020217583878746892	-0.00023048626549004858	-0.00024466406244733063	-0.00024308666581387972	-0.00023556563795955332	-0.00020154657760437789	-0.00018724252356938642	-0.0001774508541409897	-0.00017090222206167516	-0.00016687083724369056	-0.00016626358558154142
-4.727633838878462e-6	-6.896937394026276e-6	-9.714007511785541e-6	-1.2285253055740325e-5	-1.5518345587500412e-5	-1.8795356709813e-5	-2.1945609798802376e-5	-2.50056779481974e-5	-2.752019714002095e-5	-2.9291124999672805e-5	-2.9906082086661803e-5	-2.991674854894988e-5	-3.060927073329604e-5	-2.8878168736520826e-5	-2.6644475335920945e-5	-2.1917208391057652e-5	-1.6281101195957798e-5	-2.187392779927355e-5	-2.8432382425010172e-5	-3.4336040467038836e-5	-4.05663360433621e-5	-4.514822966438653e-5	-4.8728650183915007e-5	-5.163729662502163e-5	-5.401081757403295e-5	-5.5270999230324844e-5	-5.5757334323615695e-5	-5.574758412058359e-5	-5.364415259657279e-5	-5.26540552153211e-5	-5.0623975606130245e-5	-4.7911070781298665e-5	-4.678275697606385e-5	-4.2719694020318735e-5	-4.125350015478195e-5	-4.2619422151602554e-5	-4.011715238434396e-5	-3.3716693445453444e-5	-3.555594160027306e-5	-3.518876878251531e-5	-3.720417908210233e-5	-3.472696902175748e-5	-3.3675493329218126e-5	-3.438365141650995e-5	-3.569005849321169e-5	-3.4094534216277256e-5	-3.4858059798012486e-5	-3.411864264420486e-5	-3.65977811207438e-5	-3.5749896044792034e-5	-3.6763696579199256e-5	-3.627207404875363e-5	-3.692879281449318e-5	-3.6143752541687585e-5	-3.682677248003849e-5	-3.743669995314933e-5	-3.7422989999837813e-5	-3.719020561345279e-5	-3.5446038465503094e-5	-3.5478882879540555e-5	-3.4715451704709493e-5	-3.484954577519239e-5	-3.730591245534702e-5	-4.2165226524096613e-5	-4.588346757118493e-5	-5.2523646564862914e-5	-5.992252847348764e-5	-6.277748931587598e-5	-6.934250038320017e-5	-7.410450475909408e-5	-7.465198549388638e-5	-7.78834700182994e-5	-8.098450593940418e-5	-8.948916217429992e-5	-9.07118168557916e-5	-9.639107199053976e-5	-9.716839702647584e-5	-0.00010555343589197658	-0.00010997751515896825	-0.0001260182083467551	-0.00012429768249822698	-0.0001204110977592876	-0.00012601549621502062	-0.000135738235213477	-0.00015591799140853013	-0.0001600089141046146	-0.0001601143891950818	-0.0001618527816112103	-0.00017308845827977704	-0.00019385086851703148	-0.00022262806702311178	-0.00023822929024440442	-0.00024805660390342377	-0.0002464555731804957	-0.0002429944008595225	-0.00038380946164318086	-0.0004431823859719214	-0.00047401099169917804	-0.00048719587175324874	-0.0004878626181422513	-0.00048089639692258657	-0.00045656533501775565	-0.0004318058671043401	-0.0003972819033384173	-0.0003661830155505391	-0.0003324679860843699	-0.0002977418340089494	-0.00025844102639199784	-0.00022112754552786051	-0.00018257077989171366	-0.00014826055639259594	-0.00011357543031054185	-7.829899836137022e-5	-4.659415821922641e-5	-1.1702078325445675e-5	-0.00011747412157619985	-0.00019742293889089824	-0.00023089060177672316	-0.00024180674281469583	-0.0002386953564491312	-0.00019829860106387875	-0.00017060633483202692	-0.00016175877456080234	-0.00015518255235512368	-0.00015214492925068324	-0.00015288928001226665	-0.00015400248914651526	-0.00015172835622460912
1.5104200442456195e-6	-4.867194700660521e-7	-3.246649558355172e-6	-5.301252872010748e-6	-8.37959522191796e-6	-1.1511786993491716e-5	-1.4134141312861434e-5	-1.6718742303122383e-5	-1.9204230409684483e-5	-2.0368306325423136e-5	-2.1608958410612375e-5	-2.1690891053791073e-5	-2.1662597876528217e-5	-2.091272416197311e-5	-1.8752351803536307e-5	-1.6492931342480463e-5	-1.201537456227246e-5	-7.314995695761536e-6	-1.3532246341280835e-5	-1.8970502875829617e-5	-2.4061387024531047e-5	-2.9524971036825123e-5	-3.2172090946164245e-5	-3.495568751447041e-5	-3.5638092276508646e-5	-3.6834103285922695e-5	-3.851239018990392e-5	-3.570422608826021e-5	-3.531211426239557e-5	-3.5037078490243734e-5	-3.562768610405713e-5	-3.638550875526003e-5	-3.320419731268204e-5	-3.288722142920711e-5	-3.1193262003351846e-5	-3.0938425920560425e-5	-3.0619693737986287e-5	-3.0313464303814708e-5	-2.814607970519703e-5	-3.0970912791826455e-5	-2.7880056336498926e-5	-3.0202599806978397e-5	-3.03822097146543e-5	-2.985680208926131e-5	-3.0250746189692396e-5	-3.0473027313321355e-5	-3.0778552937652665e-5	-3.0008864425508375e-5	-3.1122544699811044e-5	-3.221688204841505e-5	-3.3634213361492804e-5	-3.4981911356361806e-5	-3.605467953273628e-5	-3.74183541681887e-5	-3.743921356746602e-5	-3.7886746203415894e-5	-3.9261672526384045e-5	-3.857971499774196e-5	-3.769235872854923e-5	-3.777614343298402e-5	-3.7150515411372986e-5	-3.841795799671907e-5	-4.241500504769888e-5	-4.8674882863457974e-5	-5.469548549968603e-5	-5.986815622242847e-5	-6.721515287714738e-5	-7.043718722437448e-5	-7.695256823252172e-5	-7.717900358519478e-5	-8.091478892078771e-5	-8.649952867693933e-5	-8.741104097053504e-5	-9.458705390111288e-5	-0.00010356617267340967	-9.765447207387562e-5	-0.0001076207955218178	-0.00011403818763865842	-0.0001275373415817599	-0.0001255178928459208	-0.00012163082617911575	-0.00012064217051570292	-0.00013156138765207936	-0.00014736533673030683	-0.00014855221436640975	-0.0001522554892493394	-0.00015131860911857253	-0.0001646754447214016	-0.00018460422687022193	-0.0002141602420575872	-0.00024244132396100682	-0.0002559268610837634	-0.00025942835878665915	-0.0002503964592094621	-0.00038033113789436024	-0.00044028880628183	-0.00047893501447723863	-0.0005018225949799532	-0.0004995122035184735	-0.0004877901973402571	-0.00046486606100973327	-0.00044505109710393786	-0.00041499838916887744	-0.0003754474591464996	-0.0003381326668314144	-0.0003026474986421446	-0.0002593698858119331	-0.0002222647521761545	-0.00017937256280992075	-0.00014395075843137706	-0.00010779937142588181	-7.16623023942764e-5	-3.5959272452062985e-5	4.105758701772322e-7	-0.00012669234736827073	-0.00020022055888246904	-0.00023838844635283574	-0.00024390703237502087	-0.00019035973188377686	-0.00015930039709219357	-0.000148649865203479	-0.00014102511432939613	-0.00013843662457699302	-0.00013477952868351517	-0.00013516400997580502	-0.00013536276895383115	-0.0001379792721051265	-0.00014004309886218869
2.3404912990326876e-6	1.7080414773523733e-6	9.828504113004732e-7	3.884023636567535e-7	-2.4164273555206395e-6	-5.5946959304914445e-6	-8.348566548363814e-6	-1.0477917849766732e-5	-1.2742393132401247e-5	-1.4066611699233011e-5	-1.4091306192644953e-5	-1.4687738980785625e-5	-1.3597146737535926e-5	-1.3325569217948613e-5	-1.2306943902558667e-5	-1.028187433739676e-5	-7.067102328686681e-6	-3.1461217637161754e-6	4.2131811819716425e-7	-4.4517244166160375e-6	-9.66531073383868e-6	-1.3809968820626198e-5	-1.709088361286082e-5	-1.7254796929374455e-5	-1.8924520533546846e-5	-1.893440599079997e-5	-1.7592543144918232e-5	-1.7272049079603696e-5	-1.6958790437487242e-5	-1.8074351477298523e-5	-1.8459218528721344e-5	-1.7732160032847555e-5	-1.645498689563374e-5	-1.6875986664968007e-5	-1.4508378764870045e-5	-1.6408100952155363e-5	-1.5058321722796059e-5	-1.4874609410939904e-5	-1.304685038391179e-5	-1.6547672845694528e-5	-1.735108584588474e-5	-1.7198717601994706e-5	-1.8070552758146785e-5	-1.696401640037884e-5	-1.6891350297643104e-5	-1.7713752990464182e-5	-1.8772200699283814e-5	-2.0629432949219317e-5	-2.1945557567362717e-5	-2.461045072160023e-5	-2.765754541621951e-5	-2.8873335742706646e-5	-3.123629864964714e-5	-3.2084504053130763e-5	-3.360786979657651e-5	-3.50683706791359e-5	-3.6810106774764345e-5	-3.776498775157067e-5	-3.860992184604936e-5	-3.936561959651946e-5	-4.087632278016243e-5	-4.354559079858614e-5	-5.099389443694036e-5	-5.6436602461663876e-5	-6.435121364814847e-5	-7.036361613808537e-5	-7.34962615940582e-5	-7.35132105471499e-5	-7.502282128868387e-5	-7.756605373190201e-5	-8.268074072614873e-5	-9.090231670692839e-5	-9.537537697546644e-5	-0.00010283320343255214	-0.00010691256669033422	-0.00010621933877168893	-0.00011293767407816874	-0.00012332403956545612	-0.00012079950516448446	-0.00011627542353433162	-0.00011331017439435154	-0.00012914740370878475	-0.00014620943800287833	-0.0001517239001536802	-0.00014228942199837058	-0.00014458294088880164	-0.00015218549814441373	-0.00018282140558378845	-0.0002164689903022543	-0.000246554119351719	-0.0002599782882462681	-0.00026660706476701324	-0.00026638405045166513	-0.00035760996139160006	-0.0004442101382909347	-0.00048529328841064034	-0.0005017399328042377	-0.0005085725475733466	-0.0005016272117738113	-0.0004845653986569609	-0.00045369102051606713	-0.0004190744977601579	-0.00038405329307392155	-0.00034755276131018253	-0.00030529942593102155	-0.00026491842096756923	-0.0002252621826050183	-0.0001856718325095319	-0.00014434453935938119	-0.00010279729541554095	-6.314010859292951e-5	-2.7691652790262644e-5	8.840315198627158e-6	-0.00012788556368395487	-0.0001970453210320411	-0.00023639377911763293	-0.00017803350373796212	-0.0001559587712880034	-0.00014281541964658584	-0.00012937991520148295	-0.00011895090034491629	-0.00011706352662406438	-0.000122327508582723	-0.000117787910067918	-0.0001229715454898611	-0.00012636188297977802	-0.00013032337969204333	-0.00013124421644958306
2.2701770476495076e-6	1.727668572440444e-7	-1.7491849169191248e-6	-4.282314330613171e-6	-6.139459437799061e-6	-8.355923673255758e-6	-9.68520050400809e-6	-9.592369460591568e-6	-6.989357145348665e-6	-8.971356589473206e-6	-9.365609226737528e-6	-8.474432201983906e-6	-8.474816253498454e-6	-7.837588786524866e-6	-6.9556094011661435e-6	-4.741352601332627e-6	-1.7576091677993372e-6	1.093424992475861e-6	3.577288855763361e-6	6.486820222683168e-6	3.0951844006647106e-6	6.623561833556113e-8	-1.9074608971318685e-6	-2.088147797035811e-6	-2.9973544805016183e-6	-2.8108209119623306e-6	-1.505021259527728e-6	-3.459247862117043e-6	-4.529264983899051e-6	-3.0421988170790948e-6	-1.1786971680811942e-6	-2.246351488068704e-6	-1.5716658118176963e-6	-1.7560448537998208e-7	-6.450240190060408e-7	-2.499618350845778e-7	2.672377347624072e-6	5.610901988254563e-6	5.022134943154233e-6	5.20274481049382e-6	1.4970309063569442e-6	-3.121622426695281e-7	1.046686175232292e-6	2.636750681076633e-6	8.956025482863283e-7	-1.3560051519145855e-7	-1.8842385334297274e-6	-4.889976715650307e-6	-7.74371723428341e-6	-1.2503446737179014e-5	-1.7147261312678436e-5	-2.046061459365714e-5	-2.2820003319715815e-5	-2.4188006523921668e-5	-2.657897637875148e-5	-2.9011086068175818e-5	-3.26073040096686e-5	-3.620905777903388e-5	-3.9291155561321095e-5	-4.277317134379968e-5	-4.5156377064242e-5	-4.958017069817133e-5	-5.550855039287636e-5	-6.367141812705854e-5	-6.798377317910123e-5	-7.427320986973934e-5	-7.611646957259716e-5	-7.572027651159968e-5	-8.084675886654152e-5	-8.129005292251829e-5	-8.765007675822639e-5	-9.651991695041467e-5	-0.00010852917208589025	-0.0001109762916328208	-0.00011200269715589545	-0.00012129188192017137	-0.00013616440874136826	-0.00011855369095280233	-0.00010525250636328476	-0.00010146958750664736	-0.0001290727197431757	-0.00014279294066610326	-0.00014986810121901672	-0.00013978645042704574	-0.00013185194884697549	-0.0001432792818851364	-0.0001741001980169049	-0.00021579507885477467	-0.0002500500613858425	-0.00026717771679958535	-0.0002770676240521075	-0.00027693947027111754	-0.0003091138922519526	-0.000440552018910606	-0.0004876682827090889	-0.0005106166542107743	-0.000515093647422693	-0.0005131321088522323	-0.0004888079962496461	-0.0004673999030695153	-0.0004346315165409953	-0.0003968033423541739	-0.00035556603017808386	-0.0003136835886527467	-0.0002752857863538849	-0.00023442942075416195	-0.0001882060427643717	-0.00014440605742432888	-0.00010304838449562426	-5.9265620189208335e-5	-1.9447830065105753e-5	2.028800434941691e-5	-0.0001365240594186634	-0.00018897256502670157	-0.0001812197594677073	-0.0001413310557994707	-0.00012945530671742977	-0.00010558387822899584	-0.00010508916436710591	-0.00010893603857517475	-0.00010999481056886418	-0.00011655626507359185	-0.00012122500637860856	-0.0001257990604047743	-0.00013187438944670116	-0.00013201124611852966	-0.00012124377760450167	-0.00012647721411851442
-6.511637380018399e-6	-7.663280112476384e-6	-5.541366356661553e-6	-5.132359598078451e-6	-7.511924947096321e-6	-9.49254075951339e-6	-1.1360304569881657e-5	-1.2579015872546742e-5	-1.2913092009526547e-5	-1.1841559227317514e-5	-1.0767878559289623e-5	-8.443843606091572e-6	-5.803783452093536e-6	-3.9046023630074506e-6	-3.140202480640328e-6	-6.109602027851851e-7	1.0505358518861363e-6	4.5936280224524034e-6	5.97207019622549e-6	7.15599633585931e-6	9.153822285671437e-6	1.1295454426397261e-5	1.0195808498696113e-5	8.670559496076757e-6	8.101160259114948e-6	7.369830331942218e-6	9.297782650134062e-6	7.70607855955438e-6	6.97585668700193e-6	7.289292108282608e-6	8.655034479908286e-6	8.732792321306665e-6	8.283385045590452e-6	1.2605829845680622e-5	1.2543715849008819e-5	1.3913113066157945e-5	1.7060140951839775e-5	2.1397942066240377e-5	2.3920564964571844e-5	2.6028912369652907e-5	2.236719707018886e-5	1.857352211484878e-5	1.6250169775338524e-5	1.6569396841994294e-5	1.977468481930561e-5	1.854672914813199e-5	1.408256519210005e-5	1.0564562571112324e-5	5.795010847055304e-6	5.056866383967851e-7	-3.070395717189034e-6	-7.760429614461078e-6	-1.0649166227658102e-5	-1.4141917237947554e-5	-1.6983656993783958e-5	-2.335403897178734e-5	-2.905478933617686e-5	-3.472805273603899e-5	-4.020768185628368e-5	-4.54635382075505e-5	-4.784325290541763e-5	-5.407276525409149e-5	-6.169018919831293e-5	-6.70224071554204e-5	-6.728495917981275e-5	-7.061871215834764e-5	-7.103980750010341e-5	-7.305517692526853e-5	-8.611455884315056e-5	-9.215579167831667e-5	-0.00010094045033420124	-0.00012124687430274672	-0.00012713281425866252	-0.0001303233519364677	-0.00013983000976720839	-0.00015208850194861623	-0.00013034401726355616	-9.680686894469881e-5	-0.0001005387398767682	-0.00012883201558518131	-0.00014642073252642274	-0.00015255559684436426	-0.00013959286222602063	-0.0001188927886263541	-0.00012604181630695988	-0.00017007592252940573	-0.00021675455332513527	-0.0002495845795660867	-0.00027545135595184733	-0.0002866303175710905	-0.00028797132408699133	-0.00027736149791832143	-0.00042901677219445156	-0.00048298533466932525	-0.0005180266844824477	-0.0005235177885816455	-0.0005236201836705812	-0.000505809768635429	-0.00047470167770582994	-0.0004484133242672883	-0.00040751345483855395	-0.00037190048610136195	-0.00032767622599669255	-0.0002825245467262538	-0.00023877411332862142	-0.00019484825905524694	-0.0001503730178570306	-0.00010476952898991199	-4.0101406136722195e-5	9.331768430903553e-6	-9.299075398594425e-6	-0.00011854429720833948	-0.00014277313272609282	-0.0001507429001502275	-0.0001439472688182647	-0.00012629479905455765	-0.00010711595521163686	-9.503888453131493e-5	-9.147002404640003e-5	-8.899724924030239e-5	-9.120056619627004e-5	-9.325901422635452e-5	-0.00010146600053217991	-0.00010845116883533013	-0.00011625750188926087	-0.00012659419844872344	-0.00013035028709629942	-0.00013719484793020542
-7.452066633044374e-6	-7.923995918516884e-6	-9.526476395932404e-6	-1.0560553706474504e-5	-1.2525232993788535e-5	-1.32392534164371e-5	-1.3285260505634458e-5	-1.341107354834413e-5	-1.2195546493249526e-5	-1.1865383648486036e-5	-1.1244415310971909e-5	-9.27883930714607e-6	-7.606844218107159e-6	-6.190721356770859e-6	-2.2965792950083858e-6	1.4187729496014517e-6	5.236417039995028e-6	6.4725799047739285e-6	8.090737877840953e-6	8.11111540346271e-6	8.128163344212763e-6	8.488709626712498e-6	1.7593859854246607e-5	1.4859021511045428e-5	1.2509842825265266e-5	1.1478607994663825e-5	1.2185751322932314e-5	1.2211835980369817e-5	1.3164241994666898e-5	1.2401257917706715e-5	1.4235154396392835e-5	1.3343982982385455e-5	1.557603324748788e-5	1.475801208669636e-5	1.609623681087316e-5	1.7874012166185782e-5	2.208222542538288e-5	2.5635797141782685e-5	3.107140011861936e-5	3.6741362827597684e-5	3.7810112950720925e-5	3.1141381682565916e-5	2.83299096529889e-5	2.7241726127495702e-5	2.8288346762706668e-5	2.7931274426597902e-5	2.3281318442102544e-5	2.022980475626865e-5	1.507822816257387e-5	1.0363207308353856e-5	4.7420273003445645e-6	1.3600882030860573e-6	-2.5678517472094153e-6	-5.676274879816423e-6	-1.266014148983835e-5	-2.10551590810841e-5	-2.990907792699976e-5	-3.879480981253125e-5	-4.30037506798063e-5	-4.906986693061291e-5	-5.099219722685955e-5	-5.8018773813062197e-5	-5.8469769282330775e-5	-6.126624381430634e-5	-6.447153217108842e-5	-6.769734978758629e-5	-6.922937483694325e-5	-7.596794623487141e-5	-8.849752571385427e-5	-0.00010850182774815864	-0.00013106212859784194	-0.00013229295155008092	-0.0001376129217089267	-0.0001607721529690853	-0.00017446760963019114	-0.00015475525310011673	-0.00010772904855509136	-9.975525809037544e-5	-0.0001244468794507625	-0.0001516064589406757	-0.0001540041651062335	-0.00013047813459017565	-9.549790038615447e-5	-0.00011119480640073287	-0.00015653856943326216	-0.00020805918554862857	-0.00025234855546320267	-0.00027816177377952556	-0.0002914485558273838	-0.00029673014045883406	-0.0002939521070131901	-0.00041742418983164997	-0.0004831302424096462	-0.0005216405753530329	-0.0005326131601729456	-0.0005275880305549707	-0.0005124730457703452	-0.000492834038769846	-0.0004552469234919698	-0.0004201991814396788	-0.00038023877189236055	-0.0003358195392773322	-0.0002936761944738464	-0.0002426189826300329	-0.00018523765117281488	-0.0001242740311699353	-7.35270247465003e-5	-2.204635475913652e-5	2.9520544429090245e-5	-3.365160797588751e-5	-0.00012547001567060623	-0.00013993955755471632	-0.0001350799058112001	-0.0001289180995029532	-0.00011874111741604076	-0.00010236093374825506	-9.023657905962712e-5	-7.669048555924984e-5	-7.1779240103792e-5	-7.324005681444423e-5	-7.931452304828224e-5	-8.098518340313166e-5	-9.182277594527166e-5	-9.998719365487962e-5	-0.0001063251203661103	-0.00011456334871647739	-0.00011925980971001782	-0.00012677281143250174
-7.376674818941956e-6	-8.896761148971533e-6	-9.749030264170379e-6	-1.2021010678845909e-5	-1.3398332980195035e-5	-1.429784047234095e-5	-1.3592228606746151e-5	-1.2599007476405202e-5	-1.1218841475387972e-5	-1.0733469560202102e-5	-9.240093824629259e-6	-8.537494685821254e-6	-6.287068576252969e-6	-3.3711885279869014e-6	9.476835006842765e-8	4.242529342158435e-6	7.584138612265479e-6	8.46663128603771e-6	1.0832949446336337e-5	7.381908615194249e-6	6.487258430096232e-6	4.034591237489504e-6	2.106598207506083e-6	1.4319973267069852e-5	1.3291213236347327e-5	1.0983322161917802e-5	1.1656292250861178e-5	1.2825840595750287e-5	1.2847387541835287e-5	1.4796820669779609e-5	1.5311021439416705e-5	1.416994917669695e-5	1.4975325992282185e-5	1.1373416694115263e-5	1.136381462020497e-5	1.2358840730322673e-5	1.4880409621512158e-5	1.7926887025624533e-5	2.482676152333607e-5	3.036689389529501e-5	3.295853797128864e-5	3.5719540172896025e-5	2.552661375462492e-5	2.626574744377455e-5	2.552614760190086e-5	2.513367779958392e-5	2.2232954192957788e-5	1.8040203662514354e-5	1.3580424436908378e-5	1.1110630211003114e-5	7.332987407397684e-6	1.7546036238519358e-6	-1.8168248481185978e-6	-8.307059630018737e-6	-1.7201432227394176e-5	-2.952764373070557e-5	-3.966488563381804e-5	-4.67112052705311e-5	-4.899849655789351e-5	-5.054646382441491e-5	-5.183131636561644e-5	-5.890714511232881e-5	-5.599809244777321e-5	-5.6590878901377484e-5	-5.9492469110800084e-5	-6.758383989165923e-5	-7.282468183177071e-5	-8.686462627752883e-5	-0.00011128899494658451	-0.00014565741256362952	-0.0001508660826474162	-0.00015313167877825662	-0.00018617616693097916	-0.00021422188545630605	-0.00018147187160096057	-0.00011022496023554984	-9.326632912157184e-5	-0.00012861108207064265	-0.00015656509855938028	-0.0001593611586008653	-0.00013007332168822605	-8.293270432370436e-5	-8.022714675752496e-5	-0.00013077656535812054	-0.00019332535247142124	-0.00024105521376736883	-0.00028144174772821995	-0.00029437807573529096	-0.00030771985263730595	-0.0003026748764817233	-0.00037617111205492937	-0.0004796607633653083	-0.0005227608120689231	-0.0005356185325995633	-0.000535756302169621	-0.0005252873244883383	-0.0004948072698102157	-0.00046752156356369423	-0.00043276420034349394	-0.0003882166992388858	-0.0003438194846015763	-0.0002862034090625465	-0.00022411009896819434	-0.00016786957934833424	-0.00011505087984739482	-6.234155292689225e-5	-1.5962569373945135e-5	2.7659464996165894e-5	-9.24523665089827e-5	-0.00011447055976721021	-0.00011521758091874446	-0.00011470269807752065	-0.00011907078816854322	-0.0001134494583780038	-9.518700779843903e-5	-8.265651292756193e-5	-7.028716324242179e-5	-6.793786518598244e-5	-6.21302618727948e-5	-6.568427052267012e-5	-7.129907580137596e-5	-8.06522006298327e-5	-8.661594727045474e-5	-9.44060989322218e-5	-0.00010116242620070853	-0.0001068125155380753	-0.00011243432216073018	-0.00011948513727912113
-6.917061446732632e-6	-8.264146298168039e-6	-1.0024898351224977e-5	-1.125608052674875e-5	-1.1781625235953927e-5	-1.1612336282438782e-5	-1.0725227211341379e-5	-9.58932949322519e-6	-8.259778630373762e-6	-8.347952944144296e-6	-7.68695087509201e-6	-5.009784172791201e-6	-2.570375471711364e-6	-2.1029185337528844e-9	1.4086821173518033e-6	5.0012896385051575e-6	6.486838627015046e-6	7.883420207865227e-6	9.143433921240604e-6	6.8557573355311485e-6	1.0988259998082062e-6	-6.877385596779084e-6	-1.892583252659577e-5	-2.227907859283021e-5	-9.311514233278917e-6	-3.641326552349805e-6	-1.952584849449629e-6	1.1298714242859165e-6	9.33112110799647e-6	1.232099849663576e-5	1.0910251922822273e-5	8.537571691280554e-6	6.53055924225085e-6	4.321374638335818e-6	1.8730301055806808e-6	1.8585966641594676e-6	1.9812064857606393e-6	3.039467711806604e-6	7.344688767764451e-6	1.1726473524847902e-5	2.1385748749137845e-5	2.5854765756724157e-5	2.9369066586234366e-5	2.3522537379288416e-5	2.2731151000116717e-5	1.9970545670714573e-5	1.7399972305001676e-5	1.362750087470846e-5	8.610569397250745e-6	2.929697771273526e-6	-1.0120003251200271e-6	-6.324969627907739e-6	-1.4376982080972073e-5	-2.2713073392563454e-5	-3.297020268562198e-5	-4.5046841419798395e-5	-5.3208233283773276e-5	-5.727271770988168e-5	-5.7039147060081175e-5	-5.4308762239933805e-5	-5.477077970848787e-5	-5.28328240531617e-5	-5.0992689563066074e-5	-5.207952341948485e-5	-5.9553919955213086e-5	-7.248791291606521e-5	-8.715376814336095e-5	-0.00012352819873766296	-0.00017252679775266178	-0.00017354396478902467	-0.00017639957767059955	-0.0002138559112782601	-0.00024307142973759022	-0.00020787254925193344	-0.00011910613749617494	-9.707281397978995e-5	-0.0001194159428459518	-0.00015641796451831835	-0.00016121758984223578	-0.00012841718031834926	-5.758773015743235e-5	-5.189915055874017e-5	-0.00010455712662858774	-0.00017201460633491095	-0.00023518381339626693	-0.00027165101505050027	-0.0003049267366384001	-0.0003076315461050805	-0.0003117590421930494	-0.0002996726517108528	-0.00046369210641300507	-0.0005177165467162848	-0.0005444150833269767	-0.0005461909193156533	-0.0005357316608563256	-0.0005057314792639156	-0.00047796828083965237	-0.0004405776867465183	-0.0003936028642771705	-0.00031867787401995695	-0.0002577403420897517	-0.000196289538442751	-0.00014284905810318937	-9.737093293119004e-5	-5.610432040822899e-5	-1.4669356007690482e-5	4.570537091158622e-6	-9.251003435517546e-5	-0.0001015370936201937	-9.864044346954981e-5	-9.955138753278692e-5	-0.00010390546951490054	-0.00010442433202861867	-9.31655486265115e-5	-7.794586482333388e-5	-6.910937729205646e-5	-6.677138681375483e-5	-6.09105387655573e-5	-6.111445117334968e-5	-6.462711507441987e-5	-7.298325832572061e-5	-7.878811123483709e-5	-8.820080213065018e-5	-9.374662667243489e-5	-0.000101831414828224	-0.00010837857217574354	-0.00011077320983231276	-0.00011342826504445735
-6.00273095932493e-6	-7.187205461312539e-6	-7.83761169029576e-6	-8.22597518530463e-6	-8.51052624098285e-6	-8.256818975283312e-6	-7.748415244927115e-6	-6.0197511309468404e-6	-6.025430859552677e-6	-6.271637126731983e-6	-6.021952874508615e-6	-4.367385440925617e-6	-4.255188676459756e-6	-3.1708897118253032e-6	-2.0646156767729906e-6	4.0390024766585875e-7	2.54933782959689e-6	3.268613488595709e-6	1.864587152212993e-6	-1.332608123242457e-6	-5.993883503679215e-6	-1.1343836623083775e-5	-1.8899957337017992e-5	-2.8107894755203394e-5	-3.847264629271152e-5	-2.302262319588827e-5	-5.617162063178277e-6	-2.185802645653101e-6	1.589784727473731e-6	3.0159481682889844e-6	5.797547934349029e-6	8.790996739154594e-6	1.0323619238118698e-5	1.2186967635139517e-5	1.0465938445752831e-5	9.141109093627198e-8	-1.794555281285637e-6	-2.253875037994124e-6	-1.0963426889422367e-6	1.5085287077658271e-6	6.976191271792359e-6	1.2557088344394146e-5	1.8944987505847832e-5	2.4640514509430972e-5	2.4087893301088376e-5	1.863669179917593e-5	1.4304026387836066e-5	8.327139596354255e-6	3.5772465176685253e-6	-1.6082064607965407e-6	-7.485289786005739e-6	-1.5800500393747113e-5	-2.5797613069193648e-5	-3.629958399836708e-5	-4.834150267585269e-5	-5.3781938321242895e-5	-5.862697556157509e-5	-5.790787933803582e-5	-5.400036884664616e-5	-5.4017665882845345e-5	-4.765037529049637e-5	-4.6163405671879876e-5	-4.761347663796017e-5	-5.813569666900803e-5	-8.267352546911105e-5	-0.00010051465053079883	-0.00014592169161366242	-0.00019496530106501153	-0.00020939622041513117	-0.0001989787065583698	-0.00023764603913206672	-0.0002768062558680673	-0.00026239813382018806	-0.00013706307161291675	-7.841343871960171e-5	-0.0001278491360088424	-0.00017025456456980226	-0.00017388306875094905	-0.00011660687172787565	-3.577665941278951e-5	-3.2474444140728753e-6	-7.129429208455051e-5	-0.0001483326638601623	-0.0002155813080134683	-0.0002656597220852819	-0.00030009136668673886	-0.00031422600329025774	-0.00031884027232656487	-0.0003048368007671498	-0.0004324754330695124	-0.000514039922606957	-0.0005505586390432138	-0.000557458162530472	-0.0005488421635571616	-0.0005250950932747522	-0.0004900678187910734	-0.00044227947302785675	-0.0003756657788664408	-0.0003154248164743967	-0.00025270436958269027	-0.00019550582984126375	-0.00014324823055175684	-9.292158622414837e-5	-4.710002830463078e-5	-2.3354750858933793e-5	-1.6831360740918178e-5	-8.127210449765387e-5	-9.645083559953194e-5	-9.009618311822676e-5	-0.0001029042881722092	-0.00011607648197665965	-0.00010799411343485887	-9.030764959623572e-5	-7.93240928671779e-5	-6.748719009845583e-5	-5.858558755310328e-5	-5.2919645878932164e-5	-5.2436238510977784e-5	-5.945402004915723e-5	-6.486848579990989e-5	-7.344999044742173e-5	-8.028219885755639e-5	-8.871409585674978e-5	-9.602956992961487e-5	-0.00010044638655993393	-0.00010852275328376848	-0.00011281047623823426	-0.00011599144659080879
-4.9264555244477384e-6	-5.525903953168543e-6	-5.8718032470766665e-6	-6.650409010381525e-6	-6.33473606686738e-6	-6.234088278152944e-6	-5.320992100708508e-6	-6.174257285995743e-6	-5.903270277121675e-6	-5.728345911764493e-6	-6.289926316339206e-6	-8.058464838348392e-6	-9.01147144643892e-6	-7.104472256802205e-6	-6.698248319935221e-6	-2.9622774502455207e-6	-6.526044082303534e-7	-1.5559960004490891e-7	-3.3330060987633164e-6	-3.839351254454615e-6	-4.79461373490038e-6	-7.025413454112006e-6	-1.1019962557496515e-5	-1.3719562703788657e-5	-1.6770040759707394e-5	-1.8696690571619323e-5	-1.5150171861402079e-5	4.136373372726904e-6	4.331353851971809e-6	4.172772912792999e-6	5.797950173355021e-6	1.0620267144011153e-5	1.3925898195016329e-5	1.6637413181083e-5	1.7646092052847617e-5	1.91418566110671e-5	2.276662148734121e-5	2.1204523054964286e-5	2.104333146537435e-5	5.276957907099367e-6	-2.438925797432212e-6	1.1205710296301186e-6	8.27680610680781e-6	1.3712102959161088e-5	1.5769437947295295e-5	1.671187521050735e-5	1.1190940264315524e-5	5.388935120625299e-6	2.3625714015360066e-7	-6.932024182101926e-6	-1.4919258157445464e-5	-2.518420845129543e-5	-3.259188307690869e-5	-4.6464965664134994e-5	-5.14063234254708e-5	-5.835090429503337e-5	-5.8268542551739855e-5	-5.189205207027647e-5	-4.859713911668784e-5	-4.230770117921723e-5	-3.997806046710656e-5	-4.270817944088123e-5	-6.072716125533201e-5	-9.222682123208314e-5	-0.00012282151337639213	-0.00016123105498269674	-0.00023082653800507447	-0.0002507397987155935	-0.00022534569436155616	-0.0002619483282628038	-0.00031515229727101246	-0.0002935796154790449	-0.00015854667166810554	-6.573698313125376e-5	-0.00012040400989600519	-0.0001741952361435789	-0.00018095619881003389	-0.0001279556625585765	-2.497738864695731e-5	2.5700816908696966e-5	-3.943637560607782e-5	-0.0001320341843670525	-0.00021070050955709907	-0.0002690410151606759	-0.00029945286051172304	-0.0003146592522131064	-0.0003067973960817205	-0.00027189726576996864	-0.0004020304516811485	-0.0005322634338486565	-0.0005799013886274851	-0.0005936617434622316	-0.0005832030036852232	-0.0005541365018756073	-0.0004966607294702718	-0.00043497424022029274	-0.00036509292767814006	-0.00030130639866801645	-0.00024035054545581969	-0.000190672328620467	-0.0001468660392953125	-0.00010988506111975216	-7.477972928382481e-5	-5.71909884901356e-5	-4.262632087581597e-5	-7.990890718220789e-5	-9.091841862707284e-5	-9.087627937491571e-5	-9.552617789669593e-5	-0.00010184418391089023	-0.0001069838514652921	-9.681164572263035e-5	-8.145401128763219e-5	-6.959069952239272e-5	-5.535920528411398e-5	-4.986540260570882e-5	-4.3892373676607255e-5	-4.880891372495422e-5	-5.701243188487026e-5	-6.740262146164022e-5	-7.545703797039172e-5	-8.243418339430597e-5	-9.342651055999768e-5	-9.96718546456346e-5	-0.00010744941698545563	-0.00011309175308466674	-0.00011385729056616334	-0.00011666577686558766
-4.146235411213103e-6	-4.680199221338173e-6	-4.646827871492357e-6	-3.949111708218683e-6	-5.0017009034942356e-6	-6.5532669893918205e-6	-6.405579679961276e-6	-5.654120102888474e-6	-6.194220673492665e-6	-7.413079183707719e-6	-8.957435623313872e-6	-1.0254735022295972e-5	-1.0850352951188857e-5	-9.200931710322616e-6	-7.829788195839321e-6	-5.577327364053933e-6	-2.4314112463848236e-6	-1.5907456829642591e-6	8.885709279916193e-7	1.1463612448626287e-6	1.215081366686549e-6	-9.850632679345162e-7	-6.453957756679535e-6	-9.456792933373176e-6	-1.3008243137171971e-5	-1.252605376193816e-5	-1.1397934679413524e-5	-8.457843366643791e-6	1.3495914455430302e-6	3.197126157566954e-6	6.007934872254844e-6	9.320174243921536e-6	1.4013791212533211e-5	1.6766123808308747e-5	1.4074779373669105e-5	1.4386343082529313e-5	1.633942997179491e-5	1.7497015284122924e-5	1.7212533807119124e-5	1.77456476705036e-5	1.3956081895607347e-5	1.3298173922714901e-5	5.671533988976796e-6	-3.439020498496176e-6	2.6592909731920633e-6	9.352430342755153e-6	9.873313158801494e-6	3.281107048384857e-6	-7.0853630579868765e-6	-1.809513400664181e-5	-2.5212811710379618e-5	-3.277556438058271e-5	-4.105524427366891e-5	-4.9538200256292464e-5	-5.268947496188392e-5	-5.331444346331343e-5	-5.254685879127474e-5	-4.6109459024383515e-5	-3.6649586360529285e-5	-3.449089787648657e-5	-3.843478898861441e-5	-6.142138176106621e-5	-0.00010445385561271697	-0.00014888053452826594	-0.00018685966250882313	-0.00026108718659267893	-0.00030143382299778476	-0.0002563801794561865	-0.00027544484726936547	-0.000340829683052879	-0.0003362623148678301	-0.0001927864935833551	-6.488690227485217e-5	-0.0001012964603690214	-0.00016531702417589555	-0.00019724238475155031	-0.00015679831695189494	-5.1218246007248e-5	3.458883136506219e-6	-5.735003335942401e-5	-0.00016011723262369937	-0.00025195261415394965	-0.00029978075902735435	-0.00032906297933905926	-0.000335703843412985	-0.0003020519275236805	-0.00026067262909844346	-0.00031207641245506457	-0.0005114682111000135	-0.0005834830862829626	-0.0006178161949046967	-0.0006093779760310558	-0.0005660039151776652	-0.0004960824576648315	-0.00042527922763241355	-0.00035560485155475274	-0.0002940884749266792	-0.0002448883279319858	-0.00019072225222738215	-0.00014487353591080554	-0.00010621718977456285	-8.713021558588718e-5	-7.777112981388612e-5	-5.5718014837363716e-5	-8.314961458082137e-5	-9.294677809530694e-5	-9.288821925176882e-5	-9.852830942617963e-5	-0.00011144386997431754	-0.00010913079597982267	-0.00010618079093922816	-8.918408611439943e-5	-7.302674610853988e-5	-5.879242904148485e-5	-4.260069705851188e-5	-4.0364019635377724e-5	-3.815532438611324e-5	-4.7414022577921267e-5	-5.5304703091424434e-5	-6.425220381786612e-5	-7.681914197636697e-5	-8.670389948541024e-5	-9.530550285595518e-5	-0.00010606671335504358	-0.00011153153693568146	-0.00011811412839544261	-0.00011785978985302814	-0.00011684234656195169
-3.6783216040116654e-6	-3.5528099559534176e-6	-3.804185373830482e-6	-4.8333367879847475e-6	-6.2474857915034016e-6	-5.727294018816748e-6	-6.132955146335994e-6	-6.852272980799323e-6	-8.289441805501771e-6	-1.0200749126680966e-5	-1.1234774937619874e-5	-1.2053071079187391e-5	-1.0660896373592549e-5	-9.377956934229423e-6	-4.677620432918389e-6	-1.688038055690233e-6	4.276134567965384e-7	2.56563918873097e-6	2.3568717778203047e-6	2.572003753639057e-6	1.210346682904359e-6	-1.6071460026516327e-6	-2.9207148852239406e-6	-7.425311667613732e-6	-1.0376756311852864e-5	-1.283632336708529e-5	-1.2388658675310804e-5	-9.726948738651708e-6	-2.4861709913004404e-6	4.549448274701606e-6	7.167061486391263e-6	8.961879740913836e-6	9.377155573298684e-6	9.674630020717334e-6	9.447123801558516e-6	9.960193585699384e-6	1.01428194727686e-5	9.897873048513722e-6	9.309313953390075e-6	1.0604762727683958e-5	8.453700738562941e-6	4.010509264094908e-6	3.633961295941568e-6	3.5002974368807116e-6	3.207250708504167e-6	-1.3249893803662927e-7	-5.056013658959191e-7	-6.104749247348024e-6	-1.8312332932587244e-5	-2.661231901079225e-5	-3.5158661030286475e-5	-4.317795285809639e-5	-4.703928761264076e-5	-5.041558500968463e-5	-4.966674977107538e-5	-4.522415753514808e-5	-4.195667153549659e-5	-3.221072150325077e-5	-2.879806267584717e-5	-3.835827987706819e-5	-7.032707153176859e-5	-0.00012024758565178789	-0.0001812580862313451	-0.00021190735798037874	-0.0002828159542493658	-0.0003441911645019752	-0.00028035949538492144	-0.00027655868719243804	-0.00036049040358712703	-0.00037648592967134964	-0.00023085628959688964	-5.618657991125764e-5	-9.328378716179364e-5	-0.00019925427627298653	-0.0002292843350078233	-0.00018040175256417434	-7.33052644193849e-5	1.6188771894201648e-5	-5.88742359985267e-5	-0.00014791693022341013	-0.0002434594526846967	-0.00030406203097889384	-0.0003407040994815591	-0.00033436527201516353	-0.0003030072521018057	-0.0002564429833849108	-0.00020425792155755185	-0.0004675685821593084	-0.0005894941412180194	-0.0006381637609846613	-0.000634800571700303	-0.0005731743458765176	-0.0004968857933614068	-0.00042064977044155294	-0.00035212027998249296	-0.00028422429774327407	-0.00022951162758494403	-0.00018290532608454535	-0.00014027258304558088	-0.00011366212224889205	-0.00010007375895841608	-9.10102193260598e-5	-7.542901568104166e-5	-8.792043764034585e-5	-9.643922574582853e-5	-9.332966409252019e-5	-9.348796498227785e-5	-0.0001071328741865385	-0.0001185845174226513	-0.00011208033936713213	-0.00010317600528282622	-8.65751146987559e-5	-6.784609809726283e-5	-5.210870341991469e-5	-4.2934682718820394e-5	-4.2098566386400416e-5	-3.399600154337101e-5	-4.290837151733895e-5	-5.401961506151104e-5	-6.507564864581539e-5	-7.874804974772331e-5	-8.726513153582693e-5	-9.999379145878007e-5	-0.0001094110196322648	-0.00011544829729790568	-0.0001214075054682337	-0.00011885041290970316	-0.00012161494955618274
-3.09559422908591e-6	-3.860086702318563e-6	-5.428506195991403e-6	-6.336547009756083e-6	-5.8379817635938885e-6	-7.5080579503127715e-6	-7.147612932295946e-6	-8.854402752450294e-6	-9.111020640197032e-6	-9.947035762344208e-6	-1.0642709342935028e-5	-9.993513883175403e-6	-7.659753744910375e-6	-4.891146678214636e-6	-4.4420421117449815e-6	-3.1363253736715196e-6	-1.1934657363939227e-6	6.674341526506644e-7	1.8573875347916574e-6	2.440825075692918e-6	2.0084064348679237e-6	8.594037482524686e-7	-1.9403751066841834e-6	-6.136101501040547e-6	-1.2141809964134193e-5	-1.3566504202585511e-5	-1.1799107589409441e-5	-6.6199063917214696e-6	-4.637888922735811e-7	3.4086866901143764e-6	5.0274129477501095e-6	5.298239928383519e-6	6.94331663561934e-6	8.263386719678523e-6	8.290895585089803e-6	7.1212947648155445e-6	6.605024036390739e-6	6.286495412774484e-6	5.048485230123995e-6	-1.0621928683840487e-6	-4.066863490935491e-6	-3.4555934502744634e-6	8.324459828054631e-7	1.858084270212751e-6	-1.7482682510873426e-6	-4.964966914162983e-6	-1.0914780526876527e-5	-1.883118823636093e-5	-2.4989988485664416e-5	-3.18908262427961e-5	-3.865246176511933e-5	-4.482280497285218e-5	-4.8101758253621396e-5	-4.5550264081428704e-5	-4.376689928444616e-5	-3.630031962954111e-5	-2.5572324314528105e-5	-1.8839590369516823e-5	-3.08093420567368e-5	-7.744043926082023e-5	-0.00012880947307045143	-0.00020708930176163015	-0.000251697659676281	-0.0002971389299975119	-0.00038034967775150974	-0.0003310706802022584	-0.0002822067681537005	-0.0003713216706769523	-0.0004075681621622945	-0.00030981525786684394	-9.010001555606606e-5	-0.00012954517363342188	-0.0002367036516879445	-0.0002486506753534429	-0.00021435185397489231	-0.0001008015348708674	1.0207357094976777e-5	-1.6221296007812303e-5	-0.00012266509878157417	-0.00023875424814273627	-0.0003089762120201539	-0.00035042176387174717	-0.0003316609489215777	-0.00029952057002159693	-0.0002565687987586551	-0.00019942663774703828	-0.00040287509027632507	-0.0005678946837523596	-0.0006535374114709919	-0.0006443204305598554	-0.0005788565946018842	-0.0005037035979288396	-0.00041949251602772797	-0.0003470268035606072	-0.0002812993902482491	-0.00022476785016545264	-0.0001780828700649606	-0.0001421250873066826	-0.00011732132734927625	-0.0001080044957548626	-9.49763165249834e-5	-8.24241458505931e-5	-7.859941061720555e-5	-9.248539651132703e-5	-9.980791323624394e-5	-0.00010347655067868833	-0.00010892630482491061	-0.0001176361473509413	-0.00010940386574107008	-0.00010200335476447109	-9.833543940067357e-5	-8.352452323528992e-5	-6.623822779334987e-5	-5.511288517570656e-5	-4.810844084213173e-5	-4.4093884142906714e-5	-4.753300357485113e-5	-4.94983054110526e-5	-5.2865797676993065e-5	-6.424271628991535e-5	-7.552817529385414e-5	-8.955752513282317e-5	-0.0001013001123956192	-0.00011050763602804548	-0.00011637445412708558	-0.00012015947470963434	-0.00012144231020111418	-0.0001216393034474822
-2.80530436933598e-6	-4.136717037710527e-6	-6.53014083507996e-6	-7.76698520223943e-6	-8.033823633473228e-6	-7.639029518538912e-6	-7.792502564442708e-6	-7.89084590854458e-6	-9.001208795249988e-6	-9.256400089778169e-6	-7.5208940908833705e-6	-6.010523621782088e-6	-5.232638487003699e-6	-5.993660374872117e-6	-6.5474220012698425e-6	-5.247221683849987e-6	-2.7644947962757183e-6	6.702489041207627e-8	2.2127126519944085e-6	3.316680805866279e-6	4.573916007229173e-6	3.6897655070200486e-7	-3.909127741560242e-6	-9.733699794529233e-6	-1.3057292606085541e-5	-1.1852940720938343e-5	-8.232320207468558e-6	-4.239528541595539e-6	-1.5376841510164607e-6	1.7997537054420532e-6	3.7682935656417615e-6	5.576960117673058e-6	5.8806087712033606e-6	5.52917900267097e-6	4.123457163825867e-6	3.131522818833332e-6	2.270183607072651e-6	-1.7264676016939817e-6	-6.5748744339580445e-6	-1.0617970424339068e-5	-9.457714993110766e-6	-4.88039572947227e-6	-1.984788147637445e-6	-3.4478031324045033e-6	-8.147326617611444e-6	-1.2738911813435505e-5	-1.8762026654517427e-5	-2.5940838127742893e-5	-3.0505577230943715e-5	-3.4902426868793635e-5	-4.079948011381784e-5	-4.4005474394634425e-5	-4.342671480663668e-5	-3.990932812090314e-5	-3.106400596822323e-5	-2.0458944868101403e-5	-1.166955421183502e-5	-2.370473338019624e-5	-7.417279605185373e-5	-0.00014090042381540574	-0.00023408779493798437	-0.00028643867095931586	-0.000315544592191519	-0.0004218437430966726	-0.00038444141359922357	-0.00028430477221584594	-0.0003547507600176747	-0.0004385310990208391	-0.00037140150200079547	-0.00011630754193948933	-0.00012947954449067656	-0.0002483160281129687	-0.0002766941350519636	-0.0002345804891480674	-0.000129788080022869	4.637200692880761e-5	5.138327827461375e-5	-6.895931612196926e-5	-0.00019753811282031963	-0.00029475664877626206	-0.00034368310346082065	-0.00032779518639378113	-0.000303458894731351	-0.00025935642522512126	-0.00020581141717095075	-0.00030983729080655276	-0.0005281345697143863	-0.0006535147284436604	-0.0006459193336444402	-0.0005887347339240262	-0.0005097309627340174	-0.00042829677651679	-0.00035269233865896366	-0.00028388121519305753	-0.00022526495816257985	-0.00017986910853980131	-0.00013701720964418018	-0.00011324019846825628	-0.00011114284731265911	-9.747530690593087e-5	-8.292391816613898e-5	-6.969746568080692e-5	-8.333063297553955e-5	-9.142043827688184e-5	-9.392244816087969e-5	-9.895557203515315e-5	-0.00011350158269848865	-0.000119391489966994	-0.0001146381518359052	-9.908004451608665e-5	-8.158828040255584e-5	-6.598744250671529e-5	-5.816351805569553e-5	-5.421189885890243e-5	-5.4383767237806135e-5	-5.20951407012582e-5	-5.5609486741999004e-5	-5.984467088548939e-5	-6.277916261929889e-5	-6.929905629372846e-5	-7.697104542278566e-5	-8.641577611909895e-5	-0.00010026512465340781	-0.0001123866805825477	-0.00011756746910642629	-0.00011861406908758587	-0.00012371292217646518	-0.00011990152046139485
-3.2169328100873154e-6	-5.361809751074954e-6	-6.9393938295289614e-6	-7.792675548899328e-6	-8.891979790285817e-6	-6.79136811349533e-6	-7.249609739563498e-6	-7.4031136852292095e-6	-8.64784353610433e-6	-7.2164257805106685e-6	-6.068653744676147e-6	-5.959085221801663e-6	-7.33710870380079e-6	-7.197256652420256e-6	-7.5026260432185105e-6	-6.222377539437385e-6	-3.6029570440413577e-6	4.77381019914e-7	4.400275174613888e-6	5.457284607936555e-6	2.9665143768103225e-6	-1.1137162156046876e-6	-7.071488848046231e-6	-1.0104582860541445e-5	-1.1378815749883697e-5	-9.7456123574792e-6	-8.194442140899844e-6	-3.1749931459976177e-6	-1.1836173859601506e-6	1.4291444004783938e-6	5.6106822204742e-6	6.421455598162873e-6	4.41303238526633e-6	3.04495458795101e-6	3.0396247042811797e-6	1.8925542014623653e-6	-6.360808689660769e-7	-7.046053085608961e-6	-1.3446297081418784e-5	-1.450614666364744e-5	-8.0012245743874e-6	-6.498063534737114e-6	-8.253617516003342e-6	-1.0485010971429676e-5	-1.222085285615751e-5	-1.8710731531854097e-5	-2.3447702980627927e-5	-2.9558931799629484e-5	-3.3090214054086464e-5	-3.768738066848437e-5	-4.020897731524947e-5	-3.963910742612459e-5	-3.7494368070392636e-5	-3.086420051826022e-5	-2.1006254136320124e-5	-9.696524074127855e-6	-1.651924734155652e-5	-6.508256325359063e-5	-0.0001502608974746078	-0.0002400712428331231	-0.00032030171917551975	-0.00033426935720261286	-0.0004278451837605446	-0.00043530475665048973	-0.00030907017049830454	-0.000339262792121639	-0.0004651527357735219	-0.0004723073987033394	-0.00019648229874699719	-9.647020725658817e-5	-0.0002385190491296929	-0.00027385154517320376	-0.00025885746671172605	-0.0001540496658188062	6.095646210013683e-5	0.00012939782275192546	3.344339995908774e-6	-0.00015777770973404714	-0.00027550305634928274	-0.00032128364703919166	-0.0003151835327019209	-0.0002971977726851788	-0.0002561509522287092	-0.00020874684749858097	-0.00015026823622227292	-0.0004738869344676766	-0.0006317688473062022	-0.0006427054975461505	-0.0005922619987757533	-0.000523363343982175	-0.00043706775091495453	-0.00035629869042132223	-0.0002860100498450202	-0.00022806401125258224	-0.00018022685492440071	-0.00013967624105937215	-0.00011362443017720603	-0.00010860166065052024	-9.44251881546121e-5	-7.661567235674183e-5	-6.999659380758916e-5	-7.023715615193937e-5	-7.983203009244433e-5	-8.465566507347144e-5	-9.328781258761965e-5	-0.0001044026872332876	-0.00011479054382382281	-0.00011616153590236766	-0.00010433790398507725	-9.488760515166672e-5	-7.98117771958623e-5	-6.26274798080223e-5	-4.7249731904841497e-5	-4.265555335163096e-5	-5.209822113647067e-5	-6.574378140413589e-5	-6.904488114058138e-5	-6.87031290148507e-5	-7.341814005704106e-5	-8.057518714743583e-5	-8.577942837376812e-5	-9.089422595663643e-5	-0.00010041459059650232	-0.00010323955872051233	-0.00011563348510049837	-0.0001212965115718681	-0.00012130949012239406	-0.00011835229801401836
-2.7778609219732825e-6	-6.040810687497726e-6	-7.002105397780657e-6	-7.424705652809421e-6	-6.383970853037282e-6	-7.379613603140586e-6	-8.09686050303425e-6	-8.59872944874128e-6	-7.084466748050883e-6	-6.966011670489838e-6	-8.086359056316827e-6	-8.999021878152921e-6	-8.449642813776817e-6	-8.367902128592758e-6	-8.113785061577075e-6	-6.7327773944133446e-6	-1.220037580077632e-6	3.7840261523161556e-6	6.02724375400529e-6	4.454541038334883e-6	3.479585326468526e-7	-4.2146117325281285e-6	-7.532088505419338e-6	-9.624714382688165e-6	-9.535757491789532e-6	-8.391200386446973e-6	-4.940540056057319e-6	-2.6421284864824868e-6	5.923752699303619e-7	3.898408993622399e-6	4.846230133772472e-6	5.241217074063165e-6	4.759830984218949e-6	3.916321314554466e-6	3.4294083957157884e-6	3.231402504518671e-6	-3.2054681717123834e-6	-1.0099474642005779e-5	-1.513593330532137e-5	-1.3566320701367818e-5	-1.2645641044722877e-5	-1.2298524286642742e-5	-1.0860575080321594e-5	-1.4644004704602448e-5	-1.6601588485008756e-5	-2.4229920695707785e-5	-2.9448033313055066e-5	-2.978912667754574e-5	-3.280619927190781e-5	-3.463160455022957e-5	-3.6093437808838724e-5	-3.496341887884724e-5	-3.206667938994434e-5	-2.3452707007334817e-5	-1.2024994932094413e-5	-1.3437062552044965e-5	-4.618080397256197e-5	-0.0001427540848118053	-0.0002406063375880868	-0.0003542129148586398	-0.0003847126525766825	-0.00041925075065264716	-0.0005134957125306483	-0.0003625275158194996	-0.00029806872399971984	-0.0004899231539120391	-0.0005432009169727137	-0.0003079966715696658	-4.849109178431399e-5	-0.00015471912466480386	-0.00024385979216848264	-0.0002555349044343347	-0.00018183191714468694	2.2637160375371668e-5	0.0001902248133317519	7.249952331186971e-5	-0.00011418760598527755	-0.00026645146158910116	-0.00030861556192529616	-0.0003134828019998176	-0.00029188584795697414	-0.0002553386178709427	-0.0002108119995843788	-0.00016045364234322512	-0.0004116539223213145	-0.0005925652924072822	-0.0006307691704024454	-0.0006064014464179923	-0.0005347039352086858	-0.0004535035125208253	-0.0003685685021070917	-0.00029395877724179564	-0.00023051794913013512	-0.00018370886908057604	-0.00014764551256943315	-0.0001172703011087517	-0.00011021537437046203	-8.767671766558849e-5	-8.187479795702945e-5	-6.978152105631408e-5	-5.6170530900179205e-5	-6.089094397969397e-5	-6.988551057296455e-5	-8.154054558298651e-5	-9.02957329133175e-5	-0.00010815042047682133	-0.00011130605746985378	-0.00010658191039805698	-9.888983458061079e-5	-8.628601836941502e-5	-7.169147491371125e-5	-5.768963984905534e-5	-4.97920979621036e-5	-4.6432906347995684e-5	-4.886868026129226e-5	-5.922940816190797e-5	-7.605342885411842e-5	-8.652004427570775e-5	-8.721817452289615e-5	-9.156069229621783e-5	-9.355190472119801e-5	-9.814747972680671e-5	-0.00010391371920923098	-0.00010532657601994289	-0.00010782477731854923	-0.00011227500624089864	-0.00012072173783631707	-0.00011680519897659669
-3.780671237771198e-6	-5.516020339059111e-6	-6.0036114670142596e-6	-5.203175265861351e-6	-6.076078605098817e-6	-8.089547179910075e-6	-7.877166611049494e-6	-7.3442626763106644e-6	-7.749670127626604e-6	-8.944613875527113e-6	-9.756803600723812e-6	-1.0269240237901003e-5	-9.382989367033231e-6	-8.391336426714566e-6	-8.57453450148031e-6	-4.208132350609975e-6	1.1898176942391064e-6	5.615522153182284e-6	5.0257193697465785e-6	3.037911420903164e-6	-6.938451549420854e-7	-4.66598770254914e-6	-6.92728480914534e-6	-8.989587123742898e-6	-7.19555399422353e-6	-5.47397684905887e-6	-3.5610438209321416e-6	-1.4929528967255745e-7	2.685734338918333e-6	4.564088310846787e-6	6.13100043823922e-6	6.969256118385947e-6	4.730516434299503e-6	5.113110510077817e-6	6.674030468903358e-6	2.9940579095860675e-6	-4.44579193337874e-6	-1.0229427114399892e-5	-1.3805591977771037e-5	-1.3718992738706581e-5	-1.3797503775354186e-5	-1.2561569189342703e-5	-1.1142355755503625e-5	-1.3570109933750546e-5	-1.9951761054924633e-5	-2.5191552294710762e-5	-2.8395250126905802e-5	-2.9947637360423773e-5	-2.980934683122216e-5	-2.9588724916387865e-5	-3.201780138760435e-5	-3.214851247625855e-5	-2.7464550490623185e-5	-1.715946167709509e-5	-7.5381445877042985e-6	-3.429340166873074e-5	-0.0001204616968241562	-0.00023666466215151866	-0.00037165905509423114	-0.0004218076974944057	-0.000422526139944035	-0.0005695358924057148	-0.0004645643769847496	-0.0002986629535264157	-0.00047846598818374053	-0.0005980771390287631	-0.0004506218623072378	-1.6549436300528075e-5	-2.3686441263243152e-5	-0.00021041295095169943	-0.0002514009122406291	-0.0002090626768924686	-2.247373381142337e-5	0.0002012670286509477	0.00012855973078630678	-7.650916076899772e-5	-0.00024657467278914325	-0.0002979909450705892	-0.00031171649224510933	-0.00030186523636635543	-0.0002610746211231807	-0.000217783313952169	-0.00016386606264615078	-0.0003227655495305348	-0.000534750766671005	-0.0006063374351217288	-0.0006077033238606477	-0.0005523954817870935	-0.00047618818783956574	-0.0003942575749378563	-0.00031539092604920826	-0.00024394238538893998	-0.00019086333967292812	-0.00014486141756628323	-0.00011570666300086963	-0.00010394529681434506	-9.049370996473682e-5	-8.312888225003867e-5	-6.914029830433488e-5	-6.081352522252503e-5	-5.291064635037923e-5	-5.4980598849715956e-5	-6.54802711618635e-5	-7.916404315931602e-5	-9.452817023060389e-5	-9.933086883399944e-5	-9.858817473333559e-5	-9.48914934259179e-5	-8.637223000620281e-5	-7.183622533629697e-5	-6.246089236106034e-5	-5.37613625492539e-5	-5.0610181952411015e-5	-4.891129775502767e-5	-5.473181001296179e-5	-6.138657767870703e-5	-7.200551580769515e-5	-9.055818323954606e-5	-0.00010276909987068372	-0.000103199027340177	-0.0001095574985983741	-0.00010801981444735764	-0.0001118560445005981	-0.00010779527238272829	-0.00010680383281339717	-0.00010664982102743387	-0.0001071835525065859	-0.00011349534018764013
-3.832068587146867e-6	-3.970627510596278e-6	-3.1974799056307818e-6	-4.869535682886297e-6	-6.8867294408369445e-6	-8.14756576550564e-6	-6.736680169868586e-6	-7.517556130549885e-6	-8.754064395035885e-6	-1.1241056615271874e-5	-1.1424156352900575e-5	-9.639563669852635e-6	-9.902921554614738e-6	-9.576667665258873e-6	-6.685832280601406e-6	-1.4557624853847595e-6	2.4086676121519435e-6	3.92171546430807e-6	4.964998654181582e-6	1.7783014644168205e-6	-1.2176163397860373e-6	-4.888473089867396e-6	-6.929458038189978e-6	-5.6980391000167885e-6	-5.480832530446039e-6	-4.5394661337197495e-6	-1.2210562964388993e-6	2.096037102564119e-6	4.065293945660492e-6	7.5684991043475924e-6	7.974304376545671e-6	7.436741543756509e-6	9.22801461980538e-6	1.0867371726900471e-5	5.510575014962965e-6	3.3959150053629317e-6	-2.740542818721603e-6	-1.0378583626194371e-5	-1.2423910966848084e-5	-1.3856461280031124e-5	-1.0924713716130297e-5	-9.41899965141435e-6	-1.07696195711382e-5	-1.4154971465785149e-5	-1.6858195178368063e-5	-2.5096052623171938e-5	-2.6811455074333967e-5	-2.7854840504472345e-5	-2.6793503071602387e-5	-3.022431415387883e-5	-3.5741936320332623e-5	-3.364730347642231e-5	-2.1256706464467534e-5	-2.277668071509753e-6	-7.707726926327318e-6	-8.723909463749513e-5	-0.0002199438510009158	-0.00036044537439407914	-0.00047882832204457215	-0.0004157374375313161	-0.0005565414734967633	-0.0006211615718315633	-0.000320805729203677	-0.00041674455596510396	-0.0005836285920692019	-0.0005522333367501131	-3.2881930685235705e-5	0.00013514739891432037	-0.00013178429354721022	-0.0002882729571544729	-0.00023971316424897804	-7.650481637089257e-5	0.00017757402145934797	0.000199961146599148	-2.1445483626772455e-5	-0.00022924824603746952	-0.00029461076894027327	-0.00031108965577175685	-0.00031226361340425113	-0.00027852245249732066	-0.00023338632242075885	-0.00018052259210046828	-0.00019420486919996538	-0.00048155933234095283	-0.0005675816578884496	-0.0005951533883774562	-0.0005650411067856242	-0.0005047390266160745	-0.00042091798015814197	-0.00034209158899720093	-0.0002695140712168087	-0.00020829969867020015	-0.0001582394417321692	-0.00012465323630077296	-0.00010146179838139979	-8.311840864021203e-5	-6.861410571656901e-5	-6.744632413333007e-5	-6.251207906350642e-5	-5.4870176544735694e-5	-4.468790983959414e-5	-5.445276803246746e-5	-6.313228065324417e-5	-7.175908847169288e-5	-8.699209842061295e-5	-9.443259878488125e-5	-9.192925901849863e-5	-7.711827129577159e-5	-7.077884383189376e-5	-5.843230651940423e-5	-5.007317217115004e-5	-4.636363602067428e-5	-4.787971148029202e-5	-5.5983623878201605e-5	-5.737091162381913e-5	-6.930957912633373e-5	-7.819608740904094e-5	-9.271792708598348e-5	-0.00010326521918384984	-0.00011613989880487202	-0.00011885996505610341	-0.00011765221555239819	-0.00011597004064521632	-0.00011433081868392203	-0.00011056146373856351	-0.00010987642935257613	-0.0001012870977411609	-9.925433196687761e-5
-2.627926074991703e-6	-2.0606423468613744e-6	-2.455451884571594e-6	-5.459644455280133e-6	-7.609827183544318e-6	-7.762008998870792e-6	-6.955758343439589e-6	-8.337629794474138e-6	-9.797793083582071e-6	-1.1135385907627693e-5	-1.1355085166413204e-5	-1.0533491966039157e-5	-1.1363826898794574e-5	-8.840337316351476e-6	-3.5688474744888232e-6	-4.0921739196016216e-7	1.2797964727903621e-6	3.3351806017455077e-6	2.938141863053495e-6	1.7846878759986834e-6	-3.3019637371567434e-7	-4.476573679888102e-6	-3.7910257073316134e-6	-3.0031381027806336e-6	-2.3280774552082717e-6	-1.9745555559537442e-6	-2.6846526304108442e-8	4.175687898753944e-6	9.00150266824884e-6	9.48297094061773e-6	9.851861514087457e-6	1.2351223559539659e-5	1.242084782466027e-5	9.15701553211995e-6	9.854510491045382e-6	1.4031592185902164e-6	-3.2406747099179845e-6	-8.315676272574457e-6	-1.3781194176283595e-5	-1.1169050059822716e-5	-6.072367110011856e-6	-6.564992635887251e-6	-5.95503138987874e-6	-1.0361255148132187e-5	-1.491018853522208e-5	-2.1661379287496452e-5	-2.5394874029159575e-5	-2.5647337118656077e-5	-3.0535439302960266e-5	-3.662487869406095e-5	-3.6090156904644566e-5	-2.3291572229938717e-5	1.696066030676402e-6	1.2655015165126404e-5	-5.014553258308324e-5	-0.00018670224014808584	-0.0003308365974837718	-0.000515844635453136	-0.0004843826169158294	-0.0005086874840624922	-0.000742976145667526	-0.00048341652382488665	-0.0003082429593688485	-0.0005066918733545589	-0.0005582589048154507	-0.0002167797751202738	0.00021403904646929983	-1.72460153796683e-5	-0.0002336484230917868	-0.00028077365519380004	-0.00014352085882587962	7.516027297066463e-5	0.0002418195587348959	3.72034434509283e-5	-0.00019745147444155675	-0.00027825175562094795	-0.0003126606167979523	-0.0003095784592219153	-0.000290859993642284	-0.00025246979376905565	-0.00020665482909978938	-0.00014477695388023792	-0.00043217040189558187	-0.0005330742201825611	-0.000575156580782249	-0.0005693963191569229	-0.000521402514479935	-0.0004504972289307019	-0.00037426317123570585	-0.00030294758108367903	-0.0002374717909293944	-0.0001830830305069031	-0.0001415010114289017	-0.00011146033098222152	-8.856858020427072e-5	-7.676030405918965e-5	-6.029558666589829e-5	-4.986156648158213e-5	-5.014656788773775e-5	-5.165883281040007e-5	-4.805183746563191e-5	-5.153284071170161e-5	-5.684898819052764e-5	-7.360251774377047e-5	-8.201685337827502e-5	-7.367727283304204e-5	-7.36877647658854e-5	-6.612584969607066e-5	-5.269570175180094e-5	-4.5492668876781495e-5	-4.196309857755487e-5	-4.214191419871921e-5	-4.6760415851887505e-5	-5.453527787777773e-5	-6.477547784180387e-5	-7.441321875096413e-5	-8.399714203268654e-5	-9.656338760283961e-5	-0.00010717521325715601	-0.000116951348562086	-0.00012571105430497082	-0.0001268616277565887	-0.00012344558177317805	-0.00011578787310461552	-0.00011275760707085691	-0.00010883298819444609	-0.00010296334184561884	-9.618455467860776e-5
-1.6622811525694725e-6	-1.42266325673171e-6	-3.1896458130981076e-6	-7.263868082333855e-6	-6.859067458973855e-6	-7.509125591297072e-6	-8.93302800979677e-6	-8.931235715185434e-6	-1.0558028572509731e-5	-1.073904149200694e-5	-1.0099826438505696e-5	-1.2133771309756625e-5	-1.1021077794956188e-5	-6.664462411836228e-6	-3.84059881878944e-6	-1.981241966276734e-6	1.265580739165384e-6	2.416830678728804e-6	1.915451412932978e-6	1.907164557573074e-6	-8.952205838609617e-7	-1.5260867114279264e-6	-1.564189316266562e-6	-1.0198928832548526e-6	-8.209523555749443e-7	-2.738565125538772e-7	1.6274808107077932e-6	7.765350211810795e-6	9.280269532441904e-6	1.1215634757727466e-5	1.4223218685726485e-5	1.3419613348070875e-5	1.5012804259299795e-5	1.2833164760896187e-5	6.7930647543699985e-6	1.1420252764293704e-6	-6.400425274413063e-6	-1.2889735828171267e-5	-9.033223171209248e-6	-6.868540621245839e-6	-2.2369115023831987e-6	2.5838001443262426e-7	-1.1550362446002826e-6	-6.528998262173014e-6	-1.3672315775196953e-5	-1.963559783518809e-5	-2.294627801571053e-5	-3.078259923437049e-5	-3.7207257132070015e-5	-3.863187580162991e-5	-2.5607483256258334e-5	1.792458000603181e-6	3.6890307648917986e-5	3.414206851265478e-7	-0.00014794082267826497	-0.0003082285705965568	-0.0005071584042483368	-0.000590999949933585	-0.0004764060936111175	-0.0007387813715821478	-0.0006804677745754495	-0.00023630920874609385	-0.00035389340806782354	-0.00048333806445047256	-0.00033727977528930086	0.00022516056033539122	0.00010640196883293651	-0.00014244258225194761	-0.00029536380264337525	-0.00020901651069660243	-2.6237981405607957e-5	0.00024087095881232534	9.86926183138559e-5	-0.00018145834531149707	-0.00028038122843430935	-0.00030816503840923326	-0.00031766605860551744	-0.000300815680524813	-0.000266246595083397	-0.00022179421537218968	-0.00016704616466120537	-0.0003641771940433858	-0.0005103182564025754	-0.0005560555063274797	-0.0005688307507314971	-0.0005352373102021635	-0.0004708442850019645	-0.0004007037054595819	-0.00033375572271177045	-0.0002696651092530533	-0.00021687569361911185	-0.00016880241562183818	-0.0001364720541435771	-0.00010420245677607298	-7.854361779024988e-5	-6.159784249511191e-5	-5.704627764092918e-5	-4.5019585498753956e-5	-4.4714303874121564e-5	-4.061783439972266e-5	-4.818423351288237e-5	-5.448518112377565e-5	-5.363911983850833e-5	-6.670822249622843e-5	-6.587483184807008e-5	-6.547659441545617e-5	-5.594693317564209e-5	-5.179812937079753e-5	-4.092104834239191e-5	-3.0438852285062656e-5	-2.9044746425663237e-5	-3.264165413657816e-5	-4.3485481600151477e-5	-5.364138170108057e-5	-6.662724701383266e-5	-7.705402722130161e-5	-8.780672629965514e-5	-0.00010033374315838312	-0.0001115251338544912	-0.00012050371226042522	-0.0001243095594993457	-0.00013128157643014365	-0.0001283706634915005	-0.00012225197145842442	-0.0001185949284740126	-0.00010997868804887845	-0.00010573058921437006	-9.85369622268778e-5
-1.341488769027177e-8	-1.568647691125094e-6	-5.752001224499162e-6	-6.785308209397711e-6	-7.088648326094779e-6	-9.022626097860212e-6	-1.0230387419369116e-5	-1.0464568068416918e-5	-1.025908795849323e-5	-1.0206533128430742e-5	-1.1687076789191134e-5	-1.2701282625475485e-5	-9.268841391022603e-6	-6.8843309145808634e-6	-3.703655519207358e-6	-1.3733869185135472e-6	5.623545249258677e-8	2.1551022143066756e-6	2.6304075833715607e-6	-2.6178375873292525e-7	-4.008411441311366e-7	-3.211477308043276e-8	-2.4366847515416845e-7	1.685165841504993e-6	3.0941703192677306e-6	2.9482563309105037e-6	6.3697355224580365e-6	9.370375840273698e-6	1.17587992836711e-5	1.4754313059934382e-5	1.3782396339652447e-5	1.82950876670418e-5	1.661050171106876e-5	1.2201777186294366e-5	5.461804565478484e-6	-3.2963090265160366e-6	-7.528755776361334e-6	-6.4408061132767425e-6	-6.450130631430878e-6	4.61430915178751e-7	3.8031769573898533e-6	4.851713974150795e-6	1.4529755437003855e-6	-5.229725723657208e-6	-1.0170958151221876e-5	-1.7989369867875415e-5	-2.8879954200658475e-5	-3.376811872658758e-5	-3.638732468547873e-5	-2.7397928110267644e-5	-1.4014574006501745e-6	5.041737459379053e-5	4.9329329141444e-5	-6.868310835437402e-5	-0.00026894638653716246	-0.00044670263473454985	-0.0006742824040003453	-0.0005557073104629773	-0.0006733845354153084	-0.0008567921250951516	-0.00030016539210794835	-0.00013790567602797732	-0.00031621133185846806	-0.0003761906359339706	4.852783279385431e-5	0.0002013972500054806	-7.64436083877662e-5	-0.00028199025623246166	-0.0002668161943556596	-0.00011343479107417398	0.00014369384761930837	0.00015665126596071943	-0.00012791037153070395	-0.00029226816539856815	-0.000328615510887878	-0.0003331656454625548	-0.0003181748610241175	-0.0002800079551903978	-0.0002360944354514588	-0.00018021922127374468	-0.00023761124057913863	-0.0004661525718381576	-0.0005469333644834984	-0.0005683516695470514	-0.0005501037260262354	-0.0005011126773951657	-0.00043596111313007335	-0.00036430207114857005	-0.0003018496216866673	-0.00024333063775722197	-0.00020002303849700476	-0.00016319275228035557	-0.00013345855128486794	-0.00010041197257351642	-7.424281241869002e-5	-5.999774895654175e-5	-5.08131288781688e-5	-4.706903443396637e-5	-4.460652897400608e-5	-4.7170220203798796e-5	-4.562294986243387e-5	-5.1820184861911534e-5	-5.277607756197511e-5	-5.7104566084445474e-5	-5.522137152928763e-5	-4.994001479713406e-5	-4.414019030927335e-5	-3.69779463126052e-5	-2.9930367646119338e-5	-2.2519624294677076e-5	-2.3070987503238938e-5	-2.691279772822075e-5	-3.703241359398479e-5	-5.0351707178708516e-5	-6.714818566629088e-5	-7.950036115533798e-5	-9.332156629491412e-5	-0.00010259023296675662	-0.00011344674266840216	-0.00012357848652808784	-0.00012771554072556895	-0.00013118202064985734	-0.0001315323067477281	-0.00012700425747972505	-0.00012268290430859224	-0.0001126440925128605	-0.00010610782586774337	-0.00010050019421271178
5.265015582799765e-7	-3.832048908877436e-6	-6.342740324931026e-6	-5.82351522690136e-6	-7.446384004197726e-6	-9.21206418980948e-6	-9.769074058810917e-6	-1.1018720847853422e-5	-1.0183687362353214e-5	-1.0272012461540886e-5	-1.4077374655514438e-5	-1.1338255665295852e-5	-9.404066148846132e-6	-7.549131729889941e-6	-4.035642642546272e-6	-2.5748325726323434e-6	-4.438600908259621e-7	2.0938852323022783e-6	4.233036989507999e-7	-2.3852773055332843e-8	7.969228575654963e-7	1.5423756564471314e-6	2.8065365244474283e-6	3.979200812170153e-6	3.503587990474205e-6	8.603703524363154e-6	9.512464546525962e-6	1.1388447639353733e-5	1.538742391967926e-5	1.5467312218346574e-5	1.977347631335405e-5	1.822387531678904e-5	1.5020705165791348e-5	1.0431840287428162e-5	2.8548306297074277e-6	-2.406228157263851e-6	-4.157020864689609e-6	-4.510212949643266e-6	1.39586210428852e-6	5.51363143509731e-6	9.037882530045505e-6	9.059600075342344e-6	5.229980511167742e-6	-4.860876241449819e-7	-1.0205338093691174e-5	-2.0833056742393385e-5	-2.6682896452252802e-5	-3.1354996940860524e-5	-2.93182043312884e-5	-6.3314619389368e-6	3.6838964821359066e-5	7.322532261534037e-5	1.7188908282839144e-5	-0.00018881250306735514	-0.00038325702127976063	-0.0006291934692443518	-0.0006891286887921594	-0.0005680010439854805	-0.0008844263025935273	-0.0006078902589634616	6.460628473176078e-5	-0.00013949304320144684	-0.0003646974228686817	-0.00020293023121273346	0.00023533782041174067	-3.8247118146206294e-7	-0.00023083981341015525	-0.0002652699008804521	-0.0001836304960086549	1.366458704001039e-5	0.00020764432469462524	-8.577646535765093e-5	-0.0002959177675034702	-0.00035344101582089615	-0.0003676455366270065	-0.0003488318763619075	-0.00031060511627989396	-0.0002605154425516787	-0.00019046515081257154	-0.0001190957350100108	-0.000399059051428563	-0.0005220285484268394	-0.0005686900382030624	-0.0005611522787239698	-0.0005294512051001732	-0.00046204797063062464	-0.00039856120964340547	-0.00033292171753782074	-0.00027833253150172377	-0.0002307090738069839	-0.00019253645552885779	-0.00016382408949376648	-0.00013061815799970955	-0.00010466405823625347	-8.08760044612028e-5	-5.912740587941945e-5	-5.026055483262071e-5	-4.228456647326073e-5	-4.700134530709332e-5	-4.399715466084364e-5	-4.679858280412508e-5	-5.043103109593494e-5	-4.552780244818089e-5	-5.357393998914328e-5	-3.8330450142023964e-5	-3.745532139651231e-5	-2.9445091764140896e-5	-2.629025686387565e-5	-1.6779280872722402e-5	-1.5786830393285656e-5	-1.7200191683268418e-5	-2.156544333300342e-5	-3.2100821133196344e-5	-4.9070347828486516e-5	-6.82496756592571e-5	-8.151429607260868e-5	-9.55682445073075e-5	-0.00010547501446463853	-0.0001146605737873535	-0.00012271314997133742	-0.00012802909307805393	-0.00013237224272440173	-0.00013406277466192912	-0.00013154556588977628	-0.00012385750443929394	-0.00011376348138265185	-0.00010525403357046492	-9.835654155281731e-5
-9.895811383872632e-8	-4.4997940107111695e-6	-4.7250657976127125e-6	-6.259359729750974e-6	-7.654978891437694e-6	-9.647383423811579e-6	-9.217757741993016e-6	-1.0121168226434607e-5	-8.941920527595279e-6	-1.2338170036433477e-5	-1.2162520421138065e-5	-1.1211214085999482e-5	-9.615129791537905e-6	-7.313056708596263e-6	-4.202170078917988e-6	-1.2628283835303122e-6	1.4953744893828752e-6	3.0530794364012903e-7	-7.795789296223543e-7	1.3389511396323661e-6	1.371951922728154e-6	1.80629502240931e-6	4.2839979610617696e-6	4.074707747863532e-6	7.724607628892266e-6	8.765757705201521e-6	1.038737601792225e-5	1.4937478500214735e-5	1.5815101073353433e-5	1.9422459354798832e-5	2.0032715774848803e-5	1.7440032924753712e-5	1.1819758008718012e-5	5.326724467329819e-6	4.6280573774357125e-7	-8.799095892013387e-7	-9.323479488454467e-7	2.8868487461641834e-6	6.4658388777665e-6	1.070382665965472e-5	1.1468455525520671e-5	1.2265585899381981e-5	7.248096220435762e-6	-2.3573341629418154e-6	-9.454756964323574e-6	-1.7955185081797165e-5	-2.3349836929427437e-5	-2.682337847930566e-5	-9.979078327559954e-6	2.5915742425317023e-5	7.25507597791955e-5	6.621870705849492e-5	-7.086451315075487e-5	-0.0003242196545960585	-0.0005002297697159069	-0.0007610618372490274	-0.000622756127048596	-0.0007560674939854212	-0.0008347821639671793	-8.645613305130473e-6	-6.129238219396149e-5	-0.00032143372837543926	-0.0003518666380399743	0.0001229630080482741	0.00011344620208519895	-0.0001674081422532031	-0.0002922507290423898	-0.00023918867754491036	-9.780546793465572e-5	0.00016675166607769965	1.5475594330321973e-5	-0.00030751786685677407	-0.000385229315894714	-0.0003986326932610418	-0.0003813744118685153	-0.00034210152505959046	-0.00028764180468911216	-0.00022757239885942693	-0.00013378564141935945	-0.0002945302667121258	-0.00046459114311746263	-0.0005390367863438578	-0.0005659978861462245	-0.0005458698824987313	-0.0004948705050345642	-0.000429207240928986	-0.0003629256318214702	-0.00030773096787797827	-0.0002584575639445752	-0.00021956978336207245	-0.00019209438336872942	-0.00016358390033180403	-0.00013230297695072946	-0.00010746733039058987	-8.694801410975839e-5	-6.461466171142627e-5	-5.675940013133429e-5	-4.884760781628805e-5	-4.3577850746337465e-5	-4.703392644973825e-5	-5.5741133280287625e-5	-4.937080497029178e-5	-4.8498417304712604e-5	-4.421207931010196e-5	-3.3834454552308935e-5	-2.8079600493738366e-5	-2.1163351019565235e-5	-1.299495428798425e-5	-5.3095065236791195e-6	-2.1118460712815645e-6	-1.1726020111499369e-5	-2.1580671819877717e-5	-2.9728553820052017e-5	-5.277347254941528e-5	-6.363061065463999e-5	-8.193554537107295e-5	-9.758313644983585e-5	-0.00010862714319628125	-0.00011370892617247608	-0.00012083723138853891	-0.00012893624568629386	-0.00013283458534518733	-0.0001334873900868741	-0.0001328265539007542	-0.00012562828609428284	-0.00011785202501390923	-0.00011317997645858557	-0.00010470399666642066
-2.1240054799611524e-6	-3.503413108663783e-6	-4.440017933394005e-6	-6.41153734379403e-6	-8.826107244152767e-6	-8.790996657839431e-6	-8.678559634172148e-6	-7.371208569743881e-6	-1.0831090283556014e-5	-1.2543182801010716e-5	-1.020738018848305e-5	-1.1448502627679769e-5	-9.13642005475647e-6	-6.811971912110484e-6	-4.074313857214268e-6	-9.882205459759569e-7	7.131825512096679e-7	-1.4513700029132603e-6	3.2927295872536844e-7	1.5977627207397482e-7	2.385216156530756e-6	4.69291576085662e-6	3.223923840563192e-6	5.67704694018345e-6	8.905291434824214e-6	1.0029284314930914e-5	1.4103002240421075e-5	1.5055797320667752e-5	2.0874223410991682e-5	2.0353001510715896e-5	1.874652429817436e-5	1.6526836594133593e-5	9.409186808601727e-6	3.4137648220397554e-6	-1.1471646657774948e-6	-2.424102476909773e-6	4.843488891209669e-7	7.200242843358878e-6	9.831281784760532e-6	1.2435270424059758e-5	1.646043685469417e-5	9.397284925043159e-6	6.152689252178489e-6	1.0844699704221084e-7	-9.949281199253535e-6	-1.8339149426491175e-5	-2.0584791683708747e-5	-1.537942592288316e-5	8.832420472087987e-6	5.348564191369476e-5	9.263986279484104e-5	2.8252266737020804e-5	-0.00020002257890370384	-0.00042217573501760614	-0.0006684032010598889	-0.0007628446418387475	-0.0005859384297202119	-0.0008611678540410006	-0.0002607424567056815	6.413612718171591e-5	-0.00023788038748008555	-0.00038947199827200907	-0.00014387967445066152	0.00018869221181209983	-9.159214662754489e-5	-0.0003282037593088649	-0.00029289289938706775	-0.00020350579207906172	7.168335369733825e-6	0.00014166082651541345	-0.0002834670243759968	-0.0004031268582838088	-0.0004299364492893476	-0.0004166684889912037	-0.0003738728421905785	-0.00032105261006144803	-0.00026005051063926476	-0.00018524370795983125	-0.00021741235201044873	-0.0003869152726074937	-0.0005001032732463578	-0.0005436012542880952	-0.0005465885487276889	-0.0005158553504063662	-0.00045401446317760996	-0.00039007844935927405	-0.0003333744797145294	-0.00028805669937022327	-0.0002474964387079448	-0.00021201295753725535	-0.00018382288313051331	-0.00015884593033282934	-0.0001402782252336865	-0.00011389170335995846	-9.128002368720411e-5	-7.576973575472434e-5	-6.632745264481543e-5	-5.7282024609750515e-5	-5.378827309769629e-5	-5.829195199452686e-5	-5.5828965365642413e-5	-4.972407706936577e-5	-5.079586209121023e-5	-4.2741609947508086e-5	-3.1866642137556855e-5	-1.938194982113728e-5	-1.0308403653250253e-5	-1.2783133926386192e-6	3.842757926100782e-6	2.571125278828801e-6	-8.27959955370522e-6	-2.2084382933496016e-5	-2.9969329210129125e-5	-5.043780042061907e-5	-6.745268840008256e-5	-8.055354918257845e-5	-9.573206409454332e-5	-0.00010684827469412822	-0.00011598253629209465	-0.00012351990524156475	-0.00012926278840710848	-0.00013255744321215984	-0.00013319175872893857	-0.00013407143364257967	-0.00012839615427719803	-0.00011924504905638095	-0.00011545417931153185	-0.00010671394714070748
-3.0510736081720835e-6	-3.6685424663340793e-6	-5.668894281947445e-6	-8.675340854762473e-6	-7.996336692838238e-6	-7.274276287664444e-6	-7.258905580570171e-6	-8.263077640744201e-6	-1.3349489916270052e-5	-1.1644174502650068e-5	-1.014587253187621e-5	-1.0642121542727215e-5	-7.37028260687847e-6	-5.590602714924606e-6	-2.42206851363419e-6	1.90090171793382e-6	4.81632908468782e-7	1.0779840832909199e-6	1.3439213934415828e-6	6.669733125172495e-7	2.8418705648285136e-6	2.6553054460060066e-6	5.5725386327934445e-6	7.59787230960457e-6	9.284854243958585e-6	1.3134202167704168e-5	1.5507858614881992e-5	1.8899268380747486e-5	1.9317409759474213e-5	2.0196867236369626e-5	1.8970838626137382e-5	1.6295398190535604e-5	8.72414629687207e-6	2.9017695906720375e-6	1.5268781248037322e-7	-7.300318119116134e-8	2.8662750883694244e-6	7.744005794691616e-6	7.228848216637301e-6	1.2586021417779203e-5	1.2527135795706301e-5	9.043784601411864e-6	8.19813292772531e-6	-1.3106081974897932e-6	-1.1694369214318434e-5	-1.8434586105883777e-5	-1.628712215009237e-5	-5.892211414962323e-6	3.28279661484035e-5	5.63533345421946e-5	7.799281294580684e-5	-2.328617019261431e-5	-0.00031965784750079274	-0.0005408693512596457	-0.0008056225430687347	-0.0006329315765073174	-0.0006816062818326696	-0.0005980523862594844	7.484694287962501e-5	-0.00010250800837503793	-0.00036212280830200116	-0.0003246758504410474	0.00014312977734444454	1.6277375714662812e-5	-0.0002841315691840679	-0.0003442862783059608	-0.0002647673983269955	-0.00013959890036475964	0.00016540402489502448	-0.00012771516873580357	-0.00040213399038653563	-0.0004620381269422602	-0.0004577615049169981	-0.00041710031977761075	-0.00035163803227718227	-0.0002875304703532644	-0.0002168578593607362	-0.0001322622877105578	-0.0003090394795537271	-0.0004593630677663524	-0.0005194494587072718	-0.0005337017648567727	-0.0005222700065390246	-0.00047303136689776093	-0.0004048477876723855	-0.00034494172600728346	-0.0003044855513556488	-0.00027131186490156334	-0.00023481152200584277	-0.0002032283241432814	-0.00017697651742525078	-0.00015379922032113247	-0.00013782572565873563	-0.0001204780756495355	-0.00010394844555429439	-8.793610718066391e-5	-7.66972173705388e-5	-6.560037539224406e-5	-6.601306328825329e-5	-6.285652076956638e-5	-5.384005372609246e-5	-5.564949889791393e-5	-4.833663048812997e-5	-4.133939393059782e-5	-2.9485602978315817e-5	-1.529156163672385e-5	-4.765717768334676e-6	2.141580099021545e-6	7.2963267372383456e-6	4.150136939835847e-6	-7.387279915387068e-6	-1.885543717689009e-5	-3.526660311437696e-5	-5.3973245252476876e-5	-6.823935047670787e-5	-8.335359800385606e-5	-9.857258932710611e-5	-0.00010547135701702987	-0.00011888722287450165	-0.00012263515062390512	-0.0001290345513814753	-0.00013182850601076157	-0.00013316298974955232	-0.0001345693262768191	-0.0001304272798704348	-0.0001227352009088023	-0.00011702743906317342	-0.00011116645006869347
-1.5710757618903753e-6	-3.87249558591804e-6	-7.691434593176324e-6	-9.652443042984862e-6	-7.83821255513975e-6	-7.124899032307647e-6	-7.016191718323822e-6	-1.0581185640136034e-5	-1.2342384520013308e-5	-1.0814485700179344e-5	-1.1086483727579255e-5	-1.0892996953667383e-5	-7.3454774435297715e-6	-3.677226302319439e-6	9.650967362512947e-7	3.6681549182675244e-7	-4.590952184385655e-7	1.7633977503032916e-6	-1.200595070409427e-7	9.84462945191611e-7	3.2573528835171117e-6	4.041310038352397e-6	5.41377820394498e-6	8.031316768315061e-6	1.1820251591757036e-5	1.4185487149081383e-5	1.8612557729866946e-5	1.8820272055207476e-5	1.9705201012576445e-5	1.835514986531228e-5	1.725898151607938e-5	1.1158644375262178e-5	7.950301983590535e-6	4.149175144088635e-6	2.1190376385017695e-6	3.1212368301926363e-6	3.950493957568385e-6	6.178089723835045e-6	8.049380281240082e-6	8.803179702126379e-6	8.426165581248979e-6	9.55399843440008e-6	5.728411885466689e-6	5.621621874604688e-7	-1.1867545249462375e-5	-1.6775435641297465e-5	-1.1528777715472116e-5	1.0889612562375861e-5	2.25675986145063e-5	5.255361911708084e-5	7.768518521609341e-5	-0.00014334963392096528	-0.00042884801027161246	-0.0007116864339604817	-0.0008112684543246096	-0.0005094002348843968	-0.0006299174341861669	-7.211399771604732e-5	3.954043277694386e-5	-0.00027287837766308554	-0.0004204713281111966	-0.0001248791064046434	0.00017152866084967078	-0.0001807463224229311	-0.0003747572096396423	-0.0003168744325092454	-0.0002105668135514438	-1.2619318784379274e-5	8.601437747821072e-5	-0.00036345609659947653	-0.0004693806367889186	-0.0004859129288173336	-0.00045863458517092504	-0.0003988892276381162	-0.00032825472374986564	-0.0002536394202307113	-0.00016551409721954347	-0.00024261434007633031	-0.0003849762099817494	-0.00048803212274357854	-0.0005144201536098902	-0.0005181999842250595	-0.0004926586651653186	-0.0004301175143047592	-0.00036040858448702084	-0.00030747346292311906	-0.00027646475798774606	-0.00024483507907700763	-0.00021394111959435747	-0.00018511903381729367	-0.00016589613211805132	-0.00014865405694591827	-0.00013702866293908988	-0.00012588213219207056	-0.00011668953715619768	-0.0001026043707462454	-8.450145401114884e-5	-7.85476150268194e-5	-7.624126655524088e-5	-6.74125226127198e-5	-6.038908002131693e-5	-4.833921544294961e-5	-4.913501398286224e-5	-4.414684655167089e-5	-3.199601759755477e-5	-1.8127108321330798e-5	-5.451538092476893e-6	3.3711798543695215e-6	7.153237854481964e-6	1.8846395798133297e-6	-1.0903975530655863e-5	-1.8134540635643404e-5	-3.5657684162131165e-5	-5.474252193042595e-5	-6.990535407480625e-5	-8.682293794505525e-5	-9.666584199763406e-5	-0.00010468191070922561	-0.00011793506958773098	-0.00012514305314671043	-0.00012915021298503387	-0.0001311873167606295	-0.00013462036520250908	-0.0001327660584552956	-0.0001313120406680468	-0.00012394742231278816	-0.0001214011619097427	-0.00011595843469464073
-2.783379023140256e-6	-6.090696767465167e-6	-9.517920522908452e-6	-8.579486459377866e-6	-7.564383771056435e-6	-6.282354194156459e-6	-9.323377573450253e-6	-1.2893253955800765e-5	-1.2034962192401452e-5	-1.184824084004589e-5	-1.2080449271131832e-5	-8.68396275569873e-6	-6.6420084493187814e-6	-2.3770042737510794e-6	3.1247308343237967e-7	-1.962050340991242e-6	1.1500082028152725e-6	-1.2191279344549166e-6	1.5489342664390393e-6	3.7275790635594996e-6	2.742992844580877e-6	6.310735137585177e-6	7.868968443427299e-6	1.0414326790265244e-5	1.4431680622675053e-5	1.720443779844663e-5	1.827783226420604e-5	1.8611883193485335e-5	2.0729417477254736e-5	1.833659813614899e-5	1.4015622538422756e-5	1.2335723588441372e-5	8.604208925205858e-6	5.22123273435926e-6	3.7433269374845257e-6	4.634539334334026e-6	5.99908393360965e-6	7.947483708463376e-6	7.12962588272914e-6	8.0224503255788e-6	7.310748035595227e-6	8.783112908847257e-6	7.897989011927675e-6	-4.816940466292885e-6	-1.4751133474433242e-5	-1.2797859451872673e-5	-1.5359921451060798e-6	3.222788789308817e-6	1.121383378949875e-5	8.989483593277448e-5	4.464039532990627e-5	-0.00029663639719481466	-0.000564685337768947	-0.0008673933086546237	-0.0005551404522706471	-0.0004750478164051303	-0.0003917361109974371	4.8129217842043936e-5	-0.0001361865889157321	-0.00037636902839102704	-0.0003307169223806111	0.00013232659564453575	-2.5140421211836128e-5	-0.00036112571787094705	-0.0003672900746563845	-0.0002750666961998799	-0.00013750715301651117	0.00014819075697461437	-0.00023151193245460333	-0.00046026084224264074	-0.0005057407188348295	-0.0004960215033850135	-0.00044715792722228864	-0.00037741127432468213	-0.0002943645611552109	-0.0002035314221847384	-0.00017358674241942096	-0.00028297470725142937	-0.00042925722178177583	-0.0004969036161272394	-0.0005089508109661772	-0.0005052340212863271	-0.00046416806834780056	-0.0003970112574195467	-0.0003301146623852641	-0.0002845457083931052	-0.0002530195044366662	-0.00022949825243326338	-0.00019486121050071858	-0.00016606750328183872	-0.0001522439227637229	-0.00014014378524850046	-0.00013060073703920205	-0.00012942871839387304	-0.0001227190905318809	-0.000109598388090687	-9.968193675005677e-5	-9.02807646349646e-5	-7.72110366094314e-5	-6.876403895079986e-5	-6.256186194097957e-5	-5.6404032486301325e-5	-5.46138232294241e-5	-4.1976479800767685e-5	-3.382561938880535e-5	-2.0866945758118982e-5	-5.938681404277224e-6	3.2583170102989945e-6	6.801203480608087e-6	-2.407136556054068e-6	-1.2572893681034314e-5	-2.2294146129892e-5	-4.078143042447052e-5	-5.811420854089089e-5	-7.484934579689989e-5	-8.697979944800871e-5	-0.00010111997469832573	-0.00010683723220342167	-0.00011623682029913984	-0.00012535066105760773	-0.000132926108922099	-0.0001348529421810185	-0.000137946800466901	-0.0001340290419881568	-0.0001330754428093689	-0.00013080921794968864	-0.00012830684843583018	-0.00012634104645716654
-3.753101047174537e-6	-8.237687089537524e-6	-9.013707125528694e-6	-1.0450776068106002e-5	-8.144376774550655e-6	-7.143510392590424e-6	-9.656088239108976e-6	-1.2913647175248968e-5	-1.1746756236989675e-5	-1.4025342654844578e-5	-1.1899053384322247e-5	-9.32787909955525e-6	-2.6989685985266687e-6	-1.2870392143531084e-6	-1.91424160593881e-6	-4.807091411127701e-7	1.2690809503539818e-6	5.058156042452022e-7	3.1053534309960495e-6	1.0748586265832416e-6	4.513541125052145e-6	8.028405360221286e-6	9.911022306671735e-6	1.32266539300957e-5	1.746731454138964e-5	1.76908767040955e-5	1.883922521022513e-5	2.067020496822683e-5	2.1133898233868798e-5	1.637051084968366e-5	1.4886498121442077e-5	1.4563774828040693e-5	1.1767601107957881e-5	6.609906957714962e-6	8.010119911111557e-6	7.62139575625001e-6	5.034720199342119e-6	6.709810279007661e-6	5.622219378421944e-6	7.4704386556975755e-6	1.06122267007e-5	1.157228750759548e-5	8.331895286553537e-7	-1.1848570735661923e-5	-1.2516241298596298e-5	-1.0316749841574047e-5	-9.81349333392667e-6	-2.348899200144139e-5	3.3382603213845397e-5	0.00013499675791291132	-6.2339531106681e-5	-0.00042067553271147445	-0.0007071279857235463	-0.0007951896478525927	-0.0003117351517981787	-0.0004919039596224667	-0.0002510149579512677	4.750108834918054e-5	-0.00030074771037273684	-0.0004313047009384813	-0.0001864165659944822	0.00014126093979445475	-0.00022690759384283443	-0.0004002539298261776	-0.0003439594438263416	-0.00022189016921601856	-6.226381931741243e-5	5.973167663611556e-5	-0.00041684485073759103	-0.0005158296316129518	-0.0005262626252746511	-0.0004942014950482659	-0.0004366015687005953	-0.00034875358764091535	-0.0002582157012081393	-0.0001626885549020629	-0.00021712506011878352	-0.00033272823493808723	-0.0004490960379185255	-0.0004890079927360319	-0.0004942699676196288	-0.0004821939937182246	-0.00043160569237511714	-0.00035933520720586587	-0.00030436166694597366	-0.0002659100650174301	-0.00023122244765562405	-0.0002056585899842811	-0.00018224892385163005	-0.00015025401430869556	-0.0001318976828798557	-0.00012888768112680193	-0.0001256898511051846	-0.0001227513000100211	-0.00011953250975832441	-0.0001178386789188468	-0.00011387704321186298	-9.919702754525306e-5	-8.288178845496097e-5	-7.292639322281635e-5	-6.473549972983716e-5	-6.5863040498923e-5	-5.5940015423680545e-5	-4.631478837599512e-5	-3.585409226458669e-5	-2.756089649037785e-5	-1.0260540680984143e-5	-6.302962709051063e-6	-1.295270531456727e-6	-6.3393405108636e-6	-1.3454648419702897e-5	-3.1347638027034996e-5	-4.3724320171467657e-5	-6.026652614454786e-5	-8.08527653465771e-5	-8.791884494735447e-5	-9.993724131660692e-5	-0.00011356276834705026	-0.0001190683554357086	-0.00012626253981153773	-0.00013522723088868482	-0.0001404840246953601	-0.0001405327186001712	-0.00014011030541067476	-0.00014113441752089395	-0.00013823373370448755	-0.00013602952954588216	-0.00014141740740675895
-8.630159710780114e-6	-1.1501861583388534e-5	-1.1579924492173196e-5	-1.1116660922957239e-5	-7.925705773105529e-6	-1.1608843010144088e-5	-1.2442254203933606e-5	-1.3630369402606313e-5	-1.3113838519870219e-5	-1.490055290525455e-5	-1.1966220766004843e-5	-8.720274339863582e-6	-3.1914332559047215e-6	6.293873571188574e-7	-1.031559630467263e-6	2.921030821737003e-6	3.967484435603297e-7	1.0460026941827572e-6	3.635994229225087e-6	5.889795812522025e-6	7.038112063637025e-6	7.547002627873722e-6	1.4561809277922194e-5	1.7665981416441212e-5	1.7948019427008882e-5	1.9016238778958583e-5	2.1628343105199732e-5	2.261808877126667e-5	2.032201891575408e-5	1.5985195263822083e-5	1.6117792267945213e-5	1.4832795256804199e-5	1.3831452855880139e-5	1.3848675570020397e-5	1.0352084911947196e-5	8.431304970597103e-6	5.884395509921092e-6	4.789299057166019e-6	5.322673725383087e-6	1.135855255338103e-5	1.6715290067879918e-5	9.670570876203766e-6	-5.047723198627063e-6	-1.2763083558769983e-5	-1.7746216388753178e-5	-1.6098904219268018e-5	-3.885522643649192e-5	-4.129198686534524e-5	0.00011561142386311285	0.00016029159586022218	-0.0002392873428699524	-0.000531868965536475	-0.0007952397208625672	-0.0005705349354848815	-0.0003037718468695133	-0.00045708383150482035	-3.684434333149633e-5	-8.425713880939878e-5	-0.00039050658756992207	-0.00037523974357432655	3.4333909847139576e-5	-2.2141405245715284e-5	-0.00037718225960083063	-0.00040204053627923564	-0.0003048009021826975	-0.00016326586003284627	4.869818827704653e-5	-0.0003014495534702649	-0.0005009278508487369	-0.0005519036965721119	-0.000530250811574956	-0.0004839887121719372	-0.00041351680022880255	-0.0003136921473446963	-0.0002118608871237021	-0.00018926421172481278	-0.00024048319477269764	-0.0003742259876548387	-0.0004517143889840036	-0.0004706248717557121	-0.0004719274851548022	-0.00044915971311211556	-0.0004017027056043426	-0.00033761130306328435	-0.00029111308502693944	-0.00025605372054419984	-0.00022041909291704853	-0.0001899053264902556	-0.00016607805213529614	-0.00014284218642982016	-0.00012377941445256002	-0.00011608598739394627	-0.00012013441673744407	-0.00012089202403899046	-0.00011631150339738716	-0.00012100000320279525	-0.00011686066567553888	-0.00010593417679519157	-8.980992924172149e-5	-7.493484587180188e-5	-6.688953536025666e-5	-6.923084609929131e-5	-6.210486031693607e-5	-5.015084398110603e-5	-3.980175390660978e-5	-2.8149922930847948e-5	-1.5980961562758744e-5	-9.297908363375962e-6	-1.2648635611123282e-5	-1.7910847718155543e-5	-2.505525951643217e-5	-3.875963981193886e-5	-4.9497249181296166e-5	-6.632689146177095e-5	-8.45484253355483e-5	-9.710734755370709e-5	-0.00010763295886073027	-0.0001176430038454801	-0.00012699656918527952	-0.00013146792216065656	-0.0001422498150088075	-0.00014442252233536068	-0.00015226428462262326	-0.00015494693863474934	-0.0001561300211295677	-0.0001538761400200414	-0.00015584857243709088	-0.0001528475454927805
-2.905727836620929e-5	-2.362490178530255e-5	-1.955080541904408e-5	-1.5366180468887394e-5	-1.5231379796743633e-5	-1.5186305663515698e-5	-1.3703061499089134e-5	-1.4052509373155275e-5	-1.2822010678681037e-5	-1.3278847178733663e-5	-9.458366083620398e-6	-6.7580964153816925e-6	-2.651436470553492e-6	-3.001863541811714e-6	-1.0099255958427589e-6	4.075946394635488e-7	-1.3651236174458403e-6	3.494286728456669e-6	3.410001718929384e-6	4.937174800934141e-6	7.905127507451537e-6	1.173858270786185e-5	1.4944269237891772e-5	1.7950646828343575e-5	1.9081993743366027e-5	1.9954764349152526e-5	2.1765568080506226e-5	2.1390523467085254e-5	1.6637613650064692e-5	1.8370979054400244e-5	1.7484162988939955e-5	1.568730090490203e-5	1.5117442128849412e-5	1.3859160618179961e-5	9.11834724479782e-6	9.441424963889389e-6	6.813319385675504e-6	4.666359421263977e-6	1.0149307718039513e-5	1.8454537269001203e-5	1.9434006704246998e-5	9.688529926249467e-6	-9.190297719889606e-6	-1.4993016268609327e-5	-2.5492496460131908e-5	-3.368997767393134e-5	-7.17594556909687e-5	8.410971788844201e-6	0.00022848721677702633	6.31044381246143e-5	-0.0004370483710179618	-0.0006180497257642775	-0.0008218722974320108	-0.0002855198267485287	-0.00040756831763688606	-0.0003919571351512774	5.909570185633206e-5	-0.0002469154668054141	-0.0004582059434567881	-0.00027039822486120413	0.0001627863976429167	-0.0002010637849790553	-0.0004360862736457055	-0.00038745160899078535	-0.00026025257513287436	-9.775814337718847e-5	7.92097021654059e-5	-0.00044212355543131465	-0.0005486336599868497	-0.0005631581984598399	-0.0005254579525399566	-0.0004629841328027129	-0.0003746930326772868	-0.00027913569719539844	-0.00017516569466614895	-0.00020412344796209847	-0.00027585857838470507	-0.00040316709823060015	-0.0004537135743064996	-0.0004668774995515018	-0.0004510867389253409	-0.0004184849619615072	-0.00036334303990005756	-0.00032044760920300897	-0.00028564248297398287	-0.0002455383075680717	-0.00021108095891834988	-0.00018087120820173275	-0.0001568063027514166	-0.00013344485152305685	-0.000116269159014179	-0.00010899633539479536	-0.0001102078105424259	-0.00011601020448101518	-0.00011845554268377634	-0.0001205291034079431	-0.00012100550401093757	-0.00010983474242956537	-9.811351796111534e-5	-8.149117014868978e-5	-7.174450573563251e-5	-6.870503753593493e-5	-6.498623904629963e-5	-5.360199870768634e-5	-4.357230787115085e-5	-3.203999175346861e-5	-1.9582719126831627e-5	-1.5693334869462672e-5	-2.2564407807512676e-5	-2.8571122247592062e-5	-3.805122384716031e-5	-4.939123589287053e-5	-6.26110758291526e-5	-7.834211881649344e-5	-9.481591119880894e-5	-0.00010510546718991293	-0.00011896927074126623	-0.00013232182894968442	-0.00014498851013018677	-0.0001467617076044564	-0.00015506125788759817	-0.0001662058576705483	-0.00017483736799907973	-0.00018193618475919465	-0.0001840287031920282	-0.00018830995183322097	-0.000194902461574456	-0.00021442599074366492
-3.149162980625557e-5	-3.3654663637080334e-5	-3.6472308680146615e-5	-3.6530985349355824e-5	-3.3336581840284416e-5	-2.7249071678529455e-5	-2.2792084571673227e-5	-1.8048536406731208e-5	-1.7500601120178094e-5	-1.2261341085246374e-5	-9.526178375860242e-6	-7.157374221295268e-6	-1.854611679074497e-6	-3.633082848236366e-6	7.397716879180283e-7	1.1317736027874337e-6	1.6620943987452619e-6	4.806967866290146e-6	4.302728800423955e-6	5.916133631166803e-6	8.0857032766328e-6	1.3999401356039332e-5	1.8457276885260748e-5	1.8104235233358523e-5	1.991102687457294e-5	2.2348894219634263e-5	2.3387288037180626e-5	1.959588416013125e-5	1.642672098605552e-5	1.9817507281461727e-5	2.096796862657499e-5	1.9615996544111725e-5	1.9102140713395804e-5	1.4781101798262697e-5	7.0553326093729385e-6	6.351794524378507e-6	6.4051450775204355e-6	9.972335457408832e-6	1.689138000478263e-5	2.241848232661242e-5	2.4240810313908012e-5	6.403385742655143e-6	-1.2162983727831422e-5	-2.080364754162428e-5	-2.8604170789793548e-5	-6.824986918934489e-5	-9.153705376151178e-5	0.00010523100728472567	0.00028069462748060714	-0.00015610163855983572	-0.0005200992826519257	-0.0006937802274949861	-0.0006537397266321437	-0.00020800843231021104	-0.00048288837750480595	-0.00020881152666338276	-1.0597064675418877e-5	-0.0003456710054913076	-0.00041303941321867155	-8.696303746558165e-5	6.421100738791818e-5	-0.00036692061997252445	-0.0004444560604971448	-0.0003518071899338143	-0.00020402747872259874	-2.4263716903727417e-5	-0.0002299690808876126	-0.0004935672484867454	-0.0005588008989993593	-0.0005557808471258474	-0.0005089783414614218	-0.00043509322034986087	-0.00034026924724053775	-0.0002322704428965594	-0.00020677743631930534	-0.00020932047067878656	-0.0003142818149823312	-0.00042940797250444473	-0.00045713773695263415	-0.0004420800782736767	-0.0004168324953864738	-0.0003794406538103201	-0.0003391967696303455	-0.0003048170218837576	-0.00027930667869692505	-0.0002446837309589417	-0.00020264292696116348	-0.0001702954600252271	-0.00014334788325971737	-0.00012206720031472662	-0.00010622175708463466	-9.876289543131467e-5	-0.000106184846722715	-0.00011002122563691374	-0.00011571254197872971	-0.00012055327417749562	-0.00012068100642068091	-0.00011531165996017667	-0.00010263318883999006	-8.937868392448756e-5	-8.025736607415734e-5	-7.446202335281704e-5	-6.813345569157969e-5	-5.753446655730465e-5	-4.495388371446307e-5	-3.730248727094876e-5	-3.282530627521374e-5	-2.7723237551111057e-5	-3.465945802930137e-5	-4.373065126163367e-5	-5.6354712346315394e-5	-6.605704763566755e-5	-8.275796389324575e-5	-9.516045796405942e-5	-0.00011039185234332227	-0.00012066894369573006	-0.00013141879869494472	-0.00014542780423908858	-0.0001651545458551673	-0.00017084279130274993	-0.00019589101120289637	-0.0002022418290779579	-0.00021754990333060914	-0.00023558936182097034	-0.0002616092103146714	-0.00029870232209992104	-0.0003479295890024964	-0.0004264550621272886
-3.137612779725678e-5	-3.154891587775835e-5	-3.185440038372227e-5	-3.39238865134945e-5	-3.8330055600853397e-5	-3.9983131118036946e-5	-3.799432087849518e-5	-4.237229263206327e-5	-3.0353495785633358e-5	-2.0962185302451572e-5	-1.088385141018687e-5	-8.18182013025831e-6	-5.12173766939461e-6	-2.513226199417698e-6	2.4766718081763173e-6	4.52055656362943e-7	3.840624812536525e-6	2.329000111257057e-6	4.604288630048747e-6	7.782131926717395e-6	1.317847686446022e-5	1.5956203535099495e-5	1.678649602133986e-5	2.155339296795733e-5	1.901384388477978e-5	2.2295815963867954e-5	2.4856317633499547e-5	2.0148167260026356e-5	2.2146831677588574e-5	2.0343197720991413e-5	1.8899765379023353e-5	1.7513868556372908e-5	1.9182831375880866e-5	1.1438562662162421e-5	7.245698561541419e-6	6.459129075781639e-6	6.964459174294002e-6	1.646862832736795e-5	2.0046843742307918e-5	2.6936618517311994e-5	2.4639754321077734e-5	6.075338582905987e-6	-7.520724711398974e-6	-2.1625864835873865e-5	-4.1489750654197244e-5	-9.851553676564623e-5	-4.687522310413417e-5	0.0002206732215579224	0.00016066422313647938	-0.0003223015901474696	-0.0005254254596513686	-0.0007244966820484783	-0.00039866467115359794	-0.00028460685002305863	-0.0004513594025444545	-2.488130296414426e-5	-0.00014667361249165456	-0.00042755430944806105	-0.0003274554880722258	0.0001023534137219867	-0.00013605512896863736	-0.00043751042567465037	-0.00041709638173847985	-0.0003051324854678322	-0.00014298624632404222	9.723444900806844e-5	-0.0004043624222353076	-0.0005369756980646428	-0.0005683597060872347	-0.0005358376971298373	-0.0004774338298839387	-0.00039774710088036347	-0.00030853022090285287	-0.00021550815277292246	-0.00021645197873648714	-0.00021882987023998102	-0.0003423886142054494	-0.00041827688036268074	-0.0004333827437544291	-0.0004277250886374623	-0.0003919734851368789	-0.0003492419970840127	-0.0003176859164188278	-0.0002919345232135079	-0.00026696924597217897	-0.00023424578097543114	-0.00019664846183722884	-0.0001597446294167304	-0.00013235887624633846	-0.0001122725922647616	-9.927702952251816e-5	-9.553641189784245e-5	-9.766859087982638e-5	-0.00010692703298308126	-0.00010765045820905483	-0.00012156199766417963	-0.00011993554131610462	-0.00011703811574406697	-0.00010546760383436937	-9.449644474031349e-5	-8.75232560038075e-5	-8.284275565886845e-5	-7.2458481705992e-5	-6.138835230082296e-5	-5.235555782315271e-5	-4.4495643281017294e-5	-3.804810177858442e-5	-4.389136038125685e-5	-4.8910600613030764e-5	-6.668794292827296e-5	-7.36247330462847e-5	-9.256123667013283e-5	-0.00010882975120043992	-0.00011800143696373555	-0.00013376183613435927	-0.00015266681137587196	-0.00017473802927606835	-0.00019156216521896974	-0.00021299257149665074	-0.00024339642627768665	-0.0002810542102868463	-0.0003174043474883301	-0.0003622088202287488	-0.00048787998294108625	-0.0005213943960824877	-0.00046003068910650813	-0.0004450145203510267	-0.00041185545870004586
-2.6889280434422638e-5	-3.026741240996257e-5	-3.124462415681449e-5	-3.287288112075251e-5	-3.7888649845590344e-5	-3.760628898672076e-5	-3.5264550719664445e-5	-3.825862256124843e-5	-3.56138289703007e-5	-3.15655388654669e-5	-2.950930507437423e-5	-2.540897917416296e-5	-1.901683175623177e-5	-9.360061879216952e-6	9.226007002642589e-7	1.3128515744149916e-6	3.2001655015170827e-6	3.678708271163955e-6	6.619144414434647e-6	1.0259538010815028e-5	1.3613760346895681e-5	1.9283745390438756e-5	1.9120772727729968e-5	1.8580075683300584e-5	2.1757891387023942e-5	2.2002092530705453e-5	1.8740049009119408e-5	1.9369501174423126e-5	1.910855637133127e-5	2.509433882479789e-5	1.8603054968875654e-5	2.268371943189504e-5	1.9659472617547524e-5	1.0436339455393434e-5	3.2641619984209724e-6	6.786517149030141e-6	1.0935692672589536e-5	2.1033077731748284e-5	2.2002506479094908e-5	3.191675743141609e-5	2.4131353816223e-5	8.991424033273632e-6	-1.0210016534485666e-5	-2.243714881857567e-5	-5.9773108554775356e-5	-0.0001103464240554547	2.3337303443893287e-5	0.00028469378265429113	-3.375341260831999e-5	-0.0004099098538899726	-0.0005215295404738252	-0.000660512360951826	-0.00021748578242150596	-0.0004032725622622052	-0.0003716094539290421	1.65504968670932e-5	-0.0002499954995620335	-0.00042409240810954707	-0.00021340534157518465	0.00010333385926444838	-0.00027015656834002144	-0.00044083374732724334	-0.000383202932276519	-0.0002563208827046498	-7.503411910900204e-5	-5.323695520878524e-5	-0.00046693911324308113	-0.00055706741194754	-0.0005674567825179888	-0.0005149745968199837	-0.000448390985148886	-0.0003602852350226976	-0.0002635450952522683	-0.0002289010439526784	-0.00021603991902721664	-0.0002487209847801264	-0.00035719913246863577	-0.0004178761371220058	-0.0004153495429537468	-0.00038659936840365616	-0.00035664918501127074	-0.0003433236477230761	-0.0002956183277769836	-0.00026944279164602125	-0.0002461827805413236	-0.00021717264054796348	-0.00018009023460864582	-0.00014778677392100759	-0.00012963292570465634	-0.00011461952784466711	-9.934445236933764e-5	-9.283093868259207e-5	-9.425656132336369e-5	-0.00010003618398056469	-0.00010622676414710763	-0.00010978819134192797	-0.00011707898192603317	-0.00011732659396974932	-0.00011038067790521133	-9.878109571634375e-5	-9.489584638922022e-5	-9.104928855134531e-5	-8.224130230993776e-5	-7.070415542105579e-5	-5.884429163556526e-5	-5.889531722556851e-5	-5.9303725775602945e-5	-6.552238417632805e-5	-7.437564951938425e-5	-9.001129247336592e-5	-0.00011217800429882963	-0.0001311938155768716	-0.00014867767195343717	-0.00016610899136217105	-0.0001927595566887999	-0.00022345180360986566	-0.0002563097328779282	-0.0003064524171534841	-0.0003807860626207221	-0.0004839361188255925	-0.0006181757940823887	-0.0005739206180611911	-0.0005448439365689575	-0.0005419493443424572	-0.000487563045817839	-0.0004625591803033083	-0.0004600246752538978	-0.00040044716511939554
-2.477388099894097e-5	-2.705577987127325e-5	-3.061036089858048e-5	-3.469886520040405e-5	-3.56955450712005e-5	-3.373829853187994e-5	-3.6069607126402656e-5	-3.4659574282879316e-5	-3.088092702017119e-5	-2.698002460549756e-5	-2.7938985462184e-5	-2.5818436120593133e-5	-2.2056535580166486e-5	-1.9506779600896723e-5	-1.8404213645694528e-5	-1.6375605407271954e-5	-8.293184986397223e-6	-2.2013203434569084e-6	6.860566747948077e-6	1.363604774885438e-5	1.9734689468524358e-5	1.871477988855605e-5	1.9886877409593107e-5	2.1706206439469494e-5	2.277376984910484e-5	2.2650318903458255e-5	2.126400753610716e-5	2.4084789013428115e-5	2.246322019453656e-5	2.171954505353693e-5	1.8203477191326006e-5	1.8876793953914034e-5	1.0007021470151423e-5	4.703721190758153e-6	6.561898702357738e-6	1.2362115129303797e-5	2.2726112712621177e-5	2.404671047787771e-5	2.4477331511500722e-5	3.3719125148296e-5	2.0936964835460703e-5	1.9818828652859444e-6	-1.829310715493332e-5	-3.629445312000601e-5	-8.86481527290553e-5	-8.052521496826337e-5	0.00011912952525491849	0.00020643569872188378	-0.0001673524975282642	-0.00043550147841263376	-0.0005745478801923165	-0.0005409241763277423	-0.00021111965431072632	-0.0004759147507506223	-0.00021298133786110118	-4.287132151017947e-5	-0.0003309455843050757	-0.0003788869387504057	-3.456961800152314e-5	5.245083230590031e-6	-0.00037547781984309525	-0.0004287070776501367	-0.0003473806658993439	-0.00020437948555773744	-1.2343656478897014e-5	-0.00034882411520907597	-0.0004977507006825171	-0.0005612156778796867	-0.0005550822345171125	-0.0005034448929790158	-0.0004207773955655636	-0.00032023475516305966	-0.00021637790192409467	-0.00022265517164374304	-0.0002189857524915323	-0.0002937586844782569	-0.000386842504210283	-0.0003960473296971828	-0.0003955151553491909	-0.00035170356319121077	-0.0003224199798205346	-0.00031430373624921626	-0.00029229113487211356	-0.0002542861557170567	-0.00021406707786594814	-0.0001876887499585589	-0.00016184806186231304	-0.00013599442687424468	-0.00013590006485604544	-0.00012209759353738747	-0.00010632740933373686	-9.358569778503134e-5	-9.550670909512504e-5	-9.480803642158975e-5	-0.00010341302011766806	-0.00010141237329064356	-0.00010484920180339752	-0.00011536038465632947	-0.00011237541669775752	-0.000102114370778561	-9.741249170150401e-5	-0.00010051468728525248	-9.590227266834117e-5	-8.638179993351869e-5	-7.628432607820201e-5	-7.530280370614262e-5	-8.705822391111284e-5	-9.929942805519953e-5	-0.00012076975790947797	-0.00013631708348921245	-0.00017609958001367498	-0.000210667248619692	-0.00024385900330298194	-0.0002890149211533938	-0.00035105512680849715	-0.00045467350544281526	-0.0006605617123168345	-0.0006833645730449506	-0.0006602810570435075	-0.0006716405488412305	-0.000612580787094294	-0.0005731325080325644	-0.0005599441759871968	-0.0005364654510550682	-0.0005323865725440774	-0.00046426084938239187	-0.000481305151333114	-0.0004272780732743689
-2.4021571000789124e-5	-2.7469058115365402e-5	-3.0142416665955574e-5	-3.307736235521469e-5	-3.0270152270167605e-5	-3.3320427119494164e-5	-3.229201723186324e-5	-2.9767139762219147e-5	-2.8446387254207547e-5	-2.5520607870900547e-5	-2.2717118415343726e-5	-2.224220175986273e-5	-2.1053667950731228e-5	-1.3932964103204742e-5	-1.2625031499836209e-5	-1.1403006902437063e-5	-1.052479777592305e-5	-4.534728387066422e-6	4.852338637232473e-6	1.2085641840596517e-5	1.8847546949789934e-5	2.2297673744290508e-5	2.5005438746093095e-5	2.4844449685468978e-5	2.901541301062599e-5	2.122914019055122e-5	1.687954002916811e-5	1.7361357956737627e-5	2.0583551031162772e-5	1.953108779307461e-5	2.009956285610459e-5	1.6954357676905035e-5	1.3373044100047082e-5	6.652133813407624e-7	9.527852248489288e-6	1.618543694252919e-5	2.2691743991644364e-5	2.7539397520238984e-5	2.7467052395556413e-5	3.232942180023818e-5	1.711066043626891e-5	-1.121746651729788e-5	-2.5398510768506743e-5	-5.5701322894397e-5	-0.00011970799319253184	-2.65091499099257e-5	0.00018584393258243986	0.00012298434026811883	-0.0002307155254604315	-0.00045517814116404626	-0.0005878700796557029	-0.00034787687270762535	-0.00029254907350784176	-0.0004667361690278288	-4.866801037693713e-5	-0.00011858818939856908	-0.00036910790981829755	-0.00030877842145150824	0.00011435807812862353	-0.00011999521840576344	-0.00040013303369453024	-0.0003978362507050387	-0.0003008680986640866	-0.00015096784044231482	5.56697099442921e-5	-0.0004133703349236406	-0.0005244740028560735	-0.0005484552350037281	-0.0005312683255560141	-0.00047302521817040033	-0.0004006604128331537	-0.0002881621052885919	-0.00019390805779638531	-0.0002053556465500539	-0.0001789257782734699	-0.0003122920140801594	-0.00039345165320225917	-0.0004110970682792703	-0.00037270958519984576	-0.0003227058479379069	-0.0002897328479564698	-0.00029216398462865445	-0.0002885143749343372	-0.00023753055793974964	-0.00018584155091552756	-0.00015402747285085672	-0.00016871587959176038	-0.00014061955593003272	-0.00011912598338326141	-0.00011922371249972752	-0.00011760741187340218	-0.00010282247189102867	-9.59984160307098e-5	-9.555548388141821e-5	-9.758759989333954e-5	-9.902051422740199e-5	-9.118790249805497e-5	-0.00010797951833889374	-0.00011014346964870192	-0.00010727683953833111	-0.00010725205836295548	-0.00010781134231890865	-0.00011230771109101145	-0.0001108488591715362	-0.00011044645645101603	-0.00011699374065018975	-0.00013850070200958908	-0.00017287191231458998	-0.00020456269534188665	-0.000267556127427071	-0.00033647464632233226	-0.00045129232057079804	-0.0006162832384172534	-0.0007530133218358603	-0.0007490882493292605	-0.0007165627946689387	-0.0006909719212815427	-0.0006871856140762758	-0.0006800416564502892	-0.0006597689499766857	-0.0006552842176212395	-0.0006173523560849131	-0.0005713217923926373	-0.0005578490065716313	-0.0005292561916069721	-0.0005003037894992651	-0.00047041466924059583	-0.0004010477425413911
-2.278241037121341e-5	-2.3212516300384275e-5	-2.6533102646421336e-5	-2.7881725384428305e-5	-2.6178606998090645e-5	-2.7619464115953563e-5	-3.0181173857855847e-5	-2.309372587909128e-5	-2.7093816800565287e-5	-2.300191444650282e-5	-1.963413137043464e-5	-1.552670386467843e-5	-1.636048146459214e-5	-1.2213385793165277e-5	-8.529938149044736e-6	-7.498342279119857e-6	-5.51277795114713e-6	1.947674931491311e-6	9.411107743800828e-6	1.743513422828788e-5	2.237846366548446e-5	2.1976700461615734e-5	1.8926444396091813e-5	2.141729008768925e-5	2.001415743205226e-5	2.5147177309253754e-5	2.1876061129678243e-5	1.9145341724740444e-5	2.4690848812129046e-5	2.5848064574146568e-5	1.801816584389576e-5	1.8940451475008696e-5	7.369673447887859e-6	4.746084113823462e-6	5.345044123018089e-6	2.6340169954029713e-5	2.9363372573264906e-5	2.8336368787431482e-5	3.310225634182637e-5	3.196072432317537e-5	5.735667908506048e-6	-2.2538127288952714e-5	-3.6899883864606464e-5	-8.448931333206178e-5	-0.00010667028274135432	3.903886133631296e-5	0.0002085971139743903	1.7726800279407873e-5	-0.00031077830532546397	-0.0004721613981956488	-0.0005913059185087138	-0.00024446945618046556	-0.00039315325734562423	-0.00039897984482201165	3.527969886715776e-5	-0.0002205683292261229	-0.000415142598032478	-0.00022268056821227178	0.0001320271825894226	-0.0002349502777661966	-0.00038842978161181263	-0.00036330353330761567	-0.00025685917824126714	-0.00010971410151910943	-9.69149487224652e-5	-0.0004533244203196868	-0.0005295563343301474	-0.0005482377429637253	-0.000517291277738266	-0.00045437524099148363	-0.0003606468992802675	-0.0002728977514885461	-0.00024365362483701192	-0.000199618962635692	-0.0002083789529816471	-0.00027760205072169253	-0.00034426318349864427	-0.00038731484837926933	-0.0003775939936157685	-0.0003152982031278534	-0.00025972350398834054	-0.00027586046533016606	-0.0002789296898921684	-0.0002532600609263247	-0.00016042235010012285	-0.00013282621205180922	-0.00014192001220048045	-0.00014213021861872455	-0.00012106975903584949	-0.0001036490769514703	-0.00011333223747488075	-0.00011754283765937068	-0.00010532894283328542	-0.00010342939113679173	-9.758565852092949e-5	-9.229942916737233e-5	-8.995750086678023e-5	-9.515685570234134e-5	-0.00010423702894758746	-0.00011231945451842251	-0.00011812438765849975	-0.0001241450267239208	-0.0001416790447981986	-0.0001643303275573882	-0.00017786296112147493	-0.00020859600505240827	-0.00026616803682974477	-0.000353338025071287	-0.0005331954901471175	-0.0008362984161517512	-0.0008790496646565726	-0.0008678639991984566	-0.000805647355035452	-0.0007833191172524484	-0.0007308332094883851	-0.000718343965474405	-0.00070530010781375	-0.0007261250709869257	-0.0006607558893480595	-0.0006931961732056791	-0.0006302144617796601	-0.0006231504415124892	-0.0005540943946074142	-0.0005568443619619404	-0.0005467120205984374	-0.00048672010898639234	-0.0004659029069660481	-0.00045329884789356567
-1.9107716738063843e-5	-2.1781249655468404e-5	-2.3399545755892204e-5	-2.4233102720663813e-5	-2.5998510392059512e-5	-2.691844574391304e-5	-2.5278935466156033e-5	-1.6151321816440523e-5	-2.1513423854868652e-5	-1.9470822442422056e-5	-2.167617173536203e-5	-1.4990541929516335e-5	-1.454356264325024e-5	-1.4850236058211452e-5	-9.489992667567615e-6	-1.1048522665334237e-6	7.901681696106944e-7	9.78804537421496e-6	1.7070967903154433e-5	2.3940384830806183e-5	2.2341136536249695e-5	1.7850619474322343e-5	2.4647934030157942e-5	2.374456496223934e-5	2.3830463101968957e-5	1.319240013454917e-5	2.1835145074412116e-5	2.2229379903655755e-5	2.5095179515162436e-5	1.6386150574441982e-5	1.1332165240907077e-5	1.5320633000096007e-5	4.905622078259925e-6	4.095591487479622e-6	8.043832310303256e-6	1.9198169312964475e-5	2.9307209111796573e-5	3.0091644670840467e-5	3.7539775433158284e-5	2.7257094151189598e-5	-1.0215316439965427e-5	-3.1585677975030924e-5	-4.502274724912936e-5	-0.00011204647832382258	-8.354039389511098e-5	0.0001081664753425915	0.0001878149309252758	-6.940508898937298e-5	-0.0003860519946254082	-0.0004872633271261334	-0.0005559497254919998	-0.00017801501765724037	-0.00047427278228838465	-0.0003119606981592804	2.2079355704862635e-5	-0.00028434749737085707	-0.0003947791898072095	-0.0001307751847350741	5.336782166361076e-5	-0.0003054546097395333	-0.0003831180353432856	-0.0003455469510787318	-0.0002404389157391329	-8.906925067289628e-5	-0.0002971578558306348	-0.0004528183101919214	-0.0005224921393980064	-0.0005420728687970111	-0.0004970309947036761	-0.0004327038861766386	-0.00035505157798196296	-0.0002525390807930905	-0.00023704428307388947	-0.00018381859402671896	-0.0002115409256184947	-0.0003203158667128281	-0.00033287577989177253	-0.00032759040770845294	-0.0003346108650575941	-0.00032574796354246927	-0.00024057110622165145	-0.00024044249252209993	-0.00026812283838474615	-0.00023679730333688032	-0.00018113747177542217	-9.588381260847156e-5	-0.000119565083745235	-0.00014697648024857013	-0.00012860529741837157	-0.00010805867160269822	-0.0001046008004604998	-0.00012001961490620827	-0.00011584067537671883	-0.00011436131425526797	-0.00010256028773643344	-9.000878861686878e-5	-9.168794065997354e-5	-8.775570114333275e-5	-0.00010505597411968048	-0.00011481886556981291	-0.00013858053897128353	-0.00016904799890644917	-0.00020230171075656667	-0.00026988189894688874	-0.0003862035940615377	-0.0005992165557147655	-0.0007959853457785437	-0.0008513781311891844	-0.0008398987356300625	-0.000863119403206325	-0.0008378490444840847	-0.0008529648586833721	-0.0007748083936595651	-0.0008006835875741525	-0.0007846388278692773	-0.0007462768250587892	-0.000722135967993684	-0.0007228077290345747	-0.0007034125785098863	-0.0007105242423068037	-0.0006561314754320244	-0.0006361090428268906	-0.000622571503573234	-0.0005583033375888835	-0.0005495826425243669	-0.0004587019960915206	-0.00046231447045196744	-0.000426533081966142
-1.8181977191195076e-5	-1.764344608455072e-5	-2.0267305737321772e-5	-2.3777454099616416e-5	-2.0672796238524124e-5	-2.437352145741485e-5	-2.0355905952810713e-5	-2.4321643847134353e-5	-2.2658960455558888e-5	-1.3376380108816657e-5	-1.8222407578098038e-5	-7.819542322679007e-6	-9.000282995014902e-6	-1.3269179862957642e-5	-5.2882251529162705e-6	-3.6290990828788394e-6	8.643566223008603e-6	1.6459315193336627e-5	2.0673659073718043e-5	2.7023445818303432e-5	1.800728896507106e-5	2.1061780954272774e-5	2.852747758071844e-5	1.7242731114447407e-5	2.1697522359538646e-5	1.3277782681935663e-5	1.1506525116403155e-5	1.4691357451326187e-5	9.806313692930363e-6	-3.909642412331521e-6	-1.2467499580469388e-5	4.1100580512772045e-6	-9.208976354917187e-7	-5.34597247112828e-6	1.1822345999303735e-5	2.8894868919424055e-5	3.6474071972349836e-5	2.8959257084362755e-5	4.0023710203267865e-5	1.535574130958478e-5	-2.169809834194278e-5	-2.5875989935822408e-5	-4.346868156222816e-5	-0.00012133869820366017	-3.6047586356863226e-5	0.00014655598837374356	0.00017734433886695822	-0.0001735706499318354	-0.00041781592942380374	-0.00049098013003325	-0.00047750078175333444	-0.00020190332890822338	-0.00047962697854141145	-0.00018177784754866422	-4.6159118411229216e-5	-0.00033441912346970915	-0.00036533607215838426	7.1097910545048215e-6	2.303001756312484e-6	-0.0003187019136010466	-0.0003805475940876074	-0.0003308191533213378	-0.00021788292415940436	-6.747143252092136e-5	-0.00035135046239608003	-0.00048805162819118286	-0.0005328117805899341	-0.0005165774006471446	-0.0004925730298904057	-0.00040160645078599067	-0.0002928869364919595	-0.00024625804477193536	-0.00022034896390160652	-0.00017788487414842347	-0.00022802650934995727	-0.0003338330712126386	-0.00032297980240812707	-0.00032124776862089977	-0.0002806864953137922	-0.0003111075923788176	-0.00033042773747195275	-0.00018586028115857856	-0.00024035536343343378	-0.0002349880023639478	-0.00016983775909078236	-7.663209585125064e-5	-7.984757278110821e-5	-0.00015398310317799035	-0.0001399381563318286	-0.00012362476992620886	-0.0001072314047452505	-0.00011371308799093538	-0.00012578688004388772	-0.00012196458686747347	-0.0001211675566738929	-0.00010639492477142187	-0.00010065380516913192	-0.00011231141103934528	-0.000110787783027394	-0.0001496784710064425	-0.0001958830875281592	-0.0003231167510202998	-0.0005896311728800785	-0.0006522393150749928	-0.0007481684724877646	-0.0007770715019801006	-0.0008176371238052815	-0.0008314199172881898	-0.0008411110848614844	-0.0008363821247994035	-0.0008328009080960097	-0.0008228586952443995	-0.0008544970158969739	-0.0008251213531873525	-0.0007991579667986082	-0.0007623474424433771	-0.0007351495347803633	-0.0007099971014758177	-0.0007221503168673357	-0.0006744042921769805	-0.0006518665840405877	-0.0006355461794858852	-0.0006270209273670502	-0.0005868539942194273	-0.0005775095639334524	-0.0004665600467817013	-0.00047685314345184	-0.0004559991351529846
-1.551365684678528e-5	-1.4501273933823638e-5	-1.8823589415699685e-5	-1.9271461434034604e-5	-1.562586448037792e-5	-2.2002689871892384e-5	-1.5438384484657217e-5	-2.0655197631490665e-5	-1.71661098692915e-5	-8.2638297246862e-6	-1.7498378993615477e-5	-6.38030020526717e-6	-1.0870215047097814e-5	-1.3747744208227747e-5	-3.351260295745423e-6	-1.8039397016098024e-6	1.7145580202999888e-6	1.6312566748777346e-5	2.2089565040409737e-5	1.5098009539631085e-5	1.9475153586155647e-5	2.666246357811014e-5	3.0386966814316407e-5	2.1460243846728455e-5	2.8821947920757568e-5	1.5313557063037497e-5	1.568621366696346e-5	1.2379158841665377e-5	-1.028738997200379e-6	-1.0326055006719403e-5	-5.434955274458836e-6	-1.1125777382714475e-5	-2.1823334697516905e-5	-2.3352211006924528e-5	-6.4320189257192906e-6	1.9477697287082624e-5	2.586170882480643e-5	2.6312740669057894e-5	3.471247155819798e-5	5.9929559687206535e-6	-1.0937644724390988e-5	-7.986602915469043e-6	-3.15619258159372e-5	-0.00010278924033550046	1.54565040237295e-5	0.00016012495387789094	8.751600334179488e-5	-0.00024056092090118247	-0.00042714470122832277	-0.0004952025671033783	-0.0003901353485061265	-0.00026328139039570597	-0.00045512072517801816	-2.447296597145321e-5	-0.00010098960448283456	-0.000367766579559628	-0.0003180891340257008	0.00010633055525476054	-8.335396869257883e-5	-0.00034598341552838363	-0.00037948746163703195	-0.00031038448612512315	-0.00018038288137484093	-1.8513131349109924e-5	-0.0003745052273938093	-0.0004641388777221894	-0.0005039285620733747	-0.000483310714149629	-0.0004080501516106477	-0.0003425037421646987	-0.0002622676466192825	-0.00021431253473258582	-0.00024517675086335733	-0.0001546978671464888	-0.00022428056612421032	-0.00028753057183458774	-0.0003506656035424244	-0.00032037194793756163	-0.000305382409464261	-0.0002629124806318578	-0.0003051237071165225	-0.00024440636038451646	-0.00014862339852740603	-0.00019610825138273447	-0.00018030152197645588	-8.760819370304262e-5	-6.322669319526464e-5	-0.00010907046424889211	-0.00017001046273903975	-0.0001529661375863911	-0.00013609875964930296	-0.00011414656134363377	-0.00013144047200479292	-0.0001377467669008009	-0.0001569465354119698	-0.0001702693105867098	-0.00014466442562095783	-0.0001925356209100254	-0.00023396341201215032	-0.0003525332677688231	-0.00037351975592375686	-0.00043153402357574977	-0.000534544783870744	-0.0006030785257033627	-0.0007144288752172073	-0.0007697136643336489	-0.0007623593167339904	-0.0008212247366509717	-0.0008599154975325735	-0.0008753903437633964	-0.0008655159590333777	-0.0008648561406962574	-0.0008551965151662455	-0.0008021955818799525	-0.0008079185270012251	-0.0007812158689043947	-0.0007432781393406501	-0.0007551142821920695	-0.0007469787870932956	-0.0007320481500714196	-0.0006735029494829223	-0.0006801979529754906	-0.0006690010004306579	-0.0005825130900641989	-0.0005498484968117362	-0.0004988712632011602	-0.00045351412490853005	-0.00044570140200067554
-1.2649547045679582e-5	-1.5069762034384745e-5	-1.7329645395558133e-5	-1.6605075333405578e-5	-1.2138585899238927e-5	-1.1941187649149379e-5	-1.566755967043025e-5	-2.3690039106837382e-5	-1.3603066644028022e-5	-1.383213015697729e-5	-1.6326476385023977e-5	-3.473250143439313e-6	-9.624844920629733e-6	-7.923560028585963e-6	3.8886212500900685e-6	9.923745852846722e-7	7.226822710138664e-6	2.3767366980759208e-5	2.6888697269179113e-5	2.7041786290673414e-5	1.738946806646366e-5	2.328458205327205e-5	3.1612733969194756e-5	1.7540000268184697e-5	2.746113937374811e-5	1.8788591776147667e-5	1.1427562672181035e-5	1.0476213592371802e-5	8.297649893573844e-6	-1.884511627693944e-5	-1.6913742867212533e-5	-2.0694676007571022e-5	-2.4951417505487267e-5	-1.9151402198044204e-5	-1.1006800614173085e-5	4.68497370889262e-6	1.3262376928006164e-5	1.833791311075389e-5	2.353549229420701e-5	3.2947293439507253e-6	-3.0888410319090953e-6	1.8170666794131707e-6	-4.399649297225777e-5	-8.153976842686927e-5	2.728045751538427e-5	0.00013524232200714387	1.7633727594432158e-5	-0.0002633358830474164	-0.0004209449500124432	-0.0005006462781235316	-0.0003041492966770337	-0.00031222008225334497	-0.00040060133986094537	5.528659756566523e-5	-0.00014849659436128038	-0.00039442903565674314	-0.0002616118044852095	0.000123767023756452	-0.00016479433876531724	-0.0003652251073186369	-0.00037504295090536044	-0.00029010578292930356	-0.0001587186861974621	-0.0002024856669054914	-0.0003583881308041881	-0.00044915409434277687	-0.0004956940650047842	-0.000485818834597071	-0.00041456404151554715	-0.00034012707667702147	-0.0002281180125438681	-0.00020998727279578078	-0.0001818850855518639	-0.0001830836664998975	-0.0002103156026070363	-0.00031670943905631743	-0.000276361270239861	-0.00035426435092758557	-0.000260582326333178	-0.0003193503113861629	-0.00020736009350569296	-0.00023713280015817684	-0.00018921892460006806	-0.00014319445412400156	-0.00017242942121874216	-0.00011911325962024599	-2.2547754678983734e-5	-8.396453302604578e-5	-0.00015340718322390257	-0.00019815354500470062	-0.00019046363618213658	-0.0001682694463368134	-0.0001643221743570511	-0.00018344530235137047	-0.00025934720018251645	-0.0004979146294489117	-0.00046622949034444416	-0.00039628445945745494	-0.0003219584982731144	-0.0003465900166692293	-0.00034594438056388677	-0.0003933861086272833	-0.0004861749221523465	-0.0005716497286385042	-0.0006617629176846468	-0.0007436393785909684	-0.0007797253212017685	-0.0008424500790981532	-0.0008426225166831974	-0.000854188212133164	-0.0008741413324523523	-0.0008777299421135198	-0.0008433604207786632	-0.000812463369585098	-0.0008345229652716862	-0.0007834797243486472	-0.0007292057316050232	-0.0007564294503270563	-0.0007792432897947912	-0.0006948023507447401	-0.0006945375060664338	-0.0006726244586264737	-0.0006360916290221175	-0.0006640474437685784	-0.0005290454727947813	-0.0005376912910141224	-0.0005348308665517262	-0.0004898587424367537
-1.3176235168048389e-5	-1.1906312470232744e-5	-1.5743259479264818e-5	-1.2230506538091213e-5	-1.0149882914397071e-5	-1.0162768738532224e-5	-1.2792230870504323e-5	-2.308078543827169e-5	-9.645147500776316e-6	-1.0783300169675894e-5	-1.8372833609321335e-5	1.2542906708927493e-6	-9.520060765101993e-6	-1.0658004101667118e-5	5.917544178193207e-6	5.934453341065182e-6	9.291012132827542e-6	2.5848582497524364e-5	3.270892421931154e-5	3.095540908023067e-5	1.7391767008750197e-5	2.5884380034334187e-5	2.447779186374316e-5	2.9842042086145742e-5	2.3519933993031844e-5	9.99976479659076e-6	2.679469450136973e-5	2.2947517855104876e-5	1.7693489035019994e-5	1.452438592574462e-6	-2.82474493015078e-5	-2.2168006091807108e-5	-3.579638115872724e-5	-1.5117551145377855e-5	-2.043513622207449e-5	2.686197889557179e-6	1.3157759658297824e-5	1.8768145457898067e-5	1.3351098980714238e-5	-1.4937836666402415e-6	-3.875606433001444e-7	1.3375757641244379e-5	-4.977634743188325e-5	-5.126036791217037e-5	3.4401572953160486e-5	0.00010329318476942628	-3.501020372047303e-5	-0.0002833029766726239	-0.0004118240313653529	-0.0004781554735489024	-0.00021348315281354002	-0.00034202246959082194	-0.000317503228352764	6.236458441680193e-5	-0.0001863540710633771	-0.0003681228316967933	-0.00018821929041387686	7.756204554489055e-5	-0.0002371515911165495	-0.0003569632783806398	-0.0003335602341211774	-0.00026944007311749396	-9.523652634742252e-5	-0.00019167895265806423	-0.0004311797123773137	-0.000565260212768981	-0.0005220525602523535	-0.00048418054266440025	-0.0004340355323415035	-0.0003387715073743802	-0.0002309968381939559	-0.0002177845417027091	-0.00015567231141308535	-0.00013005801709035925	-0.00022271142460610072	-0.0002655078596217053	-0.0003537263424877035	-0.0002376478605917165	-0.0003775418688616028	-0.00025046777802836817	-0.0002470036408481341	-0.00016040899923457086	-0.00023598740127826756	-0.00015741912981481754	-0.000169703040465638	-0.00016310363476490508	3.084862660457377e-6	-5.427996615549324e-5	-0.00017458390310677585	-0.0002607900679262032	-0.00036682069773190384	-0.00047465948099095767	-0.0005231244823173525	-0.0004076874651672696	-0.00041194227759847046	-0.0005409577638268437	-0.0004047748301903159	-0.00041444840354759593	-0.00041109128080807356	-0.0003506304205314059	-0.00033382074188237354	-0.00034082190238440835	-0.00041801029326306305	-0.0005073059973405986	-0.0006218642983370215	-0.0007123589081895615	-0.000790916715584164	-0.000826263139505623	-0.0009107585655695333	-0.0008759942281104383	-0.00086188553299546	-0.0008107288059205214	-0.0008377017031435674	-0.0008298301830845373	-0.0008479389398746359	-0.0008059886014892895	-0.0008302857653795168	-0.000769877156708669	-0.0007699766561104424	-0.0007341958856198552	-0.000724460754515828	-0.000667543465708402	-0.0006707914297805762	-0.0006155627172267988	-0.0006161036504104614	-0.0005589809931117254	-0.0005304368056987044	-0.0005040035478808685
-1.1145853337501954e-5	-1.2243265808727782e-5	-1.4374328441944806e-5	-1.3159321234686855e-5	-1.098243270956055e-5	-1.0670746296119471e-5	-5.948820375103331e-6	-5.524145539875097e-6	-1.4900336634026193e-5	-1.3207334802634724e-5	-5.486820497729514e-6	-2.7462733150941665e-6	-3.726569346076264e-6	1.006429992513394e-5	3.958318265176453e-6	7.996504825490136e-6	3.413362046353688e-5	3.1699365029592974e-5	3.536666120552978e-5	2.9812513948398317e-5	3.1602056095678815e-5	4.416403766131782e-5	2.6525573187594076e-5	2.3468052913304394e-5	1.9564845078236248e-5	1.5946711399289493e-5	2.7841274262158794e-5	1.964188561147731e-5	2.72145999312412e-6	-4.097112297866967e-6	-1.0072981674030118e-5	-2.635724104249615e-5	-1.4883834670385149e-5	-3.168550328797731e-5	-1.2968934899517531e-5	-3.4576248114648322e-6	2.390193414286007e-5	1.8831962844603062e-5	1.5435919090232147e-5	-4.509824046323996e-7	4.297811130420104e-6	1.2483587731246248e-5	-4.684150116396335e-5	-2.8394572717388433e-5	4.063725235221166e-5	7.509596351880365e-5	-7.047760259507735e-5	-0.00027477970506589733	-0.00039889235339297946	-0.00046084947208195615	-0.00021338303086287924	-0.0003742377618735915	-0.00021929520721032658	-5.017998820286418e-6	-0.00017625454784911398	-0.00028361834365428495	-9.617838188195893e-5	3.537213967910735e-5	-0.000251178091563789	-0.0003584279581036326	-0.00034776913857351155	-0.000226020742269753	-0.00014110783396782678	-0.00035793069528243515	-0.0005630953880259026	-0.0005790877909573472	-0.0005662624863369409	-0.0005029984983216662	-0.00042702594607070543	-0.0003327778185392011	-0.00025282149138973475	-0.000220274607581894	-0.00013649876628302193	-0.00012450722701104477	-0.00017520215313260312	-0.00024743243565161777	-0.00026855092173476425	-0.0002896456455757368	-0.000247611019145097	-0.00033088691140346904	-0.00023638899821973314	-0.00023114014651923198	-0.00022488618736313248	-0.0002211135363347494	-0.00019568985234336145	-0.000226778047946255	-9.745641446623488e-5	-2.767568769643236e-5	-0.0002788832326964391	-0.0006475648053807376	-0.0009689688146904268	-0.0010098809078481347	-0.000763728204159278	-0.0004636379077969238	-0.0003064616999840647	-0.000497620155802056	-0.0005093128202168784	-0.0005150480179069022	-0.00044836341432132054	-0.00038081398906660013	-0.00033899264927257644	-0.000318447008562997	-0.0003710301623230383	-0.0005024303217394943	-0.0006009365325233135	-0.0006696889102292269	-0.0008084810199787684	-0.0008229099949207119	-0.0008722782520158984	-0.0009159847396637139	-0.0008556474539317405	-0.0008410045706716551	-0.000894887135097569	-0.0009172120921932189	-0.0008560767570092026	-0.000801614984352432	-0.0008318378994518275	-0.0007681444323930781	-0.0007702341444770083	-0.0007432760635271707	-0.0007103846019458973	-0.0007114543252488906	-0.0006615476396939005	-0.0006556843915473537	-0.00058499434062078	-0.0005277520858477588	-0.0004744281827204905	-0.00047550229357283536
-9.512619750066953e-6	-1.1731919770515895e-5	-1.4573643940946068e-5	-1.024745604127561e-5	-1.3422303470501246e-5	-1.0967977123309963e-5	-6.587350185726509e-6	-3.163426931431651e-6	-1.339636393352453e-5	-5.373325618002536e-6	-2.941393304053616e-6	-3.383084611063847e-6	-5.892797914127529e-6	8.90300295508864e-6	5.586773177326115e-6	1.9555135559890663e-5	3.3834036863421985e-5	3.622262754500449e-5	2.733808698082013e-5	3.6893715079505673e-5	2.177411723147671e-5	3.067965309968071e-5	3.655005557110305e-5	2.7593320261077442e-5	2.6075034546910875e-5	1.5901391856899816e-5	1.4359135950582635e-5	6.782158385246206e-6	-2.8236944575078804e-6	-1.5263596159567627e-5	-1.832985130865994e-5	-1.27950216068963e-5	-3.432674305393901e-5	-2.2669699667812737e-5	-1.570824573931054e-5	1.9171811924470483e-5	1.9388043579447733e-5	1.7654169792713503e-5	2.4086393198962525e-5	6.909388968086294e-7	7.945928040976186e-6	7.169725696389712e-6	-4.0802645008379546e-5	-2.4031048743815286e-5	3.223556946548023e-5	6.121233706544993e-5	-7.853534955606228e-5	-0.00027195304179179064	-0.00037947041136524723	-0.00045234457607574996	-0.00020095717256050916	-0.0004172718375255319	-0.000147729237913799	-3.174658864783797e-5	-0.00018331896786162594	-0.0002472351952071544	0.0001105467455856518	0.00025211185461331	-0.0002701846736792579	-0.000363009742924969	-0.0003501698768188649	-0.00021097425867942776	2.982416505599439e-5	-0.0005466258092869103	-0.0006020037424288305	-0.0006721759091173063	-0.0006535662211079596	-0.0005641836234304698	-0.0004571274335625486	-0.0003275842010846963	-0.00025458447871530565	-0.0002015310431556505	-0.00011180177335139152	-9.968030047213805e-5	-0.00018258349194534562	-0.00024593642313636144	-0.00029675973180556814	-0.00026414645189036523	-0.00021852117294482443	-0.0003014981411232631	-0.0002461768928898461	-0.0002147680119683748	-0.00020048402521455344	-0.00042515010370731965	-0.0006949059687053061	-0.0009581216996006059	-0.0007473453392595197	-0.0003265482953485055	-0.0007969434667309122	-0.000420768853353487	-0.0008638435195027633	-0.001143992209773001	-0.0011077597031946412	-0.0005687797791347621	-0.000400476486174528	-0.00043870620179166375	-0.0005091347695003468	-0.0004852109710112157	-0.0005197623410228142	-0.0004908719854201937	-0.0003854545669191439	-0.00034456644915775714	-0.0002890847446406636	-0.0004531469997414578	-0.0005303205756479468	-0.0006107941405257555	-0.0007279123939891996	-0.0007730133291285191	-0.0008538567446408213	-0.0008947985427696509	-0.0008819872573170157	-0.0008475783748896487	-0.0008538981774268428	-0.0008581954671644382	-0.0008851380472758158	-0.0008032975773279716	-0.0008091410964644261	-0.0008021359099944642	-0.0007987414253228173	-0.0007756131386021242	-0.0007255353199741438	-0.0007319727305830567	-0.0007012525416036017	-0.0006887017184840916	-0.0006389269340380602	-0.0005973062649957533	-0.0005615599721342512	-0.0005120725051670563
-1.0272661736011879e-5	-9.775960585749893e-6	-1.1211840402489473e-5	-1.226952643217788e-5	-1.6159660632189543e-5	-1.6917386870714257e-5	-1.1676918682196682e-5	-4.494995115055314e-6	8.922718602389149e-6	-3.880347134105691e-6	-1.2831910149247241e-5	6.5773894848426134e-6	-1.9475617949946122e-5	1.4414909587159852e-5	2.2939727916705677e-6	3.345583814325093e-5	3.209455628778307e-5	2.0230207700006053e-5	2.551300100003817e-5	2.9712058388729062e-5	3.4166663422097177e-5	3.896734681891473e-5	2.6253742886270248e-5	3.236759319770466e-5	2.9180245188480808e-5	2.3225241933648444e-5	2.8330904408482155e-5	2.0317433553716097e-5	1.0999783007191455e-5	-4.470035615527362e-6	-1.4563167674824101e-5	-2.3828159280772643e-5	-1.739713901367443e-5	-3.803716700336371e-5	-3.7291821648917367e-6	1.895893408628349e-5	3.299884161495764e-5	2.4551762586953046e-5	2.1589306243349066e-5	3.5037765332320003e-6	7.933154621501265e-6	4.481027311362129e-6	-3.150996114422225e-5	-1.876687564031365e-5	3.1702630863376935e-5	4.8050219619150125e-5	-0.0001028201978853921	-0.00027574138794766306	-0.00038657252258208347	-0.00043555012938303883	-0.00023375483753501625	-0.00038295374683861017	-9.717276701175226e-5	-7.404109898974387e-5	-0.00020985586055358163	-0.00022067368657223418	0.0001664667795969743	0.0002779103607398331	-0.00014600325007156634	-0.0003214862744505692	-0.00024885567890230165	-0.0001295271379302826	-0.00014506026631624924	-0.0006542514687565143	-0.0007909496317452802	-0.000646695880006376	-0.0006096867951905366	-0.0005148912075782913	-0.0003898317857756184	-0.00024312781714101728	-0.00017966703992622346	-0.00012570070461945249	-5.5899550613358606e-5	-7.637378338261336e-5	-0.0001614579303588215	-0.00021898987549555382	-0.00025892334088416236	-0.0003085498603578457	-0.00034625689273280746	-0.00023406312153230469	-0.0004515304204751741	-0.000301745916230986	-0.0007256694312292311	-0.0005531157428774469	-0.000907749383039641	-0.0011035288587871867	-0.0013032288596805802	-0.00011477005413748631	-0.00047240653749947015	-0.0006094863439897596	-0.0007831732408859066	-0.0012422084084019042	-0.0014054280089974974	-0.0008735466774847239	-0.0004656899789835106	-0.0003613875722112414	-0.0004580887323114846	-0.0005148357597444669	-0.0005241276431963704	-0.0004689352510901107	-0.0003726007319522495	-0.0003517671702969044	-0.000323038428038519	-0.0003844789597372972	-0.0004769168666755863	-0.0005583716275806005	-0.0006647208285106426	-0.0007290066228633763	-0.0007966198421402448	-0.0008591269488357478	-0.0008360809921996448	-0.0008367194467666372	-0.0008644385095972831	-0.0008627664347922795	-0.0008398404355855829	-0.0007822597561032985	-0.0007877658070136462	-0.0008120004259910482	-0.0007897328898687564	-0.0007803672891259009	-0.000777210187158893	-0.0006879996509567138	-0.0007011740183696796	-0.0007028595974548427	-0.0006772713684365453	-0.0006137708966286529	-0.0006008140648406171	-0.0005634529169195462
-3.814015726508191e-6	-1.3043357409772693e-5	-1.4960710432001048e-5	-2.9164527509586285e-6	-4.75029084535776e-6	-6.954434613902147e-6	-1.3800628364700127e-5	-5.837039076909967e-6	1.6396704957330477e-6	1.6763815216622874e-5	-1.4159540293740003e-5	-2.0083580252409222e-6	1.4478539054523301e-5	2.1900062058960446e-6	2.844926513334914e-5	3.206629813025039e-5	1.3593613431076013e-5	3.269531005526197e-5	5.5574322325047804e-5	4.434593528978778e-5	4.922316005316618e-5	4.1079749519591646e-5	3.34398671405188e-5	3.833820365123017e-5	2.917309671829696e-5	2.9777254230076156e-5	2.7017707190414575e-5	1.463556847328823e-5	1.1447946757225935e-5	1.1551800098083542e-6	-2.318197283440737e-5	-2.6633946513098666e-5	-1.45592296356932e-5	-2.8391773795270053e-5	-2.2036100754459914e-5	6.536276511356909e-6	3.526791716741001e-5	2.6372153592857384e-5	1.64155900244517e-5	3.5107540789433567e-6	5.876156874452809e-6	8.086973527898084e-6	-2.6367063914178868e-5	-1.0256771994232583e-5	2.9459470670192833e-5	3.509975361574991e-5	-0.0001226349492875617	-0.0002864110151303001	-0.00037897812589938323	-0.000409620029085192	-0.0002466929265032558	-0.00038188097215702266	-3.884575690629721e-5	-0.00011636421080180037	-0.0002359978510356464	-0.000323573763486365	0.00012048767192296417	0.00019721217671062052	-8.094523749196947e-6	-0.00021457233602764636	-0.0002290334005349698	-0.00029986292767424094	-0.0004918586911459993	-0.0006058089873934441	-0.0006422020948880502	-0.0005750303306434335	-0.0005199930117570639	-0.00041887772287210745	-0.00031022307487617307	-0.00017902316434836862	-0.00010615385957410406	-3.712782490304656e-5	-3.7101248505713724e-5	1.772096141702817e-6	-0.00011731713300475177	-0.0002188520274292588	-0.0002566352748801376	-0.0002807935177776	-0.000525545119142018	-0.000965554036247776	-0.0006078577448245109	-0.0007949004917837121	-0.0007603134846972254	-0.0004142948119983947	-0.0007010337163201874	-0.0010886566142922355	-0.0013795018575808032	-0.0010956814587570474	-0.0006337688869800101	-0.0008682843211788027	-0.0007364510778550687	-0.0011218190651592075	-0.0013029192304052362	-0.001152369829768296	-0.0006579079080571565	-0.0003398640435921252	-0.00033314649411538	-0.0004563463376714566	-0.0005164106752896663	-0.00046931131702197815	-0.00047903378095834337	-0.0003693868386080851	-0.00031616664646592907	-0.0003926161958479196	-0.0004639116989862968	-0.0005328907137606975	-0.0006088804688306887	-0.0006995215429041884	-0.0007766214648371322	-0.0008395477232251564	-0.0008805079935569199	-0.000797170337119707	-0.0008410611084539235	-0.000932168602073638	-0.0008103167598721983	-0.0008084807201968677	-0.000878494760226875	-0.0007536173369376842	-0.000806453567120391	-0.0008445124362191705	-0.0007613423829095148	-0.0008054046400076884	-0.0007291160733979493	-0.0006713241889472199	-0.0006748438485543878	-0.0006405418806042923	-0.000589780475108645	-0.0005805529416577637
-7.028010308050489e-6	2.7969646997777486e-6	-4.7652673636471715e-6	-4.931616150605916e-6	-1.4841735452393243e-5	-1.7400043509979354e-5	-6.6233416591999356e-6	-6.998516918982692e-6	3.2282842306503856e-6	1.487376790742373e-6	1.640230803284272e-5	-9.027876319775419e-6	1.1328236010918827e-5	3.757407953568562e-5	2.1757695363271157e-5	5.078403675232504e-5	2.6599223203801342e-5	4.38084213545166e-5	3.178404094821355e-5	3.645709472158143e-5	3.361587603330912e-5	2.759583040594718e-5	4.0009325442524196e-5	3.6069268502959134e-5	3.122216054489771e-5	2.064632048225795e-5	2.861412831938609e-5	1.1578720079084837e-5	2.817643199922587e-6	-1.5679181748513155e-5	-1.7725983766751774e-5	-2.0450866152453562e-5	-6.312927990689138e-6	-3.058536963192887e-5	-8.947997182616463e-6	7.55468902496545e-6	2.081584931550376e-5	1.9778183322875786e-5	1.5291929723361408e-5	5.108410276819658e-6	5.687558605506349e-6	5.133989262363914e-6	-2.3161701289547976e-5	-5.263657511158509e-6	2.4980660335433003e-5	2.0982214013129385e-5	-0.00013299059314735018	-0.000283183840960044	-0.0003619492620118153	-0.0003976577277100407	-0.00026796971239195777	-0.00037009504228607826	-5.7507152251973226e-5	-0.0001908417824811326	-0.00031934926599842817	-0.00036934672768135224	1.1774362517966153e-5	2.130784567885846e-5	-0.0001098177295627556	-0.0003512782935626707	-0.0003963194130512937	-0.0004060967315460545	-0.00042567900875208065	-0.0006492623888607746	-0.0006412972188875321	-0.0005757664167486964	-0.0005009644788844109	-0.0004024222259677718	-0.00027789243540847497	-0.0001722744026426415	-0.00017457363983217067	-0.00015906393281521491	0.0001743142405592757	-0.00015439951747686642	-9.84741769464309e-5	-0.0003851826253786772	-0.000606291295597236	-0.00047221307137960966	-0.0008174263735512277	-0.0010459744205753435	-0.0006306792755140372	-2.672908487426351e-5	-0.0002808615479944765	-0.0016001452188014326	-0.0006725170687265497	-0.0011715444708099154	-0.001493937403472534	-0.0017152779173152527	-0.0011356986995801621	-0.0005839064121538479	-0.0008674276485900329	-0.0010474912231009381	-0.0012122693363470632	-0.0013610062454209176	-0.0009936497865833949	-0.0005732200129057036	-0.00039683026461199977	-0.00045089260667166564	-0.0004492213482708979	-0.0004696637165551437	-0.00037189802344454737	-0.0004285261546652097	-0.0003194362239999915	-0.0003578939466834796	-0.00039854687367175956	-0.0004482162928570038	-0.0005569454676092322	-0.0006305667142950111	-0.0007114497665040159	-0.0007795675984086092	-0.0008227165239219417	-0.0008380190515046987	-0.0009131473985160912	-0.000842345137001474	-0.0008607179551338093	-0.0008660441127260332	-0.0008080529252446275	-0.0008071673296113427	-0.0007130376187495374	-0.0007731061161262223	-0.0007723001192554146	-0.0007477306286076887	-0.0007284974839084218	-0.0007100963105282493	-0.0006470852840102098	-0.0006515665033337767	-0.000629560895819628	-0.0006177791013126099
5.299772014473458e-6	3.482432685318962e-6	-3.4341281717181066e-6	1.1986127964724175e-6	3.0854704099851638e-6	1.3854004748958815e-6	1.174096903684349e-5	1.3484046859765439e-5	-1.5899484582648088e-5	-3.6951731008805916e-6	9.083630332293313e-6	1.6837941902315273e-5	-1.4065491013657422e-5	1.900653411241772e-5	1.564939941956639e-5	2.6859618045341205e-5	4.0519335824974745e-5	3.9806486340672464e-5	2.2599014619286567e-5	6.316927932343078e-5	4.9122993758636546e-5	5.677939764409459e-5	5.1656940281297886e-5	4.302073535735959e-5	2.989534103126426e-5	1.7250571468247627e-5	2.530257248297904e-5	1.2924334887899624e-5	1.3470250956326701e-5	-1.0440832714456866e-5	-1.4190316402398068e-5	-2.3024107468662403e-5	-1.1426305268711495e-5	-3.45322696761359e-5	-1.4896730279444909e-5	3.410349910457078e-5	3.893522819691658e-5	1.0629757274047136e-5	5.834672643038191e-6	1.3355986780948237e-6	4.46267095543032e-6	-3.7157412563493253e-6	-1.2154197407635708e-5	2.357884775015112e-6	2.1209082667200674e-5	1.1892751594719947e-5	-0.00013183130130080267	-0.0002698135063896462	-0.00033872348177178824	-0.000365684468817129	-0.0002719338198630544	-0.00036817569782840454	-0.0001333911822144762	-0.00032397396462595374	-0.00038112627138466026	-0.0003094734436163288	-8.278679304585257e-5	-1.2806856269920175e-5	-0.00023931235790773664	-0.0003674664680614753	-0.0004202777457648632	-0.0001606049486110872	-0.0004771306303611583	-0.0006422334589053363	-0.0006217465845555908	-0.0005626105425721867	-0.0004790953827236988	-0.0003795866819651661	-0.00025984332632615625	-0.00015931637519644992	-0.00016107146519339643	-0.00010171966741134852	-8.162749360988986e-5	-0.0013646321928365013	0.000288011413980202	-0.0004015896454354767	-0.0010283306777717632	-0.00033254664451830285	-0.0005751471297919114	-0.00114536762062592	-0.0004692426013724882	-0.0005268479999053638	-0.0008395494299762163	-0.000614297696694896	-0.001738559230607395	-0.001316718396858832	-0.0009305265509951949	-0.0016932926861883135	-0.0013957475375123152	-0.0009810186755825068	-0.0006160259008632096	-0.001008477021292517	-0.0011480191088129171	-0.0012816166441911164	-0.00108436742419539	-0.0007209189172279612	-0.0005049604601646551	-0.0004732187319951564	-0.0004900456050064422	-0.0003949720576643112	-0.00035609351773692455	-0.00030878492471297925	-0.00034972721333487167	-0.0003500350948763137	-0.0004292067287518797	-0.0004426630889099725	-0.00047403828518782776	-0.0005838087782303325	-0.0006928611920309358	-0.0007990854573088763	-0.0008020937715012486	-0.0008132438364220895	-0.0007955598857641022	-0.0008955763352051435	-0.0008615865553559393	-0.0008857928478168617	-0.0008128103605757261	-0.00075972877750137	-0.0007662284158939728	-0.00075632793821237	-0.0008191521566960902	-0.0007291183630160972	-0.0007612372340554813	-0.0007117540282196647	-0.0007349072802132622	-0.0006807269728372617	-0.0006446149806429644	-0.0006371242761886789
1.2382856160808933e-5	6.22624293702273e-7	-4.487713152478978e-6	-4.566248637885573e-6	-1.1262162833173758e-5	-5.984283272912616e-6	2.188334756458854e-5	2.8813088064549505e-5	1.9410288318050944e-5	7.411539887673332e-6	-1.1047461719298352e-5	3.8531810392112426e-6	2.7829169795424297e-5	1.1115089968219416e-5	3.137796074944958e-5	3.2442951808115544e-5	4.011453680081295e-5	4.953702725796205e-5	6.392946377354117e-5	4.322684560558593e-5	1.9261329727363052e-5	2.1184073917789037e-5	1.755822402619081e-5	2.1200325186782748e-5	2.3257109346003224e-5	2.7522469980140185e-5	7.803655670875903e-6	2.2683590032365752e-5	1.3267625496513058e-5	3.147272156431291e-6	-1.5115800700970378e-5	-2.2969665340773215e-5	-1.608101038398299e-5	-3.604721040975992e-5	-5.449006426194031e-6	2.5977936490319264e-5	3.7728408721834916e-5	2.7012148377456024e-5	3.2503565268980628e-6	-3.1509713458235944e-6	-8.569244489345373e-7	-1.065541985157889e-5	-3.614878904024954e-6	6.6275631358837794e-6	1.6765875309170813e-5	4.357492014786524e-6	-0.0001285383059755965	-0.00025656864187460077	-0.0003256726697131382	-0.0003556099496902082	-0.0002808309125610503	-0.0003593805062568345	-3.859176216439164e-5	-0.00034498117969065933	-0.00044725061458181226	-0.0002806784960701636	-6.732094699410385e-5	-0.00013012839959226918	-0.00038572756056939883	-0.000485950252260281	-0.000535210722529128	-0.0001691228567780867	-0.0004947333577965535	-0.0006346256476059964	-0.0006024894506906353	-0.0005424860398135084	-0.00045598759403769895	-0.00035881155251854535	-0.0002510062307743005	-0.00016651732596961732	-0.000157237925587847	-6.927617420687815e-5	2.4094819455616756e-5	-0.001008847268961846	-0.00043888321557723764	3.839605521548106e-5	-0.0006627285927072318	-0.0009394910442054455	-0.0005557784909376862	-0.000585879067482864	-0.0008957829259175626	-0.0009709573908778246	-0.0008594117021764464	-0.0010896223201061622	-0.0016871892888868645	-0.001582396618685783	-0.001889935893764974	-0.0017077365773669057	-0.0016566823976028877	-0.0015963486578625397	-0.0009665606594180115	-0.0010947860575993146	-0.0009934075059954417	-0.001237106748638861	-0.0012789018795800883	-0.000980158816523552	-0.0005180424403252587	-0.0004573594634526418	-0.0005323832078310553	-0.0004668160461050036	-0.0004041918731136074	-0.00045416402843362347	-0.0003694964158858921	-0.00035354146585113433	-0.0003988037836164665	-0.00043086559602285857	-0.00047970001907336746	-0.0005534807242515635	-0.0006306118514745954	-0.0007518995929350902	-0.000797451640203832	-0.000863004650706288	-0.0008268959740022341	-0.0008334961713873934	-0.0008752903264382453	-0.0008370110631070876	-0.000823806617432192	-0.0008054905620540759	-0.0008010269841093182	-0.0008088545313134771	-0.0007321915589022371	-0.0007493955846496481	-0.0007667158594213547	-0.0007713275272398096	-0.0007366832059738787	-0.0007008523905541533	-0.0006615264619728653	-0.0006412595052402228
-1.0460807838442304e-6	-4.630490760791639e-6	-2.8592535511549194e-6	1.3414091614826623e-5	3.958906119594374e-6	6.84249854584866e-6	9.094801599112898e-6	2.593519989697521e-6	1.545290813169918e-5	1.686502389022619e-5	2.536910704295861e-5	1.84360935805844e-6	1.7519435338217426e-6	3.615698609656451e-5	1.4293435196283816e-5	2.660236148119971e-5	3.118306237141419e-5	4.1278119865349044e-5	1.1860937850372705e-5	6.141085014642333e-5	5.016850021348496e-5	4.9225236950847795e-5	3.635005469369845e-5	3.123459775327894e-5	5.0775189012076255e-5	4.189712308642554e-5	7.112159060469747e-6	1.763703516999976e-5	1.0497559364743697e-5	1.592235783325069e-5	-9.800677413726588e-6	-3.1094241005787115e-5	-1.882943752090291e-5	-1.745485434792235e-5	-9.327377954206073e-6	3.3231497414965006e-5	5.5504355939931665e-5	2.1335574149419778e-5	1.2273087114742648e-5	-3.846906734134015e-6	-6.036473024998573e-6	-1.1935575466338888e-5	-3.26361713261919e-7	8.779103691843732e-6	1.4612060313893421e-5	5.015351794892403e-6	-0.00011309870726582127	-0.00023979926041823446	-0.0003014357113527086	-0.00034479679137874863	-0.0002879965957554298	-0.00034715962743403495	-0.00014478117619717845	-0.0003454317324801809	-0.0004022218933787125	-0.00029257612673729005	-0.00015362757572155716	-0.00020446312286488688	-0.00045786854559540235	-0.0004280572597770149	-0.0002811625624161984	-0.0001813827636264892	-0.0005077329418446547	-0.0006300672756968939	-0.0005927102695365422	-0.0005151872750023406	-0.0004422572989250251	-0.0003446104159410962	-0.0002275645804607207	-0.00016025254777687903	-0.00014855130146818052	-4.987156759610201e-5	1.7722402104874968e-5	2.4455919928056957e-5	-0.0012173527854167365	-0.0001189161653262355	-0.0006059539354660859	-0.0010499196249815629	-0.0006379781230213266	-0.0004163888320512371	-0.0008838968143564177	-0.0009438698067489731	-0.0009771242877321118	-0.0010578248058317613	-0.0011013057345417299	-0.002805820392215788	-0.0022114163378099405	-0.0019577677998726395	-0.0024361672334386603	-0.0021014165960727554	-0.0011798912092578911	-0.0012919609910979485	-0.0011829492901731242	-0.0010756884174633469	-0.0012994186518889422	-0.0012934107738830913	-0.0007723106256081469	-0.0005881930042854477	-0.00047442208863691937	-0.000521286847672206	-0.00038260381473274874	-0.0004154409351253552	-0.00037036023900482995	-0.00038102987908947283	-0.0003215556176362766	-0.0004182568310792667	-0.0004293750549338657	-0.0005179549105154696	-0.0006488536092967567	-0.0007727748673174578	-0.0008365838409388551	-0.0008614647810205323	-0.0009302325009461279	-0.0008316827848154143	-0.0008727099894524984	-0.0009432324098212	-0.0008724887976810022	-0.0008353443428513532	-0.0008090486230179911	-0.0008916678065394937	-0.0008016046234996313	-0.0007900662151415216	-0.0007754272228661929	-0.0007289468925393908	-0.0006925483173048086	-0.0007624017804878577	-0.0006792516162165349	-0.0006633072484286615
-1.31359325272664e-5	2.9079943721045318e-5	1.1277385356936107e-5	-1.9034810077971087e-6	-7.757098945387203e-6	-1.0485641678938465e-5	-2.579146862443163e-5	2.7310206694849612e-5	-2.317941986355182e-5	-1.4615657127495588e-5	-2.655627562471452e-6	1.031036912205359e-5	5.1311250468802014e-5	1.3534091029962156e-5	3.0087279781314258e-5	7.634502735944307e-5	3.6568974411121946e-5	8.619692129117548e-5	4.9627202954732885e-5	-9.982665193607188e-7	7.638543416494878e-5	7.368705141506601e-5	5.397924289626474e-5	4.387821957987578e-5	6.564858661024797e-5	5.80842789772891e-5	1.8318364457692998e-5	3.059355248519538e-5	7.326100446777839e-7	1.548419221618011e-5	-2.678456631835524e-6	-2.3194508596766084e-5	-3.925900631061158e-5	-2.0046614975649524e-5	-9.196071096458092e-6	8.069376167697123e-6	3.587868782455039e-5	2.957963794692972e-5	2.3230059586001883e-5	-5.662832236550536e-6	-1.2920700533797236e-5	-1.508551410959319e-5	1.587954648416684e-6	1.0631606055591658e-5	6.609055587959017e-6	-9.70326087274681e-7	-9.6073191394562e-5	-0.00021382597049316582	-0.0002762081622448287	-0.0003316524302366883	-0.00031907838871081395	-0.00038639969110638994	-0.0001701579829729155	-0.0003593351948459611	-0.0003921783091418579	-0.0003132047327655124	-0.00021466429415278876	-0.00028088923331379134	-0.0004734928766344376	-0.00048804527129700515	-0.0002833752460115746	-0.00017595157145514073	-0.0004984814431889528	-0.0006090683721260426	-0.0005681740555471548	-0.0005000932430752197	-0.00041420844618805797	-0.000319396951161538	-0.00021656368560420136	-0.00015023752250944988	-0.0001336844888261135	-4.445070114940386e-5	2.6799586855252855e-5	8.022809727756958e-5	-0.000652694760001557	-0.0004825599160714067	-0.0003749656535788348	-0.0009596192245778928	-0.0009596570779788621	-0.0006036462279470842	-0.0009414071055905207	-0.0010841557310107067	-0.0008739308630066611	-0.0011357661582056533	-0.0013774616766226017	-0.002207491527463426	-0.0021671010771474875	-0.0023196732221696104	-0.002539116880509798	-0.002629818141898499	-0.002199780068604801	-0.0016793874023628835	-0.0015725470773643446	-0.001202761627707577	-0.001309865506208055	-0.0015093831592580265	-0.0009617184054330763	-0.0006838375178619405	-0.000689926602827351	-0.00046604970316971306	-0.000557063998879101	-0.00043575966966746815	-0.0004058827900513262	-0.00035921785706584386	-0.00037311466763445544	-0.000392957092429716	-0.00042447907439447513	-0.0005248475787008114	-0.0006560570266298665	-0.0007852472493855706	-0.0008679668759984174	-0.0009081355239201963	-0.0009393874746002964	-0.0009688000291319804	-0.0009825980413439434	-0.0009137182729185289	-0.0009159854442867058	-0.0009627408994799733	-0.0008082081284603582	-0.0007882377164175614	-0.0007883023212060941	-0.0008027079489384553	-0.0007357093559584929	-0.0007690782783840652	-0.0007610492144252343	-0.0007893218790166676	-0.0006959478847162401	-0.0007239865716483773
3.5423699645256365e-5	1.1307143399754208e-5	-5.718772731842098e-6	-1.5059095301046127e-5	2.822335618793588e-5	2.952341466460652e-5	2.5551128406001503e-5	2.3018297310535216e-5	1.2098585561127681e-5	-3.1330149520732153e-7	1.1773644965863347e-5	1.6247890484216362e-5	3.279845614393741e-5	4.508495302351506e-5	7.609990873677815e-5	3.4825992187726557e-5	9.008063186436571e-5	1.477417510163323e-5	9.277737714370737e-5	2.3015884825176164e-5	2.1904722556208983e-5	6.46938354666518e-5	6.0268381919196395e-5	6.887184968379714e-5	6.476873860373003e-5	6.308426914528042e-5	2.93836635795533e-5	1.964811240139433e-5	3.6030643475303686e-5	1.1053428246483865e-5	-2.72781086997978e-6	-5.019257091117696e-6	-1.7443399535129606e-5	-1.0384819631829856e-6	1.1781575335548938e-5	3.83511663181943e-6	2.602669696514376e-5	3.485477135861323e-5	3.896221908473996e-5	-5.290088462769904e-6	-1.9588255063124338e-5	-1.7641599715356032e-5	3.162869705725102e-6	1.1113207576407547e-5	3.1888813963563967e-6	1.896128111293638e-7	-8.389133013481445e-5	-0.00020129878536626067	-0.0002703209964899367	-0.0003280091075055086	-0.0003536715782433489	-0.00042119770388496236	-0.00020431716735158645	-0.00038478688941731565	-0.00037478431144134794	-0.00027685403427256394	-0.00022702019019001096	-0.00032295123172931817	-0.000473724887659413	-0.0004494591625964217	-0.00028754213008026774	-0.00018731758180158542	-0.0004989991969975294	-0.0006001797362049921	-0.0005523218772531674	-0.00048652159536331785	-0.0003993485954249809	-0.0003069599179873761	-0.00020990805079355856	-0.0001365825200334847	-0.0001281004204621572	-4.157197828168202e-5	1.7468215459184866e-6	1.8700754703462885e-5	-0.00011494741085620735	-0.0014889763814279755	-0.0005399522610711333	-0.0009934110602270035	-0.0012524248866729176	-0.0006728287881268419	-0.0009202529631336873	-0.0012456842366425844	-0.0010541396547976076	-0.0011705647616575693	-0.0011288037956615204	-0.0017593370282755622	-0.0021126505325968353	-0.0020720746706989757	-0.0016758516338966772	-0.002321832703097021	-0.0027418834802443726	-0.0016658011764685704	-0.002293098707011748	-0.0010691810269167906	-0.0012287054863141522	-0.001434777823893646	-0.0010394094092369688	-0.0007431153268688123	-0.0006766362420449618	-0.0006943084772479541	-0.0005745771991874649	-0.0004255356509871855	-0.0002910886481941738	-0.0003808478326542547	-0.0003713839704516664	-0.00035834173866058916	-0.0004539917655135492	-0.0005032298220708845	-0.0006520975364505618	-0.0007736752885480896	-0.000882265250765589	-0.0008978824892792725	-0.000984738085887428	-0.0010121586417307163	-0.0010032522102573077	-0.0008846274213375818	-0.0010278146707213068	-0.0009798605862245888	-0.0008693558133576404	-0.000865119184406335	-0.0008421541414531039	-0.0008470604950967797	-0.0008113735620873808	-0.0007398682966199693	-0.0007803673756452342	-0.0007355348898311839	-0.0007640347409647655	-0.0007342333372154994
-1.2732205209847053e-5	2.8105086861312037e-5	7.575467109079831e-6	-1.581718667175748e-5	3.163081214595416e-5	2.6951002356483816e-5	1.989091365033578e-5	1.5566468171976724e-5	7.951369705889999e-6	1.2115073619875863e-5	1.5178857546956429e-5	2.300718318117012e-5	-5.2007468156253095e-6	4.588309766850873e-6	5.4678398771603257e-5	9.739597155037152e-5	-6.110387857586469e-6	6.231284910805657e-5	9.702863604807779e-5	4.958183538218697e-5	3.801810369340533e-5	8.121343831810068e-5	6.738513555742259e-5	7.246294672158884e-5	5.547663950401446e-5	4.588730898079721e-5	4.024193131502152e-5	7.65179851988998e-6	1.5342994073592325e-5	3.532029101702486e-5	8.027844502437459e-6	-2.447934395336318e-5	-5.130560201942885e-6	-7.834349813849728e-6	1.780553428223225e-5	-4.268417216901632e-8	2.3873760715727166e-5	8.284367256864572e-5	6.264438555565743e-5	-1.9227296621168732e-6	-2.1520923714976603e-5	-1.9854997854173995e-5	-1.1978669466929104e-6	8.668650487101554e-6	3.836214711779723e-6	-3.9408589239120495e-6	-7.534909198317341e-5	-0.00019614037900361064	-0.00026334576023762796	-0.0003143983649811499	-0.00035243707952048453	-0.00043453967073919797	-0.00024028993551861166	-0.0003911272505961044	-0.0003832962135619927	-0.0003392912099279416	-0.00018831746904056368	-0.0002949306608397012	-0.0004961468850778888	-0.0004225557774777816	-0.0002823078936418921	-0.00018709414031058136	-0.0004913636674191285	-0.0005902747450981655	-0.0005406977183694539	-0.0004623293579572585	-0.00038848113766663805	-0.0002957843980595093	-0.00019002216033320307	-0.00013551132850390946	-0.00012248820881188838	-3.126893514081297e-5	1.5629314249060444e-5	1.1473614159457357e-5	-3.399736124131553e-5	-0.0024146638137340776	-0.0005382869234984294	-0.0007550949845860216	-0.0013627778246150246	-0.0009753752945292418	-0.0008380233318264554	-0.0009459178344035576	-0.00125547683382278	-0.0012558191786818385	-0.001064361544863765	-0.0017848693727434	-0.0019792583320996787	-0.0015740795344682673	-0.001526258189494048	-0.002536576473822702	-0.0020247924300761944	-0.0023109078773828062	-0.0016255187608275878	-0.0011364429135154314	-0.0010127583765107834	-0.0013561235923283121	-0.0010380136784837735	-0.0008608477897534272	-0.0008662134991493237	-0.0008207733028387648	-0.0007477454970310216	-0.0004691486602415723	-0.0004214033043955373	-0.00043907809224412453	-0.0003639413009241116	-0.00038395340856353655	-0.0005316868301966787	-0.00046285340208999937	-0.0005877121776439245	-0.0008328077481106755	-0.0008611326269029537	-0.0009325802012138257	-0.0010218355932451254	-0.001101174507047581	-0.0010535941243798932	-0.001137288823771336	-0.0010579976276580555	-0.0008734789055248049	-0.0008922486917058506	-0.0008627268570761751	-0.000815218443748697	-0.0008200099054639365	-0.0007898461103911236	-0.0008495407297559252	-0.0007971168850852417	-0.0008181088245002785	-0.0007905806787217654	-0.0008282575090189093
3.829375374740304e-5	9.453182241983202e-6	-1.6076374579438932e-5	3.0589951416099687e-5	1.8790679814006603e-5	3.0782861882346774e-6	-1.2291914746253782e-5	4.714904169671706e-5	3.501818309609682e-5	8.865257134079915e-6	6.477928219880691e-6	-4.460419284358502e-6	1.697224842221387e-5	1.755333980382398e-5	5.1504387560408205e-5	6.282740240603005e-5	9.81470101588458e-5	1.9248961365819772e-5	7.867971454477568e-5	1.3690131873186212e-5	5.7024226486623864e-5	2.8131393753089845e-5	7.277159246293213e-5	6.684020361930748e-5	6.875464970577602e-5	4.434793672699819e-5	3.266292564110124e-5	3.387958219091408e-5	2.416960761305459e-5	8.005408076890153e-6	2.6311536066234154e-5	-1.9658754333608253e-6	-3.2443088092328626e-5	-7.805726009134373e-7	5.002547692496001e-6	-1.3261014194295567e-5	1.9408336699930362e-5	6.604111485106201e-5	6.874196519087925e-5	1.7134688416395316e-5	-2.0080750918419904e-5	-2.478972073189506e-5	-7.308693147217715e-6	7.237497927359282e-6	3.788748449088525e-6	-5.291188927974977e-6	-6.723551804286437e-5	-0.00018000745208648916	-0.000251522082133325	-0.00031356327267768186	-0.0003551114797183119	-0.0004419708533615757	-0.00026889114220808585	-0.00040695102409421535	-0.00038788987603496916	-0.0003035852882016937	-0.00023067278144030257	-0.0002511215567088665	-0.0005892312332500538	-0.0003899556103373336	-0.0002797504534881451	-0.00020158594650314388	-0.00047177231197147174	-0.0005644800204519795	-0.0005077306309761442	-0.0004328986845641286	-0.0003606085738176723	-0.0002744902081238537	-0.00017515615216914804	-0.00011268491370043654	-0.00010250030360071938	-1.3524479496387909e-5	4.349446226358661e-5	4.346631236364085e-6	7.04105288613574e-5	-0.0023093721425188757	8.883863046246776e-5	-0.0004836844061124196	-0.001782093127363979	-0.0011510615502202323	-0.0009701331804947214	-0.0009304581784956925	-0.0015548519028286273	-0.0007466478283086123	-0.0011459189667040875	-0.001856153684313272	-0.0018030815384598858	-0.0015004048797666314	-0.0023853275327168078	-0.0021399695977926403	-0.002279231852732322	-0.0028205240875083665	-0.0016672206933163874	-0.0015490018148364704	-0.0008124722507187737	-0.0011448422620064652	-0.0012160417920022148	-0.0009274732850218098	-0.001033277935869742	-0.0007390427083243251	-0.0006465553735847743	-0.0005397978515998131	-0.0005212932917362384	-0.00044538412541372807	-0.0004342829611550525	-0.00042450880874747576	-0.0004714910617964127	-0.0005182108163805446	-0.0006026211555590008	-0.0007627308507007768	-0.0008775689700748698	-0.0009767690690564573	-0.0010084052866820778	-0.001098195757422149	-0.0010947997005489318	-0.0010537737544537296	-0.0010337857148014912	-0.0010109170772622939	-0.0008379263075498217	-0.0008947015946040096	-0.0008041366512554979	-0.000807208300635659	-0.0007899886377655749	-0.0007665960180015807	-0.000798993001209676	-0.0008759614240558267	-0.0007789716749244391	-0.0008432337528967507
1.9280538510147924e-5	5.701551345849501e-6	2.1159165348658138e-5	4.859533158903598e-6	1.4597080055106515e-5	4.106060500289055e-5	2.8197300234750894e-5	1.6701199451185644e-5	-3.6077176944655787e-6	-1.2687016611974758e-5	3.388664785515701e-5	4.032536812608421e-5	3.1894088010821914e-5	1.7050826787816387e-5	3.6124882192610855e-5	6.78312085048826e-5	0.00011165865232204072	2.5783237849429097e-5	4.319854223682265e-5	9.226945189887495e-5	3.858626319939301e-5	7.758821086696968e-5	7.209219744612472e-5	5.97800853957553e-5	2.3786796046320474e-5	7.412523231938722e-6	3.9331555265302576e-5	2.377814373351328e-5	6.527690389092344e-6	1.4474837940672142e-5	2.4194187343666573e-5	-6.203003117665612e-6	-2.074685909181362e-8	-1.744203994560531e-5	-1.3371807459049145e-5	-1.6775056550007855e-5	1.284781216961614e-5	6.882596012211528e-5	7.665220601261666e-5	3.644936782953856e-5	-1.5127843747651804e-5	-3.095138164863065e-5	-1.3383134390195645e-5	5.982813962128464e-6	3.6093948468061965e-6	-6.961015965034623e-6	-5.5252684101180644e-5	-0.0001684752861308078	-0.00024089592159156487	-0.000299265416267569	-0.00035153605634080654	-0.00045059937053316956	-0.00028185689698000116	-0.0003928349891473698	-0.0003921880658772081	-0.00035046225969025124	-0.0001832878594992121	-0.00025226279355347603	-0.00044582963731366887	-0.0003690067912689998	-0.00027706262414536886	-0.00019234693590490515	-0.0004475637568890356	-0.0005312754708820117	-0.00047838141651115884	-0.00041324943662358893	-0.0003325113359566728	-0.00024821500172085564	-0.0001636619899932773	-9.3719993354488e-5	-8.963327551968908e-5	-4.735725158376558e-6	5.4501971729140064e-5	5.5693737165476986e-5	5.818622493547476e-6	-0.0005085874724836126	-0.00010953993658316397	-0.0005723347287637029	-0.0017387345348229832	-0.0016618624442072197	-0.0009235496799828505	-0.0010265338026230891	-0.0012500505034308135	-0.0012570520167322352	-0.001504792586435981	-0.0020861491386355707	-0.0019797120908750243	-0.002556111195536198	-0.002771545322887911	-0.00232941313547258	-0.0020447719192764197	-0.003139448583695456	-0.00143979535737436	-0.001928699275592291	-0.00048244409053647963	-0.001112401716314021	-0.0011095058658708995	-0.0010535940941306526	-0.0008591118474173681	-0.0008434310505870887	-0.0005857805600176583	-0.0005083753796620086	-0.00037742810526236736	-0.00037082741846834744	-0.00035375608746588544	-0.0003461141138234522	-0.00045300675938306917	-0.0005239899568930395	-0.000557362964700818	-0.0007073549780850855	-0.0008212207361617957	-0.0008924385794164408	-0.0010447444746342419	-0.0010320934101934118	-0.001034855082052491	-0.0010405241684550634	-0.0010572311636173823	-0.0009793441011493945	-0.0008834302618870166	-0.0008504237220029534	-0.0007375487328081104	-0.0008287680956006044	-0.0008178628423376882	-0.000757167469131112	-0.0008001458257902647	-0.0008376090913529352	-0.0007938854292921863	-0.0007598604590593888
4.10858489157534e-6	2.0017890150396747e-5	-6.206535936234547e-7	-3.496177685465701e-7	1.888503280622275e-5	2.660045740534439e-6	2.85880346359655e-5	3.0268420040356625e-5	4.480746936680324e-5	2.5234147020200548e-5	2.7273658049879745e-5	2.166667816298415e-5	3.651655505212091e-5	4.324049199754508e-5	7.477087286995865e-5	2.9733552127592447e-5	4.8946823048671984e-5	3.30432012047438e-5	7.287184608994676e-5	-9.28035914175146e-7	5.476415902792159e-5	3.7442885706014117e-6	7.187115681241141e-5	3.032444082081906e-5	1.6336531194656445e-5	5.9264664193942745e-5	5.283487650208432e-5	3.512231271877303e-5	2.795618901305086e-5	1.0239743243860983e-5	3.5695229866523903e-6	8.997724657358597e-6	-5.265911079584129e-6	-2.403276308429042e-6	-1.7534286251685155e-5	-1.0027326950538817e-5	-9.798323665020231e-6	4.126653906826386e-5	8.105556417031812e-5	5.278470922073092e-5	8.31394469328478e-7	-3.2987504329680395e-5	-2.206042314968626e-5	2.605992570174631e-6	5.141584098582175e-6	-6.3706502638309626e-6	-4.4875316028251955e-5	-0.0001537674748815221	-0.00023290685406771733	-0.00028092065837165975	-0.00033748897708581194	-0.0004459050011824603	-0.0002853219379511662	-0.0003909709444215037	-0.0003950362678032532	-0.0002837438816891136	-0.00020563474404169946	-0.00021344393808832296	-0.0004259417714369551	-0.00037472159988664877	-0.00032011458761527223	-0.00019524775871603006	-0.00042092445045986693	-0.0005167413461102527	-0.0004595302545602753	-0.0003952589772409504	-0.00031555787995650453	-0.00023512524674647317	-0.00015329873481739753	-7.503146151263684e-5	-7.675576992570432e-5	-2.210231780583327e-6	5.109756324658821e-5	8.713911417521786e-5	8.523882619702883e-5	-0.0007821425451748354	-0.00041397394344964977	-0.0008090161358756745	-0.0018345201022347546	-0.0017664284956628307	-0.001112101958482617	-0.0011028671925358835	-0.0018541052643943415	-0.0017017457786894577	-0.0017217687884154079	-0.0022088661216952687	-0.002027707384161595	-0.001915422582696169	-0.0024438594899926086	-0.0024767708539479016	-0.002229671019430418	-0.002874976094430909	-0.0016066868013982216	-0.0019280963880607266	-0.0011823764827466332	-0.000977101117898005	-0.001201024211723925	-0.001230067656998561	-0.0009255085250698541	-0.000754276913931401	-0.0006375676090590934	-0.0005334928979703127	-0.000502507189396699	-0.0003473070305740761	-0.00043067040612996405	-0.0004605959798677575	-0.0005093809297973539	-0.0005361697467303264	-0.0006088661965017103	-0.0007097370443090445	-0.000749287829915693	-0.000881320357188145	-0.000869208723985708	-0.001017378436921415	-0.0010434829627974096	-0.0010240918582983885	-0.0010313626388471983	-0.0009912578993308968	-0.0008755826796024921	-0.0008749403583368717	-0.0007442948377848341	-0.0008248727981045867	-0.0007870166118199157	-0.0007922330637647954	-0.0007788426383860403	-0.0007473723466272161	-0.0007984528986332978	-0.0007702764328069642
1.4266023177231593e-5	1.1136142843374414e-5	-2.8467168943294152e-6	1.4366121682020394e-6	1.9077263071131875e-5	1.7262816312058407e-5	6.176885825742717e-6	6.3992562334205805e-6	-1.8470173307472137e-6	-1.2977820288686756e-5	1.7532369897240233e-5	1.6686010619005806e-5	8.088470214787091e-6	2.1346278016682804e-5	9.482107807268214e-6	2.87497923417198e-5	4.3596618313048244e-5	7.226054810397474e-5	5.276129484482403e-5	3.6373346337919416e-5	7.237955590780332e-5	2.72223785397277e-5	5.393702016054033e-5	3.818714539461504e-5	2.631411961159097e-5	3.758608718316611e-5	2.7865794686911943e-5	3.0174177663867124e-5	2.408330284330018e-5	2.4543048311991694e-5	7.83417672097289e-6	4.524618527068647e-7	-3.3333623947022495e-6	-1.9405070595095858e-5	-1.306729556374911e-5	-8.91587492854104e-6	1.1083871992965955e-6	2.221118173282091e-5	6.67409685460238e-5	0.00010474074645799858	1.8500816221893313e-5	-2.8274257338634784e-5	-3.264465672607464e-5	-2.3920074363088795e-6	4.367100973380611e-6	-6.905623425521035e-6	-3.5769682680229786e-5	-0.0001320311446436316	-0.00022611330841547372	-0.00027267487193952805	-0.0003280908966816348	-0.00045606290749108935	-0.0003750549603959846	-0.0004121513397497417	-0.00040680402969839324	-0.0003950756898279256	-0.00020238510802135512	-0.00023567973657726005	-0.0003887319372647413	-0.00033599294397071433	-0.000299024308569526	-0.00021148627077013926	-0.00038752709082077313	-0.0004901585942684861	-0.00043313464078396924	-0.0003672450514264486	-0.00029975426633042923	-0.00022099365545001637	-0.0001349740599235899	-6.000905631783904e-5	-6.644523527308405e-5	4.800923872859408e-6	-0.00010538283017492295	9.769925038254079e-5	0.0010758456415235068	-0.0033123947044445823	-0.0003620188565155863	-0.0010772835876398518	-0.0015419052965849611	-0.002049907672969399	-0.0009851398338582562	-0.0011447435989582477	-0.002124384301176001	-0.0016651251155902838	-0.001819503780173086	-0.002301707635469011	-0.0017525156261084807	-0.0014317496459248513	-0.002365090582797172	-0.00164869307550837	-0.0017911366866681794	-0.001772270941764395	-0.0015208631760649932	-0.0013016581118085319	-0.0011771508036991646	-0.0012005131269513317	-0.0010114459068465836	-0.0012431949252596913	-0.0009873686282642347	-0.0007472375196902747	-0.0005299722300551243	-0.00048247162992218207	-0.00041709153849895514	-0.00036798330420133307	-0.0005180995002592934	-0.0005069073552837339	-0.0005046418170492895	-0.0005650419904103948	-0.0005495249343458533	-0.0006614672055536494	-0.0006823147121089168	-0.0008321709922716469	-0.0008689286626383311	-0.0009586383154305822	-0.0009182432625680012	-0.0010512146463633604	-0.0009710752573149212	-0.0009496585504737906	-0.0008176476454452644	-0.0008392836134190826	-0.0007622457051398995	-0.0007919846941890213	-0.0008155722291090794	-0.0007182765556380116	-0.0007542776002313761	-0.0007888838765178138	-0.000785948223820318	-0.0007656721758356189
-4.419654068719622e-6	6.007542607908839e-6	4.5447888887602955e-6	-8.314101062343107e-6	4.6395560462063334e-6	2.1350832560274036e-5	1.7576570244832307e-5	1.2070114439183266e-5	4.571939750614221e-6	8.675024972459519e-6	9.77512260589078e-7	2.7928236980001575e-6	1.6360572347839247e-5	2.275948041683719e-5	3.9266907054472805e-5	6.108254890389506e-5	2.996840736723197e-5	4.130902220224504e-5	4.0273376810100875e-5	3.966631347386909e-5	2.3920852982878965e-5	4.4994629333147684e-5	3.140541353450349e-5	2.2882611658368163e-5	3.904155921078886e-5	1.786846560471178e-5	3.567139530806507e-6	9.44179885100857e-6	3.8124375076158123e-6	-2.600134192155823e-6	7.025549846745305e-7	-1.0026540253442462e-5	-1.3737362701375655e-5	-1.9197050904213447e-5	-1.3329948744204151e-5	-1.321455352911935e-5	-1.625671819383001e-5	-4.519235680122691e-6	2.279707667215622e-5	7.87914245024661e-5	5.640106562126643e-5	-1.4165524168160276e-5	-4.4604042952634676e-5	-1.2270227477302609e-5	3.2634561285965757e-6	-6.195065673560846e-6	-3.055918474000052e-5	-0.00010982453997870206	-0.0002113456051876586	-0.0002595498227149842	-0.0003186063783676765	-0.00044749350178088093	-0.0004153046530806781	-0.00032758710718019945	-0.00039267847957644153	-0.0002869468748983167	-0.00012807071440683326	-0.0001840460941201355	-0.00031744014339883664	-0.0004985643037736659	-0.0003718913564685483	-0.0002274288049552986	-0.00035438976059287697	-0.0004655980163047191	-0.0004153241972343	-0.0003503757095655452	-0.00027631621795330685	-0.00020040220936705377	-0.00012767453240469795	-5.658691614243705e-5	-5.040894275349511e-5	6.151722035420415e-6	2.1978649802911754e-5	8.734236641230742e-5	8.390982310022e-5	-0.0014413549362293082	0.00028948249288125727	-0.0015209602951008969	-0.0019346948673107031	-0.0014813707248720331	-0.0009248287659779572	-0.001026504316552386	-0.0022642007227458016	-0.0015700041769038317	-0.0018926842017480752	-0.0018318858535128213	-0.0015420149638515485	-0.0014803608707793237	-0.0020085393491638126	-0.0020034969588304113	-0.0014468119376165323	-0.0013065417990131695	-0.0012315985572965843	-0.000561674360233938	-0.000917938339380607	-0.0011980705676671588	-0.0011280218205908868	-0.0009642147471081164	-0.0008507208399104876	-0.0008119422171279714	-0.0006957449505840679	-0.00048676275737988967	-0.0004794586858612726	-0.0004060616529437053	-0.00039101568922832175	-0.0005077695133933954	-0.000511046389234382	-0.000514986640788237	-0.0005272311087061235	-0.0005748428149503562	-0.0006347990286637711	-0.000751092297732181	-0.0008086512323472739	-0.0009108891488307513	-0.0009955174980810083	-0.0009694480089571592	-0.0009094550919644395	-0.0009910982488262748	-0.000833149569516925	-0.000789907508543311	-0.0007517058378753508	-0.0008400455899469639	-0.0007339698589571911	-0.0007288020392260189	-0.0007778397488828262	-0.0008122563082205159	-0.0007520928469850058	-0.0007730398040445285
3.2194840868769725e-6	1.0710847871608573e-5	7.0506027773954705e-6	2.20216038330015e-6	-6.1773680517639845e-6	9.495260399347907e-6	2.8564602695983418e-5	2.698872169585448e-5	2.1754523231659953e-5	2.1397312144778163e-5	1.6986342942035965e-5	3.0916267240504655e-5	3.027533044684845e-5	4.4744893093430146e-5	-1.857555450603121e-8	2.4144447752965162e-5	4.1184844678512564e-5	5.1879535444086106e-5	3.4889797322947e-5	2.7247868783324136e-5	4.080364442594214e-5	2.7065599761399994e-5	2.3210957624236056e-5	3.59974711172141e-5	2.4392272381622282e-5	1.4420935745464852e-5	4.649364931681027e-6	3.702086488928391e-6	-7.965389957863278e-7	8.724281605303197e-7	1.1456661357447939e-7	-2.350409417876259e-6	-1.6713331673495757e-5	-2.3609873062678532e-5	-2.1058085071697097e-5	-2.4148161280931196e-5	-6.703075160902072e-6	-1.1886417468787852e-5	1.4322765521344871e-6	3.717425905947966e-5	6.028775189573926e-5	1.8022523902948284e-5	-4.379266139173735e-5	-2.2286796702835482e-5	2.284865547631798e-7	-3.783122144544737e-6	-2.6432792261422977e-5	-9.075428017597809e-5	-0.00019812798981739405	-0.0002592666037372002	-0.00031382660554447883	-0.0004343898962321652	-0.0004353009981552386	-0.00048404101950574874	-0.00044476176973111403	-0.0002996593305524403	-1.8612847808158195e-6	-0.00015453329805029115	-0.0003531169549472746	-0.0003607385304100347	-0.00038941569587003233	-0.0002649230633044314	-0.0003198608589365798	-0.00044816510561245665	-0.0003916312782967571	-0.00032976710793476693	-0.00026347799040194603	-0.0001926072790842115	-0.00012174811972378435	-5.416298464420988e-5	-4.432289377100801e-5	1.335368187554975e-5	0.00013775174479823543	0.00011255137642197932	-0.0004806960380958347	-3.181781596008071e-5	-0.00016996399643601223	-0.0004793326393356251	-0.0007947732729102555	-0.0010939201132388263	-0.0012608899673059032	-0.0023362573397123915	-0.0018144557500368239	-0.0014335401190765373	-0.0023210511114002755	-0.001931832683188181	-0.001731872278183319	-0.0011328383456993274	-0.001979946737595481	-0.0018669694588045738	-0.0011971469089482045	-0.0014035438276015222	-0.0010474886043190107	-0.000455307597397106	-0.0008088141964989956	-0.001088309717410356	-0.0007280801776364185	-0.0006860987275276315	-0.0008185972761188404	-0.0008025305439727376	-0.0006495163687491104	-0.0005891142619302708	-0.0004503108700813427	-0.00042447952260365324	-0.0004503440979505835	-0.0005032869737284229	-0.0005015254784818818	-0.000526225766629175	-0.0005249055418836759	-0.0005236687757688083	-0.0006185581797202994	-0.0007705350759572641	-0.0008083061288442078	-0.0009225492817593883	-0.0009282342213661268	-0.0008918469520833791	-0.0010460799504180204	-0.0009738673583921734	-0.0008996767524764929	-0.0008987865518029006	-0.0007317456637368283	-0.0007621467356961481	-0.0007657904328023379	-0.0007154705174670928	-0.000715313549495486	-0.0007703771255900688	-0.000745127297970688	-0.0008160398955962128
3.828193946738001e-6	-7.121785610244083e-6	1.356320391827752e-5	9.714801174880855e-6	3.8333729365704755e-6	1.6385594866618475e-6	-3.9035703922746245e-6	1.8668215844702685e-7	1.976646819314143e-6	-3.362216348433769e-6	-4.84923088012526e-6	5.990269559682723e-6	-5.607783768596386e-6	5.086347765496588e-6	2.6921164841646472e-5	4.567787708948008e-5	1.2840968197612435e-5	3.772377110125222e-5	3.2513682989444154e-5	4.3018905468037924e-5	3.8109130543091674e-5	4.1031067703634766e-5	2.7502125576894798e-5	2.2903139074940265e-5	2.675789125862471e-5	1.8986530663650525e-5	9.703247699690415e-6	9.830682004118713e-6	-2.380977468137424e-6	3.406886860297942e-7	-1.5058189612761341e-6	-3.1430897923408196e-6	-1.7651300180613477e-5	-2.1848119559179924e-5	-2.7021187370968036e-5	-2.479728412625032e-5	-1.557110294652872e-5	-8.042282714348231e-6	1.075754914835192e-5	5.714656233033605e-6	5.037105742277184e-5	6.273270894722668e-5	-1.1250650747401253e-5	-3.764907916675719e-5	-7.358514080187117e-6	-4.190630373095139e-6	-2.431818516088896e-5	-7.563591815579543e-5	-0.0001782065448983558	-0.0002523800046987795	-0.00030451863155655373	-0.0004147896364489062	-0.00045677227538537535	-0.0004813223923160609	-0.00044950849292790807	-0.00032436390552670336	-0.0002954632983588612	-0.0005010930372896516	-0.0004682926769885437	-0.0004102041959146846	-0.0003305254466390989	-0.00023334355801762907	-0.0001902384176837718	-0.00042473147210658063	-0.0003888603935381374	-0.0003206775883246929	-0.0002561209504030326	-0.00017757985837016377	-0.00013641748950084243	-5.708694313707324e-5	-1.8169515913525613e-5	-2.6849041111047522e-5	4.4761606530704934e-5	-2.3505756477533446e-5	-0.000141267493579747	2.9911791576617275e-5	-0.00024392448391002963	-0.000354957173679879	-0.00027924370725896513	-0.0003038390566706059	-0.00033692199106604565	-0.001018758147178049	-0.0016610045403984627	-0.0014608568457566765	-0.002262175949167833	-0.0021252942025620086	-0.00186790446716871	-0.0017617983291869088	-0.002271050025337909	-0.0020788553196579573	-0.0011290883939613083	-0.0014655818854521219	-0.0008524013352800841	-0.00019874044662575308	-0.0007537413730272433	-0.0011019001060989103	-0.0005953967183646922	-0.000767681164297318	-0.0008297168011244666	-0.0008536125170426068	-0.000674500594700228	-0.00058553278219943	-0.0005150038382946767	-0.00040673271077106693	-0.00041784484823993023	-0.000428397894198726	-0.0005078008200563866	-0.0005649789340794048	-0.0005516826027040719	-0.0005616430649550697	-0.000602839536644785	-0.000685225501773773	-0.0008267421979218231	-0.0008486195678461539	-0.0008799260847952919	-0.0009285548585461281	-0.0008594817391431239	-0.0008081438275736944	-0.0008052941886460899	-0.0007492090851792671	-0.000748093693437625	-0.0007027680965377564	-0.0007641992703791636	-0.0006908176432155258	-0.0007708641691552692	-0.0007979795420363228	-0.000776562098479816	-0.0007946492993791618
2.701465001133871e-6	-6.2337148518196855e-6	-2.6443623224285673e-7	1.570656197333667e-5	1.1391314730683708e-5	9.9888388305127e-6	4.7294619934766524e-7	-3.2474039733318416e-7	-2.0701184364792236e-6	9.909401587054195e-7	2.413261837542688e-6	1.6459864612787534e-6	5.755225668865188e-6	2.410335768325035e-5	2.617949224916448e-5	4.361016295263351e-6	3.153284981760075e-5	2.8082348512564748e-5	2.6628120796670304e-5	2.8998277385025237e-5	3.868737044588309e-5	2.537836954474848e-5	1.8152795564461977e-5	4.2082317014760506e-5	2.617066773794724e-5	1.8510766975222276e-5	1.570298394353714e-5	6.041732272896866e-6	3.1961727101764703e-7	-8.069662722331311e-6	-8.127666833827873e-7	-7.604346731297784e-6	-9.582896162794313e-6	-2.4900071587952155e-5	-2.449085248837357e-5	-2.3250589279398548e-5	-1.526153124232002e-5	-6.048589689007511e-6	-9.278992233862499e-6	1.0362473520323517e-5	1.796588800038329e-5	4.801056991202146e-5	4.972386863149811e-5	-3.525237084666885e-5	-1.7747878308053272e-5	-8.290268970444215e-6	-2.2927528148600218e-5	-6.489736347056393e-5	-0.0001560193181788551	-0.0002431258592887342	-0.00029909539070709784	-0.0003889329671042177	-0.0004589726053643578	-0.00047817772224484356	-0.0005304669607221479	-0.000455581931554927	-0.00018320993029966037	-0.00022405590945941134	-0.0003359345327955121	-0.000488840885305708	-0.00030744939840537944	-0.0002909074359441072	-0.00022904202297800713	-0.00039827861256398756	-0.0003664318698731045	-0.00037848448138609603	-0.00025257489979710335	-0.00029905118225509453	-0.00015093017330727876	-7.698708348342215e-5	2.7402319779587514e-6	-1.2734226433747109e-5	1.8613219689503357e-5	-0.0008755842461662111	-0.00010482275594400625	-1.8812175341803572e-5	-0.00012661318955081713	-0.0002151327946082332	-0.0002991748814830386	-0.0002388060505635961	-0.00026140316473910463	-0.00037257723219542155	-0.00038643101424925413	-0.0004805751244001122	-0.0007847970086294342	-0.0017578830604700335	-0.001663169288271607	-0.0018596763770844377	-0.0021602687225869	-0.0019210479643670675	-0.0013382413313351577	-0.0012963255833359222	-0.0008660028204526132	-0.00042091729168976244	-0.0009569205743553341	-0.0009918794954214688	-0.000632243041232515	-0.000732845776034094	-0.00083695843831888	-0.0008113511617115557	-0.0007140483794521035	-0.0004964779697384444	-0.0004726803529749718	-0.00044438839392167695	-0.00044968465192848917	-0.0004839773990643684	-0.0005989058744380535	-0.0006160120991863943	-0.0006374227897896698	-0.000624821751846541	-0.0006322951435436958	-0.0007101872885346278	-0.0007359956174244134	-0.000849609474787294	-0.0008296977188409702	-0.0008699314036058475	-0.0008471212023953428	-0.000866325708653165	-0.0007930067826358855	-0.0007262421451974949	-0.0007090471632140855	-0.000697040852121189	-0.0007591498419473597	-0.000693889774740393	-0.000766836009947168	-0.0007590261118196537	-0.0007386241168390664	-0.000777914835954803
4.703378230505942e-6	-2.69976117741981e-6	2.657054887526475e-6	1.7256495223657436e-5	1.1764111711685954e-5	1.3559694003479478e-5	7.424617480067744e-6	7.228073228924409e-6	7.322258196908876e-6	-7.890305433761596e-7	3.311262126038522e-7	4.974761298433619e-6	2.033673324685313e-5	1.4892410031943151e-5	3.9153907980399305e-6	2.562532177012751e-5	4.166525138142932e-5	2.058638131382899e-5	3.6148583583937854e-5	2.0679689406201407e-5	2.3783002721074545e-5	3.67708896643025e-5	2.423299055994907e-5	2.4370399361733908e-5	2.34657171623541e-5	2.361559873435143e-5	1.8002250081264326e-5	-1.7912268890363237e-6	-2.6453236302848016e-6	-6.546444918271999e-6	-1.0352247542273069e-5	-3.380034750352645e-6	-1.2018583448337311e-5	-2.0926418096197524e-5	-2.3951205385328023e-5	-1.8455742901817007e-5	-1.5076885486603464e-5	-7.855071953132009e-6	-6.9752777772519314e-6	1.3728363064402505e-5	1.4356783231868342e-5	3.0373257511526197e-5	7.39309136371484e-5	7.06580871286458e-6	-3.0962326832192216e-5	-1.704974741034357e-5	-2.3724524352442683e-5	-5.691292310474813e-5	-0.00013713963547667268	-0.000239351866234902	-0.0002918234955984547	-0.00036782700876033386	-0.00045690318900299537	-0.0004919667108589654	-0.0005475730853986283	-0.0004865030607103388	-0.000226079579536409	0.0006935637346557055	-0.00026280586582806686	0.0009941914051996709	-0.0003551896736800342	-0.00047813063794657773	-0.00017727515657685322	-0.000336569154816245	-0.0003666178634547518	-0.00031344565549866477	-0.00023362496876302985	-0.00018615000437361556	-8.860342505263158e-5	-6.54557616875523e-5	-2.4120922490281083e-5	-2.9471258116212096e-5	-0.00030437675773917205	-8.799677761635316e-5	0.00016543375762172186	9.133785828369101e-5	-0.00017638905776534014	-0.00015327634484991332	-0.00025929667896336384	-0.00023152754995321712	-0.00022779203740289078	-0.0002445431727124761	-0.000249675958727269	-0.0003408504753400418	-0.00033689393462432715	-0.0004595333684973349	-0.00045928319806175233	-0.0005951925677576825	-0.0013699395064528663	-0.0015340498359453503	-0.001551888528057363	-0.0013684870372315805	-0.0007059359826300932	-0.00031108280242140435	-0.0007653737731485102	-0.0008144097729100713	-0.000828465212448018	-0.0008614836659792333	-0.0009151692935372921	-0.0008913551939734518	-0.0007622781227848568	-0.0005371573661133028	-0.0004527813101664821	-0.0004722692675297735	-0.0005148366551870412	-0.0005219804742519901	-0.000664395116722373	-0.0006745218217524621	-0.0006357955602970256	-0.0006473891775308008	-0.0006786587095249097	-0.0007396500500836747	-0.0007882386605408132	-0.0008361440683715346	-0.0008745636200912371	-0.0008774787494921291	-0.0007961958896005039	-0.0008362053100733485	-0.0008022190188614747	-0.00068891821023917	-0.0006692467359372539	-0.0007162731469143729	-0.0006812958913389802	-0.0006826858663881025	-0.0007370521685383727	-0.0007637637658821153	-0.0007813964140448645	-0.0007842926731237848
3.250037527513863e-6	7.355488017713602e-7	-8.598727741122858e-7	4.248670236158339e-6	-1.2391498417640978e-6	1.1898431431746001e-5	1.229760523556618e-5	6.665313971327552e-6	1.237906494975724e-5	1.2151281500102917e-6	1.6020594139493083e-7	-5.197573382971499e-6	1.220220728929619e-5	2.1885785338963265e-5	1.240576836137458e-5	2.07974690800191e-5	1.689358868723831e-5	2.4046068630191597e-5	9.80048626888358e-6	3.902824412390857e-5	2.5962679272087397e-5	9.839114278095001e-6	3.695795199824131e-5	2.3784532720075302e-5	2.1845753558989017e-5	1.8229204929408327e-5	4.914271246880819e-6	1.9834280702221707e-6	-3.1874667293617376e-6	-1.3665047338042718e-5	-6.438118918192237e-6	-6.688963077004784e-6	-1.17702318161092e-5	-2.1874413196586173e-5	-2.946290656108755e-5	-2.45918918367026e-5	-1.8625784400060075e-5	-8.403548527619736e-6	-5.929852420726023e-6	5.599012952491739e-6	8.778409314562363e-6	6.5978498164052934e-6	4.560379954525115e-5	7.419424308870853e-5	-6.934854817133851e-6	-3.099877581187738e-5	-2.91231641667139e-5	-5.126797684301687e-5	-0.00012144599090485944	-0.00022411819373003433	-0.0002883679462752087	-0.00035195860581451605	-0.0004396488923787134	-0.0004960575908374842	-0.0005109503931066683	-0.00048779585427351224	-0.0004527618789867266	-0.00017439035957488025	-0.00024702776217806754	-0.0003209756176125733	-0.0003067770440890599	-0.000247399594083611	-0.00037551360653788335	-0.00036773137464772565	-0.00036862704121815026	-0.00032428635308740655	-0.00020873012086114473	-0.00019216009220033442	-8.148124275991764e-5	8.861548300709288e-5	-6.329359768502546e-5	-0.00029482852183931874	-0.0003141249324458556	-4.177594771850868e-5	0.00018262924224125843	-1.8923736384325596e-5	-9.575990716527427e-5	-0.00015179011259719433	-0.00022567800525476883	-0.00024043573490679926	-0.0002212664972035469	-0.00021246119501303756	-0.00023088946954439443	-0.00023001896427062712	-0.0002276060576990313	-0.0003060691117868705	-0.0002921263975077387	-0.0002739874605407061	-0.00040381180972833	-0.0003319940657022652	-0.0005889838191816543	-0.0006779497057057132	-0.0005379191742645867	8.500386386531972e-5	-0.0006957702142294103	-0.0006532359746441035	-0.0007465508069593244	-0.0009378399229084677	-0.0007650866598249428	-0.0007147433991232591	-0.0006132746208651133	-0.000522363718361181	-0.00046469445977824486	-0.00045742825152683686	-0.00048768754692170985	-0.0005336115659580754	-0.0006449013129072867	-0.0007157049253378109	-0.0007228127602747561	-0.0006820428123102337	-0.0006686971104879341	-0.000767012924961924	-0.0007242221658531126	-0.0007767414375537893	-0.0008270976161990976	-0.0008632485279987806	-0.0008412761894451351	-0.0008341512157655079	-0.0007698576021467063	-0.0006901192329189162	-0.0007433171610778805	-0.0007542779801358174	-0.0007326042137300801	-0.0006884652958404763	-0.0007455376823707616	-0.0007912316711111006	-0.0007846069408328632	-0.0007825127765811318
3.00274163715121e-6	-3.723830515863294e-6	1.3010412517298897e-7	1.5287427085949185e-6	2.0417625381206894e-6	1.628052266567856e-6	4.476685352711868e-6	1.6699995065202339e-6	6.75677821527533e-6	2.779626111530306e-6	-1.3910138340657296e-5	1.4324364448498744e-6	8.391601405725521e-6	6.192112984469353e-6	7.90252729248632e-6	2.9145109042101255e-5	1.2400366730625986e-5	3.6202304825802556e-5	1.4360658414378294e-5	2.1108720159182873e-5	2.939257376984722e-5	2.369514130805099e-5	1.1098417324051368e-5	1.3461851642096456e-5	9.997344369450795e-6	1.1952657938928135e-5	1.3369628321102667e-5	-7.60366558128292e-6	-9.152219401179634e-6	-9.790798488791552e-6	-1.184479467633559e-5	-1.6680271476120917e-5	-1.0677334559040796e-5	-1.3818463897013328e-5	-1.7198523746646266e-5	-1.3895014208242101e-5	-1.424211074595172e-5	-1.1727037689448355e-5	-6.829708998866424e-6	3.000870656567206e-6	9.737237437797835e-6	1.0009531452390835e-5	2.2579490360774557e-5	3.933935734676611e-5	6.472125271697951e-5	-1.5293260147847265e-5	-4.160816537233242e-5	-5.0480818906527974e-5	-0.0001039038727019409	-0.00020093886640313793	-0.00027667302335884075	-0.00033546264431669887	-0.0004149115694030911	-0.0004909378324875757	-0.0005108437817723244	-0.0005258784219717982	-0.00038239694548879155	-0.0004016593518289119	-0.0002950059554279738	-0.00018717570809262396	-0.0001360213797065718	-0.00013703718867129344	-0.00010754718578372124	-0.0002341901963152926	-0.00021902807302229266	0.00014928721063164896	0.00014202218275114614	0.00011623570704034913	-3.678675007841303e-5	-0.00014820306353663382	-5.1596897327615965e-5	-0.00035224631956924657	-0.00020664545226888043	0.00011696004820031802	0.00013497487025629362	-7.792664473774136e-5	-0.00010133728524288482	-0.00015792276947951267	-0.00023804353768090009	-0.0002509239760417614	-0.00021842676040280395	-0.00019634317143055885	-0.00023865871269252575	-0.0002162782513845385	-0.00023493150068561175	-0.00023466251608973004	-0.0002350891811948863	-0.000246179412575695	-0.0002550271081553507	-0.00012757663155060772	-0.0002490198017408851	-0.00017668367441846244	2.579222642754009e-6	-4.3087488871967894e-5	-0.00028878957916440157	-0.00048075197208591325	-0.0007936115434519636	-0.0008848103197388671	-0.0007225765122961109	-0.0007024513113112335	-0.0005643420235247262	-0.0005965441028524601	-0.0004919566231166919	-0.0005013343760311775	-0.0005164113601801787	-0.0006013529621094402	-0.0007324067111255314	-0.0007132608724567252	-0.0007041997760739646	-0.0007736520136547922	-0.0007661022492387246	-0.0007513014229840187	-0.0007258051226005646	-0.0008003390478562161	-0.0007934417440560657	-0.0008067267351103552	-0.0007710586262359154	-0.0007752329590987941	-0.0007842026479142755	-0.0007092271886964541	-0.0007215612163758572	-0.000697270986934305	-0.0006975633456279828	-0.0007125894587942105	-0.0007201425936695718	-0.0007971807868770858	-0.0007444220342153057	-0.0007863033932731939
2.0866495922637618e-6	3.1748112168730747e-6	1.8535484562140492e-6	2.2416331757393188e-6	1.4636254719053304e-6	3.7495948051113545e-6	6.691567100230132e-6	4.4727831464627665e-6	1.980029286146809e-6	6.8269247134773725e-6	-6.732976914718136e-6	4.526240114047925e-6	1.3606115610272432e-5	-5.3937383801948985e-6	1.647805318843315e-5	3.110921345831838e-5	1.9181620105213765e-5	1.577206410179749e-5	2.302696740425804e-5	1.4021148716895915e-5	2.5938394498676437e-5	2.5760785242164366e-5	2.196933352469413e-5	1.671747638866579e-5	1.746152631125139e-5	2.2394294264035247e-5	8.94212205367409e-6	-2.885790185373077e-6	-4.8474245993058995e-6	-1.3383625642199998e-5	-8.844007178075014e-6	-1.3174170576061434e-5	-1.6608877576214376e-5	-1.9596264498253357e-5	-2.4773699367972024e-5	-1.590237761351504e-5	-1.0159109718830411e-5	-7.4093496095495315e-6	-2.050511236501018e-6	5.593057484168384e-7	4.545187956474933e-6	1.390346496786543e-6	4.0327712415126615e-6	3.627153102609554e-6	6.978705943206168e-5	7.371388026887471e-5	-4.171475399264088e-5	-5.72186923493076e-5	-9.112120715089322e-5	-0.00017595271382475977	-0.0002665647606077057	-0.0003215054202683129	-0.0003925315315844724	-0.00048072182573608707	-0.0005889905160816333	-0.0005036619719379909	-0.0004684321862694074	-0.0003939362911396793	-0.00045697594406451936	-0.0003904057058103788	-0.0001953750035019186	-3.3721163448380276e-5	-0.00029770184256129595	-0.00012495927730060696	-6.77456068673421e-5	-4.464549216431912e-5	-2.7853012214348882e-5	-0.0001389792859789185	-8.8247336955255e-5	-0.0003307468023419635	-0.0003701420574122455	-0.0002393913118951818	9.234402847425882e-5	7.998158559063828e-5	4.753564751026895e-5	-5.2312731728919315e-5	-8.768777739510958e-5	-0.0002108665179316807	-0.00021340855612620585	-0.00023251674858507793	-0.00021668176356914176	-0.00017560469137839485	-0.0001624740105909267	-0.00013896904438835678	-0.00020836712726329115	-0.00020007722377739928	-0.00020576236634678446	-0.00021320741981807612	-0.00017379801590944322	-0.00011362398543747487	-0.00014016387247899054	-6.433592265701893e-5	7.597013328749375e-5	-9.713950639960583e-5	-9.488817695989249e-5	-0.00014568121264445927	-0.00030829608256479485	-0.00035608915610000486	-0.0004173240969376074	-0.000661556306155546	-0.0005772920783986626	-0.000576455911325581	-0.0005684651160171514	-0.0005570660755599421	-0.0005888741799959032	-0.0006200769129931227	-0.0007336168599686443	-0.000770914014699628	-0.0007253490811459651	-0.0007388329272385932	-0.0007131955870060686	-0.0007340659224138596	-0.0007225384675334581	-0.0007559170069407206	-0.000764936832408844	-0.0007616183379495836	-0.0007820923577815317	-0.0007060650267579072	-0.0007309632824156406	-0.0006648707155578609	-0.0006973608938573572	-0.0007098878369903375	-0.0006828960254267116	-0.0007088316347726373	-0.0007261539827557381	-0.0007739136373852845	-0.0007523157566748442	-0.0007987814014832201
5.806956396856369e-6	3.7788873321741717e-6	1.6458773363300927e-6	1.0325475825918862e-6	1.7545098403640158e-6	1.8838340718092816e-6	1.1472635721206798e-6	3.5989678034628603e-6	3.4255605622056373e-6	-1.3186785864649497e-5	-1.1882606172890914e-5	8.958120161460525e-7	1.6135622162407118e-5	-7.191669948360818e-7	1.3958983789827059e-5	1.4832282266546287e-6	1.7727328990597285e-5	1.5351926462925727e-5	2.8104361286113155e-5	2.0816031217523248e-5	2.4265923715934348e-5	2.2868829009300984e-5	1.9238418339949034e-5	1.606350322940278e-5	1.663443764243072e-5	1.705150831730201e-5	1.6616063451373175e-6	-5.332480334033218e-7	-3.527415338988593e-6	-9.647749992566096e-6	-1.803167587032667e-5	-6.5274514309335285e-6	-3.3762617267923956e-6	-4.776717162004868e-6	-6.066134736453649e-6	-7.388752153517086e-6	-9.885035661110625e-6	-8.019263638553431e-6	-1.622749135586632e-6	-8.142473782897508e-7	2.703554665296065e-6	2.186611189423232e-6	-4.617169060278092e-6	-1.1954620236440117e-6	1.4858869018009868e-5	7.336147683258132e-5	3.7521439568647535e-5	-6.595000402991741e-5	-8.709527646614743e-5	-0.0001522017963593615	-0.00024647882769079227	-0.00030995986810208875	-0.0003702592855795231	-0.0004468170277131464	-0.0005814355054280934	-0.0005670471856823733	-0.0004528778096892644	-0.00043776909267739805	-0.0005424461129843045	-0.0005075132555962952	-0.00045906598683011224	-0.0003519663044088822	-0.00020329662822962669	-0.0002382387752786902	-0.00024286145425440886	-0.00028342269199968517	-0.00030301835758465845	0.00027848240033434557	-0.00039028198229630606	-0.0002750637571446307	-6.95880380228997e-5	-2.2438233129168372e-5	2.9872622821572326e-5	-3.819077215930222e-6	1.8926045843373207e-5	-4.216579613681298e-5	-0.00012855323381320838	-0.00017357243908226044	-0.00020721285191177552	-0.00025153311963670155	-0.00022134411642969753	-0.00020178690597789928	-0.0001641312420176677	-0.00014345293811342252	-0.00019534674561543647	-0.0001606938876668601	-0.00018939441356370657	-0.00020201085118923268	-0.00013647736348161577	-0.00010281956579552554	-7.158595005836432e-5	-3.8501740207488866e-5	2.0171338883066825e-5	-0.0001232598882986921	-3.422300648165538e-5	-0.00011008504231888733	-0.00018509421751376764	-0.0001422393058371496	-0.00018066762994504992	-0.0002227777871031955	-0.0002738890084782314	-0.0003392011053548333	-0.0005357046949051522	-0.0005960126416926573	-0.0006194985868691535	-0.0005964791211952522	-0.0007336400871570462	-0.0007163610151036601	-0.0007666340272024022	-0.0007126618001241855	-0.0007696268437005008	-0.000745509472189175	-0.0007289836589192619	-0.0007371151515772958	-0.0006851927947552558	-0.0007406278970103694	-0.0007079010541817532	-0.0007128980688110922	-0.0007093854690947907	-0.0007181985901176871	-0.0007126760474080937	-0.0006871272817225715	-0.0007008698183451345	-0.0007023295121475967	-0.0007241393381197253	-0.0007697425689467269	-0.0007252514502582158	-0.0007888872120115874
5.696192703717046e-6	3.14281315815651e-6	2.0199888853614234e-6	9.030107933107046e-7	1.0425852889350828e-6	1.2652385378546932e-6	1.556769700671902e-6	2.849059231807907e-6	3.250937821892841e-6	-1.1431100667815344e-5	-4.317487366971642e-6	4.197641854334494e-7	1.2728287770557428e-5	1.4606294418319926e-6	1.307108354929934e-5	5.674641529243574e-6	1.9327665661504623e-5	1.770090167106317e-5	2.2790304257495897e-5	1.7756947550805896e-5	2.7305754147577757e-5	2.5168478385391088e-5	1.9242273003932872e-5	1.924892602082895e-5	1.8551533681639143e-5	9.72897999142186e-6	4.263724085167703e-6	5.727668176986472e-6	2.080241740583938e-6	5.771159537672904e-6	9.586614271514526e-7	5.10348973368005e-6	4.2820158226500316e-6	2.736847749297555e-7	-2.620556657957629e-6	-7.773641322664226e-6	-1.2755189049071247e-5	-9.600105974928719e-6	-5.012738271345518e-6	-2.0203178323005555e-6	4.512414693205041e-6	-9.75134144438894e-7	-5.27109671015491e-6	-7.69197167982752e-6	2.510559197598655e-6	2.6726558357940966e-5	7.166990113362248e-5	-9.25639393693084e-7	-9.583755918854062e-5	-0.00013924354209807546	-0.0002239185472241098	-0.00029611715716190007	-0.0003456506436324072	-0.00041142352458917175	-0.0005207145300882565	-0.0006750518408149553	-0.0004974946427038773	-0.00043271938918350294	-0.0005134961368873786	-0.0005345228701932742	-0.000543736781077539	-0.0005303615489490876	-0.00046765490460155823	-0.00034598638364025103	-0.00040807245928718705	-0.0005343200027395356	-0.0004540997675540198	-0.00042762076128341486	-0.00023384098303547152	-5.820380115373336e-5	-6.041683950006038e-5	7.292730004951342e-6	9.248395885924632e-6	-3.965138742519081e-5	3.088183029610614e-5	-8.742535135500967e-5	-0.00014251508198385998	-0.00010561401579678442	-0.00022090841720993903	-0.00024791942348882656	-0.00023363076805203026	-0.00020466894520322632	-0.00016495803768085127	-0.0001759506246213835	-0.00018661473982859583	-0.00014495022391571022	-0.0001712664858023738	-0.00015765255008577672	-8.990375848297316e-5	-0.00010213917212009704	-4.8113396947102594e-5	-5.8586313968558845e-5	-2.001910236974075e-5	-3.36315538135637e-5	-1.015195739972885e-5	-0.00010444854193786962	-0.00012976344196218015	-9.374391616700367e-5	-0.0001352936422832976	-0.00014739330578533022	-0.00014451195275155815	-0.0001682784903176554	-0.00017891131740173372	-0.00022233624479266884	-0.0003116276604169313	-0.0005245866165504848	-0.0007176793709014542	-0.0007213609421168748	-0.0007143419420438737	-0.0007843226796115307	-0.0007478417023013342	-0.0007398626595276139	-0.0007303787082513918	-0.0007314216867804549	-0.0006543320437346276	-0.0006631175416714138	-0.0006945785350955663	-0.0006876656835110018	-0.0006959725065138964	-0.0006739686105212972	-0.0007097572289008897	-0.0006987812516123793	-0.0006994525322432874	-0.0007160042311653292	-0.0007403647505179259	-0.0007602845385592041	-0.0008209660421094889	-0.0007478136815298672
5.787954723791497e-6	6.230112291946005e-6	5.695789217878555e-6	3.4027167341394923e-6	7.53424246277036e-7	4.477769338043919e-7	-6.570953498116414e-7	3.3091510353308942e-6	4.447257923793739e-6	-1.3102654242624565e-5	-5.765768776051089e-6	4.554920622536901e-7	1.6930752318785464e-6	-1.7911711068345493e-7	1.1925622436185362e-5	6.063421601832167e-6	1.4745082921579361e-5	1.7680910311150197e-5	9.244507638778501e-6	1.8111638057372037e-5	2.4912177952040454e-5	2.5263577796592884e-5	2.186631629344689e-5	1.934038462692543e-5	1.9330884115653646e-5	1.4571516112867403e-5	1.0352665502210562e-5	1.879174956918514e-5	4.703544032123169e-6	9.07126446441503e-6	3.0066754749986935e-6	5.244186215922625e-6	7.929163781724563e-6	3.301204307745026e-6	-1.1513998847238749e-6	-3.4500887932144286e-6	-1.0892367303255712e-5	-8.63262597256692e-6	-5.027611519378e-6	-3.1406893687309367e-6	2.0059046654599677e-7	9.5069113172086e-7	-3.622431618988814e-6	-7.300284454638678e-6	-8.811535648269725e-6	5.972078029586186e-6	2.5119000629514332e-5	5.462024555520292e-5	-2.7903737588770572e-5	-0.00014013026887948685	-0.000200149185690824	-0.0002770738985469201	-0.00032257522510330955	-0.0003805398456199413	-0.0004663206434494735	-0.0006113548100920851	-0.0005633276653309316	-0.00047175888000759725	-0.0004923107852373293	-0.0005334445962214274	-0.0004972951863670139	-0.000523970675441604	-0.0005044406108101196	-0.00045701809242397473	-0.000480543778814263	-0.00043405488968709105	-0.0003266648275664086	-0.00018618763757312362	-0.00015981944804024928	-0.00011087787285535278	-6.743069514217326e-5	-7.508858552301989e-6	-5.030677502175507e-5	-1.4954427236466006e-5	-3.090276233692901e-5	-7.542346489117918e-5	-6.0016531891818325e-5	-0.00014964241380321236	-0.00022372840440074843	-0.0002468876145189647	-0.00024477960034342133	-0.00018950516297248227	-0.00015458444019202794	-0.00017800422106358654	-0.00016381941712450415	-0.00013572679351953054	-0.00016984286936930215	-0.00011934163683322008	-7.257790744265302e-5	-7.062120094443458e-5	-5.018491655225943e-5	-4.6340066766487054e-5	-3.69786377083306e-5	-7.714732498664834e-6	-3.0258467498094077e-5	-8.202282765750607e-5	-8.702764778354549e-5	-0.0001072689947935121	-0.0001242207869770265	-0.00011865074233449041	-0.00010641820530257057	-9.309133889093268e-5	-9.318560755932487e-5	-0.00010718315200230338	-0.00012499986386683287	-0.00015998835101779102	-0.00020872661715340413	-0.0003140283750266773	-0.0004633434508467815	-0.0007526170991761436	-0.0007488217208849804	-0.0007279386613889133	-0.000787009797826102	-0.00068776986655774	-0.0006995491260916586	-0.0006692342331346413	-0.0006673539441328855	-0.0006705266536238472	-0.0006784649764744743	-0.0006701638429309001	-0.0007022648119492728	-0.0006744555552072595	-0.0006720158945375948	-0.0007300501828500644	-0.0007064512435326145	-0.0007252108754013734	-0.0007594875213760496	-0.0006836248921549687
3.4291183716346485e-6	4.1616344701941865e-6	2.2872492745282247e-6	2.2823380555273e-6	-1.9406473634022217e-6	-2.9517812076985256e-7	-2.6603739556371048e-6	2.6254029061433676e-6	-2.4968981553576478e-6	-1.3293976759264775e-5	-2.5612635384981985e-6	-3.770934058717687e-6	1.06312178570038e-6	-8.584209189831105e-7	5.056991094322741e-6	4.431105113909817e-6	1.630636700970453e-5	1.1267739725203535e-5	9.509006781852417e-6	1.7666811210573924e-5	2.8587114500686767e-5	2.5138664560371213e-5	2.556029950954823e-5	2.2492610882553568e-5	2.191311395576337e-5	1.3756687304057602e-5	1.2802593945919483e-5	1.4954873765130744e-5	1.5606018972762203e-5	1.186310256843029e-5	9.626614446995446e-6	4.191340742358551e-6	3.918995987103879e-6	3.634151736053165e-6	-1.922926661651614e-6	-5.366931779635792e-6	-1.0119339773680819e-5	-6.454777250891608e-6	-7.31059266942391e-6	-3.535709539818216e-6	3.0924460583427182e-6	-7.590731970937015e-7	-5.771319023812477e-6	-1.2103591620713644e-5	-1.593622071327863e-5	-7.254921544162102e-6	6.675502598613159e-6	1.3394929100369463e-5	3.410251936527761e-5	-7.169872735888344e-5	-0.00019291024349775074	-0.0002577396065669979	-0.0003053344801388219	-0.0003511427688332111	-0.00041904760043898204	-0.0005591049008317472	-0.000602563326491945	-0.0004631061029450323	-0.00047450112177112314	-0.0005096263441632665	-0.00045906123607303284	-0.00041238590190242896	-0.0003826640742558146	-0.00033390113937659116	-0.00023783687042380763	-0.0003134794097480603	-0.00028896223499934315	-0.0002008300893207443	-0.00012989667544718864	-0.00013048427030711018	-8.628278061646732e-5	-9.350427832184594e-5	-3.3228171733221123e-5	-5.886685843642381e-5	-7.091336610802468e-5	-7.880743204281143e-5	-5.287864547273702e-5	-0.000142024101572151	-0.00020767062505408496	-0.00022884439254602235	-0.00021443910731312743	-0.0001697096071529361	-0.00014700811954478782	-0.00017801183010285326	-0.00016102759555457202	-0.00013705008156984777	-0.000133235218647762	-8.87197676435747e-5	-8.073953268114553e-5	-3.684203398086894e-5	-7.797293366529345e-5	-2.723263671858267e-5	-2.08616513820703e-5	-1.191087809979119e-6	-3.6707784381584396e-5	-6.262742711579672e-5	-7.433778744479758e-5	-0.00010352713716681172	-0.00011758431988501128	-9.774078345726328e-5	-9.663296172360974e-5	-6.725763327351808e-5	-6.434066213839573e-5	-5.329575149259913e-5	-6.333686461586219e-5	-8.306209756461791e-5	-0.00011386782174712534	-0.00014468038464325594	-0.00020762546413047311	-0.00027532713641528067	-0.0003283690663130612	-0.0004255523365333594	-0.0006137856194436339	-0.0007142928958817768	-0.0006694339487042442	-0.0006958550912133238	-0.0006294949385973053	-0.0006128157512691468	-0.0006705514258003448	-0.0006997021540725706	-0.0006348926236089333	-0.0006840378878559747	-0.0006918011967319351	-0.0007131531943758637	-0.000707059263894104	-0.0007191474698728384	-0.0007467913341755242	-0.0007055903227144722
2.3117237291092607e-6	2.499711239866906e-6	5.214993205066715e-7	1.9476350328513636e-7	-1.2729092411199738e-6	-2.904462179662351e-6	-4.491798141661833e-6	-2.562020880820734e-6	-3.2776052108930004e-6	-1.3770647220179982e-5	-6.164583980002719e-6	-6.676206300033211e-6	-4.494834138137754e-6	5.131861651125683e-6	1.5062898302796446e-6	9.889967534162936e-7	1.4977508247309909e-5	1.1617584363054698e-5	9.043652518482201e-6	2.5401480289836964e-5	2.3539267865642366e-5	2.079392956650175e-5	2.2079472175281015e-5	2.165213776501862e-5	2.0501384552680524e-5	9.013953402052174e-6	1.4390606490732177e-5	1.3316687650592046e-5	1.4511916841819517e-5	1.167897197137599e-5	8.939786573774339e-6	9.452968627050168e-6	4.015205214754486e-6	1.8573507532329558e-6	-8.020151925393348e-7	-3.7315884974034597e-6	-6.784996934953991e-6	-9.418731582427203e-6	-6.792431688721484e-6	-3.809757847736406e-6	4.2716877127549346e-7	2.333763119821003e-6	-2.1737873545472908e-6	-1.1012056392624425e-5	-1.5273261713515118e-5	-9.968586828397463e-6	3.4236507942889127e-7	1.333258807176274e-6	-3.356746575578634e-6	-3.7323679303452595e-6	-0.00013386181930714197	-0.00024260950345043886	-0.0002901315208046762	-0.00032368567038938006	-0.00037231979717160246	-0.00048003730526192945	-0.0006399285658667542	-0.00047780855834400615	-0.0004476521930918409	-0.0005189513356800707	-0.00047141377802241424	-0.00041213577819596003	-0.0003687403741722828	-0.00030231309426295705	-0.00021875821640260362	-0.00031249582587399016	-0.00028716982264365143	-0.00023277167064510162	-0.00015970457877163835	-0.00016198503562797617	-0.00013719230070562138	-7.149031410261242e-5	-4.9707721445912956e-5	-0.00010895461984884725	-0.00010169704705090266	-4.223578930172278e-5	-8.344809045157664e-5	-0.00012336643284618226	-0.00017440232754056123	-0.0002460528300204934	-0.0002308212111029606	-0.00016378189342941551	-0.000179810796135417	-0.00017508952512672316	-0.00014783713337719606	-0.00011236841004121784	-0.00012070418395262322	-3.989313675407946e-5	-8.966038978971969e-5	-8.069846960806482e-5	-5.4485295181844196e-5	-1.1899487471767056e-5	-1.6956991041351677e-5	-2.0675133046571537e-5	-3.264394830837514e-5	-5.396654661777439e-5	-7.637545576446442e-5	-0.00010853110229101792	-0.00010903352298721053	-9.746063407266997e-5	-8.1333593831244e-5	-4.893908997667673e-5	-3.4031497238296016e-5	-3.7095327135548695e-5	-3.290969417552719e-5	-5.1682960537126343e-5	-6.549063927881876e-5	-0.00010189057236820176	-0.00013052193039483212	-0.00016890938214081386	-0.00018887186508786263	-0.00023358666780340376	-0.00025445539935092104	-0.00028751363366930766	-0.00036216789604196636	-0.0004603851629352701	-0.0006936689196136714	-0.0006380719389268916	-0.0006230899772920531	-0.0007090325753822749	-0.0006565373229881072	-0.0006913915358199713	-0.0006586653672566861	-0.000690132391013322	-0.0007015076222824032	-0.0007014342541045507	-0.0007313826558275061	-0.0007471190417089428
6.865518976896176e-6	7.256771762274503e-6	5.978108714435257e-6	3.003338382026946e-6	3.6793646878167593e-6	-4.970427362879434e-6	-4.4089932984929525e-6	-4.021624952000626e-6	-2.835402797426133e-6	-6.122767738777832e-6	-9.563298652873024e-6	-2.14228998039398e-6	-3.320752066339125e-6	8.571580280953249e-6	3.807755245008662e-6	1.423263723131403e-5	1.3879819467160423e-5	9.512166689084126e-6	2.068768013884295e-5	2.1861547945187243e-5	2.14604550222066e-5	1.8943450893213823e-5	2.031955590657379e-5	2.0896399628017592e-5	1.4950330876712867e-5	1.500858478838997e-5	9.910441607988152e-6	1.100234706401422e-5	1.3363120180721888e-5	1.0354729335255997e-5	1.3223620061366542e-5	8.96293092913017e-6	1.7814385491927986e-6	3.794852995210596e-6	-1.2515970248053176e-6	-3.8325749908765805e-6	-9.895410283278921e-6	-8.055805209104122e-6	-8.520879477263293e-6	-7.323649661977044e-6	-2.234490153671387e-6	5.644012275769772e-7	-1.9187684210594802e-7	-4.626485121655283e-6	-1.4332902649027285e-5	-9.290929028731021e-6	-4.4456018185277946e-6	-4.869212509323734e-6	-1.7345231154153318e-5	-3.2840681020961104e-5	-6.559027182061888e-5	-0.00019229347432946076	-0.0002788778237202208	-0.00030491830143707793	-0.0003432366892878319	-0.0004151206349153891	-0.0005490462440162908	-0.0007160798837571591	-0.0004586229256607621	-0.00045606725210603494	-0.00042538581468062886	-0.0003708691268585612	-0.00037234758006911284	-0.0003053203471298227	-0.0002487347626044939	-0.0003228896102314832	-0.0003190932938886004	-0.0002482244622521723	-0.0001912862962645534	-0.00016572145370395697	-0.0001571698565565327	-0.00011959582239470801	-0.0001002499834448084	-9.444830681437644e-5	-9.00336281223213e-5	-6.818188895418853e-5	-0.00010628180876614407	-9.020303460335194e-5	-0.00017100132822332054	-0.00023852141106412567	-0.00022993322100917785	-0.00018278888927643344	-0.0001698592861417575	-0.00015669756182716543	-0.0001224642840478088	-0.00010915869076699725	-7.944729238634068e-5	-7.801006683075956e-5	-8.799653063509827e-5	-7.422640139250619e-5	-3.79598665868619e-5	-3.0093048062132532e-5	-2.3731971032434074e-5	-1.8608039696783873e-5	-3.8896604361883524e-5	-5.6779692709715834e-5	-8.830839033115157e-5	-0.00010618674071549011	-0.00010696095040490378	-9.980602639920316e-5	-7.215641105451365e-5	-4.009730590094629e-5	-2.3618961387389392e-5	-2.2063710559093452e-5	-1.5950828440199072e-5	-2.2873067047173012e-5	-4.147578645547628e-5	-7.025945970851044e-5	-0.00010350037211830088	-0.0001184917980791636	-0.00014768731918836375	-0.00015675374290691907	-0.00017072270897325326	-0.0001880701949426647	-0.00020335136797101222	-0.00023154691044299097	-0.0002748548352891206	-0.00031404110453596423	-0.00040680254314879455	-0.0004967882590760711	-0.0006672464892892513	-0.0006494343876691996	-0.0006434995548573741	-0.0007257022518721359	-0.0007163221471062978	-0.0007201576776322965	-0.0006948230442068749	-0.0006887188563052017
3.6948129560239462e-6	5.879975976605389e-6	3.7509363562220066e-6	1.5024974266055618e-6	1.423268173781321e-6	-1.6430399521396438e-7	-6.882659535616814e-6	-6.384212386176258e-6	-3.1039067935898293e-6	3.659423079230978e-6	4.2140015164403993e-7	4.854500726099789e-6	5.529737475210017e-6	6.457720859789906e-6	3.101669921877666e-6	1.2583829377826872e-5	8.93923821142055e-6	9.817233343530768e-6	1.6784429369368775e-5	1.7208098092085997e-5	1.6991653039016147e-5	1.4935091845972442e-5	1.6406115913502814e-5	1.5604374129646326e-5	1.689188003882458e-5	1.5411366166518878e-5	8.103108326473416e-6	1.352522423486019e-5	9.823912083123387e-6	1.3815144015751069e-5	1.289081379618126e-5	1.1489447793774227e-5	5.750768242683557e-6	1.5947998672528885e-6	-1.7364105487673032e-6	-5.128142051627482e-6	-1.0207320936834324e-5	-1.1543638495179614e-5	-1.29113961275934e-5	-7.84019935562083e-6	-3.829430425105612e-6	-3.1020151725069667e-7	1.9357999361466205e-6	-8.699987887224314e-7	-9.627493463906789e-6	-9.901375672052154e-6	-8.15382228966724e-6	-7.969397277513002e-6	-1.8908633068592112e-5	-3.928403050990417e-5	-6.809273864162232e-5	-0.00012632748422640103	-0.0002390174952491414	-0.0002937622761147937	-0.00031296160931879036	-0.000361032157945515	-0.00045141296440859985	-0.000584789467718283	-0.0007714151427015703	-0.000491922758387095	-0.00045290092661430525	-0.0003979193472121445	-0.0003726421486920789	-0.0003220964135599441	-0.00026805113662563274	-0.00030097562701662806	-0.00033368195489699715	-0.00027548932969925777	-0.00021305454926331957	-0.00018257959814166336	-0.00016816870270462692	-0.0001242429588030336	-9.013868861387775e-5	-0.00010419097919503462	-0.00011426158131634667	-0.00010370109794748811	-0.0001027114706220883	-9.987271079592297e-5	-0.0001615891355184057	-0.00021869527423810237	-0.000210095113940649	-0.00019698527412102124	-0.00015485184879163172	-0.00013333307927795163	-0.00010779142476605857	-9.858925069557156e-5	-6.456091889393833e-5	-6.823853895138177e-5	-9.876440724282398e-5	-7.0791869436794e-5	-2.083049368845763e-5	-1.8022455815051852e-5	-1.0485680574691403e-5	-2.2426145142306897e-5	-5.4647039497701666e-5	-7.502714237644231e-5	-9.988516979676787e-5	-0.000108176259182996	-0.0001077800427032316	-9.76645675139845e-5	-7.346145187384773e-5	-4.112928324740556e-5	-2.450475575493244e-5	-1.187422176644054e-5	-9.415588968220145e-6	-1.1613356652208362e-5	-2.8547602975124986e-5	-5.317523992746237e-5	-7.718136177913004e-5	-9.843763445430836e-5	-0.00011191750119970284	-0.00012717626463650683	-0.00013898093927881133	-0.00013749796863148783	-0.00015101153747615337	-0.00016318431458536842	-0.00018916117348714845	-0.00020329353673555206	-0.00022732006717523373	-0.00025623726176895317	-0.00029041353978749573	-0.0003527546768144346	-0.0004413622309426199	-0.0006157330219693294	-0.0006907021734073315	-0.0006944133209532861	-0.0007306069883198513	-0.000649179984670966
5.5222645033159434e-6	3.1643750391264353e-6	1.3406597067309317e-6	-1.932515291454967e-6	-1.7394026350552386e-6	2.8709896330962603e-6	7.009936413889667e-6	2.133991768016319e-7	2.29775614225651e-6	7.494837798885205e-6	1.2788116540100175e-5	7.3762467894767855e-6	9.826781383515289e-6	3.6334190457775264e-6	1.1597968841824818e-5	7.300044398725163e-6	5.883267072299969e-6	1.5428729040894984e-5	1.2549968334517325e-5	1.3196454806728777e-5	1.988867195392395e-5	1.7032674153472788e-5	2.0951779997361794e-5	1.1669103780042461e-5	1.2719327300387759e-5	1.4860110375287255e-5	1.2159246835308571e-5	7.573379721742199e-6	1.1766166545853357e-5	1.1919589203461187e-5	9.240045089741605e-6	1.083239135326805e-5	8.089951397585032e-6	5.285100807515819e-6	-2.568757001813332e-6	-6.006979364880233e-6	-1.144996093381187e-5	-1.3497989130497462e-5	-1.2723062024506265e-5	-1.014483896194518e-5	-5.892557763346323e-6	8.911424115992661e-7	1.2963860128618887e-6	1.0442265541837914e-6	-5.704700600794865e-6	-1.1340664410157408e-5	-1.006674463840257e-5	-8.008318888672733e-6	-1.6541795710978136e-5	-3.8072676359236085e-5	-6.781420488089634e-5	-0.00011023585744316527	-0.00018509574488357813	-0.00026935136835781054	-0.0002962822621792316	-0.0003230357403013334	-0.0003872300275570284	-0.0004720725459844699	-0.0005604258719420219	-0.0006692874524993203	-0.0005328090930695889	-0.0004233590685052274	-0.00041376812566495946	-0.00033716318127187395	-0.0002976226209927546	-0.00024700610914279997	-0.00034298749560998654	-0.0002929313100679537	-0.0002425207324460027	-0.00018598442274100901	-0.0001679366695619272	-0.00015718055004255993	-0.0001417592052858213	-0.00011165396558709961	-0.00011968244483569895	-0.00011151829980293737	-0.00010270999426399002	-9.671358093717164e-5	-0.00013165335694450414	-0.00020419875447659497	-0.00022643417457897386	-0.00019444689391620584	-0.0001579317167495209	-0.0001229523487146153	-0.00010393089806739336	-8.45013324720853e-5	-6.605159539978256e-5	-0.00010217279572313082	-9.21608556614037e-5	-5.518540680850281e-5	-4.136681231933781e-6	-1.3530626272184598e-8	-6.256273060376016e-6	-4.4882778049704086e-5	-6.769368973789242e-5	-8.031875652850934e-5	-9.202409288148333e-5	-0.0001072297861398272	-0.00011250165512718957	-9.0797598606418e-5	-7.087329594729352e-5	-4.813426848944424e-5	-2.9433379453332187e-5	-9.46772955173758e-6	9.491058113042516e-7	-1.449069922214441e-6	-1.6014190733042166e-5	-4.206298287109944e-5	-6.070436362783094e-5	-8.02908569708452e-5	-9.449104758189886e-5	-0.00010673900522131796	-0.0001066204774208962	-0.0001100839276506338	-0.0001232624057077164	-0.00013951335746387183	-0.00014685512354783992	-0.000159083937212659	-0.0001767740614262367	-0.0001733156668312294	-0.0001906109336124659	-0.0002047891124257531	-0.00022894009680651112	-0.00026560113114935946	-0.0003177442035613015	-0.00038504220943374676	-0.0005073913341346534	-0.0006211921587469423
7.102857961082537e-6	1.1883624862147127e-5	1.1367116422396004e-5	5.948561277889161e-6	1.0906506004316335e-6	2.7635130241034783e-6	6.405868484314972e-6	8.323777485417377e-6	2.2292338737765413e-6	6.658265667871914e-6	1.0883309959621931e-5	6.2972745778783895e-6	8.597056335053754e-6	1.1051801699279648e-6	6.578670822075111e-6	5.535812205772345e-6	1.2901272403360343e-5	1.1949164449793007e-5	1.3152190057527657e-5	1.3473640714418977e-5	1.5174806832114751e-5	1.6103371620109636e-5	1.5905425793712874e-5	1.6784752651351556e-5	1.8026767361831175e-5	1.0758416049303984e-5	1.0154554958398745e-5	1.0527018330392518e-5	6.4768983904471555e-6	1.1414466648349691e-5	1.012938599101107e-5	8.921444854571858e-6	7.2470560910815884e-6	3.523485268743659e-6	-7.849738654225336e-7	-3.8137602342662447e-6	-1.059499937870051e-5	-1.6373430118243187e-5	-1.5293310888508937e-5	-1.53000942536112e-5	-9.684305115643943e-6	-3.970388687962734e-6	-1.9895597756086625e-8	1.827734795109559e-6	-9.423069963210295e-7	-8.432554459390784e-6	-9.728297323523954e-6	-8.33621236276394e-6	-1.4409121953332799e-5	-3.046436947108308e-5	-5.6887661790440414e-5	-9.722681882685935e-5	-0.00015215011938069303	-0.00022662871048111793	-0.000276005161976324	-0.0002877187382658089	-0.000327544304504733	-0.00039864798311375904	-0.0004657098311589697	-0.0004914065567223486	-0.0005766291569665044	-0.0006032744128466744	-0.000405237154596505	-0.00038870419903636044	-0.0003253765137097714	-0.0002718591963959266	-0.00033130895227793944	22.04390787638802	-0.0002629374955612218	-0.00020523696088979582	-0.00016685880737006553	-0.00018515192417439819	-0.00013742351072203174	-0.000107879363970588	-8.922313918507258e-5	-0.00011762514811990143	-0.00010285605299333728	-9.301645998577301e-5	-0.00011371041640836216	-0.00016558801768998266	-0.00021823677251193302	-0.00019547848311828736	-0.00015562364277018487	-0.00012621677086734756	-0.00010616787440506648	-7.26025512496134e-5	-6.494764155737937e-5	-0.00010196822162675256	-7.472224249939485e-5	-2.329346676481492e-6	1.2393134478719259e-5	-4.659799672859788e-6	-3.181731278185246e-5	-5.658257163591168e-5	-7.632973777777635e-5	-8.706553110849474e-5	-9.265890181867076e-5	-0.00010578993193607888	-9.89767723075935e-5	-8.660117100430659e-5	-6.728934304287698e-5	-4.8219324366716165e-5	-3.0062336951394708e-5	-1.162092048024449e-5	6.083686939634125e-6	3.510646526087846e-6	-1.24654926138279e-5	-3.4042933294391176e-5	-5.370405487502283e-5	-6.809983610009396e-5	-8.558916097557712e-5	-9.203295363215819e-5	-0.00010144167764906259	-0.00010299022084377801	-0.00011095505634065028	-0.0001183876908181572	-0.0001236335929466481	-0.00013252222236248556	-0.00014420215358173366	-0.00014910870867017312	-0.00015258705887352675	-0.00015951935757561875	-0.00016835538367045155	-0.00017744114283371054	-0.00020411300866727058	-0.00022833093141910732	-0.0002452335395300084	-0.00028213029780238194
8.20197981255856e-6	1.1246623397116393e-5	1.1669558575748765e-5	9.197280307141065e-6	8.78856220383386e-6	1.2986825156935389e-6	3.6219313003437933e-6	6.63424163153091e-6	8.262569204135414e-6	9.90130349129252e-6	1.3489981931535423e-5	1.361092555123792e-5	6.30609884515014e-6	1.0741934156955658e-5	6.155802850424906e-6	1.0503683263874547e-5	1.0767032976462775e-5	1.0637562797852565e-5	1.1665724213450607e-5	1.5764475011850743e-5	1.3030174812397877e-5	1.3123841125168081e-5	1.2402762844532234e-5	1.305179393924251e-5	1.225643357963789e-5	1.3411794380158507e-5	9.110382261957872e-6	6.728389546906133e-6	7.841912855839281e-6	5.339060573858467e-6	1.1160976439925085e-5	1.1456946068938434e-5	8.151122029946556e-6	6.210098136682357e-6	1.2163740609368034e-6	-2.7287373749462773e-6	-5.875646052599243e-6	-1.6254865997048645e-5	-1.7570655650930855e-5	-1.862429270050106e-5	-1.4034164509766495e-5	-8.400903724840175e-6	-3.6400690946701564e-6	2.060336818689168e-6	-8.330975883111269e-7	-2.6334824620478925e-6	-6.715245709758982e-6	-5.748839772279357e-6	-1.0905650026701158e-5	-2.3641031840493376e-5	-4.583198002974104e-5	-7.916762124332566e-5	-0.0001263445298361164	-0.00018699277608107134	-0.00023962226137781012	-0.00026437243377547964	-0.00028478148116593827	-0.0003395884144632294	-0.0004000528454513319	-0.0004170800798914548	-0.00042840489749423893	-0.000442267400870347	-0.0004460388488679995	-0.00041318082570802883	-0.00035507884675080315	-0.00026749597480633935	-0.00030527795699328286	-0.00028678992232238076	-0.00026250371125934036	-0.00021252089779828787	-0.0001780294405819005	-0.00018163699602551098	-0.00014028331144291806	-0.00011604208750588124	-0.00011154288495456022	-9.77961579990208e-5	-0.00012206159910946313	-0.00010769776812979276	-0.00011290968236331994	-0.0001481872578205229	-0.00020047357708347785	-0.0002024850156252464	-0.00015040509050885664	-0.00010978249895526176	-8.966818531176007e-5	-7.435797463872795e-5	-8.022991917090022e-5	-9.713029718635274e-5	-3.1592515062350834e-5	2.390259062727551e-5	1.1506801371116704e-6	-2.7471923173816304e-5	-5.133165181976651e-5	-6.742154295795444e-5	-8.362272636494583e-5	-9.259647085549383e-5	-9.461561633998528e-5	-9.632242020055776e-5	-8.990117992494634e-5	-8.101950555762516e-5	-6.432825463715403e-5	-4.6280431960712964e-5	-3.102023032972717e-5	-8.836322407286545e-6	7.867904136364678e-6	-2.2966512589275845e-6	-1.0815260254211367e-5	-2.6080277260726037e-5	-4.078900498610816e-5	-5.804323211303086e-5	-6.855108483899003e-5	-7.915782937982507e-5	-8.476279639117734e-5	-9.286133775994465e-5	-0.00010123629289471997	-0.00010210099638582187	-0.00011183437715386185	-0.00011775479332939986	-0.00012513821901448396	-0.00012514789508519253	-0.00012165220014074413	-0.0001283940767289951	-0.0001349109942684612	-0.0001406682370412582	-0.00015736544272532127	-0.0001642352888886131	-0.0001775326280840754	-0.00017826430305858953
6.671788718281418e-6	9.823903382400953e-6	9.958420698306936e-6	9.26627408159332e-6	6.9528716822604e-6	6.47761380125067e-6	8.234009150507801e-6	8.42787917633512e-6	8.913661936381725e-6	1.4608034657674455e-5	1.4179420753323256e-5	1.3026686635853393e-5	1.1322775169179088e-5	7.774195932733034e-6	9.593829027108695e-6	8.237433033863456e-6	6.092039999089187e-6	1.0720390775185301e-5	1.4195331406651954e-5	1.3513586191900295e-5	1.4162182955220273e-5	1.3322066729935453e-5	1.3834075324094947e-5	1.3301060692314307e-5	1.609203585271543e-5	8.964218663155485e-6	8.106869884595691e-6	9.124668116358356e-6	3.7366255651715558e-6	7.82297065126357e-6	5.860489339908764e-6	1.1525238012219385e-5	9.556025675622193e-6	9.070256644285596e-6	5.065938716696666e-6	-1.046235580809407e-6	-6.042152780709464e-6	-1.50437773674926e-5	-2.1347174733194613e-5	-2.0616121602836518e-5	-2.1027204500159713e-5	-1.4180229148015588e-5	-7.279093560547123e-6	-2.571987599026687e-6	-3.433722490370217e-8	-3.224093951884055e-6	-6.356350287697182e-6	-7.570335146516588e-6	-8.322283780084344e-6	-1.876832424283631e-5	-3.918916487979582e-5	-6.292018083853615e-5	-9.989810953285605e-5	-0.0001475153229820239	-0.00020624563428633946	-0.00023847332322832898	-0.0002508985532355401	-0.00028622981014438803	-0.00033770249292276733	-0.0003783808650518333	-0.0003642064147013971	-0.00036105359197194375	-0.0003579602569220297	-0.0003309476119799787	-0.00032797858981643835	-0.00029618345167951865	-0.00023537025085028362	-0.00031200403567167856	-0.0002703991863316907	-0.00023624024589850856	-0.00019698637534516783	-0.00017347059205752302	-0.00014143044038423397	-0.00012415519296243155	-0.00011369181366748665	-0.00011506329114334413	-0.00010726869728843597	-9.76890662546942e-5	-0.00010054100672667043	-0.00013285323329729343	-0.0001802944801917658	-0.00018385737246898182	-0.0001389515336559094	-0.0001082281876965685	-8.579947158564999e-5	-6.907402731390344e-5	-9.483376540650457e-5	-6.863274781398337e-5	2.043138336467465e-6	1.35786614157557e-5	-2.0832329025895213e-5	-4.513130537689425e-5	-6.07815361626865e-5	-8.028274399440871e-5	-8.993278430985407e-5	-9.444011534170266e-5	-9.725529518007925e-5	-8.713512680488811e-5	-8.145782648665695e-5	-7.712168913470013e-5	-6.416405265181196e-5	-5.436959834171501e-5	-2.950249289659923e-5	-6.945980032466159e-6	4.89194329576087e-6	2.7229499037495497e-7	-1.117399402172925e-5	-1.9091129068241064e-5	-3.236776807951508e-5	-4.7092502640511125e-5	-5.903771666416341e-5	-7.04998161628681e-5	-7.794870879405252e-5	-8.242202016381373e-5	-8.516531327818627e-5	-9.34137229374743e-5	-9.978750540717146e-5	-0.00010448283937255359	-0.00011216913769346304	-0.00011101127048857018	-0.00011221771168551387	-0.00010961109895169657	-0.00011488395651459982	-0.00011861077696189923	-0.00012304619768834651	-0.0001258754827259366	-0.00014445739748717226	-0.00014946185408022325
1.2591267628146371e-5	1.1291995577521544e-5	1.2510268699878618e-5	1.1892069441818073e-5	6.945588879427381e-6	6.592090087231654e-6	8.402320668659397e-6	1.077857846921472e-5	9.453896582137071e-6	1.2955579941102344e-5	1.6077910500894056e-5	1.3023517973689142e-5	1.1254784227526272e-5	8.180071867807705e-6	5.066276974221955e-6	3.928043220552402e-6	1.0438976438364826e-5	8.183984767000732e-6	8.37820462421153e-6	8.264005934644283e-6	8.487297263647456e-6	9.049166201525322e-6	7.699337803597495e-6	9.050916320672148e-6	1.0743833638504272e-5	1.1399094423372377e-5	1.0008786361552849e-5	7.29626114300691e-6	4.528340864177333e-6	7.640652975766937e-6	8.223622656325716e-6	8.011106860349171e-6	1.1330922419956757e-5	8.706998121631171e-6	7.403301658780864e-6	2.1485752088080956e-6	-5.613589942280589e-6	-1.0492455103545961e-5	-2.0482902104036055e-5	-2.587249853377646e-5	-2.6191763601718376e-5	-2.130757858565327e-5	-1.4183100765889634e-5	-6.753504114449804e-6	-2.8055910459429123e-7	-3.6193309091957226e-6	-6.566466608740745e-6	-8.311543348103051e-6	-8.237325481007945e-6	-1.4642472510092291e-5	-2.9881809266579795e-5	-5.001928342004969e-5	-7.711541079096981e-5	-0.00011431304156300087	-0.00016344687972860705	-0.00020067555310619017	-0.00021506185938005573	-0.00023949666501290462	-0.000281398807575918	-0.0003302599343090948	-0.0003386611087050073	-0.0003245733523529054	-0.00029606281033538184	-0.00027601873054967224	-0.000265252648296542	-0.0002619291649894051	-0.0002448013042277708	-0.0002838808912334484	-0.00027029866539463043	-0.00024865185995273653	-0.00020530388543729683	-0.0001771609725240153	-0.00016833671381746157	-0.0001553842065866312	-0.00012701046638030622	-0.00012346530254333382	-0.00012104001525028996	-0.00011108589720830453	-0.00010574602012178996	-0.00010739747231727076	-0.00014217991400108237	-0.0001603893389628963	-0.00013007276711881482	-0.0001011511544012425	-7.607597993404547e-5	-7.548577518265431e-5	-9.140116376434027e-5	-4.143771339514685e-5	-1.0766978454646026e-5	-1.2445138235922526e-6	-2.8400363658032113e-5	-4.763272491280918e-5	-6.942425172067057e-5	-8.832362131169086e-5	-9.166769893067389e-5	-9.26251972257347e-5	-8.587893417233428e-5	-8.315809586073586e-5	-7.76675818927805e-5	-6.897918553624288e-5	-6.612194429142515e-5	-5.623601877138146e-5	-3.668341476935344e-5	-9.821593083096658e-6	4.723402658585174e-8	8.978603451004208e-9	-1.2419020456108654e-5	-1.628544868403914e-5	-2.847250213378061e-5	-3.812764221098469e-5	-5.182975392186567e-5	-6.221814740931669e-5	-6.929128310625282e-5	-7.186506565618617e-5	-7.787865296225716e-5	-8.484822068034747e-5	-8.961344231776802e-5	-9.561264171890904e-5	-9.832599876446677e-5	-0.00010334599750408055	-9.814612799774816e-5	-0.00010385318413618297	-0.00010522200569618861	-0.00010666681242704062	-0.00010936822861197168	-0.00011386377707671078	-0.00011522517662232445	-0.00012185875290608716
1.2532712904576512e-5	1.2106754753446816e-5	1.2497696535431965e-5	1.0481884755780477e-5	9.35944071268728e-6	8.345187388347775e-6	6.705883732419787e-6	7.407614913178609e-6	1.2004910588292624e-5	1.19394436421923e-5	1.3726372740264364e-5	1.0248179204124658e-5	1.1619277426062197e-5	6.5679138560106876e-6	7.371001622654208e-6	5.951055918667833e-6	4.286315470310512e-6	5.2554725436977645e-6	1.1402468433428098e-5	1.0912741494955788e-5	9.221388003232203e-6	8.74401758139444e-6	9.933346110718375e-6	1.1172086720372468e-5	9.922553799663128e-6	8.23774853669565e-6	9.357511374921343e-6	7.494618830703945e-6	6.210195904613261e-6	4.458181192918895e-6	7.0504446465086135e-6	6.524961235383764e-6	7.409725909018547e-6	8.708406527358284e-6	6.81112349680546e-6	4.340058640164152e-6	-1.6447400082511554e-6	-8.206946786656205e-6	-1.5473931055769163e-5	-2.773807333995848e-5	-2.9030787647953138e-5	-2.874200698407478e-5	-2.3315117360627607e-5	-1.3209924094263054e-5	-6.652349298589405e-6	-5.118713070594028e-6	-6.5182210215279646e-6	-8.172325121312551e-6	-9.048717396036021e-6	-1.351923504784927e-5	-2.5284721636310153e-5	-4.246404134355605e-5	-6.151404272026692e-5	-8.920285164823114e-5	-0.0001284451152210042	-0.00016556589237624875	-0.00018149211528182413	-0.00019728628084490774	-0.00022632209073416426	-0.0002664375635267127	-0.00030677392386362773	-0.0003045132392770489	-0.0002802121407087174	-0.0002396926214367351	-0.00021329381078190324	-0.00022044946694933093	-0.00021517130536097967	-0.00027155870347544964	-0.000264461733870576	-0.0002465139082447054	-0.00019834213188952426	-0.0001727800681390959	-0.00014485332041919846	-0.00013735085107029893	-0.00012959729361709804	-0.00012190283526537782	-0.00011278408968470183	-0.00010674860528945423	-9.298318950738682e-5	-7.845281759302769e-5	-0.0001099810455380823	-0.00014300706820992437	-0.0001299662428459053	-9.353176707530692e-5	-8.457609959600099e-5	-0.00010286451258920831	-8.43327082429221e-5	-2.656125287162775e-5	-5.011631626188062e-6	-1.4259586892349796e-5	-3.644986070784617e-5	-5.464627958039897e-5	-6.919762235001875e-5	-8.217300440354486e-5	-8.899391380073896e-5	-8.670213971686408e-5	-8.246342107429139e-5	-7.811688232037262e-5	-7.375284855493797e-5	-6.505790036467202e-5	-6.864072873459526e-5	-5.707958509060945e-5	-3.8189390885734475e-5	-2.222841041007312e-5	-5.3677170130592144e-6	-2.7942360881702544e-6	-7.5862031500423255e-6	-1.163519757971243e-5	-2.42608196986821e-5	-3.2756909598002926e-5	-4.3378160004964306e-5	-5.3776137514359446e-5	-6.1030121277852456e-5	-6.759485701203494e-5	-7.177771528185661e-5	-7.743632335832293e-5	-8.540295375189175e-5	-8.315960685909354e-5	-8.845635145584077e-5	-9.247876569347044e-5	-9.347566449179057e-5	-9.219673803703352e-5	-9.662774069383803e-5	-0.00010106745524035912	-0.00010489451646687742	-0.00010238029749063543	-0.00010300317716815943	-0.00010875875048645123
1.1870576543211372e-5	1.1670675629247076e-5	1.2213943317027423e-5	8.53297846877682e-6	8.242497396421244e-6	7.202506684600082e-6	8.305482956114454e-6	5.906322685707982e-6	1.144989455353386e-5	1.3424402106436417e-5	1.1065902317738963e-5	1.3749302315169826e-5	8.391499788876905e-6	8.973447744413388e-6	4.584355952578362e-6	1.8892138829891547e-6	5.573419953634404e-6	5.657688483288667e-6	5.79749627211551e-6	6.051940930817609e-6	7.887688088402053e-6	9.011076756190554e-6	7.812814184124904e-6	5.907877377413218e-6	9.276103648224454e-6	1.1152254006342385e-5	1.1556945830014376e-5	8.214031207596714e-6	8.879790864202083e-6	4.832994464701312e-6	6.481843761816514e-6	6.1134614894303024e-6	5.402735686133378e-6	7.105104970085013e-6	6.078659765210853e-6	4.388129399776619e-6	8.574109846594402e-7	-5.110241223238443e-6	-1.2754430270180833e-5	-2.1687389026563836e-5	-3.065328036972598e-5	-3.233397897301968e-5	-3.101626420976e-5	-2.4692986262501992e-5	-1.6597274769825088e-5	-9.35741870274065e-6	-6.582205592207957e-6	-9.510135083948268e-6	-9.351474672750215e-6	-1.2531928565619882e-5	-2.3238560652606016e-5	-3.7046246170562014e-5	-5.405190764374776e-5	-7.354344319946901e-5	-0.00010152533658604537	-0.00013562749621304215	-0.00015641498079393967	-0.0001661185711557267	-0.00018507471781243484	-0.00021018269102165282	-0.0002462876441417655	-0.00027825000073131156	-0.0002657929550281893	-0.00022627829579686953	-0.0001961835543193638	-0.00017851940618037604	-0.00016787292226889267	-0.00017833918402373333	-0.0002308448819468914	-0.00022332423453910732	-0.00018670911930245004	-0.00016801384816831494	-0.00013740967218234257	-0.0001312464707227401	-0.00011382572618831577	-0.00010192446810598083	-8.817257698707365e-5	-7.353244955207033e-5	-6.272456534207882e-5	-5.712038567834421e-5	-7.254287448521524e-5	-0.00012286456259943263	-0.00013065951066319054	-0.00010315950372576099	-0.00010796977721605483	-9.201958672041405e-5	-4.6824964804008384e-5	-2.4029604911782187e-5	-2.20241564785964e-5	-3.061420659079134e-5	-4.558395729024195e-5	-5.837877284451537e-5	-6.441570096337584e-5	-7.062387220174715e-5	-8.281507651950598e-5	-8.541091586159594e-5	-7.748500853530654e-5	-6.995244628774794e-5	-6.68891383254211e-5	-6.387533525113037e-5	-7.159640577885512e-5	-6.2464024295876e-5	-4.634033911807278e-5	-2.5726299888138848e-5	-1.9499690165521166e-5	-1.148757597293354e-5	-1.9209024561955834e-6	-3.5163064951090894e-6	-1.3862935105413143e-5	-2.468206054036942e-5	-3.555731891650288e-5	-4.797469875788413e-5	-5.4789550392279895e-5	-6.263831787240923e-5	-6.544407957177409e-5	-7.195159019372094e-5	-7.444708283003976e-5	-8.011230714184345e-5	-8.011755110249111e-5	-8.234541125145753e-5	-8.477212725191419e-5	-8.851319270629723e-5	-8.740409822771342e-5	-9.171301386520433e-5	-9.6063645861795e-5	-9.57274942365964e-5	-9.78078042277071e-5	-0.0001027492562604218
1.2123897914252668e-5	1.0272767825194457e-5	8.724952428292368e-6	9.35252952014888e-6	9.399157423510204e-6	8.5364807670546e-6	5.154681206615691e-6	8.913712731253506e-6	9.429541837028405e-6	1.1654511421687816e-5	1.1169996541214242e-5	9.32802253950267e-6	9.69526192727381e-6	3.880555273817754e-6	5.327733805342294e-6	4.3705692819202835e-6	2.053834126424306e-6	3.076118000730141e-6	5.757734268746831e-6	7.643870521896641e-6	5.96671862851221e-6	5.192120510117727e-6	6.532640571608843e-6	9.445901133216077e-6	9.764624872565797e-6	1.0054444391860776e-5	1.0121723581892408e-5	7.86483757894002e-6	7.249254310986303e-6	5.859469186979618e-6	4.660170280267398e-6	4.715649474639622e-6	4.973457084535282e-6	4.460147122508154e-6	4.426525498143347e-6	4.217973789254897e-6	2.8869214419198486e-6	-1.360059525938595e-6	-7.781103615166901e-6	-1.6426657506018322e-5	-2.7026874607673917e-5	-3.576256554348872e-5	-3.764525274623995e-5	-3.206838711678622e-5	-2.67584248487239e-5	-1.9406344695278854e-5	-1.3102312312364417e-5	-1.31739082533458e-5	-1.2228236489792571e-5	-1.3417334626154853e-5	-2.1442691264077218e-5	-3.575885876468121e-5	-4.900810269756195e-5	-6.43735377503507e-5	-8.505284822789283e-5	-0.00011354640350787898	-0.0001363123738233954	-0.00014597321615350545	-0.00015792039160730797	-0.0001744636109841588	-0.00019733048636956518	-0.00022371068289939872	-0.00023765170734102448	-0.0002270126501060024	-0.00018403607348997653	-0.00015700921162167814	-0.00013879838706327974	-0.00012744241946471835	-0.00019675019892386597	-0.00018684425133388277	-0.00018144830939408746	-0.00015505036523363186	-0.0001272790937315721	-0.00011446924126894825	-8.91922794302169e-5	-8.310840134573977e-5	-6.762628781617486e-5	-5.3879200688673745e-5	-4.352779855304467e-5	-3.704782335946233e-5	-4.130839593996516e-5	-0.00010428801810839772	-0.0001366412183054222	-0.00012232983723214907	-0.00010477825280585246	-7.111599698884918e-5	-4.046117336575089e-5	-3.460482963547895e-5	-3.321986804562249e-5	-4.267219151816992e-5	-4.8931985091420216e-5	-5.2660994922376636e-5	-5.9532918417030956e-5	-6.964431234404017e-5	-7.946475899175964e-5	-8.141952899647781e-5	-6.843708076371274e-5	-5.851712961846972e-5	-6.157689570913949e-5	-6.640246317211884e-5	-7.143329764508488e-5	-6.53604444872391e-5	-5.096999818737791e-5	-3.8314281109765036e-5	-2.5679124191629876e-5	-1.4533016825558909e-5	-5.720742130878309e-6	-4.442228594518649e-6	-6.744485395518418e-6	-1.8236205948096718e-5	-3.0179536387314743e-5	-3.9851775742241746e-5	-4.993541853886424e-5	-5.834350136259964e-5	-6.347890968297701e-5	-6.63357640844596e-5	-7.275818332151338e-5	-7.494133839967138e-5	-7.549503031186941e-5	-7.775642374982863e-5	-7.603825007791373e-5	-7.962420848529883e-5	-8.633511109799527e-5	-8.203107881550945e-5	-8.851527101344167e-5	-9.2533701079138e-5	-9.26066699453304e-5	-9.487923435195361e-5
1.0850237917338357e-5	1.1513646752583234e-5	1.0680778256191154e-5	5.480390148854611e-6	5.243507695098029e-6	6.780443258724497e-6	8.292177627053712e-6	5.22809351149664e-6	7.797653500543969e-6	1.0702929238411499e-5	9.378274361520472e-6	9.820455456862123e-6	8.011821376685893e-6	7.479503182170749e-6	2.269768601586078e-6	3.798611639539533e-6	2.7516105713387695e-6	3.835140538477333e-6	5.5893427771324874e-6	6.87003757918539e-6	6.552657884611318e-6	7.038295022753632e-6	6.430146129096648e-6	7.892460000976341e-6	8.997350092613057e-6	1.0851943367355676e-5	7.159539074878124e-6	8.069044347622234e-6	7.368343538398034e-6	3.4880865828080393e-6	5.58162554804148e-6	3.314209529644424e-6	3.7562399208840996e-6	3.443641449470472e-6	3.832691976290992e-6	3.552408096418186e-6	2.8394866210916525e-6	1.8891824411261526e-6	-2.640265610309722e-6	-1.0705361130989438e-5	-2.1784414278979564e-5	-3.222125696681136e-5	-3.812094189576884e-5	-4.016484437792747e-5	-3.4040550868537356e-5	-3.0422222792141074e-5	-2.2758734079166704e-5	-2.0990854996023878e-5	-1.835098013217712e-5	-2.1989570754554766e-5	-2.5090087668079575e-5	-3.5134918086911215e-5	-4.8793736304002244e-5	-6.172206073063596e-5	-7.940292054506998e-5	-9.991499684905425e-5	-0.00012427441259225958	-0.00013463665219596438	-0.00014466401774410054	-0.00015432919894288466	-0.00016703712566769335	-0.00017993435409181802	-0.00019543763775300288	-0.00019895153656034753	-0.00018185799611006304	-0.00014811333268801435	-0.00012315520044742234	-0.00011423999257426792	-0.0001646394329462425	-0.00016914400826142928	-0.00015936964074814153	-0.00014259556133534163	-0.00012141224462434985	-9.994869504519749e-5	-7.970416535975355e-5	-7.041507383686446e-5	-5.310954898519321e-5	-4.1051551155808774e-5	-3.2865556847186395e-5	-3.656072558415324e-5	-3.861015923211503e-5	-7.238905969878667e-5	-0.00013231400274472255	-0.00013063670772309882	-9.312363499682647e-5	-5.9684077883918885e-5	-4.258385994087427e-5	-3.8478301057562336e-5	-4.055995871197343e-5	-4.569599299647509e-5	-4.5306979847524464e-5	-4.9141374888587996e-5	-5.902547309429018e-5	-7.094412069526962e-5	-7.840152290404523e-5	-7.113011546953929e-5	-6.167776825296428e-5	-5.4490125085682184e-5	-6.122277869131248e-5	-6.811343719950735e-5	-7.110074193902166e-5	-7.073375554982747e-5	-5.862904324353824e-5	-4.867160027875045e-5	-3.557694514422921e-5	-2.3158223168978642e-5	-6.74043253937745e-6	-2.801867028320859e-6	-8.798599977939692e-6	-1.4904891990769054e-5	-2.5940276619437763e-5	-3.7506252931977097e-5	-4.571633084029733e-5	-5.3671953762889774e-5	-5.568697759861241e-5	-6.119878448408375e-5	-6.685704919372204e-5	-6.683512841472797e-5	-7.226976656005135e-5	-7.284450972110112e-5	-7.298614669451822e-5	-7.460895659963662e-5	-7.56207246344412e-5	-8.044656802687344e-5	-8.482725898659518e-5	-8.459630186034156e-5	-8.847955370759261e-5	-8.985774093122484e-5
8.213671794576535e-6	8.42027885134336e-6	7.693507533520008e-6	7.147827766956424e-6	7.408913895801464e-6	5.47990903414057e-6	3.657268146098e-6	6.950177819332534e-6	9.266205587121074e-6	7.1755657242867504e-6	8.99540340761236e-6	8.366916859868512e-6	7.346950657441745e-6	4.064214513977565e-6	2.1224105643553176e-6	7.173214930031313e-7	2.5716111233748187e-6	6.966730320347343e-6	6.3078513088841645e-6	8.56931307868531e-6	7.854132410634387e-6	7.810749578585421e-6	6.504483868294449e-6	7.092102160535449e-6	8.487628053730281e-6	7.316965121902802e-6	6.335183571314074e-6	6.47448230011588e-6	6.6914901083233586e-6	3.029841351767648e-6	3.1724665212548575e-6	2.2154008499659233e-6	2.4089930625390693e-6	3.8094244555683665e-6	2.58847798880954e-6	2.677623070100263e-6	3.023925402613481e-6	2.8049451867087627e-6	-2.7832711179190395e-7	-4.982759268124665e-6	-1.3443777612410363e-5	-2.6432344594345958e-5	-3.7528694019593745e-5	-4.174033942918806e-5	-4.142321343792235e-5	-3.9710211789840966e-5	-3.334918203135723e-5	-3.109067772113713e-5	-2.771862432507724e-5	-2.9712634859024173e-5	-3.376887777652854e-5	-4.002337361270342e-5	-5.032736271996796e-5	-6.613327366202654e-5	-8.081827221340099e-5	-9.490262558014412e-5	-0.00011736422055562412	-0.00012939613117969595	-0.000137120416800543	-0.00014754615118659636	-0.00015399192966787656	-0.00016057806072247022	-0.0001622738833497589	-0.00016544728055015862	-0.00016028407203924622	-0.00014011531832783947	-0.00011724801088786735	-9.887639665362435e-5	-7.979453881500065e-5	-0.0001583943398534085	-0.00014794038249218294	-0.00013820962289131516	-0.00011576910513132893	-9.299063179635941e-5	-7.119972157427351e-5	-5.5373122320040435e-5	-4.2393832259783604e-5	-3.523970861212672e-5	-2.769591771634855e-5	-3.006297283596887e-5	-3.966940014324405e-5	-5.647814009003549e-5	-0.00011839047548301701	-0.00012576652338915778	-8.220295559697999e-5	-6.12843283065434e-5	-5.246115000745455e-5	-4.523248171416777e-5	-3.938901678782192e-5	-4.064237271381166e-5	-4.814957699043887e-5	-5.329597104353906e-5	-6.292667211957315e-5	-7.294113501133542e-5	-6.992558051685527e-5	-6.382383413005427e-5	-5.797011156695453e-5	-5.644961885084565e-5	-5.710784482023529e-5	-6.689123311243855e-5	-7.293754391689972e-5	-7.365097583460906e-5	-6.685947281925841e-5	-5.846195576253432e-5	-4.397663065950838e-5	-2.2431479362785417e-5	-1.2547904067791021e-5	-2.078619286242922e-6	-2.2010737416727766e-6	-1.3202304321394825e-5	-2.3513832103205096e-5	-3.175772437993135e-5	-4.0872876968817834e-5	-4.855553855038011e-5	-4.925770788434189e-5	-5.878535744123503e-5	-6.27400545795756e-5	-6.45129828464458e-5	-6.598820670661656e-5	-6.917286849653786e-5	-6.774780676776018e-5	-7.195719513948193e-5	-7.271548787364177e-5	-7.84324291711741e-5	-8.27696897023715e-5	-8.021172544529429e-5	-8.450171416546012e-5	-8.464378584973828e-5
7.862473611628187e-6	8.742971597348534e-6	7.643750378743402e-6	6.935703124018658e-6	4.600838969786442e-6	3.2842683108692816e-6	3.8577655880975975e-6	4.946712690075822e-6	6.09628683255134e-6	7.978930043799418e-6	7.999214680400046e-6	7.582854320582061e-6	7.2055765488413664e-6	7.480092961047527e-6	5.694334110142862e-6	1.8753634441811412e-6	3.3872087263926015e-6	5.804225915000127e-6	9.055351209001118e-6	6.9844248386154856e-6	9.2241183631157e-6	7.836126360424508e-6	7.960064139951595e-6	6.271702368597712e-6	5.838499578551468e-6	4.742445612647764e-6	4.998250999286441e-6	4.8038534142345185e-6	4.723677151470193e-6	2.556309276671026e-6	2.6343260797583035e-6	1.4993072701332405e-6	4.086712142737509e-6	3.3994050521561625e-6	4.096882934897378e-6	3.5620098992779348e-6	2.131441724506633e-6	1.3666570316834409e-6	1.3491411221706884e-6	-3.1542596768026343e-6	-8.513386447629029e-6	-1.8118675505253423e-5	-3.0794165719987e-5	-3.973059251385913e-5	-4.325483233310473e-5	-4.5040626501895165e-5	-4.232223127726212e-5	-4.0125935560353376e-5	-3.863302207437677e-5	-3.975514644045941e-5	-4.057287210194882e-5	-4.51563789615958e-5	-5.625297721124217e-5	-7.01599477299919e-5	-8.361119533274036e-5	-9.721263328826488e-5	-0.00011497464623162063	-0.00012802522800572924	-0.00013571478131840092	-0.0001415992402541491	-0.00015092980045015164	-0.00015524908821614586	-0.00015303440513512317	-0.000145794880074962	-0.00013344345626328108	-0.00012302146356734517	-0.00010831947686897048	-9.059109040178426e-5	-8.190519779332356e-5	-0.00013864740583922897	-0.0001354920408725216	-0.00012310691637103244	-0.00010546959226115371	-9.00489025793677e-5	-6.498756882026419e-5	-5.098843157587407e-5	-4.183338593068131e-5	-3.571468207980155e-5	-3.5116379747644755e-5	-3.571204530011807e-5	-3.858623566065783e-5	-5.104503451869302e-5	-7.88146655144456e-5	-0.00011215276721644046	-8.556069980118763e-5	-6.314100934809441e-5	-5.287308221454956e-5	-4.442042675530111e-5	-3.761585173119725e-5	-4.197899493296742e-5	-4.9645294819544716e-5	-5.8742875364350966e-5	-6.181056176873118e-5	-6.350194740704918e-5	-6.197509150838998e-5	-6.016930801256565e-5	-5.894085328313203e-5	-5.63331868132233e-5	-5.931181761009707e-5	-6.702104127752351e-5	-7.004928906893804e-5	-7.83700907988627e-5	-7.582824239392785e-5	-6.61519144583983e-5	-4.991147003075708e-5	-3.092238845623513e-5	-1.1153109252121096e-5	-5.849116763850803e-7	1.5464465645542713e-6	-4.775906070359631e-6	-1.681498278290061e-5	-2.637635986360576e-5	-3.110459193813794e-5	-4.083798311451878e-5	-4.9344746496336744e-5	-5.342676491102913e-5	-5.6012543832740375e-5	-5.997888953080191e-5	-6.270755068633546e-5	-6.380040517162816e-5	-6.684350485229237e-5	-6.729659158492135e-5	-7.05100864305773e-5	-7.647252275866379e-5	-7.82316432229764e-5	-7.717467176383483e-5	-7.899280144926801e-5	-8.26959885660318e-5
6.5161511711604725e-6	7.630868810101776e-6	5.92693147165313e-6	4.851806429491054e-6	3.4593438682194166e-6	3.824905290498309e-6	1.669061509010708e-6	3.7396252544272257e-6	6.707047000035701e-6	7.849190400291764e-6	8.520213045292921e-6	9.199135377058187e-6	7.351593671930251e-6	7.269069786201843e-6	6.104854333643592e-6	4.489522740114965e-6	2.85801010678835e-6	5.62474697894666e-6	4.88775101122052e-6	4.831031869033733e-6	5.774432825346801e-6	6.973813236957338e-6	5.310711722814054e-6	6.1461697276748994e-6	2.7235031992232234e-6	3.2897360779503976e-6	3.3444175163641066e-6	3.4184750299579014e-6	3.4943185497904317e-6	4.633645924638843e-6	3.2469631909386176e-6	4.205263036665546e-6	3.5204310712237674e-6	4.709939225742629e-6	2.7651042263168724e-6	1.9217836686163253e-6	1.3902454220390131e-6	-2.518671577723952e-7	3.096725892208496e-7	-7.44492033126487e-7	-4.5767647484373786e-6	-1.0344404206916874e-5	-2.2393871913078955e-5	-3.178891047964094e-5	-4.068321265808528e-5	-4.367200237510513e-5	-4.587209187804572e-5	-4.6368323080876045e-5	-4.701547565979722e-5	-4.698215834387717e-5	-5.0528559363948594e-5	-5.470987335040589e-5	-6.274498921734345e-5	-7.29704905983071e-5	-8.487676078465511e-5	-9.738588993384034e-5	-0.0001152480093237658	-0.00013060155864760836	-0.00013546041756828595	-0.00014121396706059247	-0.00014697705975463132	-0.00015341477133806736	-0.00014989820973018708	-0.0001392865752207137	-0.0001251719869248269	-0.00010875395007291233	-9.79859212432016e-5	-7.886011060744685e-5	-7.025998782338866e-5	-8.464321832411109e-5	-0.0001244450616774001	-0.00011295438304310956	-9.677673517161783e-5	-8.045808192868459e-5	-5.963091760825823e-5	-4.557137425666852e-5	-3.567382261988883e-5	-2.9543070572367325e-5	-2.8435589928717253e-5	-3.337936589457857e-5	-4.2258531960173706e-5	-4.6632812628760734e-5	-4.944541488489246e-5	-0.00010699648133639938	-9.741279029078231e-5	-6.475456325663598e-5	-4.9700454797692306e-5	-4.5103551536002096e-5	-4.450213385732288e-5	-4.276532719529186e-5	-4.8820044903398474e-5	-5.3046095727787845e-5	-5.857573193851495e-5	-5.807470997154507e-5	-5.870085916914042e-5	-5.930984934947314e-5	-5.907855411477203e-5	-5.872409459747874e-5	-6.442379670099779e-5	-6.720341167235078e-5	-7.404931697116077e-5	-7.898194701342828e-5	-8.116615875502359e-5	-7.236757249224138e-5	-5.9779717905428936e-5	-3.574986736764457e-5	-1.716778986766282e-5	-4.177910513207539e-6	1.4767085666257673e-6	-3.4197476122578563e-6	-8.79838053541998e-6	-2.004388441247812e-5	-2.7005942783691478e-5	-3.710914339488322e-5	-4.1810496688096666e-5	-4.907385110254625e-5	-5.5133836949008974e-5	-5.5766987490553366e-5	-5.719698656760433e-5	-6.110218505207127e-5	-6.160813309161184e-5	-6.70802316688271e-5	-7.11454427272315e-5	-7.263380039567932e-5	-7.703559372438523e-5	-7.857418513577963e-5	-7.760102413087444e-5	-7.858048196515699e-5
5.618404802813434e-6	6.541931791203756e-6	5.059681379383438e-6	4.785259943287587e-6	5.148291027431279e-6	4.326268022211005e-6	4.052564870054426e-6	6.1319766809803805e-6	5.963438564574736e-6	8.948382128597804e-6	8.917699098696247e-6	9.31393609698676e-6	8.403776969017479e-6	6.940275475630572e-6	5.233602369840093e-6	3.7073515373083066e-6	3.368448450941433e-6	3.914065713249773e-6	5.006214003457424e-6	5.108626602258123e-6	4.145771725048986e-6	3.408390269240419e-6	3.8575009072422395e-6	3.0383504414678575e-6	1.8579598580134582e-6	1.4381337917410142e-6	2.4564536060638076e-6	2.3317651520575466e-6	3.841566360808166e-6	4.770065690096886e-6	5.045412790902551e-6	4.49552981646173e-6	3.2159694286944263e-6	3.3135767079413986e-6	2.266194068338556e-6	1.7809214931767403e-6	7.68184344260292e-8	-1.6657965696935395e-6	-1.4713966807120005e-6	-3.1178075800362276e-6	-2.646357010480452e-6	-6.332892652123612e-6	-1.4166352607040272e-5	-2.526469582587315e-5	-3.390812554782824e-5	-4.181175539260881e-5	-4.5552489243757405e-5	-4.828043504269755e-5	-5.006069679885233e-5	-5.419276312423893e-5	-5.766994645500442e-5	-6.271051240141004e-5	-6.810813913717129e-5	-7.724977043677486e-5	-8.913324646506876e-5	-9.853291517121845e-5	-0.00011430430598346683	-0.00013117580963508194	-0.00013531169229790557	-0.00013675688527578153	-0.00014209789714249993	-0.00014938892028797113	-0.00014926001580539694	-0.00013642631913491493	-0.0001224865903148853	-0.00010592309635740899	-9.138160454030819e-5	-7.746719791253825e-5	-6.542413518492024e-5	-4.001602369775592e-5	-0.00011043936034779711	-0.00010561383820446857	-9.710101592143999e-5	-8.098009329077227e-5	-6.554501494511478e-5	-5.2454592861135574e-5	-4.292808914330842e-5	-3.479253809970245e-5	-3.31716890284231e-5	-3.5322181811403564e-5	-4.383783462104385e-5	-5.085965849860319e-5	-5.424107885933227e-5	-8.430365747939123e-5	-0.00010360206865577676	-7.054501720196032e-5	-5.141179062334578e-5	-4.4719149824151705e-5	-4.243677479733032e-5	-4.369204390647363e-5	-4.7103570609968726e-5	-5.090703314621081e-5	-5.423302247824918e-5	-5.6264655152842014e-5	-5.639245125553527e-5	-5.830883562443767e-5	-6.0413542332833636e-5	-6.1665397397756e-5	-6.645925335665298e-5	-7.312621992314194e-5	-7.506960835292412e-5	-8.095435232542345e-5	-8.881057369548861e-5	-8.014537297706958e-5	-6.681805255577197e-5	-4.333342446807484e-5	-1.9142307259700092e-5	-5.082196057222543e-6	3.332993278072627e-6	2.178412289964571e-6	-5.9563533575876515e-6	-1.229143783282316e-5	-2.4811807610661957e-5	-3.332496805634813e-5	-3.9619162334539326e-5	-4.45100408353466e-5	-4.8750968268795186e-5	-5.2432033595482125e-5	-5.43457488754763e-5	-5.5603341484085356e-5	-6.062861063887981e-5	-6.27382361014818e-5	-6.919757231408849e-5	-7.335834717459022e-5	-7.340821917348195e-5	-7.594397783165438e-5	-7.841641707717964e-5	-7.558381432673164e-5
5.655418814460786e-6	6.0534647769710376e-6	6.365481140238258e-6	6.4069580532882114e-6	3.873676715764746e-6	4.644979686259029e-6	6.054347832535473e-6	6.992292243259909e-6	8.365998594838525e-6	8.816182891146704e-6	9.513157460134397e-6	8.883893376802551e-6	7.846356675283647e-6	4.78432967071854e-6	5.111007320493521e-6	4.547469551526712e-6	1.6989106790214065e-6	2.61183712461574e-6	4.314144554833435e-6	4.016492325363552e-6	3.636372236312524e-6	3.1530140098216114e-6	2.5760759085786955e-6	2.5864703445416942e-6	1.7206630001029288e-7	1.1854373819369934e-7	2.109834442570735e-6	3.1091329055592254e-6	4.070161661049246e-6	4.597398362612276e-6	5.156501121277371e-6	4.754931799862139e-6	3.7138932066412694e-6	2.0632685555736774e-6	1.2911917899888908e-6	8.821240721386403e-7	-3.645226210723801e-7	-2.4650460167009725e-6	-2.539694854159641e-6	-3.450000512052534e-6	-4.1176562756272544e-6	-4.324405335773621e-6	-9.085647680170603e-6	-1.6171972452589528e-5	-2.7858868532383563e-5	-3.766827697199507e-5	-4.691752509503738e-5	-4.898014177405485e-5	-5.1975188963913205e-5	-5.628616014030294e-5	-5.998631306307692e-5	-6.758256232202928e-5	-7.186368389472744e-5	-7.86010282468469e-5	-9.046865849775959e-5	-0.00010270268099507596	-0.00011495042997978697	-0.00013001758139086564	-0.00013716940251836882	-0.00013127729843942157	-0.0001356491007302625	-0.0001428395762130899	-0.0001467113298252512	-0.00013686206605956902	-0.00012302639441040542	-0.00010870675551128556	-9.485384342127617e-5	-7.839410652750456e-5	-6.4250869273412e-5	-5.375358372392697e-5	-7.850348702261728e-5	-0.00010488641845243091	-9.558453778913539e-5	-8.454467421287193e-5	-7.497261915023062e-5	-6.54941991482319e-5	-5.301361172965757e-5	-4.5016496606764544e-5	-3.8994458595280335e-5	-4.363312077100556e-5	-4.780766819749427e-5	-5.234451739243029e-5	-5.336689759809915e-5	-5.694376892760589e-5	-9.788109125302702e-5	-7.636099673587193e-5	-5.088463114408248e-5	-4.154233239957866e-5	-4.063446096529838e-5	-4.3801405428048334e-5	-4.442431362008947e-5	-4.9673910275903344e-5	-4.984591190325405e-5	-5.07958285893631e-5	-5.159330851000482e-5	-5.557128683001539e-5	-6.213319344704898e-5	-6.880443534796471e-5	-7.328347715988837e-5	-7.901855466610139e-5	-7.891354290943259e-5	-8.19698181401575e-5	-8.896806343939093e-5	-8.804171584483877e-5	-6.932869111696965e-5	-4.639633615450764e-5	-2.431905604628401e-5	-8.66511327751382e-6	5.591888822646662e-6	8.919542676070341e-6	1.4821817276126914e-6	-1.0218928893183932e-5	-2.003238021427642e-5	-2.7648447008428445e-5	-3.405619585167621e-5	-4.082698469663054e-5	-4.522655611561427e-5	-4.884042709108957e-5	-4.956670338930602e-5	-5.286562225308156e-5	-5.6780857468109736e-5	-6.252540076401997e-5	-6.772134155536014e-5	-6.888435687742861e-5	-7.189410124088663e-5	-7.546183458922301e-5	-7.645855628311826e-5	-7.536695312976294e-5
6.995977934335165e-6	7.346255304378421e-6	5.277783228898117e-6	4.035011203201017e-6	3.4300943433252656e-6	4.830111516914565e-6	5.448149120431192e-6	7.396856944227176e-6	8.71823894002012e-6	7.710080024512372e-6	8.85341208982024e-6	7.403405877714694e-6	7.04592170741071e-6	5.409396482180043e-6	3.455263879919082e-6	3.0604582182316292e-6	2.722113360458314e-6	2.667177730845266e-6	2.4416377665363587e-6	3.928617305602733e-6	2.1755410786663404e-6	1.786663807352984e-7	1.5816811564910854e-6	1.86631162997844e-6	2.380914855461963e-6	1.2491629638230334e-6	2.4672359695641216e-6	3.110603815541582e-6	4.89331792859031e-6	4.648912358589177e-6	3.2907200998421454e-6	3.3462817206845324e-6	2.356716384543933e-6	8.249247097046053e-7	-6.201034965461899e-7	-1.0027197713639857e-6	-1.231990339823144e-6	-1.5564771151631296e-6	-2.555660435880902e-6	-3.1559122990690996e-6	-3.1270435188728712e-6	-5.705127125929521e-6	-7.5822619667251234e-6	-1.1582919004363493e-5	-2.103203093455075e-5	-3.1771801552518686e-5	-4.12627006131025e-5	-4.814694709543918e-5	-5.2845291022892565e-5	-5.7273821373483164e-5	-6.254357974447636e-5	-6.624210842397574e-5	-7.133991954035718e-5	-7.663310340032953e-5	-8.80019472549419e-5	-0.00010061844115056076	-0.00011431392410356928	-0.00012805462593079575	-0.0001329731333181948	-0.00012996269652901932	-0.00012982138584624603	-0.0001340511892569847	-0.00014039997137983706	-0.00013609329201774711	-0.00012581788931022297	-0.00011292890288259333	-9.85404565020595e-5	-8.408261478569379e-5	-6.925961681340104e-5	-5.69244830309415e-5	-3.37245245835352e-5	-9.74925872454166e-5	-9.7880086631294e-5	-8.835140887127058e-5	-8.228136011076415e-5	-6.799861140740354e-5	-5.9665605247304077e-5	-5.291976557485201e-5	-5.200598990080102e-5	-4.7879296772961044e-5	-4.956653826531515e-5	-5.3460810322918106e-5	-5.1067531822192314e-5	-4.8829314831973225e-5	-8.051873859500625e-5	-8.259632734708422e-5	-5.4234100066788415e-5	-4.239150111669254e-5	-4.304136073159798e-5	-4.524869931868403e-5	-4.2862058520498625e-5	-4.6241005490811615e-5	-4.733813569000184e-5	-4.579525007906288e-5	-4.888675488728955e-5	-5.563432060960022e-5	-6.647827459956707e-5	-7.426482183121169e-5	-7.907892141676212e-5	-7.861744263405746e-5	-8.048211695612512e-5	-8.399452986439238e-5	-9.05074096181277e-5	-8.760184201303534e-5	-7.340985328299632e-5	-5.2590310687002095e-5	-3.136738129438585e-5	-8.651848280773894e-6	6.616068261820762e-6	1.0660499555597419e-5	1.7634440457360567e-6	-5.729742689423306e-6	-1.4563716552173922e-5	-2.274464145669841e-5	-2.923646941948091e-5	-3.403295749599203e-5	-3.9894498837268755e-5	-4.484760170652899e-5	-4.835920590839579e-5	-5.32231721802473e-5	-5.471613553952384e-5	-5.898539388047089e-5	-6.285770065258059e-5	-6.727313492512974e-5	-7.331799929547259e-5	-7.337146737613001e-5	-7.550379391802961e-5	-7.285458109192178e-5
5.516043351250222e-6	5.440033270858943e-6	5.4192597403936865e-6	4.217545502291711e-6	3.615851487583782e-6	1.5411478245918458e-6	3.7049829621372404e-6	7.597206202894849e-6	6.517075426407462e-6	7.592725086895749e-6	7.370962482955781e-6	7.497444369985659e-6	6.711202394597132e-6	4.019405170025206e-6	2.8708396066206426e-6	8.808822269702754e-7	7.998249686256426e-7	1.915939425883341e-6	2.8378997014768398e-6	1.386682137389031e-6	1.2621837440236067e-6	2.5957172609253343e-6	1.492653358770371e-6	6.642548924101765e-7	1.9399919225313728e-6	2.982022289689523e-6	1.7713926300181454e-6	2.232901309597718e-6	3.6445090651968104e-6	3.4293617750223715e-6	2.0321310281214144e-6	1.7619656818637641e-6	1.348044505883328e-6	4.321328722373813e-7	-1.809340139736007e-6	-1.821338652813198e-6	-1.8541555281154781e-6	-2.008352631335114e-6	-1.6950121319546374e-6	-3.2582482447762046e-6	-5.432250840559788e-6	-5.447362206494402e-6	-6.731325674809441e-6	-1.1401201082403625e-5	-1.5811079984336118e-5	-2.553334805957888e-5	-3.593573984390919e-5	-4.428713981912552e-5	-5.0678689489293965e-5	-5.505101382348096e-5	-6.141515334484593e-5	-6.457809487896496e-5	-7.156395685466513e-5	-7.556566315606097e-5	-8.32542574919111e-5	-9.65128751657246e-5	-0.00010629755176115932	-0.00011712241061983403	-0.00012970799017101783	-0.00013018275151453762	-0.00012400240881858815	-0.00012777849833995117	-0.00013274217180092238	-0.00013376397797575101	-0.00012705893498790588	-0.00011693703319028137	-0.00010214466945879241	-9.045507214349574e-5	-7.42066207743905e-5	-6.442215164104148e-5	-5.2562548497753214e-5	-7.485477092773057e-5	-9.825619484704617e-5	-9.117614302445176e-5	-8.416393710436454e-5	-7.703122525699185e-5	-6.820957698400881e-5	-6.420149763382288e-5	-6.242298312367917e-5	-5.624292752446497e-5	-5.1319602105241724e-5	-4.611747442262448e-5	-4.3998748438037194e-5	-4.2294074275792126e-5	-4.4323991742548086e-5	-8.600631036352613e-5	-6.255503309359617e-5	-4.64744471205536e-5	-4.469293359878057e-5	-4.4844760717366317e-5	-4.2910062547467376e-5	-4.2182531664707035e-5	-4.2885648808208e-5	-4.247292437458555e-5	-4.6700173892896824e-5	-5.758925281096339e-5	-6.973066883023821e-5	-7.871936159560902e-5	-7.937615777338369e-5	-7.903366161391215e-5	-8.120824184550818e-5	-8.514024863815264e-5	-8.374327484716657e-5	-8.40984543831226e-5	-7.571995938246423e-5	-5.7381531817779496e-5	-3.779146006549494e-5	-1.419319913334438e-5	1.9749843037028536e-7	1.0195558915356007e-5	8.19681009265466e-6	3.3897738132074307e-7	-9.529735561873004e-6	-1.669063639467977e-5	-2.4929467561454755e-5	-3.213329792138217e-5	-3.576820025059935e-5	-4.170891854549802e-5	-4.4895492000689846e-5	-4.803898359835579e-5	-5.2954337475315943e-5	-5.759797857846777e-5	-5.953221964873079e-5	-6.560450002256885e-5	-6.83574971258559e-5	-7.056622322067219e-5	-7.31031176348304e-5	-6.970859740135227e-5
4.186875699656659e-6	5.335648562516601e-6	5.319958666302749e-6	4.241755736803313e-6	2.816722359912441e-6	2.6151631045152196e-6	3.6928358591523103e-6	4.172760119207364e-6	5.686961155899201e-6	6.915048747372157e-6	4.8689765598259466e-6	5.408378633180513e-6	5.256064057298018e-6	3.6891201085718223e-6	1.077405146435867e-6	2.431533435969663e-7	-4.851396790805235e-7	-3.570427373894569e-7	1.8345956535621016e-6	2.088699235813264e-6	2.0018538693031274e-6	2.609187903712326e-6	2.623166535874709e-6	2.8293467557987534e-6	3.6901597500350186e-6	4.004445619499794e-6	2.4723432936329948e-6	2.6978511655575965e-6	1.3158679332790635e-6	2.409194507302717e-6	8.568397185347576e-7	9.061247845804088e-7	-4.3171455993418206e-7	-8.14961975941636e-7	-1.0819854398286949e-6	-1.7742650068337112e-6	-2.4520693635288193e-6	-2.6994543482049965e-6	-1.5418084560805956e-6	-2.5238108586518593e-6	-5.163406106758334e-6	-6.448777492909508e-6	-7.832512660373506e-6	-1.0196725489788547e-5	-1.4545155282031513e-5	-2.0541645641414252e-5	-2.8527871850838465e-5	-3.959203960773178e-5	-4.9419807818511935e-5	-5.725130986693541e-5	-6.0059927951133796e-5	-6.519601579522277e-5	-7.019379099238582e-5	-7.421627619104768e-5	-8.285295979024512e-5	-9.120164627847427e-5	-0.00010017891621501643	-0.00011196403575325711	-0.00012330724619537617	-0.0001282112748217032	-0.00012361471530631177	-0.00012230885130647823	-0.00012529695895191137	-0.00012724466256055014	-0.00012531129020727783	-0.00011889875097936126	-0.0001088563605575188	-9.291727977311925e-5	-8.389228482903743e-5	-7.136285019946481e-5	-5.675661774329904e-5	-3.86686976926523e-5	-8.869838121362134e-5	-9.57538968905311e-5	-9.041916802961236e-5	-8.817377470521359e-5	-8.192263772736907e-5	-7.761217460811737e-5	-7.006214954984741e-5	-5.70782986847318e-5	-4.614661821070176e-5	-3.828766730745725e-5	-3.593590605210223e-5	-3.8202579663061675e-5	-4.211567216933637e-5	-7.350226503832769e-5	-7.839282402475473e-5	-5.028783856345087e-5	-4.338750344244635e-5	-4.231250224327743e-5	-4.130799825460829e-5	-3.564086515066983e-5	-3.803681100558037e-5	-4.0574273975357844e-5	-4.995706908046682e-5	-6.089812985485277e-5	-7.24884414646243e-5	-7.566721647042987e-5	-7.803699619010965e-5	-7.607617519885673e-5	-7.851975108519663e-5	-8.039368720432274e-5	-8.321980431158504e-5	-7.914733137544955e-5	-7.800452379294262e-5	-6.67408170829803e-5	-4.691322227608555e-5	-2.1866677630925924e-5	-1.497197873491507e-6	8.956062454157365e-6	1.198964343605835e-5	2.858171436071616e-6	-4.020804793714722e-6	-1.3014100430988607e-5	-2.0610426451454777e-5	-2.722877186309841e-5	-3.231010549170285e-5	-3.810009447692553e-5	-4.0306727031556855e-5	-4.4991054501744565e-5	-5.050157075294978e-5	-5.537159310708625e-5	-5.875450397475196e-5	-6.12353263798951e-5	-6.586910460430404e-5	-6.737167648849379e-5	-7.202918936213137e-5	-6.98256202207384e-5
3.520597767307787e-6	4.4724601084254745e-6	4.771478730788287e-6	3.577776963581414e-6	3.135346583055254e-6	2.513738024158274e-6	2.8123260285232293e-6	2.750962625015438e-6	5.618140393008619e-6	5.241022839243964e-6	5.096468196465545e-6	4.03926737435438e-6	4.001220985398388e-6	4.036577766920041e-6	1.7615461498331209e-6	-8.383186451878938e-7	-1.2756373377314362e-6	-1.0283493755971693e-6	1.554980509589285e-7	3.5180857657418282e-6	4.268171130113532e-6	3.354639550629153e-6	4.5592559133438015e-6	3.398982985802941e-6	2.6509293620923663e-6	2.3793957797980936e-6	2.5433537925462907e-6	9.55101151162499e-7	-4.2831677874582974e-8	5.272449957096498e-7	1.6790193367588468e-6	3.3499293833685884e-7	-1.74445259127666e-6	-1.8128193174024587e-6	-2.0125596339199553e-6	-1.837817333212588e-6	-1.7209197662824277e-6	-2.276048056623625e-6	-3.7404873577846776e-6	-3.0874263649144362e-6	-4.369874389642883e-6	-7.67602515295944e-6	-9.113323322981065e-6	-1.1220522124280596e-5	-1.1821775736066062e-5	-1.9986233994835276e-5	-2.6053944131255655e-5	-3.6639933003856234e-5	-4.467677150541555e-5	-5.2738339032225995e-5	-5.8250058585212344e-5	-6.798110306020094e-5	-6.977777334887456e-5	-7.631400432374022e-5	-8.244551845696876e-5	-8.770837333325898e-5	-9.414582861130144e-5	-0.00010187146400964311	-0.00011375536244310341	-0.00012565207414046847	-0.00012516858838469702	-0.00011878403246906241	-0.00011849001624710323	-0.00012341383514094528	-0.0001226587887791404	-0.00011894085992806766	-0.00010892640251152635	-9.825801543933421e-5	-8.789103505321e-5	-7.710841177805544e-5	-6.716542469767384e-5	-4.573162931242186e-5	-6.804453756090872e-5	-9.745128033526729e-5	-0.00010308253328619038	-0.00010301864103532538	-9.725519109667069e-5	-8.511460254049391e-5	-6.735294353493737e-5	-4.9700513127769186e-5	-3.5119772107822245e-5	-3.063977435484311e-5	-3.168949954876488e-5	-3.459633512829796e-5	-3.912035691049087e-5	-4.434513975644372e-5	-8.216870781875552e-5	-5.633641936200057e-5	-4.3533174027415855e-5	-4.250147055042536e-5	-3.374045574183748e-5	-3.198777852840562e-5	-3.3154636479813815e-5	-4.1043663476583725e-5	-5.1933996057622334e-5	-6.631894827139467e-5	-7.212444964183051e-5	-7.465608003760088e-5	-7.401226669295075e-5	-7.71169155009549e-5	-7.958949466277052e-5	-7.854864230837783e-5	-7.918139901348306e-5	-7.86521421993272e-5	-7.365119587343996e-5	-7.049058765081634e-5	-5.230224603023845e-5	-3.289054949619577e-5	-1.1366130421835291e-5	4.423962281577265e-6	1.3503222682804267e-5	9.656212353152671e-6	7.739646597226812e-7	-9.096172003553865e-6	-1.8453205597682848e-5	-2.422767124725042e-5	-2.9459950538074375e-5	-3.446582423757491e-5	-3.8547508501157735e-5	-4.283927796918177e-5	-4.732106698678018e-5	-5.222062495965907e-5	-5.401490924461169e-5	-5.806294670323425e-5	-6.116000750549383e-5	-6.578541005127989e-5	-6.567416879418864e-5	-6.843278997940502e-5
3.1021750381172997e-6	3.2147377479214284e-6	3.4058862772180093e-6	3.1352810430339273e-6	2.5949071721671074e-6	2.358170353867345e-6	1.4988063416244979e-6	1.9664952988478895e-6	2.9230126619931435e-6	4.672392138992121e-6	4.4796174690671375e-6	4.0345381928982155e-6	2.543705345100719e-6	3.1332976848947452e-6	4.872296142932608e-7	3.0959273773084606e-7	-4.925279476798716e-7	1.4060484005394558e-7	1.8072944941820157e-6	4.2514363882660555e-6	5.983276238829757e-6	5.228555815302988e-6	4.625344825572898e-6	3.72496503856911e-6	1.5872664239826445e-6	7.973048762009716e-7	1.1875780849164574e-6	7.854318866303001e-7	7.101398733378589e-7	-1.7334187741874924e-6	-1.1937275170084694e-6	-3.3553631336065426e-7	-1.1639132854127793e-6	-2.2280974808219778e-6	-2.241365323592606e-6	-1.8940454944455648e-6	-1.5819470841789418e-6	-2.611607870066368e-6	-4.274881419989371e-6	-4.249584083064473e-6	-6.139817685301904e-6	-6.106976008874929e-6	-9.675012364613461e-6	-1.0775847526572555e-5	-1.30252610726269e-5	-1.720537959066376e-5	-2.1819437207547254e-5	-2.797493101969542e-5	-3.893091984853367e-5	-4.558490699713494e-5	-5.640552255955708e-5	-6.338879014787871e-5	-6.959144333929315e-5	-7.912085401998517e-5	-8.140950598107405e-5	-8.725620670880369e-5	-9.244656331685447e-5	-9.825588525311582e-5	-0.00010819451270235175	-0.00011864991497981259	-0.00012334871991002971	-0.00011582493698956281	-0.00011181339697446252	-0.00011275621831629418	-0.00011637877602799565	-0.00011540943163157805	-0.00011017862793991084	-0.0001023172385575602	-9.289756388187326e-5	-8.249159623614777e-5	-7.58356284670178e-5	-6.351505486921344e-5	-4.576784632705222e-5	-9.502510605642611e-5	-0.00011760260191888416	-0.00011596771329683286	-0.00010357843987889026	-8.097314550641055e-5	-5.8768641049509324e-5	-4.21472972625056e-5	-2.971200287757783e-5	-2.6975652506026904e-5	-2.697860446328193e-5	-2.9412815065466003e-5	-3.596807769158661e-5	-3.9039389451191175e-5	-6.473527183054051e-5	-6.702052064364028e-5	-4.4216349006677425e-5	-3.782589898856242e-5	-3.059413562333385e-5	-2.5233235206173488e-5	-3.377543698283164e-5	-4.408770679260876e-5	-5.848137740131071e-5	-6.879883772056838e-5	-7.160947030661335e-5	-6.956126088553463e-5	-6.697514905954632e-5	-7.151208515328647e-5	-7.699348152307231e-5	-7.871512019671026e-5	-7.866030336855026e-5	-7.621299788094713e-5	-7.406689074996448e-5	-6.882254385527989e-5	-6.156474061016354e-5	-3.8036047618830726e-5	-1.7466952688914572e-5	9.185497414770927e-7	1.249921677661317e-5	1.0418040182706007e-5	3.592190076211893e-6	-5.057441553220354e-6	-1.3322632710574545e-5	-1.9763779317543556e-5	-2.766877726283548e-5	-3.088146963625346e-5	-3.5502969975790416e-5	-4.0076163795952496e-5	-4.431754407354348e-5	-4.656361019960038e-5	-5.01493107023937e-5	-5.428844136387556e-5	-5.85247402840397e-5	-6.22000708317555e-5	-6.389056287064293e-5	-6.566027853805584e-5
3.3241267675737304e-6	2.316708348597263e-6	2.5514788578370057e-6	2.7760068007330607e-6	2.2759936567796207e-6	2.108093457827212e-6	7.647923093434539e-7	6.824376404691163e-7	1.0744071647986186e-6	1.452001713309059e-6	3.7358992581362077e-6	2.440282866186458e-6	1.3581447435868227e-6	1.1840077258472997e-6	1.9961200661139378e-6	1.5252070711003346e-6	2.220517958959403e-6	8.268523940622302e-7	3.5114416528560927e-6	4.603687195998615e-6	6.273094999183215e-6	6.0524532976592715e-6	3.854918662928031e-6	2.932331881109161e-6	1.8344739789732945e-6	6.177487720578773e-7	-1.0960351821010655e-6	-4.901850952053477e-7	-8.416788045608609e-7	-9.804898863305378e-7	-2.849572520221416e-6	-1.5578010344359516e-6	-1.5731228711172995e-7	-6.527790732003408e-7	-1.6477550660726203e-6	-2.8439577624307655e-6	-3.036855489302326e-6	-2.9878243976155794e-6	-4.004276429750778e-6	-5.755558410511924e-6	-7.076156501029107e-6	-6.838399746640633e-6	-7.589167900882987e-6	-1.0180372143160296e-5	-1.482796987951028e-5	-1.6333973941202312e-5	-2.0133638273288693e-5	-2.583698782265137e-5	-3.225395317041184e-5	-4.062785394567947e-5	-5.138328477982679e-5	-5.7682628801496855e-5	-6.961808782452242e-5	-7.818485989923366e-5	-8.348047117944998e-5	-8.444071066286349e-5	-8.78521733442203e-5	-9.041574791385926e-5	-9.86498915325415e-5	-0.00010910711180020516	-0.00011837211457343608	-0.00011354390089821434	-0.00010926714600397597	-0.00010774533348856252	-0.00011221632179253885	-0.0001091709056055129	-0.00011011071118479168	-0.00010351605293432153	-9.545078334498303e-5	-8.716620752014653e-5	-8.037717887099394e-5	-7.827818937749392e-5	-6.885512602791688e-5	-8.861114858364771e-5	-0.0001163404778330851	-0.00011300861348052457	-9.503169464460809e-5	-7.609846276344576e-5	-5.541331689297088e-5	-4.191745485871562e-5	-3.097212238198019e-5	-2.4148771415703763e-5	-2.455611278553982e-5	-2.6796924596818317e-5	-3.1528360976661174e-5	-3.7922675416579565e-5	-4.1959743839192765e-5	-7.381548117971898e-5	-4.7702799284461694e-5	-3.4840990552689743e-5	-2.7874156758797564e-5	-2.8605468037692927e-5	-3.648725538287628e-5	-5.26559692116263e-5	-6.591290783574538e-5	-7.06378778169911e-5	-6.870773232043464e-5	-6.66564308089701e-5	-6.507472701975867e-5	-6.913490765113328e-5	-7.244709823370221e-5	-7.448853046963105e-5	-7.644200447328234e-5	-7.58888666154995e-5	-7.594644401212602e-5	-7.10893140144428e-5	-6.855055558569953e-5	-4.9588372687606186e-5	-2.8314518698419056e-5	-6.581859623294717e-6	6.58220391169459e-6	1.1740631416286978e-5	9.261088044446725e-6	-1.5873344305639137e-6	-8.961023275407681e-6	-1.5667996305750165e-5	-2.1296416995338074e-5	-2.8228928905787293e-5	-3.126781464497276e-5	-3.5382471556605e-5	-3.822196232476996e-5	-4.2207127766771824e-5	-4.612418465829021e-5	-4.991305879351558e-5	-5.4979553082510485e-5	-5.967998342151955e-5	-6.320143345305007e-5	-6.376085071166035e-5
2.024354994615077e-6	1.801028456146353e-6	1.2280311316448245e-6	1.2844679746909504e-6	1.4697593185911129e-6	-1.5885513390823114e-8	-1.0258612535840594e-8	6.113336562234978e-7	-2.682939590978317e-9	7.474136869307924e-7	2.1670577116626732e-6	3.185533000577001e-6	3.081408365230784e-6	3.9438371730697586e-6	9.203473215740193e-7	3.494497822619652e-6	2.964103300914095e-6	1.8653224581263728e-6	3.0280656725546057e-6	3.7026162301098675e-6	3.916150200346594e-6	4.911100917755727e-6	4.6406666893593004e-6	2.7306458282678678e-6	1.1671071552775414e-6	-4.24876063151447e-8	-1.922128038331361e-6	-2.103101384449274e-6	-1.4673117863968355e-6	-1.5321932904290708e-6	-2.459553963491193e-6	-1.8727569408433231e-6	-1.5700292899534923e-6	4.2168297933325993e-7	-5.737181292108512e-7	-2.783622778893685e-6	-4.830788682486445e-6	-5.423880637157874e-6	-4.576548233263533e-6	-5.4869985779363445e-6	-7.63356077567584e-6	-7.875389197112975e-6	-8.70896996012227e-6	-9.72573050198565e-6	-1.1412860782301915e-5	-1.746054459328926e-5	-2.210741390840966e-5	-2.2522915742737362e-5	-2.8022540505493604e-5	-3.4395393407353134e-5	-4.3788724219968184e-5	-5.496118675191869e-5	-6.66801098386273e-5	-7.70194900153072e-5	-8.018536382841182e-5	-8.37593464638603e-5	-8.731208789823641e-5	-9.133095159059162e-5	-9.831940865840175e-5	-0.00010655602279436432	-0.00011355532079969713	-0.00011510711302306284	-0.00010812998126009596	-0.00010236417816904611	-0.00010153155296762154	-0.00010343115806107223	-0.0001059830871067563	-0.00010323547642828237	-0.00010034763298083504	-9.779196175714253e-5	-9.744932860872649e-5	-9.84269564181621e-5	-9.801199007128739e-5	-7.142709714707055e-5	-9.414634604678826e-5	-9.490095417407501e-5	-8.093526196462086e-5	-6.682275441533339e-5	-5.6797231360369155e-5	-4.297116579666388e-5	-3.327194612488468e-5	-2.2497623881033435e-5	-1.9861223017787755e-5	-2.2749715522865643e-5	-2.821384608147487e-5	-3.3493687207411527e-5	-3.573851642141995e-5	-3.972327469129594e-5	-5.582186828664154e-5	-3.226309247972986e-5	-3.196685852222686e-5	-3.540530227937738e-5	-4.493786072423678e-5	-5.5654559086293354e-5	-6.657267711271744e-5	-6.576742487196183e-5	-6.450860955435275e-5	-6.177826089234784e-5	-6.389403920227868e-5	-6.878955694997191e-5	-7.200232033863219e-5	-7.356830964734551e-5	-7.55480037523907e-5	-7.580882205619408e-5	-7.383545519239719e-5	-7.091207986477735e-5	-6.634897983131584e-5	-5.720086790296161e-5	-3.764777335366065e-5	-1.640569442990826e-5	6.030094500987515e-7	1.1962343930086577e-5	1.2841300695313682e-5	4.100046311576039e-6	-4.99639348991443e-6	-1.1901176956907386e-5	-1.786464449678518e-5	-2.198132789069801e-5	-2.736606934442519e-5	-3.2055657390658854e-5	-3.470140396821114e-5	-3.765193658158278e-5	-4.16007829584248e-5	-4.827853823099679e-5	-5.293383865457614e-5	-5.6243505160277416e-5	-6.0385068148018084e-5	-5.84249771500879e-5
1.2109123111777448e-6	1.6409674590293563e-6	1.1781895310715093e-6	3.8097769296946415e-7	5.50086587608814e-7	-7.493728944665823e-7	-4.605282897651025e-7	-8.281547919219284e-7	-2.827609565762834e-7	7.81823553380051e-7	1.6737072611096998e-6	3.096146087991705e-6	4.093284657622279e-6	3.196846867087322e-6	2.376094438392984e-6	2.9975653578241668e-6	2.0273811655088098e-6	2.85320194120392e-6	2.88037093633918e-6	3.885772170068684e-6	4.370405228579059e-6	3.6976227743741596e-6	3.641187178160532e-6	1.543499296473641e-6	7.876093305108842e-7	-2.889001294052382e-7	-2.203301668717017e-6	-2.2458387010987e-6	-3.231377473001014e-6	-1.0812950198852561e-6	-2.4099413193116523e-6	-1.0780042494513281e-6	-1.093397724791223e-6	-2.516083831083718e-6	-1.7316749163082124e-6	-3.051913105914239e-6	-4.595510251633947e-6	-6.61928121364376e-6	-7.162591564779594e-6	-6.832327536848357e-6	-7.823775590061477e-6	-9.074126487099848e-6	-1.0566879212999328e-5	-1.0540975861270119e-5	-1.2405681814936162e-5	-1.4894587137010556e-5	-2.0553558990410795e-5	-2.2329813047445093e-5	-2.7721821230708085e-5	-3.3203028081954175e-5	-3.782157472951263e-5	-4.9865603725211816e-5	-6.131608247398126e-5	-7.286039539712227e-5	-7.883073561325629e-5	-8.43505993677017e-5	-8.73491649562401e-5	-9.102272202025224e-5	-9.628441322235073e-5	-0.00010156138343514476	-0.0001124062544433091	-0.00011621836143189263	-0.00010868504777801838	-0.00010167839535829906	-9.889986805856552e-5	-9.873982019384733e-5	-0.00010237648364686339	-0.00010652756796255755	-0.00011097966485682995	-0.00011467448686594203	-0.00011317655558389095	-0.00010903733048839986	-9.82053922774298e-5	-7.075302263558417e-5	-5.78376635322099e-5	-7.190255297629192e-5	-6.95468725469238e-5	-6.315371055970465e-5	-5.622296546511571e-5	-4.621885757146241e-5	-3.28355719350637e-5	-2.1700686928839696e-5	-1.8323242229056902e-5	-1.9919629856181287e-5	-2.3335761274723144e-5	-2.963309296295097e-5	-3.1932821296064284e-5	-3.175716850947752e-5	-5.892774668832951e-5	-3.986702916576601e-5	-3.470935756692828e-5	-4.528171251589469e-5	-5.443774673662832e-5	-6.130726872347059e-5	-6.165497734751668e-5	-6.173196442959064e-5	-6.034262233769669e-5	-6.105565185376971e-5	-6.386094810514192e-5	-6.886404288605416e-5	-7.06986130066551e-5	-7.16973838697614e-5	-7.448314683663852e-5	-7.198842807672537e-5	-7.319693798562427e-5	-7.018504221269033e-5	-6.599767482734845e-5	-6.201600198001492e-5	-4.8620050558311964e-5	-2.757657906822704e-5	-4.390884194866579e-6	6.697064615108356e-6	1.3157820997035732e-5	8.064638936039828e-6	-8.445462482565419e-7	-7.150534125314328e-6	-1.345120867989047e-5	-1.9392817755294056e-5	-2.2230899114844896e-5	-2.7040853985225294e-5	-3.1004671025664995e-5	-3.590917418017786e-5	-4.096139979937671e-5	-4.459349203919313e-5	-4.9359210159893516e-5	-5.459593245701021e-5	-5.5629959975567536e-5	-5.499116057807417e-5
9.258198998022757e-7	1.1685927019892267e-6	1.237375599118934e-6	1.5183329853812877e-8	-7.802827665676776e-7	-3.671509304263923e-7	-9.181707043975917e-8	-1.0144140031014687e-6	-1.0678022593739456e-7	9.860118906253323e-7	2.105382654240401e-6	2.943790691897416e-6	3.922890441307447e-6	3.1681939786486896e-6	2.837449134159009e-6	2.26210055461612e-6	2.568204085810419e-6	3.353271273934949e-6	3.391205339545872e-6	3.6502623027099418e-6	3.951904870513022e-6	3.61024979442931e-6	2.8289795229704054e-6	1.5878746207438274e-6	-5.297580950303082e-7	-1.8365305072065921e-6	-3.1932857508416845e-6	-3.3611249227643095e-6	-3.2860338527920113e-6	-2.81636686357261e-6	-2.2953274209699254e-6	-1.8747983037987331e-6	-1.6137212551468882e-6	-3.072793132137888e-6	-3.84977087101307e-6	-3.6613171262162014e-6	-5.108702740355686e-6	-6.288369076758865e-6	-7.3386474577340904e-6	-8.441184383423117e-6	-6.90574024830512e-6	-8.648851437548927e-6	-1.0337922900539864e-5	-1.2442035981141339e-5	-1.3731233814914812e-5	-1.5831873247280914e-5	-1.5587065899059713e-5	-2.1847099379145724e-5	-2.4894212884672695e-5	-3.1632472059480235e-5	-3.746967067673988e-5	-4.534888960118673e-5	-5.327564257806561e-5	-6.51812928176114e-5	-7.357780780047757e-5	-7.901161539272672e-5	-8.470041887916752e-5	-8.941579827904597e-5	-9.727996620051416e-5	-9.982263832804955e-5	-0.000103019964358287	-0.00011046547579657631	-0.00010662076554762354	-9.681286919057189e-5	-9.449088587314483e-5	-9.844056087860223e-5	-0.00010471334682595618	-0.00011519219378277462	-0.00012306970584774132	-0.000122692101378781	-0.00011784406946362819	-0.00010441470247018331	-8.49690381531272e-5	-6.877714738874607e-5	-3.064702121637411e-5	-4.965374655495e-5	-6.0554041219230276e-5	-6.210432499211341e-5	-5.4022964649912825e-5	-4.756756810274029e-5	-3.61522641792629e-5	-2.5038989057060007e-5	-1.63444786134212e-5	-1.589781604971474e-5	-2.0406239415252103e-5	-2.7504226435444423e-5	-2.5926744583702754e-5	-2.5091877469025914e-5	-2.5119191557516907e-5	-5.2746194348016195e-5	-4.405300137264728e-5	-5.5714689155619834e-5	-5.9242282683235475e-5	-6.443042388677711e-5	-5.964049154712214e-5	-5.73938902588729e-5	-6.002088246987586e-5	-6.0976807424954066e-5	-6.325826527094763e-5	-6.642951640156713e-5	-6.726154634889396e-5	-6.908788797131693e-5	-7.269855683699096e-5	-7.249990194237339e-5	-7.260910202624461e-5	-7.054775990819606e-5	-6.588239968765425e-5	-6.144746045539176e-5	-5.511548544488189e-5	-3.797819873798021e-5	-1.806123881096383e-5	2.9580053142151674e-6	9.866406872277925e-6	1.0822264417086058e-5	4.206848031821503e-6	-1.4144597494138156e-6	-9.827541341475565e-6	-1.3391920520655978e-5	-1.6954917342066472e-5	-2.1342439236260793e-5	-2.920052470222617e-5	-3.397850474292155e-5	-3.9660341390147444e-5	-4.1912212958052086e-5	-4.625011490325473e-5	-5.0711305651669064e-5	-5.126714295602096e-5	-5.286139288882691e-5
-7.558475736578127e-7	-7.169696151880511e-8	4.342668125057944e-7	3.6276048083396656e-7	-1.1922211536150723e-6	-1.191517045619206e-6	-2.3139404617660703e-7	-1.26041828341604e-6	-7.418542234509384e-7	8.91907695702715e-7	2.153080502515642e-6	2.7583737702806255e-6	3.8669435492230675e-6	3.4840309619515314e-6	2.2127476446195254e-6	1.6781607299534013e-6	1.6742477901027925e-6	2.7764981882626855e-6	2.4922495707804804e-6	2.87685562763533e-6	3.0756907573115458e-6	1.4656075425544327e-6	1.4910191950458923e-6	-5.484492254879264e-8	-1.267327117814715e-6	-1.9354900982707784e-6	-2.3411458589892714e-6	-2.128587901100744e-6	-2.9004482870369566e-6	-2.2276198491074164e-6	-3.3027494449186165e-6	-2.234531936112609e-6	-2.0883975159011886e-6	-2.8728925705392983e-6	-3.6898094443130885e-6	-5.03365169099608e-6	-5.493967856606136e-6	-6.511368646957422e-6	-7.136428167159314e-6	-8.656685936657416e-6	-9.86955330829764e-6	-1.1433770786715633e-5	-1.1046016504907483e-5	-1.2342845007781017e-5	-1.361752689234795e-5	-1.5848862261642893e-5	-1.8670103467790036e-5	-1.930745862667449e-5	-2.4587557765623144e-5	-2.8678057514440122e-5	-3.655431366671527e-5	-4.398018055426153e-5	-4.867984116393824e-5	-5.751135570379595e-5	-6.476235441476262e-5	-7.373321419569534e-5	-7.940982154610796e-5	-8.882145626637472e-5	-9.310029109406079e-5	-9.297287879893659e-5	-9.663462830497918e-5	-9.953453577841997e-5	-0.00010711101493601771	-0.00010505666556961599	-9.696030789244428e-5	-0.00010637121961249232	-0.00011353185546628813	-0.00011924443572321197	-0.00012560851480030583	-0.00011796253828345177	-0.00010383474272459073	-8.456620045069543e-5	-6.744123510517286e-5	-5.549159054355282e-5	-3.951828626705747e-5	-2.8810596215591427e-5	-4.726117771875621e-5	-5.705814022215899e-5	-5.628240045242941e-5	-5.067216860953766e-5	-4.0611103997896525e-5	-2.715980923235356e-5	-1.9957212531868107e-5	-1.6593858123518934e-5	-1.6884924122946565e-5	-2.1657580243084062e-5	-2.1917430435662577e-5	-2.0993127483777407e-5	-2.5859008619295853e-5	-3.7338717729686055e-5	-5.9988826840023934e-5	-6.617460881564244e-5	-6.64163110901568e-5	-5.908341247891705e-5	-5.33579451239205e-5	-5.3410704082147015e-5	-5.894197830551631e-5	-6.211614556050904e-5	-6.414178850598987e-5	-6.706676438706684e-5	-6.749493035329047e-5	-7.07229517462292e-5	-7.268927503640242e-5	-7.42827111670577e-5	-7.300727291595019e-5	-6.985382560473034e-5	-6.428999983743543e-5	-6.0356544821739064e-5	-5.555441097925516e-5	-4.940754101960716e-5	-2.9869766328318587e-5	-6.275536459845327e-6	7.070978215928045e-6	1.3834034368357881e-5	1.1819660999728629e-5	4.111834353906496e-6	-2.9588690167708237e-6	-7.836510737199709e-6	-1.2770612123130451e-5	-1.9213547934734607e-5	-2.5222342579312232e-5	-2.9487926938567485e-5	-3.4525317717595816e-5	-3.984532552536203e-5	-4.493125874615797e-5	-4.802371217707546e-5	-4.7504517436706625e-5	-4.876848523540506e-5
-6.943178399842348e-7	-5.906982666675428e-7	-8.555448829852125e-8	2.3697200885602898e-7	-3.225614220170314e-7	-1.222256779294384e-6	-1.0128685542197535e-6	-1.0199905021079578e-6	-5.075404750339366e-7	-6.210005247661229e-7	1.51376026785114e-6	2.4210250368058087e-6	2.696732919436895e-6	2.6011629102821315e-6	1.8740515324473794e-6	1.6805371113801093e-6	8.692189492048169e-7	1.2000433470289035e-6	3.217239571539493e-6	2.8425818285587184e-6	1.5984268081229228e-6	1.1994002931678752e-6	1.5131490082188198e-7	-4.5791490174348914e-7	-1.0566986603224512e-6	-1.4760861668161249e-6	-2.5505823446131046e-6	-3.224027422528246e-6	-2.9888970801399822e-6	-2.557589326413444e-6	-3.05007779558171e-6	-3.2211594096264243e-6	-3.2897437215757136e-6	-2.9439011178886837e-6	-4.464109285137394e-6	-5.044884540499062e-6	-6.9309805833008e-6	-7.984132100033112e-6	-7.695876244216346e-6	-9.475087191625556e-6	-9.186519708999363e-6	-1.0661093047866638e-5	-1.1790671330990168e-5	-1.0957300794782118e-5	-1.2575249950510722e-5	-1.4807451949707187e-5	-1.802290781893756e-5	-2.1378345383023245e-5	-2.251460414046287e-5	-2.8874951881570007e-5	-3.243919019578316e-5	-3.991681841292692e-5	-4.583820657571257e-5	-5.305157056928814e-5	-5.998191356039635e-5	-6.842455681915771e-5	-7.258853473813762e-5	-8.218454443462836e-5	-8.396373185485043e-5	-9.041132941053562e-5	-9.316925079745977e-5	-0.000100624694503431	-0.00010564199878380573	-0.0001098691358161416	-0.00011343813675944794	-0.00011653798238919766	-0.00011787134164770521	-0.00011863550024087885	-0.00011252024876076683	-9.847739409953732e-5	-8.104144823750312e-5	-6.80461390359377e-5	-5.838866884563462e-5	-5.021374342804169e-5	-4.806287697478248e-5	-2.6132848760396926e-5	-3.050381518557299e-5	-4.5706382960104125e-5	-5.2103311194619945e-5	-5.0651546758956334e-5	-4.819632648707384e-5	-3.596465334744503e-5	-2.5925557273903665e-5	-1.8923509569231112e-5	-1.4617488534700296e-5	-1.700362170942854e-5	-1.6263682891745623e-5	-2.1386565153373727e-5	-3.189841598326415e-5	-4.813359075466622e-5	-8.643145476671527e-5	-7.163620711165761e-5	-6.613825464943726e-5	-5.7853628138149205e-5	-5.3165347504210286e-5	-5.3128069109863174e-5	-5.9105106497026744e-5	-6.285568940334052e-5	-6.433799763024169e-5	-6.727181569503131e-5	-6.871237766595782e-5	-7.139819876815501e-5	-7.253955278791434e-5	-7.392446466710119e-5	-7.125397488835436e-5	-6.942682670083022e-5	-6.315446963675066e-5	-6.008571396508289e-5	-5.5870577722648765e-5	-5.266225763843682e-5	-4.0169761885301e-5	-1.8791058878191158e-5	2.343201587623467e-6	1.3103247328317968e-5	1.794438309423753e-5	9.369210404253439e-6	1.0195217879562651e-6	-5.186684767658281e-6	-1.2756745123134253e-5	-1.614903642668114e-5	-2.0342893493861813e-5	-2.53106535025565e-5	-3.058737546015808e-5	-3.597599946896998e-5	-3.9981165811863936e-5	-4.263212935342979e-5	-4.28760517216277e-5	-4.4388560047677744e-5
-1.3287291595774284e-6	-9.130976140123148e-7	-5.606952890261502e-7	-1.1869681805368529e-6	-1.1674434612389192e-6	-1.3604030689494742e-6	-1.8927146227263117e-6	-1.088827595793762e-6	-8.467835129919929e-7	1.9564047376487842e-7	-6.307311037389088e-7	1.2064110290182367e-6	1.7997377405650633e-6	2.0395200692148105e-6	1.5987584249099046e-6	6.960687180725816e-7	8.486545613386326e-7	1.8645483648802724e-6	1.539437848030456e-6	1.9801113873563203e-6	1.1525543567496646e-6	1.0723074988713832e-6	7.417127079623748e-7	-3.786427145132179e-7	-8.934710339202762e-7	-1.4024421001682802e-6	-2.334828185825144e-6	-3.2454652436645845e-6	-3.3071154457520527e-6	-4.056374322807671e-6	-3.6747508790242744e-6	-4.2299851636803595e-6	-4.772188829001156e-6	-4.826093707608822e-6	-4.117168479517326e-6	-5.403342568299427e-6	-6.876219781288065e-6	-7.83683854572656e-6	-9.170194687152869e-6	-8.949748304650298e-6	-9.618368195006902e-6	-1.0295661675638335e-5	-1.0351118508340751e-5	-1.1402135664676308e-5	-1.338238390545185e-5	-1.3976566811454288e-5	-1.6067643363818634e-5	-1.9350780878927068e-5	-2.175376822037209e-5	-2.6667419032559703e-5	-3.0975512329807844e-5	-3.605859927595552e-5	-3.9880120039637035e-5	-4.5954547513247374e-5	-4.971019226134889e-5	-5.843036815565521e-5	-7.082159408618519e-5	-7.584578543559997e-5	-8.453374128079491e-5	-8.582737515486216e-5	-9.164914188891995e-5	-0.00010095679207986624	-0.00011300798220380964	-0.00012343756675440784	-0.0001273142763631198	-0.000120797899461067	-0.00011091670133354589	-9.811629124185234e-5	-8.4171450191739e-5	-7.400144646368956e-5	-6.64056855836058e-5	-5.965528429314332e-5	-5.500547570593331e-5	-4.8136322239409474e-5	-4.4696613055693335e-5	-3.938458413565993e-5	-1.930534025825978e-5	-3.1579579663071344e-5	-4.6313804625153915e-5	-4.9387612597630304e-5	-4.866821610429936e-5	-4.613185517182011e-5	-3.429228461523243e-5	-2.1878331069556667e-5	-1.304562881332405e-5	-1.3476887357824485e-5	-1.9509145709507847e-5	-2.9267585533940266e-5	-4.528399600830027e-5	-6.0137448623306944e-5	-7.059758918952219e-5	-7.93717395411106e-5	-6.749500822611151e-5	-5.896167126588636e-5	-5.385494291189688e-5	-5.500357645477766e-5	-5.538760945657424e-5	-6.076243222225171e-5	-6.542380287695437e-5	-6.637383402770779e-5	-7.004232228393324e-5	-7.113335739666535e-5	-7.249417448176691e-5	-7.340252345289407e-5	-7.134602213491534e-5	-6.775438576075293e-5	-6.334940815737149e-5	-5.9188930558000397e-5	-5.685982793542793e-5	-5.06866229760608e-5	-4.5877008545162565e-5	-2.969309493379077e-5	-8.455114050304885e-6	7.973321737011693e-6	1.639514498013965e-5	1.2964991087010061e-5	6.11619370601002e-6	-1.1576052887530414e-6	-9.182995428522536e-6	-1.2621909268629994e-5	-1.6996086639855038e-5	-2.0998466230799998e-5	-2.66463868656662e-5	-3.0724071073753856e-5	-3.530538253242177e-5	-3.791031846626415e-5	-3.7491846216139435e-5	-3.899846358389539e-5
-2.2406280254577346e-6	-1.2074972640697956e-6	-1.7439827522652135e-6	-1.3066570801701857e-6	-7.893182364226287e-7	-1.4670000240621373e-6	-1.930536785120507e-6	-1.897224876658797e-6	-2.1510468373956565e-6	-1.1790422967377506e-6	-6.877599889338476e-7	-3.553120254615183e-8	6.849579768392761e-7	1.5965359866391624e-6	8.273612507993591e-7	1.2863506375533629e-6	5.490809629887794e-7	1.4907885039286417e-6	1.6561279528749112e-6	4.0567850185906085e-7	6.585719111978222e-7	8.213944119057209e-7	5.091063611266031e-7	-3.547320857194558e-7	-1.4421657227800533e-6	-1.9066230663505532e-6	-2.294770601839191e-6	-3.480445857732828e-6	-3.278822471777104e-6	-4.518957338319959e-6	-4.736420389467137e-6	-4.774141843032036e-6	-4.8636591851386815e-6	-5.798455560645198e-6	-5.790896015207651e-6	-4.8614357304284025e-6	-7.5320831928286924e-6	-7.971058898657499e-6	-9.682372687901813e-6	-1.043220346805089e-5	-1.0092693526623023e-5	-8.667348739763159e-6	-9.255533839347407e-6	-1.0738416259719122e-5	-1.2083022624988227e-5	-1.366055296767206e-5	-1.5583437209913675e-5	-1.670021174300651e-5	-2.1622977605488536e-5	-2.3978192478443794e-5	-2.9222840754227278e-5	-3.3297322066467086e-5	-3.7683925912471855e-5	-4.157899819259327e-5	-5.172673926559859e-5	-5.934581526288035e-5	-6.722139316538145e-5	-7.589342576694996e-5	-8.418937628203865e-5	-8.937160842110992e-5	-0.00010236643921846672	-0.00011078528106825067	-0.00011841371454343261	-0.00012580684793082365	-0.00012477727889554507	-0.00010967913258380993	-9.005306298836419e-5	-7.325292206584316e-5	-6.402100545662912e-5	-5.880029861453362e-5	-5.618845991782473e-5	-5.445346338553078e-5	-5.0884835190931343e-5	-4.647399235195235e-5	-4.2238405644195315e-5	-4.1482308582065086e-5	-2.443804110897202e-5	-1.8673960598333816e-5	-3.324251984793136e-5	-4.387992681882669e-5	-4.732070247800979e-5	-4.3908615946722934e-5	-3.749979352648397e-5	-3.053028565635357e-5	-1.882433054919974e-5	-2.141203273714476e-5	-3.2989510754220797e-5	-4.3705121065187175e-5	-5.684852328463608e-5	-6.204715631260085e-5	-6.66425002747266e-5	-6.623289080815581e-5	-7.003981634034692e-5	-6.159921574558358e-5	-5.933968290697256e-5	-5.615333987184744e-5	-5.744249924354884e-5	-6.17657960368112e-5	-6.574128399864168e-5	-6.77309931230996e-5	-7.078199005107304e-5	-7.102852515677126e-5	-7.252143373673303e-5	-7.159563922081412e-5	-6.950529098125914e-5	-6.715814262667728e-5	-6.317189206093109e-5	-5.862019059727462e-5	-5.435818315651167e-5	-4.7825166976612696e-5	-4.340755746924489e-5	-3.7402912039276315e-5	-2.0685605030094922e-5	4.906839908350169e-7	1.148890880976923e-5	1.5297527377862788e-5	1.000810756967771e-5	2.5044942790659885e-6	-3.990712084791029e-6	-1.0788624334179264e-5	-1.4491385088438724e-5	-2.0237926162377032e-5	-2.3938296277951215e-5	-2.9030075028970218e-5	-3.2075058321173744e-5	-3.3866759386030204e-5	-3.51722959297026e-5	-3.547070672122246e-5
-3.4051635751548848e-6	-2.5970534587877597e-6	-1.6419715928714038e-6	-1.6890175239328564e-6	-1.8854495194937579e-6	-1.9177313681289707e-6	-2.3765298946430355e-6	-2.2391041793043062e-6	-2.268899125653853e-6	-1.7367033782215643e-6	-1.2662829498074485e-6	-5.9478396058181e-7	-6.4306395766104e-7	2.5384132729816544e-7	1.095074551871189e-6	9.87529326433416e-7	1.6775064410473606e-6	2.296630903031796e-6	1.359312036303302e-6	8.344725192961644e-7	3.811477500802185e-8	-2.2108245681211336e-7	-4.862265917584402e-7	-4.901280797236021e-7	-1.307968869931203e-6	-2.7844739047041406e-6	-2.537939964523256e-6	-3.555295963772291e-6	-3.3695454060419724e-6	-4.009769689135474e-6	-4.425086287522008e-6	-5.386428418097458e-6	-5.838484575903906e-6	-6.291575116793013e-6	-7.0544838688072625e-6	-7.262881729407436e-6	-7.946754568949853e-6	-9.034424060640547e-6	-1.0281048852967684e-5	-1.0853010493343945e-5	-8.992541927028627e-6	-1.0507951713617514e-5	-1.0033510724734643e-5	-1.07557349528567e-5	-1.1894731022626254e-5	-1.1741557324942281e-5	-1.589863570655714e-5	-2.0237021476979256e-5	-2.3376877988706343e-5	-2.6671919338937256e-5	-2.7831244958382434e-5	-3.3533706112484976e-5	-3.8292823908514864e-5	-4.2943066800010116e-5	-4.597161591831343e-5	-5.8553248241752925e-5	-7.035935600959407e-5	-8.457314197378961e-5	-9.563338125963619e-5	-0.00010262137672837138	-0.00010963909635860677	-0.00011106366550723244	-0.00010941136156252494	-0.00010929543413969872	-0.00010239484894746312	-8.90092016476822e-5	-7.291957459403843e-5	-6.150474427717503e-5	-5.359872856419874e-5	-5.132664345625093e-5	-5.037708157530282e-5	-4.874228923040444e-5	-4.761351528976762e-5	-4.457259187391413e-5	-4.0123822667159637e-5	-3.771868651832391e-5	-3.28860610076219e-5	-1.634119814290791e-5	-2.3595110078006992e-5	-3.4250273732612524e-5	-3.905506527988184e-5	-3.543411159108445e-5	-3.1843022142707955e-5	-3.31240756394971e-5	-3.696284446054465e-5	-3.840187271907797e-5	-4.818414558408618e-5	-5.503671346787642e-5	-6.313079258576243e-5	-6.452053290511434e-5	-6.373841368980185e-5	-6.73037268820488e-5	-7.102297124982754e-5	-6.866250423049822e-5	-6.660957186212582e-5	-6.1172447180435e-5	-5.8842248917357134e-5	-6.168076471671849e-5	-6.497447035697795e-5	-6.781564741188684e-5	-6.976727591370517e-5	-6.959038827505405e-5	-7.017979380681376e-5	-6.893999479899889e-5	-6.642499641692015e-5	-6.53460077118962e-5	-6.14363138541716e-5	-5.586452464902483e-5	-5.125086585591049e-5	-4.894326483266716e-5	-4.1547849985749605e-5	-3.860083357554861e-5	-3.3452991949917826e-5	-1.3652029024402088e-5	3.0264743890260487e-6	1.3354637545554687e-5	1.3200405314184663e-5	5.945305229029807e-6	5.983451581426102e-8	-7.582877983294475e-6	-1.195943696722171e-5	-1.6738175000760927e-5	-2.0436553735099852e-5	-2.4038215428595633e-5	-2.735028580024869e-5	-2.880947490659959e-5	-3.0126229066734442e-5	-3.0040256144159977e-5
-4.057386520403376e-6	-3.56428383715187e-6	-2.97734123325729e-6	-2.0752175748216944e-6	-2.433567101089648e-6	-2.32845826766883e-6	-2.4584502592321297e-6	-2.1754934144283325e-6	-2.815562250035354e-6	-3.252341551998085e-6	-1.8440706860828326e-6	-1.3675154894110877e-6	-9.6271657366951e-7	-6.272577943167157e-7	2.8642447571711194e-7	4.897363303736288e-7	1.5859995608491495e-6	2.62738526139554e-6	1.0160260084440473e-6	3.541522408450834e-7	-3.6523559242100656e-8	-9.527012018910666e-7	-1.052000419285784e-6	-1.414006851061314e-6	-2.256794577604193e-6	-1.8385380023966391e-6	-3.730218255592818e-6	-4.227929584123963e-6	-5.132722141732403e-6	-4.625709605393831e-6	-5.206360435003679e-6	-5.726646479069231e-6	-5.7250416294609904e-6	-7.527339808324068e-6	-7.780619654422158e-6	-9.078780275847444e-6	-9.21324958870224e-6	-1.1278212955559419e-5	-1.2090881003649565e-5	-1.023052598040676e-5	-1.0180545886558437e-5	-1.0622137501178908e-5	-1.0774843365625453e-5	-1.0782209895971243e-5	-1.2282757276549372e-5	-1.2991405585853488e-5	-1.840414463622625e-5	-2.232382798040243e-5	-2.663621826901573e-5	-2.9722517090775835e-5	-2.9641176313563097e-5	-3.181087660539088e-5	-3.678481133519325e-5	-4.393445508657848e-5	-5.356975342376939e-5	-6.763568080169619e-5	-8.06569140090422e-5	-9.260006560911187e-5	-0.00010075942494637904	-0.00010271563344343461	-0.00010063898233650045	-9.582012594944352e-5	-8.819625672146225e-5	-8.4449722957897e-5	-8.033818353408648e-5	-7.579938315471074e-5	-6.753400583984354e-5	-5.780604819686022e-5	-4.9510657509563294e-5	-4.670969345902179e-5	-4.4634745227124795e-5	-4.554718115255124e-5	-4.415580645263442e-5	-4.061749368918996e-5	-3.758532471798831e-5	-3.497117103280073e-5	-3.48832475492028e-5	-2.732413188939742e-5	-1.5074207019346447e-5	-1.976634199200855e-5	-2.6816200627242937e-5	-2.9273638851509687e-5	-2.9189226448227135e-5	-3.556733867930012e-5	-4.6976191925111876e-5	-6.143900839472582e-5	-6.369165074905994e-5	-6.210385152102468e-5	-6.197285593772042e-5	-6.170022891043014e-5	-6.435753075210646e-5	-6.612477899221522e-5	-6.593758308456876e-5	-7.177957940486188e-5	-6.85376664276427e-5	-6.568325310735146e-5	-6.11910630401568e-5	-6.379584190020944e-5	-6.347258005648393e-5	-6.660003798453218e-5	-6.912501314079202e-5	-7.004645596734617e-5	-6.934841606130379e-5	-6.864222393070628e-5	-6.601014713677501e-5	-6.240189341275536e-5	-5.8041172101798086e-5	-5.474049867364682e-5	-5.0664845420173715e-5	-4.668085780120193e-5	-4.507947747728336e-5	-3.891003887363312e-5	-3.5134299495361704e-5	-2.8686653828205108e-5	-8.710917241434163e-6	6.784587025217628e-6	1.0458296473845122e-5	9.33005327727679e-6	6.840476535902029e-7	-4.770744346446754e-6	-1.0092397159959174e-5	-1.5090518000774808e-5	-1.7570049880072033e-5	-2.2134983733088087e-5	-2.3710921030414833e-5	-2.3753255493173114e-5	-2.5562479433541285e-5	-2.672891950632715e-5
-4.5432154945675846e-6	-4.4225456630186954e-6	-4.276884862973798e-6	-3.9254239236289484e-6	-3.557280948214732e-6	-2.899561097951739e-6	-2.865290917399878e-6	-3.2020844715997462e-6	-2.6876462752394026e-6	-3.390739715370371e-6	-2.7368111303691794e-6	-1.8499706297024285e-6	-6.537277907588471e-7	-6.996296581353659e-7	-1.7098213036387255e-6	-4.6353653066540795e-7	1.8313839079140207e-6	1.2555814271316204e-6	8.021329233427396e-7	-1.3879977896202877e-7	-5.255994885199414e-7	-1.7125646332907113e-6	-1.799514028999298e-6	-1.6380584361803605e-6	-2.163425309124195e-6	-3.216160343144474e-6	-3.6759155561030127e-6	-3.619598910420234e-6	-5.025279305637294e-6	-5.5591912773459914e-6	-6.244729641160726e-6	-6.782793632851593e-6	-7.758026127980058e-6	-8.184748682298938e-6	-9.88382493254461e-6	-1.0056704709444919e-5	-1.1591954799479096e-5	-1.2874963099232702e-5	-1.2113159067917052e-5	-1.2372066370523738e-5	-1.0220260849105357e-5	-1.0793737350309543e-5	-1.0639154216906394e-5	-1.1672245933463596e-5	-1.3929603726991341e-5	-1.705352805042408e-5	-2.0882576890575086e-5	-2.68725908767007e-5	-3.101908974904172e-5	-3.372327292633717e-5	-3.666755186157791e-5	-3.803448054011567e-5	-4.4139538920608123e-5	-5.216705962606677e-5	-6.33087934560992e-5	-7.38090928165732e-5	-8.163337754797488e-5	-8.654580069093754e-5	-8.62599565615383e-5	-8.642866806897638e-5	-8.112235563200246e-5	-7.659438933257066e-5	-7.043572141014233e-5	-6.828685736987548e-5	-6.756314919423995e-5	-6.83776754022234e-5	-6.483872030320185e-5	-5.830242156570041e-5	-5.071153731856827e-5	-4.366360775004928e-5	-4.1454140575943044e-5	-4.078601963542622e-5	-3.991288012985053e-5	-3.843793263281353e-5	-3.545625338469138e-5	-3.1536456985333666e-5	-2.8778097634941935e-5	-2.8241602578662345e-5	-1.6809892778961444e-5	-7.76696008940661e-6	-1.294420609110683e-5	-2.1235075167453515e-5	-3.216925196277559e-5	-4.678462988110671e-5	-5.571477594600374e-5	-6.396451234349024e-5	-6.862507540309967e-5	-6.057606787056649e-5	-5.709991962761507e-5	-5.976845006330084e-5	-6.308549592003859e-5	-6.670202313662638e-5	-6.773099567097471e-5	-6.681497797525124e-5	-7.34634492995101e-5	-7.2795818797846e-5	-6.829570822720551e-5	-6.501663156422907e-5	-6.545698626680106e-5	-6.749365037131069e-5	-6.786032583842687e-5	-6.784195956204518e-5	-6.78318075265829e-5	-6.641043585279421e-5	-6.283709774843223e-5	-6.04953097707063e-5	-5.600674205007497e-5	-5.3878448713151963e-5	-5.152739021054009e-5	-4.6527717063264e-5	-4.4173524077961365e-5	-4.0092559426465474e-5	-3.818010482965241e-5	-3.417242018326737e-5	-2.5384740696184765e-5	-5.7158603750714215e-6	8.376061454672123e-6	9.940895491760554e-6	5.502794780173209e-6	-1.0706438719528671e-6	-8.369520002179595e-6	-1.3309136128250576e-5	-1.693250810288864e-5	-1.837077443834524e-5	-1.8947769026521344e-5	-1.925916452141449e-5	-1.9645335705420486e-5	-2.4182073498583284e-5
-4.566441558109639e-6	-4.831616918078534e-6	-4.892789054770572e-6	-4.869825083551188e-6	-4.466737187915591e-6	-3.956885654635839e-6	-3.206070161416129e-6	-3.4062599746018107e-6	-2.836623744597623e-6	-2.9838487502218194e-6	-2.8873352818890863e-6	-2.9546165319048467e-6	-1.8676086203798029e-6	-8.937051538268972e-7	-1.0248387018576069e-6	-3.1381634216145343e-7	-7.527294488673258e-8	-2.6001074936773255e-7	-3.362674993057785e-7	-2.6381498439802253e-7	-1.1190932078589122e-6	-1.5121829434255538e-6	-2.1084778210498853e-6	-2.9613052054998715e-6	-2.244397484703342e-6	-3.354585299862947e-6	-3.804665675392893e-6	-4.622326027253938e-6	-5.432314808487965e-6	-5.706413857067827e-6	-6.881140066929657e-6	-8.41322031572972e-6	-1.04310997502393e-5	-1.1314266635132492e-5	-1.1067465927007067e-5	-1.1946773689134986e-5	-1.3363382693172901e-5	-1.4299848387659339e-5	-1.143921524345004e-5	-1.3085550939801079e-5	-1.2143213883974817e-5	-1.0422213303972958e-5	-1.067435362648271e-5	-1.3683500296388096e-5	-1.7111743174768462e-5	-2.4181831613078603e-5	-2.8465551747333673e-5	-3.177869894858444e-5	-3.3725677876491125e-5	-3.677343089866954e-5	-4.094352073634629e-5	-4.292296227649539e-5	-4.874907400496953e-5	-5.6166842173337866e-5	-6.368069288033296e-5	-6.639917420417103e-5	-6.930308173310699e-5	-7.093810299374156e-5	-6.838636461856205e-5	-6.713649853607763e-5	-6.622630902334246e-5	-6.262189123371412e-5	-6.013450157206675e-5	-5.721636456724327e-5	-5.8791532216552825e-5	-6.098589412336167e-5	-6.179596092649453e-5	-5.673241100533945e-5	-5.036141368839307e-5	-4.365872222663984e-5	-3.906780129438181e-5	-3.6889399466968203e-5	-3.455136871055586e-5	-3.3519187642508386e-5	-3.18300379543307e-5	-2.8919861785273865e-5	-2.5193182826357963e-5	-2.3924991653621885e-5	-2.068102189067139e-5	-8.96135195129627e-6	-9.94479590907607e-6	-2.2898354165492435e-5	-3.7454896768731455e-5	-5.007784399831128e-5	-5.9728924009429946e-5	-6.06593391510625e-5	-6.265520762806231e-5	-6.199662533562869e-5	-5.87616800378811e-5	-5.6230869027902586e-5	-5.8154419702114574e-5	-6.218839115543218e-5	-6.362337607169859e-5	-6.6320866821349e-5	-6.808346223493959e-5	-7.731745644656667e-5	-7.465014066967979e-5	-6.956494283611239e-5	-6.870305797250335e-5	-6.710350230663097e-5	-6.615980587812084e-5	-6.432033334766163e-5	-6.374731420359138e-5	-6.304239302899056e-5	-6.121222962101464e-5	-5.959152125207222e-5	-5.6404993523107017e-5	-5.358926472606544e-5	-4.929208175527902e-5	-4.9117053333618335e-5	-4.5373569728919885e-5	-4.222977959618575e-5	-3.795301372440038e-5	-3.6689416885475265e-5	-3.3187140318843844e-5	-2.1633861396102086e-5	-2.914182512924607e-6	8.910269278048638e-6	7.881030734697286e-6	4.842175922378789e-7	-5.365189656479988e-6	-9.710354644931057e-6	-1.1922618301700785e-5	-1.381517702970722e-5	-1.4943465112245494e-5	-1.590665110479811e-5	-2.0665220646894425e-5	-2.153965273830015e-5
-4.825803771619109e-6	-4.80884115758003e-6	-5.324258483369818e-6	-5.929110697691035e-6	-5.798903932453629e-6	-4.986205431834964e-6	-4.650065353389507e-6	-3.6518838896892197e-6	-3.869852910885242e-6	-3.2009457340579847e-6	-3.4072085566350455e-6	-3.506501621182434e-6	-2.816533925574863e-6	-1.8882206182738864e-6	2.887961273118425e-7	2.2037242636187976e-7	-3.3885669606641827e-7	-1.7054254465879645e-6	-8.664162730364147e-7	-1.1387907218780857e-6	-1.5582386861954026e-6	-1.7715383738951818e-6	-2.0248597584890046e-6	-3.3829469309404683e-6	-2.7005418165365266e-6	-2.787166575009617e-6	-2.9559453029823907e-6	-2.7573162530341103e-6	-5.065943283898318e-6	-6.9662760125320175e-6	-9.05401263944644e-6	-1.0767792405874492e-5	-1.199443959410372e-5	-1.3640263167558585e-5	-1.4411911537759968e-5	-1.569802438267185e-5	-1.6046306820717733e-5	-1.4327982837724143e-5	-1.4918437728109017e-5	-1.5543132617567776e-5	-1.5835004504470215e-5	-1.5670571313014872e-5	-1.6325051160610664e-5	-2.108927525071736e-5	-2.4936125755416205e-5	-3.055013745234189e-5	-3.217250059840259e-5	-3.5686382573508514e-5	-4.199756287095319e-5	-4.377604282215265e-5	-4.436874964110736e-5	-4.690128037191429e-5	-4.9579938719564e-5	-5.252954162957273e-5	-5.4310507249777894e-5	-5.354432062933557e-5	-5.223585324324546e-5	-5.175906965938608e-5	-5.290280491237684e-5	-5.343830357330739e-5	-5.455382700485581e-5	-5.365832843155782e-5	-5.290007803549282e-5	-5.193086257781858e-5	-5.338680303498995e-5	-5.4982634547715015e-5	-5.664281874486268e-5	-5.5955231930120836e-5	-5.1381812704327096e-5	-4.31176837940514e-5	-3.897068399320164e-5	-3.418185173928098e-5	-3.085053295725365e-5	-2.7287133002370373e-5	-2.405767599023001e-5	-2.2323181389331814e-5	-2.1990873043994247e-5	-2.0269432399883103e-5	-2.211662336560824e-5	-2.1770316343920626e-5	-1.4954299680080413e-5	-2.3365908220860515e-5	-3.771415395693173e-5	-4.827852110060246e-5	-5.4006710941464225e-5	-5.669196752669525e-5	-5.9654777320207464e-5	-5.80589134169425e-5	-6.118344654700014e-5	-6.0956697643058805e-5	-5.856288061911394e-5	-5.67256054411977e-5	-6.131067688589474e-5	-6.26988489339092e-5	-6.680142612572153e-5	-5.7493421753030544e-5	-7.634006209296385e-5	-7.349024245596227e-5	-6.997381534336149e-5	-6.558848727805308e-5	-6.40425752522749e-5	-6.262207072338377e-5	-6.19187828993558e-5	-6.179264711676444e-5	-6.065283995534965e-5	-5.7844311317830494e-5	-5.45692993287987e-5	-5.106293721733081e-5	-5.010339644800736e-5	-4.66727379671867e-5	-4.5357144038901676e-5	-4.4012229895740856e-5	-4.111201843911595e-5	-3.707659805801504e-5	-3.432342805158653e-5	-3.152669244372783e-5	-2.127359752116323e-5	-3.043514604835623e-7	6.509633787956173e-6	4.512514683750399e-6	-3.2591150644131067e-6	-6.715088690179352e-6	-7.193595897994967e-6	-8.586769614576592e-6	-1.1506114772985923e-5	-1.597364327940963e-5	-1.7958868794203456e-5	-2.0604810365516465e-5
-5.230393192395908e-6	-5.111694853748676e-6	-5.363698126327563e-6	-6.066508820084474e-6	-6.299287094279748e-6	-6.178695128775634e-6	-5.167788065692496e-6	-4.934323362773031e-6	-3.900475008624706e-6	-3.775969012291547e-6	-3.5533838648208957e-6	-3.2274178582468796e-6	-2.933272047023032e-6	-1.0355644428994629e-6	-7.075092736067573e-7	-3.3517923137514616e-7	-4.872145709881176e-8	-1.5948153577914279e-6	-1.2819401708783276e-6	-2.3178303487679866e-6	-2.5156282628833668e-6	-2.3008023979954884e-6	-2.758168083575978e-6	-3.0666569137598534e-6	-4.363606332280674e-6	-4.158382609065724e-6	-5.52992483889795e-6	-5.169430327051951e-6	-6.676777281554823e-6	-7.2498267968384295e-6	-8.089711910877657e-6	-9.960338787475334e-6	-1.2262483956308919e-5	-1.4441023802659082e-5	-1.652245298856738e-5	-1.6643424079242422e-5	-1.4565193194875266e-5	-1.541888741251468e-5	-1.4131400124508739e-5	-1.5592173887202417e-5	-1.7015892465671242e-5	-2.1531669242708107e-5	-2.5421511683915154e-5	-2.953785245638895e-5	-3.346181788415042e-5	-3.6509510746660784e-5	-3.9045625673667095e-5	-4.290065450508838e-5	-4.150037546956937e-5	-4.2892823448321786e-5	-4.3398378071551544e-5	-4.492699415888524e-5	-4.483083434374865e-5	-4.2898529184227235e-5	-4.102686860217326e-5	-3.904510463320805e-5	-3.820446864140174e-5	-3.8354801295712934e-5	-3.989176831475493e-5	-4.173305738529656e-5	-4.386576574254373e-5	-4.5994859857638806e-5	-4.6852194839725955e-5	-4.790081742714336e-5	-4.9337171880489e-5	-4.909347987814769e-5	-5.0597472907440086e-5	-5.182696348362929e-5	-4.958735733227165e-5	-4.332868289960885e-5	-3.8303118164197125e-5	-3.263476105021604e-5	-2.7154825642857622e-5	-2.11647606992299e-5	-1.7839782331507265e-5	-1.877531111268635e-5	-1.9765504987931393e-5	-2.16868450823339e-5	-2.5980736550849926e-5	-3.217488103203492e-5	-2.996017957378541e-5	-2.796424718306753e-5	-3.2073079706419066e-5	-4.0296400981645886e-5	-4.5188984986680586e-5	-5.1847156179885695e-5	-5.440707541611023e-5	-5.776354541171466e-5	-5.823300636186371e-5	-6.000830409837177e-5	-6.046758436301612e-5	-5.832382260527805e-5	-5.759086287829458e-5	-5.958576256644317e-5	-6.343282629305176e-5	-6.468524901912659e-5	-6.070843480698862e-5	-7.2541333264722e-5	-6.955953055307745e-5	-6.609048009385832e-5	-6.26029423884001e-5	-5.920247248708023e-5	-5.7819191491906285e-5	-5.785459259019174e-5	-5.707110798487333e-5	-5.551855218502259e-5	-5.4992899069152695e-5	-5.262995947255891e-5	-4.9012920756491204e-5	-4.796816516585735e-5	-4.5973388588865446e-5	-4.323219110176704e-5	-4.1066709142436805e-5	-3.8896744467909264e-5	-3.4283054775033e-5	-3.2929420339588775e-5	-2.9208036813818672e-5	-2.0265613948251826e-5	-4.387194004352307e-7	5.105813585511501e-6	2.2283762834106324e-6	-2.8000171625741643e-7	-5.550270123057602e-6	-6.681883453658888e-6	-1.1568991722726504e-5	-1.409757445329507e-5	-1.6328703851282295e-5	-2.021411079429665e-5
-6.123093284032648e-6	-6.2135118963002264e-6	-5.81865933609255e-6	-6.2735338503413195e-6	-6.401136090909872e-6	-6.706178757383448e-6	-6.618959158164687e-6	-5.954376409793814e-6	-5.075781408950351e-6	-4.43913699880007e-6	-3.4767149554269794e-6	-3.135033600993112e-6	-1.2133794403262899e-6	-2.331525096144031e-6	-2.1442589864069037e-6	-1.6164866889706656e-6	-1.4504937778225119e-6	-1.6222438025065636e-6	-2.144833356060305e-6	-2.1240093966415005e-6	-1.4329879242849092e-6	-2.4760632726019555e-6	-3.8209750576230495e-6	-4.66921832686755e-6	-5.887531063261502e-6	-5.773447746357935e-6	-7.060494387495925e-6	-7.81281177177507e-6	-9.094136170029535e-6	-9.839257040416063e-6	-1.1781216613707644e-5	-1.3043031878070405e-5	-1.4569496623690822e-5	-1.4713323821021612e-5	-1.595867867379159e-5	-1.5166387609222114e-5	-1.6752599849879923e-5	-1.5196569087198679e-5	-1.8493649211852314e-5	-2.1134233347207786e-5	-2.541223962759364e-5	-2.9831826096307808e-5	-3.1263445594820714e-5	-3.387990606920806e-5	-3.614287437858545e-5	-3.871204255052017e-5	-4.0456173133751605e-5	-3.972209819641352e-5	-3.947915488988242e-5	-3.826831413604806e-5	-3.914749211917593e-5	-3.7532444071620465e-5	-3.540248720264663e-5	-3.213239633951311e-5	-2.9859767510952064e-5	-2.807996195996641e-5	-2.7715818348868475e-5	-2.7965984210473124e-5	-2.9627753131726206e-5	-3.213098430170872e-5	-3.573396602490203e-5	-3.859612838206551e-5	-4.194646215929191e-5	-4.3351154371991385e-5	-4.5315753103084e-5	-4.471953452618756e-5	-4.4393376453198685e-5	-4.4156164320666505e-5	-4.510046066534372e-5	-4.1343509345204144e-5	-3.5768699634119994e-5	-3.0221094994998393e-5	-2.494276757792485e-5	-1.844932729809165e-5	-1.6808409427759158e-5	-1.769285510200974e-5	-2.3632751083770692e-5	-2.757132228688869e-5	-3.119883100781082e-5	-3.7257603035731335e-5	-3.931840172454598e-5	-3.268534000313433e-5	-2.8195921509058253e-5	-3.38628936089741e-5	-4.3001256635338825e-5	-4.5759950570520985e-5	-5.168285271322029e-5	-5.56549522180011e-5	-5.7591933365309586e-5	-6.0141931311399194e-5	-6.0463282465636134e-5	-6.211421793036152e-5	-6.081696477260208e-5	-5.973051626874046e-5	-5.8238673838985e-5	-6.197966979600879e-5	-6.224215988535203e-5	-6.0000244491787216e-5	-6.603113325218124e-5	-6.544013765662042e-5	-6.163692669593993e-5	-5.799493417240568e-5	-5.622776156895097e-5	-5.463768740015477e-5	-5.4520879672927125e-5	-5.495489607538866e-5	-5.205782281484696e-5	-5.034218907625648e-5	-4.873470388095519e-5	-4.806394044158842e-5	-4.545140869574582e-5	-4.436143683297922e-5	-4.0303934967017216e-5	-3.904639955007276e-5	-3.692385760751919e-5	-3.293274032927125e-5	-3.100894855560116e-5	-2.8925713061768443e-5	-2.5597455904045885e-5	2.217158666948174e-6	5.985101710027571e-6	2.4511099801314412e-6	-2.528671364096166e-6	-6.844403651696043e-6	-1.0223190458243103e-5	-1.2892692583020907e-5	-1.6428668701048282e-5	-2.0466325438865327e-5
-6.712150014400939e-6	-6.491584017293689e-6	-6.871787305308928e-6	-6.686127603720664e-6	-6.750538340393342e-6	-6.587999433092448e-6	-6.438266478107912e-6	-6.267870472859496e-6	-5.048088052986895e-6	-4.338682957013857e-6	-2.8886992353271274e-6	-1.6076656472003778e-6	-1.3728119118913695e-6	-1.8894345181312555e-6	-2.442978816203506e-6	-3.4747413551073497e-6	-3.2256674680495104e-6	-3.2597272591698007e-6	-1.8373832864253606e-6	-2.178763110682533e-6	-3.08094561419104e-6	-3.0990887346605753e-6	-3.657809149429543e-6	-4.2086783412715115e-6	-4.824632148870203e-6	-5.595988868687188e-6	-7.700495433362112e-6	-1.0230152025524943e-5	-1.2041841387423237e-5	-1.357207136390079e-5	-1.4178102742952274e-5	-1.4326569580192308e-5	-1.5744538688750552e-5	-1.5499871893788486e-5	-1.5804144980007505e-5	-1.7042074565778997e-5	-1.962024251021214e-5	-2.115531420833136e-5	-2.3928649683989216e-5	-2.5870098828450518e-5	-2.9284371436577757e-5	-3.2658516299285956e-5	-3.240165450670799e-5	-3.5097132258842326e-5	-3.639934377129214e-5	-3.626381771368488e-5	-3.6307287702035985e-5	-3.4695247482028745e-5	-3.351786179877671e-5	-3.4586908722244666e-5	-3.115213290913509e-5	-2.8804390438867764e-5	-2.499864903840812e-5	-2.212491760031918e-5	-2.06445280046875e-5	-1.9281412790451025e-5	-1.8791722396368192e-5	-1.9256889567101018e-5	-2.1657666762417427e-5	-2.4585529209805897e-5	-2.769824601340891e-5	-3.205175263653465e-5	-3.495899881698298e-5	-3.751311186597078e-5	-3.894072231011049e-5	-4.016009334979753e-5	-3.881210487006147e-5	-3.816066925887811e-5	-3.886844161414202e-5	-3.850510977231568e-5	-3.453830580910089e-5	-2.8859938690142112e-5	-2.3827565409032664e-5	-1.903432571065053e-5	-1.8288019427818714e-5	-2.2304415530239458e-5	-2.8731693402488795e-5	-3.234534591122634e-5	-3.396979588897106e-5	-3.5070350269672534e-5	-3.952024238461707e-5	-3.990249504513127e-5	-3.6870440186208275e-5	-3.491864685855467e-5	-3.966526174355167e-5	-4.4626361091724964e-5	-4.9880401024882115e-5	-5.2815796793568084e-5	-5.5506783251755426e-5	-5.812007814040218e-5	-6.113712395497059e-5	-6.282172590292567e-5	-6.233403103037514e-5	-6.344596928994223e-5	-6.205708009640078e-5	-5.984071446913167e-5	-5.818380849277778e-5	-5.830596460287482e-5	-5.6695111984046004e-5	-6.014796164388256e-5	-6.284418090898771e-5	-5.8219242848964875e-5	-5.425218562967512e-5	-5.179534592566516e-5	-5.1697025525991765e-5	-5.147837647964063e-5	-5.097015114119939e-5	-5.034780852322153e-5	-4.934935671370953e-5	-4.679499723912045e-5	-4.5368194525599245e-5	-4.3679168300943955e-5	-4.120038416878004e-5	-3.9693336860652587e-5	-3.6236685716948755e-5	-3.398171674606765e-5	-3.141076596957851e-5	-2.941365469873343e-5	-2.8675983923575135e-5	-2.7381614309913635e-5	5.965246742747898e-7	1.544929332034095e-6	-1.8741499508995868e-6	-6.063717236659549e-6	-9.334725158648138e-6	-1.4889332361446225e-5	-1.9102468413502438e-5	-2.454414457591335e-5
-6.925662388685642e-6	-7.237345359784823e-6	-7.406200327499113e-6	-7.151586485824261e-6	-7.1439703450333104e-6	-6.439158491892798e-6	-6.311971209376974e-6	-5.338960014106969e-6	-4.223682283099623e-6	-2.606910394747485e-6	-9.825568567860092e-7	-2.079863042317616e-6	-2.6660432759020858e-6	-2.980396758924843e-6	-3.426524241754124e-6	-3.229921741849072e-6	-3.899950037932788e-6	-4.6301903419221704e-6	-3.5861672924861546e-6	-3.944033698266049e-6	-3.247448019045099e-6	-4.39929067838369e-6	-4.606293224997983e-6	-5.93256200458539e-6	-7.4403086095615675e-6	-7.031957224086678e-6	-8.019956525056812e-6	-1.0089590350269989e-5	-1.147802149549862e-5	-1.2617153226065006e-5	-1.393092784955207e-5	-1.4047925068214409e-5	-1.3450618033651954e-5	-1.395065154705371e-5	-1.5354705381514025e-5	-1.632920086311069e-5	-1.9499785209394112e-5	-2.2905903627849777e-5	-2.5321798423263292e-5	-2.7173862010392014e-5	-2.973998124318738e-5	-3.254089894408601e-5	-3.302817073384378e-5	-3.266987419118074e-5	-3.07044429893313e-5	-3.011130456982052e-5	-3.001452276822636e-5	-3.00076668428937e-5	-2.8621132380616827e-5	-2.6353905074384155e-5	-2.2936078255023865e-5	-1.9761425541732144e-5	-1.7167018667881267e-5	-1.5059434392051835e-5	-1.4056206705851358e-5	-1.2485118821225442e-5	-1.2711366132584206e-5	-1.2843413222589188e-5	-1.4616759279990291e-5	-1.7478064907373338e-5	-2.0813996197150547e-5	-2.4468511838535677e-5	-2.838549404207691e-5	-3.066528519828082e-5	-3.2552088222214184e-5	-3.3491783809182565e-5	-3.2637143909750727e-5	-3.221753530732903e-5	-3.26941690680007e-5	-3.2214346641634695e-5	-3.153503602996641e-5	-2.929220472951133e-5	-2.479261338329125e-5	-2.2294441466563786e-5	-2.1662836455216272e-5	-2.5519432216274812e-5	-3.0943425610458625e-5	-3.306595633151971e-5	-3.360211642353811e-5	-3.533220840467449e-5	-3.877239957046641e-5	-4.4530171271293245e-5	-4.429267071387813e-5	-4.2142860544585464e-5	-4.133216484998245e-5	-4.413608795930321e-5	-4.611346341668737e-5	-4.9489153064203456e-5	-5.35553461929357e-5	-5.689570564898841e-5	-5.927838615479332e-5	-6.194345692845174e-5	-6.310337205572315e-5	-6.444105229356893e-5	-6.291953226879657e-5	-6.223656841080304e-5	-5.8735287006240686e-5	-5.681085285633592e-5	-5.52078508099128e-5	-5.119390710504358e-5	-5.538875758601732e-5	-5.765756038030815e-5	-5.654293888299449e-5	-5.272606494206161e-5	-5.122869592725718e-5	-5.005511384884292e-5	-5.111844250031781e-5	-5.005719578806463e-5	-4.850899442874167e-5	-4.6878178097155276e-5	-4.560722779252055e-5	-4.289696966782233e-5	-4.0403336682174815e-5	-3.819894858867086e-5	-3.664454490174239e-5	-3.433629444139774e-5	-3.192585255949558e-5	-3.216421503053277e-5	-3.091256170852964e-5	-3.07996245966103e-5	-3.0509136991936636e-5	-4.342729165640255e-6	-2.99661025702537e-6	-7.129144632489828e-6	-1.128088749258356e-5	-1.5556284938596926e-5	-2.063528105442254e-5	-2.749057538141593e-5
-7.597330804829522e-6	-7.508901500260547e-6	-7.5760939541183805e-6	-7.735189882552857e-6	-7.462427885644631e-6	-6.773310292631715e-6	-5.87217977016238e-6	-4.620349147222737e-6	-2.9450993781297147e-6	-1.504322701291732e-6	-1.7015043142346899e-6	-2.245411437351314e-6	-1.7810255088226631e-6	-2.439900115714516e-6	-3.5034228054969634e-6	-3.916128008083376e-6	-5.236246034207373e-6	-5.494592384162542e-6	-5.260194013765977e-6	-4.672140563430523e-6	-4.301483960147089e-6	-5.4470670731105245e-6	-6.276494759040532e-6	-7.339300675990486e-6	-7.932336821355086e-6	-8.568457046860024e-6	-9.394611106302957e-6	-1.2021955899852409e-5	-1.2621593332116932e-5	-1.411314908526546e-5	-1.4800367461004042e-5	-1.4364955703899049e-5	-1.3433099400081243e-5	-1.2929018736152452e-5	-1.560979215895278e-5	-1.7601126556677366e-5	-2.0269580217296794e-5	-2.266583233221601e-5	-2.5051703251991256e-5	-2.582900666487026e-5	-2.7394798696222036e-5	-2.7640806737362893e-5	-2.6301068663464947e-5	-2.5370329508013142e-5	-2.479733217673535e-5	-2.516446793510759e-5	-2.470356913280257e-5	-2.3257544192389554e-5	-2.0928890544712978e-5	-1.8740404803614837e-5	-1.662836262048906e-5	-1.426056564230848e-5	-1.24306998478289e-5	-1.0963637651548435e-5	-9.515568197217446e-6	-8.313537758328129e-6	-7.941530821896445e-6	-8.58118636641158e-6	-9.771391520625814e-6	-1.183923762520557e-5	-1.4143451993885343e-5	-1.747462478809015e-5	-2.0182517319173275e-5	-2.2857237871637577e-5	-2.4430162184679513e-5	-2.594540389282661e-5	-2.564253342540561e-5	-2.5440278274843978e-5	-2.63878960728766e-5	-2.6435738553721652e-5	-2.893207591905811e-5	-2.854468533286872e-5	-2.742734229836674e-5	-2.5870495036581925e-5	-2.6975340418431554e-5	-2.7957205886268433e-5	-3.133873287828118e-5	-3.246663891507892e-5	-3.492152102430382e-5	-3.7334056094025236e-5	-4.1528055950632026e-5	-4.526629348048858e-5	-5.0928497638720593e-5	-4.939258431511245e-5	-4.605336977655389e-5	-4.382087138358852e-5	-4.545600842346259e-5	-4.790172777749749e-5	-5.2337166284860404e-5	-5.524412695421914e-5	-5.7586783188149845e-5	-5.96763886136914e-5	-6.0843855209094175e-5	-6.195504311944273e-5	-6.303723030219067e-5	-6.305133615192547e-5	-6.189226629577278e-5	-5.963202559511587e-5	-5.732275029266768e-5	-5.39502255397133e-5	-5.083176654390679e-5	-5.2367063471474816e-5	-5.3948509572934907e-5	-5.478914759762029e-5	-5.520209690832584e-5	-5.2730185777678795e-5	-5.1975122204164434e-5	-4.993928091423603e-5	-4.8569174683076206e-5	-4.736386036521302e-5	-4.435923915517559e-5	-4.274642925326984e-5	-4.13177365314165e-5	-3.9197204781005884e-5	-3.862336023382172e-5	-3.7513764908044325e-5	-3.657294188634183e-5	-3.608483886588347e-5	-3.5291194608582516e-5	-3.445786684415017e-5	-3.504868454923954e-5	-3.5260888637091495e-5	-1.3763858190121367e-5	-1.1603377601202697e-5	-1.6771629983251823e-5	-2.3887609934807735e-5	-2.8495617811988977e-5	-3.38199637565928e-5
-7.737965684059909e-6	-7.911667550481241e-6	-7.745427312488753e-6	-7.695614131564884e-6	-7.3179567941961295e-6	-6.484952115234921e-6	-5.072335313002687e-6	-1.7696932379804645e-6	-2.0852959387463593e-6	-2.2364301233948787e-6	-2.0636512789405648e-6	-2.2663924705598575e-6	-2.2524553497881537e-6	-3.4249009945902693e-6	-3.3909685294626103e-6	-3.709572125659092e-6	-4.112919165942704e-6	-4.356024167675304e-6	-4.8445105213642745e-6	-5.258172166449672e-6	-6.255849056011412e-6	-6.593477879564963e-6	-5.798720160185393e-6	-6.98285723135187e-6	-7.75155639546124e-6	-9.261073096009272e-6	-1.0331883067734964e-5	-1.1699854220214093e-5	-1.1631301594073294e-5	-1.2400051566606972e-5	-1.2127580949032601e-5	-1.2067965049033895e-5	-1.2523092304361598e-5	-1.4009292735746824e-5	-1.487573488055758e-5	-1.6223052767697435e-5	-1.702145881383489e-5	-1.931622452321178e-5	-2.022589181641804e-5	-2.04952725187872e-5	-2.0750689591641537e-5	-2.0723816197452342e-5	-2.0504923917120076e-5	-2.0891928364705735e-5	-2.040408377061145e-5	-2.02390220332754e-5	-1.906234830493245e-5	-1.727650039359558e-5	-1.531118980923783e-5	-1.3821263645835864e-5	-1.1867289540379994e-5	-1.0442557063473305e-5	-9.376111852524814e-6	-8.151833707028839e-6	-6.747743558572009e-6	-5.920962477907674e-6	-5.4456742121320595e-6	-5.406580565192609e-6	-5.916451763189265e-6	-6.831445768774001e-6	-8.429045195114046e-6	-9.984538640751134e-6	-1.226213721490163e-5	-1.4589209912851606e-5	-1.6669632837171093e-5	-1.8719245066783213e-5	-1.988329404009788e-5	-2.1678212583321407e-5	-2.2503832971349988e-5	-2.40216456481087e-5	-2.6014035408227984e-5	-2.7772407773041588e-5	-2.691199761412251e-5	-2.7814794900920398e-5	-2.9670788829344596e-5	-3.2399630938220736e-5	-3.330472849545282e-5	-3.4775571528325444e-5	-3.743429210275456e-5	-4.05634823148239e-5	-4.342886854714727e-5	-4.832450355130545e-5	-5.187130943957313e-5	-5.453097091175259e-5	-5.246023255557619e-5	-4.850731280406709e-5	-4.724042958572684e-5	-4.8426941384911715e-5	-5.091847150623559e-5	-5.3191945802427004e-5	-5.508289047865926e-5	-5.7452291215469645e-5	-5.8507542045763486e-5	-5.954973347115436e-5	-6.0791520499177756e-5	-6.1018102422432004e-5	-6.096820100100382e-5	-6.0626741569202135e-5	-6.0592545724261725e-5	-5.9891185896299506e-5	-6.021141686640436e-5	-5.477617082247539e-5	-5.373255747948783e-5	-5.520523377626138e-5	-5.5539849751055394e-5	-5.549522775723844e-5	-5.697016046846831e-5	-5.574950187093881e-5	-5.203784517009147e-5	-5.051944824388706e-5	-4.9211518215498684e-5	-4.770023780261909e-5	-4.487803371652256e-5	-4.321434979607727e-5	-4.210828644861213e-5	-4.1459805559399335e-5	-3.9808865324184387e-5	-3.9905216555214534e-5	-4.019987457064972e-5	-3.999405258467599e-5	-4.068993021211567e-5	-4.30940659947119e-5	-4.405989264297076e-5	-2.7833754750886466e-5	-2.5148100371878354e-5	-2.9317991421086778e-5	-3.518131714229898e-5	-3.5680267957858766e-5
-8.153660411506624e-6	-7.967161686514655e-6	-7.951690927888652e-6	-7.47976267918447e-6	-6.906235389884767e-6	-5.271769620233263e-6	-2.033813465947623e-6	-2.3269947776950912e-6	-2.422758676079613e-6	-2.6468136018966033e-6	-2.5701568558958096e-6	-2.3852800634725606e-6	-3.1025216575518433e-6	-3.210526801551185e-6	-4.011494166900921e-6	-4.428612492457691e-6	-4.612245515253719e-6	-4.925786293880508e-6	-4.842750129401864e-6	-5.401219463276475e-6	-5.75788812381137e-6	-5.650138600802983e-6	-5.4463175912537395e-6	-5.295644212857317e-6	-5.973269757509128e-6	-7.017701496954062e-6	-8.69356321685829e-6	-8.66820078714546e-6	-7.5999684518747446e-6	-8.334443907047871e-6	-8.129412467088211e-6	-8.341820412053648e-6	-9.239990689897601e-6	-1.0550921966082268e-5	-1.2156244449099997e-5	-1.3391961815206223e-5	-1.5042726003093414e-5	-1.5318756815341575e-5	-1.4659785484063409e-5	-1.54139627900644e-5	-1.578922471825832e-5	-1.640705357219916e-5	-1.6277740982374722e-5	-1.6246204671810892e-5	-1.5949006221607775e-5	-1.4869658747308691e-5	-1.4249741096567393e-5	-1.3114643411234281e-5	-1.164362885080171e-5	-1.0270378975442765e-5	-9.227743216896553e-6	-8.204787394741793e-6	-7.192743261077734e-6	-6.163871679504187e-6	-4.945688647571382e-6	-3.820107329966828e-6	-2.8296436035773163e-6	-2.4198898229211077e-6	-2.12966473747472e-6	-2.3244364603675766e-6	-2.484353299253214e-6	-3.1006134210706873e-6	-4.581465645769368e-6	-5.5694084191487345e-6	-8.936242587923027e-6	-1.2262020392117545e-5	-1.4024338629422747e-5	-1.6034334016784557e-5	-1.8235744565862216e-5	-2.004445120626884e-5	-2.1912875946281454e-5	-2.3438241961420275e-5	-2.6802382822920315e-5	-2.977681927526961e-5	-3.3074299456972364e-5	-3.5448738264437854e-5	-3.732614971231271e-5	-4.00048166793697e-5	-4.315136139035336e-5	-4.577035096959593e-5	-4.7166472360834e-5	-5.0468261920911736e-5	-5.175036850327101e-5	-5.548162767426458e-5	-5.765228328373159e-5	-5.5898272962413495e-5	-5.1235198456891715e-5	-4.9391183661430874e-5	-4.9380335649489016e-5	-5.074816605897363e-5	-5.2499688651301904e-5	-5.372940222077294e-5	-5.56295225813061e-5	-5.7083422664856547e-5	-5.8225582531433104e-5	-5.8893793799543424e-5	-5.906891982650469e-5	-5.905159804339092e-5	-5.8218758400329154e-5	-5.83434038792718e-5	-5.936530570783711e-5	-5.928748154037083e-5	-5.8895502393747044e-5	-6.152866524654702e-5	-6.243852882100408e-5	-6.253808633601386e-5	-6.323582545726854e-5	-6.398739437613044e-5	-6.388854939878841e-5	-6.321092894988681e-5	-6.116638470135723e-5	-5.9977946383332065e-5	-5.6673091160296465e-5	-5.3416161007206406e-5	-5.219489635421501e-5	-5.032548900177347e-5	-4.8341183974624086e-5	-4.732641560004254e-5	-4.7242877849757586e-5	-4.806706326910583e-5	-4.817523290012726e-5	-5.244088339571504e-5	-5.629551536848361e-5	-6.168958131325987e-5	-5.194166792640495e-5	-4.144449299264656e-5	-4.056310604245994e-5	-4.2408480779810784e-5
-8.657700926073715e-6	-8.218791322696112e-6	-7.2941485547450315e-6	-6.264688596981267e-6	-4.46583569413796e-6	-1.9710557242359067e-6	-2.2887771119009005e-6	-2.4734619666583017e-6	-2.433427340653351e-6	-2.633824439741885e-6	-2.6806995615273263e-6	-3.0408305471611545e-6	-3.2285907346045473e-6	-3.5296624428587595e-6	-3.852524819070082e-6	-4.487882911434135e-6	-4.725944963601854e-6	-5.237138793381252e-6	-5.727611188609781e-6	-5.311811598484196e-6	-5.3324065405228535e-6	-5.985775575559089e-6	-6.106795523094528e-6	-6.433027565776617e-6	-6.447212433520998e-6	-6.27749732078943e-6	-6.142177776590971e-6	-6.529790651330775e-6	-6.082394150516181e-6	-6.02826503179419e-6	-5.882156049676242e-6	-6.955404595375761e-6	-7.793277403077802e-6	-9.390683800773562e-6	-9.88454575080646e-6	-1.0523697473348304e-5	-1.052183082957299e-5	-1.0671166885247232e-5	-1.1653530828585439e-5	-1.2154082278917518e-5	-1.2509601488637934e-5	-1.2706043574055303e-5	-1.252714907040665e-5	-1.2156174870425578e-5	-1.1822627478516503e-5	-1.085682602440562e-5	-1.0628667481457198e-5	-9.434839296277014e-6	-8.961958027086953e-6	-7.766333000422572e-6	-7.630102367257256e-6	-6.8716324134760615e-6	-5.733102645508366e-6	-4.722832029429268e-6	-3.5601285035768114e-6	-2.297469411439469e-6	-1.071195351387902e-6	-8.286919056781777e-8	1.0600038845265912e-6	2.062857182164382e-6	2.3521557016579e-6	2.5370866025458197e-6	2.6283716685320674e-6	5.274193218664583e-7	-2.7359767283772346e-6	-5.293077662369555e-6	-8.176705189669176e-6	-1.0578792616205979e-5	-1.3335118328582779e-5	-1.565698205851021e-5	-1.7771190768955947e-5	-2.2013900224200286e-5	-2.5148403677436107e-5	-3.0643169588156355e-5	-3.5029147388721676e-5	-3.888841692786284e-5	-4.277256242875456e-5	-4.68243300578465e-5	-4.7610014211217286e-5	-4.8468920690143344e-5	-5.0278257143591965e-5	-5.1595739562326076e-5	-5.372466027283619e-5	-5.5152270825396116e-5	-5.849270135090123e-5	-5.8799300904589444e-5	-5.671042268055003e-5	-5.269343839845071e-5	-4.9888229750614035e-5	-4.891635263081645e-5	-5.019825080241312e-5	-5.124268542854634e-5	-5.277303840776036e-5	-5.501803025209466e-5	-5.602621760080438e-5	-5.6843271273787285e-5	-5.7041300597303855e-5	-5.756418977012796e-5	-5.667276226756744e-5	-5.699973216403802e-5	-5.756699541429981e-5	-6.054001748425752e-5	-5.957817854514158e-5	-5.978661011087679e-5	-6.213835362597377e-5	-6.533831426749036e-5	-6.818188366870294e-5	-7.054341030592048e-5	-7.175379894744892e-5	-7.247611844983688e-5	-7.136042435131398e-5	-6.75476261838455e-5	-6.492236438661488e-5	-6.447906696961138e-5	-6.406271178685877e-5	-6.486573317322428e-5	-6.677824951535107e-5	-7.066834584960185e-5	-7.347108590461705e-5	-7.497639125221903e-5	-7.471893977563197e-5	-7.372395223600656e-5	-7.395203256732076e-5	-7.542822925499584e-5	-7.647690762461502e-5	-7.731506678366334e-5	-6.020483054149442e-5	-6.0162905636106795e-5
-8.408488261137798e-6	-7.784323953117199e-6	-6.825681201348167e-6	-4.109512297784893e-6	-1.601531597226688e-6	-1.7293600904598472e-6	-1.7153108631835084e-6	-2.245238757826555e-6	-2.518128839668933e-6	-2.362234838076613e-6	-2.6984044068211616e-6	-2.7355510638280532e-6	-3.020641794690155e-6	-3.5437537507319178e-6	-4.082510947410554e-6	-4.237123462692578e-6	-4.660404617014453e-6	-5.064721604890361e-6	-5.442071008513339e-6	-5.489464304398329e-6	-5.535959128719244e-6	-5.765821752879742e-6	-6.236140259513381e-6	-5.803788947643298e-6	-5.112148450056326e-6	-4.378030591864739e-6	-4.328461749452967e-6	-4.238858680835796e-6	-5.005215805622271e-6	-5.58720852515595e-6	-5.325627810384877e-6	-6.292648043262905e-6	-6.019530156991561e-6	-5.694458752735117e-6	-6.2888152801629515e-6	-7.195677430640868e-6	-7.901415253423055e-6	-8.879189823175239e-6	-9.551002621167176e-6	-1.014872954012598e-5	-1.05009459922022e-5	-9.993211546623342e-6	-9.693654272292448e-6	-8.77306383871004e-6	-8.73354034626678e-6	-7.987511544652222e-6	-7.5521654021074545e-6	-6.888192978244528e-6	-6.773416070106168e-6	-5.989227133175196e-6	-5.183300735508729e-6	-5.105138249530787e-6	-4.341825340827953e-6	-3.362465342238944e-6	-2.243734820335519e-6	-1.2196011751506794e-6	5.538489927640368e-7	2.0654682527038518e-6	3.5663755206406106e-6	4.866995898639669e-6	5.812925363496771e-6	7.334137312221822e-6	6.99458912556232e-6	5.7553382361557465e-6	3.897362413265298e-6	4.6746989417444096e-7	-2.0676099992279068e-6	-4.988295150207267e-6	-8.214839019530379e-6	-1.1812087305452731e-5	-1.5241413681274171e-5	-2.007685497343835e-5	-2.5824546602722098e-5	-3.262481138108925e-5	-3.851873797678339e-5	-4.399461898301274e-5	-4.7198947495611515e-5	-4.860030333362318e-5	-5.283759728033112e-5	-5.13214703753203e-5	-5.174039506301159e-5	-5.2862941671630304e-5	-5.396656884391893e-5	-5.5845510805790574e-5	-5.6232345413105914e-5	-5.917635229491652e-5	-5.909061553868028e-5	-5.7123547699770155e-5	-5.282835613732405e-5	-4.87563984547185e-5	-4.7900577466097535e-5	-4.8874509894400973e-5	-5.053541218575253e-5	-5.205804578102373e-5	-5.3421084504796934e-5	-5.489688305988175e-5	-5.5128901308354114e-5	-5.56839517394268e-5	-5.5316630033605714e-5	-5.564826828779058e-5	-5.657372636222284e-5	-5.720155260373859e-5	-6.045342805722272e-5	-6.077773130423996e-5	-6.117722040760443e-5	-6.312998835169593e-5	-6.590620063584574e-5	-6.788635837284493e-5	-6.954768748748674e-5	-7.060069998239549e-5	-7.125811629670777e-5	-7.181206681822899e-5	-7.109219769406601e-5	-7.099024688407563e-5	-7.163134571174651e-5	-7.297746762902242e-5	-7.36047616356917e-5	-7.408917105039894e-5	-7.316311722042543e-5	-7.240158676042295e-5	-7.239693504521201e-5	-7.16408289570987e-5	-7.392432824736284e-5	-7.527774497501083e-5	-7.619686519656603e-5	-7.916895706171732e-5	-8.052643331334965e-5	-7.144737256795271e-5
-7.136658499134595e-6	-6.351057327887589e-6	-2.5965423116735414e-6	-2.5037043971257514e-6	-2.342120346678165e-6	-2.293916934929894e-6	-2.1588163453601684e-6	-2.071280863838454e-6	-2.2345017207533145e-6	-2.0778133716630592e-6	-2.2611622453984695e-6	-2.447664453389918e-6	-2.8490408884624015e-6	-3.2769716438009813e-6	-3.7613988123188016e-6	-4.07452741116093e-6	-4.406326405094127e-6	-4.414989241438658e-6	-4.973773190454934e-6	-5.115764237196511e-6	-5.338498469242142e-6	-5.085913596736616e-6	-4.256773908784938e-6	-3.6989393075196816e-6	-3.5311624907745018e-6	-3.1713391136257985e-6	-2.702119655958145e-6	-2.1562374281913765e-6	-1.8648956077310652e-6	-1.7135589957606792e-6	-2.5306078711489696e-6	-3.7303777823899723e-6	-4.477916911512121e-6	-5.360645209521488e-6	-5.656213006104659e-6	-6.106825738453822e-6	-6.539875940596816e-6	-7.335486534062845e-6	-7.792102995284565e-6	-8.242836751701232e-6	-8.264505047114387e-6	-8.404118838291254e-6	-7.834008689964946e-6	-7.193143988976948e-6	-6.8103306671905665e-6	-6.197360861797362e-6	-6.013798610298143e-6	-5.290973917131646e-6	-4.690630255900757e-6	-4.02695448330475e-6	-3.939350636059796e-6	-2.909043001603738e-6	-2.7504837396921146e-6	-1.4150663605293212e-6	-3.2071501216476145e-7	1.034836238510313e-6	2.463637909129457e-6	4.412712125497105e-6	5.788911410235971e-6	7.425298359032065e-6	8.566910039437686e-6	1.0531022017964964e-5	1.0956790000033606e-5	1.0316841578630366e-5	8.238094139690656e-6	6.30228426954163e-6	3.123283207583094e-6	-4.0791588856725625e-8	-4.267015045337011e-6	-8.757630037825592e-6	-1.372675218391968e-5	-1.8555275236231336e-5	-2.6420858881791298e-5	-3.331370227420416e-5	-3.9323559518225984e-5	-4.310742520862061e-5	-4.777385561802183e-5	-5.1210364236924794e-5	-5.2684673057567036e-5	-5.407355948639295e-5	-5.4245493513738197e-5	-5.3575015870064094e-5	-5.414538018248469e-5	-5.454040338933805e-5	-5.537711752373088e-5	-5.598762808077008e-5	-5.717236945912245e-5	-5.699125814827809e-5	-5.5096518222341045e-5	-5.1498828422189e-5	-4.869574170708168e-5	-4.8241415717817024e-5	-4.839529440441113e-5	-4.967160986994387e-5	-5.1326418945086064e-5	-5.26560091373713e-5	-5.3239158822595764e-5	-5.3659913209873344e-5	-5.371289574414035e-5	-5.393606848853091e-5	-5.549178408719314e-5	-5.6375034902887006e-5	-5.734901682501962e-5	-6.132685902344743e-5	-6.128577936207347e-5	-6.189493381258786e-5	-6.279239430392707e-5	-6.471566571476448e-5	-6.66396421551696e-5	-6.742954282499929e-5	-6.823945342170415e-5	-6.801252004076316e-5	-6.837811515462457e-5	-6.90132067162133e-5	-6.901184690984857e-5	-6.967714193161292e-5	-7.047781255082805e-5	-7.142405598708178e-5	-7.13673397451358e-5	-7.062564714912373e-5	-7.127705180633506e-5	-7.22331023391299e-5	-7.325043073188112e-5	-7.530685639965326e-5	-7.768555937426314e-5	-8.009514115858186e-5	-8.43026789056154e-5	-8.81550935223109e-5
-5.069808606944764e-6	-2.190389281628638e-6	-2.5055317114672584e-6	-2.8366770060293464e-6	-2.7264505825003345e-6	-2.721293127633511e-6	-2.5852705189837767e-6	-2.4840776476271233e-6	-2.6020293843295912e-6	-2.5679572807383796e-6	-2.682176637909539e-6	-2.777366769728118e-6	-2.9259209394531457e-6	-3.1909479737885806e-6	-3.5039314521699214e-6	-3.6778438367718325e-6	-4.119716612120683e-6	-3.902113725998309e-6	-3.750803893821583e-6	-3.6694774416300494e-6	-3.538681730996286e-6	-3.0737843436452923e-6	-2.624884745596346e-6	-1.8193355215368953e-6	-1.4447472623628499e-6	-1.2133864469828295e-6	-1.08839674062668e-6	-7.02369979126323e-7	-6.806960052042899e-7	-1.4373085512574268e-6	-2.27710362230623e-6	-3.0086745405168494e-6	-4.223138725116711e-6	-5.052713076495602e-6	-5.4509337446334225e-6	-6.166209537872454e-6	-6.458194994952461e-6	-6.348209230424423e-6	-6.525808485171453e-6	-6.739206781058819e-6	-6.4799811837993465e-6	-6.455153143784809e-6	-6.122145596466205e-6	-6.1436873248282495e-6	-6.00859614071237e-6	-5.502066575784059e-6	-4.936477252361418e-6	-4.302144022429698e-6	-3.735481338856296e-6	-2.7919196360186305e-6	-1.914345269219027e-6	-1.3459739372318966e-6	-9.016535348210786e-7	4.639459254057385e-7	1.7442289610260578e-6	3.50732977545936e-6	5.125924397398826e-6	6.49544033468584e-6	8.061062275045543e-6	1.0236745831429875e-5	1.1843200370593478e-5	1.2759921496686456e-5	1.2565420370327061e-5	1.2325674999418869e-5	1.0278810083901718e-5	8.058828696597478e-6	5.103967460262301e-6	1.770943119797433e-6	-2.8827645565804305e-6	-7.746347373228588e-6	-1.3917668178955317e-5	-1.9574238063757576e-5	-2.60830085015238e-5	-3.192297175300812e-5	-3.7522627257917385e-5	-4.3817067216320865e-5	-4.82244210927088e-5	-4.978858446943839e-5	-5.3802249547901804e-5	-5.461998919559924e-5	-5.5799673082525085e-5	-5.450372045237659e-5	-5.422713757793473e-5	-5.463253468867245e-5	-5.3688101815836664e-5	-5.404728913222835e-5	-5.4601186202582475e-5	-5.5002563728633394e-5	-5.462367210840643e-5	-5.308322400079165e-5	-5.0346076171437805e-5	-4.920931847771093e-5	-4.798284440946359e-5	-4.821910838009088e-5	-4.924401011475229e-5	-4.979195942817101e-5	-5.095470813137274e-5	-5.1138682589761675e-5	-5.1500919807522146e-5	-5.229125009246268e-5	-5.3745800887052e-5	-5.554383931689454e-5	-5.643289279616808e-5	-5.787051080583059e-5	-6.0671342231341345e-5	-6.064645643045607e-5	-6.0881859720741255e-5	-6.12399296177164e-5	-6.296141689607349e-5	-6.416330029681942e-5	-6.481596119198296e-5	-6.493443681517518e-5	-6.49549392408872e-5	-6.512406873536783e-5	-6.572411698538803e-5	-6.689977025586998e-5	-6.78152832283771e-5	-6.80038996306049e-5	-6.839213841525887e-5	-6.886213178998978e-5	-6.949723156440997e-5	-7.056223221826516e-5	-7.280430674560384e-5	-7.496405831698173e-5	-7.750109126507254e-5	-8.236087232680288e-5	-8.714175800221546e-5	-9.040794523608453e-5
-1.6073312656978561e-6	-1.8769377802744895e-6	-2.063225350117104e-6	-2.2430786815095215e-6	-2.4627975779068813e-6	-2.609259691448672e-6	-2.813765977757298e-6	-2.7940448620120822e-6	-2.9403994362508894e-6	-3.183152539839619e-6	-3.1092108732479543e-6	-3.4460645396820234e-6	-3.5601177428702495e-6	-3.410488993267017e-6	-3.4131856886730587e-6	-3.7496995864750617e-6	-3.876150783807195e-6	-3.6991407184020116e-6	-3.5074959429948205e-6	-3.2399228834740015e-6	-2.8437532005858718e-6	-2.593953846749368e-6	-2.1963852787844525e-6	-1.4186150423312928e-6	-7.462273935712402e-7	-4.643718000190908e-7	-1.4675641344524815e-7	-2.6707366244764497e-7	-9.590536643924036e-7	-1.7950828405102412e-6	-2.6840974240308416e-6	-3.2458377890835777e-6	-4.241124107722677e-6	-4.781523335367806e-6	-5.51067844785022e-6	-5.680335244057436e-6	-5.8588424097037045e-6	-6.2125644662318e-6	-6.066486153482806e-6	-5.662700844799758e-6	-5.338266599055029e-6	-5.348491547113414e-6	-5.4509944192975e-6	-5.474636165952486e-6	-5.341319590400004e-6	-4.7311870133431855e-6	-4.097365499731824e-6	-3.7744107020615605e-6	-2.8983454227133124e-6	-1.86661652118187e-6	-9.461078974296391e-7	-2.6001444920764616e-8	1.0570253033319668e-6	2.443075649010036e-6	3.648354947143051e-6	5.314244961511332e-6	6.963824279054322e-6	8.438100302580846e-6	1.0281221186903e-5	1.1548429977603115e-5	1.2747257784918864e-5	1.3517602862793757e-5	1.3171417434379787e-5	1.1734490454524439e-5	9.725112100171518e-6	7.454228667701582e-6	4.4036313766489255e-6	9.182249416112703e-7	-3.264080601942873e-6	-8.11870433077913e-6	-1.3463763497102363e-5	-1.976450063724891e-5	-2.5336251177035703e-5	-3.0010993527524593e-5	-3.462781408456687e-5	-3.950845442360178e-5	-4.397667954347383e-5	-4.759642717932708e-5	-5.093614167061243e-5	-5.2379297310633545e-5	-5.3619968545543656e-5	-5.3629083365445106e-5	-5.3023482712811695e-5	-5.305119595033249e-5	-5.258768924877935e-5	-5.185433827388942e-5	-5.2236059173895594e-5	-5.245611766951843e-5	-5.300218178575216e-5	-5.3236260723083656e-5	-5.207258201836342e-5	-5.0344456115894096e-5	-4.877231436642773e-5	-4.792452404974584e-5	-4.758470042152442e-5	-4.755799892081341e-5	-4.837182866442632e-5	-4.858759526443421e-5	-4.907382826653799e-5	-5.0275420287950075e-5	-5.216958108729668e-5	-5.357062008077597e-5	-5.4822335907034336e-5	-5.616000776941833e-5	-5.6919439796773545e-5	-5.8690112069315764e-5	-5.911921503016192e-5	-5.889917153718664e-5	-5.9524090233078857e-5	-6.024886926164763e-5	-6.0866376066885663e-5	-6.156313580121288e-5	-6.21167547466047e-5	-6.19663286611713e-5	-6.28444292861529e-5	-6.31728931861121e-5	-6.457125405114755e-5	-6.5749341491032e-5	-6.727118140965535e-5	-6.80088968810482e-5	-6.867169886123209e-5	-7.03050010244545e-5	-7.37199239370448e-5	-7.615580133743874e-5	-7.971381570776558e-5	-8.347463150391865e-5	-8.801643081360853e-5	-9.230237638124285e-5
