-1.729837323524315e-5	-1.8896249798737024e-5	-2.0329361613806717e-5	-2.152986440809857e-5	-2.2506855326700123e-5	-2.319351779166407e-5	-2.3655945373690995e-5	-2.3809928076372157e-5	-2.3654363637994053e-5	-2.3229556061548238e-5	-2.2583105393021022e-5	-2.164577995172037e-5	-2.045587222656614e-5	-1.8998340252385983e-5	-1.7330107772822227e-5	-1.5492494177004077e-5	-1.3559050066205352e-5	-1.1643650089546471e-5	-9.793489839264774e-6	-8.050418540941269e-6	-6.44018635110775e-6	-5.026886597251092e-6	-3.827854472897986e-6	-2.8454394069997927e-6	-2.0598530601826253e-6	-1.41711869471877e-6	-8.968646379654162e-7	-6.190302078228166e-7	-5.942134386592161e-7	-5.631337936653332e-7	-5.23143314881433e-7	-4.742102542629188e-7	-4.2718200882192845e-7	-3.5950931349930635e-7	-2.9315397733327806e-7	-2.3355446493862153e-7	-1.8283504277807094e-7	-1.3484832262764858e-7	-1.0555358558685997e-7	-7.730548116434214e-8	-5.219267704657804e-8	-6.13446621318688e-8	-6.23398490063835e-8	-8.772456862423808e-8	-1.8501971458446805e-7	-2.634805373548866e-7	-4.5348313151029827e-7	-6.540498490214823e-7	-9.131698963667738e-7	-1.1571177899341439e-6	-1.3618840935804025e-6	-1.516357244856734e-6	-1.6648123681032437e-6	-1.66750604357734e-6	-1.7580585212636855e-6	-1.6631220861107818e-6	-1.6976662421222125e-6	-1.5960448264784222e-6	-1.67405357187612e-6	-1.6137200094789755e-6	-1.7170384209009354e-6	-1.498328472104166e-6	-1.3026813605618695e-6	-1.163516163260485e-6	-1.1090077874902121e-6	-1.1165459854717394e-6	-1.2930872916406306e-6	-1.4972518147503492e-6	-1.734445257951932e-6	-1.8851528897344452e-6	-2.199849706243894e-6	-2.5371715937902426e-6	-3.054991035254947e-6	-3.4743971368512917e-6	-3.820199723595315e-6	-4.1139770563096885e-6	-4.177979453861167e-6	-4.190565863687598e-6	-4.146012833479373e-6	-4.031604560423935e-6	-3.918617032508447e-6	-3.94487832739631e-6	-4.461274295918034e-6	-5.782739782174125e-6	-8.098118189963197e-6	-1.1846683216083014e-5	-1.6490502614633777e-5	-2.16609500104456e-5	-2.7236506738730385e-5	-3.308342067575745e-5	-3.929043814418452e-5	-4.5935284982183685e-5	-5.2915021495995174e-5	-5.990689058857297e-5	-6.751236816606462e-5	-7.524419554341523e-5	-8.30839680696431e-5	-9.129688209250357e-5	-9.907392594333885e-5	-0.00010667241940327918	-0.00011325229150685885	-0.00011901885086290019	-0.00012354142178724154	-0.00012695907967047752	-0.0001579941258036499	-0.00020612529461614456	-0.0002515223676194725	-0.00029301543624042615	-0.00032683424930068385	-0.0003552434849932195	-0.0003729608539429952	-0.0003830203206065116	-0.0003864670949026009	-0.0003872459394863492	-0.0003802810616074497	-0.0003714579485634322	-0.0003603070784950627	-0.0003448875271047343	-0.0003283228426905296	-0.00030930953489683236	-0.00029062482206468386	-0.0002699197608287151	-0.0002480003382657669	-0.00022750532927306218	-0.00020698935686582452	-0.0001849749177623857	-0.00016575869699743222	-0.00014401143312439213
-2.7392448110844924e-5	-1.865676442483458e-5	-2.028920188448932e-5	-2.1691002553648678e-5	-2.288925343225915e-5	-2.390113347017003e-5	-2.4580496658812193e-5	-2.499001684440779e-5	-2.5128206446459734e-5	-2.4994932274756916e-5	-2.4496352581205718e-5	-2.3747016318118557e-5	-2.2753985113358533e-5	-2.1368112942918462e-5	-1.971303540876806e-5	-1.7825194692850017e-5	-1.5812376166748348e-5	-1.376756670808835e-5	-1.1721229406870902e-5	-9.759138207193681e-6	-7.931356738883133e-6	-6.29305240270475e-6	-4.866130129721769e-6	-3.665141521369164e-6	-2.678227320646668e-6	-1.8857849203078085e-6	-1.2696316651102452e-6	-8.027744312194555e-7	-6.49864981894971e-7	-6.139859924053751e-7	-5.660791176049415e-7	-5.206539117892875e-7	-4.6077871080052825e-7	-4.0972333109080077e-7	-3.3936203603068336e-7	-2.629692329294129e-7	-2.1756918832791512e-7	-1.56866382728591e-7	-1.0313076976409321e-7	-6.6028545540227e-8	-5.769903409021831e-8	-5.5952470423522967e-8	-5.63363934624859e-8	-1.270011976507066e-7	-2.1065036445034825e-7	-3.4825512471497793e-7	-5.845318771903956e-7	-7.985067748627948e-7	-1.1389183089644725e-6	-1.4471881467735396e-6	-1.735250615662181e-6	-1.9964502039381103e-6	-2.0822232069412703e-6	-2.1235138734232817e-6	-2.0931970907658287e-6	-2.0215795611473136e-6	-1.970923442832448e-6	-1.9180624930934715e-6	-1.748972203635299e-6	-1.8528101503578969e-6	-1.6841814806008442e-6	-1.7514555488326997e-6	-1.5763320802709251e-6	-1.4138392093935037e-6	-1.5684113168298653e-6	-1.6339088599329676e-6	-1.8029997687196082e-6	-2.0526522017015538e-6	-2.2253613644729247e-6	-2.389527916490061e-6	-2.749415597365699e-6	-3.154292708492692e-6	-3.5767999745161356e-6	-3.994770901383246e-6	-4.280041378892093e-6	-4.425909685963553e-6	-4.471819984416852e-6	-4.444699560093881e-6	-4.396979384320683e-6	-4.287491135275808e-6	-4.2201139467005894e-6	-4.5569034886619184e-6	-5.690967410894239e-6	-7.817381671728046e-6	-1.1592376402018251e-5	-1.647497108125371e-5	-2.224208914234617e-5	-2.850589641979057e-5	-3.504235250400661e-5	-4.24456544445933e-5	-4.974294774233604e-5	-5.7756721194238424e-5	-6.607895813188087e-5	-7.495340751082985e-5	-8.432251033667245e-5	-9.39717018940233e-5	-0.00010339719381095326	-0.00011282218337204942	-0.00012183911570757113	-0.00012928735584254256	-0.00013558067237504404	-0.00013994843891291403	-0.00014331541812385616	-0.00015572054247928028	-0.0002195362265477519	-0.00027058077572977173	-0.0003153984425237008	-0.0003508770557519316	-0.0003762462200492813	-0.00039243017309664773	-0.0004043772110550641	-0.0004059404603836325	-0.00040395917253560577	-0.00039521503523477514	-0.00038289380663908325	-0.00036899153225828903	-0.00035308806427169137	-0.0003352030933966954	-0.0003150894020717966	-0.00029280986422628927	-0.00026993725763524695	-0.00024735108861078476	-0.0002258527091350158	-0.0002023537352215869	-0.00017905172260191705	-0.00015844463470622875	-0.00013630568851174868	-0.00011476517960449335
-3.5111213888047434e-5	-3.1833674639484703e-5	-2.0031557827271325e-5	-2.1682421396542172e-5	-2.3100891328816953e-5	-2.4415944888402075e-5	-2.5442767133354268e-5	-2.6197051499887098e-5	-2.6643037517729275e-5	-2.6766536862054115e-5	-2.6563926290184187e-5	-2.6074236957475988e-5	-2.53013233045877e-5	-2.4069460467166027e-5	-2.2526420848395562e-5	-2.0682264489011797e-5	-1.864882768080729e-5	-1.649255940823208e-5	-1.4258454910129824e-5	-1.2084249421304314e-5	-1.0038135293182945e-5	-8.14370683652986e-6	-6.44381469018443e-6	-4.9489543343330814e-6	-3.709782575350916e-6	-2.703980677960245e-6	-1.9108312744150666e-6	-1.2832743339965978e-6	-8.051099413340364e-7	-7.169356794128034e-7	-6.718715424887496e-7	-6.220098015578521e-7	-5.651809212669431e-7	-5.024103706494758e-7	-4.425193549304387e-7	-3.582563339878974e-7	-2.6692199433158533e-7	-2.1399863689657983e-7	-1.374884557090658e-7	-9.394940068975726e-8	-1.0523553304164808e-7	-1.1132843904955188e-7	-1.5533773293940453e-7	-2.487081449073592e-7	-3.031534596604322e-7	-5.014850655320838e-7	-7.639888088206198e-7	-9.79642012453124e-7	-1.4133226761450893e-6	-1.7172462440760236e-6	-2.1003319700128806e-6	-2.4263348758957987e-6	-2.5564359612881074e-6	-2.521488871905643e-6	-2.4856358615069424e-6	-2.3628097253943693e-6	-2.3920028567842537e-6	-2.1291436962255655e-6	-2.2405381188455434e-6	-1.9797553385887163e-6	-2.1278198413531666e-6	-1.9864567701626524e-6	-2.046962994528951e-6	-2.173659584372615e-6	-2.1880864200816046e-6	-2.4049926005103535e-6	-2.5960335116882976e-6	-2.708951268322799e-6	-2.845910382762764e-6	-2.937542076970675e-6	-3.2288985322793937e-6	-3.7477305714764736e-6	-4.05917474033409e-6	-4.311486311132287e-6	-4.650313527187337e-6	-4.837957002606028e-6	-4.863574893900921e-6	-4.835055058718168e-6	-4.8775148147973604e-6	-4.826814818100427e-6	-4.893958740632615e-6	-5.720966878577635e-6	-7.463115946281642e-6	-1.1225185656624536e-5	-1.6328347051738568e-5	-2.2701813968933527e-5	-2.971463669462975e-5	-3.723317132947573e-5	-4.535994224580339e-5	-5.429281824923077e-5	-6.393814484135509e-5	-7.400264484475408e-5	-8.499833302843437e-5	-9.585362177449026e-5	-0.00010707223409788219	-0.00011789854084607839	-0.00012890735988110809	-0.00013808747476109248	-0.0001468665775748246	-0.0001530513085306847	-0.00015731172042881517	-0.00015977048418866708	-0.00016101688336531193	-0.00022905029246759784	-0.00028540777052467477	-0.0003345588630112781	-0.0003724633297685052	-0.00039861530906293513	-0.0004146111146713805	-0.0004217503381784976	-0.00042332912559175755	-0.00041930987423667056	-0.00040731544583183683	-0.0003960488235800648	-0.0003810192264160246	-0.0003599633488867663	-0.00033914998995859683	-0.0003164395543118711	-0.0002947021630959174	-0.00026978839479132027	-0.00024588312827787196	-0.00022263464449013334	-0.00019631400113716453	-0.00017315538204635975	-0.0001480857852018797	-0.00012733423874521435	-0.00010353246622060068	-8.08511795756528e-5
-3.9021316753746284e-5	-3.868771372189428e-5	-3.6008051983740336e-5	-2.3042810421236115e-5	-2.3189257143103696e-5	-2.4747582191369616e-5	-2.6187514009290343e-5	-2.7341671265638135e-5	-2.8179781736854532e-5	-2.8740288053951622e-5	-2.8944706286659176e-5	-2.877729809384251e-5	-2.8259706508341443e-5	-2.7291789868914842e-5	-2.5929196528023553e-5	-2.4256147195121685e-5	-2.2269348065343135e-5	-2.0068702199702287e-5	-1.7749046204484014e-5	-1.5375229596081782e-5	-1.3089967761277527e-5	-1.0891222515487205e-5	-8.885458878455254e-6	-7.0706671465319426e-6	-5.50306747703286e-6	-4.174836347738116e-6	-3.0628558826388015e-6	-2.1783447810786433e-6	-1.4888260014571333e-6	-1.0057328836732094e-6	-9.48058595026536e-7	-8.671674409691171e-7	-7.964722795729753e-7	-7.126305058551922e-7	-6.094853295764105e-7	-5.285085069101134e-7	-4.60534986353204e-7	-3.7020934283737135e-7	-3.2042759833719777e-7	-2.8561089140747884e-7	-2.493487523278493e-7	-2.434963687027636e-7	-3.158402417919184e-7	-4.0496749437097626e-7	-5.467445462131599e-7	-8.011915710626644e-7	-1.0942941709890682e-6	-1.4210611182823021e-6	-1.8640725923686408e-6	-2.216992372710137e-6	-2.604056103045709e-6	-3.0490526183038426e-6	-3.1362442906530396e-6	-3.287992070351776e-6	-3.1701956704282432e-6	-3.0660701367202375e-6	-2.9351235272030045e-6	-2.9480343023663397e-6	-2.7181003934583273e-6	-2.771978269938043e-6	-2.457953700665465e-6	-2.8039116568847423e-6	-2.7804376935874596e-6	-2.9694199678307936e-6	-3.281015525859791e-6	-3.2429076529857983e-6	-3.6112157296289067e-6	-3.4348031403548616e-6	-3.434364066768616e-6	-3.5147286526435737e-6	-4.012704605592949e-6	-4.245991518234966e-6	-4.716819557775872e-6	-5.026865003267828e-6	-5.2328557025336925e-6	-5.342857464542035e-6	-5.339064146125902e-6	-5.336675866554947e-6	-5.4049554915441665e-6	-5.574067316909552e-6	-6.0147589632216295e-6	-7.644363153589424e-6	-1.0949988754711264e-5	-1.632980845166393e-5	-2.3478279503782703e-5	-3.148039757061329e-5	-4.009077612423441e-5	-5.006318745057135e-5	-6.070275571066035e-5	-7.207076433593559e-5	-8.407663343136052e-5	-9.690770694472972e-5	-0.00010953056482717092	-0.0001219666801501455	-0.00013430291191839696	-0.00014511485669792452	-0.00015492032927823967	-0.0001630675665966315	-0.00016864045230033755	-0.0001732362441574911	-0.000175503302598303	-0.0001741811604742433	-0.00023314880719332398	-0.000296407328819365	-0.00034982114257005683	-0.0003889032771290323	-0.000416544980626042	-0.00043251291735619396	-0.000438033391898145	-0.0004375247975433737	-0.0004315396802382471	-0.00041857493064951894	-0.0004055444636941836	-0.00038683613571989083	-0.0003671292327925876	-0.00034394647637004446	-0.0003195407036941911	-0.00029366927025357807	-0.00026980193579312535	-0.0002437084027067304	-0.00021720211346088663	-0.00019208222490769674	-0.00016650996441055534	-0.0001397634948986171	-0.00011757614767097732	-9.258101683130068e-5	-6.856924893530215e-5	-0.00019152110547983239
-4.0963726175018725e-5	-4.2286548891846574e-5	-4.2371038597793315e-5	-4.0343118943199504e-5	-3.2474712084437694e-5	-2.4799492650074345e-5	-2.655634863509007e-5	-2.8201095783311265e-5	-2.9599795628611333e-5	-3.065414269283156e-5	-3.136642352680343e-5	-3.170781977426915e-5	-3.170560487992185e-5	-3.1169038474153645e-5	-3.018055899214711e-5	-2.882925681064513e-5	-2.701829931910305e-5	-2.491713341042855e-5	-2.2617849023660442e-5	-2.014678530997219e-5	-1.7564639426894398e-5	-1.5125323445333554e-5	-1.2774679048282166e-5	-1.0610740541208682e-5	-8.596121962111543e-6	-6.779984352469538e-6	-5.231221044849753e-6	-3.966382680841045e-6	-2.9316062188904344e-6	-2.108836630283719e-6	-1.5254405714929026e-6	-1.4045372829090292e-6	-1.265898047598568e-6	-1.1541684112207967e-6	-1.0683985450926026e-6	-9.344378324487207e-7	-8.456938643060076e-7	-7.551290683698584e-7	-6.15638004402432e-7	-5.917379989037873e-7	-5.5007189133002e-7	-6.205605082290885e-7	-7.25559992862964e-7	-8.593215187799766e-7	-1.1051328339509688e-6	-1.421245944055051e-6	-1.6993090323486258e-6	-2.1005649372432704e-6	-2.5821051521988345e-6	-2.9154103927124704e-6	-3.2392486906177823e-6	-3.7434937299652993e-6	-3.992328461486673e-6	-4.185020650731384e-6	-4.0634771617735314e-6	-4.06878934399467e-6	-4.208252225347959e-6	-4.0141783688766e-6	-4.10439455387449e-6	-3.7044646721076804e-6	-3.8200889754289675e-6	-3.6397191261086745e-6	-4.301893079664392e-6	-4.393807030727046e-6	-4.667318896914085e-6	-4.586575696056642e-6	-4.291417515950256e-6	-4.220141104579095e-6	-4.276783074741787e-6	-4.503467515636238e-6	-4.8964655402121356e-6	-5.387107727643051e-6	-5.842587757030718e-6	-6.081322076080288e-6	-6.184207367863563e-6	-6.3736893028839585e-6	-6.430350011927574e-6	-6.4817097047988094e-6	-6.607111328745484e-6	-6.985775216076433e-6	-8.104818433493803e-6	-1.147084154896804e-5	-1.70357127256109e-5	-2.5080132033055452e-5	-3.465717840990922e-5	-4.518621972114599e-5	-5.663067685592933e-5	-6.873324798667603e-5	-8.361872245320578e-5	-9.709403838207122e-5	-0.00011067730535939976	-0.000123794389562853	-0.0001375326365192568	-0.00014909006172792274	-0.00016036063037718417	-0.0001696702742592503	-0.00017684720752122551	-0.00018285127440523458	-0.00018525886755565925	-0.00018711414306705836	-0.00018609381460380804	-0.00022617910093832494	-0.00030267663943201796	-0.00035796167632590366	-0.0004002659876776668	-0.00042806342607803506	-0.00044589190954325095	-0.00045144592477433	-0.0004523726645972218	-0.00044272386354291156	-0.0004311370760139068	-0.00041114835852810875	-0.00039119094873646485	-0.0003687499366234934	-0.0003451666783882575	-0.00032188522682273816	-0.00029419170038113293	-0.00026682060125470235	-0.00023958992451606279	-0.00021306318547080223	-0.00018657100935919827	-0.00016061534051732464	-0.00013269487731221944	-0.00010817549911698414	-8.611442017787772e-5	-5.819441687899586e-5	-0.00019664582572506695	-0.00022755116435009375
-4.1457573172307854e-5	-4.38837550704584e-5	-4.567090500735214e-5	-4.614581495457004e-5	-4.4420682626837636e-5	-3.8212457629044285e-5	-2.657727178105056e-5	-2.8598373307194577e-5	-3.0487027682715435e-5	-3.2353176784520853e-5	-3.38161744408749e-5	-3.48318901037363e-5	-3.547999679181244e-5	-3.568787489416562e-5	-3.5329949742050426e-5	-3.43871140665829e-5	-3.310616264134999e-5	-3.12968859821428e-5	-2.9289159799081435e-5	-2.688095656956391e-5	-2.4292579137182618e-5	-2.1528896424607458e-5	-1.8897356475330244e-5	-1.6199101028359817e-5	-1.368137694979626e-5	-1.1280390655034736e-5	-9.165349788989079e-6	-7.272665150181998e-6	-5.687562629361183e-6	-4.3454336657946435e-6	-3.198120178388724e-6	-2.4855245432427825e-6	-2.3033902463646335e-6	-2.123236478872403e-6	-1.939827560254532e-6	-1.7567117837882968e-6	-1.5519775443923562e-6	-1.3980522192212592e-6	-1.3333667482149565e-6	-1.275435967795526e-6	-1.3046573902107013e-6	-1.389967200606948e-6	-1.5908139961582415e-6	-1.7552798497679853e-6	-2.0382634794925334e-6	-2.489338575895804e-6	-2.918274484429084e-6	-3.343684672383159e-6	-3.9177684467387196e-6	-4.377437040644738e-6	-4.6354841250715055e-6	-5.128291178909864e-6	-5.504340177054216e-6	-5.573086114488772e-6	-5.733653311132441e-6	-5.8539648041465e-6	-5.935520180508304e-6	-6.176737308896313e-6	-5.841378581591939e-6	-5.942417877253137e-6	-5.403087274875087e-6	-5.626785458450468e-6	-5.501960991767188e-6	-6.255397988322081e-6	-6.037827108440084e-6	-6.267964686012333e-6	-5.816135171526492e-6	-5.590930102399171e-6	-6.079213852741309e-6	-6.350786904990291e-6	-6.5278144243057325e-6	-7.23452626335114e-6	-7.583230246670822e-6	-7.91248940418609e-6	-7.884302403578396e-6	-8.084833693283414e-6	-8.23456540621458e-6	-8.42846555437563e-6	-9.124045355050976e-6	-1.0048793838623454e-5	-1.3572922011445272e-5	-1.973485157006789e-5	-2.9277211528636293e-5	-4.104791039962537e-5	-5.268985016824946e-5	-6.590139884208224e-5	-8.09997336053355e-5	-9.448966131534158e-5	-0.00010696180474208176	-0.00012197763435204247	-0.00013558025315326327	-0.00014763995330799437	-0.0001612744183267158	-0.0001718113019307752	-0.00017887826927663565	-0.00018663771564836687	-0.0001928878044700098	-0.00019433189593935835	-0.00019575755695443588	-0.00019447834785707376	-0.00019848542804684816	-0.00030183548488535114	-0.0003637211530968542	-0.0004062572096704092	-0.00043537402843363444	-0.00045265394493462265	-0.0004617184680727579	-0.00046084792156815893	-0.00045284162232689124	-0.0004376396591283631	-0.0004197802755640987	-0.00039723987734655106	-0.0003738170364657586	-0.00034867744234071563	-0.0003183639609385556	-0.0002933648669322785	-0.0002638311242310256	-0.0002353612022462084	-0.0002124171707858051	-0.00018140734571261714	-0.0001542826641220095	-0.00012449005951720767	-9.890162411215798e-5	-7.196575343784446e-5	-0.00012016629674475865	-0.00020261302017196559	-0.00023036220220867733	-0.00024582989171819097
-4.049679866198198e-5	-4.3796831733658806e-5	-4.6732403322755794e-5	-4.89305961166506e-5	-4.9546320690737505e-5	-4.8200235286648406e-5	-4.318548358954322e-5	-2.818106983624175e-5	-3.065756216833279e-5	-3.306386154165825e-5	-3.5321706593786434e-5	-3.723783886151822e-5	-3.8861146264636856e-5	-3.991963342971891e-5	-4.038689720923378e-5	-4.058029113147122e-5	-4.0215488778894224e-5	-3.9027691052059385e-5	-3.768822243477727e-5	-3.574330269847058e-5	-3.335350089962575e-5	-3.0589772588984285e-5	-2.7627596027034014e-5	-2.467533107019838e-5	-2.166528412409219e-5	-1.8615315112909206e-5	-1.5742790112703785e-5	-1.3031323713362611e-5	-1.065207527696197e-5	-8.556779960367895e-6	-6.785551018061071e-6	-5.150931185695409e-6	-4.1896754119514075e-6	-3.829368855661001e-6	-3.557316376955768e-6	-3.2656142256828923e-6	-3.067417800305579e-6	-2.9197031855387657e-6	-2.6955261808387214e-6	-2.6072976317933675e-6	-2.5202464266622075e-6	-2.758525967097922e-6	-3.106372548687287e-6	-3.408838751173298e-6	-3.947590454023343e-6	-4.517383782413073e-6	-5.16509485583347e-6	-5.617113787786008e-6	-6.308240195800134e-6	-6.781226170522091e-6	-6.9461944282327886e-6	-7.476860697391038e-6	-7.667211426699654e-6	-7.923570218608481e-6	-8.53456701352192e-6	-8.795975168773829e-6	-9.142367533959255e-6	-9.156295601363637e-6	-9.308669773410263e-6	-9.057932686744411e-6	-8.588218870138613e-6	-8.737333967358957e-6	-8.301432577213498e-6	-9.038606050991622e-6	-8.886888636083022e-6	-8.760900639473988e-6	-8.778530566753797e-6	-8.540158532557426e-6	-9.068845060999762e-6	-9.466680128387915e-6	-9.576494156501733e-6	-1.0223815764789961e-5	-1.0260654435431018e-5	-1.077021891638069e-5	-1.0523175289991433e-5	-1.1146276482611604e-5	-1.171419531593262e-5	-1.284357810639099e-5	-1.4645094792726585e-5	-1.8883045486575527e-5	-2.521373655142443e-5	-3.595141249695407e-5	-4.8770647104666545e-5	-6.205520818798095e-5	-7.55238950853816e-5	-8.91114302583866e-5	-0.00010281635369648447	-0.00011787956859660978	-0.00012875787134777091	-0.00014163656767031527	-0.00015416362460926266	-0.00016499104625003654	-0.00017892624737145626	-0.00018649986217529656	-0.00019325401515991837	-0.00019794365674481425	-0.0002026395031841247	-0.00020294007601602093	-0.000203095182261311	-0.00019803729049918837	-0.0002953826386467161	-0.00036131650522705375	-0.00041257206056189094	-0.00044114786451088543	-0.000459440870593077	-0.0004678093912820593	-0.0004652575201178743	-0.00045622172862709543	-0.00044117868900279186	-0.0004224863635250817	-0.0003984761084758863	-0.0003721643127527728	-0.0003462583807831371	-0.0003187353609548308	-0.00028858003949499677	-0.0002609605892580453	-0.00023166335584804548	-0.00020206050397055496	-0.00017471357169557625	-0.0001470307457844067	-0.00011614215039376131	-8.972624516519114e-5	-6.1008179411689914e-5	-0.00015317725502630563	-0.00020971309268188153	-0.00023256255193718298	-0.0002442726639229542	-0.0002529343323402723
-3.815105269556259e-5	-4.1994824751701726e-5	-4.568170901739742e-5	-4.89695019765049e-5	-5.1397652443909727e-5	-5.2350085113631636e-5	-5.118821161847261e-5	-4.6822987219775675e-5	-3.005103989060082e-5	-3.231017948877353e-5	-3.5497814743552954e-5	-3.825452452407732e-5	-4.073331653173674e-5	-4.294197443145814e-5	-4.486147167977346e-5	-4.621967694121214e-5	-4.680969353191292e-5	-4.710263906688956e-5	-4.659888453523246e-5	-4.569821100423971e-5	-4.395834419304432e-5	-4.1926588134666746e-5	-3.913111747413665e-5	-3.606093538046651e-5	-3.260512904615392e-5	-2.9062601152863478e-5	-2.554112680209479e-5	-2.2031760537537414e-5	-1.872721858963363e-5	-1.5794539846734825e-5	-1.3021950918359479e-5	-1.049978067542995e-5	-7.943294715833398e-6	-6.897356826888673e-6	-6.3982533823757115e-6	-5.986598044261526e-6	-5.6165131270715355e-6	-5.2811514640726e-6	-4.990735316178841e-6	-4.8288783271411905e-6	-4.951074979680139e-6	-5.185429050649296e-6	-5.7240743374443776e-6	-6.291069827850138e-6	-6.870973158936946e-6	-7.554996523738124e-6	-8.343617742218257e-6	-8.936766154615821e-6	-9.649100305601717e-6	-1.0294714877322317e-5	-1.0547463680932049e-5	-1.0947401673928035e-5	-1.133647084303706e-5	-1.1782212105555101e-5	-1.2501904747376567e-5	-1.3385139090002138e-5	-1.3576142936448356e-5	-1.3767320911130276e-5	-1.362691233771683e-5	-1.2813296349441136e-5	-1.2760384622683969e-5	-1.1748215504702716e-5	-1.2097273166799947e-5	-1.1920000071382903e-5	-1.3088744160889425e-5	-1.2804828087097613e-5	-1.3539218550521993e-5	-1.3547509358378864e-5	-1.402624421906689e-5	-1.447143168781465e-5	-1.4375947567464635e-5	-1.4803284273915104e-5	-1.5046437000099252e-5	-1.5683212410211997e-5	-1.635066965019271e-5	-1.7487160909432267e-5	-2.03044293768602e-5	-2.2671923981470668e-5	-2.8142816386680794e-5	-3.3756288705493316e-5	-4.463114258387461e-5	-5.8506433924403786e-5	-7.339926538090397e-5	-8.277067287593197e-5	-9.77612170685794e-5	-0.00010957066428938871	-0.00011962268691327398	-0.00013263455569418464	-0.000141514749947471	-0.0001557698587510226	-0.00016696236435577352	-0.00017575210317107405	-0.0001888477332546339	-0.00019414558117247772	-0.00020333524971618568	-0.00020822049230275873	-0.00020776518883452392	-0.00020930541391493218	-0.00020469252467945594	-0.00027891966843796153	-0.0003590494468969714	-0.0004097736432305218	-0.00044325962383414286	-0.0004607193323638136	-0.0004687982839165811	-0.00046727923024860417	-0.0004590173359408922	-0.00044220096598783856	-0.0004223975554181088	-0.0003994034037493313	-0.0003737810261315259	-0.00034524987110177204	-0.00031668753851482427	-0.0002848009086922577	-0.0002566650185533738	-0.0002298656843998867	-0.00019503517156760266	-0.0001669560089119981	-0.00013796798767325234	-0.00010750107787447713	-7.92132804058876e-5	-5.042742241077435e-5	-0.00016399859691092027	-0.0002169504134571544	-0.00023503898854595594	-0.00024300822751327673	-0.0002582532970701965	-0.00025075893524285214
-3.441340225639975e-5	-3.8491569708996e-5	-4.271145469872937e-5	-4.6615558904207596e-5	-5.018787864498602e-5	-5.2539567028233116e-5	-5.376082466334919e-5	-5.299934149200625e-5	-4.956694721378567e-5	-3.979925605728115e-5	-3.3127059822436375e-5	-3.66479593829212e-5	-4.0202054155383715e-5	-4.3716513218155215e-5	-4.675452758795101e-5	-4.921740085071693e-5	-5.174759701844444e-5	-5.34945021258674e-5	-5.4445063902139925e-5	-5.5002052710279026e-5	-5.470143783535425e-5	-5.357222894282536e-5	-5.1754249790764156e-5	-4.917526280738492e-5	-4.607875499001643e-5	-4.2338539839914036e-5	-3.8439721818590334e-5	-3.4365405809662e-5	-3.0396057611358892e-5	-2.6223800442835558e-5	-2.265330322422538e-5	-1.927107383496345e-5	-1.584336456366359e-5	-1.1589194429335845e-5	-1.106528519059151e-5	-1.0271807690320628e-5	-9.603289421114214e-6	-9.325028975574567e-6	-8.99959486158405e-6	-8.898627988649304e-6	-8.864795556767628e-6	-9.00665280157903e-6	-9.340407499330112e-6	-1.0186124950760839e-5	-1.1295872050811451e-5	-1.2097548500445126e-5	-1.3004139488495678e-5	-1.3584783240993463e-5	-1.4288497203900931e-5	-1.4799579128384644e-5	-1.5440716624777885e-5	-1.5626905190728934e-5	-1.594830110204315e-5	-1.6934172288827218e-5	-1.7991719338439262e-5	-1.8375994384699473e-5	-1.8896977509677982e-5	-1.9231211285554027e-5	-1.8005044101268293e-5	-1.7995314336683127e-5	-1.7001714089474884e-5	-1.6992008769863487e-5	-1.7638275390229605e-5	-1.7175154093656154e-5	-1.8202011766766285e-5	-1.864910955019596e-5	-1.9777239698058152e-5	-2.019940914267231e-5	-2.0828578566851544e-5	-2.1655812563880366e-5	-2.188110285482244e-5	-2.238806253062253e-5	-2.4076735567146816e-5	-2.478666469331111e-5	-2.7387318929779315e-5	-3.127763529028494e-5	-3.4912550207728344e-5	-4.155706111786165e-5	-4.593620610221716e-5	-5.4590935957824134e-5	-6.647494132794719e-5	-7.824214820778162e-5	-8.758713214662933e-5	-9.86658814537152e-5	-0.00011005424813458412	-0.00012369290286131534	-0.00013185029926935472	-0.000145483243528256	-0.0001555612447727442	-0.00016397913628188104	-0.00017661259427177852	-0.00018522538035780842	-0.00019694702109706317	-0.00020226019931090774	-0.00021040683673008128	-0.00021379484734305836	-0.0002146590344065261	-0.0002102973824423147	-0.00025877600064684245	-0.0003512645943879009	-0.00040482249932494944	-0.0004418753073081173	-0.0004624445532716787	-0.0004739983733500065	-0.00047118159163454625	-0.00046030406417318925	-0.00044374677875018073	-0.00042066119819049105	-0.000399007063389906	-0.00036878676797536154	-0.00034087069821376464	-0.0003094516343549224	-0.00028021814183346646	-0.0002493963227804272	-0.00021854147575692522	-0.00018692719683864427	-0.00015824694763290955	-0.00012770643227134372	-9.835878483374725e-5	-6.671969874003352e-5	-3.83265813366394e-5	-0.00017689020489553616	-0.00023160733198864403	-0.00023987523211266466	-0.00024541583681101167	-0.00024818309405812405	-0.0002503025220397222	-0.0002492034422398948
-2.9720224193467996e-5	-3.361350337120815e-5	-3.7823435424552514e-5	-4.221381319245628e-5	-4.6297101868890053e-5	-4.964058049556822e-5	-5.203029537128044e-5	-5.330877694196515e-5	-5.311844564504246e-5	-5.0260619610431644e-5	-4.3266661074486035e-5	-3.2402562736617456e-5	-3.6528579109983844e-5	-4.092068933763212e-5	-4.500180241841527e-5	-4.9113971613566664e-5	-5.28251576507367e-5	-5.629254483262205e-5	-5.88843251754097e-5	-6.120393221992107e-5	-6.269951904870293e-5	-6.33228772907755e-5	-6.274757478943733e-5	-6.14029539034282e-5	-5.882450495827663e-5	-5.565740705503868e-5	-5.2023151043444814e-5	-4.808512135669402e-5	-4.361580385593515e-5	-3.9475513109399015e-5	-3.51136703323795e-5	-3.0925606020743414e-5	-2.685298252341734e-5	-2.246906031441731e-5	-1.7131453914625704e-5	-1.6383916270331983e-5	-1.573296847669865e-5	-1.52142309872221e-5	-1.4727223321398236e-5	-1.4350373643131297e-5	-1.4292331415301186e-5	-1.446508220751642e-5	-1.532236272662105e-5	-1.5786217375668302e-5	-1.667876718393314e-5	-1.7871521649941212e-5	-1.861991817747805e-5	-1.9244537533805086e-5	-1.9481254155626082e-5	-2.0071913964932414e-5	-2.0457392292325127e-5	-2.1080590825961433e-5	-2.138921034943543e-5	-2.2375727534419904e-5	-2.300580762693824e-5	-2.3750973945186552e-5	-2.349271442582293e-5	-2.2882190105909153e-5	-2.2674575834546584e-5	-2.237623563861366e-5	-2.156355351236566e-5	-2.245017297799318e-5	-2.2206463751944328e-5	-2.2876965729367964e-5	-2.4093138270149766e-5	-2.5431797362001046e-5	-2.734041828161111e-5	-2.8665628469614712e-5	-3.047403714306966e-5	-3.082383895331413e-5	-3.253770496892082e-5	-3.410216369735872e-5	-3.639038662700886e-5	-4.183104856835858e-5	-4.6639783253455325e-5	-4.9030451616127345e-5	-5.4727325478061244e-5	-5.671038204903278e-5	-6.171945178251711e-5	-7.20284391694852e-5	-8.211906973329224e-5	-9.457270316350617e-5	-0.00010009930004764665	-0.00011204721693420529	-0.00011984096563305026	-0.00013586462712988695	-0.0001425328095933933	-0.00015615997068085937	-0.0001653203043995577	-0.00017739888036971772	-0.0001845280604460017	-0.000195471924203472	-0.00020339147424724415	-0.0002103738033970245	-0.00021645753363339418	-0.00021924802221275075	-0.00021891900648618413	-0.00021048986073476635	-0.0003422269215612255	-0.0004005500235808356	-0.0004414973593536847	-0.00046282962218328807	-0.000473441742395277	-0.000471492920645555	-0.0004618520242333441	-0.0004462406255821734	-0.00042274515228422124	-0.0003955678682506609	-0.0003661562199779641	-0.00033674847558194665	-0.000305349590534916	-0.0002750116171189136	-0.00024165453145178102	-0.00021159243493978214	-0.00017860008224518473	-0.0001493938143832564	-0.00011679833581063667	-8.751375361317967e-5	-5.5462621507723804e-5	-2.537645768174116e-5	-0.00018569925305130224	-0.0002286060529848059	-0.0002391837325214181	-0.00024397616781026647	-0.0002454189899432375	-0.0002464663537748383	-0.0002437508361680541	-0.00023879115149665498
-2.3682831916708395e-5	-2.7688277122098594e-5	-3.1775076799809405e-5	-3.592242052295107e-5	-4.0035208038604144e-5	-4.4001893451068664e-5	-4.72149902653148e-5	-4.949133666716689e-5	-5.089065425146832e-5	-5.047820578198646e-5	-4.858656057276186e-5	-4.350463130845439e-5	-2.981835920547155e-5	-3.480905414454796e-5	-3.97528525495887e-5	-4.461511215131733e-5	-4.943167508657427e-5	-5.4114241757521734e-5	-5.877560487963358e-5	-6.243153702264743e-5	-6.603977658422878e-5	-6.808319828440417e-5	-6.94666974758779e-5	-6.957320635117044e-5	-6.855652224884264e-5	-6.704188522188375e-5	-6.420626611748447e-5	-6.074825893583432e-5	-5.655883118200691e-5	-5.209736403542417e-5	-4.778041588313645e-5	-4.3383182510287185e-5	-3.877275667425522e-5	-3.413827660340941e-5	-2.9330847587883877e-5	-2.3725847884243333e-5	-2.2781835088327032e-5	-2.2009524831639003e-5	-2.1700214946223674e-5	-2.1708731768609632e-5	-2.1812661067440874e-5	-2.2207694759838418e-5	-2.186373980954219e-5	-2.2363850780054767e-5	-2.295442181377862e-5	-2.383921950064856e-5	-2.5321068878152446e-5	-2.565640356548169e-5	-2.579871646288571e-5	-2.5716446655225564e-5	-2.6178859606582495e-5	-2.6539595989927994e-5	-2.7113800757743692e-5	-2.8003530063856925e-5	-2.8077371319625813e-5	-2.8115005288180156e-5	-2.7339791056586803e-5	-2.699895368659744e-5	-2.6823175713932266e-5	-2.6022853653911342e-5	-2.6691445428501394e-5	-2.7337388550856094e-5	-2.729409840476803e-5	-2.8271487375920994e-5	-2.9927213182924235e-5	-3.1284494358660745e-5	-3.4159974115744146e-5	-3.6757675611818444e-5	-4.0674549822885934e-5	-4.296353836919279e-5	-4.6185905762770795e-5	-4.98978278787074e-5	-5.392853848087915e-5	-5.8955487008179736e-5	-6.43602048025244e-5	-6.709326805729159e-5	-6.838718224599211e-5	-6.94545120693272e-5	-7.494319317404583e-5	-8.320310659777337e-5	-9.416215604848475e-5	-0.00010378013242106103	-0.00011170447278067682	-0.00012137930113007402	-0.0001327729388069009	-0.00014566767679740668	-0.00015441394737187317	-0.00016258301001806493	-0.00017254036306219283	-0.00017971837663560784	-0.0001900884834199392	-0.00019840395426721016	-0.0002106204478846056	-0.00021871074270016048	-0.0002252442589092225	-0.0002227683634708458	-0.00021813283235566812	-0.0003285263183122004	-0.0003966212760117896	-0.0004384602943328583	-0.0004651207864786412	-0.0004742433090112021	-0.0004740184179374482	-0.0004627840251929336	-0.0004446784848622905	-0.0004204242185344752	-0.00039303894809996145	-0.00036419769302666917	-0.00033244615203944627	-0.00030147661276270186	-0.0002684554167863701	-0.0002353523502804985	-0.00020395097256396388	-0.0001701281454130404	-0.00013989986723424164	-0.00010644673095233821	-7.583133740153309e-5	-4.521058500279226e-5	-2.234136676393557e-5	-0.00019301531796660307	-0.00023131347841858635	-0.00024122346347478594	-0.00024201960164963766	-0.00025593553223280524	-0.0002438562021846169	-0.00023930324897303637	0.002017069974608152	0.00048406949471363914
-1.7294684051435668e-5	-2.0974930303708193e-5	-2.4675497849020408e-5	-2.8368159065228298e-5	-3.241173824065078e-5	-3.6388970144776516e-5	-3.98818125137032e-5	-4.2719866738785326e-5	-4.473945796892528e-5	-4.606431288401195e-5	-4.593756971312186e-5	-4.485691244739273e-5	-4.0936190692423104e-5	-2.5429803654803827e-5	-3.065254968753913e-5	-3.6175259646932154e-5	-4.139746541633642e-5	-4.7189102475030955e-5	-5.292039977556262e-5	-5.810838147300994e-5	-6.28439440284042e-5	-6.69032615329047e-5	-6.927535432347815e-5	-7.071698472118618e-5	-7.14629987222349e-5	-7.137180359310247e-5	-6.986531649983644e-5	-6.781590976246376e-5	-6.444955273196464e-5	-6.0929059115612564e-5	-5.7019250670037574e-5	-5.232762684092402e-5	-4.8485053317144395e-5	-4.392026198682175e-5	-3.976721741760504e-5	-3.454679221741227e-5	-2.9654943090136798e-5	-2.9613213041148256e-5	-2.9415945398335005e-5	-2.9450973302826882e-5	-2.939767802415756e-5	-2.916878464314526e-5	-2.94254407480699e-5	-2.946735207995648e-5	-2.953281092828901e-5	-3.0002129583524685e-5	-3.056192633234592e-5	-3.142333068304902e-5	-3.159516280248074e-5	-3.103362033264926e-5	-3.090828837135778e-5	-3.120076203288265e-5	-3.18691043109799e-5	-3.224695988541344e-5	-3.214833201155233e-5	-3.211835415051678e-5	-3.151428046067081e-5	-3.0086260916005296e-5	-2.9466157727920045e-5	-2.9756630807808255e-5	-3.0059052897728764e-5	-3.054001069320469e-5	-3.096987501817797e-5	-3.225648558869733e-5	-3.4690192550837235e-5	-3.692682398039949e-5	-4.214826391108753e-5	-4.6524742821385284e-5	-5.171469819979248e-5	-5.564037337415064e-5	-6.073971338187124e-5	-6.395285423391054e-5	-7.039501127090587e-5	-7.472213806115945e-5	-7.66842943238403e-5	-7.766971487594234e-5	-7.99893043802269e-5	-8.279597486563731e-5	-8.791710824575705e-5	-9.485536440942931e-5	-0.00010813690189993841	-0.00011513271806607274	-0.0001256320275584851	-0.00013383928567789341	-0.0001395927551457797	-0.00015304954700726516	-0.00016127028071214302	-0.00016876614822553633	-0.0001752337035061907	-0.00018107717146246963	-0.00019353210682695196	-0.0002062560707317214	-0.000218860063576614	-0.00022837617845840406	-0.00023107422199985118	-0.0002267120489207611	-0.0003148515495316265	-0.0003921188832145062	-0.0004391450056964426	-0.0004672807147157324	-0.0004786749493275932	-0.0004781945585099947	-0.00046644864691192545	-0.00044715455211903187	-0.00042179451599691064	-0.0003935980335541527	-0.00036216830055994364	-0.0003294850553647085	-0.0002982004102103971	-0.00026357150780770104	-0.00022852701080800907	-0.0001959932297296383	-0.00016090005918406678	-0.00013041138387716745	-9.696430188404007e-5	-6.457771887854059e-5	-3.279275551568671e-5	-8.000899174233529e-5	-0.00019679327661243935	-0.00023008038571193257	-0.00024190048414651517	-0.00024179423537453847	-0.00023926513482543446	0.0018723340638770666	0.0012687124664813353	0.0006170330241978515	-0.00018940179829808872	-0.000182550725718331
-1.0849590301859318e-5	-1.3835844620636905e-5	-1.7119855316493965e-5	-2.057788825795832e-5	-2.4105778867667587e-5	-2.75807905145473e-5	-3.102569922507244e-5	-3.399881692373258e-5	-3.6286025077640984e-5	-3.803427609803175e-5	-3.8970612390432893e-5	-3.907723400256623e-5	-3.805635937800095e-5	-3.5250472454816605e-5	-2.718165182220519e-5	-2.409576580138272e-5	-2.9874606337777342e-5	-3.6040351897515454e-5	-4.2193023736930005e-5	-4.817344251580155e-5	-5.394286989313644e-5	-5.8338828518220945e-5	-6.232891640853332e-5	-6.488620608690709e-5	-6.643500906128503e-5	-6.73615163758229e-5	-6.714124875799483e-5	-6.610849936724455e-5	-6.414425870997643e-5	-6.111340166457607e-5	-5.808859431840198e-5	-5.482076291897021e-5	-5.0964691494299235e-5	-4.780287417212065e-5	-4.492463908081421e-5	-4.236942878659336e-5	-3.760751183249289e-5	-3.44531505043613e-5	-3.4601502891295544e-5	-3.481877310794652e-5	-3.520997869477878e-5	-3.566183183127778e-5	-3.5299442616146454e-5	-3.4709040351926725e-5	-3.4259454513650266e-5	-3.395488844832998e-5	-3.4066867112106424e-5	-3.465220310421187e-5	-3.5452038531745556e-5	-3.517879269467213e-5	-3.5416471031005136e-5	-3.5300019163178684e-5	-3.544597626422815e-5	-3.557406921452107e-5	-3.544310251018038e-5	-3.525765141837629e-5	-3.452247790287075e-5	-3.3289230452629784e-5	-3.284474710504078e-5	-3.260606095044317e-5	-3.2689878241579855e-5	-3.273234601685064e-5	-3.3910920749951386e-5	-3.5815895323233e-5	-3.9345273556169453e-5	-4.418536067302809e-5	-5.076550330734234e-5	-5.5893113114761266e-5	-6.207004277126332e-5	-6.639004538528152e-5	-7.13131674055182e-5	-7.46587414667346e-5	-7.957834516482778e-5	-7.910112026059948e-5	-8.242075603826361e-5	-8.50912918426395e-5	-9.037651997738393e-5	-9.33320589213975e-5	-9.937055093978868e-5	-0.00011120598781671478	-0.00012215838375895282	-0.00012486390992279923	-0.00012953859983317207	-0.00013684671422806594	-0.00014479425823784838	-0.00015618400655628695	-0.00016319464021987817	-0.00016653221218452348	-0.00017276964242006216	-0.0001853361545220639	-0.0002010768740897317	-0.00021867081484371834	-0.00023316200713813413	-0.00023757084750802415	-0.0002369450430870449	-0.00029261874004197184	-0.00038943726914043766	-0.0004409291695740185	-0.0004702666753742153	-0.0004846857024862943	-0.00048294491388285905	-0.0004705446923749558	-0.0004517605005515844	-0.00042727785376406487	-0.00039675490961670924	-0.000363958356291408	-0.0003283403873208723	-0.00029462910452436597	-0.00025942332151725114	-0.0002236697933629588	-0.00018881597452801747	-0.00015334461157191955	-0.0001265000799656208	-8.750808570053437e-5	-5.390054223287401e-5	-2.1186880704493136e-5	-0.00010394508903708178	-0.00019751081932438408	-0.00023169228245776413	-0.00024193730586562646	-0.00024088814758989677	0.00258667006815122	0.0012776408263244108	0.0013094629806329004	0.000664641008892475	-0.00017159710704807603	0.00048232534931081684	0.0004779201194832607
-4.57514184301947e-6	-6.938670013304448e-6	-9.503675929887047e-6	-1.2594158173265713e-5	-1.5593421852860096e-5	-1.88149288191515e-5	-2.1951006288882264e-5	-2.4958618750881532e-5	-2.7372451660633923e-5	-2.917851638474056e-5	-3.004432159498156e-5	-3.0690974013309995e-5	-3.0253350531293712e-5	-2.9007510750218e-5	-2.6487374373674157e-5	-2.1437732293169698e-5	-1.6399028357510408e-5	-2.1997049007416018e-5	-2.8384096353720797e-5	-3.426731909571257e-5	-4.0511173814063856e-5	-4.534086012656735e-5	-4.900397785957721e-5	-5.1947620044730616e-5	-5.381587570865384e-5	-5.4934925571072124e-5	-5.5437091065420915e-5	-5.477711426573185e-5	-5.339158958608792e-5	-5.1736613187588413e-5	-5.002497634996081e-5	-4.742326423807109e-5	-4.5225316116790704e-5	-4.329202010116336e-5	-4.203914224431497e-5	-4.0721631316406126e-5	-3.931410007334223e-5	-3.491179313710145e-5	-3.506275636934301e-5	-3.566128827594303e-5	-3.586870909662071e-5	-3.6049369270686315e-5	-3.544588008463174e-5	-3.4755643713946325e-5	-3.473860894101055e-5	-3.507249057877761e-5	-3.542997294780979e-5	-3.5474656560788125e-5	-3.585065932575223e-5	-3.6157358385857e-5	-3.64865216867375e-5	-3.675264368792016e-5	-3.6908939107858744e-5	-3.706938846006818e-5	-3.694168968264777e-5	-3.7324802160040036e-5	-3.720510927059692e-5	-3.633819233349951e-5	-3.546258572897844e-5	-3.5341836712604623e-5	-3.490433489141591e-5	-3.482608882509209e-5	-3.73060984939339e-5	-4.0693640333437165e-5	-4.574703084933617e-5	-5.1051445357057097e-5	-5.8990690489770046e-5	-6.49685245419408e-5	-6.970030543194082e-5	-7.525466410065172e-5	-7.477348001932917e-5	-7.778739666381915e-5	-8.141662466680934e-5	-8.6744859605683e-5	-9.105970091965445e-5	-9.340277124819012e-5	-9.77702448931258e-5	-0.000104288436942007	-0.00011004648682353497	-0.00012271639283938833	-0.00012354667742986132	-0.00012353708704626338	-0.00012758132242135728	-0.00014116415721095567	-0.00015421014758960384	-0.0001557443087246268	-0.00015739394803007851	-0.00016282133378532886	-0.00017424735399900956	-0.00019463406130220112	-0.0002180951110308197	-0.0002378210127572172	-0.0002462209426572822	-0.0002458361891760153	-0.00024190827074871586	-0.00038378265007094764	-0.0004430502770372789	-0.0004754950186027125	-0.0004912920027160721	-0.0004908532391637369	-0.00048002437227421917	-0.0004578618660642554	-0.00043308460742834225	-0.0004000711163713736	-0.0003668185560096659	-0.0003324429091363214	-0.00029577886685170415	-0.0002578042628726329	-0.000220883739982837	-0.00018329672207405712	-0.00014683175655011513	-0.00011298505989828459	-7.968836767998765e-5	-4.480051185810213e-5	-1.165046254730101e-5	-0.00011629470517582775	-0.00019874239958594248	-0.000233298150881852	-0.00024202248041669747	0.00046183922550765803	0.0019499661001820849	0.0012922281112849859	0.00047162069672453035	0.0004696169263013975	-0.00015191325386004935	0.0004624176587436461	-0.00015250434416483327	-0.00015143609692958894
1.3024183359892309e-6	-6.31037036782022e-7	-3.1082199158477238e-6	-5.389668472353709e-6	-8.253558123454412e-6	-1.1279863028140161e-5	-1.413244341482182e-5	-1.6890347680374924e-5	-1.9326336800565692e-5	-2.0581544054489704e-5	-2.1734067090530538e-5	-2.1570413598643993e-5	-2.156138558011755e-5	-2.0838035444389956e-5	-1.8835866725714127e-5	-1.6341063147418187e-5	-1.2338546569743217e-5	-7.2479738602733955e-6	-1.3202117543157092e-5	-1.920590712098521e-5	-2.4628457034992055e-5	-2.998689612087257e-5	-3.249022475379992e-5	-3.511661664575981e-5	-3.6368695494363654e-5	-3.7133565948196685e-5	-3.7362993014455046e-5	-3.6469050616419496e-5	-3.5786712835578324e-5	-3.495826534973825e-5	-3.457440625429539e-5	-3.367382831608208e-5	-3.309439615543138e-5	-3.176035449612455e-5	-3.1334253913583134e-5	-3.1393558404344685e-5	-3.1294291391700986e-5	-3.1045324353997815e-5	-2.8863446096318588e-5	-2.8546162964866598e-5	-2.9404318168421532e-5	-2.9396916787952738e-5	-3.0478591704033876e-5	-3.0221976050703132e-5	-3.0250136266095308e-5	-2.993647561551761e-5	-2.9832304558738074e-5	-3.0386112230226282e-5	-3.083107894704643e-5	-3.243361321875193e-5	-3.3789263110216555e-5	-3.520340541478609e-5	-3.635406145144414e-5	-3.6806079789519514e-5	-3.714067007198007e-5	-3.780255887481229e-5	-3.824145401299219e-5	-3.8069747851967586e-5	-3.7505392982197525e-5	-3.725604604184205e-5	-3.7467728572178945e-5	-3.87049581293303e-5	-4.247436499056059e-5	-4.7334560917736525e-5	-5.3389844378463674e-5	-6.140430356472212e-5	-6.714900245390607e-5	-7.089305130913103e-5	-7.527612211973185e-5	-7.685168856133616e-5	-7.873007481030482e-5	-8.643009772153157e-5	-8.9258909976729e-5	-9.429356559632765e-5	-9.923061378382851e-5	-0.00010052874467625676	-0.00010584979213330327	-0.00011405641223501302	-0.00012500084337691486	-0.0001223143470798025	-0.00011840301583221228	-0.00012097515712954955	-0.00013379510615562414	-0.00014627841530849475	-0.00015170134829234697	-0.00015049312500586658	-0.00015139282627599226	-0.00016391323400817125	-0.00018929010698299446	-0.00021760222900654106	-0.00024057481484241004	-0.0002538345697125936	-0.0002579053109781279	-0.0002525199427348083	-0.00037723638127197274	-0.0004432249675636029	-0.00048181615098208917	-0.0004987461799551207	-0.0005024657923400613	-0.0004893911614596265	-0.0004700881805129193	-0.0004418463497432015	-0.00041020429059519803	-0.00037439044216157867	-0.0003378876294142779	-0.00030024945663217027	-0.0002598675207991872	-0.00022201163400897318	-0.00018179896677018338	-0.0001442835026664504	-0.00010683997632380399	-7.110171183848622e-5	-3.49787012543859e-5	-8.141200044252568e-6	-0.00012518564549604105	-0.00019857924120905094	-0.00023594253995768474	-0.00024457191871093964	0.001880474292807288	0.0006503224751163578	0.0012966707302547367	-0.00014147561490482526	0.0013476701701977886	-0.0001359160702760166	-0.00013537036999925357	-0.00014053922175200767	-0.0001379520483060651	-0.0001393230218948863
7.540655805597001e-5	1.4762390579110916e-6	0.00014239567819413163	2.0414487252073173e-7	-2.4306283635361055e-6	-5.290916629284762e-6	-8.100377054534656e-6	-1.0626936736352673e-5	-1.2766178981765599e-5	-1.410108480290155e-5	-1.4286295564109501e-5	-1.4419009073724951e-5	-1.3759446902854365e-5	-1.3156952827068392e-5	-1.2265872279069306e-5	-1.0006086765049476e-5	-7.186523949369306e-6	-3.3977836523914947e-6	5.155616701623972e-7	-4.6596147439457005e-6	-9.754398286530006e-6	-1.4148592516539157e-5	-1.6926456117819953e-5	-1.781147984900337e-5	-1.901505717538329e-5	-1.85214869756386e-5	-1.7904789392607498e-5	-1.8026700342058197e-5	-1.716046048230572e-5	-1.7766625516960066e-5	-1.7546884880249164e-5	-1.6781417353151822e-5	-1.686701154777451e-5	-1.648592309423983e-5	-1.5378011050524347e-5	-1.6128463327971495e-5	-1.5542646319353622e-5	-1.4323310175385707e-5	-1.305359288874641e-5	-1.714297966808119e-5	-1.7079861464399954e-5	-1.7460019571574788e-5	-1.703354487360832e-5	-1.7427319050155416e-5	-1.6302302200679134e-5	-1.6955141754482206e-5	-1.8724226122926934e-5	-2.0168248034466542e-5	-2.2108363209594195e-5	-2.4480917603422183e-5	-2.7647133802146447e-5	-2.9877363229665515e-5	-3.134111768273904e-5	-3.223250701743659e-5	-3.3631604367894384e-5	-3.50977769426929e-5	-3.678392344397328e-5	-3.758957840140184e-5	-3.853657556298208e-5	-3.9136070200020004e-5	-4.051389457298475e-5	-4.329544896071154e-5	-4.985933941985591e-5	-5.6707593042680526e-5	-6.397548087156714e-5	-6.923712756995827e-5	-7.25957423187637e-5	-7.405396690643158e-5	-7.486523463975632e-5	-7.953286751450923e-5	-8.397879169900991e-5	-8.643767850199024e-5	-9.551256948415457e-5	-0.00010270503842132019	-0.00010753295450052292	-0.00010454963803777475	-0.00011586276246162508	-0.000122996394914289	-0.0001229797106224069	-0.00011237910324617649	-0.00011147760421836156	-0.00012984644538213772	-0.00014555440294183354	-0.00015151102580276445	-0.0001439015559813201	-0.00014187938418238656	-0.00015440530553305527	-0.0001824522480203079	-0.00021609604182455493	-0.00024556956045159936	-0.00026193861375233603	-0.00026641840345171044	-0.00026471478523704736	-0.0003609549211934732	-0.00044189030551013576	-0.00048440701018591555	-0.0005041628038648114	-0.0005087660514699983	-0.0005009414963124022	-0.0004822322592358671	-0.00045457827437069866	-0.00042197227705684064	-0.0003852830541300166	-0.0003490407191003228	-0.0003057089265482045	-0.00026629603908936116	-0.00022555391486719402	-0.0001837236190605461	-0.00014830237883328885	-0.0001028826403293593	-6.412031817062784e-5	-2.7585086709476514e-5	1.0252388273328944e-5	-0.00013021526913416757	-0.0001974401708836407	-0.0002372971199167146	0.0019068934764054479	0.0006329745481180489	0.0006784953962148989	-0.00012847690679601911	-0.00011929549818888267	0.00046401633281129527	0.0004560407572473408	-0.00012075231362895268	0.00044682263132588083	0.0004419039059361295	-0.00013057846233849833	-0.00013092140480003636
2.0572384203283722e-6	0.00015046457020836436	0.00014948931090517166	6.27932935031968e-5	7.812105263530964e-5	-8.331765061648242e-6	0.00014981226726324195	0.00015361366842851537	-7.163581006240215e-6	-8.759608501870747e-6	-9.080367027351289e-6	-8.535636553791935e-6	-8.402763257482518e-6	-7.893296059724073e-6	-6.774689288605116e-6	-4.793915478012957e-6	-2.0390498041959358e-6	1.0563415477868364e-6	3.723177648557721e-6	6.339991749131015e-6	3.2267534051270757e-6	9.603869607671851e-8	-2.0842277273958217e-6	-2.626856765452785e-6	-2.6854263763869887e-6	-2.07163532980675e-6	-1.5421874692588596e-6	-2.6940874722997197e-6	-3.503880247767875e-6	-2.896178636117245e-6	-2.403968021446202e-6	-1.907804882415919e-6	-8.934794918356338e-7	-2.8250808516540674e-7	-6.834106442213383e-7	1.27035940827077e-7	3.3468231790394643e-6	5.7342169581219016e-6	5.225945514308536e-6	4.519529530006353e-6	2.1056624925348648e-6	2.0197556909297767e-7	1.4894514429003407e-6	2.209151311665866e-6	1.0921882568053903e-6	-4.8168754938513955e-8	-1.7841452360151718e-6	-4.378009196853326e-6	-7.83012751401791e-6	-1.2592417520919602e-5	-1.6569613749980007e-5	-1.959083268326207e-5	-2.25217141809164e-5	-2.3954448313335316e-5	-2.6042711042138572e-5	-2.912634785419638e-5	-3.3005982267555935e-5	-3.635317443476875e-5	-3.8833639993984294e-5	-4.1443149779210034e-5	-4.423878681053843e-5	-4.933724403091808e-5	-5.682758288958552e-5	-6.3851167474068e-5	-6.834416066205952e-5	-7.28602131290436e-5	-7.336032634832701e-5	-7.550550103729544e-5	-7.883063792269406e-5	-8.353007743651863e-5	-8.90837384405008e-5	-9.773117905219906e-5	-0.00011234313611986147	-0.000111574687466844	-0.00011299753486895044	-0.00012316767637444125	-0.00013318724313750047	-0.0001238536389324427	-0.0001045976371637702	-0.00010412830671552385	-0.00012600716456222672	-0.0001436443618672888	-0.00014906022245833941	-0.00014035269849119528	-0.00013274902001948578	-0.00014316540584953866	-0.00017489247346195915	-0.00021598879391313518	-0.00024859802296788806	-0.0002681399654859591	-0.00027822930313350924	-0.00027712025975343887	-0.0003107476160804168	-0.0004385684911924247	-0.000488153843004901	-0.0005104638198706905	-0.0005175984286903777	-0.0005130300874604202	-0.0004931715021943683	-0.00046717864584412683	-0.00043344768359500005	-0.0003968994024640838	-0.0003565315017041177	-0.0003157049135552991	-0.000273629526749853	-0.00023193711633099148	-0.00018817934409574855	-0.00014584302002493103	-0.00010303818318100483	-5.923419478088242e-5	-2.047962306792224e-5	1.8483795080018878e-5	-0.00013579129266743685	-0.00018956750121967673	0.001748337360710922	0.0006498506413099786	0.0012795696247080296	-0.00010742876241605966	0.0005056327797444814	-0.00011019347912779014	-0.00011131466608452125	-0.00011636745094135894	-0.0001212831944301428	-0.00012695438046615975	-0.00013154439096787606	-0.00013288320945183812	-0.00012576191690154889	-0.00012702314811201265
5.0085125110714546e-5	0.00014285068537490898	0.0003061354719456692	-5.0803425588293646e-6	-7.512790414809008e-6	-9.48831473689181e-6	0.00014364581894427174	6.116641687675618e-5	7.239194110806885e-5	-1.1720490347439522e-5	-1.0792490627654417e-5	8.046130379718141e-5	0.00025513769097220166	-3.99659583693267e-6	-2.8696195572444454e-6	-8.089240430492542e-7	1.6493264625604869e-6	4.145953060727338e-6	5.986681776544108e-6	6.9149078294362e-6	9.089682324197896e-6	1.1569048016796387e-5	9.718326549599567e-6	8.635672985149489e-6	7.811855177417308e-6	7.54666163483588e-6	8.69242811414768e-6	8.093988443602608e-6	7.561474572821475e-6	6.976250842944624e-6	8.56989972438044e-6	8.810514596786344e-6	8.196346148271532e-6	1.2603737751257574e-5	1.2955980944806328e-5	1.4546487669470825e-5	1.738984607336136e-5	2.1529768864448403e-5	2.3729154343337484e-5	2.6360470905780527e-5	2.2502178953872536e-5	1.8627174828690597e-5	1.654112408302306e-5	1.6679528728438982e-5	1.938969940870833e-5	1.8624964802241642e-5	1.4311417853731358e-5	1.0547755016361137e-5	5.891113292994616e-6	2.793054177969035e-7	-3.1357436773376234e-6	-7.711233224920802e-6	-1.0188277963727723e-5	-1.3944119681873679e-5	-1.720751431279373e-5	-2.2898205902233126e-5	-2.92878580930979e-5	-3.501405933384392e-5	-3.8814196281637724e-5	-4.404480319908366e-5	-4.764797481537062e-5	-5.5056629419224365e-5	-6.168255558093106e-5	-6.575726517648109e-5	-6.799640643636706e-5	-7.020377635151825e-5	-7.124626154338511e-5	-7.552213807893128e-5	-8.185515945585264e-5	-8.95085891301447e-5	-0.00010215987863420456	-0.0001203692457038834	-0.00012568593543856553	-0.0001267834619934037	-0.00013858202816260587	-0.00014875170529170777	-0.0001287495455528807	-9.855738458683979e-5	-0.00010131762730055359	-0.00012793238004678558	-0.00014588854117783719	-0.00014989557189993338	-0.00013683114762474274	-0.00011831387364382231	-0.00012791666753973058	-0.00016777320278765252	-0.0002155848055033745	-0.00025116350488095084	-0.00027568945106871186	-0.0002880486459787626	-0.000288808617126754	-0.0002789417785378778	-0.0004326920346637035	-0.0004868553301971834	-0.0005161787024391459	-0.0005241512195409363	-0.0005199547582837583	-0.0005043944661898767	-0.0004790758362984999	-0.0004467137719889932	-0.0004089576819279496	-0.0003686335079158571	-0.00032647948749091674	-0.000282352869978306	-0.00023822548412544275	-0.00019442157562828827	-0.00014914593070391828	-0.00010414580195058053	-3.9943089435870785e-5	5.909310717058108e-6	-7.333070730069363e-6	-0.00011880064761066005	0.0017849072085812916	0.0014956047652834583	0.0007016101437047877	0.0007297501963208922	-0.0001081006434729484	0.0005543791600301582	-8.926556942867939e-5	-8.875818508467803e-5	-9.109874887227535e-5	-9.336288198053076e-5	-0.00010177674684402199	-0.00010762942288383703	-0.0001168113317358277	-0.00012656303531674183	-0.00013195723223934216	-0.0001375129719153787
4.9147408310986566e-5	-8.240267969383298e-6	0.00013850262230626358	5.116773744479508e-5	5.2401641696529127e-5	5.455664337429707e-5	5.753901215331959e-5	5.915681472108182e-5	6.773578720116274e-5	-1.1895701100648071e-5	6.581361824253688e-5	7.211970916467365e-5	-7.932192321347966e-6	0.0001579119007263306	7.989191192501793e-5	0.00016671602981869246	5.210398781077237e-6	6.727096477771293e-6	7.704048873407579e-6	8.028714769696323e-6	7.467084433491599e-6	9.031737928215117e-6	1.7321989883141648e-5	1.4567894800643789e-5	1.2461741537381915e-5	1.1371543735290554e-5	1.1937627859566046e-5	1.2338383767489984e-5	1.3065819413714654e-5	1.2807032595047634e-5	1.4272106098887124e-5	1.3781756768433111e-5	1.5389024188186377e-5	1.606741494579087e-5	1.627361524949222e-5	1.8564372293480543e-5	2.216089340527144e-5	2.5386858025868743e-5	3.131272802312174e-5	3.681425676573262e-5	3.759302678047328e-5	3.091972567702034e-5	2.8856198292399058e-5	2.725225909229012e-5	2.831276108680096e-5	2.761784912186675e-5	2.3395195618443592e-5	2.0323347045179095e-5	1.5389976627680838e-5	1.0398717028924738e-5	4.6150929392809684e-6	1.3539305758025581e-6	-2.429174052279723e-6	-5.738887486024047e-6	-1.2254457788069776e-5	-2.0757112617896282e-5	-3.052482698543595e-5	-3.822441582499846e-5	-4.329728551438002e-5	-4.8568346044881904e-5	-5.125351135688372e-5	-5.894916560866695e-5	-6.074002402130588e-5	-6.294746620874505e-5	-6.423326220244586e-5	-6.767260181602145e-5	-7.129588269988527e-5	-7.689798612649928e-5	-8.955303667330591e-5	-0.00010670456700766565	-0.000129575267094912	-0.00013362806871540771	-0.00013641286304546044	-0.0001607112348025238	-0.0001750514680906633	-0.00015175908323378402	-0.00010614990084733319	-9.814243657542843e-5	-0.00012700787548462246	-0.0001523252066269569	-0.00015289526175258673	-0.0001289575595937037	-9.870440540143792e-5	-0.00010988528137945673	-0.00015567088966726966	-0.0002072611372328512	-0.00025072219186003664	-0.0002797860702243981	-0.00029397348050394945	-0.0002987374297135038	-0.00029227128711772736	-0.00041768648114592563	-0.00048472132690006477	-0.000520996065604901	-0.0005319240101951932	-0.0005287533861233953	-0.0005139275154476819	-0.0004911269126357722	-0.000459005637346065	-0.00042161082551258125	-0.0003801746719768375	-0.000335648973917883	-0.00029166448528199565	-0.0002444695414407366	0.0002710861200730906	-0.00012399559168136884	0.0004864579628777524	-2.3184355361482306e-5	2.8943632060605268e-5	-3.322132976256789e-5	0.0023644900439925495	0.0006156987380023229	0.0006954732663308483	0.0006933906037948209	-0.0001164298659693877	0.0007514116998209213	-8.770187691475168e-5	-7.866759875283392e-5	0.0008176678712600591	-7.392610323643783e-5	-7.852293915473155e-5	0.0008237555209026672	0.0008132247867754638	-9.909230858446078e-5	-0.00010687697013134385	-0.00011432772395707095	-0.00012046042220791465	-0.0001270930371311289
-7.395871478087332e-6	4.96185770840866e-5	5.038692042605203e-5	-1.1808939485977491e-5	-1.3352989442665716e-5	5.2450261405723674e-5	5.4981983286137254e-5	5.804974296908872e-5	0.000125643102830272	6.280976519696215e-5	6.54864352726001e-5	-8.55351193248925e-6	-6.316699123595955e-6	7.325590805262652e-5	7.666385739848135e-5	4.120570781657976e-6	8.468860376259577e-5	7.241982148096799e-5	0.0001493044117412232	7.280774883640026e-6	6.240310954395501e-6	3.915595860992226e-6	1.9779133030961397e-6	1.5139862242065458e-5	1.3037041778063679e-5	1.11144767789837e-5	1.1519486422834502e-5	1.208987536486985e-5	1.2800666790788043e-5	1.5212240013690904e-5	1.5236543592322916e-5	1.4138185502605809e-5	1.5010934746920689e-5	1.221347430942557e-5	1.1119738564885438e-5	1.2427354471286926e-5	1.4537137704414074e-5	1.791975523520806e-5	2.3974853466396254e-5	3.019420460972401e-5	3.320139379426744e-5	3.587710483981426e-5	2.5538251443104915e-5	2.5820885803128947e-5	2.5758655461220747e-5	2.5279306210482114e-5	2.253392830264974e-5	1.7729119388364394e-5	1.3645439450094866e-5	1.10195208887897e-5	7.2051303860948615e-6	1.8217287064059215e-6	-1.8652265225676135e-6	-8.436706243699927e-6	-1.7348283296112627e-5	-2.9329632573701133e-5	-4.0670417714150624e-5	-4.613060498530439e-5	-4.960785182779289e-5	-5.2482179926666844e-5	-5.403949247292494e-5	-5.748420723767104e-5	-5.745235609522269e-5	-5.5911343398997674e-5	-5.979629638239907e-5	-6.503216622042937e-5	-7.287732994946125e-5	-8.65833210927946e-5	-0.00011409183228814485	-0.00014651291482684417	-0.00014953719097538735	-0.00015396888279005892	-0.00018699250029737859	-0.00021291523014323362	-0.0001812723291882241	-0.00011231057674226073	-9.199868420464979e-5	-0.00012494899957258936	-0.00015818473124151744	-0.00015777648012188852	-0.00012805448474635748	-8.197163342117762e-5	-8.112292111015721e-5	-0.00013338826158747642	-0.00019268748397175631	-0.00024592040621137894	-0.0002793825797451103	-0.0002993418630983357	-0.00030748250983685804	-0.00030216367109285255	-0.00037820984271821206	-0.0004781278858177144	-0.0005201054309453019	-0.0005380081278447222	-0.0005377369795382669	-0.0005248558079811328	-0.0004998907329971554	-0.00046963228938516274	-0.00043335490844554486	-0.0003897056105131493	-0.0003458592516660756	0.0006230705992163899	0.00029144695942191073	0.0003918463464810257	0.0004048365921748183	-6.262353821795581e-5	-1.5287766553639254e-5	0.0006556302805042769	0.0011498452429169193	0.0005932890831387766	0.0014467191837964563	0.0007001858979258351	0.0006989454098984757	-0.00011090157903401784	0.0007379141720691238	-8.192756488956295e-5	0.0007884598511370992	-7.085836408711813e-5	0.0008123187276167084	-6.950808076379173e-5	-7.27872843513458e-5	-8.016754940497282e-5	-8.682973620817956e-5	-9.393693470144925e-5	-0.00010010488613783081	-0.00010798590802261945	-0.00011383263994307327	-0.00011955607390828297
7.023372372150222e-5	-8.322607939003723e-6	5.04884596691857e-5	-1.1327637754410475e-5	5.282563916558233e-5	5.489226690812837e-5	5.7973785988238804e-5	-9.145425477674802e-6	9.718873754382138e-5	9.559064087984886e-5	-7.534353077602541e-6	-5.157467771146787e-6	-2.9829455303401198e-6	-8.561172980904369e-7	3.382908621727353e-5	4.635208915052479e-6	8.026543540298335e-5	8.060284655055387e-5	8.72670448605773e-6	7.605673025954025e-5	6.435445108227567e-5	0.0001515101646584055	7.01026470306123e-5	3.9173154124812724e-5	-8.812968811596237e-6	8.585404397648913e-5	9.526249201356318e-5	0.00010709372858897317	0.00024786578564637337	1.2038982824411288e-5	1.0719712301165713e-5	8.417226347645418e-6	6.4117745840941345e-6	4.0811813532012995e-6	2.101079028181364e-6	1.7082133465173236e-6	2.026779830863754e-6	3.3101854795191885e-6	7.117814852743067e-6	1.2739608601949979e-5	2.1188845383579872e-5	2.6218138630073294e-5	2.9157689991675482e-5	2.3764590399282534e-5	2.275680132830522e-5	1.975708738729252e-5	1.715151467138968e-5	1.305399109681883e-5	8.548658614711746e-6	3.031730304986751e-6	-9.452580803542051e-7	-6.346462304312626e-6	-1.4289960502910076e-5	-2.329313978854876e-5	-3.3652216781395686e-5	-4.512526527425853e-5	-5.36925564196232e-5	-5.586566703961234e-5	-5.6017725989906866e-5	-5.467467779116759e-5	-5.442347938528717e-5	-5.367987312682827e-5	-5.056897875802815e-5	-5.34156118265185e-5	-6.0023315977925876e-5	-7.401545909273494e-5	-8.844775436384631e-5	-0.00012392494420194414	-0.0001697487494268417	-0.00017421095924302892	-0.00017513260756490436	-0.00021454416416829148	-0.0002455318746032772	-0.0002102120679671471	-0.00011987725932990131	-9.615628216840671e-5	-0.00012329903029725375	-0.00015870325269040728	-0.00016094646822755864	-0.0001232720281239049	-6.069504978915494e-5	-5.170357399815126e-5	-0.00010409003529754466	-0.00017495033062216777	-0.0002348134014019173	-0.0002742709524250573	-0.00030210446426894716	-0.0003125050981084461	-0.00031146377231618463	-0.00030106303035297606	-0.0004631901957421244	-0.0005169199102147276	-0.0005450075339820046	-6.114399174993179e-5	-0.0005343170652204274	-0.0005094067661856345	-0.00047866743968544463	-0.00044002214225264714	-0.00039444247621769034	0.0007110670047530323	-0.00025841824644844136	0.00042882554767528953	-0.00014358077004253574	-9.679883733156383e-5	-5.59447464024837e-5	0.0006592504916800787	0.0006634271313117959	0.0005979862100707369	-0.00010214544157922424	0.0006922604005138357	-9.998076187802372e-5	0.0006972480347111967	-0.00010806346764161145	-9.280695808138503e-5	-7.954468051294024e-5	-7.005732827116296e-5	-6.448923636043994e-5	-5.9664391320081445e-5	-6.109962425151962e-5	-6.39803547892049e-5	0.00078873697999058	-7.873961022414246e-5	-8.662520666737148e-5	-9.431835638039083e-5	-9.983172474467301e-5	-0.00010719302422964455	-0.0001113722887507735	-0.00011373463761389386
-6.0799208434264475e-6	-7.235408558925428e-6	5.300243497054219e-5	-8.168211980183319e-6	-8.30581180263207e-6	5.891732265643902e-5	6.10391244638015e-5	-6.511452573692341e-6	-5.8634545973618645e-6	1.6312827123832196e-5	6.545819677320321e-5	-5.088476678406263e-6	6.645890203384641e-5	-3.3046809825741305e-6	8.134501990572944e-5	-1.746340540925706e-7	7.16729158822078e-5	3.0310371951160382e-6	0.00011881587828423731	0.00012284830816562567	5.721925003310583e-5	-1.1181088867083912e-5	-1.8900939895486173e-5	1.9045735460477328e-5	-3.862594666323763e-5	3.71441329863483e-6	-5.535545418252534e-6	2.8323070211069184e-5	1.3585937528139743e-6	7.612947757658101e-5	5.0428721772217446e-5	8.853219107113602e-6	1.0496751368300507e-5	0.0001197663047476389	5.25317926051397e-5	1.3669627612462008e-7	-1.5433643857983449e-6	-2.5604493852666044e-6	-1.4743219269388892e-6	1.5230038177328244e-6	6.705550412958346e-6	1.3088814720317544e-5	1.88056766954668e-5	2.437561910996781e-5	2.401590413676248e-5	1.8966615371090925e-5	1.432883190482983e-5	8.379029663038934e-6	3.627126675365914e-6	-1.4916279309645526e-6	-7.594325902409967e-6	-1.5686752202797227e-5	-2.612747114191837e-5	-3.686925672628642e-5	-4.745751205242118e-5	-5.532313652224785e-5	-5.930495125032681e-5	-5.84362710188361e-5	-5.563680903074471e-5	-5.209308404315917e-5	-4.8240527834723154e-5	-4.440957093257165e-5	-4.804488522627262e-5	-6.077380570596036e-5	-8.33273602073286e-5	-9.971382513949013e-5	-0.00014375897472397245	-0.00019746461125023321	-0.000211854199499463	-0.00020203399833330828	-0.00024062666947838145	-0.00027976764634546087	-0.00026016217445649827	-0.00013888896237387784	-8.299218544887289e-5	-0.0001268080353391491	-0.0001711480719257313	-0.00017160973122272005	-0.00011883160396118555	-3.655969958724428e-5	-6.538396475760586e-6	-7.145630646710269e-5	-0.00014845512168338432	-0.00021695648793097766	-0.0002651440740027589	-0.00029874411255886163	-0.00031643913494935547	-0.00031760653636616655	-0.0003054994374992667	-0.00043365396433232666	-0.0005946122289639949	-4.146107611233303e-5	-0.0005578777531780287	-0.0005487573275592128	-0.0005261244673857458	-0.0004920550933252849	0.0015328752076453414	-0.000376666498157251	-0.0003142390971096892	-0.0002544755343649764	0.00047718667802029366	0.0013678431639916559	0.0006104592907487261	0.0006538871352369541	-2.241156975106573e-5	-1.624174980688342e-5	-8.07869207850899e-5	0.0006882403757983149	0.0007320901572354646	-0.00010636294645583171	0.0007095210213876185	0.0007079932286612172	-9.047287472219948e-5	0.0016407375352851415	-6.737061646123251e-5	0.00168421610705358	-5.783653926050552e-5	0.0007822790316874871	-5.763555103192788e-5	-6.365242641100284e-5	-7.23953552859936e-5	0.0008091927337899613	-8.795112633287272e-5	-9.548930878550306e-5	-0.00010199568334278092	-0.00010791268076145062	-0.00011301555639214563	-0.00011576715183709684
-4.977711968657996e-6	-5.4333221885329605e-6	5.553700423669984e-5	5.716975829038543e-5	-6.43344920842634e-6	-6.18778751259035e-6	-5.763487232526019e-6	-5.829474303452255e-6	-6.011667627050209e-6	0.00014171796143333385	6.443637062525094e-5	6.201464325254519e-5	6.0680423453942506e-5	6.088561542900192e-5	-6.243224691095334e-6	-3.263636905490681e-6	-9.133680732234398e-7	-5.344383311090993e-7	-3.5324532528789067e-6	-3.90408191122953e-6	-4.943413486717396e-6	5.034550438646817e-5	3.114088766438777e-5	-1.365849119051789e-5	-1.6893850387096057e-5	1.5110112095144835e-5	3.700246349684069e-5	3.891002280044433e-6	2.8662581688524216e-5	4.161207656092547e-6	5.657077895086489e-6	1.047974737357132e-5	1.4142204067291468e-5	6.045914992606192e-5	6.64208481735123e-5	1.962097825507561e-5	2.1971070346925303e-5	2.113762143505951e-5	9.736567750660602e-5	0.00010781801384116799	-2.7543800149867036e-6	1.3984090753156164e-6	8.241162901753696e-6	1.3410368850851279e-5	2.6866945408070362e-5	2.9232025388004545e-5	1.0811517353208127e-5	5.949333605056659e-6	-4.560615336985166e-8	-6.852863212200404e-6	-1.5215774884079925e-5	-2.4781622901497288e-5	-3.4310751456629414e-5	-4.463778737480006e-5	-5.275545905203752e-5	-5.749476459566451e-5	-5.8534663195436345e-5	-5.294134102564211e-5	-4.802357591398264e-5	-4.242095480500897e-5	-3.9304813243966515e-5	-4.247436543449801e-5	-6.209908881505072e-5	-9.249209687791238e-5	-0.00012407915034220573	-0.00016222036642217236	-0.0002295094437313903	-0.000249319340922885	-0.00022282455874357565	-0.00026333870878027157	-0.00031513420773200945	-0.0002973717732632523	-0.00015775623497936864	-6.49157663002364e-5	-0.00012130415896068839	-0.00017594224789292765	-0.0001836916727548975	-0.00012642562233636592	-2.3975210730305466e-5	2.5388533559256993e-5	0.0005589798494041141	-0.0006879233985373611	-0.0002098547468572503	-0.00027149279744989076	0.00031274690288616604	0.00033575219637806304	-0.00030682073849895575	0.00035560014661577526	0.0003956753105349188	-0.0005300724705792305	-0.0005791287269570978	-0.0005931841274574995	-0.0005836104834858191	-0.0005549212231218369	0.00010458354996194415	-0.0004325552603468962	-0.00036453325435786485	0.0004340712379113411	-0.0002394221159904373	-0.0001893362662804942	-0.00014769247755515302	-0.00010998901868800037	0.000657036429482262	0.0006685488590411166	0.000669219680709209	-8.264232735589929e-5	0.0007072146454244459	0.0007390186963684032	0.0007349482507697453	0.0007263691775036968	0.000717136164939949	0.0007247056111725882	-8.297241946347497e-5	0.000754311907647312	-0.001037211911940751	0.001718005449169533	-4.66197979712233e-5	-4.9775669215459256e-5	-5.6838122624528614e-5	-6.568971620635276e-5	-7.53344239324584e-5	-8.30067545713872e-5	-9.397288303138488e-5	-0.0001008346660512729	-0.00010918159336893675	-0.00011210682889395852	-0.00011345402926190955	-0.00011608665781790567
5.36402262814282e-5	-4.622210582690036e-6	-4.709231478414817e-6	-4.061592724332371e-6	6.124181462068012e-5	-6.224168264189027e-6	6.32872422077753e-5	-5.971605586050071e-6	6.570755746021495e-5	-7.694465474012346e-6	6.199934315431256e-5	-1.0228160556347335e-5	-1.1098717126153458e-5	-9.676632398947465e-6	-7.834292355146134e-6	-5.799620506999098e-6	6.252929477820008e-5	-1.0227005201279534e-6	5.187833129391677e-7	1.357343633003787e-6	1.079343859108255e-6	-1.1976971282042122e-6	-6.241572186155807e-6	3.444876132670336e-5	-1.3192727350798059e-5	1.7728785851715573e-5	-1.1414140712890514e-5	1.0700029659131477e-5	1.194219312268584e-6	3.140819256324673e-6	5.912045691284368e-6	9.32501375372572e-6	1.357493030955479e-5	1.6785638123705633e-5	1.4219119890025852e-5	1.3998478761725018e-5	1.6501355896200026e-5	1.723464065026014e-5	7.262879134719191e-5	1.750184648069311e-5	1.6328889342937967e-5	5.978073002336831e-5	3.684399669528918e-5	2.288878732815275e-7	2.19756954210012e-6	8.676727514131616e-6	9.916638682298026e-6	3.155332700568829e-6	-6.105447372678355e-6	-1.211179911160174e-5	-2.614260352319848e-5	-3.4583686476792434e-5	-4.242568251949623e-5	-4.939165708190904e-5	-5.3477830964997024e-5	-5.469910894906728e-5	-5.1937838398813645e-5	-4.489941594633092e-5	-3.701742366590344e-5	-3.328266679132911e-5	-3.8922107271628474e-5	-6.30238172783632e-5	-0.0001045177746762378	-0.0001514055884054206	-0.0001857354137035092	-0.0002611624949855774	-0.0003001074040321272	-0.0002536903160941465	-0.0002750746130103813	-0.0003371176964439039	-0.0003367049099713441	-0.00019589654078476688	-6.051208316030631e-5	-0.00010105408677662294	0.0004730913370387885	-0.00019358896472139713	-0.00015525116717810504	-5.394410501750359e-5	0.000758674923948292	-5.7444041002998984e-5	-0.0008313013254843647	-0.00025180026110302803	-0.0003035783440686864	-0.00032724441421457147	-0.0009724089550120158	0.0012311966040586377	-0.00026026821694231494	-0.0003114802154769716	-0.0005108027238273248	-0.0005863117485972822	-0.00061450950486798	-0.0006103364701209694	7.354999627859869e-5	-0.000495899113283748	0.0003355110686796992	-0.00035541822814228255	0.0005435077372990642	-0.00024372750899708667	0.0006346667133195431	-0.0001443972436129294	-0.0001066524001456029	0.0007123004306503226	0.0007027502806332539	-5.594735897609601e-5	-0.0004169091912825055	0.0018040362558074691	0.0007328390713789035	0.000734758052539663	0.0007209744833008413	0.0007002630505809331	-0.00010455461057837234	-8.889018510256034e-5	0.0007408644684758249	-5.924179917904827e-5	-4.390377869314347e-5	-4.2157434367940186e-5	-3.8814408263171396e-5	0.0007469918099604119	0.0007371817994645917	0.0007275454533828491	0.0007117778460948758	-8.525538823384027e-5	-9.586163994385576e-5	-0.00010493655360438534	-0.00011252588066132255	0.0008133770746195177	-0.00011874173442094713	-0.00011706760204056605
-3.483153654436702e-6	-3.3406644740034404e-6	-3.673456090182159e-6	5.96220114038154e-5	-5.843463735322662e-6	6.32946340812249e-5	-6.283585879125319e-6	-6.72555349582357e-6	-8.219846284914499e-6	6.200060610939595e-5	0.000149299514935999	-1.215069743514506e-5	5.801891037600197e-5	-9.402855392947381e-6	6.024679696720113e-5	6.287931856598615e-5	2.720161116725973e-7	2.2227720929401127e-6	6.169714918154016e-5	5.846654692506206e-5	1.2432524155515153e-6	-1.412586226836503e-6	-3.0906220409624395e-6	3.441750427931895e-5	-1.0390501889087893e-5	1.5145013436244784e-5	-1.2767673580378223e-5	-9.720889169577982e-6	-2.206410688719183e-6	4.61639362488186e-6	7.040140691754295e-6	9.042881424263993e-6	9.488774213161234e-6	9.563564520479817e-6	3.519045645373662e-5	1.1468588429099221e-5	1.0048506841013735e-5	1.0151574735965977e-5	9.649247887982739e-6	1.0981821962913066e-5	8.657118069686862e-6	4.319979318809664e-6	3.863436696439101e-5	3.1357526552076116e-5	2.361258829920482e-5	2.1808672723234654e-5	1.2592598608827943e-7	-7.72832394983357e-6	-1.735753508951953e-5	-2.6818717148522492e-5	-3.4753568817658554e-5	-4.0454742819453614e-5	-4.605115757212166e-5	-5.0097189339308804e-5	-5.060286496400045e-5	-4.726823746285412e-5	-4.084717437648471e-5	-3.183284695636342e-5	-2.780169795488837e-5	-3.8280941063069396e-5	-7.00071860977201e-5	-0.00012055133513121964	-0.0001785764872452183	-0.00021068861638696978	-0.0002823711019904083	-0.0003453326060208397	-0.0002860132330574812	-0.0002799129240903947	-0.00035755584097776384	-0.00037447800451263346	-0.00023213341750181766	-6.139375623959945e-5	0.0006088355653276157	-0.0001991625369414038	-0.00022882066335306282	-0.00018542546439037546	-7.465996702622681e-5	0.000851280414951739	0.0007876212811077764	-0.00014983887083690455	-0.00024403976865213384	-0.0003050285035820135	-0.00033761565742102245	0.00036780332925618643	0.0005099433741761637	-0.0002567174547677721	-0.00020287123751554486	-0.0004658787955046529	-0.0005893117297221069	-0.0006383530122680342	7.60618397821055e-6	-0.0005710067029019404	-0.0004960298166780796	-0.00041914844647018227	-0.00035143768571008985	-0.0002841962595055052	-0.0002312949612925377	-0.00018351898312910387	-0.0001405435604803643	0.0007527319759133462	0.0007383449621237723	-9.182193562815456e-5	0.0007171435512283615	0.0007154689722217592	0.0007478102435279441	0.0007701422225065389	0.0007660470300214616	0.000736952404877477	0.0006876165044208179	-0.00011340917833485738	-0.00010275076612600506	0.001835276703554046	-6.941330158492885e-5	0.0007567834758377429	-4.2704282732382824e-5	-4.015033480920735e-5	0.0007764436568427841	0.0007628295454760459	-5.4264316604198636e-5	-6.536193066007754e-5	-7.734465130178857e-5	-8.766430004026205e-5	-9.922140806673712e-5	-0.00010894331047966175	-0.00011559210485779809	-0.000120606233383635	-0.00012059477679162312	-0.00012101806394619087
-2.9119783613647146e-6	-3.91914616991874e-6	-5.1551071468273406e-6	5.9397979592515165e-5	-6.274438850623933e-6	-7.479201611740338e-6	-7.297888681025546e-6	-8.698648618679075e-6	6.410157628436767e-5	6.287519564146917e-5	6.162235964512184e-5	6.0385061684069784e-5	-7.5496733476469865e-6	-4.9490925604732524e-6	-4.163263626034909e-6	-3.2819574723180625e-6	-1.3697141670117492e-6	6.705154970777826e-7	5.9699604478119224e-5	2.7467310351214115e-6	2.0939528357229696e-6	1.31317016954899e-6	-2.3661151936024433e-6	-6.1964341428852494e-6	2.1639846814529252e-5	-1.3682887908497048e-5	-1.1855969662461939e-5	-6.5204416579956424e-6	-6.260489983356526e-7	1.17067862518284e-5	4.877467583991194e-6	5.273648174972329e-6	6.9238723211556726e-6	8.253936311628006e-6	8.311608919804765e-6	8.59169649955623e-6	3.3401271024247276e-5	6.271490269845522e-6	3.6657164813406464e-5	3.106874076247478e-5	-3.6103444451054956e-6	-3.563694727330832e-6	2.587849632688065e-5	2.607531047040066e-5	2.011418927003552e-5	1.0825737561774573e-5	-1.274380424305015e-6	-1.1264803278913417e-5	-2.1147060837612298e-5	-3.289938009456853e-5	-3.912930911536454e-5	-4.423877278553765e-5	-4.644996038319794e-5	-4.665325648902643e-5	-4.286919759120258e-5	-3.609214107775684e-5	-2.4571069940347058e-5	-1.9410211597205556e-5	-3.1892623139943236e-5	-7.605554093218728e-5	-0.00013125884312437846	-0.0002059376276128096	-0.0002473832321478681	-0.00029827923018338476	-0.0003790827291664904	-0.0003267842878574819	-0.00028138431693025545	-0.00037016363302107974	-0.0004113923223889515	-0.00029940967258897545	0.0007526158568647466	-0.00012883028233938616	-0.00023632660641969509	-0.00025382667526161525	-0.00021450551308671573	-0.00010337577916492025	1.0511030686479773e-5	-1.4985975402043335e-5	-0.000123170026354656	-0.00023624437977556	-0.0003096781374742645	0.001097302870851002	-0.00033126716405347447	-0.0003002124381987995	-0.0002561436116625118	-0.00020097875849281292	-0.00040243795535403314	-0.0005694401853012336	-0.0006511416166407602	4.4836968673598286e-5	-0.0005781124421351102	0.0003003589232494948	0.0004556577310914963	0.0005768342299323614	0.0006679919133691136	0.0007317546263030427	-0.00017795717914990614	0.0007731466736597692	-0.00011631852919100592	-0.00010848370553986734	0.0007646408677123217	0.0007572113785245293	0.0007512341833685807	-9.4422147256263e-5	0.0007800189176192804	-0.00010176501580327381	0.0007526220895669481	-0.00011805650432809758	-0.0001100479107553733	-0.00010011754576241642	-9.766713457922977e-5	-8.392405390134951e-5	-6.710967931466798e-5	-5.326265435730195e-5	-4.879697370360845e-5	-4.509040116157121e-5	0.0007536254777538087	0.0007470025177069178	0.0007329487549511435	-6.364737305633887e-5	-7.456704469439683e-5	-8.890675593489685e-5	-0.00010209926512855108	-0.00011119866265834211	-0.00011687792761042167	-0.00011768301524534832	-0.0001225867835848854	0.0006190170934996077
-2.9458882245308386e-6	5.651788404653781e-5	5.726166179543222e-5	5.866954842749587e-5	6.098478438211041e-5	-7.753159297172883e-6	-7.728451758908742e-6	-7.938357614374505e-6	-9.096734930789615e-6	-9.381678204458776e-6	6.488245391723024e-5	6.516622667221254e-5	-5.1628985297673706e-6	-5.9805280116386915e-6	-6.423384345556333e-6	-5.344049368232275e-6	-2.657925408206755e-6	7.51219026220995e-8	1.807819297044858e-6	5.6799950805819775e-5	4.417179725956606e-6	8.137924729435028e-7	-3.7445014019490096e-6	-9.634545339125538e-6	1.9809884498360377e-5	-1.180026713920937e-5	-8.175119502662129e-6	7.417446280029872e-6	6.979486886484962e-6	8.27121440126412e-6	3.7769981271924824e-6	5.310896469834254e-6	5.970146571402692e-6	1.868014756084839e-5	3.9024602232053205e-6	3.123474570800684e-6	2.3408585957042805e-6	-1.6428803682212983e-6	1.8906905946175674e-5	-1.1074179866968781e-5	1.2347869184509965e-5	-4.22223859363911e-6	1.6888045632551182e-5	-3.6674256604404386e-6	-7.863689927521678e-6	-4.401040707433315e-7	-1.0366878812004005e-5	-2.5322124161397674e-5	-2.636908353180088e-5	-3.482826426895848e-5	-3.858509542074796e-5	-4.397988658666604e-5	-4.379267478394353e-5	-4.025583056811331e-5	-3.145114611939918e-5	-2.0080786959804624e-5	-1.1702236337232923e-5	-2.3498326887723322e-5	-7.4281560181284e-5	-0.00014042894986999576	-0.00023569016956333233	-0.0002854889340075592	-0.00031852068545792055	-0.0004145235412073185	-0.00038198997909246694	-0.0002875060471139654	-0.000355539028602022	-0.0004428550483928737	0.0004348564313137824	-0.00011904170887702941	-0.00013175846368892758	0.0007330969330798624	-0.0002753961950133785	-0.00023856052308859552	-0.00013102292092405897	4.576515339781758e-5	5.1919004194879784e-5	-6.96245782217178e-5	-0.0001971903364981261	-0.0002945385761437625	-0.0003415233795257778	-0.00032737375943701647	-0.00030198469236951755	-0.0002593648508187208	-0.00020511306841129295	-0.0003118266195508215	-0.0005267119191109662	-0.0006543446032273095	-0.0006441249122417182	-0.0005889280876356703	-0.000511023213061422	-0.00042740916010620966	-0.0003511582578871091	-0.0002848831531426354	-0.00022478341939774927	-0.00017823455620736162	0.0008100802351742372	-0.00011451790089115656	0.0008040340501050706	-9.70800189662455e-5	-8.314609697137546e-5	-6.95006727778483e-5	-8.38471501453733e-5	0.0008065096249499065	0.0007976100941273819	0.0007768485085712928	0.0007275503452704168	-0.00012086464014850109	-0.0001143070447911284	-9.919876844425787e-5	-8.199093834077627e-5	-6.601192706525826e-5	0.0007451273003605948	-5.5233313224056085e-5	-5.509864487447235e-5	-5.1729072738336546e-5	-5.855819400621062e-5	-6.0130844683624514e-5	-6.267185715773393e-5	-6.915929429316629e-5	-7.61034964568189e-5	-8.765265202200249e-5	-0.00010049732484826521	-0.00011253081300019148	-0.00011784714584962743	-0.00011989551920954479	-0.00012275409653946792	-0.00012061526369648232
-3.0357015141447077e-6	-5.404852331936506e-6	-7.0953928753172794e-6	5.88181370415582e-5	6.106565717310479e-5	-6.887101738220296e-6	-7.272884342720263e-6	6.70008168115251e-5	-8.48590408808773e-6	-7.189248142573765e-6	-6.067626702932396e-6	6.429225856933595e-5	-7.352856506182026e-6	-7.394811087101973e-6	-7.597866236814729e-6	-6.137249349661713e-6	-3.429142729949493e-6	3.5523561765240207e-7	4.677425384782218e-6	5.403215407766889e-6	5.043828770585565e-5	-1.5174745596213419e-6	-7.0826879264025266e-6	-1.0073083861944282e-5	-1.1493537026367176e-5	-9.593899199969273e-6	-8.047766336373658e-6	-3.341583411652126e-6	-1.1860175601167977e-6	1.2788128473100336e-6	5.558248741577591e-6	1.284641203043186e-5	4.280689608251315e-6	3.239634637218795e-6	3.206063997114204e-6	2.320936514938615e-6	-9.570049125016099e-7	-7.047583611369344e-6	-1.4087894433076516e-5	-1.4762855209354917e-5	-8.726166958147093e-6	-6.339013366123266e-6	6.172958146223205e-6	1.7022531233115007e-6	-1.4254586979523367e-5	-1.8838372413160394e-5	-1.7797258021229768e-5	-2.4019327343987977e-5	-3.236668458165117e-5	-3.653225264633282e-5	-3.9380956714293175e-5	-3.9978945043676536e-5	-3.751014447161754e-5	-3.092810922128604e-5	-2.0726135411468054e-5	-1.0700860035692174e-5	-1.6246584162845842e-5	-6.452085150051396e-5	-0.00014847666907594377	-0.0002390909390653285	-0.0003234221529458802	-0.000333269537659245	-0.0004280777785879491	-0.00045389811151354265	-0.0003050940601581533	-0.00034101634417684976	0.0002845494815800764	0.0004375084138383799	-0.00019974235119504455	0.0006739687130041198	-0.00023576865127382905	0.000574460313904155	-0.00025351467626655126	-0.00015828626434019957	5.5535189926727777e-5	0.0001303038175171599	3.7878752632116222e-6	-0.00015214053231576204	-0.00027873406543350073	-0.00031991655812012645	-0.0003169400420748123	0.000347974956804698	-0.0002569541076892284	-0.00021059634736835062	-0.00015168562864961536	-0.00047300598406741813	-0.0006338226739094344	-0.0006414112119201669	-0.000593802111522072	-0.0005229149522845752	-0.0004361141490888702	-0.0003552820087467318	-0.00028702565792967406	-0.0002288198275578494	-0.00018080910904733332	-0.00013962352784860094	0.0008335682664730674	0.0008259386290414197	0.0008248708767843223	0.0008235918873586044	0.000817467684446644	0.0008202926222497693	-7.899691841361123e-5	0.0008216249833710703	0.0008021841164324375	0.0007506833793691431	-0.00011290084519608064	-0.00011352248645358273	-0.0001048554063993708	-9.467493630992835e-5	0.0007441350426381013	-6.24983076395638e-5	0.0007737638088272931	-4.351483193702592e-5	-5.335831071047459e-5	-6.353966613728253e-5	-6.822717162794723e-5	-7.164057607543127e-5	-7.462067501901384e-5	-8.011589763286643e-5	-8.493650040940388e-5	-8.993022257925212e-5	-0.00010084966016902586	0.0006126841537468686	-0.00011433416356098833	-0.0001210202031539688	-0.00012158041364921431	-0.00011853056301377443
-2.9764234127732333e-6	5.557892990075793e-5	-7.0841335461806535e-6	-7.567886000208195e-6	-6.303821961173642e-6	-7.306600923075298e-6	6.69180928835624e-5	-8.688610753494839e-6	-7.192939104340673e-6	-7.127259740738142e-6	-8.186037750435027e-6	-8.960261537604855e-6	5.9167956691536265e-5	-7.959952158843073e-6	-8.23770881416266e-6	5.31827420146815e-5	-1.5176586347939811e-6	4.220700020455864e-6	5.9313040678683586e-5	5.418170959601003e-5	4.601471050847653e-5	-4.114011566770702e-6	-7.48168391265301e-6	-9.503518255069834e-6	1.951353163254536e-5	-8.307113997472202e-6	9.139187977003126e-6	5.395102672744274e-6	3.356196661514696e-7	7.676661241472031e-6	5.068497541007959e-6	5.177771146997476e-6	1.360411932686584e-5	3.709134328063607e-6	3.3104227814236605e-6	2.076259261353107e-5	1.6388881589362485e-5	-9.791071126498234e-6	-1.387370807783071e-5	-1.3906047761035305e-5	-1.2241209784290708e-5	4.579678224158907e-7	-9.303352310426928e-7	-1.4294608095675359e-5	-1.8024932261931446e-5	-2.3040154888294678e-5	-2.790001466086928e-5	-2.8190118602237826e-5	-3.2397767932073815e-5	-3.464008092042125e-5	-3.490994122036951e-5	-3.333100051298955e-5	-3.082061806288557e-5	-2.323478349094965e-5	-1.1871457197766729e-5	-1.360703426658014e-5	-4.77695774525372e-5	-0.00014148768563175193	-0.00023890155676268253	-0.00035816679556357946	-0.00037576318524651636	-0.0004224346676945986	-0.0005208363818021101	-0.0003537098377596288	-0.0003027965776347414	0.0002985057816957872	-0.0005490786757931729	0.0006909799420630209	-4.281841652184655e-5	-0.00014854369181048488	-0.00024193113969824508	-0.0002527382269456105	0.0015015965337193595	3.0588748618212355e-5	0.0001896367598133719	7.274390803990553e-5	-0.0001109402313149814	0.00040453866757583	-0.0003087464232053982	-0.0003126441006358815	-0.00029167499157323196	-0.00025533474763525695	-0.00021227157383110849	-0.00016075583337885318	-0.0004125111505897403	-0.0005912158171337851	-6.543763063000287e-5	-0.0006049150235452275	-0.0005354669744367987	-0.00045326710580908397	-0.0003690978710422371	0.0006996409320796223	-0.00023010939959159944	-0.0001840126697710831	-0.00014668929353672377	-0.00011752476514210325	0.0008384817509125451	0.0008463567090488721	0.0008376002625496001	-7.004404032400977e-5	0.0008410854771874086	0.0008453669554443419	0.0008391552835399808	0.000819017832098248	0.000778441571421852	-0.00010781892048677619	-0.00011116714308831519	-0.0001070882064870297	-9.815494029342215e-5	-8.507360974706769e-5	-7.251084815517892e-5	-5.8994971356349235e-5	-5.0371299758057795e-5	0.0007669413038043299	-4.968014595865258e-5	-5.998514181233946e-5	-7.623059509780572e-5	-8.543864330187246e-5	-8.7382846501987e-5	-9.280874556029557e-5	-9.485417570868557e-5	-9.78588660008545e-5	-0.00010291790526584894	-0.00010483356376918143	-0.00010598835357319676	-0.00011175718038046326	-0.00012083839467706909	0.0008291281798714469
5.5057249919053725e-5	-5.304055906745137e-6	-6.018223809498545e-6	-5.291199861378682e-6	-6.085908058270904e-6	-8.17676274131329e-6	6.850764026831687e-5	-7.189064469976234e-6	-7.601507029505929e-6	6.715569269175005e-5	-9.896810130143323e-6	-1.0336402077483616e-5	-9.423289492753494e-6	-8.694091909036217e-6	-8.677346698964688e-6	5.491780930309885e-5	1.618018803843462e-6	5.302448833775699e-6	5.303415058979387e-6	3.349332729641729e-6	-7.745730707493185e-7	-4.9055061628337955e-6	-6.988544219818822e-6	-8.746640008425828e-6	1.8704081063798065e-5	-5.584413956293607e-6	-3.3520124814126907e-6	-2.1875193743003604e-7	2.887215849061743e-6	7.932093529889554e-6	6.057535733222175e-6	6.6606172342419286e-6	5.207842650233139e-6	5.319083702648702e-6	5.892368970674506e-6	3.3890547549851775e-6	1.3935065853868441e-5	-9.774438392310889e-6	-1.3666882096386238e-5	-5.9172019885919e-7	-1.335672167475637e-5	-1.2562039022445248e-5	-1.1857016750556337e-5	-5.830331257388778e-6	-1.9746657609531672e-5	-2.4950216103098236e-5	-2.4079307660578204e-5	-2.672011395229816e-5	-3.0466972870317553e-5	-2.999885641958265e-5	-3.1724395209789275e-5	-3.226620529684114e-5	-2.6306473288899204e-5	-1.7332379013230634e-5	-7.69131944175494e-6	-3.40994187425568e-5	-0.00011704908285253834	-0.00023436444598007658	-0.00036962865514871554	-0.00041910439448975944	-0.00042188065123975084	-0.0005673464267038318	-0.0004736220051448827	-0.0003010160746153489	-0.00047465466354187046	0.0003314303853775395	-0.00045148690067907393	0.0007629426886896374	-2.0024201569362327e-5	0.0007667760845367008	-0.000252276965490841	0.0005635351953198718	-2.631203462164118e-5	0.00020151177657669328	0.00012586318459274336	0.0005049515741971508	-0.0002494193065578085	-0.0002982236295733095	-0.00031057333004594085	-0.00030058289031691283	-0.000262320193709269	-0.00021873674017534005	-0.00016468317264859735	-0.0003209763299626741	-0.0005367820358445716	-0.00060424376090943	-0.0006068297049200908	-0.0005541184489549905	-0.00047707739504916635	-0.00039451541379068554	-0.00031460489882456297	-0.00024390101017865082	0.0007679065939840413	-0.0001468582254244297	0.0008367843514245875	-0.00010268021279011014	-9.174188158303422e-5	-8.074758777595285e-5	-6.835886047508975e-5	-6.0786915833158615e-5	-5.2673588032937056e-5	-5.643745944624266e-5	0.0007234450308867078	-7.714685300113343e-5	0.0007161164045720904	-9.97333915663868e-5	0.0007035644164860738	-9.392771366811565e-5	0.0007435213722405088	-7.191880097429104e-5	0.0007672884353544297	-5.374698355680189e-5	-5.1497921518058216e-5	-4.969129892049657e-5	-5.5265518196566474e-5	-6.205010886988589e-5	-7.2420851565929e-5	-9.101659611220319e-5	-0.00010198459245384234	-0.00010379840579465222	0.0005862191582033257	-0.0001081333609423505	-0.00011064985757162612	-0.00010788057649197989	-0.00010721881192636215	-0.00010644788446913852	-9.315584006471412e-5	-0.00011299653897397155
-3.6837621310281937e-6	-3.8174918812522896e-6	6.291977035799987e-5	-4.920760801572512e-6	-4.304117734505906e-5	-8.248605421558352e-6	7.075325575117263e-5	-7.539379877328253e-6	-8.698032466397426e-6	-1.1161813508094856e-5	6.214980343647995e-5	-1.0407300907218776e-5	-9.92349249592198e-6	-9.456377168581874e-6	-6.650589521242233e-6	5.7232273261692405e-5	2.1655567290860536e-6	3.5872481873080444e-6	4.033498263481764e-6	4.810448632085911e-5	-1.0309442657717568e-6	-4.673282759040534e-6	-6.782891827047423e-6	-5.741920206648156e-6	1.820489642451401e-5	-4.602591897808362e-6	-1.0685992150557318e-6	2.211990044853184e-6	4.125681078742021e-6	7.493003258032642e-6	8.31172415258468e-6	7.55255303925206e-6	9.170011324463687e-6	1.0085078804136565e-5	5.696804473347226e-6	3.788591905414017e-6	-3.255659287147196e-6	-1.0288256502277975e-5	-1.1951955047954628e-5	-1.3274395307613651e-5	-1.953024787520411e-7	-8.646498593392442e-6	-1.0608899568700187e-5	9.398176761804935e-5	-1.7619307048847687e-5	-2.4127957607854213e-5	-2.757044728820407e-5	-6.721222541418784e-6	-1.5875497004925326e-5	-3.0102478484450145e-5	-2.8697125954864865e-5	-3.363494545166254e-5	-1.932078352669033e-5	-2.0872798053655182e-6	-7.5090616587247284e-6	-8.694748538804137e-5	-0.00021255910860709963	-0.0003600906753112895	-0.0004734530378857965	-0.00042340283177818086	-0.0005544598992109941	-0.0006265925871354935	-0.0003269232819491739	-0.0004091661353782406	-0.0005815281198654366	-0.000550971707135358	0.0006875544286278311	0.0011327914769777934	-0.00012997661224113492	-0.000288324458822594	0.0005505360643911703	-7.651771658820188e-5	0.0001784902015535949	0.00019883634658776975	-2.0817888896703003e-5	-0.00022886898025458423	-0.00029311654490048276	-0.0003130372008795573	-0.0003111357574578106	-0.00027897550850409375	-0.00023364731930246123	-0.00018031622936276297	-0.00019104118295608374	-0.0004831466840800238	-0.0005676272445253022	-0.0005972930614756618	0.00019346940784256868	-0.0005028211464261703	-0.0004209987764801186	-0.0003433513699943429	-0.00026849861488177466	-0.0002072455213955604	0.0007775686947384839	-0.0001236782376194158	-0.0001010546419603648	0.0008489155095336943	-6.957134952535401e-5	0.0008576172258330586	0.0008552414193400927	-5.578825469990112e-5	0.0008533117761018189	0.0008385561405767003	0.0008196713812302046	-7.29020736582901e-5	-8.680221904192129e-5	-9.245249440795449e-5	-9.307063572094919e-5	-7.746007501205918e-5	-7.017263387627684e-5	-5.884735992129492e-5	-4.995537190213145e-5	-4.616103852563306e-5	0.0007591723379372938	-5.331210824334031e-5	-5.8119082221559995e-5	0.0007096086392743926	-7.851986473633157e-5	-9.128927796867069e-5	-0.0001026674314302963	-0.00011663103920749257	-0.00011946836891643534	-0.00011689998695390115	-0.0001159042427319938	-0.00011309286644052606	-0.00011032884549866959	-0.00010803651220500903	-0.0001007791521423192	-9.959746994616043e-5
5.64939295937664e-5	-2.1133638035403376e-6	-2.3307216163868027e-6	-5.445865273082215e-6	6.541797202736812e-5	-7.572874282697631e-6	-7.132802379671683e-6	6.927252334088896e-5	-9.770454071996349e-6	-1.115240457374544e-5	6.177589401772348e-5	-1.065811173652626e-5	-1.1522485802021904e-5	-8.945000572134465e-6	5.754764088693317e-5	-9.328661196625733e-7	1.2486371085576684e-6	2.9318938715684143e-6	5.1861893507622976e-5	1.789877825562002e-6	-6.505289316504747e-7	-4.3722138387200515e-6	-3.682753355293807e-6	-2.8235731435138738e-6	-2.7195680306964665e-6	-2.2751307236768253e-6	9.352507204552244e-6	9.8873842182233e-6	8.23363404867019e-6	9.310277028783164e-6	9.72843054294686e-6	1.2730481956113333e-5	1.1880923013235425e-5	1.006337341194919e-5	9.910600561236936e-6	1.6729970331340934e-6	-3.598673491850019e-6	-7.975791700394821e-6	-1.3650027482820957e-5	7.252392075557043e-7	-6.46051992050185e-6	-5.866816426110732e-6	-5.508724111667317e-6	-9.869298258323445e-6	-1.6591499948643944e-5	-2.166525290390889e-5	-2.4114380510367565e-5	-2.100069180848655e-5	-3.7835763140158657e-6	-3.693543802808265e-5	-3.677951512228925e-5	-2.349605848948281e-5	4.812667105688704e-6	1.2468573380773704e-5	-4.832853173774871e-5	-0.00018497812426028926	-0.0003361481123765296	-0.000513682775446847	-0.00048746867616429775	-0.0005094341875031298	-0.0007414358046345902	-0.0004632212915325201	-0.0003129488948201524	0.0003389227956377642	0.000342443469567022	0.00045191775340435933	0.00021634877537877843	-1.8754012791073055e-5	-0.00023315721377203946	0.0004901988784500756	0.0008276092855986992	0.0011748765366953202	0.00024254498644374952	3.644569310967856e-5	0.0005497996717699618	-0.0002784820106476035	-0.00031194716710867317	-0.0003101338134608566	-0.0002897356660218689	-0.00025229967241199337	-0.00020616060051647025	-0.00014470723517902642	-0.0004299184801196624	-0.0005331300982955051	-0.0005734586440317175	-0.0005691151657007208	-0.0005218323972741839	0.0004571442784784621	-0.0003737345189784493	-0.00030316029626734076	-0.00023713045271731535	-0.00018308807507153892	0.000773507693914541	-0.00011279485485058728	-8.833458619468548e-5	-7.498843988601109e-5	0.0008509219347315345	0.0008586031096267368	-4.878259421156692e-5	-5.142549603252746e-5	-4.772515729265826e-5	0.0008239957645748454	0.0007697032362906061	0.0006593239207308525	-8.13422215273276e-5	0.0006935177133699649	-7.408545835225957e-5	-6.6137028468128e-5	-5.289249298981533e-5	-4.509649621845229e-5	0.0008688821162258602	-4.208215492786929e-5	-4.7260238189540064e-5	-5.5178025204049696e-5	-6.464380564944871e-5	-7.313908433601891e-5	-8.342107545214862e-5	-9.63334666801742e-5	-0.00010724729997771149	-0.00011733388011365975	0.0005654399878175938	-0.00012706890632584308	-0.00012286541943902106	-0.00011631132526374	0.0006088828052586582	-0.00010933493856162208	-0.00010274804167103354	-9.577976656947786e-5
-1.6707804610611781e-6	-1.5310183563559685e-6	6.446499980483622e-5	-7.1571344026783714e-6	-6.956107981889292e-6	-7.48246916172147e-6	-8.75560403364021e-6	-9.00974839021431e-6	-1.063722733348144e-5	-1.0544007487053321e-5	-1.0378002799759246e-5	5.806161646421744e-5	5.618572612324838e-5	-6.503282176632146e-6	-3.872498797308612e-6	-1.9892811622593655e-6	6.131463332231021e-7	2.0787483304222356e-6	5.0329189673066856e-5	1.6632331346471676e-6	-1.3494058454855719e-5	-1.9217258199956833e-6	-1.3669864719670875e-6	-7.706021692879383e-7	1.6365545068745086e-5	-1.3945504207251054e-7	1.7070545589928376e-6	7.074633514897368e-6	1.4356666477540782e-5	1.1193256595784604e-5	1.4753260630854083e-5	2.5431407783691384e-5	1.4677296882931916e-5	1.2760589415417847e-5	2.1806750430478907e-5	1.8973393483667344e-6	-6.609379295556203e-6	-1.275588130937198e-5	-9.441986970651047e-6	-7.388196799983744e-6	1.1491738553088236e-5	6.81665487088385e-7	0.00030224145479965017	-7.256181659297169e-6	-1.4095889006265731e-6	-9.661578515701708e-6	-1.4021746216517309e-5	-3.040388443977665e-5	-3.100576721988329e-5	5.467881094840636e-7	-2.569613719411671e-5	1.930758144065136e-6	3.653225071972724e-5	2.6433761552259807e-6	-0.00014705748901856384	-0.0003060643008099607	-0.000509368307309143	-0.0005860213862241611	-0.00048073772815789267	-0.0007409210871093478	-0.0006910394132454267	-0.00023648505752221598	-0.00035926431164474276	0.0003226618447573371	0.00047975056301215006	0.0012727884216082869	0.0007180097507876633	-0.0001487481853478011	-0.0002939552414561557	-0.00020955808360287147	-2.3127760551502376e-5	0.0004585798279331619	9.836238279031535e-5	-0.0001803430254712808	0.0005513895445929387	-0.00030869612677665755	-0.00031735744443310565	-0.00029986573304816456	-0.0002663892415645259	-0.00022175696179653134	-0.00016655504557561499	-0.000365585420883819	0.00016775630354124056	-0.00055887189266959	-0.0005693850960603389	-0.000536387596275327	0.00042523414757115845	-0.0004015519357742584	-0.00033295821925366335	-0.00027087230939832653	-0.00021694014245110353	0.0007366132137287627	-0.0001359461901893292	0.0007870980509887791	0.0008085227650691607	-6.415817314564184e-5	-5.691270666178215e-5	0.0008454004921980762	0.0008461638015692984	-4.297998039048869e-5	0.0008173196848839954	0.0007715668227492589	-5.3375623736682566e-5	-6.529629566910233e-5	-6.663050781245163e-5	-6.616942402949168e-5	-5.6642345366581665e-5	-5.153722746123728e-5	0.0007679780334289284	-3.171654022549389e-5	-2.926303820639754e-5	-3.32468299409582e-5	-4.241449502028361e-5	-5.30373054346959e-5	-6.72015082057195e-5	-7.742757907694972e-5	-8.887346618634577e-5	-0.0001005924142908135	0.000579794337349324	-0.0001200392388012411	-0.00012546028208919573	-0.00013107218149352147	-0.0001280412942462005	-0.00011869593021399203	-0.00011763912710136123	-0.00011186857600176039	-0.00010653287018069476	-9.862052427449123e-5
6.034648603327707e-5	-1.6574120853296874e-6	-5.702224816490193e-6	6.43959866944595e-5	-7.175948503034685e-6	-8.86680062083759e-6	6.689417115500495e-5	-1.0487955109838762e-5	-1.0061186085660672e-5	-1.0280865820193092e-5	-1.171172983075678e-5	-1.2786262099603071e-5	-9.68119341872764e-6	-6.850867061838971e-6	5.7793606290099716e-5	-1.604095578830217e-6	-2.2602779048647246e-7	1.5892115607941395e-6	4.900143262005351e-5	-3.361648111298906e-8	1.6553214838340574e-7	-1.4332445458860484e-7	-7.582158306697513e-8	2.200476149108151e-6	2.908670819533419e-6	1.2163583326191751e-5	6.86138147606161e-6	9.23653880910793e-6	1.7325723114931758e-5	2.4152657596105765e-5	1.4304374533664638e-5	1.8063192893286216e-5	1.633372307865001e-5	2.610409602585035e-5	6.006691442579214e-6	9.50121443184064e-6	4.7902371544492495e-6	6.00763493911337e-6	-6.428172262816804e-6	1.0327427051016157e-7	3.818627296135876e-6	4.549730300720898e-6	1.1987931047363967e-6	-3.839551904899225e-6	5.608349844341692e-6	-1.7853759121068055e-5	-1.6227429566089465e-5	-3.350131020945666e-5	-3.655254640414201e-5	-2.8740700684355778e-5	4.069745484255698e-6	5.2470339762336095e-5	5.136548782608318e-5	-6.654762121905116e-5	-0.0002687491442503469	-0.0004490638543379745	-0.0006639015435761951	-0.0005467624886570542	-0.0006647376518210523	-0.0008603765767766294	0.00036177218068851255	-0.0001394009866566813	0.0017896497685716307	0.00026298917786961133	4.8512202255757836e-5	0.00020141538080325518	-8.080458767730121e-5	-0.0002821056729394476	-0.0002673511387896567	-0.00011286400247523601	0.0001469397360133115	0.00015957437613136737	-0.00013392292668391783	-0.0002911375094687054	-0.0003294837068785637	0.0006217007214120562	-0.00031728556151070474	-0.0002786621456651395	-0.00023568475645034063	-0.00017923704317664504	-0.0002389763983793973	-0.0004667286988121067	0.00015664861993522003	-0.0005678752682886784	-0.0005504861494604746	0.00041002403764608605	-0.00021200498868667594	-0.00036442985683572335	-0.0003026657000183581	-0.00024411237418081946	0.0007101836423122846	-0.0001639002783222765	-0.00013444817054735977	-0.00010135541447459442	0.0007860951250790102	0.0007999273963235198	-4.977926987620104e-5	-4.6522643136026436e-5	0.000818175414151758	-4.642268371479567e-5	-4.68829464019601e-5	0.0006755121884177012	-5.28670905461685e-5	-5.469948078159082e-5	-5.783361839482946e-5	-4.880337218786824e-5	-4.476322665065025e-5	0.0007535571384516661	-2.9345844359542853e-5	-2.2341942528187383e-5	-2.1380387550619297e-5	-2.7800204050484976e-5	-3.649769413832443e-5	-5.117174933432986e-5	-6.593466259489401e-5	-8.011137803881413e-5	-9.301047728347287e-5	-0.00010224724526166793	-0.00011397711650921148	-0.0001228193182144146	-0.00012770501777639026	-0.0009954680074915714	-0.0001307547447227178	-0.00012658105672939176	-0.00012138980412303721	-0.00010046120308607577	-0.00010642939238283662	-0.00010101897383759089
3.999396559317258e-7	-3.7977679002765058e-6	-6.347179251246305e-6	-5.67010378431875e-6	-7.401500242950124e-6	-9.179382230552007e-6	-9.61245331842955e-6	-1.0921761775851166e-5	-1.0091952491807048e-5	-1.0129301762393608e-5	-1.38599170816699e-5	-1.1173829597807723e-5	-9.394903624553247e-6	-7.4634061041761995e-6	-4.0563735450606635e-6	-2.4243294248840752e-6	5.44027555997496e-5	2.307301553508838e-6	4.589106063649176e-5	5.897280134928642e-7	7.846785421406453e-7	1.040060638128745e-6	2.3275413237662957e-6	3.731101894311655e-6	3.4192654154829426e-6	1.6005211416202396e-5	9.321715043652179e-6	1.718211778617483e-5	-0.0001244740564267208	1.4783755552909283e-5	1.989127607861978e-5	1.8571555707218518e-5	1.5347636700440608e-5	1.0838958221503223e-5	1.4714054260347173e-5	9.074904118986683e-6	-3.987477418843392e-6	-4.764891621268337e-6	1.2609982564539511e-6	2.4187105133967237e-5	8.941520293344156e-6	8.042553652231905e-6	5.8787979542989505e-6	-1.1887961589521906e-7	-1.0438012104749695e-5	-2.0509856224655565e-5	-2.6162780350307523e-5	-3.064668342201999e-5	-2.1188505275175108e-5	-6.185478930670427e-6	3.718898834828609e-5	7.722805258231777e-5	1.6389768785012547e-5	-0.00018592534187439943	-0.000382724826318505	-0.0006199926817446275	-0.0007000703570757705	-0.000568135889540038	-0.0008868470424363076	0.0005622137601634346	6.494820253576984e-5	0.001071124769660113	-0.00036580640537786906	-0.00019866599269651158	0.0002317037655605791	9.976878828296676e-9	-0.00023285923058992148	-0.0002658849206493754	-0.00018461297963412188	1.3333668619133071e-5	0.00020544631656042086	-8.295979916199143e-5	0.0006737572281299972	-0.00035152147054946445	-0.0003679313283333442	-0.0003485637572744286	-0.00031127676063994435	-0.0002597730398151482	-0.00019129653492085206	-0.00012005160576625609	-0.00039578776838949253	0.00030995480526363733	-0.0005704432133084129	0.00026434865360741057	-0.0005277503599515534	-0.0004620004191425737	-0.00039738171365598027	0.0006477327957781116	0.0006799395129668175	0.0007014441258214928	0.0007048194185195868	0.0007089449246724076	0.0007275971913688149	-0.00010372603700813544	0.0007566302489937261	-6.0280699247061524e-5	-4.8959481745657583e-5	0.0007965958592312484	-4.6056504685487894e-5	0.0007430320738628909	-4.870771279925478e-5	-5.188654546880826e-5	0.0005706465011289744	-5.62683414434377e-5	-4.181265271761825e-5	-3.794863609326519e-5	0.0007332369024239636	-2.5503775301122418e-5	-1.6658513957070603e-5	0.0007597204258239366	0.0007528113126408008	0.0007423317839148989	-3.3191395800227785e-5	-4.879300644017662e-5	-6.746530454206784e-5	-8.103024078557697e-5	-9.432889657976819e-5	-0.00010717211042772599	-0.00011381643344927656	-0.00012247488670037547	-0.00012760316162983712	-0.00013156877864077933	-0.000133242286078257	0.0005850605340774638	-0.00012404510894417414	-0.00011453201387849783	-0.00010646495057064359	-6.756783055948548e-5
3.6339585374601906e-8	-4.296213282109734e-6	-4.763449832197392e-6	-6.131700741612454e-6	-7.664959975642273e-6	6.625139172176887e-5	-9.218626620313003e-6	-1.020682337795546e-5	-9.251249061760958e-6	-1.2631565930002766e-5	-1.248567768568189e-5	-1.0460285859291863e-5	-9.828148417019913e-6	5.720412577186031e-5	5.800668878068688e-5	-1.6807890148911805e-6	1.225717058961893e-6	4.8933612896523925e-5	-5.152150308896644e-7	1.4880130821091908e-6	1.2300576220460914e-6	2.545974834232932e-6	4.531517652154975e-6	3.795226143028579e-6	7.450088257665273e-6	8.804765309368672e-6	1.0859376597770328e-5	1.542253375801236e-5	1.5862855781896036e-5	1.968571599736922e-5	1.971243374341864e-5	2.8771206337312822e-5	2.4307954919983252e-5	5.617956497949066e-6	5.611168919751001e-7	1.032784746597226e-5	-9.021074760513868e-7	2.782533423611273e-6	2.502298702184336e-5	1.1034333318642262e-5	1.1313442016482218e-5	4.3631675357609385e-5	7.040742953446418e-6	-1.6379894335533975e-6	-9.132457232520312e-6	-1.810318596774706e-5	-2.49498414880674e-5	-2.7201925328651944e-5	-1.059478834848377e-5	2.610616823904132e-5	7.426752543320241e-5	6.635333002908946e-5	-6.959641253196118e-5	-0.0003246788964236542	-0.0005010208116624365	-0.0007654987682937124	-0.0006016649633933634	-0.0007652937464816415	-0.0008469241812484197	-1.0750640545018411e-5	-5.967493940236754e-5	-0.00032152836521993737	-0.0003523963564074301	0.00012308396972386757	0.00010621077939189979	-0.00016597120025307107	-0.0002924477032453538	-0.00023899273691150875	-0.0007044772435941052	0.0001670210417984092	1.6174529873097532e-5	0.00026991814664042903	-0.00038411210288558616	-0.0004000136452856273	-0.00038099894486879303	-0.00034360468370274195	-0.00028841535998514606	-0.00022692360050272087	-0.00013491911262869874	-0.0002940634607898236	-0.00046692051385371306	0.00026322480854456577	-0.0005658958045883259	-0.0005467505538747901	-0.0004960025316504135	-0.0004299475281690449	-0.0003629644379196488	-0.00030679733960510894	-0.00025860998510960926	0.0007087778766379747	-0.00019336991896920074	-0.00016345863412144373	0.0007121698490429465	-0.00010789863386720389	0.0007400282603657561	0.0004714586242525725	-5.676242818817602e-5	-4.848300307598672e-5	-4.4246073640369366e-5	-4.976832789149125e-5	-5.543960658284039e-5	-5.034374163514089e-5	-4.992760515062488e-5	-4.590682489652529e-5	-3.616592442841002e-5	-2.7753238734723115e-5	-2.0000327326458525e-5	-1.266128804391399e-5	0.0007486041066181288	-2.563067564957666e-6	-1.1068225700316871e-5	-2.007674066871381e-5	-2.9972971380505184e-5	-5.0852195026943915e-5	-6.463985009277657e-5	0.0006087463826331182	-9.656398202381473e-5	0.00055895682860923	-0.00011489402809644958	-0.00012120506941148143	-0.00012890187435636883	-0.0001330744804130821	-0.0001336728045830439	-0.00013296078221344213	-0.00012563697891356624	-0.00011757197209634517	-0.00011252610238268344	-0.00010419684920851598
5.9669580147118755e-5	-3.5787206648861232e-6	-4.4131362443182226e-6	-6.572020744518886e-6	-8.718323170865618e-6	-8.4430145889659e-6	6.768585030423018e-5	-7.3105145602955866e-6	-1.0997598162617315e-5	-1.2300561127390891e-5	6.147325177733448e-5	5.786653072267301e-5	-9.45793265644116e-6	-6.706502629508313e-6	-4.27365372276489e-6	5.710577654992712e-5	4.6292726935050644e-7	-1.6978329113665532e-6	3.2243205735568714e-7	-3.569059854624003e-7	3.096751043179754e-5	4.444705392040067e-6	3.129773659400585e-6	1.7322711044721537e-5	1.6506425041601857e-5	1.0258762279502075e-5	1.397861082603211e-5	1.4967612647041884e-5	2.0762069766807473e-5	2.0361492041623365e-5	1.8883363014812575e-5	1.6479192252737184e-5	2.1056992903706936e-5	3.669963605370608e-6	-9.87780702827075e-7	-2.4397353974266785e-6	1.5504388175104425e-5	6.951509356589291e-6	9.298364939721703e-6	1.262802945193979e-5	1.6379192059286837e-5	9.455471712516931e-6	5.23376346713662e-6	2.864943753912684e-7	-1.0058783764515383e-5	-3.4082520042224944e-6	-2.0077229145225653e-5	-1.5675942082631674e-5	8.105152388766974e-6	5.923567426563544e-5	9.283957157842256e-5	2.7313307910401333e-5	-0.00020137010667160013	-0.00042434241210910235	-0.0006643162961688168	-0.0007603516880309727	-0.0005904673718156502	-0.0008643367568100108	0.0004122881549419033	6.387652614486816e-5	-0.0002382039883232559	-0.0003897385540449494	-0.0001405874358653518	0.00018722821419040088	-0.00010114794611200927	0.0007046426594852894	-0.00029314960865035444	0.0012364971250457182	8.629501024631954e-6	0.0001422610682257205	-0.0007316428015350426	0.0007220022686356539	-0.00043154044496757516	-0.00041603116832456336	-0.00037497076455130906	-0.0003215621112753232	-0.00025980420608967894	-0.00018506659664506778	-0.0002165898585249548	-0.00039156033715534097	-0.0005020493064384788	-0.000545327244098697	-0.0005477153444627706	-0.000515172061757007	-0.0004549709213385678	0.0007095694558598284	-0.0003340202107380858	-0.00028719853787538465	0.0007298378360141378	-0.00021224028850697248	0.0007034019012862628	-0.00015898724013896012	0.0006928171874175278	-0.00011340874046599728	-9.09568901963408e-5	0.0007317643460789383	0.0007249357110447304	0.0006986338081368297	-5.465411148232284e-5	0.0005153080664339503	-5.495182856124232e-5	-4.985883316915591e-5	0.0005462246606743838	-4.147078146790606e-5	-3.309463712296377e-5	-2.052359794528589e-5	-8.492321893491597e-6	0.0007297964308949825	4.0290500344679e-6	2.585041787572795e-6	-7.80432067181867e-6	-2.039168051377188e-5	-3.1353350052494827e-5	-4.964047646768572e-5	-6.768497640825778e-5	-8.124883043418313e-5	-9.575466541228992e-5	-0.00010672479646123799	-0.00011667847673718906	-0.00012364978346624369	-0.00012876296976862362	0.0005676426480674267	-0.00013366725234524026	-0.00013417277384289526	-0.00012766894372625215	-0.00011919952787634806	-0.00011511989211330544	-0.0001069067890546076
-2.98292331822516e-6	-3.788438131076461e-6	-5.604582849349387e-6	-8.568325231264801e-6	6.640621214894769e-5	-7.055849202911718e-6	-7.514236469890242e-6	-2.919788860888603e-5	6.247777618625765e-5	-1.1983010207418593e-5	-1.0226585059152065e-5	-1.0445816382327069e-5	-7.367928778369412e-6	5.89161244641097e-5	-1.550506921411867e-6	2.199168203095912e-6	5.193438427310748e-5	1.234021490681002e-6	9.147063000374163e-7	3.3267700524035717e-5	2.4792058430289296e-6	2.1431661030937594e-5	1.8954054489817018e-5	7.545995328676327e-6	9.667639650829578e-6	1.3259848160261916e-5	1.5549585129752278e-5	2.6242380517992004e-5	1.9256253475162348e-5	2.0304600283283436e-5	2.9686854637690817e-5	2.5771657679218764e-5	8.752565930304681e-6	2.445044321229637e-6	-3.477779389774935e-7	-4.7354906224615634e-7	1.9388627498932763e-5	7.0630541671411196e-6	7.668231111413381e-6	1.309260871315012e-5	1.2684881196519185e-5	8.56946209600723e-6	4.231608467682429e-5	2.587036622304223e-5	5.812336841709044e-6	-1.8337868388422583e-5	-1.657813897596415e-5	-5.928266799551732e-6	3.205730189072232e-5	6.036519465465063e-5	8.248407417733644e-5	-2.216461102586215e-5	-0.0003207794232670488	-0.0005334517829035578	-0.000796746561602512	-0.000628558104490075	-0.0006852895905223606	-0.0005969997221755893	7.584890119782719e-5	-0.00010236108850304477	-0.00035345294753066133	0.0010010011529642442	0.00013945463683733353	1.4429327164773402e-5	-0.0002851135795303933	-0.00034342095130315657	-0.00026313789105827153	-0.0001400745767367274	0.0001659226761098172	-0.00012234938230005696	-0.0004017005265917299	-0.00045895509404412105	-0.0004584457401801299	-0.0004169917510383472	-0.0003509317900851324	-0.0002881185368515827	-0.00021794180083663586	-0.00013206087032832745	-0.00030949763578180887	-0.00045693867877134604	-0.0005176762171638051	-0.0005357956331577835	-0.0005249301160935738	-0.0004732908438379122	-0.00040628979015011873	-0.00034408418961035664	-0.00030372695396319385	-0.0002697435441248019	0.0007396023316455979	-0.0002022133420708904	-0.0001771259644386524	-0.000154087972335272	0.0006999844063154594	-0.00012069885613448864	0.000711857622418639	-8.796563798357544e-5	-7.531426286031939e-5	-6.639080463945093e-5	-6.60861263339493e-5	-6.288562623708166e-5	-5.422634941811954e-5	-5.224502592855642e-5	-4.902442312935181e-5	-4.2666860940090284e-5	0.0006487243595554651	-1.586747460432126e-5	-5.63364873694492e-6	0.0007150795434964245	6.542941949957276e-6	5.456124965654181e-6	-6.546915320764998e-6	0.0006811089167979979	-3.555011788099931e-5	-5.273129592954723e-5	0.000591367221821975	-8.487360619066457e-5	-9.758291255002006e-5	-0.0001059303603368443	-0.00011773384230259233	-0.0001237040224130845	-0.00012927614287148526	-0.00013235852967783974	-0.00013373031991786724	-0.00013448068278393678	-0.00013027497506783257	-0.0001234591044273984	-0.00011636484488758555	-0.0001109703239694131
6.144362701436187e-5	-3.991500428587196e-6	-7.647522863319647e-6	-9.509298002307286e-6	-7.821042141153175e-6	-7.069316569743899e-6	6.820709746377385e-5	-1.0670119636129838e-5	-1.2289991179845086e-5	-1.0832583842689805e-5	5.9610898501435126e-5	-1.0736174567335102e-5	-7.581429568851079e-6	-3.390667440518252e-6	1.047470068649592e-6	9.685605807294682e-7	-8.297340222665137e-8	1.938266632237713e-6	4.190586632964264e-7	3.1850285037323105e-5	3.279952421426577e-6	2.0189425190778737e-5	5.875866573184542e-6	8.064323800345595e-6	1.218020669713324e-5	1.9387105075192954e-5	1.868073421581345e-5	1.859644965254378e-5	1.9834049457277724e-5	2.879312982174368e-5	1.716250138695803e-5	1.2344758109250793e-5	8.272888468117143e-6	4.251998924828526e-6	1.605169473332729e-6	2.5295288395637498e-6	3.2077230011919814e-5	5.757640878108726e-6	7.761978791491226e-6	8.689429046980111e-6	5.149942647397288e-5	9.569349698778686e-6	6.2851284915281525e-6	9.695802010009288e-7	-1.2061452386304908e-5	-2.7660060121785686e-6	4.6549575953829664e-7	1.1185577520841407e-5	2.6885237228060476e-5	5.2626485603178823e-5	7.481087519643163e-5	-0.00014407873250958658	-0.0004247052916379803	-0.0007104612374759806	-0.00078888489242015	-0.0005101410351513597	-0.0005810298176145423	-8.987408596737839e-5	0.0014056624279353827	-0.0005229754657912157	0.0006211199619185221	-0.00012430918775480516	0.00016922885207144509	-0.00018344675112883999	0.0007890592930786264	0.0011078130632641509	0.001353656218570161	-1.4097829455802895e-5	8.288641044366853e-5	-0.0003622239542860374	-0.0004690853644412655	-0.000485176556672671	-0.0004577779269090629	-0.0004009418072396277	-0.0003299393831808972	-0.00025369172558238444	-0.00016549883986181815	-0.00024181697013325384	0.0005275411405186075	0.0004213263622404595	0.0004226476832841844	0.0004967104711719366	0.000595308624896148	-0.00043316135074232456	0.0008117753981067228	-0.00030789172294060346	0.0008305993686577367	-0.0002456428816609898	0.0007537547602257978	0.0007378342462699417	-0.00016565670821920217	-0.00014817534129088917	-0.00013720151652266317	0.0007087557800559887	-0.00011678173834606641	-0.00010250467148899701	0.0006010902429892835	-7.838380354202156e-5	-7.593338792861136e-5	-6.786645574863477e-5	-6.0063685949907075e-5	-4.9233480947500664e-5	-4.918854190323965e-5	0.0005964881621096018	-3.0433829766962454e-5	-1.7921504843164404e-5	0.0006832519503729116	3.3411307259713016e-6	7.47794745049879e-6	3.531016240098002e-6	-1.0839875781308485e-5	-1.944531613227215e-5	-3.753582133865204e-5	-5.4440171089024676e-5	-7.182150983988658e-5	-8.627102709202238e-5	-9.840001190067902e-5	-0.00010591025921897123	-0.00011717611233971704	-0.00012594617774236818	0.0007093536500786188	-0.0001318064021378195	-0.00013505169312970355	-0.00013305861627042198	-0.00013162988551873546	-0.00012430262338299428	-0.00012147452148573035	-0.00011626342303702351
6.127606384647441e-5	-6.062623081362043e-6	-9.192745992116919e-6	6.324059321414198e-5	6.611210591323901e-5	-6.300183751718801e-6	6.599002118123421e-5	-1.2592047239469244e-5	-1.1973182172220318e-5	-1.2301631411573352e-5	5.8264998744003986e-5	-8.829016995951541e-6	-7.0597420378647625e-6	-1.950427577402541e-6	8.515910102145727e-7	-2.0652493267658183e-6	9.784525140007745e-7	-3.2125608336193955e-7	1.4905714357954254e-6	3.103999311772614e-5	2.32918065633898e-5	2.0433569442490813e-5	7.622080798501884e-6	9.57214022155573e-6	1.4489858587480751e-5	1.718754504676347e-5	1.851201696474931e-5	1.9042344769331504e-5	2.074007835116366e-5	1.8455809456207044e-5	1.4619732524015407e-5	1.1825656148463717e-5	8.809238101839274e-6	5.650708476237802e-6	3.82488659603393e-6	3.123762152527779e-5	-0.0012717342620396715	5.049903908772944e-5	7.252126492027482e-6	5.2565707515212726e-5	7.572702397681645e-6	8.93350070846734e-6	7.909468068586882e-6	-5.238885558353501e-6	1.4471145002355884e-6	1.4412034814149065e-6	8.656787948654356e-6	7.129440937972149e-6	1.0342471756439025e-5	8.985804714017843e-5	4.086392200436774e-5	-0.00028857773311408586	-0.0005602241716378201	-0.0008510542742238289	-0.0005541676350049284	-0.00047117773906138125	0.0021059237327834606	4.8496705712191245e-5	-0.00013160873948636024	-0.00038730549728660437	-0.00033136057418893874	0.00012376559565424085	-2.555674818852712e-5	-0.0006166087714050373	-0.0003683340290764085	0.0013023811352856456	-0.00013789477209405834	0.0001460535409594484	0.0007607771401451583	-0.0004595844759785594	-0.0005068040758549313	-0.0006476551478600901	-0.00044710212735348323	-0.000376985359668903	-0.00029391631490361444	-0.0002043372938253813	-0.0002825375538943178	0.0006660895029991223	0.0004991072000652165	-0.0004976872529108495	-0.0005107764147465428	-0.0005026549836777442	-0.0004620657796282606	0.0007875171240419266	0.0008825299216176424	0.0008820872732515908	0.000815736644640486	-0.0002283914476989852	0.0007578997699956777	-0.00016585497153707475	-0.00015151338982096873	-0.0001396265285551635	-0.00013096887948563403	-0.00012908639671490533	-0.00012258388008671867	0.0006068857595582138	-9.979972262869844e-5	-8.999075189466618e-5	-7.767522762400746e-5	-6.880780027431442e-5	-6.244316632791902e-5	-5.7661042056887137e-5	-5.370218505264864e-5	0.0005943082772127701	-3.3895723202032914e-5	-2.1944671127526252e-5	0.0006652126937605179	1.983951680825831e-6	6.302036589908751e-6	-3.439855298845683e-6	-1.2134042335406464e-5	-2.1660738154201994e-5	-4.0167838069224936e-5	0.0005636703080652127	-7.497809243810173e-5	0.000517841296004387	-9.97023604425466e-5	-0.00010839817906568329	-0.00011738497359294444	-0.00012480601707205372	-0.0001330609916186474	-0.00013538744543658502	-0.00013866145365783395	0.0005953342236761122	-0.00013297375989731108	-0.00013066624925760608	-0.00012794355632699938	-0.00012581706720354987
-3.5125470349586753e-6	-8.118769644516622e-6	-9.060857361747865e-6	-1.0340722380333895e-5	-0.00012498013896397218	-7.140479751588055e-6	-9.616671419208694e-6	-1.2896629536296228e-5	-1.2060143931674457e-5	-1.401880973820528e-5	-3.244031912612538e-5	-9.304416320998201e-6	-2.6229057477849095e-6	-8.519456857727014e-7	-2.0094449701955376e-6	-7.918294118563476e-7	1.555197268933591e-6	7.058022237190278e-7	3.394502877867916e-6	2.676289839985955e-5	2.1598343328367098e-5	7.800892701416559e-6	9.251862655710371e-6	1.334692314210596e-5	2.2336249397091707e-5	1.7861442819244473e-5	1.8978130993411654e-5	2.151834565567736e-5	2.0891976907358922e-5	1.609240806257385e-5	1.4609062249515284e-5	1.3625142460333209e-5	1.0721367918302156e-5	7.2720208293985435e-6	3.2377261858216634e-5	7.684302135980937e-6	4.93992897216116e-5	5.348684528862159e-5	5.499151261776063e-6	5.281262351881748e-5	1.0861780055980777e-5	4.003857737584337e-5	2.2246042265553975e-5	-1.1639752844764314e-5	-1.1598509840179873e-5	-1.0008578114548139e-5	-9.749644188771639e-6	-2.137973864149191e-5	3.467283764021882e-5	0.0001409739817233584	-6.813453533292563e-5	-0.0004259103227740213	-0.0006556333348137298	-0.0007987816136110831	-0.0003130764715113341	0.000473854536384025	0.001086688383260476	4.922925524518222e-5	-0.0002900139629417311	0.0007430600675142982	-0.00018563111261187416	0.0001422305514249154	-0.0002278717513189794	0.0008851573935646445	0.0011582358465089425	-0.00022209893404420786	-6.18717965214597e-5	5.754364455735298e-5	-0.0004172347565713176	-0.0005152629218743536	-0.000528361319437334	-0.0004941895870900093	-0.0004355558656055601	-0.00034767895464940263	-0.0003295333287793795	-0.00016257662943347344	-0.0002184968886158713	0.0006376439533632141	-0.0004476972657478217	-0.0004892278170463274	-0.0004971726332831435	-0.0004815479741483329	-0.0004329600064616017	0.000868599259985824	0.0009130237917461112	0.0008365312709895933	0.0007913496106112155	-0.00020545230568819097	0.00075845557605998	0.0007467465807488869	-0.00013198422163956426	-0.00012965251819675987	0.0007203557010472149	0.0006845538467020219	-0.0001199609466304586	0.000548635209714275	-0.0001143785829151641	-9.954836611900369e-5	-8.27156592271604e-5	-7.23364586295832e-5	-6.460454233386814e-5	-6.516373978330322e-5	-5.715622728402585e-5	-4.542226182005591e-5	-3.6567115882448105e-5	-2.7055557356948576e-5	0.0006451388762329603	0.000646743790134411	0.0006457930825617617	-6.413230896557334e-6	-1.5283441114175185e-5	-3.1173419860362414e-5	-4.563554250670062e-5	-6.047317361177395e-5	-8.03351573932902e-5	-8.83873666042965e-5	-0.00010040925584658619	-0.00011332656622848724	-0.00011893948017451883	-0.00012532303663305	-0.00013500071182092396	-0.00013922888386577606	-0.00014066610784036274	-0.00014037889955315335	-0.0001409354590390429	-0.00013862042186131877	-0.00010613230409629122	-0.00014123341494482432
5.593968800844261e-5	-1.1587516747407528e-5	-1.1965234743743823e-5	-1.1004827164281085e-5	-7.782661656606906e-6	-1.1521290978577076e-5	-1.210759089591393e-5	6.005310121584941e-5	-1.3085617736136252e-5	-1.4660118273591223e-5	-1.211505449873185e-5	-8.614058116273074e-6	-2.6449728762750887e-6	8.060525973465141e-7	-7.947039950910971e-7	2.1438608137824746e-6	7.168333111069649e-7	9.361606589269097e-7	3.3521878997622417e-6	5.45191812835054e-6	7.467152871682911e-6	1.7480689647051328e-5	1.4303162631097406e-5	1.6714842234361602e-5	1.814170824318822e-5	1.867448377815685e-5	2.129545705766944e-5	2.2371886197216067e-5	1.9504142156147363e-5	1.6078050230788378e-5	1.7307583039617496e-5	1.4468592658922709e-5	1.3466044497160252e-5	3.5424617797637746e-5	1.038701900977091e-5	8.198679630355308e-6	5.964685737409577e-6	4.911002336846666e-6	5.859431749348498e-6	1.0984339318220564e-5	1.7139294871911827e-5	9.761309339951715e-6	1.5683588672362435e-5	-1.4423760252076524e-5	-4.078851458433515e-6	-1.7965633452654908e-5	-3.6222130462204224e-5	-4.11005956686499e-5	0.00011667942329202444	0.00016072714130783592	-0.0002385311451701599	-0.0005335084431122876	-0.0008074479303029399	-0.0005625002777508463	-0.0003063703156367531	0.0007711776786851728	-3.676585272934917e-5	-8.389190669934841e-5	-0.00040041979290431073	-0.0003728268960139251	3.491757226783444e-5	-1.2291582294934704e-5	-0.000376909072558637	0.0010381207815050386	-0.0003045292509183022	-0.00016298485217974834	4.719066879592393e-5	-0.0002948421856384907	-0.0005030634524094343	-0.0005527986060675132	-0.0005328223989875666	-0.00048565024238630614	-0.0004115864692010116	-0.0003127114421345783	-0.00021191308409264972	-0.00018832144329460586	-0.00023910174756012863	-0.0003770219740325924	0.0005427332257395981	-0.000475170411514173	-0.00047262706042480295	-0.0004518913522814916	-0.0004014853716169907	0.0009424126082035935	-0.00029005913685386814	0.0007984754049955231	-0.00022015719973258758	-0.00019103001720893742	-0.00016719823063631681	0.000743596281789949	0.0007535881335213497	-0.00011588795116803004	-0.00011994388404569338	-0.00012028584650488911	0.0005887022427239746	-0.00012009965459716405	-0.00011803006500247723	-0.00010576893075371022	-9.044776648719881e-5	-7.508884402823799e-5	-6.698463498756163e-5	-6.946621791080725e-5	-6.150182097633752e-5	-5.125380300972926e-5	-3.925923450763015e-5	-2.836633589521978e-5	-1.7663510986005472e-5	-9.240044659703656e-6	-1.1511513165005788e-5	-1.8288495693373485e-5	-2.412789519247102e-5	-3.9962311838988816e-5	-5.014998653092746e-5	-6.810490247231805e-5	-8.525836272838417e-5	-9.553439034218738e-5	-0.00010723612340921918	-0.00011741023321679665	-0.000126659370142427	-0.0001312829262352963	-0.00014245984473245515	-0.0001443294539259254	-0.00015274338403249666	-0.00015473285579100087	-0.00015620405741175077	-0.00015469533365985218	-0.00015544654376583233	0.0006001119454796151
3.65218712571004e-5	-2.3844310336712895e-5	5.041442001261988e-5	-1.5105735083671841e-5	5.764064181402605e-5	-1.5408218638000132e-5	-1.3606359155706902e-5	-1.4353361453748703e-5	-1.3067479785701039e-5	-1.3552622449235067e-5	-9.723478096914382e-6	-6.4407670795238415e-6	-2.2261740961770655e-6	5.7613048250413084e-5	-2.0336113680063765e-7	2.2972040948079572e-7	-1.0633800727444763e-6	3.825810660047172e-5	3.3206706793098475e-6	2.448920865199362e-5	8.053277958147871e-6	1.2167376083727739e-5	1.4921549421905529e-5	1.7881749750391952e-5	2.4510709102128084e-5	1.9995986990002396e-5	2.1856079584803593e-5	2.125762592704761e-5	2.596198017612507e-5	1.9274065492946467e-5	1.774165638540712e-5	1.6219521032913254e-5	3.671335269994397e-5	1.3178023557087028e-5	9.61968340776765e-6	5.719601046782065e-5	6.807209178305053e-6	4.393182768676167e-6	1.0179675545584667e-5	1.7708326639841003e-5	1.978011542548737e-5	9.758141720995952e-6	-9.840970609025987e-6	-4.230158082434328e-6	-2.4606415605706467e-5	-2.979904331995532e-5	-7.267161716118615e-5	5.768959941991527e-6	0.00022537352450200526	5.7719817395367884e-5	-0.00042799429429365597	-0.0006191022826169349	-0.0008221394403628342	-0.0002832655818978472	-0.00040249262612675977	-0.0003910823006125037	0.001729965076026547	-0.00024602010429213787	-0.0004590330186258172	-0.00026784683929855207	0.00016259816701244198	-0.0002060513891148077	0.000821854607002204	-0.00038639331115580735	0.0014053592484155036	0.0016034500012666528	8.066956039703716e-5	-0.00044320073825051577	-0.0005495580654407695	-0.0005631748224966008	-0.0005260830775714485	-0.0004635582441399593	-0.0003757206441738119	-0.00028011715279604305	-0.00017522315099607715	-0.00020561466626254667	-0.00027334383952473933	-0.0004055741576184128	-0.0004544117868431367	-0.0004630011314342517	-0.00046025642370596705	-0.00041682862096624473	-0.0003634361166956774	0.0008932853414831982	-0.0002858886967942349	0.0007887335375266228	0.0007766753839849897	0.000760500424905634	-0.00015636295268551224	-0.00013363705519153259	-0.00011611974805750356	0.0007409479723237801	0.0006978298241153928	-0.00011618742271791039	-0.00011825349152856397	0.00040690486432933774	-0.00012041701773104867	-0.00011000571450146043	-9.785556113464308e-5	-8.182700980087151e-5	-7.236200368410974e-5	-6.867461508164394e-5	-6.56512233174417e-5	-5.4066981208626685e-5	-4.362229133784371e-5	-3.337494454515918e-5	-1.995049266428038e-5	-1.754786249480965e-5	-2.2641674857692626e-5	-2.7317175000231113e-5	-3.882064601957655e-5	-4.96443703079056e-5	-6.30589404844754e-5	0.0004619663407622542	-9.571756543858912e-5	0.0004573324814167545	-0.00011886465375986893	-0.00013154254506499673	0.00048437332864974215	-0.0001468296537931275	-0.00015328928346978283	-0.00016575722344044615	-0.0001728682914045078	-0.00017200348057500557	-0.0001838561582418038	-0.0001897735642239452	-0.00019295224083087925	-0.00021265532889342808
3.32097946246704e-5	-3.3125295633326906e-5	3.2799456439636e-5	3.3415939059609984e-5	3.8286098656535204e-5	-2.709833472413852e-5	-2.2697148023664957e-5	5.328007114810071e-5	-1.7538509469153165e-5	-1.2062932537961531e-5	-9.063166661946306e-6	5.747373542641654e-5	-1.526337167821832e-6	-3.7843971963130068e-6	9.302438633306855e-8	7.042830625603961e-7	1.4025988617728455e-6	4.763794387788048e-6	4.327699698944551e-6	2.2388273816689296e-5	8.016153052833224e-6	1.3965623467268812e-5	1.8225874374864148e-5	1.8321484947925312e-5	2.002609157824198e-5	2.2076384080321147e-5	3.110007886717716e-5	1.950850177144742e-5	1.6302338608778976e-5	1.9090454940831354e-5	1.9456299986826122e-5	1.8320457472939793e-5	1.8787304777585475e-5	1.3540391937473832e-5	5.593844708012439e-5	5.3737024518476974e-6	6.15414966619965e-5	9.588778050837344e-6	5.9397339788585385e-5	2.2838550442385967e-5	2.4238855307623115e-5	7.002515774656368e-6	-1.1102077929897591e-5	-2.0273068414517013e-5	-2.8937032504547378e-5	-6.351707886805306e-5	-8.974643860898326e-5	0.0001058976932477476	0.00027648705499593116	-0.00015402151902805953	-0.0004957269652151397	-0.0006888258088871054	-0.00065527119239581	-0.00020720517876541243	0.0018083013156255934	-0.00020844502272188582	-5.110884226011865e-6	-0.00034751014390817063	-0.0004098484548947529	0.0017757973602640104	5.655895827692218e-5	-0.00036817935309988933	0.000938215258742387	-0.0003506235436593957	-0.0002036208045464935	-2.4251517664907775e-5	-0.0002291420043565003	0.0008419166127808736	-0.0005598023023629982	-0.0005562734651538576	-0.000507347942748401	-0.00043284006925560156	-0.0003414928933970088	-0.00023366467574684625	0.0007892595866385759	-0.0002083665026130681	-0.0003095295502516821	-0.00042475928831824106	-0.00045336617998895535	-0.0004440925584422127	-0.00041761308916012096	0.0009286986345540243	-0.00033880214578992617	-0.00030605305534013843	0.0007985756145737887	-0.0002445102082326541	0.0007672813613257513	0.0007425836325022179	-0.00014245579910388776	0.0007504018287070183	-0.00010617967422599586	-9.84907740682198e-5	0.0006763489467551467	-0.00011018402208940424	-0.00011625361113082062	-0.00012069510067125224	-0.00012058868485576978	0.0003461692948662602	-0.00010290238089051985	0.0008439441614669588	-7.895124140106999e-5	-7.455332160484843e-5	-6.733114682896078e-5	-5.7939820276211446e-5	-4.600034464426542e-5	0.0012262141430587157	-3.203018897285446e-5	-2.8320722676505525e-5	-3.377718388755755e-5	-4.5264430483015275e-5	-5.461294796803729e-5	-6.566273366632232e-5	-8.218410918112411e-5	0.0009961157185817593	-0.00010980956987582122	-0.00012116558160436006	0.0004429744920504859	-0.00014623438854831665	0.0008064858324462946	-0.0001703217993583939	-0.0001958031217877171	-0.0002038309035943208	-0.00021840776570742574	-0.00023771401425606636	-0.00025947086660217753	-0.0002975439415200411	0.0010927759984575907	-0.00042327675437578904
3.353177694779023e-5	3.431634136936892e-5	3.5638269638637535e-5	-3.4555026292814304e-5	3.2301376274142474e-5	3.042231863758095e-5	-3.871278503790956e-5	2.7687497801930083e-5	-3.0274194638268016e-5	4.5892935405614254e-5	5.4253784518990336e-5	-8.629036142576577e-6	5.6748620420716774e-5	-1.8203036643879393e-6	2.6964117827324267e-6	2.4761400465840924e-7	3.5210759401151266e-6	2.335888541567157e-6	2.6473778473763698e-5	2.2419985437583615e-5	1.3075533931294772e-5	1.5821305966354747e-5	1.668464193005999e-5	2.1559888725773517e-5	2.571219181423919e-5	2.279403462076895e-5	3.120682073492532e-5	1.9952288278149563e-5	2.1898124557894827e-5	3.357399146306666e-5	1.995261052237197e-5	4.184909549521162e-5	1.8516056991992177e-5	1.0139936514004305e-5	6.068659025157061e-5	5.6319448894272e-6	7.571718981967332e-6	1.5171591491555843e-5	1.9970473610865166e-5	2.66023718453268e-5	2.4628832967683607e-5	5.5764315628906505e-6	-7.351783957824931e-6	-2.0718925805313787e-5	-4.055227136196557e-5	-0.00010028871005310011	-4.435911038607734e-5	0.00022083554880199512	0.00026096455503556723	-0.0003260562269862444	-0.0005326664434316319	-0.000726698280391477	-0.0003984253526902659	0.0008800400477203697	-0.0004586477240677749	-2.5895107208973207e-5	-0.0001471149639606763	-0.0004242510964826444	0.0013157428638541514	0.00010028938495975845	-0.0001358432859878498	0.0007971581258490621	-0.000416812841382919	-0.00030411445828735194	-0.00014311936851877684	9.573590067904394e-5	0.0008929946669175744	-0.0005346205351879204	-0.0005668458622015487	-0.0005356994698990473	-0.00047519106775007446	-0.0003987762049585111	-0.00030807189527924054	-0.00021649243143685628	-0.00021684798144011933	0.0008030617836877378	-0.0003458901390427597	-0.000419262764614803	-0.00043476130498008424	0.0007176984768465788	0.0008753497958854939	0.001021317909301843	-0.00031825353595852333	-0.00029248323248642644	-0.0002666386828225611	-0.00023551747359584502	0.0007464711644293402	-0.0001601081038812976	-0.00013226797606548813	0.0007483801663375842	-9.905089811044175e-5	-9.583229675540813e-5	0.0006400971287472915	-0.00010696036662552477	-0.00010749451758943623	-0.00012125818969624738	-0.00011970151883524023	-0.00011763380855418521	-0.00010500082693403433	0.0008254987411474707	-8.731749522835393e-5	-8.205604260821779e-5	-7.231052103955169e-5	0.0005523076648534207	-5.164189561164285e-5	-4.501027853864685e-5	-3.9908308831150714e-5	-4.319806722616684e-5	-4.9070134777403664e-5	-6.551050067134072e-5	0.0011921198482079754	-9.328899237698047e-5	-0.0001078714112650583	-0.00011733390842089911	-0.0001337902255768705	-0.00015320896853312626	-0.00017064607232655012	-0.00019035777480238322	-0.0002147898816010638	-0.00024354250653233931	-0.0002788543335139021	0.0005946291571169823	0.0005070247950394839	-0.0004905967115304433	0.00029484897827086525	0.0002917514384615373	-0.00044596667744806326	0.00024758623124894723
3.7395663200399075e-5	3.660226130605291e-5	3.430863265726331e-5	3.4961456391358644e-5	3.239115107981456e-5	3.271219128325568e-5	3.51574631265772e-5	-3.795700930585939e-5	-3.629849939070569e-5	-3.141425383637727e-5	-2.942604166008482e-5	3.8456507284081575e-5	4.235565802009468e-5	-8.61571577561544e-6	7.77762320015472e-7	9.391113935650931e-7	3.93110174135773e-5	3.197922678599137e-5	2.6382472065783523e-5	1.0229119377133233e-5	2.1461874719232556e-5	1.931748288387463e-5	1.9420272640349994e-5	2.4636054420058492e-5	2.2166281535502055e-5	2.274909193149613e-5	1.9283529315212468e-5	1.7195791144616413e-5	2.0361967388566162e-5	2.3646234343456312e-5	1.867930225622782e-5	2.345977216188888e-5	6.405503652768922e-5	1.0470852316365326e-5	6.1179802981077e-5	6.580491968471774e-6	1.1737365546344875e-5	2.1477539125446758e-5	2.1939185269003163e-5	3.227904108296436e-5	2.4035492048393725e-5	1.6266902734931102e-5	-1.1069779530818637e-5	-2.1706364225059643e-5	-6.0986557562348574e-5	-0.00010778551865406587	3.0773412645185814e-5	0.00028540477909336963	0.00021314858380387961	-0.00041438471227008347	-0.0005317307556285686	-0.0006678679671948042	-0.00022056988668096075	-0.0005208945700415149	-0.00036723545039588773	1.7166290725185995e-5	-0.0002500753908890943	0.0009166696586318046	-0.00021114953638219636	0.0001061021812454304	-0.00027798623439192083	0.0007537204264179958	-0.00038454803970987706	-0.00025551149074735154	-7.527053252525447e-5	-4.694434077197329e-5	0.000873866737742925	-0.0005583137455599614	-0.000568886402317983	-0.0005158780351214318	-0.00044781015324467637	-0.00036107321566554267	-0.00026412037251646175	-0.00022494253949080587	0.0007930424501897135	0.000766741453722122	-0.00036252148904469556	0.0006103942073498779	0.0006654820183017891	-0.0003856759493320013	0.000970882676143859	0.0009542211544489795	-0.0002967929245081694	-0.00026976602949572385	-0.0002464005947531295	0.0007662268931012736	-0.0001804045299239618	-0.00014718811888595786	-0.0001298302399311592	0.0007320686562142971	-9.94380823883317e-5	-9.352527274965675e-5	-9.430200603841206e-5	-0.00010015191033243848	-0.00010585233804409448	-0.00010897833303841892	-0.00011705162565370762	-0.00011738851739460064	-0.0001106153712991621	0.0004083018037769623	0.0004555878953607217	-9.105717793935972e-5	-8.24026981096574e-5	-7.09793379380418e-5	0.0005531547226770217	0.0005450381660805333	-5.7692660004665317e-5	-6.599285271812177e-5	-7.384573301738584e-5	-9.032044875068035e-5	0.0004134389358976306	-0.00013251897865594522	-0.0001496607728398991	-0.0001679228792186892	-0.0001925344282452542	-0.00022392606303956461	-0.00025853853043289595	-0.0003055443483858324	-0.00037961291883038557	0.0005256693998578689	0.000372166245608211	0.00037326427512266976	-0.0005513161400524632	-0.0005457995062715004	0.0003136096028892566	0.0003102019592408152	-0.0004542089569251279	-0.0004193619065913975
3.805616738127048e-5	3.731419950310402e-5	3.413610690073234e-5	3.290435431675285e-5	3.319839075382146e-5	3.529432711418183e-5	-3.6458036641945834e-5	3.4140167420626836e-5	-0.00032449259676318196	3.853208135186988e-5	3.7312360190553014e-5	3.701626677428535e-5	-2.2977275510819434e-5	3.7945868810280396e-5	-1.8479543207987337e-5	-1.6034229901446245e-5	2.7549433244758188e-5	2.4210523767633635e-5	2.4301071996151672e-5	2.4510107197832365e-5	1.9827948782169405e-5	2.3588493016914137e-5	1.9956403218959534e-5	2.8488738599603694e-5	2.3023517261954026e-5	2.2311503080350067e-5	2.820181230284635e-5	2.3113958517561716e-5	2.400783086656884e-5	2.3566420168536504e-5	1.8589929517401262e-5	1.8415545572497694e-5	6.42488575606213e-5	6.472063467421519e-5	6.793007500623983e-5	-0.0019141158951162262	2.0479717507899996e-5	2.3963431503514453e-5	2.4576222822341853e-5	5.3470086742698e-5	2.1194507656546995e-5	2.718722086044248e-6	-1.1676547707667375e-5	-3.504797663676741e-5	-9.350458574896572e-5	-8.247559902284981e-5	0.00011931993524181726	0.00020498272600965326	-0.00014959450194274157	-0.0004366482495733151	-0.0005994084564207034	-7.908644929887753e-5	0.0007811276037064663	0.0007385844870814746	-0.00020665765613112844	-4.280373000935863e-5	-0.000328855725405296	-0.0003785171215697509	-4.1336164920743185e-5	1.2201595668082446e-5	0.0007478379198082004	-0.00042735618926742665	-0.0003496023220601191	-0.00020450185746704458	-1.3017787582766081e-5	-0.00034850345986168433	-0.0008215138879426841	-0.0005614272018528719	-0.000554130901138654	-0.0005018155761324274	-0.0004195438647864149	-0.0003189386114350358	-0.00021629758543255124	-0.0002219301560110352	-0.00021882526812363676	-0.00029350131284285996	-0.0003865880752945434	-0.00039691793474452494	-0.0003964802569197479	-0.00035075285394945387	0.0010540399822988591	0.0009076025082489477	-0.00029297523215403905	-0.00025332682537463486	0.0008019238131490606	-0.00018755422896868205	0.000727850762270027	0.0007414171467178422	-0.00013631682736828504	0.0007004231532278717	-0.00010656824028780921	-9.420177687000097e-5	-9.493147788760137e-5	-9.48107582571505e-5	-0.0001035498859143372	0.00034361277195915207	-0.00010454614567400895	-0.00011566826954739241	-0.00011241507276305972	-0.00010224435424521609	0.0008384669914398646	0.0004988579884621048	-9.590309026671733e-5	-8.581240585681712e-5	-7.718205814629103e-5	-7.738545411948867e-5	-8.572882054000246e-5	-9.971709204635235e-5	-0.00012267934435148883	-0.00013739330741509726	-0.00017540594884244646	0.0011437499194063899	-0.0002433648755071835	0.0009434162387716993	-0.0003476289992481287	8.089783955091785e-5	-0.0006572131167043851	0.0004520333605952478	-0.0006572669909870785	0.00042902603220709755	-0.0006130546257220038	0.00039163944349733656	0.0003711020761956816	0.0003562045246618983	-0.0005237529995333161	-0.0004729947559056367	-0.0004756845681801029	0.00027225387852574355
3.7995761318154546e-5	3.598820415996317e-5	3.463769034071115e-5	3.3669961187397205e-5	-3.153689948456645e-5	-3.353352735548391e-5	3.481596884439501e-5	3.8433242085137245e-5	-2.8184287295072172e-5	-2.6331749866919524e-5	-2.3335844639551314e-5	-2.2685171591042635e-5	4.179675690492207e-5	4.2334916867611556e-5	3.5343018917445915e-5	-1.1590759458425309e-5	2.2625733415304475e-5	2.0359641908523256e-5	-0.0007465592542637255	1.1557280707680338e-5	1.86881953254895e-5	2.0761450206339006e-5	3.019314427335127e-5	3.2668797626106676e-5	-0.0011658120322775617	2.21504596926807e-5	1.797066094047766e-5	1.920606749914941e-5	2.0324634380836006e-5	1.9809115291109314e-5	5.367493092334045e-5	1.7066341354541898e-5	6.836374669606403e-5	1.0335615274390236e-6	8.177532112427959e-6	1.623195231637898e-5	2.1977990491466254e-5	2.9420402178023143e-5	2.8279069286594018e-5	3.2514982310815135e-5	1.6213760165061705e-5	-1.0733603018127803e-5	-2.5519935944529667e-5	-5.840243595889782e-5	-0.00012007048045847325	-2.469473594840163e-5	0.00018789500525125428	0.0001219882134068811	-0.00024365856303185194	-0.0004566151781095623	-0.0005903217669610229	-0.00034927039599633603	0.000520351511354173	-0.00046745916665138273	-4.863893118922484e-5	-0.00012604905481547208	-0.0003744126316302006	-0.0003082717150080811	0.00011386861975802316	-0.00011340736437526287	-0.0003989850046975333	-0.0003993883270184519	-0.00029900906118990843	-0.00015102693795173133	5.698293234512354e-5	-0.0004149811047045879	-0.0005234250467937417	-0.0005482942706063398	-0.0005316348222827311	-0.0004748038792120506	-0.00039998925750730704	-0.00028963934308433043	-0.00019698760934127625	-0.00020567825299950757	0.0008689663494076613	0.0007184597644545971	-0.00039500769264174534	0.00047753330280721814	0.0007113109666556433	0.000958282981550272	-0.00028965271605754534	-0.00029166816913560843	0.0008002245490137342	0.0007912193360295767	-0.0001852360103060972	-0.00015403255380031997	-0.00016764043599029176	-0.00014010405896740328	0.0007310835379007244	-0.00011899522774580246	0.0006130951315288504	0.0005603518533688718	-9.529939776241943e-5	-9.572517114533278e-5	0.00031675816863716965	-9.930715045446039e-5	-9.12706019007628e-5	0.0005553676295929136	-0.00011004204371878584	-0.00010766188925533365	0.0007997679088036494	-0.0001083060127153937	0.0005009857318372156	-0.00011140129966050703	-0.00010914239265034324	-0.0001155893306704946	-0.00014084994032419022	0.00039135189709457816	-0.00020800913767119768	-0.000269220878552673	0.0001689263730739101	-0.00045422157163345096	0.0012129698073773312	0.0005506731337670502	0.0010167241756002098	0.0005005172742900046	0.0004886589334652538	-0.0006755504395374316	0.0004712491706556688	0.00044686628200103426	0.0004185521940320365	0.00041444620897316924	0.0011489550162316038	-0.0005459526973235641	0.0003502094181866361	-0.0004686278530467952	-0.0004720656548111717	0.00029277164415813075
3.864505160435308e-5	3.8821941842246094e-5	3.734835118439979e-5	3.782789266718956e-5	4.067587965942657e-5	4.016679508857626e-5	-2.9762941477744632e-5	4.3675880439042274e-5	3.84278101642438e-5	4.170474560366382e-5	-1.9591436356932368e-5	-1.7011735551256233e-5	4.5742335702409214e-5	4.200956568327146e-5	3.8473554327198966e-5	-7.1687216625382095e-6	2.5134196266591528e-5	2.2503647477005494e-5	2.243544535491973e-5	1.79816879285785e-5	2.7552080674375298e-5	2.6953497381698895e-5	2.55234725409306e-5	2.1388631748586826e-5	3.0127455119213385e-5	3.376449719010217e-5	2.190609235781186e-5	2.0602385236717516e-5	3.8240008717714416e-5	2.462710127642295e-5	1.9799778219590797e-5	7.095190511197352e-5	6.215983505805829e-6	3.8178443778852465e-6	6.688765217393602e-5	2.2785642442112305e-5	2.8689767805933127e-5	2.8074812669749098e-5	5.414217003791048e-5	3.184302017101583e-5	5.5537295115027936e-6	-1.6589977444201546e-5	-3.2846239290246475e-5	-8.408111814900334e-5	-0.00010615800076981289	3.929904360147705e-5	0.0003732296765269257	1.5123128911111953e-5	-0.00031889266479756886	-0.0004775636980280094	-0.0005855642238015079	-0.00023292623827267898	-0.00039091227295319064	-0.0007058409783992654	0.0009046987135982948	-0.0002195932959966852	-0.00041466809210051383	-0.0002235784351667337	0.00013248596667761632	-0.00023317977080287034	-0.000646629970973739	-0.00036378555079629935	-0.0002567963560831362	-0.00010955157967069973	-9.586579754802121e-5	-0.0005240658177440172	-0.0005312395797685146	-0.0005480102170285451	-0.0005168582896383344	-0.00045495637577188525	-0.000360696170637791	-0.0002732040630368292	-0.00024202895538894854	0.0008143586601841489	-0.00021015243915835542	-0.0002776306645468256	-0.0003499736106381485	-0.00038933763539228915	0.0007880266191209739	0.0010255771506697533	-0.0002608150747034077	0.000867036040772505	0.000783159585134442	-0.0002550129943193827	0.0007726538042599406	-0.000132745900517932	0.0007395034937287539	-0.0001427526714612706	-0.00012185995628447802	0.0006571924755428404	-0.00011302670516557568	0.0005029974190579045	-0.00010520884473881695	-0.00010364412967823686	0.0005735070742859255	-9.30013102173324e-5	-8.988827140420964e-5	0.00039830096472935356	-0.00010404091107479949	0.00043018568470134383	-0.00011827883740424434	0.0008348188476463205	-0.0001399430503091527	-0.0001604228314958621	-0.0001768528852540835	0.0012162673246663954	0.001207560742268383	0.0011477420627585251	-0.0005313677630110073	-0.0008246408060383391	0.0006828681046134807	0.0011202469930125282	0.0006239358958406516	0.001063130853470786	0.0005637986350443122	-0.0007259459942372836	0.0005165881146723846	-0.0007098502530455161	0.0005046467547092492	0.0004696934857168237	0.0004590204608859974	-0.0006101429103280145	0.00044202403624973635	-0.0005684441835409021	0.00036511804230219234	-0.0004881099421342127	-0.0004692380072972269	0.00028644087480669605
4.125412801118055e-5	3.9991848528578744e-5	-2.29891322848266e-5	4.0957432176504755e-5	4.212745498583946e-5	4.116304597535697e-5	4.1811384867050335e-5	4.9246414926946936e-5	-2.3028200444195012e-5	4.5663786836367586e-5	4.249611475310388e-5	4.9358621168635406e-5	4.6753415501674805e-5	-1.564416409939205e-5	3.530004371776123e-5	3.4378969005155685e-5	2.1530617561992937e-6	9.592582819208367e-6	1.713980085499278e-5	3.0908458667754666e-5	2.1940183196378664e-5	1.7839756497978155e-5	2.4305401046540234e-5	2.3286342375102844e-5	3.1537036565060976e-5	2.100213089753088e-5	3.0632873599610025e-5	3.52337223193935e-5	2.481543698005812e-5	5.1859934818335824e-5	5.780719425207818e-5	1.5243111836475698e-5	2.9150868407091385e-6	3.6157659795887833e-6	7.643282908328811e-6	1.843507411464912e-5	3.101382857708572e-5	3.0031549680544596e-5	5.19886940259721e-5	2.7256643768402977e-5	-9.596944219815353e-6	-3.215341344414962e-5	-4.1247378091237904e-5	-0.00011095000553995463	-8.128928629512087e-5	0.00010652202818927335	0.00019889511721164072	-6.924618866381484e-5	-0.00038204303648341296	-0.0004915014670101156	-0.0005517422419130946	0.000487502474797721	0.0003640568423114634	-0.000653754652921168	2.2520802871813135e-5	-0.0002842151361208368	-0.00039384675405474984	-0.00012817350414783164	4.928291950285525e-5	0.000822658853899972	-0.0003801748516943848	-0.00034525395548614356	-0.00023969789248691128	-8.796330426695705e-5	-0.0002961453246406228	-0.0006589927123675562	-0.0005256348424911676	0.000715603647009639	-0.0004962844133246441	-0.000653164326162468	-0.00035341440579117825	-0.00025209981986613113	-0.00023712590635142743	-0.00018323929892117077	-0.00021170617092161267	-0.00031885835384841323	-0.0003324610691266298	0.0007496782990864051	0.0009266361015231993	0.0002971823773725499	0.0009144628973237852	0.0008679116191967224	-0.00027168874658564917	0.0007253807501775983	-0.00018078639611178622	-9.583731618583065e-5	-0.00011928787888894343	0.0007023736530553009	-0.00012825127060870235	-0.00010749578360782445	-0.00010305319472440205	-0.00012008496794281912	-0.00011591956910141001	-0.00011361724497492478	-0.00010233048668378906	-9.029376655876435e-5	-9.213658623585027e-5	0.0003793545488138799	-0.00010522879555134677	-0.00011532648188598144	-0.00013874330701737353	-0.00016876255306450764	-0.00020424393444094368	-0.00026927267062666627	-0.0003850930505370142	-0.0005887863872963391	0.0007000145326516074	0.0007138071406288067	-0.0008403137652954716	0.0007353850875067543	0.0011939310212582058	0.0006847306864186768	0.00068085082721033	-0.0008045267964965899	0.0005859989891824745	-0.0007398494511773692	0.0005492245101705487	0.0011141440291277172	-0.0006967498610124844	-0.0006925121324693746	-0.0006516231556953763	0.00045825616712163097	0.00011926943250853937	0.00043639585089724547	-0.0005391732214726666	0.00036276914107410225	0.000329998191543634	-0.00043598368196914525
-1.8101442883164138e-5	4.2509500285575806e-5	4.225477139778813e-5	3.9762753498902314e-5	4.4899184842005246e-5	-0.0005745062350898431	4.6600514552177716e-5	-2.3635077893452037e-5	4.1708793430131276e-5	5.0965327317992735e-5	-1.8387432199594173e-5	-8.376390513782812e-6	4.9843248391457404e-5	3.821814411059522e-5	-3.709448891174409e-6	3.103219888863479e-5	3.358168803588367e-5	3.2677848047836e-5	3.0063126371047402e-5	3.443254396327572e-5	2.256074181814188e-5	2.744044977004488e-5	3.858358787695655e-5	2.6228270645899674e-5	3.2510280446889804e-5	2.145980972191662e-5	1.9349057764074225e-5	1.3479862658467281e-5	3.407260794880784e-5	3.500498678821575e-5	3.951757663822825e-5	6.548067799693261e-5	-2.747540086151792e-6	5.4910572315725005e-5	1.193285669065145e-5	2.8429273845009774e-5	7.625769952519421e-5	2.8880147829571292e-5	4.026038805344319e-5	1.6313452418000854e-5	-0.0001819165506248264	-2.620604805208789e-5	-4.2137567853625484e-5	-0.00011966451158014566	-3.5833151335311775e-5	0.0001446320875550522	0.0003401620403175763	-0.00017277099626787943	-0.00042032981492341834	-0.0004954896464296399	-0.00011439832099382694	-0.000201777433125579	0.0004473907257922065	-0.000676683251551102	-6.069058085353841e-5	-0.00033288125136589266	-0.0003656453792882713	3.413236896896918e-7	5.352436794974456e-6	0.0007956687374229953	-0.00038033386204846566	-0.00033091653734165175	-0.00021776208991822373	-6.757583914686598e-5	0.0008293658608454595	-0.000486774688878539	-0.0005326946779864302	-0.0005172357496810052	-0.000489340131131031	-0.0004010961471636286	-0.00029292942631770156	-0.00024763369995284973	-0.0002197734486936772	-0.0001779639604411248	-0.00022466078004959329	0.0006377367869670175	-0.000323140783381904	-0.00031716791053528447	0.0010531973770417204	-0.00030751484468183755	-0.0003285681177273665	-0.00018672359526766824	-0.00023914855213373522	0.0007042904528635876	-0.00016960603405594046	0.0007671640170486826	-7.981247154354495e-5	-0.00015496461772703234	-0.00014011460460522547	-0.00012449678276045886	-0.00010742750719704066	0.0004272257493337893	-0.0001257265583069593	0.00027583236284229457	-0.00012147541227050702	-0.00010624579808845777	-0.00010062721099322533	-0.00011182306288747609	-0.00010880520007400859	-0.00015204130322261228	0.0004772103844306744	0.0005385929093850578	4.13309738359199e-5	-0.0006596286582147108	0.0006127014093938775	-0.00019549998545641354	-0.0008109809313726346	0.0007293037207716955	-0.0008362112350671557	0.0007454367256462709	0.0007392947987168094	0.0007229812061583215	-0.0008492659407503345	-0.0008204240442333081	-0.0007910039011161784	0.0005955282450341307	0.0005848879436193169	-0.0007313956411727596	0.0005295999009852378	0.0005316878455854067	0.0005193843929233695	-0.0006454706961607016	0.0004707917322488431	-0.0005839977020354048	0.0003919529616359138	-0.00048521174795117554	-0.0004679746758327972	0.00030323591922305727
-1.567370210813889e-5	4.4327463611667324e-5	-0.0005247238082116331	4.5021134277079596e-5	-1.5683262929202775e-5	4.2580044710930774e-5	-1.3617526529603719e-5	4.314660123996047e-5	-1.7894103426855908e-5	5.433464112753004e-5	4.784699042540352e-5	5.699537174329501e-5	-0.0008964812623406937	3.784889926101184e-5	3.959653638765503e-5	3.0526798532596504e-5	2.445809245958555e-5	3.0206826466202836e-5	3.0508085606422613e-5	2.0657030042379272e-5	2.4688685243645604e-5	2.6285297987228666e-5	2.8953909450384323e-5	2.0866962837826856e-5	3.765369220374952e-5	1.5145219464039435e-5	2.5816893430767422e-5	2.9691460051901614e-5	3.010981410297769e-5	3.768236364876912e-5	5.018185912599631e-5	5.86098181046366e-5	4.3502357256254044e-5	3.4591747391076594e-5	5.0244094992212733e-5	1.7541978753371794e-5	5.482034417306474e-5	2.613800807250207e-5	3.4931270147850035e-5	6.798905025356006e-6	-7.297266372478621e-6	-8.928463002375216e-6	-3.275531524699537e-5	-0.00010302231415198647	1.607802062547712e-5	0.00015262660002761256	8.900071844979238e-5	-0.000240113820425855	-0.0004218400810360439	-0.00038448196155260825	-0.0003865862666107417	-0.0004108735587456244	-0.00045248621553372476	-0.0006264690089846344	-9.215575266683599e-5	-0.00037054566878295947	-0.0003221426307829832	0.0016730142676941399	-8.214764707391905e-5	-0.0003445862799952718	-0.0003786505130802401	-0.00031117190147601434	-0.00018099802376935013	-1.8821807079658776e-5	0.0007853484605514945	-0.00046381498935866433	-0.0005035129057047406	-0.00048307702389769214	-0.00040522770306406636	-0.0003428715144977723	-0.0002607250965275861	-0.00021604180207694407	0.0007988013362617442	0.0008761239278912581	-0.00021630798571180016	-0.00028879269057806734	0.0006382030753633019	0.0007848471946048834	0.0009368515705413102	-0.0002631220627672933	0.0007606420359869805	-0.00024215546999091161	-0.0001487168840945451	0.0007112094327702424	0.0006608246525562078	-8.724696541641524e-5	-6.323310402984485e-5	-0.0001083564646451804	0.0005118926518780887	-0.0001500313175227053	-0.00013514168672272824	-0.00011521994690043887	-0.0001309739930903343	-0.00013740812933689048	-0.00015651980687693152	-0.0001687997736499105	-0.0001481741969589943	-0.00018240427353177682	-0.00023316774712773755	0.0007867851264322647	0.00025167753181429536	-0.000449442776930529	0.0004223751810255791	0.0004950834807461967	-0.000698388451808498	-0.0007641851614303887	-0.000793994196805585	0.0007452906449273303	-0.0008498869743327284	-0.0008614434311768511	-0.0008682238764769114	-0.000849392286132798	0.0007027936676708797	-0.0008165389528761759	-0.0007949940542276808	0.0006276045357098223	0.0006087252823335507	0.0005797208332126817	-0.0007342194457198525	-0.0007211456238258567	0.0005241713825771183	0.00048368585062594964	9.7606976622673e-5	-0.0005849827156165764	0.0004218033230052342	0.0003781181313350303	-0.00044528821163666637	-0.0004470706993463681
4.5064693903891745e-5	4.3946959516570475e-5	4.530575782762166e-5	-1.5803741992365334e-5	5.152384653481939e-5	-1.2980873768998779e-5	4.848470459965803e-5	-2.2784987380655296e-5	-0.0007154463245724949	-1.4609595588933378e-5	5.028156604808243e-5	6.148476398718037e-5	4.7776762496665875e-5	-7.4220625145404034e-6	4.286319477321706e-5	3.276174970427009e-5	2.7313603594999016e-5	3.496905681317779e-5	3.451467286460629e-5	3.154689279516172e-5	2.289668265296552e-5	3.190611821788248e-5	4.13891142701133e-5	2.672274355534931e-5	3.557358406502454e-5	2.6323000023171757e-5	2.425092986414702e-5	3.007997029346311e-5	4.82215819834497e-5	3.242536571080733e-5	4.979230843895439e-5	5.765565192580478e-5	4.155090882586657e-5	3.987440587376696e-5	-1.044109188087024e-5	5.53679436778086e-5	3.702416579470964e-5	2.878100232286333e-5	2.9071994052561057e-5	6.1528621648500835e-6	-2.0625385322077007e-6	1.3406670975745112e-6	-4.08302175206759e-5	-8.207903344375524e-5	3.210571528875243e-5	0.00026289036708497006	1.7530981807347638e-5	-0.00026345841053162546	-0.0004243894470797689	-0.0003497290972070532	-0.0002968985748460617	-0.0003101542158682243	-0.0008584190052075922	5.578707515966827e-5	-0.0009793027944784418	0.0006000759040848767	-0.00025965501098458056	0.00012292363468907868	-0.00016473945893967674	-0.00036618863138041056	-0.00037649051350396867	-0.00028679632292441266	-0.00029716083583440026	0.0008288644061198213	-0.0003582393079862734	-0.00044966164190827617	-0.0014053001001706512	-0.0004861235071781369	-0.0011654594648654367	0.0007930713873420623	-0.00022954259589851294	-0.0002103819303973884	-0.00018346694703119063	0.0009056583142306269	0.0008061536169784531	-0.0003139632606109083	-0.00027297862141035124	0.0008291978528886289	-0.00026086654104796186	-0.00031452449472939726	-0.00020679020775171957	-0.00023772579823286635	-0.00019052555643851547	0.00020772997098596462	-0.0001724656997145746	-0.00011921514306261882	-2.6724228918478463e-5	0.0006914764534475017	0.0005377462590178605	-0.00019645861264764794	-0.0001909654884847548	-0.00016772765904966586	0.0002510622579251446	-0.0001838205745481082	-0.0002623622272459247	0.0003858625448536525	0.00027480033049907295	0.00022891757602181654	0.00022470349229605	0.00021786099143683915	0.0002506216214496603	-0.00037638998752031593	-0.0004946462594921817	-0.000566947180787535	0.0005934968246030852	0.0012644734176728767	-0.0007851492743043975	0.0007550253058519717	-0.0008594030667102761	-0.0008560030635817138	0.0007707241271123115	0.0007388441450532912	-0.0008501776389969193	-0.000827872999825262	-0.0008147432868118101	-0.0008020498963466757	-0.0007548341015767616	-0.0007742756084469808	0.0005832956993508521	-0.0007053770974976815	0.0012703682937566826	-0.0006703942602848687	-0.0006363296378940385	-0.0006203797987537466	0.0004677599515268073	0.0003970555435659222	-0.00049185147837636	-0.0004722412801139164
-1.4347917038154347e-5	4.601550182214097e-5	-1.5978745923584878e-5	4.914829101438452e-5	5.0578246234227035e-5	-9.245990734634913e-6	5.0381655551662166e-5	4.1342016278222244e-5	-0.0008211162536869373	5.4075044043474705e-5	-0.000941539802282255	6.672697655215384e-7	-9.105698621671285e-6	3.8790626874171414e-5	4.5328758333922645e-5	3.370201457738773e-5	9.232908091029316e-6	3.7509547799676086e-5	3.829396823907074e-5	3.126987833599313e-5	2.6255760468286418e-5	3.520292017762639e-5	3.695133957097433e-5	3.927287921576912e-5	-0.0014800812229620835	2.0093555397229616e-5	3.781103132824773e-5	4.66917027701786e-5	5.489933278650665e-5	5.244502064175667e-5	3.8271907222537207e-5	-2.3045708156150006e-5	-0.002266629218109845	5.293372057301707e-5	4.832580975978342e-5	5.5232143365678164e-5	3.2260530034416415e-5	2.945158595477537e-5	2.014808087110625e-5	-1.2124744185060005e-6	-7.269377612828445e-7	1.4164705428054182e-5	-4.888260339879413e-5	-5.115466741125764e-5	8.733534856546774e-5	0.00020011459870204968	-3.6514294765891894e-5	-0.00028036822853566915	-0.00040465173220386765	-0.0004811604141769779	-0.00021639305285393266	-0.00034719312529485694	-0.00031884837505234687	6.140243240162352e-5	-0.0001867113543656913	-0.0008222838059423945	-0.00018827091595636797	7.491337067416174e-5	0.0007360433803312375	-0.0004272721733475978	-0.000335397153188228	-0.00026920226395906084	-9.376091743757732e-5	0.000815702951365428	0.0006378729850300448	-0.0005642855425630217	-0.0005218132060660994	0.0007100233287973042	-0.0004319553130922166	-0.0003391655660814211	-0.00023117587754249366	0.0008230749212842937	-0.00015671542349911596	0.000965554007995484	0.0008538785824026285	-0.0002644615968745408	-0.0003557898410642491	0.0010667792909717713	-0.00037189627884769757	-0.0002501067685535584	-0.000245841792210523	-0.00015964401843056482	-0.00023672285010742627	-0.00015786580095089858	0.0006206319453853698	0.0006056863597665978	3.181506970989165e-5	0.0006807579161158652	0.0004733838309066299	-0.00026066027258228597	0.0001411654006650909	-0.0004781983111457836	-0.0005172370661438511	-0.0004150689387574227	-0.0004093561407077012	0.0003480079916574593	0.0003432234261503686	0.000297618495097708	0.0007845905121698108	0.0002444746036300979	0.0002627222810443327	0.000282640709919099	0.0003681341502970387	-0.0005233780924147067	0.000579131989749391	0.0006697322541363146	-0.0007848572163054752	0.001303425157319054	0.0007914786212248658	0.0007931993142561112	-0.0008807841985499767	0.0007871213344650763	-0.000846409605423956	-0.0008353689118660579	-0.0008231878888772994	-0.00027769641393261173	0.0006322350420254132	0.0006432756151991507	-0.00011565188921032086	0.0005976094488015921	0.0005781318513219222	-0.0006762663876414996	-0.0006766010828594053	0.000526266475454147	-0.0005967197212430691	0.00043878614138107355	0.0011509692786159428	0.00037855684092828225
4.8834843831369675e-5	4.581190346768921e-5	4.490313349034985e-5	-1.2561426380907812e-5	5.0841455100948934e-5	5.119866285979626e-5	5.5480355550321936e-5	-7.410817720192352e-6	5.121861381853616e-5	5.412600721888894e-5	6.070999409871431e-5	6.098103720419794e-5	5.150213429231743e-5	5.5093803468653354e-5	4.04522495760977e-5	8.004186631945182e-6	3.3400900920988255e-5	4.320139559598943e-5	4.159838952111556e-5	2.989370111077319e-5	4.05457567797759e-5	4.8384028548682356e-5	3.73899421714913e-5	2.4907386081082263e-5	1.934120474828883e-5	2.646935366989187e-5	2.8258821790992216e-5	4.6309983114798574e-5	1.7555624209832522e-6	-2.6668953315460084e-6	5.1466507366342094e-5	-2.638341560500272e-5	5.536706859343948e-5	3.707824879917447e-5	5.596266748756403e-5	4.376330935247576e-5	4.5399032350199996e-5	3.2403955735869645e-5	1.6178763341458558e-5	9.662055713236667e-7	5.13672692642529e-6	1.3276754138268326e-5	-4.648563300099816e-5	-3.0257236125006814e-5	7.970504390995923e-5	7.917827431659511e-5	-6.954924233527372e-5	-0.000273246290275809	-0.0003985985583583574	-0.0004562604533521388	-0.00021213610214953615	0.0001899881478569258	-0.0007922512234752712	0.0007266435437819395	-0.0001829194367928286	-0.0016294898759522999	-9.388972588926427e-5	3.501613272741122e-5	-0.00025208146698877526	0.000518210368269747	-0.0003482520934716552	-0.0005432060824172181	-0.00014035389852245887	0.0008891595762968709	0.0006832162623924762	0.0005652475876312402	-0.0005682885953912573	-0.0005045436599388116	-0.00042890413957420714	-0.00033335455412008674	-0.00025029828985881873	-0.00022016296034649187	0.0009706858596047942	0.0009608596823645985	0.0009078549317559142	0.0008475941212348053	0.0008438796143867781	0.0009614774472471201	-0.0002478133081220942	-0.00033097403060453664	0.0007660558906615262	0.0006976268446524892	0.000677616241930544	-0.00022195003054005426	-0.00019615577798411717	-0.00022820151279489588	-9.81031556197701e-5	-2.6768237088069594e-5	-0.000278720250574435	-0.0006310424702751739	-0.0009431165703611922	0.0006939967096993493	0.0005193278371544473	-0.000460835287299571	-0.0003603315726311441	0.0003147764956138799	0.00034017679486845597	0.0008338109076171368	-0.0004483990092022695	0.00029187879987293934	0.00028886430989694123	-0.00032450029609672193	-0.0003568876353945809	0.0004450906970791899	0.0005488683884440288	-9.046722785981641e-5	0.0007211738840696329	-0.0008263444495937343	-0.0008755800095085068	0.0007973257086463974	-0.00087156163841055	0.0007940507531057229	0.0011799132688062198	0.000714429948178827	0.0012091182430885817	-0.0008071366618304736	-0.0008208688449479608	0.0006803327189280873	-0.0007716032082907462	-0.0007427318873621581	-0.000725497061298294	0.0005935339665361582	-0.0006701316847647527	-0.0006491215957841307	0.00128083901215799	0.00049598653510609	-0.0005064379876453581	0.0004489880426721102
4.950153390565913e-5	4.501622247128948e-5	4.474537544031014e-5	4.834555511683367e-5	-1.390412699039641e-5	-1.1562671986905691e-5	-7.465561280048491e-6	6.279373666875313e-5	-1.4138817457676222e-5	5.883830840274873e-5	6.150022676779956e-5	5.967566783864314e-5	4.83455416727701e-5	5.443581847498725e-5	6.882710482043796e-6	4.069073049967542e-5	3.404647246017236e-5	4.351171683280642e-5	3.324602778024947e-5	3.356719757302302e-5	3.093634476720639e-5	4.2501203961422965e-5	4.789623503430687e-5	3.874594954038791e-5	3.489452897127753e-5	1.737963199445144e-5	1.4147792689461758e-5	3.649609843807606e-5	4.0747180520049695e-5	-1.427401550444722e-5	4.633412414117269e-5	5.1761826575598326e-5	-3.355324188527827e-5	4.75420987276938e-5	-1.246849344535561e-5	5.539195357933541e-5	4.401437780266371e-5	3.629277799488493e-5	3.1081503781116944e-5	2.5388678326137767e-6	-2.5944464006008063e-5	7.993334802321476e-6	-4.0871678131347566e-5	-2.4383719307021715e-5	3.146908526996568e-5	6.119155402870002e-5	-7.766754160042338e-5	-0.0002701921640389576	-0.0003853829152488373	-0.0004490971933773704	0.0005075512824058393	-0.00041102451862641814	-0.0001450338910335405	-3.0849520332677446e-5	0.00035087666303611296	-0.0002481036357172622	0.0007602657873402021	0.0010070044677085426	-0.0002704379820170832	0.0005155387094135568	-0.00034790519515075745	-0.00020896467464207816	3.858238982047506e-5	0.0005775336836355647	-0.0006008515153220701	-0.000671544454291205	-0.0006634098327280933	-0.0005673194259709323	-0.00045811075507513205	-0.0003336363883614697	-0.0002549348875933912	0.0008720295494715107	0.000985185998661985	-9.307866361775354e-5	-0.0001830021658388815	0.0008643978332927276	0.002168547427061824	-0.0002658791296632169	-0.00021813390978669446	-0.0003007289441188431	-0.0002463145873903092	-0.0002088634689023476	-0.00020077396011919726	0.0004409281175564309	-0.0006974761665400758	0.0009655059458954377	-0.0007436141618081616	0.0003384038364237724	-0.0007998130361186852	0.0003936963228864032	-0.0008824382089412134	0.0008288134239837954	-0.0007119413150441685	-0.0005706320850092659	0.0002738851676627836	0.00026898603189154466	-0.0004949302962900829	-0.0004974589075280346	-0.0005237192960167326	0.0003505712400473683	0.00033012133859461074	0.0003173505362548878	-0.0002978929257311776	-0.00044522438821038065	-0.0005295309322997334	-0.0006297801339713279	-0.0007219725096808917	-0.0007898966739008396	-0.0008415851121671303	0.001269968915217491	-0.0008881033703071447	-0.0008712598001944967	-0.0008525870017008852	-0.0008673621393792815	0.0007169652714487072	0.0007384286545100835	-0.0008195371888686958	-0.000783277024484874	0.0006632687965294772	0.0006565716166305555	0.0006493728349653261	0.0006205331501156291	0.00060653574761255	-0.0006824534314900919	0.0005408358568886862	0.000520447175754858	-0.0005531993022983746	0.0004751125183550587
-9.816306730509971e-6	-8.08369699400633e-6	-1.1224800124638528e-5	-1.1994480906876693e-5	4.461126454104441e-5	4.5706506670521035e-5	5.285501127365788e-5	6.141511466078347e-5	1.0919688077910372e-5	6.107137098226964e-5	5.269519896025339e-5	6.665909661519062e-5	3.514837942677736e-5	6.015516678997061e-5	1.1964661147359675e-6	3.6985817879919185e-5	3.282979437374046e-5	2.8778912140495867e-5	3.1620350456247354e-5	2.9316552361402645e-5	4.318446612773465e-5	4.9706562932133255e-5	3.783077988408741e-5	3.4117432030179385e-5	2.8609082726118893e-5	3.552268301392587e-5	4.7748456305404504e-5	5.392170117895904e-5	1.0702847280804565e-5	4.6036913355188306e-5	4.282113965564183e-5	3.774365812190118e-5	4.929228069246736e-5	3.2415920715956e-5	6.281463489797232e-5	5.1038255571194194e-5	5.8646376162568414e-5	3.8165363378846054e-5	2.650000823848351e-5	4.261893732116504e-6	8.144200385666687e-6	5.049523834900179e-6	-3.261820637722986e-5	-1.788542479099148e-5	3.182618536598687e-5	0.0001012887265763678	-0.00010075478638619422	-0.00027915483493387355	-0.0003840100042783699	-0.00043371431749186264	-0.0002331497174022385	-0.000425282463658032	-0.0001836477483200833	-0.0013041156415939757	-0.00020579932294305294	-0.00022514120698472005	0.00016560626063151507	0.00028893618218195274	-0.0001455387444169228	-0.0006002058688042667	-0.00025111857398952154	-0.000886412507217129	-0.00014288071191936782	-0.0006531858064662884	-0.0007760611661188164	-0.0006470819578580957	-0.0006145769730594086	-0.0005148961929417589	0.0007223903238305759	-0.0002440614289058677	-0.00018272441028230595	0.0009139857270477284	-5.0582535215688146e-5	-6.935665757506863e-5	-0.000155501295677268	0.0009820342333235772	0.0068543154500444025	-0.00030857125770829535	0.0008107685620610452	0.0008544132644961941	0.0005624610653227934	0.0012635715803418048	5.9555525350695436e-5	-0.0006613519255954572	0.0005772034810019476	0.0008700995457330222	-0.0013178630368790127	0.0005005529135678399	0.000303487030470684	0.0007375549750180494	0.0005492117903146184	-0.0012696395753160252	0.0011441941474591702	-0.0008762979151705728	0.00038625815764459486	-0.0003252519276606986	0.000340919663301565	0.00039702968051282764	-0.0005336287802335015	-0.000468483357248862	-0.00038738161410993045	0.0003425758524900919	-0.00031500446251062856	-0.0003951259656672333	0.0005285859266388349	-0.0005801028691106071	-0.0006639718632332585	-0.0007363733184393003	0.0007853563311673289	-0.0008671698326874217	0.0008191871938761051	0.0008363494979727075	-0.0008437815763959666	-0.0008835926301204366	0.0007647642494031559	-0.0008279116679357074	0.0007532635652187009	0.0006984405114440501	0.0006940625647503299	0.0006860813629008702	0.000654806796314075	0.0014178471521867882	-0.0007028261163401846	0.0006111991783834254	-0.0006563082944273315	-0.0006165275591672563	-0.0005917717606337665	-0.0005462316675090362
-5.39796268341549e-6	4.57455253762652e-5	5.147388338499646e-5	5.74337004103292e-5	5.643254187561407e-5	5.519922470832196e-5	4.9507608844016936e-5	-6.010814567131498e-6	2.1052343740431438e-6	8.090134193462534e-5	-1.4895897770678666e-5	5.871492408029836e-5	6.731815652939667e-5	4.5030152301227125e-5	2.8031979595422116e-5	3.183612999791579e-5	2.6129228534749888e-5	3.94172996242355e-5	6.133058185903975e-5	5.2135977859972494e-5	4.8887430960218746e-5	4.2661077156633774e-5	3.205670514381913e-5	4.721068665637261e-5	4.035357130607203e-5	2.9286626527228648e-5	4.816671277408377e-5	1.1864806524747697e-5	4.927994504746731e-5	4.671859785127896e-5	3.240206802480471e-5	2.8412569619295537e-5	5.784966374100097e-5	4.542550539152635e-5	3.085131430998682e-5	6.032320736860681e-6	6.112431092737854e-5	2.5814093888572136e-5	1.6878893824068047e-5	3.540072652011804e-6	5.606546269745164e-6	8.325711679753106e-6	-2.5946844289733177e-5	-1.1304619103313929e-5	2.9424334052868383e-5	3.4992780395363965e-5	-0.00012106517810773218	-0.00028885068735775513	-0.00037774410269923253	-0.00040904483000090905	-0.00025328525148531674	-0.0006016323591981733	0.00019059007822564734	-0.00011560557626969642	-0.00023973380040651776	-0.00031499105947621706	0.00011185482596432362	0.0007071976171731977	-4.837745919898488e-6	-0.00021594277702212134	-0.00023320647575464024	-0.00030556987539523406	0.0020210435933007464	-0.000606488948690022	0.0010788645455653409	-0.0005968800174997301	-0.0005196638272162617	-0.00041762429697038677	-0.0003096308148355098	-0.0001788919431436548	-9.280391895796162e-5	-1.5078485291939413e-5	-3.439574630893696e-5	-3.7888806764989694e-6	-0.00012199375417274155	-0.00021819173402107088	0.001143258794312151	-0.0002817953916364963	-0.0005214658951703012	-0.0010468120039076358	0.00016100276418859385	0.0005165665222807295	0.00011493198943425542	-0.0004267349997724235	0.0007669510683979341	-0.0010918590790850438	-0.0006967263293345544	-0.0010933059718976155	-0.000501079052673257	0.0007499290825200731	-0.0007822387525246045	-0.0006877248324580485	0.0015767640184884569	-0.0011792824060749161	0.0006638371795281411	-0.00034728483650221364	-0.00040102031729303406	0.00042353655493451367	0.00039954067316088065	0.0004122844615772137	0.00035810914417306033	0.0003588646251781371	0.0003734283367170903	0.0004028363666694519	-0.0004511417438067848	-0.0005431468046399133	-6.187741047514097e-5	-0.0006956993373256285	0.0007743501263542986	0.0008189850952924687	0.0008202035731796767	0.0008228929818206144	-0.0008487639249999562	0.0007670365917819902	-0.0008417608780268205	0.0007767394379173628	0.0007378376273145938	0.00074352154982066	0.00070145614693252	0.0006831269032233343	0.0007011693194142838	-0.0007507082022052691	0.0006415405095087641	-0.0006829646928115433	0.0006150315202974087	0.0005834592184644988	0.0005643259113186365	0.00017626485285337059
5.0899398150458324e-5	5.827478750014591e-5	5.344254074671792e-5	5.3421843774730643e-5	4.543098015316431e-5	-0.0008022343699720105	5.727961568139045e-5	5.745439211000123e-5	3.170548443787711e-6	6.676481716213687e-5	1.5266971158697622e-5	4.964881821937291e-5	6.251890004968139e-5	7.775936334239214e-5	5.140519855709202e-5	6.9501027478812e-5	3.752244732603961e-5	4.4218387677645576e-5	3.214897660330264e-5	4.419335085107854e-5	4.543085368044963e-5	2.7046562961420724e-5	3.935996611173194e-5	4.6812692313248205e-5	4.371101419508401e-5	1.9364265039172697e-5	-0.001730719928311181	1.1983952430806664e-5	4.374764488432109e-5	3.3102889845563034e-5	3.514293785835212e-5	3.375551214070062e-5	-6.258261632454288e-6	4.797548708813048e-5	-8.20206391540586e-6	4.651615752741594e-5	-0.000987787535132944	2.8574173771350134e-5	1.5145969023270308e-5	5.451920651332364e-6	5.48254236339943e-6	5.3621809170689445e-6	-2.1047547015841644e-5	-5.009531504397181e-6	2.5493576336760564e-5	7.031112769572767e-5	-0.0001332230722689699	-0.0002854876672607281	-0.0003612402960536309	-0.00039425349587934606	-0.00026576453071860354	-7.709965205015146e-5	0.0005888978599768394	-0.00016953617065246663	-0.000317630579648202	-0.00036987704301681256	1.4261947719356773e-5	2.1227542909411402e-5	-0.00010610046660619252	0.0009032712154815334	-0.00040741177499612185	-0.0003960535708249363	-0.00042734402061728963	-0.0006487304845779161	-0.0006376948726058429	0.0010497813461588824	-0.000501586237365635	-0.0004023364552034744	-0.0002779434498357061	-0.0002440276956479706	-0.00017525771843639355	-0.0011846476085479452	0.0011739643291499473	-0.00015658751145229775	-0.00010057892743315418	0.000886344051437022	0.0014913186812585228	6.524763744735797e-5	0.0004139837519914324	0.0016191569452845157	9.69114161975199e-5	-0.00030992431474976927	0.00014887036870663093	0.0011205241579980438	-0.0007842824009100845	-0.0012031656996028999	-0.0014924904333630477	-0.001654682342055818	-0.0006677700305420062	-0.0006171170719634304	-0.0009014479483818215	0.0009534656668730088	0.0011631851844295417	-0.0013597123125146538	0.00096300355113385	0.0010216724124832537	-0.00043739591791887734	0.00035446636106406873	-0.0004701105661776171	-0.0004540498404032381	-0.00040163183341809794	-0.0003869318527651832	-0.00035417348645569273	0.0004085192027016059	-0.00040548252168621547	-0.0004761357663013834	0.0006183918728570967	-9.259358260190354e-5	0.000735471315570441	0.0007959535177067792	0.000807986440235452	-0.0008314804038462046	0.0008170251509183107	-0.00037031769792199905	-0.0008560433264183658	0.0007886131992639609	0.0007565699441871025	0.0007227955854094284	-0.0007605674893774918	-0.0007998916670461814	0.0007041836682612464	-0.0007501047617603689	0.0006926283538044912	-0.0007103577946271085	-0.0006536562980007576	-0.0006487841839689654	-0.0006298087331213943	-0.0006086864832335502
6.211597304367153e-5	3.4394874411401233e-6	5.3757574236385744e-5	6.0425586557720273e-5	6.31255655121816e-5	6.412476794766557e-5	7.436230495275144e-5	7.702404761211203e-5	5.036829081164003e-5	-3.6570030634833954e-6	7.22839058335653e-5	1.722552506626721e-5	-1.54792368900269e-5	1.951642300877072e-5	1.5589083310785668e-5	4.4313608464109644e-5	5.0338715770731996e-5	4.674343989484334e-5	2.149555259601762e-5	6.922661627455431e-5	5.960647447436434e-5	5.460510554013663e-5	5.1274447683720414e-5	-0.0020807874925229345	4.1608885831658296e-5	1.7780900692587146e-5	5.1811248098407835e-5	4.775178948973526e-5	5.051226291792003e-5	3.63872461673514e-5	-1.4437632070939382e-5	-2.1961133895979403e-5	6.590658364944812e-5	-3.569740574626938e-5	3.8025935242914704e-5	7.859059264336962e-5	4.1060707631527475e-5	2.101253027288587e-5	7.011569244305682e-6	1.8260461304012762e-6	4.382725222139543e-6	-4.258093825123708e-6	-1.2211031369299121e-5	1.9677195041065392e-6	2.147856790794215e-5	1.171408763372332e-5	-0.000132452735794944	-0.00027211833801082073	-0.0003413656705378732	-0.00036356160279740627	-0.00027032659711554233	-0.00035536800515648635	0.00011972883022534717	-0.00037816373549865064	-0.00038189462341342833	-0.00030792250167238026	-8.304575921684251e-5	-0.00022036875075882867	0.00030302562971250193	-0.00036673557379440433	-0.00042486991311545437	-0.0001706876147040742	-0.0004735572407280281	-0.0006414307640987714	-0.0006206921341255379	-0.0005644126595493381	-0.00047893688884317887	-0.0003797070904747613	0.0011601066639693952	-0.0001598043702687093	0.001283448378560227	-6.320691907013218e-5	-7.431137979936955e-5	0.001637394125807135	0.0002870767586745553	0.0014013948368925711	0.0006386556924139553	-2.367235647066611e-5	9.086042000645313e-5	0.0004138249973917535	0.001181782901427445	0.0002385590905701904	0.0006365222161028002	-0.0004261146017248618	-0.0017381467857852844	-0.0005731140151640432	-0.0009881757300190435	0.0017357439414886601	0.0014514064467219083	0.0009927538871928052	-0.0006223580089980687	-0.000990231101207612	-0.0011206393306588836	-0.0012889105850352007	0.0011942139263743578	-0.0007412771470438791	0.0004768246972629677	0.0004063833689369172	0.00011764939317610284	-0.0003951351290023197	0.00034015051700903194	-0.00034150427802024427	0.0003980733161843735	-0.0003654438598349333	-0.00040390492499298245	0.0011117750917380518	-0.000489155737543566	0.0006190437411464464	0.0006662015861398727	0.0007484526218115507	0.0008100648700525297	-0.0008367522001858957	-0.0008129591135993403	0.0008071764750514228	0.000813031932589631	0.000797579446175031	0.0007755548305255931	-0.0007590385570762411	-0.0007802119357622531	0.0007552457472101187	-0.0007906986153513357	0.0007223455298922257	-0.0007452628103266686	-0.0007065011174187444	-0.0006967261779500938	-0.0006721033312387251	-0.0006470537616157929	0.0006264693887432938
6.751990380363538e-5	5.386712655286365e-5	5.436289387103683e-5	5.4916760293063655e-5	4.8733031886863615e-5	2.706770709252817e-6	2.168736312150991e-5	2.765972497988339e-5	8.33635882155413e-5	-0.0013698553348439149	-1.1340539477175155e-5	6.256876588353936e-5	2.8425313446849097e-5	1.1150422071272165e-5	3.1487250397134524e-5	5.0815012102154626e-5	4.119347946641679e-5	5.647292470431129e-5	6.182626771824413e-5	5.482465801407007e-5	2.0021051860087463e-5	3.3656560171295815e-5	2.8396121443498897e-5	3.208757309303145e-5	2.4930185820652533e-5	4.5930661310769616e-5	6.960407805293523e-6	1.824202684785935e-5	5.345174343494418e-5	4.798399812001083e-5	-1.3567114552268632e-5	-2.4354306597693066e-5	5.1388201706577524e-5	4.040914871704512e-5	-8.521438778382167e-6	7.046069957592914e-5	3.452238237546261e-5	4.145681215619607e-5	5.2527479985694115e-6	-3.315460556525254e-6	-7.834503428329805e-7	-1.012481471299241e-5	-3.997650269399033e-6	7.083446407505972e-6	4.7410009140617417e-5	4.224787015377502e-6	-0.00012658891068778252	-0.000258402354124537	-0.00032273697203485897	-0.0002974771997112601	-9.290341077942705e-5	-0.0003495471060114804	-5.359922264341205e-5	-0.0003314915661036715	-3.350711856740709e-5	0.00017186063029405244	-8.065071440844368e-5	0.0003042895199359061	-0.0003873754188766284	-0.0004829013159634221	-0.0005320467895177745	-0.00016894240739545856	-0.0004953035529485419	-0.0006326049618736278	0.0009638950455409436	-0.0005430482879862242	-0.0004564988859373379	-0.00035759351768838675	-0.00025118006190657984	-0.0001638794848759931	-0.00015668384152627175	-8.289497585598025e-5	0.001539705559642601	-0.0010069168611375866	-0.00041595058528961365	0.001103307282487669	0.0005590026973346712	-0.0009146430923327644	0.00011737598662323653	-0.0006178815653912597	-0.0009329277377737293	-4.212785166171195e-5	0.0005307301627574881	0.0011084037443583354	-0.0016543860591615488	-0.0015786760275510354	-0.0018841568242440425	0.0019252129852719057	0.002539504258666195	0.0018981014799356781	0.0008514671852110018	-0.001124361759628832	0.0010735828616385574	0.0012175953551341523	-0.001248998639287002	0.0011540654636961164	0.000644514456944181	-0.0004621030947440149	-0.0004972045516109334	-0.00045497040316235405	-0.0003923670679613703	0.0009974421435423719	0.001065428964403133	-0.0003551184972448024	0.0004739566318466863	-0.0004283348678632299	0.0005592321443661412	0.0005919030987691317	0.0006744755241120987	0.0007739206102670942	-0.0008162496717726013	-0.0008461557424898963	0.0013450686182987846	0.0008957379650302382	0.0009171355188660152	-0.000839697325404488	-0.0008274326300035232	0.0008106398457258853	-0.0007883905749889999	0.0007713692134124115	-0.0007573133976949628	0.000766272663692833	0.0007370785846547807	0.0007148250059682169	0.0007074407172102384	0.0006936306557144825	-0.0006816651421730777	-0.0006551756349396673
-0.0008878247828779612	5.054016820719184e-5	5.3118604799757695e-5	1.3200865417342493e-5	5.421260115890986e-6	6.888216432330424e-5	7.293724219928615e-5	6.947330950823373e-5	1.4610628637639635e-5	1.64550220752756e-5	9.031582191878747e-5	-0.001491435799794673	5.118153922336005e-5	7.351523149476543e-5	4.2559806910842136e-5	4.285497712485623e-5	3.270993052750478e-5	4.824212409141118e-5	1.1891306238791905e-5	7.108735233725709e-5	5.057432211137041e-5	6.259813404995047e-5	4.7566391417851444e-5	3.168147941161716e-5	-0.002165055275325198	4.476132871658882e-5	3.8537136971079824e-5	5.474040323508091e-5	9.240164007936124e-6	5.97120618089106e-5	-1.0222070825487454e-5	-2.756690900217163e-5	-2.0216355264563845e-5	3.8519600129835246e-5	2.360519912412572e-5	7.450317993127698e-5	8.462756348749895e-5	2.14520585180766e-5	1.2495297351509688e-5	-3.6671604630277976e-6	-5.9853758143453735e-6	-1.2425528584828838e-5	-6.333839417034005e-7	9.048252850945258e-6	2.25673663849658e-5	4.119729013848548e-6	-9.742469394341188e-5	-0.00022908949055257212	-0.0003050986946785141	-0.0003152644549069797	-0.00013853867236273115	-0.00021230300058321626	0.0006552864484307653	-0.0003474180729309828	-0.00039722742428047707	0.00012955446109003295	0.002327205691363154	0.0006707080908541913	-2.5185430311343467e-5	0.0005867782000076351	0.0009633842352202741	0.0010223421289278596	-0.0005085921836318376	0.0008519286014237919	0.0009534684156225224	-0.0005184652910973642	-0.0004420983364788458	-0.00034411210301677365	-0.0002279817528277276	0.0011819853934404243	0.001313401238403275	-5.1416120799949346e-5	5.2848134064363214e-5	0.001529152758780023	0.002117265039789642	0.003830175217463326	0.0019673905264791514	-0.0010517014070249991	0.0005095503355450519	0.00038647986892915856	-0.0008872945222857063	-0.0009308964089084363	-9.916445514830327e-5	-0.0002001475419229331	0.0012855192283744684	-0.0028298674810319554	0.003261993898279734	-0.0019495464394095026	0.002760720695229365	-0.002088139288436452	-0.0011580908570923542	-0.0013477884061066777	-0.0010605608923098695	-0.0006016636133188407	-0.0013037166118209063	0.0019647836428506125	-0.0007224021995010533	0.0006408568722138458	0.0006169363721445203	0.00011566481508274839	0.00044870422029007467	-0.00040812510523056435	-0.0003736312683684127	0.00042797615649157756	-0.0003731556633913965	0.0005115718175627022	0.0005752831379733214	0.0011418538744472663	0.0006659799531082405	-0.0007728687510652281	0.000848100649566085	0.0009237295185575032	0.0009318051985914184	0.0009740488105041355	-0.0008859720575225306	-0.0009081515978889257	0.0009093004342107134	-0.0008448197429606285	-0.0008024983415944086	0.0007730758211504604	-0.0008117457148010612	-0.000775521831082788	-0.0007702560954578634	-0.0007353052320365145	-0.0007222102876124807	0.0007279380449277777	0.0007327947821506183	-0.0006794713097927891
4.321708224383058e-5	8.430169319490258e-5	6.84906556076419e-5	-2.2671128576399243e-6	-7.68455702778901e-6	-0.0012113329304240842	3.965743705882285e-5	7.282096685330751e-5	7.213026766958225e-5	5.2328830695415156e-5	-3.160368002198691e-6	6.902105800943184e-5	5.2431124933198254e-5	1.447389043716257e-5	2.8397579065954793e-5	7.990922604721065e-5	4.601197353480257e-5	9.343445883991169e-5	5.161664488450429e-5	1.1153663224370029e-5	9.076372627937193e-5	8.739508072359804e-5	6.625660329738709e-5	4.489288979046737e-5	7.562316440835578e-5	8.235889615123746e-5	5.4613630912813326e-5	3.06422660838559e-5	-1.1601639038566827e-7	1.2526365397329048e-5	4.1369217016872656e-5	-2.023406923437848e-5	-3.9667487269001364e-5	3.0938132485221464e-5	-9.207727581610203e-6	7.750369720679363e-6	3.80650815241725e-5	3.0158452477089398e-5	2.6778173552806546e-5	-5.72370816845553e-6	-1.2507622620337158e-5	-1.556113212201546e-5	1.9134187429804828e-6	1.06692559291154e-5	6.582675655372782e-6	1.3910453402934779e-5	-9.588034683534409e-5	-0.0002150284276259025	-0.0002684202311077806	-0.0003321725370331865	-0.00031808237027944287	-0.00040018643574283013	0.0007014741170120568	-0.00025825889193283394	-9.908881201386045e-5	-0.0011388082063261548	-0.00020814780078762512	0.00014443722994661803	-5.240014604027728e-5	1.4634331048477174e-5	-0.00028241719484849766	-0.00017603009470272372	-0.0005011345963896064	-0.0006100449078599813	-0.0005668666530011645	-0.0005022094414620362	-0.00041501673336255453	-0.00031816114134748576	-0.00021754540670930467	-0.000147655713603808	-0.0001337973742702699	-4.482118055374167e-5	0.0014986970235955307	7.948149765889603e-5	0.0040247043776898755	0.0007270343513416256	-0.0003915659262045297	0.0009420083261990836	-0.0009668946079536547	-0.0005980955124537126	-0.0009162287710700809	0.0010925508309648233	7.348381754052318e-5	-0.001148636179323535	-0.0013803980428435001	0.0026093598935576084	-0.0022103294010991648	0.0032623546968346987	-0.0021928650677225043	-0.0021446365303511667	0.003328391764655862	-0.00162575696338776	-0.0015620393826100898	-0.0011469693867154985	-0.0012952519872370732	0.001613744299250341	-0.0009616441702021581	-0.0006656222951099706	0.0007164110845203284	-0.0005765624028414252	-0.0005634372558787661	-0.0004328175891302015	-0.0004097915433485741	0.00045776028818503116	0.0004908864444891185	0.0002103316849967748	0.0005852947744980027	0.000609166540420402	-0.0006186500194256604	0.0007836044741002567	0.0008853157722235193	0.0009253778221555097	0.0009974568448383684	-0.0009548940081088452	-0.0009882230073345911	0.001018532421920358	0.0009246448858698879	-0.0008973095973840539	-0.0008099918831043712	0.0008661221171001412	0.0008065127171568874	0.0007983325408217334	0.0008274448959496162	0.0008093876944292172	2.9110245610916314e-5	0.0007616356603054922	-0.0007053959039487936	0.0007611161142624559
8.103787094555467e-5	6.533911236876998e-5	-6.3052801209032136e-6	-1.520254270345365e-5	8.765048970239256e-5	9.072221109656298e-5	2.5295068575026673e-5	2.290735284211996e-5	1.1601744805670887e-5	-0.001683870128591175	7.6464655592739e-5	1.7122538698696927e-5	8.241446445515625e-5	8.395892337796987e-5	7.920742711705416e-5	3.326520171525863e-5	9.723938579275174e-5	2.130514784713265e-5	9.151822432030459e-5	2.330313669675452e-5	5.346676849492184e-5	6.158060351980389e-5	6.30072251622761e-5	7.459562170592762e-5	7.892149683747613e-5	8.072790162644327e-5	2.7362917901597788e-5	1.8922518247883185e-5	8.044425788533141e-5	1.0020500570327934e-5	3.71138152261319e-5	3.595286904932546e-5	3.087842513823931e-5	4.601302508637842e-5	9.721646148654842e-6	4.1489663756021956e-5	2.8778165138556395e-5	3.609368966645552e-5	3.8845462302860515e-5	-4.783673951841991e-6	-1.9249906322183364e-5	-1.722005009016864e-5	2.8135768933971496e-6	1.0530962629549554e-5	4.5494300700851895e-6	5.162462067640622e-7	-8.284444504877788e-5	-0.0002054679370328905	-0.0002684361942985325	-0.00033015126098123867	-0.0003493788215155609	-0.0004251422149613264	-0.00013560506025907942	-0.0003840312531216798	-0.00037405084112988613	0.0013102467340048683	-0.00022752092153064708	-0.0003164703790126599	-0.000129225132070661	0.0009933339711390259	-0.0002875853318456533	-0.0001874624856838163	-0.0004989900069184063	-0.0006009043858335545	-0.0005527783708510377	-0.00048690438033175375	-0.0004003399214601083	-0.00030642121442879186	-0.00020942308957246428	-0.00013764308569529614	-0.00012778347526446604	0.0014422487126637034	4.639267146338763e-5	1.8868023961152516e-5	0.0015000138331302073	0.004279065087734206	0.0007622674346640041	0.0012143014978541027	0.0012830687691393113	0.0004390488512257397	-0.0009066130560209844	0.001121036655555652	0.0011324053178156921	-0.0011725130655338735	-0.0011177597236392738	0.0020991796749364987	0.002694087316701876	0.0025255379145016884	-0.0016899659185079692	0.003205490391415197	-0.0026333610436568393	0.0027038259637291546	-0.0018324660245160312	-0.001046062105554326	0.0014963659664700684	0.0017521554864144157	-0.00047528856976001253	-0.0007683079327106815	0.0009372017512532553	0.0007635954047235938	0.001283715179341738	0.00020576188721932627	0.0011396309524628473	-0.0003818563963731234	-0.0003767748999592606	-0.000373190346496027	0.0010988492521364374	-0.000510133392794094	0.0006745763626416173	0.0008214391938317508	0.0009318209478638884	0.0010057892220692566	-0.0009792505804488466	-0.001002425227454324	-0.0010140978984275652	0.001120143812131664	0.0009459091043372567	-0.000950694003058793	-0.0009017230814375695	-0.0008788037667591185	-0.0008294405081090035	-0.000814151775644506	0.0008525656615277345	0.0008738043448767692	-0.0007909746233658805	0.000857467733135801	-0.0007538545719452884	-0.0007413879429501286
3.924846128888998e-5	7.78128770038901e-5	7.387527804737174e-6	3.738292785906939e-5	8.264985916224923e-5	2.9991879482870365e-5	8.07409826899543e-5	8.356743412478277e-5	7.251318327702091e-5	7.447414038873443e-5	7.48922330926112e-5	2.308370224095703e-5	4.283475276627244e-5	4.1974781326564064e-5	8.095178058229575e-5	0.00010770163817314376	5.332208305507211e-6	6.92289518464703e-5	9.708464822076645e-5	4.9159737890050285e-5	5.2867615130640496e-5	8.090861739851554e-5	8.010365453484884e-5	7.201823606867793e-5	6.983081808767454e-5	6.684825739992082e-5	7.474334579513336e-5	8.265169425855211e-6	5.338340019050698e-5	7.661162656420512e-5	4.6306240669588506e-5	1.5291739022098034e-5	-2.5756306994801585e-6	2.4068674749468458e-5	1.8304302188543306e-5	-2.2238030083837276e-7	2.7514539610525067e-5	0.00010093029235901867	7.027655761953147e-5	-1.0071951315180662e-6	-2.1480720171856114e-5	-2.030731686703392e-5	-1.2618612665025748e-6	8.715705462870264e-6	4.133448237793368e-6	-3.9979186795737615e-6	-7.688572814309601e-5	-0.00019682267539366778	-0.0002612083276895723	-0.00031836190301563717	-0.00035410016371386927	-0.0004327893719539497	-0.00023625910674947553	-0.00039266154902653245	-0.00021005060490016363	-0.0014327089437598563	-0.00018339619549869336	0.00010093119543696204	-0.0001869221212553963	-0.0004232307930608376	-0.00028329631962154163	-0.0001870909034865564	-0.000493328494104335	0.0009100269079583218	-0.0005394301583102603	-0.00046183209719647886	-0.0003875288785060507	-0.00029652241744604173	-0.0001898824532237369	-0.00013191042221539703	0.0013077463338867067	-3.145520684682624e-5	0.001501086656408978	2.5110016312415457e-5	0.001028251610559383	-0.001130019704277587	0.00036803822588569925	-0.0007435600681222725	0.0015801485852562358	0.0008333510446887141	0.0007511856291898475	-0.0009761068024909114	-0.0012600400280365258	0.001083216145076238	0.0010687968325689273	0.00198122745931114	-0.0019869122469863944	0.0020207230058280536	0.0025899969759217607	0.00274056587696032	-0.0021046884444804546	-0.002275878907565562	0.002577750182942962	0.0020368182331085335	-0.0010020282858944725	-0.0013669396291450184	0.001467265876998916	-0.0009062410582576404	0.0016429974329766053	-0.0007563239195238197	-0.0007158719112482182	0.0005276100178827278	-0.0004284480180766475	-0.0003790178325168694	-0.0003705629820258344	0.000497197176174051	0.0005237062425800048	-0.0005004109196153389	-0.0005897811398417573	0.0007941628675145061	0.000950191676366409	-0.0009413597252198435	-0.0010279988335400473	0.00110802646890592	-0.0010463846023660251	0.0011062842030935263	-0.0010124336314299679	0.001021388965198296	0.0009691648701386159	-0.0008713368646332139	-0.0008382807185544454	-0.0008177231549262565	-3.731584495727082e-5	0.0008447363052839604	0.0008708582076420441	-0.0008071244570342613	0.0008560052591558942	-0.0007848316389851896
3.314791325793767e-5	9.545065216448904e-6	3.36820496313285e-5	8.252627018326788e-5	1.7764576800861497e-5	5.8743301807446754e-5	4.529139422048908e-5	0.00010594397246382436	9.666945443513434e-5	1.0560087240085335e-5	6.330663931970303e-5	-4.0811704277990066e-6	6.06987394448133e-5	5.2841689958269206e-5	7.581919375028738e-5	7.64798652792847e-5	9.970495363421548e-5	2.6682908083432762e-5	8.455080096710283e-5	1.3864702688205516e-5	-0.0025985647685008995	4.203962831137993e-5	8.627005880322688e-5	6.619522783615794e-5	8.200765174029914e-5	4.5467285195464674e-5	3.3310886095403586e-5	3.1997459091337834e-5	2.5668447814762877e-5	4.980810887729925e-6	6.292475967334095e-5	3.251944410508469e-5	-3.2112021894359095e-5	-2.3861576726937495e-6	2.4269401435294668e-6	2.2052070190937316e-5	1.8994619773484963e-5	6.776064787043681e-5	6.343128754532552e-5	1.9129808119918096e-5	-1.9593639758353106e-5	-2.532077459283964e-5	-6.665317233984624e-6	7.366852644954177e-6	3.197666245555392e-6	-5.586696363743494e-6	-6.830869281228692e-5	-0.00017555657997308377	-0.00025305406006227976	-0.00031153227555716584	-0.00035061186725360077	-0.0004950125741643102	-0.0002697357748817188	-0.0004081971216013608	-0.0003905472621923379	-0.0002987317055573287	-0.00023028542424489463	0.00013291512370040403	-4.6618730343032586e-5	-0.00042862321416457967	0.0009346359239945871	-0.00020204038331109783	-0.0004718929702565494	-0.0005659685102592151	-0.0005094119806562433	-0.000432977256993464	-0.0003613513316153222	0.001185475856335422	-0.00017526465879854573	-0.00010997903179981762	-0.00010250506149703156	-1.3561966429292537e-5	2.5128190317543972e-5	5.1600286477535874e-5	0.0016739064062154985	-0.0022636759757042792	8.230766543216184e-5	-0.0004888035187737257	-0.0017136497363963552	-0.001142330065139667	0.00022680078257824882	1.5966320375190857e-5	0.002163848507540165	-0.0010334201844386447	0.0011783525199323937	0.0018400573503266808	0.0027287782981225833	-0.0015063708146245691	0.0027468119345239747	-0.001731945440716187	-0.0021677599957814443	0.0031973386455700368	0.0020394266585943175	-0.001527561446972069	0.0013864351200483342	-0.001178915861122648	-0.0012748129517200276	0.001325543240415089	-0.0010238845201304431	-0.0007485486235616441	0.0006569232613771558	-0.0005135403978509903	0.00042287589012797097	-0.00045047544675895414	-0.0004371637413350593	0.0005269401241156423	8.922652938680954e-5	-0.0005286916715260305	-0.0006220588990314669	0.0007924572455350783	-0.0008738488224154135	0.0010199537627230944	0.001103353793301088	0.0011107911096460863	0.001117437093840583	-0.0010772991816514806	0.0010714313948085945	-0.000967673417877487	0.0009757934214542092	0.0008801357003697125	-0.0008259906705461949	-0.0008223402798968786	-0.0008123464086557449	-0.0007781276839230141	-0.0008095363089329717	-0.0008565415740336129	0.0008817587388547138	-0.0008100655837041935
1.9674504537003988e-5	5.072747479352728e-5	2.454803779048623e-5	5.18798056446608e-5	6.35738308547352e-5	8.099625482347738e-5	8.130113550168961e-5	7.289735434802308e-5	5.293697746647805e-5	-1.1360473527982748e-5	7.128209130929171e-5	3.955211905414479e-5	7.455789245067429e-5	5.144577429623109e-5	3.5262233640515994e-5	7.832253211075251e-5	0.0001232587753334356	3.1650893785837046e-5	4.3843830023596085e-5	9.264489497017394e-5	-0.0024803541891814675	7.735222183873221e-5	7.140683973992559e-5	5.791589540408027e-5	2.2995544725302672e-5	2.9373755973995932e-5	7.24948946571023e-5	1.9375600125785515e-5	4.781312271064835e-5	5.1926372786895636e-5	5.945210253003523e-5	-7.301134793377987e-6	3.0026530255082302e-5	1.0427218866744959e-5	1.1210396347034832e-5	1.3646331016283148e-5	1.2669564394661307e-5	0.00010455957384260662	9.2121898997695e-5	4.0988362777407555e-5	-1.5395213603274687e-5	-3.0718635583273837e-5	-1.3734152213922511e-5	6.018348331970685e-6	3.6277209348220107e-6	-4.724425497608939e-6	-3.2778673088508124e-5	-0.00016892489474975214	-0.00024149680561034396	-0.00029796138076190574	-0.0003460868081379834	-0.00045277316628501447	-0.0003008721746880884	-0.00039170551210407443	0.0009297247625457156	-0.00022011203222121155	-0.00018352789893070782	-0.00025016354368643905	-0.0007064650785062543	-0.0003711178059192166	-0.00027706780727360103	-0.00019278995800945352	0.0008030058183958969	-0.0005348972970708413	-0.0004784337262741037	-0.00041281714234914484	-0.0003321828087389381	-0.00024833985799459137	-0.00016378137007062865	-9.348644629968064e-5	-9.028012915277038e-5	-6.900470963220901e-6	0.0015023455804715662	7.48876302175531e-5	-0.0006312629857136353	0.0004415852619960763	9.39322472665689e-5	0.00048124418842001096	0.002484008137037402	0.0012359956079934713	0.000523080453943372	0.0007503687880270281	0.0014135144213479021	0.001235239686075832	-0.0008122581358915165	0.0022452773517158157	-0.001983682425715262	0.0022952436198940595	0.002926197257603798	-0.0023086544662323343	0.0032490054940666853	-0.0028729711525735807	-0.0015406132357954601	0.002089615349030148	0.001384461767069329	-0.0011234352736029128	0.0013974335146072934	-0.0006124892890459199	-0.0009205933465183708	0.0008103638126655439	0.0006036405045145273	-0.0005226955214804709	0.0005084378631992873	-0.00038345737344399255	-0.00037562018748498946	0.0005297723852163458	-0.00046336889994658603	0.0005886124250778046	0.0006268697590964948	0.0007035365881930184	-0.0007968270920714589	0.000932962000883776	-0.0009923201263094738	-0.0010164464532608566	-0.0010456107314275138	-0.0010343196088388371	0.001551038134702009	-0.000995866331059917	0.0009361445426137212	-0.0002332373588926251	0.0008454550186671908	0.0008145753606561361	-0.0008001240364914381	-0.0007860935780712409	-0.0008111394324997125	-0.0008183887805292105	0.000836547355264033	-0.0007709790316054845
6.012114143870038e-6	6.045465857587194e-5	-0.0008366166283040933	4.444579540727189e-5	6.478332570327317e-5	5.163714528769409e-5	7.052991341494855e-5	8.20851839038498e-5	4.4235438861930086e-5	7.851087326330591e-5	7.704968098993256e-5	6.673599139206735e-5	7.770243742664766e-5	7.698497526413182e-5	9.739048814112077e-5	4.142138849457921e-5	4.787632107048582e-5	3.970072739406896e-5	7.92807604612744e-5	9.84666990513374e-6	6.754243346220761e-5	1.8693030523540908e-5	7.369613067085396e-5	3.0197790704724605e-5	3.157474238056537e-5	5.906038139222216e-5	8.675824057241695e-5	3.5880847440742866e-5	7.033894564573281e-5	1.0049046955136866e-5	3.6874955238277475e-6	4.29783402692088e-5	3.02721524918898e-5	2.680083638090399e-5	1.5749346472153716e-6	1.3498392148567767e-5	1.986290187095969e-5	6.737066354627346e-5	8.233166965853538e-5	5.952211655752102e-5	1.4395600908209422e-6	-3.2504903489731203e-5	-2.252120662720597e-5	2.7749048220305442e-6	4.414050741206269e-6	-6.3666898197543235e-6	-3.544674214891997e-5	-0.00015336611445990428	-0.00023159071241025259	-0.0002826975464075227	-0.0003349970738609977	-0.0004521887685921032	0.00023695889056246817	-0.00039145020529582786	-0.00039604338662039325	-0.00028300376439399384	-0.00020267360736050868	-0.00021331453722624877	0.0011373241274145046	-0.0003729991825147678	0.0007264704751356764	0.0008615971821987695	-0.00041927246641265334	-0.0005177179806563608	-0.0004592379093355109	-0.0003942765083023462	-0.0003150745921906648	-0.000234426089350411	-0.00015413332677830308	-7.429506805631085e-5	-7.569130079011386e-5	-2.0752085768218666e-6	5.2135489406429474e-5	8.620389125317453e-5	-0.000557474676590947	0.00244894195360315	0.0002490178815676633	0.000574559961928644	0.0013017191598157737	0.001252137849649471	0.0006879849077448433	0.000896103068073425	-0.0018403950854927733	0.0014200858857377815	0.0017354125572248153	0.0029718328446205105	-0.0020687366670980607	0.002171611392320222	-0.0025264449820082543	-0.0021960126676218465	0.0030748805735979386	0.0027004966021725247	0.00212360555486334	0.0021158345411287534	0.0012691109346196381	-0.0009678038719902011	-0.0011790859392839899	-0.0011775353036092115	0.0011144782063651835	-0.00013801697598489092	0.0005633047597693478	-0.000534008702555652	0.00046245559532663355	-0.00037930714851068786	-0.00044429630068132994	-0.0004689801938710745	-0.0004731714572104944	0.000549342570521443	-0.0005858251927869378	-0.0006986379825974225	-0.0007645816925508494	0.000817751932644952	-0.0009026258791904442	-0.0009968270356673203	0.0010112951509414284	-0.0010310501804238923	-0.0009943943200666655	-0.0009727934843495214	0.0009047166955767987	-0.0008845155546556701	0.0008239253883534042	-0.0008165942748485588	-0.0007797050071114389	-0.0007813915142099322	0.00081245668692979	0.0015190031588348794	-0.0007996469571819602	-0.0007781420363739801
5.234370438541994e-5	1.1755852339642237e-5	3.728510005880073e-5	-0.0007715561471742163	6.328404194538948e-5	1.654863651106165e-5	1.2870876355602022e-5	5.6332067343835236e-5	4.925543538604178e-5	-1.2708694656273639e-5	6.436648816515126e-5	-0.001367981524700348	4.595384637252854e-5	5.292145015261141e-5	9.119806598437271e-6	4.0839301702221996e-5	5.1066485553630074e-5	7.881219189238701e-5	5.287346929464735e-5	4.6066806085650475e-5	8.760180479908054e-5	2.7766227402080488e-5	6.457187014001693e-5	5.072741564836618e-5	2.5967068464070354e-5	3.692600875171252e-5	6.02741559063496e-5	3.056630932494488e-5	6.425340970827751e-5	5.8538642500928235e-5	8.17790437661033e-6	3.3145593786917255e-5	-3.95372950530307e-6	8.343718050046571e-6	-1.34342542362797e-5	9.965353277242763e-6	2.683413681656057e-5	4.528826476892195e-5	-0.001384917232091662	0.00011542980650487266	1.868538800109702e-5	-5.5311959552286315e-5	-3.2754563206925614e-5	-2.4068868222971735e-6	3.978474886069238e-6	-7.274571685344285e-6	-2.895923651402804e-5	-0.00013165799641167287	-0.00022543767660928617	-0.0002737884441010607	-0.0003258215749460413	-0.00037236828150093593	1.6734925698674852e-6	-0.0004134194783850763	-0.0004038923988769656	-0.00038024393189829003	-0.0002028288448685132	-0.0024932540882324035	0.00024032513899297035	-0.000951469311382693	-0.0001255118116091046	-0.0002107153183500063	-0.0003886039815013628	-0.0004918314824934157	-0.00043251796014484156	-0.0003673159362086939	-0.0002994933698010271	-0.00022208890991986044	-0.00013484025958637388	-5.9808427165983745e-5	-6.534922072479231e-5	0.0011590624114980633	0.0002775047607261015	8.336222241260615e-5	0.000312952202476634	0.0025506387809091056	0.0006569391199883574	0.0017574030260807875	0.0012940977128140466	0.0020986303665045222	0.0010002155954829946	-0.00114783889266978	-0.002161963076627554	0.00239661567405802	0.0016816512527327338	-0.0022967227506260615	-0.0013570558309617146	0.0014702007669712205	0.002628776292816059	0.002232559833891803	0.0020578848669407365	0.0018876082244534886	0.0015504858762112154	0.0014001766659331102	-0.001138237876791297	-0.0010812557288780353	-0.0011015576425692079	0.00181672624101943	-0.0010015850647943298	0.0007062768041067981	-0.0005632965011064103	0.0005319355784078245	-0.000417763229753872	0.0004758672567706061	-0.00044107443843673447	0.0004344832707201896	0.0004876527819238849	-0.0005431481472622048	0.0005687192219622694	-0.000648765321495067	-0.0007051566536858114	0.0007369592071228216	0.0008339088229411735	-0.0009487515564755031	-0.0009542332671300092	-0.0010065235552630535	-0.00045122688519652404	-0.000932805745574054	0.0008692203004728944	0.0013849038009232937	-0.0007636333817519951	0.0007457327905833339	-0.0008030197713700029	-0.0007561178189724373	-0.0007459899651089219	-0.0007730681559717473	-0.0007957288551308016	-0.000766795239199561
3.199015290127191e-5	1.0091879004914478e-5	4.130817415200986e-5	2.994555053477605e-5	4.355170449727732e-5	6.33090974453169e-5	6.195871365064756e-5	5.904651666924297e-5	-0.0012673996208044	5.706278684149233e-5	4.5740121284749014e-5	3.8276351990880735e-6	1.6226663439883478e-5	5.185470830095884e-5	6.137733553579993e-5	7.364168500171924e-5	3.1423781569377075e-5	4.7294879192328774e-5	4.04147342969929e-5	4.895930575585759e-5	3.6883109165095074e-5	4.646021629810867e-5	4.3670511254504654e-5	2.4014583118977303e-5	5.571138736902505e-5	4.136185440481183e-5	3.917142601082835e-6	8.921598705798322e-6	4.2665571524499925e-5	3.4139792212439833e-5	3.434254356545125e-5	2.4510289057389075e-5	1.9136078769206545e-5	8.080800687133068e-6	2.7005931287733213e-6	6.265970605757749e-6	-1.541004751960738e-5	1.7541560312861687e-5	3.620527978349594e-5	9.308482486176202e-5	5.9091662197625775e-5	-1.335812313879776e-5	-4.476829226262094e-5	-1.2251740009403813e-5	2.9925599259804196e-6	-5.874964832805127e-6	-3.0545678312361886e-5	-0.00010750299155175584	-0.0002109492100847623	-0.0002620422796266041	-0.0003154718841181679	-0.000445686543330858	-0.00042381234248395176	-0.0005274734085211662	-0.0003896096041060065	-0.00028754019573595975	-0.00012427872478533181	-0.002638663541114361	0.000248564382989043	-0.0015179827862495934	5.527479717982314e-5	-0.00022711862654356714	-0.00035334066949373926	-0.00046567790819146675	-0.00041453431332848017	-0.000351090432738118	-0.00027613927061148017	-0.00020131854259904623	-0.00012754725618843894	-5.6531715417499837e-5	-5.192094506155289e-5	-5.092365031457262e-5	1.9034295123442416e-5	8.728896132772102e-5	0.0013163947109808179	0.006283712135786651	0.00020201983664373552	-0.0015175929750898425	0.0017497917565169243	-0.0014636224391400372	0.0009231434318258936	0.0015138210340398788	-0.0014293561197255733	-0.001569976655100636	0.0016952512281228488	0.0016306479398268047	-0.0015498772507273285	-0.0012044742306357558	0.002120752305442299	-0.0019708465306458737	0.0015309378894665451	0.001425831049015839	-0.0012173823580619155	0.0012517340881667812	-0.0009136036884069016	-0.0011807578986386142	0.0009281454381980265	0.000909921185573005	-0.0008798361326176627	0.001265078987201481	0.0005294303497570155	-0.0005041848536490104	-0.0004454783264036728	-0.00039293130612121085	0.00047246727661550726	-0.0004554218955536574	0.00046327615163348733	-0.0005253784681196198	-0.0005501329057065111	0.0005484575163859835	0.0006251942770004078	0.0006790144156298018	0.0007806992533796863	-0.0009112065441937273	0.0008594410731253485	0.0009107711934935761	0.0008758351435295998	0.0008437496663510585	0.0008047223690500435	-0.0007931410462495999	-0.0007687944278973085	0.0007159482383134593	-0.0007528188147473323	0.0007662560909894346	0.000744800521938478	-0.0007822982213356324	-0.000766428377298406	0.0008284653242286982
3.730898928546529e-5	1.0326031933625946e-5	4.2576532129673015e-5	3.937420020677608e-5	3.3112179162871026e-5	5.0066298794629316e-5	7.312642347699866e-5	7.25742537273995e-5	2.2494867123296308e-5	6.664198352006724e-5	5.9934865649335077e-5	-0.001259885724491278	6.354351794220627e-5	7.62340314189769e-5	1.3123215111577073e-6	2.398780218395289e-5	5.03362368032504e-5	5.889509927809041e-5	3.971882507678012e-5	3.684938070177852e-5	5.285975724574651e-5	4.213794078652207e-5	3.613865313416482e-5	4.5074346022891095e-5	2.492798471167429e-5	3.399434602742316e-5	3.613030281836467e-6	4.267590572953027e-5	1.235084682910028e-6	2.2064222755335903e-6	3.473482891117865e-5	2.786826322884097e-5	-1.6209184589813155e-5	-2.3217645294429075e-5	-5.6625241687702655e-6	-2.349670331629628e-5	-7.405703471009785e-6	8.037232791617815e-6	1.2110746263162882e-5	5.4718063902272187e-5	6.919989450119256e-5	2.3694351204581144e-5	-4.33092194807006e-5	-2.2604733935903008e-5	-9.33046950899602e-8	-3.8848308414997715e-6	-2.6737795018376637e-5	-8.95261419208706e-5	-0.00019756438857770333	-0.0002575748407990415	-0.00031185427899457817	-0.0004304594648996498	-0.0003792866346030363	-0.0009097236838358398	-0.0003630002599320191	-0.0003011145314814681	9.722361372357588e-7	0.0003367434388210728	-0.0003517134485498232	-0.0003615112650593496	0.0009368902189390085	-0.00010671150044193941	-0.00021007555065445833	-0.00044521043350876114	-0.0003907847730147515	0.0008634493504882778	-0.00026390702509421346	-0.00019263406049868908	-0.00012172315371518361	-5.433013040459338e-5	-9.605327854481831e-5	1.2511951614818835e-5	0.0001354397470471969	0.0012104594750037825	0.00040476934139814773	-1.5856824600005322e-5	-0.000173760843193713	0.0010862408759407228	0.0013122527006474553	0.0006595803178268984	0.000818064950058265	0.0005298830061923753	-0.0020913503810380033	0.000999844203934013	-0.0022854972453649285	-0.001437997185883724	-0.0016956187001906844	0.00116619973396894	-0.002074596579074899	-0.001937363255480242	-0.0014322882085294336	0.001053302298463987	-0.0006467118475909006	0.00048261898570717797	0.0008265068357504691	0.0011219074288321726	-0.0007354143752570283	0.0007404613221840303	0.0008747660277616575	-0.0007940077414966265	0.0006439267654910724	-0.0005844595806082931	-0.0004678109618979731	-0.00040237329675824876	-0.00041039017058388865	0.0004374509443916979	-0.0004867879035498667	-0.0005179021556324013	0.0009139975591333544	0.0004927792264470339	0.0005310028601700776	-0.0007373068238577629	0.0006913167053333182	0.0007509477420891936	-0.0009306651200359528	0.0008642271883499333	0.0012685159421752944	0.0007793883777075582	0.0007579727549110763	0.0007063683197827491	0.0007071317435262525	-0.0007556186854789921	0.0006838978985796731	-0.0007315789466299225	0.00075087516209258	0.0007568670197955624	-0.0007802571149075196	0.000778268902663394
2.331261063134708e-6	2.5059438808148473e-5	1.346732178095114e-5	4.612148732528927e-5	4.1884988902232624e-5	4.2223458770112915e-5	-3.6852112205907304e-6	-6.819417267532081e-7	5.025756818087719e-5	-2.745612037689262e-6	-0.0011132870700987587	6.723290064361998e-6	-4.984199679391489e-6	3.230548610013654e-5	2.8266866220578654e-5	6.008520690558975e-5	1.9867076974367762e-5	4.3148949558746534e-5	3.288623337576379e-5	5.1315918305549026e-5	5.1709679214169326e-5	4.031324705252746e-5	4.0099215520701366e-5	2.1485560875551205e-5	4.2284566911956036e-5	3.853363086965935e-5	4.1624080591881564e-5	4.850719385767247e-5	3.868093913036064e-5	3.998425663613472e-5	3.274402680393095e-5	2.830651000996381e-5	-1.6037443036515673e-5	7.136279674574983e-6	-1.1449733382446533e-5	-8.918523267847141e-6	-1.664705456223348e-5	9.98570118800144e-6	2.1512802403074547e-5	2.018748338541423e-5	6.51741428900213e-5	6.220922157210433e-5	-1.0957480905694197e-5	-3.7143728224138224e-5	-7.504762515136943e-6	-4.313694764747616e-6	-2.356495390861595e-5	-7.534440700709012e-5	-0.0001778076539440173	-0.00025124715774183697	-0.0003052276252003827	-0.0004137277917265242	-0.00045732640537780953	-0.0006603126956614049	0.0010978388450710863	-0.0003354735528942991	-0.00029192046888800935	-0.0004966625547635738	-0.00045113426926717774	-0.0004094342499408451	-0.00033323599047635315	-0.00023224428179250377	-0.00034962997382413565	-0.00043201515475077643	-0.00038808875974504506	-0.0003203857339406733	-0.00025494045108430266	-0.00017757852699592765	0.0008046078263968925	-0.0001084740181530046	5.790894244976554e-6	0.000903849303345776	4.376443068268001e-5	-2.2469823900714368e-5	0.0005540426371271464	0.0008878494000928846	-0.00024337992695186612	-0.0003575135984823139	0.0026832305001251106	-0.00030529460320667277	-0.0003397501830036762	-0.0010296360740627932	0.001347525403665379	0.0018115803987724783	-0.00229825603416476	0.0015827364236586797	-0.0018277713585402927	-0.0015625585696064362	0.0017596071017580203	-0.0020246314023950962	0.0011331476142624952	-0.0013250153103467645	0.0008340432036517149	0.00011035333747097618	0.0007518980824784	-0.0011240749514586606	-0.0006389362662707031	-0.0007260410077766918	-0.000848345913023968	-0.00029242976180694725	0.0006801902887285083	0.0005515619052332932	-0.0005219292782585711	0.00045037936208226987	0.0009216577404707097	0.00045259922387811714	-0.000527395961710548	-0.00014974424342478103	-0.0005613644424351137	-0.0005641289680510721	0.0005607146417924581	0.0006074887652104391	0.0006447142741613371	0.0007318875797224212	-0.000885178393459393	0.0007612312774654749	-0.0008729733903741236	-0.0008472259960269493	0.0007607418044230712	0.00073156784933864	-0.0007399131747928053	-0.0007269573064597472	0.0006667194579041162	0.0007102111937395484	0.0006904449444805009	-0.0007865289892085726	-0.0007815263547798702	-0.0007588720803544126
2.53204730293942e-6	-5.488166051668508e-6	3.671187871942517e-5	5.0032373095102107e-5	4.720608464155846e-5	4.856484513944342e-5	4.287697854289121e-5	4.3716230404788306e-5	4.5296869158204184e-5	1.8992984859145636e-6	4.27390929412649e-5	3.8016652815153155e-5	5.616123343953712e-6	5.018753372102412e-5	2.6103563411313565e-5	1.669719042853078e-5	3.8208710255013194e-5	3.432262674689878e-5	2.732712409740331e-5	3.6940653506611844e-5	5.031236487221529e-5	4.052253782544507e-5	1.9113266445664866e-5	5.1190990308112643e-5	2.744218665586451e-5	1.912692200467807e-5	4.710144193371328e-5	4.565157218022558e-5	4.0652999731301395e-5	3.3663264293687595e-5	1.0551510829350311e-7	2.5516309572459197e-5	2.490873229840391e-5	5.511452852696025e-6	-5.7507615210420845e-6	-9.073590990924451e-6	1.5326018134816967e-6	9.761461233981838e-6	1.5403308609401693e-6	2.1559256337773045e-5	1.7134246113310967e-5	5.6014179678615366e-5	4.986438593286807e-5	-3.5553679009778325e-5	-1.830796838592371e-5	-8.186795029938888e-6	-2.3309913777896886e-5	-6.512518132981908e-5	-0.00015621374034096506	-0.00024324332283708408	-0.00029853939884288494	-0.0003920091075016374	-0.0004578319186644545	-0.00039987783797476584	0.0009525611868771607	-0.0004405012541559448	-0.00018377481751246944	-0.00022310356136189327	-0.00034468467559329967	-4.4772621327396865e-5	-0.00030620109084222424	-0.00029048664040550246	-0.0005396063661915543	-0.001135150887349905	0.0001258605674096672	-0.00037806113705239706	-0.00025350509457425403	-0.0001843619296554213	-0.00012383389627712398	0.0007322275188776425	5.355710361147365e-6	-1.2652919464093988e-5	0.0008829864003769591	-0.00020871225154968885	-0.00010226088797587237	-1.8879981389385847e-5	-0.000123526425459047	-0.00021503657734817322	-0.0002972790218599172	-0.00024004538658561978	-0.00025968722828521775	-0.0003721270450767183	-0.0003854092661156709	-0.00047920479637967705	-0.00020328598984765446	-0.0017781938422936172	0.0011631277393899528	-0.001844459869113882	0.0016698711810112909	0.0016997511917670079	0.0013923016078294615	0.001323711985743532	0.0008117802724436811	0.00023700354821222513	0.0007405206920577069	0.0009426279597363478	0.000635924693327477	0.0006599210843886657	-0.0008403356285527374	-0.0008237544625653952	-0.0007190118408712865	0.0005681986291831845	0.0005074947697472783	0.0004180928628022898	0.00044680000858562203	0.00046848532067802085	-0.0005902424033136741	-0.0006197852528510238	0.0005244562821876296	0.0005133980347629512	-0.0006417698089168926	0.0005987560575565834	0.0006683204126011941	0.0006900666394004328	0.001141554445972749	-0.000886842081966805	0.0007376485016953485	0.0007374663067653614	-0.000800737916276681	-0.000763581323508396	-0.000725382856011324	-0.0007103309541745158	0.0006407122985294957	0.0006780321604521401	-0.0007575909622120039	-0.0007586342801634157	0.0007399528607376134	0.0007551497703466503
5.5131422159449255e-6	2.6163299138553392e-5	2.779302322132777e-6	5.023733853366905e-5	4.8987556849872755e-5	-0.000998245404247632	4.876024558506933e-5	6.313871535529921e-6	5.3644374477170454e-5	2.280662711535617e-6	7.607699984330018e-7	4.691999509724037e-6	4.963243542181566e-5	4.0106635934857005e-5	3.538768444356303e-5	2.4217241323092466e-5	4.717745736592435e-5	2.6686015202305392e-5	4.1880342106708304e-5	2.8173540693441127e-5	3.447200967900534e-5	3.546097237499949e-5	2.434436144066335e-5	2.3962415946019583e-5	3.4295631499482206e-5	2.3690820548616072e-5	4.5673815742919375e-5	3.575146373711131e-5	-2.0572745845423568e-6	3.740408875426804e-5	2.979926101856294e-5	3.350028846074997e-5	-1.3382741112565131e-5	1.1833380218078966e-5	-2.006918209526351e-7	-5.510693464527358e-6	-3.237060148143095e-7	-7.864688294519475e-6	-0.0006475377637751509	2.0717796803284118e-5	2.7109717988201866e-5	4.0173948387487585e-5	7.542256351538985e-5	8.275004918513159e-6	-3.1562524972512246e-5	-1.745211503318485e-5	-2.4156782612363157e-5	-5.6898653621334245e-5	-0.00013924266315747027	-0.0002373220088673915	-0.0002908447076671616	-0.0003714268122196468	-0.000455346073711851	-5.53153283122448e-5	-0.0005514074885127696	0.001697553810137446	-0.0002273769897336757	-0.003967049067710388	-0.0002610187808217007	0.0008735746736229441	-0.0003563861535531114	-0.003344100520811838	-0.00017351738062427232	-0.0003385205211671504	-0.0005014879522922499	-0.00031244514976617056	0.0006741074491445234	-0.0001856964702518231	-8.88120940314074e-5	-6.575176668575586e-5	-2.387996432321165e-5	-3.642361661989951e-5	-0.00030199925495947525	-0.0014784928442997721	0.0008807779058639647	8.939993286604785e-5	-0.0001760917654476668	-0.00015487868819482513	-0.00025808944422560116	0.0004987620916283692	-0.00023710468415204982	-0.0002395555462517216	-0.0002487261848271166	-0.00039523859619592164	-0.0003362072872738252	-0.0004635124888356288	-0.00013521519636049313	0.002291694376277539	0.0020666842240557592	0.00137470588430597	0.0012860708562654685	0.0011515934574351855	-0.0007018762656832997	0.00016862069888080216	0.0007307490528706321	0.0007089751318240206	0.000645445898602142	0.0007149120830431403	0.0007377582910936785	0.0007729820507143504	0.0010883139440693093	0.0005360884336151985	-0.0004570160508888372	0.0004255038598173261	0.0008816321743522807	0.000471087747408699	-0.0006428059147055038	0.0010042279906636318	-0.0006392670251823365	-0.0002819706940350268	-0.0006691915791030107	-0.0007051615532934407	-0.0007710391315754938	-0.0004825673744137055	-0.0008582557464905109	-0.0008734723201538628	0.0007251968411981359	-0.0008531963394170419	-0.0007918930502224413	0.0006868106527431667	0.0006542458310113499	0.0006501144427454382	-0.0007073727519551999	-0.0006950489257585434	0.001210342720495334	-0.0007573957211525948	-0.0007705536347321043	0.000719726942478426
3.102301111448762e-5	6.268819841156147e-7	2.864716007638696e-5	5.06602462279715e-6	-6.500104756258351e-7	1.0631057813839098e-5	1.1999129146341467e-5	4.9938571902548236e-5	1.0580897985478454e-5	4.5074336244870145e-5	4.059927859298613e-5	2.955930466120183e-5	4.103440371053409e-5	4.674813092965437e-5	1.1237077894384506e-5	3.281555652040436e-5	1.6625251468809898e-5	3.0258138410989288e-5	1.5103725076572386e-5	4.552240965348213e-5	3.648234331892679e-5	9.0177798126571e-6	3.5949930694394996e-5	2.3143096091604717e-5	2.223734817905507e-5	1.838989716359098e-5	3.0808929367577694e-5	4.000852944125474e-5	3.7464261067954654e-5	3.2680970861757516e-5	3.445603895586456e-5	2.9454736768667932e-5	2.104357550423465e-5	1.2431687839554008e-5	-7.429117754190282e-7	-9.329571843557944e-6	-5.185517552342995e-6	3.3767325521459265e-6	5.146687678152847e-6	6.4237471245878665e-6	1.0363157664937308e-5	1.962829236574256e-5	4.617331119387714e-5	7.448892771070355e-5	-6.792957309972652e-6	-3.1145636835040865e-5	-2.868975065992629e-5	-5.109968352710729e-5	-0.00012058167535514554	-0.0002225969360605145	-0.00028527209002621396	-0.00035340897848428875	-0.00043771119156442483	-0.0004968149534042643	-0.0005153197316673129	-0.00048605179399350586	-0.00045124666760696687	-0.00017006225377339153	-0.00024796815672946827	9.361336071442208e-5	0.00337300191372437	-0.00024516101853921165	-0.00036466203986534017	0.00030549861406493385	0.00046281813426788396	-0.00032418618639214495	-0.0016610604044920763	-0.00019289886899608467	-7.952526244113479e-5	8.933731109634236e-5	-6.025387539743132e-5	-0.000289392811459138	-0.00031143919122932247	-4.2454254789393506e-5	0.000888258008779853	-2.3638842304343332e-5	0.0007629676043502203	-0.00015193337132442773	-0.0002283083479024642	-0.00024310043106886376	-0.00022098714162860052	0.00042609139811504914	-0.00022837857492732146	-0.0002308583942018782	0.00031501842579151817	-0.00030711884611539075	0.0024069877845537624	-0.0002746735538923257	-0.00040381837825933554	-0.0003302070037773707	0.0021502202815381526	-0.0006797883270097914	0.00032817297541916975	-3.019425391459843e-5	0.0005654195071749888	-0.0006536029298079824	-0.0007734560897085089	-0.0009517421580732682	-0.0007766286242133816	0.0006644793480285478	-0.0006198007944046039	0.0005085038232723136	0.000443445006783011	-0.00045012780837114024	0.0004272185336017193	0.000524876618583994	-0.0006625657888918702	0.0006143643478766919	0.000955372360345139	-0.0006858939863915747	0.0005603451572680799	-0.0007352977502884483	0.0006124191833232605	0.000658228726273572	0.000652710078566539	0.000647849665024727	-0.0008163941958487173	0.0006419993316180198	-0.0007686670788194325	0.000634710603389908	0.0006100697997186402	0.0006131537967372079	0.0006101100649813789	0.0006713121017362894	-0.0007477206923213573	0.0006834553720286795	-0.0007868538154740565	-0.0007732487923159436
2.9644216493780046e-5	-4.028641103736284e-6	2.8570819695538556e-5	1.4476069108400672e-6	3.4112195815887906e-5	1.854923731216436e-6	4.818855403254598e-6	4.467442155859963e-5	5.1942700490944464e-5	4.885050218143112e-5	2.6678642025090133e-5	3.5744415281642396e-5	9.28842132743885e-6	2.951440602673059e-5	9.040719051517311e-6	2.9550835861988497e-5	1.2465427170628538e-5	4.274461541675667e-5	1.3894668915179838e-5	2.12453293185706e-5	3.089123176465295e-5	3.718329158486377e-5	2.6592440207013398e-5	2.678691855006218e-5	2.3832711705160624e-5	2.8126908175105493e-5	1.1921066177879606e-5	-6.99064893742345e-6	3.129955003650098e-5	3.486618901172634e-5	2.9834321800721337e-5	2.426110938871513e-5	-1.090887921241881e-5	-1.3032002932231125e-5	-1.756665343399192e-5	-1.4536520032289689e-5	-1.4050690730045903e-6	1.2195033822614415e-6	5.191455060721837e-6	2.6294547494822972e-6	1.533832871442888e-5	1.0517373177118365e-5	2.075566417468087e-5	3.9942296911572644e-5	6.586996895665458e-5	-1.5420001177248333e-5	-4.129473560813136e-5	-5.051747137989663e-5	-0.0001038774793164169	-0.0002026969786412061	-0.00027859648691613966	-0.0003366871421389781	-0.0004182011253673376	-0.0004928435611651532	-0.0005382734534658531	-0.0005228864481200517	-0.0004987389973776712	-0.00042432002424141416	-0.0002930338574281188	-0.0001873965488783649	0.00024471010977419796	-0.0001390735654204639	-0.00010712991654719672	-0.00023404711994030446	-0.000858471623229435	0.0001714415728962639	0.00013926743912845863	0.0007830760988939084	-3.858121279746692e-5	-0.0001481598642831929	-5.755599506349594e-5	-4.533124706184756e-6	-0.00020683902633997567	0.00011170499014121274	0.00013913337091847437	-7.691077046498513e-5	-0.00010202573306009608	-0.0001576101038419371	-0.000237821085296967	0.0004066657748456881	-0.0002160869971019777	-0.00019656998181626605	-0.00023682583679521295	0.0003685685189710108	-0.00022706406273847622	-0.00023434992266504985	-0.0002352159168855783	-0.00024688610444326305	-0.00025636445452306873	-0.0001273483039180255	-0.00024841695451397264	-0.0001726677701429334	-1.395922092435782e-6	-5.205064606420354e-5	-0.00028266651376360934	-0.00048671263876245204	0.0006126224555556728	0.0005893221749930029	0.0009328062495699441	0.0005251046286366729	-0.0005868144386013256	-0.0001101540621610401	-0.0005037444139807884	0.0004861564633143402	-0.0005116373864854978	-0.0006082865354276436	0.0006233850455117699	-0.000745839654359929	0.0006250845208849811	-0.0007282097784287885	0.0005327114997758235	0.0005332754284284483	0.0005869001533955398	0.0005753242379330416	-0.0007964726998193586	-0.0007894232006063167	0.0006243529981051301	-0.0007716265446024921	0.0005896612159128753	-0.0007301819348562444	0.0005953480154123007	0.000597548395644726	0.0005937591092906305	0.0006292135570831769	-0.0007278442425868287	0.0006609494935565165	-0.0007520685251382448	0.0007194079525343422
2.3223151146713585e-6	2.743799545834526e-5	2.9125697550963893e-5	2.2065620256428616e-6	1.9061184418996038e-6	2.4975381428279475e-6	4.419176751848427e-5	4.4994003994621606e-5	2.7811794270929608e-6	-9.452885765299937e-7	3.269845309828725e-5	4.653824370109364e-6	4.1425321029681886e-5	1.7767920736238576e-5	3.3663335385889274e-5	4.514012265173148e-5	2.661617393947863e-5	1.5458011333902445e-5	2.9206908822246454e-5	2.0947468898276653e-5	3.521758678944249e-5	3.9305749927135694e-5	3.7035583286173634e-5	3.113605841007091e-5	1.8852961096703933e-5	1.991497551238723e-5	2.8899879497010575e-5	3.273152880328765e-5	3.90879011202491e-5	3.294839543135572e-5	3.6076261830268524e-5	2.7736036289758735e-5	2.037611953066001e-5	1.689393543488518e-5	1.0106425758717088e-5	-1.661383692264616e-5	-1.1107314015247616e-5	-6.819496463795344e-6	-2.849038145880849e-6	4.133300505841913e-7	4.112520606648412e-6	2.1901723925297264e-6	4.181206283873466e-6	3.816121958000575e-6	6.816932006711699e-5	7.45664533760126e-5	-4.1155379597719545e-5	-5.7928471785704747e-5	-9.04533511214404e-5	-0.00017433029366665425	-0.0002649994819597869	-0.00032113016836680984	-0.0003938991995550904	-0.00047895756181588756	-0.0005785959798591854	-0.0007695117888197088	-0.0004757846214317133	-0.0003911516026916615	-0.0006126802929489134	-0.0004634974183664181	-0.00019562762028579005	-4.088583450345077e-5	-0.0002943746872665319	-0.00012471193922517377	-5.960387380607793e-5	-4.284992484024017e-5	-4.3840213590114196e-5	-0.00013710870376886994	0.00037722470266634243	-0.00033492213998066213	-0.0003663193280377267	-0.00023590850453823666	0.000539995849597151	8.399578740807094e-5	4.495773227375984e-5	-5.170400159582207e-5	-8.88849290193723e-5	-0.00020955416540717735	-0.00021348420405004672	-0.0002302093726823536	-0.0002174421572368455	-0.00017682201974501995	-0.00016308892513880978	-0.0001392183261750301	0.0003062768861443661	-0.00020222265200518091	-0.00019330584231369574	-0.00021533060471786662	-0.00017011597248461994	-0.00011400696134577452	-0.00013819592306852854	-6.683829579000929e-5	7.089019542696074e-5	-9.696295231580729e-5	-9.174779720647237e-5	0.0007211944908964789	-0.00032069799411313426	-0.00035791379542143235	0.0005897948425117564	-0.0006301992721757452	0.0008780672087562477	-0.000580003478898119	-0.0005576819466580939	-0.0005651973299681048	0.0004984486382808464	-0.0006411429793571071	0.0006275225548413852	-0.0007627517094080079	0.0005986018158702874	-0.0007400090199765155	0.000573773187468327	0.0005440871794314909	-0.0007281352015231133	0.000565961829236065	0.0005739103040481143	0.0005795624890191846	0.0005799166813001146	0.0005844079651572413	-0.0007354035840514907	0.0005801708376628563	-0.0007222709930459017	-0.0007022456150781401	-0.0006781045414963214	-0.0007103176989032211	0.0006454937381309756	0.0006556334385850616	-0.0007529157045456868	-0.0007492049837562031
3.0438866285300258e-5	3.703611361376754e-6	1.879583320113661e-6	2.944303956000673e-5	3.208379447490939e-5	3.502395661306813e-5	3.787276161347313e-5	4.640997928906268e-6	4.7294213782896576e-5	3.242848861877796e-5	-1.2135843203197401e-5	3.467190896019098e-5	4.220715105143378e-5	-1.0502835861024616e-6	1.3035811410904612e-5	2.5418647102377684e-6	1.8400314787450894e-5	2.1435584188030294e-5	2.8677539821224895e-5	-0.0013826279950526802	3.2437446306830646e-5	2.286443899737929e-5	2.1375836393915733e-5	1.6989338893027596e-5	3.0706183520005535e-5	3.2902008267790116e-5	2.1403929454516524e-5	3.1347440160816144e-5	3.854424832220368e-5	3.17849282713441e-5	2.9618299196657602e-5	3.853697325700172e-5	-2.862675295314636e-6	3.466158619122215e-5	3.1551208792563856e-5	2.2889275535722823e-5	6.660416007771546e-6	-7.920766206977441e-6	-1.3979103816673909e-6	-1.0993349202205287e-6	3.000344138382686e-6	8.49048085762292e-6	-4.8317838782470975e-6	-1.4543530793889852e-6	2.159732330477243e-5	7.286704113646848e-5	3.825333841424067e-5	-6.576416126709696e-5	-8.665889838682704e-5	-0.00015098204975509395	-0.0002451062909646995	-0.00030781162570156246	-0.0003677635583500976	-0.0004454507960861614	-0.0005868558174844905	-0.0004585731342079437	-0.00045319755805140523	-0.0007005064539474058	-0.000545914165920691	-0.0005100152354157355	-0.0004688722112226873	-0.0003813986762884157	-0.008684855376782048	-0.00025815968485161205	-0.00023999452766372813	-0.0002920326403742799	-0.00030707014533675955	0.0002692231541883425	-0.0003987557775621481	-0.0002630811418132331	-6.545105587440429e-5	-2.089259590414526e-5	2.6362570143610535e-5	2.9452281132815936e-6	1.9053162195930076e-5	0.0007540470446974344	-0.0001253700330190754	0.0005207179925658593	0.0004498639328826882	-0.0002522305477991346	-0.0002195026121661666	-0.00020401231130739083	-0.00016401221948764144	0.0003852755842945676	-0.00019235675682773446	-0.0001616486159649504	-0.00019125390398160025	-0.00020516506131630467	-0.0001374729029690082	-0.00010266750592692261	0.0001614003130105809	0.0012951816633028756	2.1503655828019035e-5	-0.00012288655186199187	-3.4076584033292286e-5	-0.00011092491674733352	-0.00018540279931620685	-0.00014237353808270502	0.0008129224324469322	0.00018137868035425974	-0.00027104992130621165	-0.00035530342801029513	0.0005010579889991665	0.0004980266659816972	0.0005107262376900334	0.0005748342097612255	0.000607908060715819	-0.0007219662643012225	0.0005673102069912728	0.0005824341475026509	0.0005379371813212723	-0.0007520790910775792	-0.0007278177883824526	-0.0007196496882452396	0.0008108568946744586	0.0005317895738029014	0.0005346784066381414	0.0005500186917258769	-0.0007045191547646028	0.0005292158130797251	-0.0006987747361556071	0.0005586860901548641	0.0005836817310221078	0.0006288710096544517	0.0006258469803010602	-0.00076504139599516	0.0006653747432306604	-0.0007510132110154699
2.8157822765594812e-5	3.0098547583760557e-6	1.8448114085347408e-6	2.773356035228882e-5	3.0232762771727174e-5	3.3002297320265054e-5	3.54048684641012e-5	3.0164001818213824e-6	4.5944867164596876e-5	3.327707994283497e-5	-0.0008512116823628776	3.5599911623614795e-5	4.1954817877359776e-5	2.356622865878357e-5	1.2957809228885363e-5	6.155200224110171e-6	2.7690008478264885e-5	2.3809182591154614e-5	2.901579697366964e-5	1.7776273601442555e-5	2.7450486592928646e-5	3.723230166200733e-5	3.412009492815768e-5	3.461154387075023e-5	1.906808802614162e-5	9.445840643728309e-6	2.400982175229118e-5	6.87216972243207e-6	1.5640379245906739e-6	5.078870004464678e-5	4.965580932195907e-5	6.0444570004964445e-6	5.100696767230571e-6	4.010875624277659e-5	-1.1793364462244198e-6	2.5347173266071846e-5	-1.2181703836535709e-5	-9.583740765041612e-6	-5.463653665529079e-6	-1.2224835672024984e-6	3.383274456273712e-6	3.7439095863821877e-6	1.6893525967226833e-7	-6.624485718721533e-6	1.644847465821558e-6	3.306967363216778e-5	8.184157171533331e-5	-2.63025365268392e-7	-9.66212745985844e-5	-0.00013892120510646108	-0.00022324022811327912	-0.00029336773419399087	-0.0003452548440323355	-0.0004062798106434012	-0.0005230463480874613	-0.0011007055084352605	-0.000492021659644396	-0.0006307336752958085	-0.0005096547262607417	-0.000533330517915793	-0.0005345217529696212	-0.0005212408646249533	-0.00046563882325216695	-0.00034356816467327484	-0.00041033885563046286	-0.0005356503018387124	-0.0004645964529035587	-0.00041380348136050085	-0.00023822998764810605	-6.469655194991843e-5	0.0002947678884057366	0.00040568945496219887	0.0004513335809171095	-4.042546471419873e-5	2.8497293200722973e-5	0.0006762335827833641	-0.0001427311734028265	-0.00010589858416951321	-0.00022429466373123305	0.0003181737406612764	-0.0002328834098889684	-0.00020214159372874876	-0.00016520916550477995	-0.00017839070097941953	-0.00018750770145835446	0.00025391953167913563	-0.00016898770973552794	-0.0001600696247684762	-8.923807874694316e-5	-0.00010416467276638461	-4.8628318368511454e-5	-5.938293703737149e-5	-1.9792350621297434e-5	-3.5580136056553077e-5	0.00033597564339547326	-0.00010330246585717358	-0.0001295088536515908	-9.378129560735611e-5	-0.0001346614833794388	-0.00014677032952240378	-0.00014513387493580695	0.0009375925068858589	0.000908539310707124	-0.0002236039053678555	-0.00030740244252405215	-0.0005147982383818875	-0.0006861258307206829	0.0005399101634716275	-0.0007134270520139712	-0.0007503609555903649	0.0005573479447680487	-0.0007475045501658057	-0.0007354850417670093	-0.0007180996138762374	-0.0006810598763908244	-0.0006825564830018169	-0.0006861272330423878	-0.0006933062495237158	-0.0006894309131118834	0.0005052170281649856	-0.0006923405633010729	0.0005514183304277547	0.0005556484284927141	0.0005971600254559613	0.0006104484906383541	-0.0007488405292251088	-0.0007725204592020935	0.0006601224423827951
2.6693366975092943e-5	2.6717740925143608e-5	2.8004702206610877e-5	3.603316150174046e-6	2.7755921073966956e-5	3.0188871357887974e-5	3.180307455441647e-5	4.1277695418155615e-6	4.5248154046416205e-5	3.133274725004463e-5	3.6149882746131694e-5	3.518049609628189e-5	3.0197301352323774e-5	2.253045619959762e-5	1.2236181734859362e-5	1.8309728120710525e-5	2.3160998715540974e-5	1.794660790692458e-5	1.477873002039094e-5	2.429159406649637e-5	3.4859489888834725e-5	2.5989462313849446e-5	3.4632692599601304e-5	3.284019892064224e-5	3.701689885313912e-5	2.9488738631700982e-5	1.1081844245931002e-5	4.1044277197024295e-5	4.1565728086940916e-5	9.181451587810798e-6	2.6139297234259017e-6	4.447717240997151e-6	7.422597167981715e-6	3.3788035762706906e-6	-2.1026377174592718e-6	-4.112613958726866e-6	2.060295397924238e-5	-9.351334721418442e-6	-5.7463302331858986e-6	-3.0391510313140108e-6	-1.5665749545572087e-7	7.544398096699656e-7	-3.6751889176812706e-6	-8.72454929415822e-6	-9.11743533391898e-6	5.81878562948019e-6	3.2678108802117667e-5	5.269981382510758e-5	-2.7968418657339225e-5	-0.0001403334928368541	-0.0002025660178269211	-0.0002757891667403366	-0.00032414033563666093	-0.0003780213397908713	-0.00046689942702588883	-0.0006053305399139576	-0.0006800233792832698	-0.0004731137464010016	0.0018395965348056527	-0.0005193708854612285	-0.0004975215768077829	-0.0006086171344500419	-0.000510897078716049	-0.0004555212302479036	0.0069346859277976325	-0.0004236938718876846	-0.00031700664672069945	-0.0001936568132593396	-0.00016183424251660188	-0.00011450683851405713	-6.505060293881398e-5	0.000910610438345223	-5.120685148125685e-5	-1.8140520117852256e-5	-3.0421283617903562e-5	0.0006516319261818076	0.0006215850165371757	-0.0001498464042306918	-0.00022810918984243365	-0.0002492583288858175	-0.00024614465768600614	0.0002625423212619703	0.00032291282928066005	-0.00017775689776414845	-0.00016571551707207427	-0.00013644182948434336	-0.00017181891077589113	-0.00012027018948385353	-6.922772822139534e-5	-7.02993187711538e-5	-4.933629585140032e-5	-4.597877784910578e-5	-3.6332389823578396e-5	-8.96829342995984e-6	-3.0195430761120138e-5	-8.12463824229016e-5	-8.732746225886432e-5	-0.00010572451735450404	-0.00012360024583681984	-0.00011952290027174555	-0.000102806529080437	-9.666275489276762e-5	-9.326628989958247e-5	-0.0001022387537519048	-0.0001255010396591168	-0.00016033859787861282	-0.00022246890485946554	-0.000312998843086487	0.0007249134161061029	0.0005225908065047071	-0.0007490007447550251	0.0005366254544284768	-0.0007546500121766359	-0.0007065600460809548	-0.0006943590768085416	0.0004428579273969618	-0.0006682479133282354	-0.0006816669421241296	0.00048127179356257516	0.0005067373693254818	0.000497311121792801	-0.0006897390575556664	0.0005646627875860455	0.00057072521001567	0.0005942810678959609	0.000615581329038912	-0.0007436570740801071	0.0006360755270164674
2.325299986018301e-5	4.694150197286648e-6	2.690033194338733e-6	2.552192455817083e-5	-1.803330670320589e-6	-1.172681409837811e-6	2.831714902188189e-5	3.829326780612857e-5	-2.0636463363366215e-6	3.0141519773420832e-5	4.055626239382766e-5	3.243862860135443e-5	2.8930805912499966e-5	2.0382188193606853e-5	2.1777767490049763e-5	1.710777878690371e-5	1.60378120402934e-5	1.782481008634593e-5	9.43408571990904e-6	1.7075905609840558e-5	3.497344619779366e-5	3.303862240202325e-5	3.704681091859876e-5	2.205679809513556e-5	2.094318790897391e-5	2.9361225924349967e-5	-0.0014252441250347375	1.4711826838280937e-5	1.5921174221909156e-5	1.1989149110373364e-5	5.413549721976392e-5	5.187873226413517e-6	5.0738182805979814e-5	4.820914768997311e-5	-1.4640705209973109e-6	-3.545425514322109e-6	-9.080578521015667e-6	-8.117721571310708e-6	-7.294463066670649e-6	9.729684468203674e-6	3.179864663965283e-6	-1.0598865000878335e-6	-5.78034479598857e-6	-1.0588497863656945e-5	-1.5345397370641542e-5	-7.149006240686701e-6	6.546241711864135e-6	1.3079479841072083e-5	3.239002154090424e-5	-7.164853442414112e-5	-0.00019354865405200048	-0.0002572990433964825	-0.0003051028291652775	-0.00034811702209180386	-0.00041919040817840064	-0.0005264894636308011	-0.0007101056874536356	-0.0004632603349567213	-0.00047621103749565224	0.0014525000762339235	-0.00046580378791503865	-0.000416272006730856	-0.0003788383875862533	-0.00028208443922262284	-0.00023939056898458766	-0.000309049117154926	-0.0002862381648777645	-0.00019870266188030342	-0.0001318221091532604	-0.00012991537831894863	-9.182239869831837e-5	-9.292977762710795e-5	0.00039626593736372204	-5.9988809421405304e-5	-7.086034855218436e-5	0.001959492476072465	0.0006029464950755691	-0.00014384047037381683	-0.00020507194856145012	-0.00022470187547013855	-0.00021709382121535984	-0.00016777755108872286	-0.00015281852049067388	-0.00017914926746444727	-0.00016334592525958213	-0.00013603180845239444	0.00021574286014614235	0.00019132136734442608	-7.85574810691558e-5	-3.745267936007459e-5	-7.613182894975704e-5	-2.641889133936457e-5	-2.082472976806197e-5	-2.9355439572003802e-6	-3.682230062607497e-5	-6.221541019910777e-5	-7.444297396182447e-5	-0.00010466661342305563	-0.00011664454480023049	-9.90349115971784e-5	0.00026359742547962675	-6.819154720789922e-5	-6.363347443766798e-5	-5.3208690832800155e-5	-6.397428849377884e-5	-8.370295433624995e-5	-0.00011514673521392099	0.00013352578154364123	-0.00020760390292052676	-0.00027292440036132473	-0.0003403100414545407	-0.0004263571024000555	-0.000613720400583829	0.0004795521896885772	0.00046896729394046077	0.00043743043237809334	0.0004497287531363093	-0.000640773979605888	-0.00066522497208125	0.00045832198933212775	0.0005056685943653468	0.0005153888833724215	-0.0006894520709726875	-0.0007043203160915046	-0.0007170194778625114	-0.0007354721332617224	0.0005879243513485068	0.0006218208729253012
2.161582397322841e-6	2.0418503737467775e-5	2.0655148980596155e-5	2.1949216783741514e-5	2.4176450991145897e-5	2.4994162233082516e-5	2.6209856353449597e-5	3.204064798080616e-5	-3.0792891376725876e-6	-1.3512766210076427e-5	-6.450301776866484e-6	-6.188649042364195e-6	2.5263566265533574e-5	5.5147845629021416e-6	1.8632767992581077e-5	1.396359114430709e-5	1.5168678548733235e-5	1.1653996626002894e-5	1.4380304580945786e-5	2.4159375559398085e-5	2.4362055537580714e-5	3.0219015932655643e-5	2.236288056127098e-5	2.147596411155358e-5	2.014388744773349e-5	2.4331886165043955e-5	2.9789725133571687e-5	3.395574024718333e-5	1.3971395728594417e-5	1.1096317775028232e-5	5.469982175544371e-5	1.0061082752392623e-5	3.671461309712881e-6	3.237700121070178e-6	1.0897190808132479e-7	-3.803209893185871e-6	-6.8860292881027605e-6	2.194186664946263e-5	-6.0325271965906355e-6	-3.4465302447119015e-6	9.205769891827351e-7	2.9856145936828574e-6	5.344753521512556e-6	-1.1108241280001312e-5	-1.5499669496406862e-5	-9.63991687609727e-6	4.477746930658727e-6	1.3362954230514753e-6	3.2523018379598204e-6	-3.336679970853112e-6	-0.00013355594034488967	-0.00024285456082830115	-0.00028941058697029	-0.0003241771244345262	-0.0003751223370458603	-0.0004855750751836356	-0.00048387445701840014	0.00020618827725369607	-0.00044092426380619096	-0.0005371504411031932	-0.0004561952440646465	-0.0004032397895337939	-0.0003760022501011909	-0.00029516608044185145	-0.00021856893921356427	-0.00015318980786469677	-0.0002907514465897961	-0.00022769869348418514	-0.00015986470789349297	0.001453152445713866	0.0001826951433006943	-7.127324414548612e-5	-5.0134704605939856e-5	-0.0001141209051178137	-0.00010037260153310419	0.0011241056179896397	-8.240817377860995e-5	-0.0001228740886983744	-0.00017268546464487347	-0.00024995677384632205	-0.0002332151626276602	-0.0001641572569181988	-0.0001771633487386375	-0.00017378543293154356	0.00028016852140885697	-0.00011490549088804874	-0.00011738852086179245	-4.2165219152779515e-5	-8.791858474875352e-5	0.0001340776158815886	-5.494086796579024e-5	-1.2230647887913684e-5	-1.5735195857576045e-5	-2.088819321253337e-5	-3.326820383934507e-5	-5.43605807626921e-5	0.0007566600210784044	-0.00010907227237216127	-0.0001100444243684346	-9.858409906670848e-5	-7.99451520622327e-5	-4.884148906790899e-5	-3.7157536219168796e-5	0.00029916012131315107	0.0008783334929427129	0.000252303931425708	-6.543776372663988e-5	-0.00010322582597139477	-0.00012934796619488076	0.0010418462577169922	-0.0001898398551898801	-0.0002346134265829975	-0.0002589395599752716	-0.0002899730480526437	-0.00036049231353804624	0.0006457090639647883	0.0004211279821284366	-0.0006337058275973488	-0.0006519916832371819	0.0004373819877184922	-0.0006572939880234449	0.000476340704251804	-0.0006708483969334353	-0.0006880613073778066	-0.0007013213144394545	-0.0007194103868930573	-0.0007362973770315916	0.0005722529515231681
2.4858937640044165e-5	2.4686455387025073e-5	6.25844201752857e-6	2.541495605669895e-6	2.6935450634469693e-5	2.104260257341264e-5	2.4692454066299195e-5	-4.412110691989074e-6	3.391768663753438e-5	-6.1163706280517615e-6	-9.903413856765118e-6	-3.567011628571263e-6	-3.5902423861191896e-6	3.119450065109145e-5	3.8677776940287045e-6	1.4422573976955962e-5	1.3751969832770947e-5	9.595693443973405e-6	2.575551398552897e-5	2.6579159949810765e-5	2.1183784876520903e-5	1.9203278858116366e-5	2.069689356275239e-5	2.0348263964680628e-5	1.6223326560483296e-5	2.973303497907226e-5	1.0173395897819341e-5	3.057336594106802e-5	1.2788008786347423e-5	1.0655073565932248e-5	1.3150567182510777e-5	8.91984011812722e-6	2.3029590345510255e-6	4.742174547554649e-6	-9.384259502722564e-7	3.6736603198356385e-5	-9.176150235484922e-6	-9.730288206671314e-6	1.852677472781103e-5	-7.360889836880271e-6	9.807445633868914e-6	6.297117147711397e-7	-5.683054170595343e-7	-5.331435447796223e-6	-1.368701937959002e-5	-9.858567048625462e-6	-1.1434602417812086e-6	-1.3278305055367066e-6	-1.4843969045998454e-5	-3.2643969470337294e-5	-6.422573399452228e-5	-0.00019128434258432908	-0.0002775879298983668	-0.0003054940385684851	-0.00034059746269541735	-0.00041506287741067483	-0.0005534591240490992	-0.0007091834965132276	-0.0004533187824437351	-0.00045636145585572184	-0.0004595306847233853	-0.0003697690144485819	-0.00037419082994571626	-0.0003108199539302546	-0.00024916335799279703	-0.00032473556377927114	-0.00016152674573027825	-0.00025259810891983467	0.00252711468128608	-0.00016781359012019333	-0.00015680363494093453	-0.00012030860921388112	-0.00010182240993308715	-9.586713375826523e-5	0.0004267432829097072	0.0004959963077752439	0.0005028429956001595	-8.969549919878462e-5	-0.00017396117535098876	-0.00023881635276031118	-0.0002293912734233571	0.00018650431089766578	0.00024256495374265757	-0.00015772274850965173	-0.0001222686654653326	-0.00010922643704932254	-7.997891206334247e-5	-7.804590816205131e-5	-8.729197132934397e-5	-7.274968702654806e-5	-3.912296820254369e-5	-2.948693702736543e-5	-2.4969102967967605e-5	-1.7914670044291703e-5	-3.792946168959879e-5	-5.6653976755565143e-5	-8.873890128257298e-5	-0.00010648308865496151	-0.00010754521941410853	-0.00010222185931339821	-7.294109992044906e-5	-4.1041225715696475e-5	0.0003021349375561004	-2.1447823712428087e-5	-1.6461232754021518e-5	-2.2850912090061504e-5	0.0002351141049110263	-7.071652952199674e-5	-0.0001023903289537522	-0.00011962063209541027	-0.0001472657760894446	0.0010368049181714548	-0.0001742441483835815	-0.00018765066869776874	0.0008759635149856106	0.0008522207075538856	-0.0002739254506931455	-0.0003150670298344548	-0.0004078946336336358	-0.000515681546347038	-0.0006507945680429578	0.00047052051483833374	-0.0006576267447995065	0.0004957281697490841	0.0005041599277262263	0.0005327567087723797	-0.0007218018646030057	-0.0007018202152022463
2.242585797986626e-5	5.4585397850538545e-6	2.257078620108066e-5	2.1100763288308343e-5	2.361306983422474e-5	-6.303706975556585e-7	-6.8093105986868885e-6	2.4041166017262257e-5	3.2272313116315935e-5	3.075642794287748e-6	2.7779142037609016e-7	5.095064174590654e-6	5.937921894705019e-6	3.0042597583962438e-5	2.7914595893978778e-6	1.1398743309715186e-5	9.019247542000925e-6	9.824869454669793e-6	1.65720902425533e-5	2.2531251190469254e-5	1.6834916064632104e-5	1.5000025060962242e-5	1.697079201783743e-5	1.6105902567883587e-5	1.6433234249169592e-5	1.403563542692356e-5	8.100426639306708e-6	1.2967939498186726e-5	9.466455175695604e-6	1.4056988430520079e-5	1.2422070199590496e-5	1.1193863478584911e-5	6.112052977717006e-6	5.256874139539106e-5	-8.3890795567307e-7	3.7899098891336835e-5	-1.0470598702351855e-5	-1.1959437461731741e-5	-1.2891955381884182e-5	-7.599158993406609e-6	-3.747172938964056e-6	1.2070979956704201e-5	2.1726330355349537e-6	-1.1774089935553782e-6	-9.268574436237503e-6	-1.0731141014263135e-5	-8.47122809990151e-6	-7.729989315682266e-6	-1.8958629840136985e-5	-3.673997128150167e-5	-6.809198292871471e-5	-0.00012722077639908233	-0.00023880751465628867	-0.00029371606587376723	-0.00031390533053412455	-0.0003605574801182729	-0.0004517975257383312	-0.0005880202334013034	-0.0008661712122506014	0.00010557325328742258	-0.00045798562859388544	-0.00039532058732701537	-0.0003622628288578282	-0.00032025946732794786	-0.00019871079165489133	-0.00029942888491037937	-0.0003325179496184612	-0.0002714004533386702	-0.00021166535865996955	-0.00018173167885449266	9.176269718583468e-5	-0.00012553370212940382	0.00032032779275594555	0.0003699298380307244	-0.00011345721328650301	0.001028919894698326	-0.00010342753393731722	0.0004504661256165936	-0.0001618666022058031	-0.00022075694279904924	-0.00021619381275292003	0.0026876739737786005	-0.00015466627345218312	0.00027136905934567685	-0.00010892426170375875	0.00030488427106633654	-6.379801186685722e-5	-6.831159235607016e-5	-9.889418651672912e-5	-6.921839675902387e-5	-2.2592437398660792e-5	-1.5174272500638117e-5	-1.03285764318237e-5	-2.14388839111959e-5	-5.482290732567374e-5	-7.544414060704947e-5	0.00021782693558628418	-0.00010723837558017325	-0.00010862454723755766	-9.755292465520298e-5	-7.1225994716052e-5	-4.239858831688774e-5	0.000289354583178083	-1.0055940613464421e-5	-9.26225518167777e-6	-1.090411755203316e-5	-2.9303449109168312e-5	0.0001939432101508284	-7.643154821717398e-5	-9.859718173840576e-5	-0.00011155684398577847	7.196490395496892e-5	-0.0001385950582149251	-0.00013780524402249184	-0.0001523629853384745	0.0009140075579128497	-0.00018861983155727194	-0.00020353024233791487	-0.00022623769203101215	-2.250172991872211e-5	-0.0002907374936000993	-0.0003532399997333642	-0.00043286673462361635	0.0005073639165341934	0.0004860032589108364	0.0005058167638018977	0.0005088015969421738	-0.0006847541497386899
2.2937485048702268e-5	4.881526637095677e-6	1.9545018251906432e-5	1.9231496087843743e-5	-1.8914658173662465e-6	3.11219205356521e-6	3.282345825261074e-5	2.915849330246929e-5	2.177732875613728e-6	7.5702195892729095e-6	1.2623841985737552e-5	-0.0007886747858205876	1.0374973276151898e-5	3.2698653510223642e-6	2.8751229843193993e-5	7.505352869031185e-6	1.5137750032903e-5	1.4916202534961368e-5	1.3016985090844426e-5	1.298310098011451e-5	1.9199413887744624e-5	1.793115435364109e-5	2.1317706288515276e-5	1.1999804233546571e-5	1.2935486037209663e-5	1.5524440496046373e-5	1.184939642216189e-5	7.849111492068492e-6	1.1201648393569159e-5	1.1142414793789495e-5	4.389515402434207e-5	5.527160575949635e-5	7.776029448477864e-6	5.183583169459088e-6	-1.5112524885587536e-6	-5.430065074218645e-6	-1.095661800342069e-5	-1.2863613856083696e-5	2.7367457917183485e-5	-9.946737528451115e-6	-6.2371942112905785e-6	6.761655636875613e-7	1.3657743553024525e-6	1.4744611435881655e-6	-6.030286359734287e-6	-1.0117661426468092e-5	-9.50095059148049e-6	-6.70555287904666e-6	-1.6708812022544518e-5	-3.7181365676965984e-5	-6.673790175879706e-5	-0.00011040205235849829	-0.00018475138615220432	-0.00026721707043616746	-0.000296827820282005	-0.00031920581133606466	-0.00038400478616985086	-0.00047277005576738806	-0.00046957073292787886	-0.0007974484521606866	0.001706909192601561	-0.0004314710898850691	-0.0004268102560114461	-0.0003372261009415003	-0.0002600760510428025	-0.0002487589895273489	0.0016387764506703038	-0.00017753384810859085	-8.19275329399247e-5	-0.0001848810117598262	6.472228167831405e-5	0.0001473959659631808	-0.0001403697135704497	-0.00011207341887050195	-0.00011653186612894332	0.0010146540746072425	-0.00010332819817239968	-9.858485900964171e-5	-0.0001284252502836941	-0.00019860812280333507	-0.00022483425648499094	-0.00019484896235447136	-0.00015634046409717696	-0.0001238394567758326	-0.00010387042676883017	-8.528882132658204e-5	-6.582423611852179e-5	-0.00010214075320709448	-9.27462264460068e-5	-5.546516824602148e-5	-1.72380894368886e-6	1.4761230680707463e-7	-7.263855275889582e-6	-4.4206560880194045e-5	-6.827621010894883e-5	-8.061199194674823e-5	-9.26245672544534e-5	-0.00010789557951775474	-0.00011228732403678133	-9.039146994875005e-5	-7.019873017593149e-5	-4.660869131396274e-5	-2.6604468533883083e-5	-6.772702831317392e-6	4.4644159408798595e-7	-2.552691586083823e-6	-1.6386134991410155e-5	-4.0495486083457106e-5	-6.0036915354075814e-5	-7.964346269003983e-5	0.00010222913075560308	-0.00010752774626701482	-0.00010742603004687849	-0.00011076548695938566	-0.00012355053599819813	-0.0001395114651427088	-0.00014648452409554182	-0.00015883794752687662	3.6768853782628754e-5	-0.00017427355200287783	-0.00019101840445902643	-0.0002046839147441977	-0.0002302809820298418	-0.0002672884363692958	-0.0003233068377327564	-0.0003943550259000433	-0.0005250570423425338	0.0005085067911851215
7.173170724357578e-6	1.202211181589312e-5	2.9407588279448116e-5	5.438653500708271e-6	2.228986896114153e-5	3.160569399004011e-6	6.106266243964781e-6	7.75570085604976e-6	3.413322935237812e-5	6.553400726548369e-6	1.1290817966186004e-5	6.187654426104182e-6	8.004440589814727e-6	1.0905534413940907e-6	7.172166785518778e-6	5.838095964450505e-6	2.1819099893764392e-5	-0.0007931961749864957	1.3479382920614106e-5	1.3863573453207906e-5	1.5066976643006479e-5	1.5947723956590953e-5	1.601424101336515e-5	1.604654880798292e-5	1.7906303931088563e-5	1.0818532410875373e-5	2.5664871994542982e-5	-0.0010173113479255789	2.397590977047746e-5	1.0937396100876092e-5	1.0127734277208447e-5	8.822438444486573e-6	7.663768935206507e-6	2.8540270378193e-6	-5.300924928717567e-7	4.378410895174742e-5	-1.0121294404885975e-5	2.7326727726251264e-5	-1.538004598204126e-5	2.649415884666841e-5	-9.34869927959707e-6	-4.101760511435572e-6	4.900053625117758e-7	1.8613960776870612e-6	-1.3327576320928524e-6	-8.36363114853334e-6	-9.975073058971374e-6	-8.193038850205477e-6	-1.387726761668687e-5	-2.9873636587536946e-5	-5.712600886568207e-5	-9.72917565377374e-5	-0.00015074962646554387	-0.00022539813352691427	-0.0002437449771032149	-0.00028905839984358405	-0.00032950660576571214	-0.00039999828067614025	-0.0004644724421002831	-0.00023372017763990168	-0.00011334864585303087	-0.00024338183368837526	-0.0004504855677607122	0.0009178060716950442	-0.0003312771034993771	-0.00027263719625842016	-0.00033047826700498446	0.0018932449088646846	-0.0002614169097237473	-0.00020434462870474318	-0.00016607785521111345	-0.00018407918019258066	-0.000138274737356784	-0.00010725451443277566	-8.6952389561387e-5	0.0009895833237247753	0.00045127761014990666	0.00042136674408642773	0.0003503101756897691	-0.000165643574000663	-0.00021540583378158945	-0.00019342002498699482	-0.00015733931294490723	-0.0001252700854860022	-0.00010610136618880361	-7.121476283082758e-5	-6.47714742556477e-5	-0.00010042509835140071	-7.469198240470445e-5	-2.1220198537360777e-6	1.1537034486325086e-5	-4.703547087339839e-6	-3.242578571291009e-5	-5.698907853068057e-5	-7.59694136114931e-5	-8.706471083821075e-5	-9.255717590886782e-5	-0.00010432650813285748	-9.930823323088533e-5	-8.635341509735965e-5	-6.816517824691313e-5	-4.719526506309505e-5	-2.9043713802793646e-5	-1.0488419028816323e-5	5.607989469037875e-6	0.0002587536419083273	-1.189548210103579e-5	-3.340614674555292e-5	-5.266255804579206e-5	-6.73485434546481e-5	-8.492965556789172e-5	-9.344306662822195e-5	7.411296825719305e-5	-0.00010354222587464481	-0.00011096369070904416	-0.00011735341825363501	-0.00012174921056377864	-0.00013226319952782664	-0.00014425534728372677	-0.00014901379241065308	0.0009287990008552643	-0.00015977819381564687	-0.00016691409922260734	-0.00017656831942276796	-0.00020570107880791676	-0.0002260016058296371	-0.00024509268234414855	-0.00028253145439709757
8.274062515583919e-6	1.1042520168172269e-5	1.1580035197574206e-5	9.480856719159777e-6	8.437703581926743e-6	1.7237785859385837e-6	3.751070112784419e-6	6.518095815811944e-6	8.292789655661844e-6	9.695194053976224e-6	5.202628681186993e-5	1.3665892278596332e-5	6.639572548093045e-6	1.0195725689043152e-5	6.681701609678097e-6	1.0380810756186029e-5	1.1110278709997078e-5	1.0784499320681167e-5	1.19068130883073e-5	1.6038096748333423e-5	1.2918771142561157e-5	1.3080162150787538e-5	1.9843897906344078e-5	1.280190872262753e-5	1.2426948541870869e-5	1.3189032085534572e-5	9.335014504007876e-6	2.1896910692089538e-5	2.4580184895434966e-5	2.5803487363774687e-5	1.1181660471715487e-5	1.1139297049594628e-5	8.502308064339088e-6	6.469055675563601e-6	1.425005811343371e-6	-2.440684843780464e-6	-7.590005696622888e-6	-1.5771641419557803e-5	2.6818820918016574e-5	-1.875559229026183e-5	2.885626250082496e-5	-7.873226018790527e-6	-3.1025241453838323e-6	1.4967532603263204e-5	-7.932199978669466e-7	-3.7533477672776518e-6	-1.274687944969764e-6	-6.7004088448517456e-6	-1.1145170725613933e-5	-2.4208020968060143e-5	-4.579406838672124e-5	-7.919541959598621e-5	-0.00012603531322075015	-0.0001866179256724209	-0.0002419945945946497	-0.00026261255726750185	-0.000286263080982274	-0.00033899566767579044	-0.00040094169416152615	-0.0004129342600851403	-0.0004270377424626286	-0.000442054055635379	-0.00047121926608727476	-0.0004076445805367007	-0.00034814771518250527	0.0011781314683713537	0.0011631108926881198	-0.00028807114042111743	-0.0002606426711027022	-0.0002128816507201807	-0.0001751451470342804	6.651864568026425e-5	0.00019919197860897558	-0.00011528351969079765	-0.00010834335684110213	0.0004240625438351581	-0.00012211369214319093	-0.00010904914494347818	-0.00011129455243181824	-0.0001489131252268303	-0.00019599309905621483	-0.00020281512289699408	-0.00015090028424067726	-0.00011036587713275474	-8.99081837741505e-5	-7.428861260359116e-5	0.0002973038335735384	0.00025362533661066637	-3.1927839824752446e-5	2.0578047821165693e-5	-4.0784934016201493e-7	0.0002443677530338667	-5.0933091693989175e-5	-6.840919895326723e-5	-8.391954814481774e-5	-9.190523611872677e-5	-9.466633233474629e-5	-9.633174978650053e-5	-8.878370654327901e-5	0.00019122736858851169	0.0002208253407488532	-4.560645900555504e-5	-3.0665484759178144e-5	-9.108458913975256e-6	7.081940448048357e-6	0.00024490593935638143	0.00022055596007130142	-2.605968726496948e-5	-4.125018427712053e-5	0.00012944327690454175	-6.91030304324409e-5	-7.997170896921002e-5	-8.562104663253911e-5	-9.300215665387088e-5	-0.00010064018179601003	0.0010058778382916137	-0.00011170026400243987	-0.00011689998624618819	-0.0001250594034485071	-0.00012633679778962462	-0.0001213260490839094	-0.0001283024777561548	-0.00013458329842053023	-0.00014087168626090388	-0.00015619473466169185	-0.0001647110961561628	-0.00017184359976594706	-0.00017725612472651708
6.76745602196376e-6	9.473415984100975e-6	9.950185645102262e-6	9.230630184674563e-6	6.6979567094548834e-6	6.835762694761417e-6	3.2425725749973236e-5	8.55754750578487e-6	9.1351407896864e-6	1.4600050906473619e-5	1.4444308969949735e-5	1.3299502604840433e-5	1.102841250101512e-5	7.326487835472096e-6	8.72887964558939e-6	2.133983623954993e-5	6.598928794490557e-6	1.1299728273003198e-5	1.400296131120473e-5	1.3919781718840416e-5	1.3874007574659415e-5	1.289330917636684e-5	1.4201141868442485e-5	1.445947870709857e-5	1.5545144460885583e-5	9.2426075327972e-6	8.666564068449773e-6	8.826291420692889e-6	3.5720522130141576e-6	7.62764277267413e-6	6.187055117599883e-6	1.132224457429411e-5	9.96882469684636e-6	9.339706871281696e-6	4.2085080279421e-6	-1.1690624852564186e-6	4.393469607485165e-5	-1.4835257392394009e-5	-2.084111067418787e-5	-2.039714810132538e-5	-2.0806817421770412e-5	2.88947692933441e-5	-6.5961344908403285e-6	-2.8659354826549976e-6	-2.73825211848577e-7	-2.9793434601951396e-6	-5.942220630182843e-6	-7.502441668947018e-7	-8.869780456844441e-6	-1.7201532914582797e-5	-3.788947466080647e-5	-6.29930226585956e-5	-0.00010008428362532338	-0.00014846245638137543	-0.00020449797634035285	-0.0002355316102724725	-0.0002510569137829043	-0.00028608243532951896	-0.0003359750686678922	-0.0003803327339964627	-0.00036379045219102997	-0.0003596666374988851	-0.0003526829341452941	-0.0003288529630107078	0.0005432484817634265	-0.00029436121478272625	0.0007370735027069407	0.0011125263336726407	-0.00027753437961061667	-0.00023462143440740324	-5.6431905502566174e-5	-0.00017390005835429302	-0.00014008182290840224	-0.0001255640713263939	-0.00011443957325009283	0.00039203459974577115	-0.00010849972037970139	-0.0001004616704892102	-0.00010116682301434003	-0.00013639863771892306	-0.0001791486571028813	-0.00018038606383497403	0.0010382344657976065	-0.00010835156365831579	-8.556395846749535e-5	-6.866524523309455e-5	-9.355463962683764e-5	-7.085400119110361e-5	3.6318288346875484e-6	1.0082954493768111e-5	-2.114522496800492e-5	-4.48277769973587e-5	-6.116267098942377e-5	-8.050788019005415e-5	-9.023746225823035e-5	-9.51220372638552e-5	-9.579238173490056e-5	-8.671850033764323e-5	-8.12823253092316e-5	-7.728171676472549e-5	-6.450324644932974e-5	-5.265959309688935e-5	-3.086017723915452e-5	-6.5619390392213615e-6	4.073076149263815e-6	0.00023674216904460976	0.00021073587977681876	-1.9163167519443622e-5	-3.3690572969098664e-5	-4.6352368482177e-5	-5.854460128365763e-5	-6.940081781366386e-5	-7.785152036626081e-5	-8.309855295715292e-5	-8.599107962915494e-5	-9.36449893499617e-5	-0.0001011681027114999	-0.00010528622619492087	-0.00011166856790524983	-0.00011073136964272071	0.0009443833806296398	-0.00010854807634959698	-0.00011381527158267212	-0.00011925818933092107	-0.0001231492177213836	-0.0001266025969376373	-0.00014301227089649694	-0.00014733869954956444
1.2717451105683062e-5	1.1292547986342812e-5	1.2416054116234183e-5	1.1672353762581951e-5	-0.0005359699721109315	6.162188843538612e-6	8.41174658950918e-6	1.1003672021807711e-5	3.597497956278492e-5	1.2296163981299641e-5	1.612500484405178e-5	4.86044893375877e-5	1.0497776522343921e-5	3.5905119196046184e-5	4.749820261999509e-6	3.950876079136659e-6	1.0453721587497277e-5	1.4884252959673446e-5	8.312834549672543e-6	8.130974917154457e-6	8.12479576596959e-6	8.901793854124217e-6	8.457452959861368e-6	8.72431208337823e-6	2.0413343611273165e-5	1.1269674455468529e-5	1.0142517466160943e-5	6.876057348742352e-6	4.609112396868759e-6	8.24514687173812e-6	8.633648112480862e-6	8.145305224543323e-6	1.155457246048233e-5	8.82112247163505e-6	7.467878147257101e-6	1.2948652259366783e-6	-4.396963448460162e-6	-1.0579600232457414e-5	-2.0524778049330972e-5	1.9955407066656093e-5	-2.6297066703476505e-5	-2.209568155112562e-5	3.087449129804995e-5	-6.274450461968414e-6	-1.6619632810157409e-6	-3.5247914450370864e-6	-6.198138005142698e-6	-8.109633159642839e-6	-1.5056210428150002e-6	-1.5391162618282354e-5	-2.759030060282353e-5	-5.005513475603925e-5	-7.694885203301106e-5	-0.00011465438440900338	-0.00016419825756173122	-0.0002014814595478905	-0.00021602328720368323	-0.00023793723432195693	-0.0002802220755008557	-0.00032638876668590567	-0.0003399854620165393	-0.0003263144366527507	-0.0002898948425516493	-0.00027771845364252343	-0.0002659093009232602	-0.0002664109977610447	-0.00024779756453037743	-0.0002833498013898395	-0.00026657213902123254	0.0009274159535206964	-0.00020344885104956606	2.346890742269299e-5	-0.0001698595352980629	0.00022774796320262263	-0.00012907790433673962	0.0003636142609731211	-0.000121680291875325	0.001806858269571231	0.00034450669178403334	0.0020036410809800426	0.00017567372870142114	0.00014641648905826992	-0.00013014433777522576	-0.00010150436700412597	-7.584641487723767e-5	-7.561658880267082e-5	-9.26857170932484e-5	-4.179826157111894e-5	-9.509961129239124e-6	-8.329553908919228e-7	-2.9517466025260654e-5	-4.863859394910403e-5	-6.91445013739655e-5	-8.820247916012901e-5	-9.070074730903668e-5	-9.268742293590954e-5	-8.594566299249254e-5	-8.288625459689208e-5	-7.834305013512243e-5	-6.903449293886761e-5	-6.556706427715813e-5	-5.562787413693681e-5	0.00022341196112737318	-1.0349812339072954e-5	-3.9515697061081115e-7	0.00022319431008246482	0.00019999430850241697	0.00018114377852368815	-2.7120390751114026e-5	-3.820949689372797e-5	-5.152473021756768e-5	-6.174656823182932e-5	-6.955991972005301e-5	-7.199344566148885e-5	-7.761695915550672e-5	-8.507672770547651e-5	-8.934969135219063e-5	-9.51550433582948e-5	-9.862595529602e-5	-0.00010252675737602792	-9.7755357581045e-5	-0.00010337524847051907	-0.00010376815297220995	-0.00010639204729004695	-0.00011034760337246116	-0.00011435713950153407	-0.00011582869417371537	-0.0001234487661087966
1.251766407458024e-5	1.2356485275339594e-5	1.2269473718954011e-5	1.0205519964306747e-5	9.231547376149242e-6	7.810765065025677e-6	6.449809717771191e-6	7.461698854979585e-6	1.2157012916341064e-5	1.1652399304037443e-5	4.379648235923537e-5	1.0258973813783378e-5	1.2475965660627001e-5	6.4499777618302195e-6	6.951299832857918e-6	5.3322691114383565e-6	1.4691709548667812e-5	5.448233106726758e-6	1.1094975623681573e-5	1.0846332855625994e-5	9.153166502152044e-6	9.23006239720442e-6	1.0668212062017604e-5	1.820237026253042e-5	9.38104412765079e-6	1.8737189699918866e-5	9.125429862392987e-6	7.587188162011234e-6	6.677734413796125e-6	5.0358718858817654e-6	2.56565465355901e-5	6.6507973272992085e-6	7.478120169081932e-6	8.378339654308985e-6	6.413000940550841e-6	3.879547428594461e-6	4.6080705963600505e-5	4.26404450257125e-5	-1.592950438432622e-5	-2.6771281666249655e-5	-2.977298537748703e-5	-2.858247739971338e-5	-2.3144364520472516e-5	3.175518413236719e-5	-7.258448902786475e-6	2.34536526121272e-5	1.1246788793036009e-5	3.5631202977861025e-6	-9.322944533962738e-6	-1.355604379159759e-5	-1.9948866599903917e-5	-4.212030662891679e-5	-6.155072426226134e-5	-8.908390795463227e-5	-0.000128466166612705	-0.0001656950470528345	-0.000182408218561659	-0.00019769476686719387	-0.00022697342706094314	-0.00026608956628228035	-0.0003060314327208943	-0.0002471883340686388	0.00010403480880874375	-0.00024274332996838347	-0.00021533653921714533	-0.00020153610830762675	-0.00021193135909514625	-0.00024604732052641715	-0.00026725680659337066	-0.0002452243364635528	0.0008524274026601312	-1.315101620032481e-5	-0.00014590188226945838	0.00021605995904342345	-0.0001309669027000043	0.0003342565023481598	-0.00011265905323082229	-0.00010551988387740279	-9.278330445947449e-5	-7.852289469939587e-5	-0.00010846943546523801	-0.00014275033311851332	-0.00012883800978306026	-9.293930718649781e-5	-8.463303363719565e-5	-0.00010252367238401672	-8.39943598294644e-5	-2.7016859179267595e-5	-4.591616318020894e-6	-1.5425020314762793e-5	-3.6364252666801645e-5	-5.462119815834686e-5	0.0001831126424248989	-8.236594641924033e-5	-8.836083110970493e-5	-8.622149325455226e-5	-8.240901243663752e-5	-7.73956489842219e-5	-7.305093022231179e-5	-6.486465611097846e-5	-6.828605832726172e-5	-5.6514919618579334e-5	-3.81602324000716e-5	-2.208591398019386e-5	-8.190745325509143e-6	-2.92228195757473e-6	0.00019737600256127062	0.00017654709674229732	-2.299260918406116e-5	-3.259105266575652e-5	-4.309255947311172e-5	-5.333065199856525e-5	-6.155171686776e-5	-6.775443325786118e-5	-7.145491681850684e-5	-7.761856321081219e-5	-8.427547432713288e-5	-8.396819012266026e-5	-8.97283276106377e-5	-9.211259779821424e-5	-9.304591721771751e-5	-9.195601436107442e-5	-9.682573740977369e-5	-0.00010067026072689794	-0.00010489368690766963	-0.00010242066591820858	-0.00010475401040912851	-0.00010881187783083157
1.1645850401371081e-5	1.1787728486102036e-5	1.1931924277528501e-5	8.677284122013689e-6	8.081082590895012e-6	2.819113278962099e-5	8.210922149869734e-6	7.317095741173085e-6	1.1481324430466793e-5	1.3626536808647319e-5	1.0801684075087328e-5	1.347606003059324e-5	8.124201200684455e-6	8.46969427992564e-6	4.191162936194662e-6	2.1944027467897076e-6	6.051344418595396e-6	5.972081811443284e-6	6.055941925738723e-6	6.0558957663353835e-6	1.2728396400071775e-5	8.605494794312635e-6	8.468750616431127e-6	6.734556360645481e-6	8.942148423173122e-6	1.087507777486113e-5	1.1906608495207568e-5	8.017838479409088e-6	2.2838736227936323e-5	5.366310474650793e-6	6.103732696152047e-6	6.166511249663855e-6	6.0630076894680396e-6	7.160078851082543e-6	5.316665577784945e-6	4.525964379095476e-5	9.130135655485965e-7	-5.205487331233407e-6	-1.2664288354406663e-5	-2.2079999505532962e-5	1.970877821177411e-5	-3.293433639489575e-5	-3.0455520693626866e-5	2.4396013397425627e-5	-1.733323794662488e-5	-1.0132632469178745e-5	2.4546502163383865e-5	-9.359422550262592e-6	-9.502592856168446e-6	-1.275668291727313e-5	-2.2969594663753206e-5	-2.9747791902034505e-5	-5.363355688790903e-5	-7.370607682775118e-5	-0.00010063669094179518	-0.00013413233658620544	-0.00015606527324075721	-0.00016635594969260578	-0.0001843911644405869	-0.0002108293206485581	-0.00024712960687939224	-0.00027812600689429293	-0.0002327658481048652	-0.00022579513808432218	-0.0001873143179489641	-0.00017805847507128573	-0.00014310811344677224	-0.00017844288668915527	-0.0002310722825520084	-0.000225198128431497	-0.00011853866623050486	-4.857328442346709e-5	-0.00013611550026973798	0.00019495099662760265	0.0012509089708616253	-0.00010196803900234001	0.000370398867317	-7.546205273136148e-5	-6.244341669025839e-5	-5.750738056326671e-5	-7.498570662264501e-5	-0.00012269888967120267	0.0001392859487744989	-0.00010406505245755086	-0.00010797603426629301	-9.275561775245675e-5	-4.693090701080602e-5	-2.2149759756646004e-5	-2.212825266065038e-5	-3.1159905797316714e-5	-4.5530733036027934e-5	-5.8211180559240155e-5	-6.416188309551303e-5	-7.092174906125383e-5	-8.296492708050225e-5	-8.504006964925271e-5	0.0006763693402312906	0.0007525822760141897	-6.686718840400504e-5	-6.492284293997718e-5	-7.021384894346496e-5	-6.244384758949829e-5	-4.6717105922980395e-5	0.00020824092577049124	-1.8535890130395253e-5	-1.090686808292345e-5	-3.0455109741489746e-6	-3.983314658467189e-6	-1.419074990982724e-5	-2.585603297721069e-5	-3.5392159826593775e-5	-4.772833960874426e-5	-5.574087163083986e-5	-6.27176757891641e-5	-6.600112733459013e-5	-7.270056743599162e-5	-7.497778041347142e-5	-8.025906661339476e-5	-7.999798486703043e-5	-8.149078732277363e-5	-8.57854967243536e-5	-8.841764824533125e-5	-8.783326681404855e-5	0.0009346612031698408	-9.570325531362911e-5	-9.634823120972542e-5	-9.891759207176229e-5	-0.00010272698484424894
1.244666732275418e-5	1.0226944618582905e-5	8.683317913508559e-6	9.407708926380829e-6	9.018895721286707e-6	8.965578716772522e-6	2.6590121537310545e-5	9.091747561913981e-6	9.62301568075601e-6	1.128184714664659e-5	1.1261920108583331e-5	8.990032024689494e-6	9.79124142354564e-6	3.282324704205865e-5	4.962477928737341e-6	4.139249209673414e-6	2.3605123394734428e-6	1.059111709054907e-5	5.932214464801438e-6	7.741497217038829e-6	6.338666570142662e-6	5.883412889054365e-6	6.801206981053734e-6	8.895649026621213e-6	9.648674404027645e-6	9.974222949885058e-6	1.0005368639997322e-5	7.545738138394886e-6	7.176045161872845e-6	5.520959291358007e-6	2.1773138544914036e-5	2.261305125537071e-5	2.6447614232501314e-5	4.530958157782485e-6	4.083121360408371e-6	4.300185088266812e-5	2.816862921883141e-6	-6.910195418533081e-7	-7.749495259406656e-6	-1.6680417960372512e-5	2.431000367238362e-5	-3.55447924766186e-5	1.1097817317044399e-5	-3.237145128654221e-5	-2.6634233539501746e-5	2.991886964341748e-5	2.901491065489519e-5	-1.3544060084011217e-5	-1.2537657972542735e-5	-1.4071195348199037e-5	-2.192784326532143e-5	-2.431634363285213e-5	-4.031512258542702e-5	-6.487370800552054e-5	-8.515366238982672e-5	-0.00011372859687927128	-0.0001359660576175396	-0.00014445194323121262	-0.00015771381209222536	-0.0001743514207231821	-0.0001964614719615512	-0.0002239159777064968	-0.00024008547371506903	1.6767670155029123e-5	0.00016688069990743615	-0.00015567896213509406	-0.00013512693689959887	-0.00012843491982783084	-0.00019632317286999304	-0.0001675591459851934	-0.0001452201162645229	-6.861253555731032e-5	6.015817550120324e-5	-0.00011439620978864924	0.000266028432620931	0.0003140966588186661	0.00036364725636041373	-5.553145892923982e-5	-4.4880845577444616e-5	-3.830466607432619e-5	0.0002725538794834349	-0.00010293968138573193	-0.0001365521941780294	-0.00012298922390645848	-0.00010312291941603656	-7.006950689423608e-5	-4.0460084391690226e-5	-3.435575530367054e-5	-3.3679822741415795e-5	-4.146355255447466e-5	-4.947173774603585e-5	-5.221164915676733e-5	-5.919250297992682e-5	-6.912253746095293e-5	-7.91254386438441e-5	-8.13884307435662e-5	-6.788237585807124e-5	-5.782104485764191e-5	-6.174144022135647e-5	-6.684988652346045e-5	-7.098178440098505e-5	0.00016150923163938454	0.00018117876165720057	-3.7754775106344646e-5	-2.7916068536459285e-5	-1.3897895650982761e-5	-4.866134505369588e-6	-3.3561272290232556e-6	-7.106153286271476e-6	-1.8125237243049337e-5	0.00010436354472143214	-3.9878747450767214e-5	-4.9475187452723696e-5	-5.7773214857958794e-5	-6.227867901502653e-5	-6.607586429273251e-5	-7.173112068617265e-5	-7.527268899275579e-5	-7.577467462614447e-5	-7.752371336136946e-5	-7.653628254738316e-5	-8.031747078929134e-5	-8.578834276046113e-5	-8.214458337219076e-5	-8.766672508037868e-5	-9.170294702505856e-5	-9.178943537342644e-5	-9.404685017457004e-5
1.1278934600007719e-5	1.1259237975449034e-5	1.0394544814961533e-5	5.300846786144317e-6	5.204019121120458e-6	6.075543699962682e-6	7.744789245412906e-6	5.059040933082844e-6	8.36530755132976e-6	1.058550587985322e-5	-0.0005166901735790581	9.739202973583182e-6	7.828978729280327e-6	6.498630874794968e-6	2.086777547104495e-6	-0.0005848708545355758	2.758626397556278e-6	3.7912970248269937e-6	5.23302455886801e-6	6.604526264337399e-6	7.214306006109357e-6	7.073980012865962e-6	6.7326845840565055e-6	7.862671896090225e-6	9.488431465621357e-6	1.0044203048066168e-5	7.345356127234546e-6	7.864215613019956e-6	7.381378133814397e-6	1.7120569923228753e-5	5.134103544287682e-6	3.6891443342020047e-6	4.447366678804487e-6	3.326009284461873e-6	3.0909866729071406e-5	3.140770229859819e-6	4.331839674762226e-5	2.0367965048611637e-6	-0.000856816771793999	3.9159729433365254e-5	-2.1439928746963283e-5	-3.235811440494853e-5	-3.8602227143226314e-5	-3.922634411152146e-5	-3.557975823485337e-5	-2.9959318534973547e-5	-2.3118671993937415e-5	2.440481013922741e-5	2.0398250822288968e-5	-2.168448422902418e-5	-2.487630632121195e-5	-3.528076959790141e-5	-3.059147451314531e-5	0.0005129055680249241	-6.941220827100204e-5	-9.991984189037118e-5	-0.00012385753633262957	-0.00013466648981555734	-0.00014128436137760643	-0.00015485185680958868	-0.00016672882010422508	-0.00017975909910004917	-0.00019641382293913903	-0.00020010120316505883	-0.0001825234908898435	-0.00014835841758056422	-0.0001224246845501261	-0.00010046509028135064	-0.00016216741892827874	-0.00015045092556874697	-0.00014297675610471135	-8.75191121059416e-5	1.3577263663615974e-5	0.0005224953087688052	-7.999022762330069e-5	-6.99714712585394e-5	0.0003498629851306635	0.00037345412070886137	-3.200808105471072e-5	-3.6491313699341284e-5	-3.830468355743317e-5	0.00018209396325142993	-0.00013078308619015027	0.00011478707073003759	0.00016267418768365618	-6.020449603294509e-5	-4.214077816171906e-5	-3.810947924874804e-5	-4.128449011439302e-5	-4.5783774477224735e-5	-4.489259370320242e-5	0.00021953169822221293	-5.9283956186566376e-5	-7.04379050178749e-5	-7.837387574350773e-5	-7.166244976448922e-5	-6.166764155081817e-5	-5.373994601238314e-5	-6.111609848518306e-5	-6.880928570060377e-5	-7.128378038038065e-5	-7.136361154124653e-5	-5.9115698131226215e-5	-4.920994651677049e-5	-3.411821558525242e-5	-2.1694797031198906e-5	-6.593334219687132e-6	-3.3780998336184302e-6	0.0007384519184721727	-1.5145393486917791e-5	0.00010242868809952734	-3.6968101862897744e-5	-4.555027201575573e-5	-5.433832322136343e-5	0.0008527482172155049	-6.051276526507503e-5	-6.667277770668252e-5	-6.822487648477558e-5	-7.219187911634535e-5	-7.312604512480967e-5	-7.243848677965562e-5	-7.491455586111466e-5	-7.595157891108822e-5	-7.972470121099572e-5	-8.469914671281088e-5	-8.483352473650954e-5	-8.868500461214554e-5	-9.010406878922207e-5
8.13655198071586e-6	8.485176613044093e-6	7.61922250832128e-6	7.095839173052376e-6	7.544609140870077e-6	5.448162934874488e-6	3.4297623181301674e-6	6.692878909718208e-6	9.170583500252966e-6	7.443598904488817e-6	9.253791257021141e-6	7.779230447375776e-6	7.244431858544585e-6	3.884798954918722e-6	2.0476919945284404e-6	1.022847193881825e-6	2.8418623044154895e-6	1.5657488448503083e-5	6.493879124750367e-6	8.260174199717645e-6	8.630708598215725e-6	7.986110335842867e-6	6.952159345316412e-6	1.2208822184044685e-5	8.092930600684799e-6	1.548176752396227e-5	6.5761795158930355e-6	6.80809003268429e-6	6.994533974425841e-6	3.468698925413274e-6	3.309672155161667e-6	1.971095185462619e-6	2.642745040143911e-6	2.9159348132205744e-6	2.9020128686934633e-6	2.902187020667772e-6	2.7048765788029996e-6	4.3251327692830997e-5	-4.161621988858777e-7	-5.06639495788299e-6	-1.4314589228688708e-5	-2.6450259303563992e-5	-3.707026330404257e-5	9.342445858899137e-6	-4.1386201667353417e-5	-3.974990561215856e-5	-3.300110131218841e-5	-3.0691913715082337e-5	-2.8192107531799238e-5	-2.9514518589025688e-5	-3.333492986798631e-5	-5.094127419918342e-6	-5.047130919532371e-5	-6.582763511366963e-5	-5.9005316194735754e-5	-9.562175466517903e-5	-0.0001170148715773302	-0.00011823814707765876	-0.00012864548219589317	-0.0001403650117832913	-0.00014918992982510502	-0.00015634142531700682	-0.00016269749490999824	-0.0001651625242777774	-0.00015745631059730465	4.325716336607338e-5	-0.00011847626773906373	0.00014522383970151133	-7.124619490956642e-5	-0.00015737945605592135	-0.00013599839170530146	-0.00011497573826588529	-3.33157593180298e-5	0.00012456505067825335	0.00022323009974301207	0.0002878165088550681	0.00033277949078382467	-3.530824875378792e-5	0.00036377241790732815	-3.011876156690631e-5	-3.313033854428606e-5	0.00020111298395596817	-0.00011307728661652831	-0.0001261301606407506	-8.12763148365348e-5	-6.167679374484902e-5	-5.319632504234475e-5	-4.462432659899009e-5	-3.941546579162717e-5	-4.062967036425535e-5	-4.829689693369504e-5	-5.346856511785798e-5	-6.293267756567016e-5	-7.20297666548372e-5	-6.993873577941165e-5	-6.406638247872338e-5	-5.866041245364316e-5	-5.6163280977761156e-5	-5.967192161988096e-5	-6.653717935552065e-5	-7.290312693215362e-5	-7.376372539219436e-5	-6.673743173174701e-5	-5.817001548723798e-5	-4.398281912198956e-5	-2.3465846206021128e-5	0.00016505014157758833	-2.4940170227530194e-6	-4.494514423879431e-6	-1.3314930326753733e-5	-2.3359675321859988e-5	-3.268983600875292e-5	-4.010824216128003e-5	-4.829363182973093e-5	-5.072696437569352e-5	-5.77159260106003e-5	2.630404344182045e-5	-6.423505599169495e-5	-6.668976278942384e-5	-6.878494006811136e-5	-6.947114562344515e-5	-7.12288077249002e-5	-7.277927505963504e-5	-7.875867907657487e-5	0.0008993623989971998	-8.01031435822947e-5	-8.52883952110156e-5	-8.442070691988177e-5
2.2412541666899676e-5	8.691971587461108e-6	7.98544693793909e-6	6.929766252294174e-6	4.425547492652084e-6	3.463776444983277e-6	4.034914022989005e-6	5.447723926526042e-6	5.756603139089661e-6	7.4779438738865845e-6	8.332134794145356e-6	8.04470476443585e-6	7.336491813578617e-6	7.395476920744534e-6	2.9067319805387384e-5	1.7511473925384182e-6	3.4901151881977207e-6	5.641818445302276e-6	1.5668062923423728e-5	6.913543824253255e-6	8.733236607593299e-6	7.341795386366806e-6	7.5346882059631505e-6	6.104198887685124e-6	5.861844162017215e-6	4.672619462422925e-6	5.048480221790295e-6	4.8904498920393285e-6	5.006951988892447e-6	2.9440717358165643e-6	2.4723979735589464e-6	1.5925942315240344e-5	3.572518720635536e-6	2.1219786387996118e-5	2.607217840467572e-5	3.3534198601184537e-6	1.900114271781157e-6	1.5182910203306041e-6	4.0775561730663776e-5	-2.3589036429207382e-6	-7.984736074276777e-6	-1.8119892537934654e-5	-3.094317561290992e-5	-3.8678575315986364e-5	-4.364288182157256e-5	-4.463180509856968e-5	-4.218646221759541e-5	6.345328194633628e-6	-3.9467175158721356e-5	-3.9223297905211256e-5	-4.10748013040781e-5	-4.5080066344487055e-5	-5.670368719809288e-5	-3.1816343291137536e-5	-8.410912428015774e-5	-9.713960874634477e-5	-0.00011488242644037711	-0.0001279664089760802	-0.0001359363222291042	-0.00012849050052985084	-0.00015129135365543004	-0.00015517599901164383	-0.00014662650506961153	-0.0001448264802704209	-0.00013013177781129532	-0.00012312187939122164	-0.00010742642879822293	-9.196930521251792e-5	-8.134858389618419e-5	-0.00013926506354263032	-0.00013423696420487288	-0.00011003555778173798	-6.016876806496513e-5	0.0003495420529804616	-6.508977943673212e-5	-4.9555116202388595e-5	-4.2417109914869196e-5	-3.6249384343636695e-5	-3.581873431336268e-5	-3.609725953651697e-5	-3.776518714757168e-5	-4.736195599414029e-5	0.0001229739395346434	0.00010912577763306022	-8.570523470824475e-5	-6.243026256344715e-5	-5.203104616181668e-5	-4.602200311377112e-5	-3.819594431962595e-5	-4.1966524834261606e-5	-4.982129927216935e-5	-5.8560195398762744e-5	-6.176032563053263e-5	-6.378837948883484e-5	-6.212580507450717e-5	-6.0274011343965615e-5	-5.868578476879698e-5	-5.6603708739545906e-5	-6.0462970955562755e-5	-6.851436416715258e-5	-6.998319494891728e-5	-7.788866555113799e-5	-7.537837650524091e-5	0.00013810141811965333	-4.923068961943788e-5	-3.210017466139339e-5	-1.3394754077574811e-5	-6.662333567155395e-7	0.00014033873040154377	0.00012193557421592035	-1.636666759435271e-5	-2.6612152246305917e-5	0.0007999196386314833	-4.113869144392016e-5	-4.855271511228763e-5	-5.2976621547884926e-5	-5.764069305722627e-5	-6.040590289023949e-5	-6.217326429146177e-5	-6.336878122731662e-5	-6.645403735032604e-5	-6.78626230815355e-5	-7.03600098916153e-5	-0.0001787487181788294	-7.812124991196916e-5	-7.765661430836064e-5	-7.97429172245945e-5	-8.26949245188416e-5
6.472598251887037e-6	7.576743671602513e-6	5.726077546901144e-6	4.760938980018551e-6	2.2592624180760995e-5	4.081347723639776e-6	1.7253420966635525e-6	4.040729533272085e-6	6.350949063817137e-6	7.865034571717471e-6	3.265837531503477e-5	3.4236946340593225e-5	3.21058347289659e-5	7.828715854377817e-6	5.983188636177845e-6	4.1182608277994665e-6	2.8690551705560195e-6	5.4657176256565606e-6	4.967389949256406e-6	4.840869209023105e-6	5.458743997834438e-6	1.1189445918313875e-5	1.0148063879554612e-5	5.113483503185572e-6	2.5305800455908143e-6	3.486120452158908e-6	3.1735508512249636e-6	3.5729426904140913e-6	3.6266850680493354e-6	4.182960203363037e-6	3.6561814103754304e-6	1.7107704116832152e-5	3.6672365840952547e-6	4.973491776942107e-6	2.1732018882098794e-5	2.4747311246290228e-5	1.7759071303910696e-6	-1.2143701280014144e-7	-3.930070871792672e-7	-1.2453129968198473e-6	-4.689246815744704e-6	-1.1138181712296198e-5	-2.2036597988463018e-5	-3.188967299745833e-5	-4.046705681545705e-5	-4.3859440274632766e-5	-4.562250247274998e-5	-4.645460666375875e-5	-4.704451283029515e-5	-4.766327149089084e-5	-5.1223197811112956e-5	-5.449830578276873e-5	-1.6713078999366308e-5	-7.334828376425297e-5	-4.3517180536411636e-5	-9.800536665269862e-5	-0.00011519851628629253	-0.0001304120539930508	-0.00011141518499719174	-0.0001409694237528643	-0.00014717223548531928	-0.00014127813769257338	-0.00014009450134481712	-0.00013179238645948804	-0.0001256823751607009	-0.00010933300194537927	-9.6612690537914e-5	-7.934770670108048e-5	-6.658094090297717e-5	-7.439275264050629e-5	-0.0001230454373941101	-9.86104909253072e-5	-4.555255390090206e-5	1.3358339038171876e-5	-5.5824310117786376e-5	0.00024850920670841953	0.0004274435233807077	-2.624779965178063e-5	-2.828498764092602e-5	-1.687187168566886e-5	-2.8780585659528637e-5	-4.64098366164214e-5	0.0001497449709888946	-0.00010549743550426196	0.0005287055218063173	-6.516069368718048e-5	-5.006523605932374e-5	-4.526671661426052e-5	-4.400151138111248e-5	-4.313964022504982e-5	-4.918991823164203e-5	-5.309620786504666e-5	-5.830926583137112e-5	-5.803094554549925e-5	-5.926694697815831e-5	-5.9786330554821836e-5	-5.9306752821415305e-5	-5.9098225004797396e-5	-6.382778373283018e-5	-6.747442690079562e-5	-7.362614037154471e-5	-7.999720459241164e-5	0.00011193257532087506	-7.398461840301069e-5	-5.98678492400701e-5	-3.630649015848894e-5	-1.8209375540398625e-5	-3.767738209555123e-6	1.9185355593694803e-6	-3.453162515849352e-6	-8.997549148890161e-6	-1.9812958374122594e-5	-2.634780546181023e-5	-3.722490941815361e-5	-4.21245210165881e-5	-4.976241802911313e-5	-5.45997136244575e-5	-5.550606830874178e-5	-5.7444121451775965e-5	-6.058541794114322e-5	-6.201012906866714e-5	-6.642118729786265e-5	-7.041920166075554e-5	-7.233740739570854e-5	-7.748254086133556e-5	-7.863874175817551e-5	0.0008702026923552823	-7.876299479957086e-5
5.918925247285845e-6	6.536496963361e-6	-0.0003573859473341172	4.845311744547127e-6	5.221911866370305e-6	-0.00037665409402879964	4.535874626539118e-6	5.980981385684896e-6	5.837842231262887e-6	9.001348857346565e-6	8.729021934667045e-6	9.716391281922661e-6	8.395407216356355e-6	6.669215968100662e-6	2.7992512147771687e-5	3.485552189336585e-6	3.853149463514324e-6	4.1655663068077475e-6	4.710676092606271e-6	5.020656181742951e-6	4.03344397732991e-6	3.558323135747837e-6	4.118326315708616e-6	3.7222359084934263e-6	1.953381070812126e-6	1.656970791445115e-6	2.6512716673943084e-6	2.3168830091437054e-6	3.4692164070681316e-6	4.218670598979076e-6	4.986796552048723e-6	4.613343461361123e-6	2.9773740215882595e-6	3.1361248122371973e-6	2.545982292025996e-6	2.1591514537004424e-5	-9.950849433999157e-8	-1.4426683652145637e-6	-2.0027256594025477e-6	3.3097052568544405e-5	-2.896017634856636e-6	-6.5055883924163525e-6	3.0472804535822866e-5	-2.4225412410296132e-5	-3.4581129415399295e-5	-4.176304825353268e-5	0.0008637216871473829	-6.659363235492471e-7	-4.920080635587129e-5	-5.483452045399839e-5	-5.931754057829559e-5	-6.247372882083632e-5	-6.877681833063827e-5	-3.259800959954317e-5	0.0006821590870672222	-9.899392124124466e-5	-0.00011498231730091798	-0.00013137516547662804	-0.00013535311902233165	-0.00011340474262629152	-0.0001426677153718958	-0.0001497295146742593	-0.00014924170494934287	-0.0001360570945326228	-0.00011369745024832631	-0.00010656205210371862	-8.44896462249005e-5	-7.718407238990234e-5	-5.543468885933116e-5	-4.0123651156805974e-5	-9.987516938419301e-5	-2.106247142064175e-5	-8.316990577241076e-5	-4.040963754763571e-5	0.00011404925466179184	0.00021313390248625967	0.0003110299231268523	-1.8259480306123503e-5	-3.363469641658179e-5	0.0005606775352271875	-4.4576448804075665e-5	-5.091332641447193e-5	-5.3623658759379116e-5	-8.302410554447606e-5	-0.00010347281273912975	0.00013966813696144557	-5.200403865075623e-5	-4.4903065606917685e-5	-4.248302705905146e-5	-4.357272355527209e-5	-4.7207688404812386e-5	-5.135452530901285e-5	-5.415087725130045e-5	-5.59095208512426e-5	-5.652722162325253e-5	-5.8349246000698185e-5	-5.9886048202990524e-5	-6.204899900017023e-5	-6.663333533261408e-5	-7.327368056597033e-5	-7.583107844651204e-5	-8.066248915586426e-5	-8.82178144765767e-5	-8.016950019636756e-5	-6.612802368702211e-5	-4.4033545029508033e-5	-1.9350437920171056e-5	0.00014271704396649027	0.00013140898581762194	1.2363975503951099e-6	-6.05791534521072e-6	-1.3016522712547968e-5	-2.4813100860283932e-5	-3.316558563122465e-5	-3.936255574934545e-5	-4.4263217985102306e-5	-4.850541482707667e-5	-5.2529308332434615e-5	9.553854229694394e-6	-5.574546444956502e-5	-6.1206308371131e-5	-6.293566680648575e-5	-6.933913280622009e-5	-7.313489123863593e-5	-7.298262011907813e-5	-7.586290030229073e-5	-7.867647092574671e-5	-7.400787612890994e-5
5.6692470366218745e-6	6.121093307741299e-6	6.212186054235509e-6	5.927513908806107e-6	3.591254571982472e-6	4.259351955599594e-6	6.297978918272992e-6	6.71626093185591e-6	3.0092011883348156e-5	8.757095720812215e-6	9.178761062889344e-6	3.187695966354895e-5	3.121055140615245e-5	4.9806820201156454e-6	4.731396989295284e-6	4.367272038528335e-6	2.2012748968595766e-6	3.1013569641097838e-6	4.849370608835091e-6	1.047631894020675e-5	8.709159256815283e-6	3.0419450241668446e-6	3.0355738643279926e-6	-0.0005693970943048456	1.1501523234248162e-7	4.2708759311505407e-7	2.202938820345334e-6	3.238878680758713e-6	4.150322972207537e-6	4.682851477915513e-6	1.6063188845434704e-5	4.3902121565247195e-6	3.4428122408231964e-6	1.7578829175694767e-6	1.039782146107092e-6	1.8812086492010164e-5	-3.3998851285568874e-7	-2.1853594405179654e-6	-2.657915043936007e-6	-3.5714024724798872e-6	-3.5665246994951013e-6	-4.108116910683129e-6	-8.837719945041555e-6	-1.6880590018972415e-5	1.559198634330382e-5	-3.7529097249414155e-5	-4.618911904663071e-5	-4.951602093555894e-5	-5.212259722746013e-5	-5.659311204963039e-5	-6.071479262672263e-5	0.0007800033073905349	-7.202803175349244e-5	-3.8585208990909265e-5	-4.987830270511114e-5	-0.00010287631894614208	0.0005842307593989765	-9.682249596411471e-5	-0.0001367958301567334	-0.00013140707751828416	-0.00011280202940211091	-0.00014312715868920614	-0.00014717968320388962	-0.00013704071068997275	7.178916140252465e-5	-9.730043669816356e-5	-9.494407253610258e-5	-7.845749009812971e-5	-6.437105893984532e-5	-4.518128016445114e-5	-2.9045153270934685e-5	-0.00010461948170150488	2.7236344012603053e-5	-7.697229228388527e-5	3.083297143487845e-5	-4.677380946527601e-5	0.00022610706315812426	0.00026213770033099324	-3.868952631289361e-5	-4.372258716934694e-5	-4.736994590771046e-5	-5.2944235854701736e-5	0.0001624971054725653	-5.58822888168959e-5	-9.740430374345589e-5	-7.708540029102533e-5	-5.191962028381963e-5	0.0001975943615043288	0.0002511818329054981	-4.3809734230030196e-5	-4.5844465454273394e-5	-4.935817467783101e-5	-5.022316499144093e-5	-5.096010731119559e-5	0.00016523424143995592	0.00042907088239906065	-6.166827244813823e-5	-6.902173858416632e-5	-7.343445441957558e-5	-7.804558485332669e-5	-7.902243912129921e-5	-8.259975213565111e-5	-8.958350246674645e-5	-8.819680677869509e-5	-6.956185432299201e-5	-4.632139017579314e-5	0.00013698553401549117	-7.5179383434581266e-6	5.3451252952886e-6	8.610496348619798e-6	1.0989689273399952e-6	-9.329683824934806e-6	-1.9648662939411197e-5	-2.7901842679752464e-5	-3.511230613678965e-5	-4.0657522625171805e-5	-4.539319600546242e-5	-4.8589171269683906e-5	-4.970056005884258e-5	-5.2956679577685194e-5	-5.7444524863286975e-5	-6.315217295397939e-5	-6.807488495817098e-5	-6.820668010042402e-5	-7.230380421686987e-5	-7.493437286294107e-5	-7.55501690124301e-5	-0.00015179113521421143
6.827625670247756e-6	7.311244835453965e-6	5.009666615153857e-6	4.268307518491337e-6	3.5571849668348783e-6	4.652510358248889e-6	5.3434800033645225e-6	7.484792733107766e-6	8.550037117722813e-6	3.0010362305618794e-5	8.782681911722874e-6	7.252602413516116e-6	7.312868366678789e-6	5.450225058401437e-6	2.4452328394814816e-5	3.5812964128181237e-6	2.5554701980001152e-6	3.351968055274575e-6	2.396796503091993e-6	3.852186358923671e-6	1.940421687874694e-6	7.088193694292739e-7	8.962367976044329e-7	1.8458832469698053e-6	2.0309754039654756e-6	1.2834168744793074e-6	2.13694061527265e-6	3.7928508854072384e-6	5.034306777378897e-6	4.3293395364995754e-6	1.372522452103308e-5	3.3636007051797596e-6	2.3171848961042307e-6	9.925172108580247e-7	-6.251405300941549e-7	1.608478712200904e-5	-4.418004645554297e-7	2.029132191413215e-5	-2.9681593022252767e-6	2.5112728835170153e-5	-3.082384182634011e-6	-5.049091398841646e-6	-7.886388374967303e-6	-1.1936695648248358e-5	-2.125256041873207e-5	-3.214207783032181e-5	-3.0270245430239276e-8	-4.7286026379477495e-5	-5.278269863470816e-5	-5.7759341295064584e-5	-1.862547272450492e-5	-6.631554097124735e-5	-7.07852450268975e-5	-7.680212926169786e-5	-8.712588607294003e-5	-6.294996362669674e-5	-0.0001148840602451331	-0.0001283441940731387	0.00043069006740964846	-0.00012952556494569604	-0.0001295374008055978	-0.00013431113736879453	-0.00013997549959137877	-0.0001358886442515985	-0.00012542948657434877	-0.00011276424226643999	-9.873723710283628e-5	-8.375818961197821e-5	-6.935761992867039e-5	-5.6836158647413995e-5	-9.842995524981385e-6	-8.492024221801783e-5	-8.488623151849855e-5	-7.39096925101118e-5	-6.3404466665471435e-6	0.00012238005266980564	0.00023624153731594813	0.00024773302739532297	0.00025050363647204565	-4.8257772588481806e-5	-5.002261494558907e-5	-5.270390653754498e-5	-5.10200629983879e-5	-4.8170770707706145e-5	-7.869599342726031e-5	-8.290826339934403e-5	0.00014317052101656342	0.0002001013877890763	-4.26397228127655e-5	-4.532105270647251e-5	0.00032481119395825694	-4.6552523310728136e-5	-4.714692627872004e-5	-4.5941926100359024e-5	-4.877467710363631e-5	-5.5739356599640404e-5	-6.611244611915692e-5	-7.530121366753836e-5	-7.874470014351386e-5	-7.906593230110341e-5	-8.113613513562024e-5	-8.432386090014184e-5	-8.84101186228003e-5	-8.798865706778364e-5	0.00010035388877063399	-5.34509583987805e-5	-3.120875017878044e-5	-9.664573478963476e-6	0.00013476362502906928	0.00012133770369643295	9.983400677542227e-5	8.0522618762011e-5	-1.4568789568676242e-5	-2.3129798128011803e-5	-2.907728605371909e-5	-3.418533377204749e-5	-4.004704355110313e-5	-4.42462814076634e-5	-4.783020673642768e-5	-5.2639999178550386e-5	-5.535297636965943e-5	-5.81812666089357e-5	-6.294080343224049e-5	-6.741423527038847e-5	-7.295699002314842e-5	-7.264749022048477e-5	-7.489785711090871e-5	-7.34171125381562e-5
5.370532847693362e-6	5.70596847743513e-6	5.4585212281991254e-6	4.5400994165366694e-6	3.726024430195183e-6	2.0063906619322545e-5	3.7010237547124413e-6	7.827984928849923e-6	6.633965223199465e-6	7.5610194087059835e-6	7.484266962125567e-6	3.061693941667099e-5	6.674660095934209e-6	4.207046541338162e-6	2.6934286239088364e-6	1.918484741678225e-5	1.0487933281935237e-6	2.0630363051378888e-6	2.7505797617661414e-6	1.2693743908361271e-6	8.628088548609308e-7	2.747048503690748e-6	1.6177584974430038e-6	9.822568654770884e-7	2.31393763103346e-6	2.9444985852333794e-6	1.9386157723989394e-6	2.6819496679665903e-6	3.3993039372416526e-6	3.7585841667481506e-6	2.2351269154681063e-6	1.775176075273911e-6	1.6966139244244593e-6	2.8410978754615963e-7	-8.723970466899744e-7	-1.926487363843152e-6	-1.9300712424038255e-6	1.8029008960296182e-5	-2.0773874143223707e-6	-3.2959263463302113e-6	-4.891655068885777e-6	2.5184041009331816e-5	-6.527883829451561e-6	-1.139439833778655e-5	-1.5913842047677782e-5	1.3585689864021797e-5	-3.6496441057693634e-5	-4.52429319234963e-5	-5.064678213083829e-5	-5.5036880231457445e-5	-2.2348473564256328e-5	-6.437298363138211e-5	-7.158025845767964e-5	-7.570113737721969e-5	-4.5631403782902267e-5	-9.614413586188754e-5	-0.00010601716449313344	-0.00011702500370968662	-0.00012988638718379963	0.0003494314246624806	-9.706968313807776e-5	-0.00012775658034287892	-0.00013351116051148388	-0.00011325351417513759	-0.00012730706243827385	-0.00011676440037234476	0.0001389940886976481	-9.070430531495565e-5	-7.398763960606838e-5	-4.718335033397419e-5	-5.2602124023378924e-5	-2.8223341486663996e-5	-8.739972854496193e-5	-4.9005288273607645e-5	-6.533347119826128e-5	2.5734626877378045e-5	0.00023033043858702905	0.0001883667288154361	4.605282019513402e-5	-5.706312912940638e-5	-4.995514041318235e-5	-4.628731973869114e-5	-4.396378834402694e-5	0.0001473017030627008	-4.5033667874427516e-5	-8.598877117982481e-5	0.00012027177741577707	0.00015514944258943498	-4.510317972048969e-5	0.00018363866639507093	-4.304176231963814e-5	-4.2283981589415816e-5	-4.22781718373115e-5	-4.260146373209631e-5	-4.669642475793167e-5	-5.7468143883877224e-5	-6.997926712979047e-5	-7.786205896892278e-5	-7.992040021058476e-5	-7.821856574340949e-5	-8.0143142875479e-5	-8.457958096527913e-5	-8.443275482075858e-5	-8.451847997925166e-5	-7.693156429721196e-5	-5.8510496559827443e-5	0.00011989738564695306	-1.4738316968221886e-5	3.6380515385718397e-7	1.024374773725043e-5	7.83671560835664e-6	3.651309003413483e-7	-9.663157229342642e-6	-1.664512447324012e-5	-2.5067676565570206e-5	-3.1790541321375385e-5	-3.576250608888819e-5	-4.174175786076577e-5	-1.677016460925997e-6	-4.780760929957192e-5	-5.36811157997091e-5	-5.6562985315276653e-5	-5.981434051075961e-5	-6.590722413727908e-5	-6.846026335060131e-5	-7.16822010974694e-5	-7.333084368120013e-5	-6.947331009593636e-5
4.4839401098909805e-6	5.322383034910634e-6	5.2482606120572315e-6	4.238003024561879e-6	2.7482211502083973e-6	2.7430837580094637e-6	3.6013085075528323e-6	4.038713830449331e-6	5.7458889042572014e-6	7.23888237359803e-6	5.229530870333194e-6	5.576811631374389e-6	5.1462386750405955e-6	3.689087928567718e-6	2.0906383528700233e-5	3.5850554395261934e-7	-9.31175853777417e-7	1.3232590573958834e-7	1.1139785557622874e-5	9.130123077938455e-6	1.4061238998250986e-6	8.018435266078107e-6	2.937174419066974e-6	2.0479471009407805e-6	3.267431827834173e-6	3.6850535841244586e-6	7.988560339153446e-6	2.1276073768397834e-6	1.3740227599418845e-6	2.438082539197163e-6	1.5481660075558797e-6	4.4254162781954664e-7	-3.900722407134804e-7	-9.87569164466462e-7	-1.7363157259767332e-6	1.4624467072979768e-5	-2.616350443994343e-6	1.6544928750777412e-5	-1.815794895901877e-6	-2.240570522469903e-6	-4.980143331222348e-6	-6.799471521836808e-6	-8.072476243454205e-6	-1.0308265577024453e-5	-1.4800311034553074e-5	1.7198866859686958e-5	-2.8429951498960522e-5	-3.9641695944543295e-5	-4.985187968333275e-5	-2.2688737752371005e-5	-6.006700220039852e-5	-6.553492671326441e-5	-7.040266275246468e-5	-3.9483790120536585e-5	-8.321165186623756e-5	-9.123123432280985e-5	-0.00010080424615567193	-0.00011171607611427567	-9.129036634657737e-5	-0.00012774054699885799	-9.397088589387635e-5	-9.480821522633094e-5	-9.909935886912241e-5	-0.0001273913271275485	-0.00010232254905361352	-0.00011873090714775453	-8.594764737844453e-5	-7.034758819445376e-5	-6.158182572527874e-5	-2.678500014001873e-5	-5.6241746172920604e-5	-3.830328390557608e-5	-8.809485228646139e-5	-5.146759671520061e-5	-9.064812023833408e-5	-9.429491511366798e-6	8.496577948964926e-5	-7.707872139650022e-5	0.0001834750426903597	0.00022031110443153368	-4.6044050892911706e-5	-3.8229641291542306e-5	-3.6812713676665724e-5	-3.77907276341051e-5	-4.1609086229884955e-5	-7.191909265493552e-5	0.00012372069799799915	-5.016925584529425e-5	0.00016121803659220786	-4.1866899436724964e-5	-4.127417580029836e-5	0.00017452486833841518	-3.768779702377012e-5	-4.0339978428526914e-5	-5.0127765270776507e-5	-6.112374202801299e-5	-7.229756670098955e-5	-7.52510745605933e-5	-7.57303749274749e-5	-7.527660834289753e-5	-7.959348117274247e-5	-8.072741845274256e-5	-8.290250404648612e-5	-7.904572134590664e-5	-7.768360352665362e-5	9.435530295176281e-5	-4.599726598112177e-5	-2.27182287905036e-5	-3.028538842197179e-6	8.234103664281778e-6	1.1283123953052419e-5	3.593578105253641e-6	-4.501518233683685e-6	-1.3028028429944594e-5	-2.124454844980089e-5	-2.7368737844243006e-5	-3.241485321423747e-5	-3.771579837523551e-5	-3.997547876674742e-5	-4.545278693275602e-5	-5.025512042016291e-5	-5.5247176822953437e-5	-5.9021304825370054e-5	-6.0747786341275615e-5	-6.590217947636612e-5	-6.830450820379495e-5	-7.151235746708233e-5	-7.01572941566456e-5
3.7313475470800725e-6	4.3464943217552026e-6	4.794542224296951e-6	3.624553428536537e-6	3.0475815027852142e-6	2.2527231455346693e-6	2.813270891214464e-6	2.8716243083025308e-6	5.610260555300177e-6	5.609909540117003e-6	5.191731061656183e-6	3.9588857715644726e-6	2.689852373432525e-5	2.5261539653812794e-5	1.9476575599866857e-6	-5.469527278138819e-7	-1.479841791189357e-6	-1.1312522929515854e-6	5.582408179528766e-7	3.8367378951345435e-6	4.0000401673343454e-6	3.973842490319151e-6	4.569921162489606e-6	3.4667279434513775e-6	2.3166829992728438e-6	2.2739182706493083e-6	2.697665440085594e-6	8.4616707871207e-7	4.409055718695423e-7	5.669254495488298e-7	9.736919302633898e-6	4.588822469280213e-7	-1.662964974340382e-6	-2.332833333234738e-6	-1.9267778946993608e-6	-1.9430201070975376e-6	-1.7729135831271543e-6	-2.433769434812341e-6	1.6511222365495244e-5	1.7675500472229505e-5	-4.79417626821424e-6	-7.398622170430233e-6	1.6725474258661734e-5	-1.0647847450818526e-5	-1.1878944436956372e-5	-1.9391903455901567e-5	-2.6107614659753474e-5	-3.596005530894777e-5	-1.0654626976834081e-5	-5.291406018262238e-5	-5.876391397606202e-5	-6.741610800662648e-5	-4.08525386628761e-5	-7.647418902317514e-5	-8.251338620693578e-5	-8.793083261282087e-5	-9.434491713034444e-5	-0.00010159471263787795	-0.00011385084382872692	-9.471830267146638e-5	-9.47333303700777e-5	-8.911560114824215e-5	-0.0001185162711601418	-0.00012337256567562078	-9.560973526853028e-5	-0.00011890317903355736	-8.097454732683461e-5	-7.203529815372894e-5	-8.789534503780578e-5	0.00011045622363747886	-6.720484215420137e-5	0.00014630452283975748	-6.924831427750815e-5	-1.608895491032403e-5	-0.00010336241177807872	-8.546757573744306e-5	0.0001232370936426531	0.00011753752068594664	-6.767905489416491e-5	0.00020483480128371265	-3.540687506789139e-5	-3.0709543767616296e-5	6.559138230007901e-5	-3.514015418844838e-5	-3.9588080484273015e-5	-4.478938227466022e-5	-8.203083073866826e-5	-5.667057851302306e-5	-4.368262000983879e-5	0.0001637019975843433	-3.398070799659264e-5	-3.2236263201260856e-5	-3.305389492090378e-5	-4.077484449774467e-5	-5.218775855189749e-5	-6.53491262218712e-5	-7.211951570742256e-5	-7.501156601341305e-5	-7.462336030394554e-5	-7.645205647065158e-5	-7.946308051471913e-5	-7.870678225469266e-5	-7.839990174631785e-5	0.0005185291829690566	-7.349619098248063e-5	-7.105460386059442e-5	-5.252657163797524e-5	-3.2868884262217185e-5	-1.1036481776410291e-5	5.181381777281816e-6	0.00011600093395340788	9.891948200791909e-6	0.0005337556904517137	-9.056666049560682e-6	-1.7984684480776498e-5	-2.4082830355674984e-5	-2.9332888232285652e-5	-3.4723282250827704e-5	-3.822991236922301e-5	-4.200638569422485e-5	-4.755955384997518e-5	-5.174416978617801e-5	-5.3737490543622965e-5	-5.813095125379274e-5	-6.174435598713525e-5	-6.583566568084767e-5	-9.766628840871113e-5	-6.754210037117673e-5
3.273090406344446e-6	3.472563415453638e-6	3.602929093003064e-6	3.1382150591905853e-6	2.694748540304527e-6	2.048290873414918e-5	1.383135043154485e-6	1.978244676528523e-6	3.0130884986101936e-6	4.826624850585103e-6	4.578310338005168e-6	3.92809541122877e-6	2.5985181419964625e-6	2.949353469374025e-6	5.369426723476076e-7	5.798751693934529e-7	1.5192777042409068e-5	-3.115606334516273e-7	-0.0004905123441074359	-0.0005007520644882243	5.986117026745533e-6	5.25708742059181e-6	1.0426132073315729e-5	3.7139424575915385e-6	1.6634361201786543e-6	7.825360360326798e-7	6.977800501523166e-6	6.196900337248094e-7	2.96191645944013e-7	-1.459425300829589e-6	-1.0809173481659455e-6	-4.1144311346884375e-7	-9.036061403516846e-7	9.291609483468716e-6	1.034876878780054e-5	-1.7472042137850648e-6	1.5280461233295917e-5	-2.7873963809272933e-6	-4.123877901283327e-6	-4.685966057728103e-6	-5.4368112907787454e-6	-6.684432302402174e-6	-9.771529055650416e-6	-1.1137672942948475e-5	-1.3084712484917756e-5	-1.6921372943408505e-5	-2.2008467957056036e-5	-2.8196629172917405e-5	-3.925664204945385e-5	-4.5605104601514944e-5	-5.600604944137129e-5	-6.408370488338315e-5	-4.2890339435949906e-5	0.0005217280507892428	-8.150770305265817e-5	-8.731267054241237e-5	-6.518974130086553e-5	-9.795357354186116e-5	-0.0001082101369147357	-9.01844562209268e-5	0.00031459312913761266	-8.557950470361995e-5	-0.00011160195965736661	-0.00011302098516052339	-8.433927816577764e-5	-8.476987130242881e-5	-6.0490868415550474e-5	-0.0001017562503737024	-9.214962313301971e-5	-5.684748370066812e-5	-5.1812613534427295e-5	-6.387552470818502e-5	-4.5263126180028045e-5	-9.551367428934504e-5	-0.00010176493409237708	-0.00011576317346753164	-4.418087953604426e-5	7.113555475402218e-5	0.00014122709795889258	-8.160939412427516e-6	0.00021834041715101732	-2.6511596712788018e-5	-2.6315898676875817e-5	-2.9448867924742553e-5	-3.6098639369863076e-5	0.00010030498545310568	-6.441577389237592e-5	8.739198314740943e-5	-4.363767428095097e-5	-3.7497205569714514e-5	-3.0386769310497552e-5	-2.5121783058630002e-5	-3.3897675892743864e-5	-4.503546743952515e-5	-5.773671745419422e-5	-6.836231358383054e-5	-7.149731497590388e-5	-6.998229221831433e-5	0.0002786256265342724	-7.069850394694288e-5	-7.65859618383647e-5	-7.958121858975785e-5	-7.867567358894076e-5	-7.65499463374912e-5	0.0004971977108943822	-6.939167293274471e-5	-6.152507465464444e-5	-3.967168353301905e-5	-1.771744833666336e-5	-1.5640294090770758e-7	0.00011639595033103439	0.00010165887087247322	3.9313293295946145e-6	-4.597654418097251e-6	-1.3094059976624748e-5	-1.934003743074412e-5	-2.6927466352332343e-5	-3.105028797435456e-5	-3.546659597961424e-5	-3.973856326699651e-5	-4.3982647044749947e-5	-7.402164283565153e-5	-5.0475848223306935e-5	-5.440870074148636e-5	-5.8186157281985614e-5	-6.206485362463031e-5	-6.2840038467227e-5	-6.553329585806417e-5
3.036986857956887e-6	2.2793181898844847e-6	2.7706710107092657e-6	2.921336256526876e-6	2.5469533947571022e-6	2.0902652159306536e-6	8.143011236334298e-7	7.229225485112008e-7	1.0980400199034563e-6	-0.0003710576050282511	3.864974170724356e-6	2.5155285585662986e-5	2.487381526373772e-5	1.3176315758259543e-6	1.8405969937502478e-6	1.6173732976390923e-6	2.2210250761320934e-6	7.607116129276412e-7	3.492656351420764e-6	5.045498416262435e-6	6.196316273472018e-6	1.2990285930385159e-5	3.919790878276349e-6	2.939945623349461e-6	1.894162579939968e-6	2.754444363702946e-7	-7.554459895289063e-7	-3.859220672739784e-7	-7.479871934454232e-7	-1.506134427269848e-6	-2.7106939166335244e-6	-1.7626157768806452e-6	-5.7362601431007465e-9	-3.784461128915166e-7	-1.4235959081379014e-6	-3.054477970714279e-6	-3.151821088734179e-6	-2.7810596319469355e-6	1.553806415010401e-5	1.406396284918095e-5	-7.262095885106562e-6	-7.105569428255288e-6	-7.289008604289757e-6	-1.0137243182508976e-5	9.521201769187369e-6	9.293100661483117e-6	-2.023505995741757e-5	-2.5039664215163802e-5	-3.215392236285703e-5	-4.090948239358558e-5	-5.1416313202038615e-5	-5.773434159516864e-5	-6.9608315940114e-5	-7.808198516486226e-5	-8.334746140602352e-5	-8.476995363509922e-5	-8.786968400060005e-5	-6.667472123615616e-5	-9.886363988584682e-5	-8.309126904813553e-5	-0.00011815999845226775	-8.536230758968534e-5	-7.9371599163438e-5	-7.681013183452644e-5	-8.16073331889064e-5	-8.76997978421605e-5	-8.694092827856901e-5	-7.853299308041941e-5	-9.548856963091591e-5	-8.666955403440445e-5	-5.719374789807212e-5	-7.792287049491987e-5	-6.895544935317174e-5	-8.943420395052075e-5	-0.00011624470677464569	-9.35444718444501e-5	-7.948286229617291e-5	-1.9299833140711334e-5	0.0001176294565624961	-4.200527994739395e-5	-3.0488679867460245e-5	0.00020916999710672915	-2.495679758180878e-5	0.00018579170342159987	-3.113357063833913e-5	-3.7923147491823045e-5	-4.1962123694045447e-5	-7.395526945290672e-5	-4.774573033510324e-5	-3.465668328802478e-5	0.00015979416429844984	-2.8711775889960194e-5	-3.628542467339589e-5	-5.3026980533453765e-5	-6.529868430992284e-5	-6.939014452484859e-5	0.00019431606654264025	-6.460838867395485e-5	-6.376156564668885e-5	-6.822667552353642e-5	-7.26688039753582e-5	-7.508517230494474e-5	-7.678407256240345e-5	-7.589089158039307e-5	-7.540398788642624e-5	-7.093169063264806e-5	-6.764428407816415e-5	8.781214809780555e-5	-2.8382794282601686e-5	-7.211344883940223e-6	6.655105171403429e-6	0.00010584076499919578	8.840870840759398e-5	-1.5128594390960166e-6	-9.88548201842263e-6	-1.5472616553740886e-5	-2.1304976666793865e-5	-2.8019296971311587e-5	-3.0357498272926236e-5	-3.588907130599756e-5	-3.79148236379854e-5	-4.2309620555872995e-5	-6.929208957830505e-5	-4.9834135268817534e-5	-5.545701738221326e-5	-5.945618560679387e-5	-6.323725496815646e-5	-6.305443826617237e-5
1.9479007223549105e-6	1.849632586289451e-6	1.208513046997402e-6	1.3146898834176263e-6	1.4095876477686212e-6	2.73718638943779e-7	-1.857359591106965e-8	4.95139268369177e-7	-1.5564825120504937e-7	2.1541549784313265e-5	2.1869778479063212e-6	3.3215250307789754e-6	3.1051285323888253e-6	3.09205884446522e-6	2.0535058569835958e-5	3.100480992884974e-6	3.0243975785007376e-6	1.5248318516406108e-5	3.0201816296718145e-6	4.020837843792425e-6	4.228251203115439e-6	5.078585955414934e-6	4.937333683670481e-6	2.8911778679637217e-6	1.1603165139752354e-6	-3.754336209076765e-7	-1.5899838196270846e-6	-2.6650840759490048e-6	-1.8706105486078267e-6	-1.607087083422003e-6	-2.5734223637089663e-6	-1.9020511138063533e-6	-1.0897901796583752e-6	2.810630322257939e-7	1.045692105434027e-5	-2.4185655960276033e-6	1.0596506297351786e-5	-5.303747901318689e-6	1.5029200124734988e-5	-5.78539270620394e-6	1.3593174504937197e-5	-7.712420824101582e-6	1.1812773906424122e-5	-9.745896771112253e-6	-1.1274519414258702e-5	-1.7684858821543628e-5	-2.1911327828717407e-5	-2.2669828318754633e-5	-2.838984590301124e-5	-3.4223752676441573e-5	-4.332299467855853e-5	0.000518693549481959	-6.679183788921251e-5	-5.12173669472342e-5	-8.011438670340438e-5	-8.442943866576367e-5	0.00037691535235890076	0.0003727979019784377	0.00032325760898688823	0.00029228841162132744	0.00028658051600764225	-0.00011417657572584602	-7.950135780134915e-5	-6.234815402991149e-6	-0.00010184089974748134	-0.00010365178924978159	-0.00010633852105406977	-7.477372221735513e-5	-7.00763339255971e-5	-9.697466769304874e-5	-9.791883187963398e-5	-9.745537584822058e-5	-9.74484888647566e-5	-7.142416937658247e-5	-9.374470182563492e-5	-9.488818414440697e-5	-5.535854587700932e-5	-5.158660061647057e-5	6.502839385226391e-5	0.00012669992663401223	0.00016269731198190608	-2.3272937878303195e-5	0.00026334027044439424	-2.2641937281358323e-5	-2.8323555029260636e-5	-3.34840629753687e-5	8.391653048394612e-5	-3.992606380332853e-5	-5.672570859497879e-5	0.00012341509706344537	0.00013774891214916787	-3.5250863241105025e-5	0.0001411748513285632	-5.749407333114384e-5	-6.60392860866272e-5	-6.635786835632843e-5	-6.286560327337467e-5	-6.196281198267558e-5	-6.355917169735656e-5	-6.838535751520951e-5	-7.095198889279651e-5	-7.414206777906559e-5	-7.632383968814789e-5	-7.589216179540806e-5	-7.348892789447634e-5	-7.131348288179828e-5	-6.630482869264629e-5	7.226458202993493e-5	-3.745869028809023e-5	-1.5737829795400295e-5	7.057312366497235e-7	1.1913858778534836e-5	1.2212909347852495e-5	3.351805879017993e-6	-5.159015642011472e-6	-1.220521572660243e-5	-1.7901897431604145e-5	-2.330760469363357e-5	-2.7179629945466347e-5	-3.2371273446277454e-5	-3.512364976568502e-5	-3.764056682602798e-5	-4.233834449147284e-5	-4.7523030286941085e-5	-5.257945045259436e-5	-5.624064062333318e-5	-6.02287443524839e-5	-5.8660522433691235e-5
2.2748354032385283e-5	1.6415025662404477e-6	1.0365251585387207e-6	4.0423218472887285e-7	1.7955052421529845e-7	-4.3430677835543455e-7	-5.912098288550103e-7	-8.763877277123732e-7	1.9134528976566404e-5	6.293437864677556e-7	1.8635529834499977e-6	3.070098304142695e-6	3.989914353362588e-6	3.3307357160669094e-6	2.333879649201007e-6	3.150533384597607e-6	1.788008611127345e-5	3.293299786135827e-6	3.1116115894623195e-6	3.776306257739857e-6	4.341198037581171e-6	3.981993861281916e-6	1.1366691679208605e-5	1.5639918889219073e-6	1.031109686943797e-6	-4.3266798507683724e-7	-2.3970535611902164e-6	-2.819578505607555e-6	-3.217834701496093e-6	-1.4988982021172347e-6	-2.0817231420844308e-6	-1.2248148369337943e-6	-1.5419413659692027e-6	-2.6463471218112497e-6	-1.7221204716649872e-6	-2.7213182827475054e-6	-4.727427284017898e-6	-6.4626771333108415e-6	-7.084284208788857e-6	1.4326405336337789e-5	-7.66042307648459e-6	1.1661626022886574e-5	1.0091777817846314e-5	-1.069263833006521e-5	-1.238850560994118e-5	0.000587369449468793	-2.012712929924318e-5	-2.1866080809277832e-5	-2.7979737985439385e-5	-3.315929632837606e-5	-3.7831572125942756e-5	-5.0482469846855347e-5	-3.5838809952576855e-5	-7.204314972941738e-5	0.0004245640315621161	-8.46184188958341e-5	-8.800307051178425e-5	-9.137700429235327e-5	-9.644068104260029e-5	-8.088937756248909e-5	-8.830957716639536e-5	-8.798875659109208e-5	-0.00010865958624055555	-0.00010123128998674709	-9.843150051389873e-5	0.00012700792241775584	-0.00010280848477639917	-0.0001056414178433559	-0.00011168928172702094	-0.00011471047597002714	-0.00011389943333454532	-0.00010921477951998616	-9.774816051038204e-5	-7.099441350563729e-5	-5.683964676760707e-5	-7.204347372865411e-5	-4.686248896547201e-5	-4.4217876024534204e-5	-5.608117875909057e-5	4.653829530465556e-5	0.00012999880603096385	0.00016914077866649036	-1.8012426935903273e-5	-1.9315513490774424e-5	-2.3289713690477064e-5	-2.978387476409083e-5	-3.149601467485226e-5	-3.178859766006818e-5	-5.873692823504936e-5	-3.966512221143751e-5	-3.499506021853666e-5	-4.465109469480293e-5	-5.344366206537e-5	-6.0151400005402974e-5	-6.259635013388548e-5	-6.19481356054722e-5	0.0001469544526916649	-6.042584932574213e-5	-6.451087793522977e-5	-6.867565945183865e-5	-7.111398721099615e-5	-7.204481341053517e-5	-7.44562953102786e-5	-7.23871842305164e-5	-7.311233330874395e-5	-7.062750996310123e-5	-6.586032692808632e-5	-6.180863056019878e-5	0.00042225851312053305	-2.7204858222442513e-5	0.00010490689591560222	7.665857628368078e-6	1.2585986753670055e-5	7.589456414488897e-6	-1.045789252600098e-6	-7.496818165889487e-6	-1.3619464378007056e-5	-1.8815691099161123e-5	-2.2136549937835904e-5	-2.685974641188332e-5	-3.118307272851023e-5	-3.596260843830013e-5	-4.0781702721594064e-5	-4.507772403225692e-5	-4.954414916371545e-5	-5.417705839163721e-5	-5.595829055296368e-5	-6.933578371226057e-5
7.762595478981145e-7	1.064873146357627e-6	1.0127876832449604e-6	-6.966642609746842e-9	-5.956241771676242e-7	-3.259996575992333e-7	-2.805009859178616e-7	-1.062858468551804e-6	-2.0187220505798152e-7	1.1215257709915006e-6	2.3520072236138043e-5	3.0025971392501523e-6	2.6437968242697422e-5	3.2647248449378706e-6	2.7508883896926878e-6	2.362585309310136e-6	1.788646899375556e-5	3.2438805891107404e-6	3.6912398516410466e-6	3.604841844722772e-6	3.1569088876798887e-6	1.1632119994637083e-5	2.7005513758630558e-6	1.632903317030606e-6	-4.850198417563232e-7	-1.940561314199248e-6	-3.3670625003735257e-6	-2.9814909002415626e-6	-3.310528774594715e-6	-2.4545083639342688e-6	-2.3183337063503815e-6	-1.6815744850948709e-6	-1.6333566895900984e-6	-2.902028808864196e-6	-3.920642784147228e-6	7.418959294423549e-6	-4.729973197088646e-6	-6.273856382628114e-6	1.1158402953535818e-5	-8.494446491008286e-6	-7.017185411597104e-6	-8.85522897307433e-6	-1.0421333337885981e-5	-1.2650694222586002e-5	6.190255722433673e-6	-1.643048521822422e-5	-1.571328765814068e-5	-2.118516297008031e-5	-2.4827242040494795e-5	-3.1411689163903856e-5	-3.8417520742959396e-5	-4.535658346303481e-5	-5.321933269299595e-5	-6.484312478813835e-5	-7.35378723673108e-5	-7.880441498118377e-5	-8.480530267652867e-5	-8.911336334405649e-5	-9.661503071896858e-5	-7.944018197220061e-5	-7.732761613908753e-5	-8.500945549813513e-5	0.0002047197004102243	-9.688979435570292e-5	-4.429807577440814e-5	-9.850177000913433e-5	-0.0001045710995493357	-0.00011641722759007434	-0.00012314263089983858	-0.0001234635387856013	-0.00011715392993828268	-0.00010371381619442982	-8.454147736972365e-5	-6.836907767362337e-5	-3.0803187127219356e-5	-4.931961714848827e-5	-6.0504604710979494e-5	-4.2690263818206606e-5	-1.3323618178992568e-5	-4.7287977340918505e-5	6.936989017566333e-5	0.0001283898540963295	-1.5933847345402704e-5	0.0001717484278709186	-2.083243613195101e-5	-2.724386415893596e-5	5.2253258160802566e-5	-2.508841054943596e-5	-2.51533428421275e-5	-5.178550920030729e-5	-4.379061562196631e-5	-5.5858107940670934e-5	-6.147691044077288e-5	-6.296977305128896e-5	0.00011944033519804939	-5.694212067628964e-5	-5.870785461240587e-5	-6.129383515565993e-5	-6.313006005587824e-5	-6.649353128617666e-5	-6.782579194704449e-5	-6.952441840771663e-5	-7.248402670021251e-5	-7.27478951561769e-5	-7.26636886739493e-5	0.0003674639918845946	-6.581681830779577e-5	-6.153984988227599e-5	-5.467065677514961e-5	-3.815276903992794e-5	-1.580899558321382e-5	2.9244770088552273e-6	1.0855400010676862e-5	8.775494881204087e-5	7.07469645061954e-5	-1.4357653250308229e-6	-9.406471176591014e-6	-1.3230750123656909e-5	-1.6994744386021458e-5	-2.1488357418531574e-5	-2.9331419060254983e-5	-3.426530202305187e-5	-3.979382516617919e-5	-4.18931121699324e-5	-4.721539905405659e-5	-5.009611882584198e-5	-5.130795830659131e-5	-5.324855480310904e-5
-6.558460083989828e-7	-5.747371961759961e-9	2.3569280998598932e-7	1.545671837510686e-7	-1.0794486589440567e-6	-1.2793687800011374e-6	-7.898678106650799e-7	-1.0583627713751844e-6	-6.177065545425863e-7	7.804609772121612e-7	2.174392446980156e-6	2.6849952629765016e-6	3.7311940525994918e-6	3.137167060425993e-6	2.2664818724263012e-6	1.6379277996604212e-6	1.675836948152737e-5	1.7128561919597376e-5	2.3997378596280405e-6	3.118784737418472e-6	1.1931718035945445e-5	1.7238927456876747e-6	1.6246359887142582e-6	1.2316300660277554e-7	-9.364855399926985e-7	-2.1376351437297483e-6	8.041711954349451e-6	7.363879709455052e-6	-3.238684815175404e-6	-2.3350939686866295e-6	5.625270287322188e-6	-2.16854015181665e-6	-2.2822200843345894e-6	-2.7840160822089483e-6	-3.7365471865268354e-6	-4.992860720467985e-6	-5.3521144242364965e-6	-6.58294247902634e-6	-7.158440743442558e-6	-8.777337368493128e-6	-9.828514036268115e-6	8.460695646649941e-6	-1.0760096452098978e-5	-1.1989315052706481e-5	-1.3555665238920646e-5	-1.5788595465583504e-5	-1.878413841850516e-5	-1.881352473077436e-5	-3.260188927647228e-6	-7.709716734555986e-6	-3.762030392573477e-5	-4.3756876028813014e-5	-4.856083684112505e-5	-5.740610269960498e-5	-6.502941087468668e-5	0.0003891557225624482	-6.401764560617787e-5	-8.75085350966428e-5	-7.478314147373478e-5	7.6289672560465e-7	0.00020599682770648122	-9.934189419921226e-5	-8.171545219330797e-5	-0.0001048458942300688	4.27028747908894e-5	-0.00010589868573126267	-0.0001141250701645175	-0.00012035588029948928	-0.00012589244697645417	-0.00011861523440836086	-0.00010432911300577207	-8.516412024603317e-5	-6.770846282472612e-5	-5.5470667920950274e-5	-4.020948424936005e-5	-2.9175578012530625e-5	-4.679165823461896e-5	-5.6305763267009475e-5	-4.7398740201097826e-5	1.2615008490400982e-5	9.915516199543494e-6	-2.753090466025925e-5	0.00012870629160045355	-1.587003340475842e-5	-1.7223044153922076e-5	-2.180424780350498e-5	-2.192097724394151e-5	0.00010993700188515615	-2.5715994183856273e-5	-3.761020194451492e-5	-5.9200291930173315e-5	-6.658314853823992e-5	-6.629103112533127e-5	-6.0220618376325124e-5	-5.379318702590703e-5	-5.326925948306903e-5	-5.770150528646399e-5	-6.175053904214725e-5	-6.40769113993922e-5	-6.67948504125569e-5	-6.708278266183768e-5	-7.032650254678089e-5	-7.2681629713589e-5	-7.425484799699657e-5	-7.270903630157439e-5	-7.004000151626395e-5	-6.460536508744402e-5	-6.031099826658316e-5	-5.579160027580348e-5	-4.856338258920462e-5	-2.829753181802987e-5	9.631383522045681e-5	6.714878157896014e-6	1.3910710352233314e-5	1.1743291628083918e-5	3.5673891147510557e-6	-2.877100778954822e-6	-7.91190750269624e-6	-1.2761595075727107e-5	-1.9347158580014425e-5	-2.4798292737085686e-5	-2.9470204278121627e-5	-3.4698999618930164e-5	-3.967595639453245e-5	-4.488706031411803e-5	-4.774153267432144e-5	-4.7082023500800746e-5	-4.834500817839241e-5
-5.093630053414891e-7	-4.797873957219814e-7	-2.8210402934557115e-8	3.774393224315964e-8	-0.00020982413430010912	-1.167828997996603e-6	-1.1352812267814813e-6	-1.037249455548622e-6	-5.347428441943112e-7	-5.9093417211013e-7	1.4412812754008948e-6	-0.00031318896650982454	2.5106714319361473e-6	2.4467830744303014e-6	1.9529700107481004e-6	1.5931185749648797e-6	8.178882753381205e-7	1.1170738995977276e-6	1.5222266183895303e-5	1.3497655608737447e-5	1.8146190996102206e-6	8.73237960211787e-7	9.558048598914287e-6	-4.923126733835442e-7	-1.210541912800248e-6	-1.2337137757407763e-6	-2.290410394738219e-6	8.056118925266003e-6	-3.091630886818957e-6	-2.627738953784231e-6	-3.1822964403018417e-6	-3.3965370142390863e-6	-3.0166785510869548e-6	-2.7003848800759007e-6	5.504034256893797e-6	-5.108531685857538e-6	-6.9341490579983645e-6	5.27133924106075e-6	-7.702273067857878e-6	-9.23284743155491e-6	-9.460805919299267e-6	-1.0430261955805863e-5	7.218733908686561e-6	-1.1027301960897951e-5	-1.2232969081200093e-5	-1.5018203287995701e-5	-1.8193883906164523e-5	-2.1517586917558368e-5	-2.2671422418032126e-5	-2.9056636618014992e-5	-3.2483674659202345e-5	-4.010059026078822e-5	-4.599095422493408e-5	-5.312853772900894e-5	-5.9989017562990326e-5	-6.817783238935514e-5	-7.294557853366503e-5	-6.603089367794622e-5	-6.163375069367818e-5	-9.03125181155387e-5	-9.287343577362166e-5	-5.937300214306344e-5	-7.182131036255956e-5	-2.841339412511831e-5	-0.00011414325310258287	-0.00011638148321745957	-0.00011842252178121673	-0.00011787028378897296	-0.00011201086859609637	-9.796702941514742e-5	-8.11027673127383e-5	-6.833237936006219e-5	-5.82107141672652e-5	-5.026775708358538e-5	-4.8311548453514475e-5	-2.57419114126794e-5	-3.06785770065219e-5	-4.578934289794926e-5	-5.2198876312705604e-5	-2.8787878816882717e-5	-3.7942650875317846e-5	3.4219279149876655e-5	-2.661513045349416e-6	0.0001209805936806395	0.00014622380845453857	0.00014233106826647786	-1.64725539378123e-5	-2.1464661371884894e-5	-3.208739016157284e-5	5.1782454401011827e-5	1.78306358416592e-5	-7.292477502791536e-5	-6.664721122843489e-5	-5.8697790014504035e-5	-5.213120752016356e-5	-5.315835255228899e-5	-5.7291029420124436e-5	-6.260163891837287e-5	9.140409120002942e-5	-6.733220230889384e-5	-6.883363138783483e-5	-7.121326528513662e-5	-7.224869529408177e-5	-7.332136935197424e-5	0.00033438372996781303	-6.951888148621483e-5	-6.323566303147198e-5	-6.043307362568729e-5	-5.5409536204334376e-5	-5.261159273633998e-5	-3.9835053555116614e-5	-1.856118910783188e-5	1.5215124396478858e-6	1.3909538124488754e-5	1.7319816412122058e-5	9.249713654597134e-6	1.1884373601433844e-6	-4.912870024082546e-6	-1.2481208277957657e-5	-1.601250986024011e-5	-2.0535601496986678e-5	-2.519680181185661e-5	-3.0400288214343322e-5	-3.593935342174892e-5	-4.033232209002156e-5	-4.2880413751497496e-5	-4.297118682448312e-5	-4.433471338075208e-5
2.1229708153819326e-5	2.14972222249086e-5	-7.238917780878979e-7	-6.328395398696746e-7	-9.187283719124602e-7	-1.4724426242182314e-6	-2.038721211468364e-6	-1.205353236868195e-6	-7.987607924573952e-7	-2.023777778781895e-7	-6.664977221385385e-7	1.1537434575992428e-6	1.913364071195534e-6	2.2149304428933892e-5	1.5645741618155453e-6	8.21058174506578e-7	7.553943247366702e-7	1.6086179431003917e-6	1.4374605484656494e-6	1.8020325200302553e-6	1.5862501044915144e-6	1.1357010399621465e-5	5.175509249234745e-7	4.541746491154748e-8	-6.328931415457238e-7	-1.5282147321422131e-6	-2.2121409302866177e-6	-3.170316305732188e-6	-3.2731211007801546e-6	-3.96537808416156e-6	-3.600434757816261e-6	-4.073070818524981e-6	-4.196908689120028e-6	-4.907303807509869e-6	-4.4333485891843495e-6	-5.3986598866942155e-6	-6.50560209382344e-6	5.169653283275746e-6	-9.270029253626564e-6	-9.165886700885349e-6	1.0428911255863887e-5	-9.69498028170106e-6	-1.037731772408684e-5	-1.1525593786182735e-5	-1.3896316680881934e-5	-1.3951639672319998e-5	3.806840234618072e-6	2.516398736845775e-7	-2.1742757779264518e-5	-2.679569985996721e-5	-3.0702285464909054e-5	-3.6105374154627996e-5	-4.0104059252093365e-5	-3.1052877741676596e-5	-3.529134561229563e-5	-5.830904090530376e-5	-5.422884717642127e-5	-7.60905314084047e-5	-8.422835569840215e-5	6.550293191247237e-5	-2.448244477103439e-6	-9.982525086868043e-5	-0.0001119029133228274	-0.00012370250599068018	-0.0001271477230536727	-0.00012078613615370865	-0.00011104227189734535	-9.764015548372048e-5	-8.52121743617762e-5	-7.398970773555224e-5	-6.581845222924172e-5	-5.9549319367404154e-5	-5.4476201069954874e-5	-4.837581254715957e-5	-4.465072228070793e-5	-3.825075029176175e-5	-1.9152239510723248e-5	-3.321411699069507e-5	-4.5738356624087494e-5	-4.895526684779868e-5	-4.8967083219464544e-5	-4.571805563350056e-5	-1.5791511437249564e-6	6.791336664382268e-5	0.00015772440142765602	-1.3696310336222539e-5	-1.964295249410556e-5	-2.9312891209427525e-5	4.654430869005608e-5	-5.866641633764337e-5	-6.784989073432227e-5	2.9283145080505942e-5	6.416857218538748e-5	8.964243311684688e-5	-5.429535375046208e-5	-5.5104951607320984e-5	-5.667920155088082e-5	-6.17206710849268e-5	-6.481514622338255e-5	-6.662331510963535e-5	-7.01458165253111e-5	-7.141391809067292e-5	-7.285063271648712e-5	-7.309703132260634e-5	-7.135118017076816e-5	-6.772261171627072e-5	-6.32764287686609e-5	-5.942077640281511e-5	-5.7232610883479486e-5	-5.0996577380339595e-5	-4.4707161622693694e-5	-2.923232730294833e-5	-7.832612491069516e-6	8.2830762084034e-6	1.6393975754602406e-5	1.274535454563123e-5	5.863231029230626e-6	-1.3776605026883477e-6	-8.796511744940628e-6	-1.2267108757580574e-5	-1.6712317050331083e-5	-2.0980809341516527e-5	-2.6306784979706374e-5	-3.076876701297519e-5	-3.5529869374381694e-5	-3.785783169806369e-5	-5.319533846439217e-5	-3.910290996825467e-5
-2.2463183826275726e-6	2.1023564751861492e-5	-1.4082879048273088e-6	-1.296707900663675e-6	-1.113793982595397e-6	-1.2908447912123359e-6	-1.928119928855962e-6	-2.196450372214773e-6	-1.8683679006866166e-6	-1.2123151775167364e-6	1.8455441016588495e-5	-5.517627007687546e-8	1.9879286983552852e-5	1.4814595254196232e-6	9.800997270131948e-7	1.146552198888766e-6	6.198359287260761e-7	1.5402426695746091e-6	1.7169789123241616e-6	4.249282470271572e-7	1.2359069966176334e-5	8.290323251391898e-7	4.0077528738318444e-7	-2.250559808812994e-7	-1.2668184704654859e-6	-1.8108899302280725e-6	-2.3311632122514957e-6	-3.1383924536530945e-6	-3.530486366352481e-6	-4.344269796918406e-6	-4.8991602349124645e-6	-4.628744345585721e-6	-4.9267785999496366e-6	0.0004596250166922464	-6.0118162562169085e-6	-5.243381319027776e-6	-7.0242430329220265e-6	5.173618544221403e-6	5.378457343675736e-6	6.259919476140838e-6	8.991683453165342e-6	-8.60908204967925e-6	-9.729452222180589e-6	-1.1144908581924473e-5	-1.1523246758307409e-5	-1.360253871311994e-5	-1.5945535903399088e-5	-1.712539050646798e-5	-2.169070413402701e-5	-2.375260839623816e-5	-2.9466714491455603e-5	-3.3165999248084056e-5	-2.263411631659492e-5	-4.135180731464191e-5	-5.1001001210058483e-5	-4.436754279343218e-5	0.00014048315591728543	-7.524356510375113e-5	4.433110420477317e-5	1.6948658662478428e-5	-0.00010170580469792451	-0.00011039834730654837	-0.00011740017433321489	-0.0001268344087130359	-0.00012410160768729843	-0.00011063816231988478	-8.963735351483009e-5	-7.331324415598567e-5	-6.345551199789636e-5	-5.899422281019687e-5	-5.6629322394205614e-5	-5.45254474595329e-5	-5.0909212214844245e-5	-4.627725696437399e-5	-4.209169768263927e-5	-4.2124667215374684e-5	-2.448618671034488e-5	-1.9774350388677888e-5	-3.379385392547705e-5	-4.3881431463737956e-5	-4.658218678699872e-5	-4.3340562303530996e-5	-3.750486740001016e-5	7.066401055982495e-5	6.11236710513466e-5	9.920239316411807e-5	-3.2474612153803994e-5	-4.3974486656927656e-5	-5.6953860023495556e-5	-6.256536832775121e-5	6.676510134974358e-5	-6.612530178104242e-5	4.1692456772141886e-5	0.0002494919430319606	-5.8458170805822125e-5	-5.740093905818569e-5	-5.758249930107827e-5	-6.167297491206105e-5	-6.541496084897923e-5	-6.820152911259005e-5	-7.074610157487341e-5	-7.160435101737604e-5	-7.237183206959476e-5	-7.136062912102483e-5	-6.93608994900666e-5	-6.684304133173472e-5	-6.366328750236668e-5	-5.863069836981299e-5	-5.43819917941577e-5	-4.841728404748197e-5	-4.3401767954042467e-5	-3.7202716196704116e-5	-2.1043014536482906e-5	8.995015888462561e-5	1.1977921823461786e-5	1.5278597831602228e-5	1.0396052417936826e-5	2.1487370145033486e-6	-4.40179644811006e-6	-1.0571712927610086e-5	-1.4912977259966373e-5	-2.0320831261265437e-5	-2.3745474296381613e-5	-5.4867857047694426e-5	-3.177846548109919e-5	-3.381788728645547e-5	-3.5258188419166805e-5	-3.554960284784159e-5
1.9078706306786017e-5	1.9910355237801947e-5	-1.8030136511354346e-6	-1.9853211416273717e-6	-1.8857780488361602e-6	-1.9614965825930563e-6	-2.131510689239375e-6	-2.440455638460647e-6	-2.173375732351544e-6	-1.737223486930812e-6	-1.0973005900197599e-6	1.766517452524456e-5	-9.846095184182571e-7	2.296393808440332e-7	1.1174014861694203e-6	1.0080055037179118e-6	1.2775154576417339e-6	2.31845632940467e-6	1.5527675354900681e-6	7.72898450565585e-7	7.61597915565097e-8	-2.5261713622765644e-7	-3.8120581835479964e-7	-6.52951825289396e-7	-1.317019574362179e-6	-2.1784116779798783e-6	-2.732954057956254e-6	9.47360719499087e-6	-3.4117685166956875e-6	8.452844693021143e-6	-4.444364980247075e-6	-5.723453915403812e-6	-5.881978166257526e-6	-6.073557507943993e-6	0.0004352038461017806	-7.289672352621228e-6	-8.067687033361248e-6	-9.17273295047798e-6	4.702723226281255e-6	0.0004245745938576259	-9.117003941247828e-6	-1.0575339045004175e-5	-1.0383053097615482e-5	-1.0808750503863546e-5	-1.2112975657517554e-5	-1.1629063299473173e-5	-1.6231815446900015e-5	-2.0141335587480435e-5	-2.369507919454492e-5	-2.5924265207154392e-5	-2.7640014335335653e-5	-3.366504934659007e-5	-3.7887515194374045e-5	-2.9894899042441333e-5	0.00014279345215220684	-5.767838805704692e-5	3.301613609047187e-5	-4.988140161901278e-5	-9.605763235419134e-5	-0.00010304079775406213	-0.00010916544954460059	-0.0001103482185696393	-0.00010911514333277036	-0.00010898314028628855	-0.00010205270167096649	-8.96849614174356e-5	-7.32395411400785e-5	-6.17138140015307e-5	-5.316338266606838e-5	-5.129222226523951e-5	-5.044473704633951e-5	-4.941348253060564e-5	-4.8011524117160843e-5	-4.459578360874227e-5	-4.0103659250872526e-5	-3.689135037158618e-5	-3.265161972731143e-5	-1.669076593854889e-5	-2.3368584542779588e-5	-3.3770212205108544e-5	-3.9257295445806716e-5	-3.6102313421941274e-5	-2.616740224036353e-5	-3.308053332888713e-5	-1.9744721770434143e-5	9.281152467327048e-5	6.393315230445633e-5	-5.570851147229292e-5	0.0001574574902510914	-6.441418305669334e-5	7.557102695490291e-5	-6.580023152412125e-5	1.8794251217699133e-5	-6.956068929376983e-5	-6.56344258986066e-5	-6.219106272713356e-5	-5.880728834229993e-5	-6.206361839638575e-5	-6.475779579642792e-5	-6.801684851989373e-5	-6.927963298422363e-5	-6.979524560356146e-5	-7.025155304853743e-5	-6.930486918363854e-5	-6.691997508908936e-5	-6.472940651893768e-5	-6.164352051236976e-5	-0.0001593833539450146	-5.1461552059498526e-5	-4.852723276300302e-5	-0.00013126943042683788	-3.888371235904824e-5	-3.327495610821172e-5	-1.3435822866154673e-5	3.1418016232522775e-6	1.3365817337117141e-5	1.2638040662206061e-5	5.9728572293621775e-6	5.727104578609791e-5	-7.91850201668819e-6	-1.2259335672613544e-5	-1.6541945888908665e-5	-2.064308012816017e-5	-2.39693199830703e-5	-2.728966965690751e-5	-2.8233518739178036e-5	-3.0040694809244594e-5	-3.0116116688050994e-5
-4.06889787820053e-6	-3.6549467437055837e-6	-3.058702825052453e-6	-2.433865803233397e-6	-2.5367226428506468e-6	-2.381687987813559e-6	1.722166411484183e-5	-2.5120557583692004e-6	-3.014860440114851e-6	1.5104351358511564e-5	-2.0077003002393437e-6	-1.1784571544027744e-6	-8.617073315680501e-7	-6.585820784012729e-7	-8.605455874662526e-8	4.886434780933323e-7	1.148892638623279e-5	2.602493606684538e-6	1.046247560722996e-6	2.973015324363496e-7	-3.283455034949691e-7	-9.637434659681894e-7	-1.0593513717483522e-6	1.0290508760141693e-5	-2.1193035057480653e-6	-2.232887995864735e-6	-3.5344225017991957e-6	-3.725846240908127e-6	8.032459383192829e-6	-4.854847296734393e-6	-5.106934646641171e-6	-5.789998677420893e-6	-5.976312821698434e-6	-7.561730124984564e-6	-8.057766117057876e-6	-8.912837728139921e-6	-9.411134956139656e-6	2.8020991209144297e-6	-1.2178476452755292e-5	7.897811389430344e-6	-9.759095082344151e-6	-1.0592574712243313e-5	-1.1261256190297749e-5	-1.0875712539614368e-5	-1.2003340954522333e-5	-1.2841492050944567e-5	-1.896095951015779e-5	-2.2855899650144323e-5	-1.0087705535279817e-5	-3.007011411593804e-5	0.000162329819054926	-1.8853318422334064e-5	-3.681517241627141e-5	2.012038117831991e-5	-3.026132067648641e-5	-4.595949059042325e-5	-4.936257648524892e-5	-9.291941605378442e-5	-0.0001008263069358765	-0.00010280989550671537	-9.989764427196417e-5	-9.511072543302119e-5	-8.841772660510814e-5	-8.44871239991617e-5	-8.071429199025778e-5	-7.608801353113518e-5	-6.766816960515143e-5	-5.845672800098927e-5	-4.9647844491370924e-5	-4.591235126770454e-5	-4.5003632679274045e-5	-4.51566670628986e-5	-4.433244109576604e-5	-4.076427351566128e-5	-3.7670051536263386e-5	-3.5566666242107386e-5	-3.542835524848677e-5	-2.7493440746094314e-5	-1.4612368319922957e-5	-1.9993506800207537e-5	-2.7367150286358374e-5	-2.9995317915419576e-5	-2.9460045773097585e-5	-3.523977421251642e-5	-3.307808744893023e-5	-2.5153579677667827e-5	3.3974364093607243e-5	4.1761411579039915e-5	-6.136281923139792e-5	-6.142813079311233e-5	-6.332318534616604e-5	7.179130243219049e-5	-6.685900841922306e-5	-7.22751173028982e-5	-6.901076274165498e-5	-6.56387172170167e-5	-6.15602023349717e-5	7.78550910676912e-5	-6.394923641016433e-5	-6.621135066796292e-5	-6.949616916652438e-5	-7.035635509922318e-5	-6.985226544786282e-5	-6.826744909672335e-5	-6.628594437153477e-5	-6.203480865030664e-5	-5.84517872773561e-5	-5.4997714356533225e-5	-5.050853746194658e-5	-4.7051399772044455e-5	-4.457439310651199e-5	-3.907296029966587e-5	-3.534231062220434e-5	-2.8574206254369772e-5	-9.0496102747974e-6	6.841390092198613e-6	1.0774516180327826e-5	9.188849030815089e-6	1.1929174462723931e-6	-4.962683245615207e-6	3.997098016975554e-5	-1.4800187386499472e-5	-1.7716571033740127e-5	-2.2060851371881918e-5	-0.0003521398285176062	-2.4000212713764287e-5	-2.577624150225074e-5	-2.6774979431046383e-5
-4.502210696342621e-6	-4.578510846848908e-6	-4.249951205619973e-6	-3.69625326252567e-6	-3.3529903333158733e-6	-2.993167859996048e-6	-3.1765917532305347e-6	1.525700754596924e-5	-2.851679910586332e-6	-3.2399251595992534e-6	-2.7637825741948186e-6	-1.6163015285685723e-6	1.4735809252643995e-5	1.294148255156786e-5	9.77732546965295e-6	-4.519400465747615e-7	1.0522539294305182e-5	1.5874677280168503e-6	6.617984694477319e-7	2.7669657414364397e-7	-5.99961020907112e-7	-1.421258867565715e-6	-1.5291139077668503e-6	-2.2415814978065524e-6	-2.2736663810038276e-6	-3.394871662354914e-6	-3.263040100798156e-6	-3.8605375347536405e-6	8.944363797393727e-6	7.650323943500438e-6	-6.1764199759948885e-6	-6.569270476737359e-6	-7.584520889971063e-6	-8.294310884480755e-6	-9.963589081466806e-6	0.0003061538219799285	1.5223428078344771e-6	1.4487615052465323e-6	3.1971232663887176e-6	-1.1592728183421161e-5	-1.0044037036153022e-5	-1.0771021554216984e-5	-1.072989872827172e-5	0.0003259309675290216	-1.4079074447381486e-5	0.00024668614120981866	-2.1063810887867037e-5	-2.6940457810201135e-5	-1.666882362133385e-5	-1.8523218621891314e-5	0.00011764381546595579	5.304148245016498e-5	-2.1166152107716268e-5	-1.3370567373820088e-5	2.5665271959104236e-5	-7.316472096303614e-5	-8.227130292769657e-5	-8.6479948922501e-5	-8.678399186212975e-5	-8.655197162677289e-5	-8.119673717320926e-5	-7.64550718099509e-5	-7.029044340813061e-5	-6.797250551794545e-5	-6.741658442472578e-5	-6.82086618714403e-5	-6.478287757807194e-5	-5.833623296075787e-5	-4.992696686264826e-5	-4.3798111566827774e-5	-4.1411725115926166e-5	-4.0222461528610165e-5	-4.009985779328089e-5	-3.816178882354586e-5	-3.454444265550845e-5	-3.1131189819305453e-5	-2.8899199215685597e-5	-2.8424448133196117e-5	-1.65332254789324e-5	-7.806313862386777e-6	-1.295903679829867e-5	-2.1703357853556987e-5	-3.229448597831617e-5	-4.68704968049319e-5	-4.8863123735338933e-5	-5.926087436151917e-5	-5.913519961545902e-5	-1.4018966336637418e-5	3.83403907282579e-5	5.175412045862549e-5	4.6987820794458296e-5	-6.59005440482288e-5	-6.754030779831575e-5	-6.719800479104416e-5	9.324708026747428e-5	-7.233100212702926e-5	0.00012991704615088564	-6.542765049603915e-5	-6.491315999148305e-5	-6.73802507970123e-5	6.19548201483464e-5	-6.789651928861419e-5	-6.777277259643216e-5	-6.627324168615226e-5	-6.324115497224458e-5	-6.056994719630827e-5	-5.59890103649552e-5	-5.351707729828528e-5	-5.098542993215967e-5	-4.6447399793786534e-5	-4.441680583294847e-5	-4.0076158686365155e-5	-0.00011612458966286997	-3.4413470931243936e-5	-2.5933690430649404e-5	6.860235639149115e-5	7.7696287976894e-6	9.62528121687897e-6	5.470541079372537e-6	-1.5603783346310445e-6	-8.214174844890614e-6	-1.315170986098378e-5	-1.6855757388958164e-5	-1.8501009317546712e-5	-1.8678121444708293e-5	-1.9978933928535667e-5	-2.043578826139655e-5	-2.381940315816615e-5
-4.485560001356954e-6	-4.884082301942906e-6	-0.0001505884421347959	-4.842123482112304e-6	-4.263561621022918e-6	-3.6679433651875116e-6	-3.3412958240565155e-6	-3.2156108909371086e-6	-2.9860073773888083e-6	-3.0541678907821702e-6	-3.1360364665273264e-6	-2.8267255325475503e-6	-1.9493269334735163e-6	-8.073543511792798e-7	-9.256925742026677e-7	3.433048190209153e-8	1.723204072164898e-7	-3.2921788174831816e-7	-4.0376171033294035e-7	4.6837382866734504e-8	-9.270108531888037e-7	-1.813462423695504e-6	-2.1334660065059816e-6	-2.5150386870478403e-6	-2.407705515378709e-6	-3.5010913690817808e-6	-3.990984523237614e-6	-4.626005928629962e-6	-5.0078411427620655e-6	-5.709536989018365e-6	7.0443324705495676e-6	5.414217009958261e-6	-1.001531296986074e-5	-1.1054411292389015e-5	0.00031809610614527304	-1.230222235328271e-5	-1.375007460110918e-5	1.3176201413270445e-6	-1.1760243305856998e-5	-1.2347508498407398e-5	-1.2344075597719236e-5	-9.84988335616272e-6	-1.0611868745945296e-5	-1.4106768099960971e-5	1.983445369120487e-6	-2.37999393844961e-5	0.00013389215069729214	0.00011091109482226744	0.0001918072918609577	-2.337650002399766e-5	8.709551374285775e-5	-4.411024368800823e-5	1.24241907785552e-5	-3.8797313800994766e-5	-6.368837663317214e-5	-6.740153874528414e-5	-6.933526659759053e-5	-7.02328247061457e-5	-6.875648864646737e-5	-6.691305397241208e-5	-6.604229817575133e-5	-6.253882196943219e-5	-5.9973480002795164e-5	-5.7325075667323424e-5	-5.879228037354979e-5	-6.133340243967133e-5	-6.190747302568561e-5	-5.722489787069352e-5	-5.045400278589859e-5	-4.430925144040243e-5	-3.93646067469442e-5	-3.674267336092559e-5	-3.4659929049442664e-5	-3.408928776041419e-5	-3.138200759716979e-5	-2.8549513924274557e-5	-2.574611436337304e-5	-2.4147922355986914e-5	-2.0515847023663695e-5	-8.159799721985887e-6	-9.495661523501332e-6	-2.297872989154878e-5	-3.644592638478027e-5	-4.9821318480193196e-5	-5.9475562708919414e-5	-5.442314241301308e-5	-5.123055292354135e-5	-4.6057565562969676e-5	-2.819738344038837e-5	0.00013783462337725138	4.315638281656982e-5	-6.143883906117365e-5	-6.386960794778742e-5	-6.634051369283763e-5	-6.835935876685134e-5	-7.748933819349613e-5	0.00017206271172427962	3.9444862482546344e-5	-6.913047508876763e-5	-6.735077487048146e-5	5.796295686546506e-5	-6.480888813242412e-5	5.201555272910802e-5	-6.321375005146398e-5	-6.167276262844155e-5	-5.9293966174386566e-5	-5.6256774773092116e-5	-5.383651241260706e-5	-4.965623200865754e-5	-4.852351093259893e-5	0.0002597620132713534	-4.235370223869739e-5	-3.827763783483809e-5	-3.629435855816935e-5	-3.302446095511662e-5	-2.218520250029158e-5	-3.4746927575935328e-6	8.579524052123081e-6	8.140804102580107e-6	7.32537864311174e-7	-5.320832943572795e-6	-9.92638661482918e-6	-1.2476505454413114e-5	-1.3481897531632432e-5	-1.5008695903128799e-5	-1.544360966750601e-5	-2.0294866988156525e-5	-2.211296854227299e-5
-4.691046239356663e-6	-5.027458587811799e-6	-5.4992449564678254e-6	-5.752263387198074e-6	1.300136066451554e-5	-5.109729587109743e-6	1.3316138373719146e-5	-3.861501709304116e-6	-3.6397714791653246e-6	-3.6724774604872455e-6	-3.1370267887084117e-6	1.0448142163610127e-5	-2.81032360080469e-6	-1.8575326096305724e-6	1.9520201851539474e-7	5.828098409056009e-7	-6.566979749052237e-7	-1.6231772728038797e-6	-1.2159857213823338e-6	-1.1617224439687004e-6	-1.5938567267138057e-6	-1.9011682223332065e-6	-2.2250711556191707e-6	-2.8792718847155444e-6	-2.760594754655228e-6	-3.0087564864130444e-6	-2.817911880311668e-6	-2.577269828528037e-6	-5.372629027033764e-6	-7.098873294925122e-6	-9.240421333164145e-6	-1.1000745688084031e-5	-1.1969597690427174e-5	-1.3349120426432292e-5	-1.443234716447646e-5	-1.5576736234476976e-5	-1.649753509108025e-5	-1.4927986392744422e-5	-1.4414450115602642e-5	-1.4688268940696758e-5	-1.5189638204421256e-5	-1.5097360077476565e-5	-1.6922573306383756e-5	-2.5340243819881275e-6	-2.492574404696485e-5	-3.09908779137758e-5	-1.7351639860202072e-5	-3.6173102795619206e-5	-2.7878824623514282e-5	-1.2793110231550922e-5	-1.970977112413587e-5	-2.5699301517592536e-5	-3.4845774838161605e-5	-5.260675391045188e-5	-5.3769560890984055e-5	-5.356584305619928e-5	-5.270330657338162e-5	-5.2032961080085394e-5	-5.282150318373398e-5	-5.349611966804548e-5	-5.446942446486806e-5	-5.3680938788655715e-5	-5.31352611884392e-5	-5.2068870444945564e-5	-5.2948912445974715e-5	-5.510328951232593e-5	-5.681239870689828e-5	-5.5420851872406527e-5	-5.090407470626976e-5	-4.360454897074672e-5	-3.908549179046047e-5	-3.433661837919815e-5	-3.0835832109867446e-5	-2.764256363783652e-5	-2.462569046588663e-5	-2.255673387948319e-5	-2.1064974956149993e-5	-2.031884047599985e-5	-2.234035730454666e-5	-2.1123469042748063e-5	-1.5246684914658852e-5	-2.346212758176278e-5	-3.7077942351018776e-5	-4.8200767968853636e-5	-5.344296180859035e-5	-5.6080184415767615e-5	-4.3175150671206745e-5	-5.293864230766776e-5	-6.1009720631586845e-5	-6.068871723714287e-5	-5.827387844682284e-5	-5.678194311559961e-5	3.216117320983933e-5	-6.326231271929958e-5	-6.576394095464324e-5	-5.716650227691308e-5	-7.62193469762743e-5	0.00013483655126697472	3.146377861226453e-5	-6.610115350257821e-5	-6.365914381091932e-5	-6.289850269743157e-5	-6.213798854028856e-5	-6.117160653585903e-5	-6.0333065198222885e-5	-5.812969102416863e-5	-5.452999437660481e-5	0.0002260553801244848	-5.009430184836801e-5	-4.639497849126637e-5	-4.548223749906892e-5	-4.359718716644362e-5	-4.10286327462531e-5	-3.6931461858927435e-5	-3.444239993858895e-5	-3.14526601196335e-5	-2.0841101968022743e-5	-7.606502460370682e-7	6.557656749279876e-6	4.111286207032468e-6	-3.093101168030461e-6	-6.965447915384415e-6	-7.11263319910446e-6	-8.74275171335525e-6	-1.0818042758169513e-5	-1.585389158354541e-5	-1.8263931108550855e-5	-2.0692288958708955e-5
-5.29345870345176e-6	-5.2456142573364505e-6	1.2885512644270834e-5	-6.051016860876356e-6	-6.509665471137507e-6	-6.05067851836317e-6	-5.3641563625305875e-6	-4.784948887222513e-6	-4.091318855727641e-6	1.0247096777018811e-5	-3.599529279819263e-6	-3.1364708253276102e-6	-2.9232152813136623e-6	7.10367672687067e-6	6.895451683205684e-6	-4.3077194460567096e-7	-3.867842199572081e-7	-1.2856926346477282e-6	-1.4714676432132836e-6	-2.313185598898707e-6	-2.287550354979214e-6	-2.505654962462985e-6	-2.80172466731181e-6	-3.0023502346036303e-6	-4.648030768002783e-6	-4.509952312558435e-6	-5.153650455875939e-6	9.772450160426798e-6	-6.503201993318002e-6	-7.766768867472761e-6	-8.047676206443771e-6	-9.867277234245915e-6	4.3620632493002165e-6	-1.4293624058120955e-5	-1.607635517055444e-5	-1.7038471751689723e-5	-1.4729643310141052e-5	-1.522462514481958e-5	-1.4204287355934378e-5	0.000152825372299772	-1.7255364335223052e-5	-2.144197066130326e-5	-6.611455289300518e-6	-2.9677760517289153e-5	-3.3240416060447515e-5	8.605052491475213e-5	-3.952908838317774e-5	-2.6419097128900374e-5	-1.3080058163527383e-5	2.5112255771950155e-5	-7.022249908010493e-6	-4.453495383873157e-5	-4.479786784159412e-5	-4.339228300122771e-5	-4.1343885409996243e-5	-3.9255997644014197e-5	-3.864221071511997e-5	-3.8076875518920606e-5	-3.968046518236881e-5	-4.164071662937001e-5	-4.384737479685871e-5	-4.5643517451842005e-5	-4.690538417090437e-5	-4.823596426799487e-5	-4.937416960970739e-5	-4.937388020169432e-5	-5.012178882680301e-5	-5.137214188852962e-5	-4.930892262640287e-5	-4.367903619103392e-5	-3.825804143308526e-5	-3.245299623961303e-5	-2.6818823540148687e-5	-2.1362836255680402e-5	-1.8163669051278865e-5	-1.7808610361429384e-5	-2.014031597646535e-5	-2.1982551862929087e-5	-2.5845282749300136e-5	-3.173585181944654e-5	-3.059991575073053e-5	-2.77218683633184e-5	-3.267435739901783e-5	-3.921304705980762e-5	-4.6047897325171864e-5	-5.15178830149776e-5	-5.4248412970759165e-5	-5.7697568110976014e-5	-5.206403858469999e-5	-5.991557436371697e-5	-5.0546979633517156e-5	-2.8890643034878332e-5	3.974315568369138e-5	2.3947895982039504e-5	-6.296635860417307e-5	4.549115327669032e-6	-6.0607107813578226e-5	-7.258405012228511e-5	-6.992679722791877e-5	-6.580895312249422e-5	-6.205037901017081e-5	4.6547105747129884e-5	-5.8195701440886855e-5	-5.777553328832673e-5	-5.675581090749699e-5	-5.564235151642356e-5	-5.493866707833618e-5	-5.2720217910459774e-5	-4.911256535798864e-5	-4.799222720648503e-5	-0.00012299765288003933	-4.269238568787063e-5	-4.1131719339659585e-5	-3.8699280724264584e-5	0.0002489961958237997	-3.2806598757693516e-5	-2.9610690452182742e-5	-2.0992605279316202e-5	-3.4010987819479976e-9	4.87290026565505e-6	5.4966334254324565e-5	3.1095285699632436e-8	-5.2658607622790106e-6	-6.8354976690687816e-6	-1.1874882195598191e-5	-1.3873482421767323e-5	-1.665204726387405e-5	-2.050168053192099e-5
-6.273650463458323e-6	-6.058504893140238e-6	-5.805422924592268e-6	-6.158227163309543e-6	8.275730877801502e-6	-6.723529982173907e-6	-6.472135732655816e-6	-5.845361971927322e-6	-5.139802153986361e-6	-4.567013941603594e-6	-3.5687048111703273e-6	-2.9233637023338738e-6	-1.0833301243053095e-6	-1.7619817788724727e-6	-2.2877835525292973e-6	-1.7531921389662584e-6	-1.692890426404942e-6	-1.2824870038389137e-6	-2.087195478897455e-6	0.00013664900258169346	-1.875610389819992e-6	-2.589676790910422e-6	-3.478810565768595e-6	8.150197339477775e-6	7.635418667773929e-6	-5.71025979193262e-6	7.912117212825005e-6	7.160195590065932e-6	-8.977288820271646e-6	0.0002164840188930949	-1.1627911861126377e-5	-1.3189436548766414e-5	4.202104982484428e-6	-1.4927826929932815e-5	-1.544261096127897e-5	-1.4213504716871928e-5	-1.6291592762165995e-5	-1.5669180083992425e-5	-1.8342376086436538e-5	-2.1619713611325966e-5	0.00011344384067015325	-1.1536057312453482e-5	9.754201010225963e-5	-1.7705112136610077e-5	-3.643664728042906e-5	3.9910490222788946e-5	-3.977567269684303e-5	2.5070960997281184e-5	-3.8967194784968314e-5	-6.1457701788591e-7	-3.9409411998483305e-5	-3.734084729773438e-5	-3.5449295727571126e-5	-3.192141127193366e-5	-2.9749718270649775e-5	-2.818560249493769e-5	-2.7438596227928537e-5	-2.7996992224080535e-5	-2.957565496456403e-5	-3.209082591902531e-5	-3.582470828436725e-5	-3.882339997155431e-5	-4.1539079235628146e-5	-4.289954759775457e-5	-4.520944678089434e-5	-4.456020385646851e-5	-4.4136793333278586e-5	-4.4497296184959484e-5	-4.491611207560009e-5	-4.115542689646758e-5	-3.6414142688770976e-5	-3.046865896281039e-5	-2.411151871823834e-5	-1.8471514867245565e-5	-1.638067598551743e-5	-1.814502147281052e-5	-2.335480669853865e-5	-2.796612845739222e-5	-3.2240863878874254e-5	-3.722989402131353e-5	-3.929061944768172e-5	-3.325365961726295e-5	-2.8987620490024445e-5	-3.488412260913942e-5	-4.1711857518017146e-5	-4.702148805219323e-5	-5.202067340042663e-5	-5.5389519318176875e-5	-5.74476850992271e-5	-5.981846345912362e-5	-5.09130164290958e-5	-6.163664739896322e-5	-6.145664103719651e-5	-5.9613802001732305e-5	4.636055873603949e-5	-6.201226525950616e-5	-6.297139703045462e-5	-6.000060527999588e-5	-6.614884894398426e-5	-6.516796578570443e-5	4.5636851670273254e-5	-5.802048154857363e-5	7.98720549030464e-5	-5.471150984409846e-5	-5.449154656732253e-5	3.795755144559202e-5	-5.185458900075924e-5	-5.059275533200497e-5	-4.914180487376415e-5	-4.8089382729841275e-5	-4.535473952702832e-5	-4.460377838022393e-5	-4.075333311158002e-5	-3.9229237602019656e-5	-9.867880626154293e-5	-9.137650681324458e-5	-3.089632386882725e-5	-2.9029445744788488e-5	-2.5366989289733765e-5	2.128842618953999e-6	5.986699631990505e-6	2.246504112211412e-6	0.00022352879051340676	-6.926147534997329e-6	-1.0089935171842543e-5	-1.3027276088813577e-5	-1.725418562933934e-5	-2.038152442494117e-5
-6.7643888843201775e-6	-6.669393853004057e-6	7.873242419075655e-6	-6.898662746300386e-6	-6.641580765533856e-6	-6.59134858929059e-6	-6.367875981678079e-6	-6.2272063693311086e-6	-4.998031424712261e-6	5.497580435306811e-6	-3.0163375224086762e-6	-1.5268255083286447e-6	-1.5080391833400576e-6	-1.8046211257055546e-6	-2.906045080256262e-6	-3.4600824373455215e-6	-3.0774467808160496e-6	-3.0807462256290095e-6	-2.2435336522047002e-6	-2.1977640875025855e-6	-2.9981472480554243e-6	-3.300174230011575e-6	-3.4983917425609155e-6	-3.796769097695065e-6	-4.880117746955165e-6	-5.44452940227073e-6	6.270757647179376e-6	-1.0612217096712473e-5	-1.1724569065926338e-5	-1.3642490884048053e-5	-1.373130418952915e-5	-1.437386467620296e-5	5.407085001198379e-6	-1.586515370077704e-5	6.231252403686915e-6	-1.7835179323428402e-5	-1.9085600842706112e-5	-2.0885217337499235e-5	0.0003435712238897807	-5.947714710452241e-6	5.4962262925129565e-5	-3.228577424119563e-5	-1.625160968454114e-5	-3.5226542835641744e-5	8.823198178334671e-5	-3.6276124540630483e-5	-1.3944503923103279e-5	-3.838936410804867e-6	6.417844971816491e-5	-3.424424277773884e-5	-3.130935747840385e-5	-2.8446164648319967e-5	-2.48840302742138e-5	-2.2262136073229532e-5	-2.0347983944386566e-5	-1.9513030379583697e-5	-1.8845001501762636e-5	-1.9481671963838968e-5	-2.13679770253751e-5	-2.439931732461768e-5	-2.7835295635140155e-5	-3.1966805027318975e-5	-3.5322200747146294e-5	-3.780753633760508e-5	-3.9251631377140586e-5	-3.946715995318975e-5	-3.8631803227551545e-5	-3.765280926634686e-5	-3.8920925325442585e-5	-3.790537801836799e-5	-3.4238290276496e-5	-2.927209156286699e-5	-2.367537992091712e-5	-1.8315723707330476e-5	-1.770100065685669e-5	-2.2095005446174515e-5	-2.861353906641784e-5	-3.251090593728279e-5	-3.425515705981325e-5	-3.585271231275897e-5	-3.864409010108025e-5	-3.945688144324283e-5	-3.645369600768105e-5	-3.552104667426726e-5	-3.918524797771211e-5	-4.488861589609962e-5	-4.927333409169307e-5	-5.24178254022881e-5	-5.528337946262424e-5	-5.8048193372605143e-5	-6.035970772508216e-5	-6.288207928040255e-5	-2.8611645847535392e-5	-6.309421164427738e-5	-3.975565552982025e-5	1.0322014326946747e-5	4.094979504540796e-5	-5.839585552033289e-5	-5.6264017421008255e-5	-6.0304791504296686e-5	-6.266248767093944e-5	-5.7742430068604864e-5	-5.4280787728488154e-5	6.967141521699446e-5	3.517177853490453e-5	-5.149840116346554e-5	-5.075410899904679e-5	-5.0298891920352786e-5	-4.92085428377908e-5	-4.67861913720064e-5	-4.524078576566531e-5	-4.331115524080858e-5	-4.139352227769313e-5	-3.945736648314549e-5	-3.6390818004399536e-5	-3.3865198235450734e-5	-3.167185091562403e-5	-2.8942897366577647e-5	-2.803386789519799e-5	-2.7352543401879285e-5	8.829295860136432e-7	1.7358233229752221e-6	-1.919555975057733e-6	-6.155460038293685e-6	-9.263530643439802e-6	-1.507567599721006e-5	-1.889905683604971e-5	-2.462795618578186e-5
-6.838302095971615e-6	-7.281973537726983e-6	-7.5183073009573635e-6	-7.2129051580303275e-6	-7.11838845534376e-6	-6.468323486305918e-6	2.393833098637984e-6	-5.431182477938653e-6	-4.383447713763092e-6	-2.6959961578662246e-6	-1.054618536681977e-6	-2.116753472429202e-6	-2.6531585078740387e-6	-2.7258984032419353e-6	-3.4336028200687165e-6	-3.650184278390623e-6	-4.022652409186255e-6	-4.641563903996955e-6	-3.804063294526622e-6	-3.5740612090639167e-6	7.84931795462686e-6	-4.0549105270035386e-6	-4.3290424395889715e-6	-6.177900318422305e-6	-7.190820510887604e-6	0.00011246485337476446	-8.346078413225082e-6	-1.0054336358072155e-5	-1.1476375062547978e-5	-1.2269587465699324e-5	5.131167857184385e-6	-1.3907478611155496e-5	-1.3656861083385984e-5	-1.3970599204313964e-5	7.996911457523411e-6	6.3032570199523965e-6	-1.9251689740804208e-5	-2.291755929936779e-5	-2.565143908168395e-5	-2.7738793269970082e-5	-1.1972590373415261e-5	-1.604323089449204e-5	1.4309433415883344e-5	-1.5044059992803965e-5	-7.755066044749011e-6	-3.020177385402016e-5	2.6686277607262504e-5	-3.0096605000396967e-5	-2.8801063822492143e-5	-2.6294589587509324e-5	-2.306051875036291e-5	-1.9932347926040936e-5	-1.7139867207576203e-5	-1.5267014638928295e-5	-1.406921713808013e-5	-1.2624856971085383e-5	-1.2352938214337878e-5	-1.2816689508281248e-5	-1.4798943153098673e-5	-1.744367443234885e-5	-2.099709832312349e-5	-2.4510872154036485e-5	-2.8439912450236844e-5	-3.068261878365759e-5	-3.261114452357539e-5	-3.37466549234027e-5	-3.2709259726785124e-5	-3.191660745107056e-5	-3.18114839477357e-5	-3.229620966948481e-5	-3.1846054641379616e-5	-2.8740470824387913e-5	-2.5018338442475783e-5	-2.176704146469215e-5	-2.1680168671276865e-5	-2.57328683539405e-5	-3.075963834210096e-5	-3.345726183317664e-5	-3.4061059351556816e-5	-3.49917897498372e-5	-3.8473477551352e-5	-4.38202462215299e-5	-4.5217595118316346e-5	-4.185728360838197e-5	-4.083306593576151e-5	-4.329364775219381e-5	-4.6825031249024106e-5	-4.972878364156101e-5	-5.36925437044037e-5	-5.7144856793419924e-5	-5.9113035690182216e-5	-6.139373163026199e-5	-6.302265604304902e-5	-6.465759266908663e-5	-3.857825332000673e-5	-6.252503170738196e-5	-3.619466237878119e-5	-2.6798856792645536e-5	-1.3666572475251897e-5	-5.14572975634321e-5	-5.541466159705936e-5	1.2437268044671165e-5	-5.6284920907006067e-5	-5.276064550939648e-5	-5.141785334587031e-5	-5.033396308217489e-5	-5.102184433062023e-5	-5.019791600066706e-5	2.6799346596022972e-5	-4.6943905046491446e-5	-4.5795241057771676e-5	0.00012957670659582033	0.00013767757950154224	-3.8356493360246127e-5	-3.684088355708601e-5	-3.404858489283226e-5	-3.2231672460333264e-5	-3.2149654894490505e-5	-3.107033419634758e-5	-7.262005788500714e-5	-3.032365853516245e-5	-4.040439366480124e-6	-3.59930250373871e-5	-7.065000126786169e-6	-1.1312813365230612e-5	-1.5672786728666908e-5	-2.0879473294012395e-5	-2.7515348174081888e-5
-7.506204248511068e-6	-7.517071706359535e-6	-7.627203868794662e-6	-7.78676884530968e-6	-7.48371112083474e-6	-6.885031609461535e-6	1.1570641766617902e-6	4.386206680645832e-5	-2.803465638735232e-6	-1.7770264188359571e-6	-1.669791443538514e-6	-2.135464903199629e-6	-2.02026800441785e-6	-2.4106545981427254e-6	-3.523964901162239e-6	-4.087798529625483e-6	5.9923253023234555e-6	-5.4082210525452324e-6	-5.2760384865104416e-6	-4.762436112759952e-6	-4.302887601316584e-6	-5.603545993453649e-6	-6.306940481348266e-6	-7.344410316241815e-6	9.982756024752148e-5	6.484625199989016e-6	-9.436984278594321e-6	4.459768361331001e-6	4.874088088686987e-6	6.229703758822496e-6	-1.439026041738994e-5	-1.4228080796592317e-5	-1.3381768000316797e-5	-1.2971767610512014e-5	-1.552996832434591e-5	-1.7372422176379016e-5	-2.016083713023847e-5	-2.2423091398270827e-5	-2.4297441501287245e-5	2.8702465899694364e-5	-2.724428769617477e-5	-3.371938333626435e-6	-2.6376373003765427e-5	4.07884163466601e-7	-2.4398984573883976e-5	-2.5289839198466938e-5	-2.4797178990626262e-5	-2.3156223200183196e-5	-2.122652258955849e-5	-1.875415230134732e-5	-1.668318119071055e-5	-1.427641171078509e-5	-1.2409528892046908e-5	-1.1054844292194391e-5	-9.549652301554513e-6	-8.37512414233026e-6	-7.856406685773803e-6	-8.480677404865085e-6	-9.683182069573199e-6	-1.1670708742703173e-5	-1.415228837782788e-5	-1.7390419552117706e-5	-2.0141648466585383e-5	-2.241651934199409e-5	-2.4847337700397906e-5	-2.6053902860530753e-5	-2.598196554260638e-5	-2.5960886686888195e-5	-2.6074991117322607e-5	-2.6911768891601986e-5	-2.9165777477486196e-5	-2.8819851530291832e-5	-2.7171890271934828e-5	-2.6081074099731406e-5	-2.6945963478222775e-5	-2.8703652657090413e-5	-3.132382247895537e-5	-3.336874820622027e-5	-3.476468436065523e-5	-3.707457307818387e-5	-4.0859604344872834e-5	-4.5718235463609695e-5	-5.101653519151098e-5	-5.043268751793158e-5	-4.6372455932865825e-5	-4.4072484140528375e-5	-4.559528737205015e-5	-4.8056807561071713e-5	-5.243909469313326e-5	-5.509533717004461e-5	-5.762932945460825e-5	-5.9488703879753213e-5	-6.127336797491023e-5	-6.191574566802782e-5	-6.302080095954414e-5	-6.328428439974251e-5	-6.202315803926703e-5	-5.95260495273061e-5	-3.4827983952351966e-5	-2.7191196301313344e-5	-5.064457333991225e-5	-5.262580675296141e-5	-5.3992799761456e-5	-5.4867781679403445e-5	-5.49235096505832e-5	-1.9531656180235947e-6	-5.189017430783983e-5	-5.0315550390308086e-5	-4.845844152142785e-5	-4.730307246772177e-5	-4.442201618858716e-5	-0.00015401329081018848	-4.135708329079039e-5	-3.9466504209441605e-5	-3.870174815604648e-5	-3.7484288109614354e-5	-3.6764575559353435e-5	-3.5879407390249736e-5	-3.5019695058952625e-5	-3.422846345108575e-5	-3.5144805674646004e-5	-3.5293453399046215e-5	-4.494914431246071e-5	-4.01140798495772e-5	-0.0002211926265401629	-2.313083074286914e-5	-4.681707501787223e-5	-5.45528544900869e-5
-7.802482827616217e-6	-7.892047321957237e-6	-7.746863664781826e-6	-7.693426697528353e-6	-7.426878063063224e-6	-6.413578834425088e-6	-5.190148115481058e-6	-1.8749524722559761e-6	-1.9650349794431555e-6	-2.237852480804954e-6	-2.084191902069555e-6	-2.1966107615252483e-6	-2.442718987175909e-6	-3.3206956744586205e-6	-3.4338095532568207e-6	-3.7126551528011856e-6	-4.17317232438404e-6	7.805293053442133e-6	-4.863562873615201e-6	-5.4265160104996816e-6	-6.170172436914848e-6	-6.262968768591865e-6	-5.995046085526413e-6	-6.475660765625194e-6	-7.981776507031096e-6	-9.430517120085301e-6	-1.0126646419913966e-5	-1.1568350605518896e-5	-1.2200534217285397e-5	-1.2437234110250408e-5	-1.200694311694105e-5	-1.1995205495332335e-5	-1.229301638217494e-5	-1.4203237656323562e-5	4.9193786411328095e-5	-1.5990073295768558e-5	-1.7166194426140326e-5	6.991285673401928e-6	-2.0334397673806183e-5	-8.683526841278392e-7	-2.0852223789698574e-5	4.849294196398465e-6	8.482184601473272e-6	-2.1101918901982757e-5	-2.0654696262797874e-5	-2.007678906006726e-5	-1.8893688610282236e-5	-1.7076770508460268e-5	-1.535364466117244e-5	-1.377936899471684e-5	-1.190366118771551e-5	-1.0492740362974616e-5	-9.412181343190963e-6	-8.078318012767635e-6	-6.757696747358542e-6	-5.897456295046629e-6	-5.322906311424849e-6	-5.315109256454726e-6	-5.898645791336588e-6	-6.882397122230709e-6	-8.294470795031268e-6	-1.0041728160253035e-5	-1.2153577352173384e-5	-1.4510292639436956e-5	-1.6691878569137953e-5	-1.863584359694374e-5	-2.0165340356334527e-5	-2.084125039773419e-5	-2.2739584441930534e-5	-2.3950449921879063e-5	-2.5853070155518057e-5	-2.7330913663002024e-5	-2.767667198309441e-5	-2.8168156200641037e-5	-2.9701281799597362e-5	-3.2366055687746984e-5	-3.4047798828511526e-5	-3.575983873984798e-5	-3.733177106779342e-5	-4.059939805736105e-5	-4.433120973214386e-5	-4.867347942668905e-5	-5.221929863943138e-5	-5.470857469079397e-5	-5.275556254272901e-5	-4.910153048580542e-5	-4.7371958721066664e-5	-4.82020887339655e-5	-5.075286747129081e-5	-5.305298407457914e-5	-5.5267332374202174e-5	-5.719528893480936e-5	-5.871316358913687e-5	-5.949933119032448e-5	-6.0722581423592464e-5	-6.0864114706429134e-5	-6.1024474429017845e-5	-6.07902667862389e-5	-6.0665270543058445e-5	-5.976803902290966e-5	-6.010006670691728e-5	-3.5396072872723302e-6	2.555311397311994e-5	-5.547148880907636e-5	-5.5783230126947776e-5	-5.550911947760118e-5	-5.66257132344816e-5	-2.935320751911493e-5	-5.2391746522406765e-5	-2.5993725305279575e-5	-4.896474011830386e-5	1.3204815625249581e-6	-4.5087917058709106e-5	-4.312536409842836e-5	4.631667549337263e-5	-4.150552454743213e-5	-3.9709476101239456e-5	-8.059737222217936e-5	-3.9800993751021134e-5	-3.999732145912663e-5	-4.0490319359870594e-5	-4.3069363296179886e-5	-7.152145134338265e-5	-5.256649669888611e-5	-2.540931942144047e-5	-2.928867967331224e-5	-0.00014816852548494273	-3.559427724846519e-5
-8.100706641684329e-6	-7.917736296790355e-6	-7.826991650991414e-6	-7.4977888165713065e-6	-6.922109576608718e-7	-5.279295139571272e-6	-2.089845561894062e-6	-2.302748446491584e-6	5.790551851021433e-6	-2.6416406550987183e-6	-2.638822440255911e-6	-2.5674581073408572e-6	-2.9514157287487955e-6	-3.2554534254543505e-6	-3.866271679776867e-6	-4.577517841524944e-6	-4.660829509844114e-6	-4.901201484471847e-6	-4.747154559172576e-6	-5.332243097141574e-6	9.479890524667471e-6	-5.735954704991859e-6	-5.740091715672176e-6	1.2094363858941983e-5	-5.808228827103746e-6	1.3014397435904656e-5	-8.706940116054646e-6	-8.67899150434762e-6	-8.048492310502018e-6	2.3048541602221364e-5	1.8260044620972693e-5	-8.462035509493825e-6	-9.193970220669652e-6	1.3732887586778459e-5	-1.2412267038685654e-5	1.0856123207065704e-5	-1.4820753505600712e-5	4.6968865756821825e-5	7.38142196127979e-6	-1.5611120390609926e-5	-1.5665431137479226e-5	-1.641431000766767e-5	-1.6234893220505245e-5	-1.6410081560601982e-5	-1.586702437876157e-5	-1.4912128305153539e-5	-1.419836083940587e-5	-1.3000083127959856e-5	-1.1645786420069949e-5	-1.0233795049827441e-5	-9.175073958511833e-6	-8.157257032864837e-6	-7.126490139294886e-6	-6.140391022521754e-6	-4.9478709205609485e-6	-3.900281146073775e-6	-3.0179459610398484e-6	-2.4273264181795637e-6	-2.1163795717087043e-6	-2.1988983070668293e-6	-2.367396625740578e-6	-3.3609685793826007e-6	-4.4835569222511046e-6	-6.179494720606911e-6	-9.041151911517867e-6	-1.2321448889570513e-5	-1.4082021406128394e-5	-1.6416482870817116e-5	-1.8362691092392472e-5	-2.031813024854195e-5	-2.195685829008468e-5	-2.4315815280785713e-5	-2.6821548796421507e-5	-2.9916873604395478e-5	-3.2923467147190095e-5	-3.510430393526237e-5	-3.8394544198925044e-5	-4.0247390690581106e-5	-4.261903230622544e-5	-4.540252778737538e-5	-4.749438069759956e-5	-5.0145179386043483e-5	-5.215091327653431e-5	-5.552464943609306e-5	-5.74025126296834e-5	-5.594329591916572e-5	-5.1310290098485214e-5	-4.9823224928380446e-5	-4.944867660540311e-5	-5.055398583506327e-5	-5.256780240998904e-5	-5.412709943206865e-5	-5.5728505654530514e-5	-5.7149654155535504e-5	-5.802899423174403e-5	-5.885550095768594e-5	-5.9009863928823124e-5	-5.882323417098518e-5	-5.824566367136191e-5	-5.846304488373342e-5	-5.9420156495246094e-5	-5.9316352190027046e-5	-5.8952420159951726e-5	-6.135892066251971e-5	-3.406525612074224e-5	-6.284757597688965e-5	-6.32626226478337e-5	-1.4640449602824706e-5	-6.397020793931897e-5	-6.273101000214322e-5	-6.088500736751122e-5	-5.9748660355589205e-5	-2.498003807762674e-6	-9.118443252324022e-5	3.793716778290892e-5	-1.633205951933692e-5	-4.815133694121502e-5	9.743078378961732e-6	-4.70780841206256e-5	-4.797699627687884e-5	-7.440698165332292e-5	-7.417785667865199e-5	-0.0002089665145055123	-9.180371709461785e-5	-5.2447287105859114e-5	-4.157233825089249e-5	-4.058115454892643e-5	-4.227006398262439e-5
-8.663607732834687e-6	-8.221487500430853e-6	-7.267518840914524e-6	-6.2969815689310705e-6	-4.467555504820308e-6	-1.9992772290483444e-6	-2.2711218181185053e-6	-2.4694685215708844e-6	-2.475427369937202e-6	-2.625066460741393e-6	-2.844563801214918e-6	7.2921250948487564e-6	-3.214308570430492e-6	-3.5831184380514494e-6	-3.867434484173502e-6	-4.613117882168346e-6	8.786911762879166e-6	9.184526417622138e-6	-5.5563913958164314e-6	-5.378076406451968e-6	1.0899226030770549e-5	1.1085470043974019e-5	1.2731502002236367e-5	-6.2870852938833955e-6	-6.747149374520818e-6	-6.175222081174713e-6	-6.267174163241188e-6	-6.454575789789033e-6	-6.062603676968857e-6	-6.366286833169249e-6	2.0068085570885323e-5	1.841570919572914e-5	-7.892245372273618e-6	-9.506032996767048e-6	1.162822770848956e-5	5.472306309916604e-5	1.182192800417304e-5	-1.0727629205610554e-5	-1.1696850972140686e-5	-1.2018686590797975e-5	-1.2649226333093997e-5	-1.2700413180735757e-5	-1.2527386660085484e-5	-1.207378491128891e-5	-1.1775750642935398e-5	-1.108659602554654e-5	-1.0320282992148727e-5	-9.412630077179163e-6	-8.965867440866796e-6	-8.237635479998941e-6	-7.510274742828383e-6	-6.79798427570598e-6	-5.859536254293506e-6	-4.930425800451181e-6	-3.6420173834050894e-6	-2.2906128600058066e-6	-1.0844410100661309e-6	7.002379999627995e-8	1.1365474167555315e-6	1.8957026883372266e-6	2.4983779451509536e-6	2.709542581078581e-6	2.3485434682153075e-6	4.032484161379233e-7	-2.397448191555386e-6	-5.222596318236149e-6	-8.054122060572547e-6	-1.0605497266711326e-5	-1.3508818912186943e-5	-1.5572823585771243e-5	-1.813946668006007e-5	-2.1501995036191622e-5	-2.547915171798303e-5	-3.0239202537357375e-5	-3.476570607282973e-5	-3.9735765722308204e-5	-4.370526311561025e-5	-4.6471993069572073e-5	-4.7781781449649126e-5	-4.864948352641357e-5	-4.978687143455951e-5	-5.1704881240017555e-5	-5.294900034208492e-5	-5.525875008337527e-5	-5.8141878326993e-5	-5.899920538702359e-5	-5.6894958757672796e-5	-5.3009866019491925e-5	-5.002549954764607e-5	-4.902097575348451e-5	-4.974645658760489e-5	-5.122045478235282e-5	-5.306327632885536e-5	-5.4838660504383154e-5	-5.6002938384063796e-5	-5.695283376016831e-5	-5.708108004398929e-5	-5.7390137571562694e-5	-5.67938610950339e-5	-5.700748725973964e-5	-5.739313499721429e-5	-6.06019457736814e-5	-5.966297261829345e-5	-6.009006499628814e-5	-6.238393739030628e-5	-6.524782201896781e-5	-6.818041141599311e-5	-7.020483454265604e-5	-7.151827573024106e-5	-7.232849483234272e-5	-2.0950031857154983e-5	-4.1226290703347355e-6	-6.499413761358976e-5	-6.464283391555744e-5	-6.429343396809268e-5	-6.503032398261417e-5	-6.688868301479194e-5	-7.053383396484674e-5	-7.314793423283798e-5	-7.484182583939705e-5	-7.448306051227181e-5	-7.399436470960721e-5	-7.391196865369747e-5	-7.525243565238812e-5	-7.664882553308592e-5	-7.619292173805057e-5	-6.05153752254755e-5	-6.037766165613507e-5
-8.435751659878542e-6	-7.802864503318545e-6	-6.835157096748138e-6	-3.958672423675855e-6	-1.6147115470563714e-6	-1.7296228099433308e-6	-1.6895428334149135e-6	-2.2208841083492636e-6	-2.499203730867616e-6	-2.388207594738876e-6	-2.6997513689653056e-6	2.233849533748555e-5	-3.014555365160159e-6	-3.4597823650297577e-6	-3.954370350092007e-6	-4.258555185528476e-6	9.967935924756174e-6	-5.166204169688505e-6	-5.369872007150782e-6	1.1077899441823066e-5	-5.58887710600019e-6	1.4719825510495688e-5	1.6376487326860174e-5	-5.689469730534518e-6	-5.0105985970733385e-6	2.1888361625690213e-5	-4.396152056047756e-6	-4.4575440834348015e-6	2.201466102554517e-5	-5.530670052613989e-6	1.8471819335370268e-5	1.2605790916478692e-5	1.4133160657016277e-5	6.0473832573100755e-5	-6.325926412011724e-6	-7.189091298484454e-6	-7.924889129667543e-6	-8.90973068667526e-6	-9.663348583974706e-6	-1.0019224987175239e-5	-1.0475280522311784e-5	-1.0098920661802868e-5	-9.531076206013302e-6	-8.907238948130977e-6	-8.631983466172424e-6	-8.014904090515243e-6	-7.413109817217364e-6	-6.940963296761055e-6	-6.669041728226018e-6	-6.005556901215634e-6	-5.3489464934072676e-6	-4.8756854253250825e-6	-4.340057076054795e-6	-3.395962638268852e-6	-2.1716806691468907e-6	-8.793179888859175e-7	5.242992643751459e-7	2.0584690242568646e-6	3.4895546288229236e-6	4.876256149169108e-6	6.280609909310232e-6	6.818340862329046e-6	6.9247464692362534e-6	5.721141647216832e-6	3.5133014369981026e-6	6.478033467288702e-7	-2.180168409170245e-6	-5.0300390561140804e-6	-8.10777676820524e-6	-1.167239123017771e-5	-1.5179265001088712e-5	-1.938819095537972e-5	-2.544867746823718e-5	-3.2856773806236046e-5	-3.910851252461839e-5	-4.358436968717166e-5	-4.6940044925346735e-5	-4.950051284458056e-5	-5.147035868432624e-5	-5.2000770934821695e-5	-5.245245424469506e-5	-5.308346029812318e-5	-5.409784201198446e-5	-5.5040256929854794e-5	-5.6677642161460386e-5	-5.868941641393351e-5	-5.905514361892385e-5	-5.667274065058461e-5	-5.229877308937994e-5	-4.929419499589044e-5	-4.803055950964376e-5	-4.880514883353503e-5	-5.029129124372038e-5	-5.2285403910929556e-5	-5.3466326489128436e-5	-5.482066959658263e-5	-5.5092922950609894e-5	-5.5667942530555306e-5	-5.532234920311625e-5	-5.5549926696133465e-5	-5.6529857951003956e-5	-5.7237927455911354e-5	-6.0809332874331174e-5	-6.085418824438964e-5	-6.119675199972227e-5	-6.315273922533917e-5	-6.56861683417492e-5	-6.782808634077223e-5	-6.93833766510926e-5	-7.060750843246115e-5	-7.133206945843912e-5	-7.144472133690052e-5	-7.079965083479716e-5	-7.108689614619614e-5	-7.159456604398297e-5	-7.267750958585284e-5	-7.349241610596195e-5	-7.404797571144842e-5	-7.330019709428804e-5	-7.233175056413528e-5	-7.224923686965522e-5	-7.219296479609838e-5	-7.37946713545533e-5	-7.540030036150161e-5	-7.642907640803152e-5	-7.908957584402661e-5	-8.071685726269886e-5	-7.173610055355374e-5
-7.120885398823512e-6	-6.3323137867866e-6	-2.5650156084209956e-6	5.881220571965728e-6	-2.3679207625936112e-6	-2.2815674252059978e-6	-2.116327454201075e-6	-2.0631681987536552e-6	-2.241718473270347e-6	-2.0693194892000392e-6	-2.25004968981517e-6	-2.4606259015705356e-6	-2.8013678668827643e-6	-3.291024157605813e-6	-3.78659161920551e-6	1.4600920302824727e-5	1.3372878190401983e-5	-4.447795474251716e-6	1.5016966485724724e-5	-5.150631172924706e-6	-5.327826338204363e-6	-5.0001379797515795e-6	-4.284716944222673e-6	-3.7611119227874375e-6	1.6773932113758855e-5	1.7362570382062424e-5	1.2396297036992653e-5	3.206906693729275e-5	-1.877907102677866e-6	3.983206441388634e-5	5.7930855491971516e-5	-3.662911009253637e-6	-4.63442613961567e-6	-5.404081450559382e-6	-5.578679119609025e-6	-6.116428001554683e-6	-6.5798356278933706e-6	-7.360047151785661e-6	-7.80223507929913e-6	-8.279014169961787e-6	-8.384851739400804e-6	-8.277265093456954e-6	-7.686941441641354e-6	-7.173623339075337e-6	-6.898614707478659e-6	-6.131179148778155e-6	-5.7854978662462626e-6	-5.2913327779310665e-6	-4.813046886259167e-6	-4.092827952347281e-6	-3.6710250456156593e-6	-3.1891086257611226e-6	-2.627993806384165e-6	-1.5549382635703188e-6	-3.456898682685874e-7	1.1048395045387292e-6	2.528624629093959e-6	4.1997449760829706e-6	5.943131765329937e-6	7.542280723872564e-6	8.928675892393059e-6	1.0258108342135037e-5	1.0688468050756427e-5	1.0100753248199412e-5	8.136502513270746e-6	5.963874367010541e-6	2.964080186531508e-6	-1.5047095124260702e-7	-4.172020898687173e-6	-8.680163401307518e-6	-1.380186505367401e-5	-1.9433117061200267e-5	-2.634164919174185e-5	-3.279936225544864e-5	-3.877102257809591e-5	-4.358009824676813e-5	-4.801840954885234e-5	-5.136825842779727e-5	-5.318036467666864e-5	-5.385747355356803e-5	-5.437594624761819e-5	-5.410785306583831e-5	-5.4357729013454416e-5	-5.497247539835233e-5	-5.513366753751622e-5	-5.6199252104157423e-5	-5.73230270519242e-5	-5.673135801089515e-5	-5.464251788317762e-5	-5.1437628070505586e-5	-4.8612488819464305e-5	-4.830634028422774e-5	-4.8569032077640554e-5	-4.976042330000793e-5	-5.132026133906106e-5	-5.269313613386257e-5	-5.3230090524847306e-5	-5.354102924677871e-5	-5.365659117466051e-5	-5.4130371244970094e-5	-5.5375588753879285e-5	-5.64308530905214e-5	-5.7478578050953316e-5	-6.108473439775993e-5	-6.132439455280191e-5	-6.171186790132968e-5	-6.277974762891668e-5	-6.473415647617403e-5	-6.647323861119542e-5	-6.747781646343335e-5	-6.819843185644438e-5	-6.805927122730069e-5	-6.816841445047087e-5	-6.856532594530127e-5	-6.875393194412133e-5	-6.981158635110452e-5	-7.05268474587655e-5	-7.151708679135503e-5	-7.13341443488451e-5	-7.072536810936742e-5	-7.12204771690858e-5	-7.224519689543255e-5	-7.306649127805708e-5	-7.533379930770056e-5	-7.782256651381314e-5	-8.02886052071527e-5	-8.39058628143393e-5	-8.805208457165505e-5
-4.990189723256871e-6	-2.163763036364168e-6	-2.420519382412262e-6	-2.7017231265390087e-6	-2.717629263978633e-6	-2.725271446644403e-6	-2.54640899160336e-6	-2.4953836195654036e-6	1.4022811569937348e-5	-2.5385020486230878e-6	-2.6748495279566974e-6	1.5890713042002977e-5	1.6372295067267994e-5	-3.1872857282735966e-6	-3.509757516553997e-6	-3.7306165823921514e-6	1.8562455044381803e-5	-3.940072456241005e-6	7.942466038977631e-6	2.1549281468815018e-5	-3.5077474390572943e-6	-3.070189977091495e-6	-2.598579118137862e-6	-1.9209352609488278e-6	1.5561752181136965e-5	1.7273967984743327e-5	1.8474561067209118e-5	-6.356081826730292e-7	-6.435762015731495e-7	-1.3663337025703916e-6	-2.247339324366654e-6	-2.994058528161354e-6	-4.234430860159224e-6	-5.063921336671427e-6	-5.597748425603861e-6	-6.143818869180483e-6	-6.391012463055612e-6	-6.331420161389395e-6	-6.528537612886286e-6	-6.681490273484597e-6	-6.495093347420801e-6	-6.533039376911318e-6	-6.262216482915079e-6	-6.15580023181103e-6	-5.987286600922894e-6	-5.395260586252661e-6	-5.017684756832897e-6	-4.3643944332277525e-6	-3.727690975414608e-6	-2.730968285830093e-6	-2.0033181238047386e-6	-1.313507612887236e-6	-6.72879636112332e-7	3.427732718757487e-7	1.7430063892887428e-6	3.257891718079747e-6	4.979109155267027e-6	6.63436291398141e-6	8.431698506784085e-6	1.034818973520013e-5	1.179177987314906e-5	1.2956298692302936e-5	1.2752060003604234e-5	1.2177589303369492e-5	1.0196683174402326e-5	7.975393258611782e-6	5.154978723978542e-6	1.6619541551369773e-6	-2.573712904453099e-6	-7.728764755721455e-6	-1.3830621208948913e-5	-1.993037916706822e-5	-2.6098108613976543e-5	-3.2296582864351745e-5	-3.7973819054190096e-5	-4.356314158924092e-5	-4.768750193330734e-5	-5.0268350745171744e-5	-5.3298959020719734e-5	-5.39413261013683e-5	-5.5067660684485155e-5	-5.4528142101222855e-5	-5.435195212695487e-5	-5.4156089384637686e-5	-5.409770434814851e-5	-5.386050517609863e-5	-5.436618648258564e-5	-5.473438219188049e-5	-5.473868649530974e-5	-5.344855188731172e-5	-5.0806134999454515e-5	-4.910418431595449e-5	-4.79905116051424e-5	-4.8273888178396326e-5	-4.917612601194958e-5	-5.0014643562284924e-5	-5.087987961376907e-5	-5.1203482745763385e-5	-5.150946625974537e-5	-5.246492224145812e-5	-5.3939994400949956e-5	-5.527780336318013e-5	-5.654675254201713e-5	-5.774598797550907e-5	-6.054904936409275e-5	-6.0922567271496524e-5	-6.0549667562789734e-5	-6.136620691286898e-5	-6.30542486228274e-5	-6.400315756454396e-5	-6.460445256264383e-5	-6.471097616026617e-5	-6.479187409579273e-5	-6.511881469361863e-5	-6.589725701956631e-5	-6.67083630249846e-5	-6.749364276115741e-5	-6.82752075937122e-5	-6.865140929646638e-5	-6.897674005686887e-5	-6.965111579138288e-5	-7.060669648428536e-5	-7.239959812421683e-5	-7.51312618711659e-5	-7.761781008604424e-5	-8.23061912989928e-5	-8.680405418479338e-5	-9.061225030737737e-5
7.321509251778923e-6	-1.8222478954894655e-6	-2.050603143089288e-6	9.646755771718681e-6	-2.4869655612454905e-6	-2.672784848240168e-6	-2.760522582226333e-6	-2.809238259919057e-6	-2.954697216251854e-6	1.7520264815174246e-5	1.7965305411624967e-5	-3.423229188247276e-6	-3.529552069656618e-6	0.00013711053437568543	-3.407919516645663e-6	-3.7730381018902877e-6	-3.854717514902386e-6	-3.7109239100824223e-6	-3.5920590569618106e-6	-3.228745056488595e-6	-2.8546863635965972e-6	-2.625003450167123e-6	1.6642684318019766e-5	3.768438679376633e-5	-7.652271071914075e-7	-4.719275750554911e-7	-1.643886998788503e-7	-2.5448454414459584e-7	-9.807263595440529e-7	-1.7777020289023028e-6	-2.632269031267883e-6	-3.284028120822339e-6	-4.164445813408348e-6	-4.73148743079506e-6	-5.502058650529097e-6	-5.68574169632763e-6	-5.872355215710498e-6	-6.1614794783467e-6	-6.0326575927768344e-6	-5.6897733077547106e-6	-5.418313988412725e-6	-5.347856884050208e-6	-5.4892996414928935e-6	-5.588234000822518e-6	-5.250144552512313e-6	-4.847333746767462e-6	-4.2387588441766735e-6	-3.5378139391322567e-6	-2.8945328291862934e-6	-1.9108380152902857e-6	-9.623742754853552e-7	-2.3024055787455346e-8	1.0080249892920902e-6	2.2913935851051766e-6	3.741630050569148e-6	5.26354504521646e-6	6.850816559930814e-6	8.50670919963297e-6	1.0274203252188738e-5	1.1532953744183047e-5	1.2846849955587796e-5	1.3366382768155178e-5	1.3024338779140743e-5	1.1776672403983422e-5	9.759383819915059e-6	7.576485322837497e-6	4.62399968052178e-6	1.1619103717819311e-6	-3.337670788534919e-6	-8.321707328692298e-6	-1.3682725864900733e-5	-1.9576984795593967e-5	-2.4865980645952463e-5	-2.9901621367655175e-5	-3.495785328498473e-5	-3.9780571139174585e-5	-4.4178539707377066e-5	-4.826272256737565e-5	-5.0741440572196436e-5	-5.2606455033530676e-5	-5.347806922571569e-5	-5.341063171917501e-5	-5.3261661890501206e-5	-5.299727224329778e-5	-5.244035626357664e-5	-5.197595520112252e-5	-5.211027122839539e-5	-5.229694240477294e-5	-5.318651816113974e-5	-5.333182132322026e-5	-5.226531281948306e-5	-5.037514057958526e-5	-4.858321459818752e-5	-4.789230319365872e-5	-4.763480195141539e-5	-4.7853856310039794e-5	-4.834317152099967e-5	-4.86296646961588e-5	-4.9082921719057566e-5	-5.0310407835826875e-5	-5.209064967638579e-5	-5.34641231062069e-5	-5.482472227765205e-5	-5.601625341707144e-5	-5.684236676177783e-5	-5.8661067208933676e-5	-5.8983582240535056e-5	-5.87977394927308e-5	-5.9619787796725925e-5	-6.017112064730847e-5	-6.099572353671914e-5	-6.160531804453944e-5	-6.184319214377974e-5	-6.195193720819243e-5	-6.266740005827121e-5	-6.309773891565872e-5	-6.445212418994988e-5	-6.569772667439034e-5	-6.713924419713291e-5	-6.803771233326709e-5	-6.883197019446773e-5	-7.061558177808545e-5	-7.352739997658277e-5	-7.594721463784421e-5	-7.962280452145315e-5	-8.337754576488287e-5	-8.78423425733116e-5	-9.23585873033035e-5
