-1.729890256953507e-5	-1.8898192268688324e-5	-2.0327709620416136e-5	-2.152740955555486e-5	-2.250382211408167e-5	-2.318140440811311e-5	-2.3657012578242925e-5	-2.3812180592876707e-5	-2.365630215571808e-5	-2.3228527399691006e-5	-2.258099106998586e-5	-2.1649557545706078e-5	-2.0458527539745557e-5	-1.9004795747818153e-5	-1.7330426847758716e-5	-1.54917457178597e-5	-1.355922089530202e-5	-1.1643932396510244e-5	-9.795109207951923e-6	-8.05029480002122e-6	-6.438878490392534e-6	-5.026693667661975e-6	-3.823288838368283e-6	-2.8397833327943725e-6	-2.0642820988781546e-6	-1.4239290149086076e-6	-9.001553823977832e-7	-6.191392401852069e-7	-5.942596110085649e-7	-5.612924655011717e-7	-5.232534806274604e-7	-4.7419658511959115e-7	-4.272651816391642e-7	-3.595840126935937e-7	-2.931051567791266e-7	-2.335714174241159e-7	-1.8276189170424956e-7	-1.3493188677148017e-7	-1.0582822072214746e-7	-7.688566673659885e-8	-5.2045882332844016e-8	-6.10226787534047e-8	-6.910200672136351e-8	-8.743816402810895e-8	-1.859192337326767e-7	-2.6370022270344294e-7	-4.534637118969894e-7	-6.642803245447717e-7	-9.134427113667687e-7	-1.155833305949429e-6	-1.3587267849827987e-6	-1.5135780686162604e-6	-1.6818733743878387e-6	-1.6680756017210284e-6	-1.7581796644877608e-6	-1.6691668269697873e-6	-1.6982630997598025e-6	-1.596434255898496e-6	-1.6452535949219057e-6	-1.6310940195389789e-6	-1.7242994032966015e-6	-1.498802806388497e-6	-1.3026406485211803e-6	-1.1623801584887544e-6	-1.1071505489050631e-6	-1.1163877404526138e-6	-1.2928409960359546e-6	-1.5032637658240718e-6	-1.7341755913580708e-6	-1.8852274757697471e-6	-2.1780406548857674e-6	-2.544376442367629e-6	-3.0546629336557126e-6	-3.4744685202808546e-6	-3.820294678010062e-6	-4.114035862738501e-6	-4.179293969486017e-6	-4.185593972263845e-6	-4.152821201865484e-6	-4.0315167129237664e-6	-3.918271853893887e-6	-3.9386627150837805e-6	-4.4738074377577235e-6	-5.813386734923132e-6	-8.230444148312171e-6	-1.1728481999631553e-5	-1.633315923472539e-5	-2.17133873092565e-5	-2.7300668929239216e-5	-3.30825738717222e-5	-3.9202552008319055e-5	-4.59514479093405e-5	-5.287365131199885e-5	-5.9944036054224636e-5	-6.747746143445513e-5	-7.5323184921982e-5	-8.306965075879913e-5	-9.129127660962612e-5	-9.919431003763764e-5	-0.00010669619960319127	-0.00011325088825390149	-0.00011900722826088065	-0.00012365639633370217	-0.00012695073848086784	-0.00015817956217209148	-0.0002054773703123085	-0.00025152577918439957	-0.0002939720634672141	-0.0003268997349187676	-0.000355611467183479	-0.0003740088877534145	-0.0003830827897824754	-0.00038622718125005517	-0.0003874173513414422	-0.0003803491135337834	-0.0003714532617973311	-0.0003602274233885285	-0.0003462372792216884	-0.0003282106655032313	-0.00030938258824622644	-0.0002894270210009129	-0.0002686495309295756	-0.0002480271557342602	-0.00022755165951927718	-0.0002070083857249553	-0.00018490592845928078	-0.00016582874421289945	-0.0001440182111523032
-2.738051162344936e-5	-1.8655841919101618e-5	-2.0293793986781816e-5	-2.169816247859992e-5	-2.288971080372285e-5	-2.3921563054427237e-5	-2.4582260948289984e-5	-2.4990889538510576e-5	-2.5117148454992992e-5	-2.4992783475381516e-5	-2.4497636012277572e-5	-2.3745788735892012e-5	-2.2756258966834275e-5	-2.1369149300508783e-5	-1.9713880431454392e-5	-1.7826415558896757e-5	-1.581193479132635e-5	-1.3764668570462216e-5	-1.1720812391630695e-5	-9.760449938334937e-6	-7.931316372337103e-6	-6.290979804148347e-6	-4.8608393750904135e-6	-3.658589012579377e-6	-2.6877977755481133e-6	-1.8845805705515516e-6	-1.272618747094367e-6	-8.040949127168404e-7	-6.500527016667667e-7	-6.140369871522406e-7	-5.662977330245082e-7	-5.20726538647568e-7	-4.6078390378709313e-7	-4.098689413117767e-7	-3.394144733523521e-7	-2.626206336650882e-7	-2.1789498219645137e-7	-1.5828248949365434e-7	-1.0289386340569043e-7	-6.599501191415744e-8	-5.836999108389801e-8	-5.6284531292557236e-8	-5.576306393314476e-8	-1.270651812087587e-7	-2.1114945645939702e-7	-3.483613402830029e-7	-5.840017375619103e-7	-7.973644976134607e-7	-1.1338015563388447e-6	-1.442670020243759e-6	-1.7330416226880353e-6	-1.9958888929078852e-6	-2.0792072232634967e-6	-2.123742268682547e-6	-2.090009475919034e-6	-2.0219740354326867e-6	-1.971363185853989e-6	-1.944690310418142e-6	-1.7510790951775145e-6	-1.8521265571419722e-6	-1.6837349425553855e-6	-1.7507542076014305e-6	-1.5756842272602158e-6	-1.413937094306688e-6	-1.5682768399075207e-6	-1.6338420531884372e-6	-1.7983295685343405e-6	-2.0522558996629914e-6	-2.228836205758438e-6	-2.3961023698618232e-6	-2.7462004014138647e-6	-3.1531966632694386e-6	-3.5475030519825147e-6	-4.0286943033102074e-6	-4.294400404128863e-6	-4.455718205117717e-6	-4.480575324840595e-6	-4.444310015474785e-6	-4.388070620670633e-6	-4.2852127525399e-6	-4.233959735460861e-6	-4.544222246723997e-6	-5.728922550771626e-6	-7.704792562776699e-6	-1.1639537996999897e-5	-1.6289894997555078e-5	-2.2170806608143138e-5	-2.872858079998043e-5	-3.486920952725756e-5	-4.246838590991583e-5	-4.9743630094370276e-5	-5.779469643768726e-5	-6.607840292198127e-5	-7.49037164833198e-5	-8.432805514847048e-5	-9.393844604748888e-5	-0.00010336727139249316	-0.00011284188081091577	-0.00012180827977889032	-0.00012921773839277102	-0.0001355108366282178	-0.00013998227115836646	-0.00014339147774131188	-0.00015757396228409165	-0.0002179974908494151	-0.0002690363185313058	-0.0003172612797063164	-0.0003494195129153657	-0.00037623019733229023	-0.0003924825618906126	-0.00040436601599796486	-0.0004060144034303756	-0.00040408933778962597	-0.0003952811627441679	-0.0003828396339647291	-0.00036904454666893474	-0.0003528693669446574	-0.00033672993718239855	-0.000315117585378364	-0.0002928308131611504	-0.0002699374653002736	-0.0002475316580722621	-0.00022507084214591633	-0.00020312576604671756	-0.00017902215684048942	-0.0001583173992586711	-0.0001362490143787514	-0.00011448915023166452
-3.5203817235789276e-5	-3.157933664911549e-5	-2.0031482910262558e-5	-2.169632453853502e-5	-2.310359165638091e-5	-2.4415077932879404e-5	-2.5439193751070023e-5	-2.619732645441422e-5	-2.6650001820952268e-5	-2.6762833757773107e-5	-2.656429147703291e-5	-2.6082304005654606e-5	-2.530025445517673e-5	-2.4070575245105922e-5	-2.2526489875490766e-5	-2.0679177050913274e-5	-1.864742296919076e-5	-1.650175884557901e-5	-1.425053299535237e-5	-1.2084131372981207e-5	-1.0043067047922117e-5	-8.141619905864748e-6	-6.4499666788823395e-6	-4.948378006681072e-6	-3.7122772563062665e-6	-2.71344783773185e-6	-1.9063160768389897e-6	-1.2870102092048428e-6	-8.103509758299361e-7	-7.169991997492043e-7	-6.725143802710802e-7	-6.221987679944972e-7	-5.650304467260582e-7	-5.015355503626163e-7	-4.4289245732767775e-7	-3.582563536432546e-7	-2.6609145350710094e-7	-2.1415017604170885e-7	-1.3714750301345425e-7	-9.563539380907183e-8	-1.0596598150847353e-7	-1.1201120475481767e-7	-1.5575795406142006e-7	-2.486768487579104e-7	-3.0390927464144803e-7	-5.01744098632551e-7	-7.63616693994637e-7	-9.82135186276695e-7	-1.4148651537988723e-6	-1.7074870029020107e-6	-2.0996526294280197e-6	-2.4285733356278728e-6	-2.5552408910431207e-6	-2.521621678130292e-6	-2.5122130206698485e-6	-2.368066731136989e-6	-2.3777526692372875e-6	-2.1307515792729197e-6	-2.259258280826339e-6	-2.0041852774477383e-6	-2.1714892812657344e-6	-1.9517550449661746e-6	-2.043820018630778e-6	-2.173926466893269e-6	-2.1867421898701995e-6	-2.3680336547290975e-6	-2.603644135143121e-6	-2.7094089224657036e-6	-2.8552405911128e-6	-2.9070322021042825e-6	-3.186043983248243e-6	-3.749256621599805e-6	-4.065115500670452e-6	-4.311896750026564e-6	-4.6404946604236075e-6	-4.826524157724749e-6	-4.86382233339132e-6	-4.834442890820889e-6	-4.8773858094816125e-6	-4.826760087503609e-6	-4.887578929006455e-6	-5.7379379795051725e-6	-7.54134690108147e-6	-1.1257652577022047e-5	-1.6310057581586917e-5	-2.2438197655089728e-5	-2.9683840910428008e-5	-3.705633312838132e-5	-4.536126904730809e-5	-5.40567065312721e-5	-6.410478769802762e-5	-7.404882675307871e-5	-8.502421058936762e-5	-9.586955142400731e-5	-0.0001070862034300863	-0.00011806860614207667	-0.00012891324343840098	-0.00013806712229611547	-0.00014684431248469495	-0.0001534193964550885	-0.00015722051474131946	-0.00015996572233609348	-0.00016072122569751662	-0.00022818789320491317	-0.00028335073775753294	-0.0003333095635512642	-0.0003702523282303298	-0.0004004049512567817	-0.00041498629044082504	-0.0004231537196948973	-0.0004233148194227477	-0.0004195335016020374	-0.000407297801649888	-0.0003969707995860657	-0.0003810549673651138	-0.00035935229797693855	-0.00033928990914879574	-0.00031544537477338347	-0.00029490171025861947	-0.00026960100596331964	-0.0002456169681194515	-0.0002225842334806303	-0.00019617537195398826	-0.00017309963756318748	-0.00014729843679202673	-0.00012763423485207676	-0.0001033816289172651	-8.08436807493533e-5
-3.8963171785386195e-5	-3.871510030734027e-5	-3.625415998699945e-5	-2.2658504135870906e-5	-2.3188924915462303e-5	-2.4740870714236155e-5	-2.6182564468902746e-5	-2.7340501454470442e-5	-2.815435732071497e-5	-2.87375897537739e-5	-2.8942991097663366e-5	-2.8773353384464707e-5	-2.8254882350875596e-5	-2.728857678988342e-5	-2.5930460464658554e-5	-2.4251975214089152e-5	-2.2271080417259336e-5	-2.0082605079148802e-5	-1.7752926086705452e-5	-1.5365711161177364e-5	-1.3082413008822245e-5	-1.0883210238729513e-5	-8.871533383614447e-6	-7.066156072156992e-6	-5.49946033618689e-6	-4.169935101249017e-6	-3.0686208928228177e-6	-2.174599626651524e-6	-1.4973807363174085e-6	-1.006089213866536e-6	-9.515830841424434e-7	-8.671998555587418e-7	-7.973089391893207e-7	-7.130812630521869e-7	-6.092125496689059e-7	-5.274511229603685e-7	-4.630537625007028e-7	-3.693019438466441e-7	-3.201505073619957e-7	-2.856720540037847e-7	-2.4956199121671e-7	-2.4204783636898265e-7	-3.126021328490674e-7	-4.0589710418138054e-7	-5.479827966819474e-7	-7.992957611850372e-7	-1.0990571329072486e-6	-1.4174678367470477e-6	-1.8691872969918454e-6	-2.165416490070043e-6	-2.6057701605662685e-6	-3.030287685835037e-6	-3.1402507127800455e-6	-3.293683229749737e-6	-3.1658214721774866e-6	-3.0655649621845775e-6	-2.936285912730327e-6	-2.9410644816791492e-6	-2.7185648328841017e-6	-2.7741914318092176e-6	-2.4560245791495794e-6	-2.793030607820381e-6	-2.7811529764244552e-6	-2.971956308844446e-6	-3.275143318068254e-6	-3.255702502432062e-6	-3.6173629874188527e-6	-3.4302780215897854e-6	-3.434859436183185e-6	-3.5178747619742014e-6	-4.0449549894468195e-6	-4.213866544840395e-6	-4.759424932819305e-6	-5.027250255336722e-6	-5.232723130582602e-6	-5.327874566836009e-6	-5.335907825393475e-6	-5.333189492632439e-6	-5.405473854881379e-6	-5.573114032930189e-6	-6.0399333684469855e-6	-7.6095119265549675e-6	-1.078145095746594e-5	-1.613558066751664e-5	-2.3286983407025754e-5	-3.173286238670277e-5	-4.011532672242821e-5	-5.002196445456192e-5	-6.06727596022007e-5	-7.207479223392483e-5	-8.400916760209671e-5	-9.67602153462881e-5	-0.00010956447366302431	-0.00012197082211430296	-0.00013428994968320957	-0.00014507585566382467	-0.00015489996703550463	-0.00016314346568992166	-0.00016871499397747881	-0.00017353464831402435	-0.00017507556215640326	-0.00017418962288523986	-0.0002328083711591487	-0.0002948496416157109	-0.0003503028266792956	-0.0003877086874335203	-0.00041628737417593285	-0.0004306583159660246	-0.00043692273800485446	-0.00043758823437488846	-0.00043151182225835936	-0.00041648521902082347	-0.00040559526845299933	-0.00038711233445350157	-0.00036725538735886236	-0.00034500353163625756	-0.0003194109533669661	-0.00029358064737822036	-0.0002711244732303726	-0.00024444450906794743	-0.00021711102819103704	-0.00019207619042591745	-0.00016656168305489646	-0.00013967030767624705	-0.00011753863582300919	-9.258404869800715e-5	-6.861501488080596e-5	-0.00019089417724067054
-4.1063727244667735e-5	-4.2157126077107e-5	-4.2165816922120594e-5	-4.0162699852457724e-5	-3.2851484225673204e-5	-2.473198961200232e-5	-2.6558960720851382e-5	-2.8160938256936827e-5	-2.9600323687647718e-5	-3.065486169661941e-5	-3.1367037444071416e-5	-3.170439233567905e-5	-3.16926310589121e-5	-3.1166008396570825e-5	-3.017082197554063e-5	-2.882947448124137e-5	-2.7021351146448572e-5	-2.4878593862992027e-5	-2.2619027956299447e-5	-2.0145339101125846e-5	-1.7552119949731568e-5	-1.5127359116853177e-5	-1.2770126277093655e-5	-1.0614985745320375e-5	-8.611686388000856e-6	-6.790547179903229e-6	-5.230663713882251e-6	-3.946446975456911e-6	-2.91895973526892e-6	-2.1022079904496122e-6	-1.5250360060627247e-6	-1.4067840925812748e-6	-1.2661093288648609e-6	-1.151564967388007e-6	-1.069228879460387e-6	-9.318489493949491e-7	-8.456337047465514e-7	-7.548348836310332e-7	-6.156231601053927e-7	-5.950631651468905e-7	-5.488708748637686e-7	-6.212125747210836e-7	-7.251541294014659e-7	-8.581092753854908e-7	-1.1006299154066464e-6	-1.419460763512503e-6	-1.6966225302724272e-6	-2.10292518346974e-6	-2.581898904489697e-6	-2.8918025201003783e-6	-3.235116128673767e-6	-3.753313144529461e-6	-3.9910756552183194e-6	-4.200852395366199e-6	-4.000642155303367e-6	-4.0413988141476515e-6	-4.208318735669922e-6	-4.00593838371146e-6	-4.1126390071526565e-6	-3.653896282118836e-6	-3.8171198294813876e-6	-3.6398861843426472e-6	-4.30155439188533e-6	-4.396178394427475e-6	-4.684161211071047e-6	-4.583098306603289e-6	-4.283785493028287e-6	-4.223900798440129e-6	-4.246083976162571e-6	-4.50268969802591e-6	-4.85088603249608e-6	-5.393393402377969e-6	-5.8543219363695325e-6	-6.091701785846781e-6	-6.1812834784016825e-6	-6.37356084569492e-6	-6.428903196304097e-6	-6.482906175370862e-6	-6.608149123571823e-6	-6.984868602022583e-6	-8.148985714970453e-6	-1.1379990524645488e-5	-1.6886551941005135e-5	-2.5140477463802375e-5	-3.489615927275945e-5	-4.536128161737867e-5	-5.6514606735643086e-5	-6.857016020859693e-5	-8.369931295005564e-5	-9.71066201132739e-5	-0.00011064038264014218	-0.00012411630407981175	-0.00013798596697764745	-0.00014932028568665932	-0.00016048474276385803	-0.00016955097192097824	-0.00017685479087117557	-0.00018264906106286397	-0.0001853532529593133	-0.00018741261609939944	-0.00018586614013832957	-0.0002272248935926771	-0.0003032684467110412	-0.000356119444015735	-0.0003980533132692506	-0.0004283227675652961	-0.0004461993812713422	-0.0004515187500460111	-0.00045209627838366413	-0.0004430567260933684	-0.0004312481315744878	-0.0004111248354157337	-0.0003909801932710198	-0.00036870704233672724	-0.0003447960347899466	-0.0003220329995560784	-0.0002942054117807593	-0.00026682462075326013	-0.00023953664533013855	-0.0002136151087961391	-0.00018663669772850389	-0.00016059946416355567	-0.00013269903736175953	-0.0001079717963517815	-8.2166442426021e-5	-5.6679998854114455e-5	-0.0001942672441163952	-0.00022678486952081023
-4.148254784583339e-5	-4.380728733704899e-5	-4.547171492599454e-5	-4.5999732738776574e-5	-4.434860028244467e-5	-3.823386291399442e-5	-2.6574273869346384e-5	-2.8613596740549693e-5	-3.048781461427593e-5	-3.2360888405275935e-5	-3.381746519303514e-5	-3.482848651022413e-5	-3.5473180554399615e-5	-3.568937349075546e-5	-3.533085994455326e-5	-3.43763289266597e-5	-3.310670092898752e-5	-3.12809544045033e-5	-2.9283662752367808e-5	-2.6883448614376502e-5	-2.4299421290460558e-5	-2.152752808805801e-5	-1.8894626339296548e-5	-1.620132572753395e-5	-1.3692790286497745e-5	-1.1284077259607073e-5	-9.168307970399241e-6	-7.272423037292677e-6	-5.679839757405036e-6	-4.361003674887483e-6	-3.179614823582187e-6	-2.485176373348395e-6	-2.313122163132532e-6	-2.122948568199199e-6	-1.939148709126728e-6	-1.7515492972781043e-6	-1.5622155900270145e-6	-1.4104036421909894e-6	-1.3317185399847325e-6	-1.2722977069981568e-6	-1.3049291534898656e-6	-1.3862438900129521e-6	-1.5931061355975809e-6	-1.7525412932057802e-6	-2.0355231103704537e-6	-2.4961509732630773e-6	-2.9128760360591665e-6	-3.3531900964656886e-6	-3.915784332359374e-6	-4.346558707914367e-6	-4.609590956077621e-6	-5.110607251789228e-6	-5.506501725371872e-6	-5.592645281954291e-6	-5.7355710782067354e-6	-5.86147615602668e-6	-5.930317593737895e-6	-6.175113599916882e-6	-5.840752475042791e-6	-5.946284208873233e-6	-5.407463799616521e-6	-5.621076465278803e-6	-5.501940405212131e-6	-6.270583449627918e-6	-6.041447019745742e-6	-6.254516520177349e-6	-5.8088728622287264e-6	-5.556837482628804e-6	-6.021612992916235e-6	-6.389305714685862e-6	-6.531064431996003e-6	-7.2425276515041914e-6	-7.560975961116572e-6	-7.94102530351945e-6	-7.8843182824419e-6	-8.083423040645385e-6	-8.24372768990674e-6	-8.465373649295296e-6	-9.12454341511754e-6	-1.0061204902116769e-5	-1.3500764349754066e-5	-1.9567744233761272e-5	-2.9333128673025887e-5	-4.086846578006415e-5	-5.268660228000097e-5	-6.609744100187747e-5	-8.123307608729467e-5	-9.447674424338309e-5	-0.00010719554752785447	-0.000122600766778308	-0.0001359799923009164	-0.00014762183440957715	-0.0001612340428855906	-0.00017175838369198199	-0.0001788773725848328	-0.00018709495912445657	-0.00019266848731887276	-0.00019435988304189727	-0.00019588499223122547	-0.0001937772064618433	-0.0001966410260171485	-0.000300941741060521	-0.0003654816602789365	-0.00040526191865558094	-0.0004336074181112391	-0.0004499674583304837	-0.0004615265196872189	-0.000461895131077545	-0.00045311655921614034	-0.00043760766220662765	-0.0004170635071445907	-0.00039713393755274294	-0.0003738362188213107	-0.00034878524465299654	-0.0003183844174588224	-0.0002933673939236117	-0.0002637414242274809	-0.00023519603944760145	-0.00020776268642129503	-0.000181554624272863	-0.00015430302868334883	-0.00012441845271930763	-9.913748897760061e-5	-7.184234664635303e-5	-0.00012141058835591148	-0.00020121388175000504	-0.0002312935897842705	-0.00024641329966724676
-4.0364012921591296e-5	-4.390159102395162e-5	-4.6723855465143635e-5	-4.891490496328264e-5	-4.954800818821135e-5	-4.8319737250019507e-5	-4.325415772381052e-5	-2.817952584527382e-5	-3.065753648917645e-5	-3.3063319290407974e-5	-3.53167710810139e-5	-3.723261434128162e-5	-3.8957319383286474e-5	-3.979498615882995e-5	-4.039032111122687e-5	-4.057928103823739e-5	-4.021891834104878e-5	-3.902751909724822e-5	-3.7716662859542947e-5	-3.573565228359222e-5	-3.336977711075075e-5	-3.065911597790674e-5	-2.7631831559008196e-5	-2.46144620730929e-5	-2.1600366618665015e-5	-1.861520947970581e-5	-1.5705858364446496e-5	-1.3030443526705545e-5	-1.0661742972587884e-5	-8.565795644741915e-6	-6.800741175192376e-6	-5.148670283790669e-6	-4.189718093860643e-6	-3.82116800134381e-6	-3.55772911761617e-6	-3.267098167930539e-6	-3.0657897582743877e-6	-2.92108196177471e-6	-2.695838057571487e-6	-2.6085794611760632e-6	-2.51782559631728e-6	-2.755948569940596e-6	-3.1123006228074026e-6	-3.400709595347028e-6	-3.959462325845949e-6	-4.511104710775164e-6	-5.168685098621932e-6	-5.628954285040347e-6	-6.303959595272638e-6	-6.743421494692799e-6	-6.94362652126784e-6	-7.488971749593926e-6	-7.692693098737373e-6	-7.944155904800318e-6	-8.56956908416146e-6	-8.785843777492624e-6	-9.051056629037118e-6	-9.15236591863492e-6	-9.345031272994949e-6	-9.039850798597663e-6	-8.5909255345695e-6	-8.73413282304514e-6	-8.279119093646003e-6	-9.03537236471145e-6	-8.894671723638748e-6	-8.765083188979293e-6	-8.788448990663738e-6	-8.574632840955166e-6	-9.006504325398e-6	-9.414471441636992e-6	-9.59157481426041e-6	-1.02403886102236e-5	-1.025364539748632e-5	-1.0780784443875473e-5	-1.0524386949425989e-5	-1.1144189356218734e-5	-1.1688429454966476e-5	-1.2903735405323912e-5	-1.4624639721047756e-5	-1.887332858105503e-5	-2.532393814449769e-5	-3.57212296488884e-5	-4.8882317189115126e-5	-6.271539996257746e-5	-7.550903911209277e-5	-8.909557270528638e-5	-0.00010263921240217296	-0.00011782615668787331	-0.00012863978919412655	-0.00014178666091555067	-0.00015421890005887185	-0.00016556916046246272	-0.00017892481448387489	-0.0001865437785741452	-0.00019338657683033722	-0.00019760650805499946	-0.00020285698514911372	-0.00020296973345427204	-0.0002030997496370963	-0.00019801276318382084	-0.0002967522471167012	-0.0003628019896908651	-0.000412670193152909	-0.00044322436005671956	-0.0004599396518799228	-0.0004698942168246227	-0.0004676939217623712	-0.0004562017198619754	-0.00044146477576529654	-0.00042230552234866214	-0.00039845406264596775	-0.00037221860856332875	-0.00034649225229667693	-0.0003188148013730935	-0.00028735770403595304	-0.00026081645549888566	-0.0002317281543387506	-0.00020145423078408303	-0.00017464978537386558	-0.00014701999506271796	-0.00011624849473226145	-8.970382327786255e-5	-6.102819827399561e-5	-0.00014612783009451333	-0.0002103251036788406	-0.0002316376267142914	-0.0002435569415940031	-0.0002524727129075109
-3.8067605226242305e-5	-4.194990029394302e-5	-4.569067769234292e-5	-4.896689016504335e-5	-5.1387261149570245e-5	-5.242444797728626e-5	-5.1222992711986255e-5	-4.697203546383103e-5	-2.9437335602569602e-5	-3.230885874201043e-5	-3.549995735972777e-5	-3.8243349895981634e-5	-4.073096219976485e-5	-4.295708665177727e-5	-4.486324104639554e-5	-4.621108679382939e-5	-4.671193986175196e-5	-4.707927550736367e-5	-4.65181700299612e-5	-4.569156784326519e-5	-4.3962747370458743e-5	-4.1925015422456175e-5	-3.90406649425072e-5	-3.6063985828331806e-5	-3.260493541891213e-5	-2.9059921856392716e-5	-2.5590291126072228e-5	-2.2049873021342615e-5	-1.872827468855329e-5	-1.5795376640559433e-5	-1.2924723737517006e-5	-1.0536106566232681e-5	-7.978679629926566e-6	-6.897968091431413e-6	-6.3961283876056525e-6	-5.964529514990949e-6	-5.657843007339828e-6	-5.330817793383635e-6	-4.9629084700766836e-6	-4.829779665126762e-6	-4.953236515744955e-6	-5.2047884103277185e-6	-5.733683121862741e-6	-6.288831599912865e-6	-6.854881571294086e-6	-7.550809230191693e-6	-8.375972965411174e-6	-8.911220189083665e-6	-9.654346290848535e-6	-1.0234307484122064e-5	-1.0550817837137218e-5	-1.0947148959964998e-5	-1.1324216011660221e-5	-1.1778152718134845e-5	-1.2520838332138432e-5	-1.341488519342193e-5	-1.3543907393314758e-5	-1.3746676365988418e-5	-1.3629001420137473e-5	-1.2823383595353963e-5	-1.2760808115481331e-5	-1.1750155400671322e-5	-1.210324371812583e-5	-1.1919776843485148e-5	-1.3107095207500136e-5	-1.280585340412033e-5	-1.352194568169068e-5	-1.3547573999992324e-5	-1.4029505838585466e-5	-1.4439320097970091e-5	-1.4382213701501657e-5	-1.4782964759850264e-5	-1.5078112906800737e-5	-1.567950295258859e-5	-1.6442929002700914e-5	-1.7495699121537376e-5	-2.0521503020525965e-5	-2.258642237697422e-5	-2.814422959943508e-5	-3.4197468186083135e-5	-4.449102053717918e-5	-5.762935641540133e-5	-7.435277589215692e-5	-8.270289803577295e-5	-9.746982929266772e-5	-0.00010960323701658106	-0.0001190463228586654	-0.00013274645816060103	-0.00014170374279846246	-0.00015583938036724254	-0.00016702662441559022	-0.00017603253144808217	-0.0001882668074546347	-0.00019373094287480647	-0.00020378743097366776	-0.0002085816500855403	-0.0002076146138417067	-0.00020981397175212635	-0.00020566615476424674	-0.00027799207776013635	-0.00036090836484192583	-0.0004118607498972138	-0.00044461297114264595	-0.0004591140736695271	-0.0004688857611792434	-0.00046620568046134257	-0.00045895055463397554	-0.00044227892569874763	-0.0004224962240587278	-0.0003997132092415506	-0.00037368275547684793	-0.0003452146460098532	-0.00031653679261490347	-0.00028482015102535355	-0.0002566411306690816	-0.00022556164861907077	-0.00019455791754790022	-0.0001670588685247741	-0.00013800565817944158	-0.00010742169098904367	-7.923731173585177e-5	-4.890857870825174e-5	-0.00016268191606111024	-0.00021775509130225745	-0.00023326353064401228	-0.00024223961672936029	-0.00024907594258806454	-0.00025060302522158726
-3.433896105263295e-5	-3.8348266802307575e-5	-4.2691282970086465e-5	-4.661800296999882e-5	-5.024157675030433e-5	-5.250366322235396e-5	-5.377872106296887e-5	-5.314828602855136e-5	-4.964040386102979e-5	-3.97683786571598e-5	-3.3148320349333854e-5	-3.661133344813562e-5	-4.009448045788752e-5	-4.372815412868078e-5	-4.682935117523881e-5	-4.9217973361703575e-5	-5.175039792174171e-5	-5.3498927372311236e-5	-5.448050472304307e-5	-5.500930113122072e-5	-5.4705729305340564e-5	-5.358755744625367e-5	-5.175270975031317e-5	-4.91807994590349e-5	-4.607950937431018e-5	-4.2337477806277004e-5	-3.854376392116714e-5	-3.436299481311548e-5	-3.0387518603087874e-5	-2.6230280553356884e-5	-2.2708100013778645e-5	-1.9322818975843307e-5	-1.5793776256847704e-5	-1.1549775946973146e-5	-1.1064678914578501e-5	-1.0265999772415e-5	-9.597201742220446e-6	-9.316599326324344e-6	-9.00833506652988e-6	-8.903199862669484e-6	-8.863565406199629e-6	-8.9998594534691e-6	-9.334129379254437e-6	-1.0247762756920246e-5	-1.129822958998686e-5	-1.2064916815303578e-5	-1.294024359345912e-5	-1.3595429683031703e-5	-1.43130849555341e-5	-1.476248945975851e-5	-1.5435994457190915e-5	-1.5639896800199006e-5	-1.590309618612314e-5	-1.691152936480057e-5	-1.798398307077437e-5	-1.838874632290521e-5	-1.891904903409975e-5	-1.9227601821505307e-5	-1.796967922444541e-5	-1.7995276728298296e-5	-1.676666472476859e-5	-1.6982643343899442e-5	-1.763495106061187e-5	-1.717179937428385e-5	-1.8204012249163886e-5	-1.861315356455496e-5	-1.976483195703226e-5	-2.0236245173112688e-5	-2.0839067851565656e-5	-2.166277158089508e-5	-2.1898306049343216e-5	-2.2370744226586138e-5	-2.425265873376339e-5	-2.497871348244873e-5	-2.735878412680288e-5	-3.1272312249382974e-5	-3.501551935108558e-5	-4.159475743220967e-5	-4.595081889576208e-5	-5.385242105588185e-5	-6.601709979001764e-5	-7.82777784624311e-5	-8.734335136308937e-5	-9.834357689823955e-5	-0.00011004596919914761	-0.0001231190024594559	-0.00013178298656480163	-0.0001459423068522368	-0.00015551944285976602	-0.00016397697112473242	-0.00017660913564920833	-0.0001854201216579341	-0.00019726288249025635	-0.00020281786372979352	-0.0002096812229239204	-0.0002137208061111888	-0.00021457364650714905	-0.0002102878860225834	-0.0002587481460851731	-0.0003511882756801997	-0.00040561820114607024	-0.00044319567558764005	-0.0004629853624072387	-0.0004745530565123529	-0.0004711248754877065	-0.0004604504151746458	-0.0004431818295116616	-0.000420113222098905	-0.0003973607133221299	-0.0003692327238923043	-0.0003392327391714932	-0.0003095195997161043	-0.0002803696821799054	-0.00024786983876014246	-0.0002183818262422449	-0.0001865678472693158	-0.0001583462300538442	-0.000127741070796248	-9.893380549909694e-5	-6.670764230278306e-5	-3.8048368598570664e-5	-0.00017599979447143269	-0.00022451364678835461	-0.00023939813445636102	-0.00024712718669399683	-0.0002481839066659393	-0.0002498503111412857	-0.0002492558892033987
-2.9727745741540143e-5	-3.361313306130833e-5	-3.780068708527794e-5	-4.2148274914438535e-5	-4.639483813039078e-5	-4.9739554901868845e-5	-5.2048869314742004e-5	-5.3246721964060866e-5	-5.325058607483376e-5	-5.038312718189087e-5	-4.3005405422501166e-5	-3.2415252592988024e-5	-3.6532660392110065e-5	-4.090867374031645e-5	-4.500185719118958e-5	-4.911865397177876e-5	-5.283002540046756e-5	-5.64844341862747e-5	-5.886294856107064e-5	-6.1028690294970354e-5	-6.270459226018817e-5	-6.334364926872558e-5	-6.274578125630391e-5	-6.152762649528157e-5	-5.878373014762538e-5	-5.56547588460713e-5	-5.201379774622211e-5	-4.806462476065847e-5	-4.362202932992618e-5	-3.948458149651555e-5	-3.524566855298732e-5	-3.0878362333291434e-5	-2.68321990674051e-5	-2.2547550811638094e-5	-1.7125460434044078e-5	-1.6281905865805804e-5	-1.578869420268544e-5	-1.5265097110962592e-5	-1.4662981825570311e-5	-1.435752767747051e-5	-1.4282651347155475e-5	-1.4390974500120331e-5	-1.531430051686573e-5	-1.5822547220730506e-5	-1.6665487393552727e-5	-1.7877845239367557e-5	-1.8662803638781625e-5	-1.923661344704398e-5	-1.9507555407859882e-5	-2.006512908042245e-5	-2.0470356886350197e-5	-2.098856656914316e-5	-2.1385236843353157e-5	-2.231477169061316e-5	-2.3033268174845823e-5	-2.371733922606101e-5	-2.3496798729795432e-5	-2.2874486470969178e-5	-2.269885202705029e-5	-2.2375348931265217e-5	-2.1551961163114456e-5	-2.2403803017954048e-5	-2.1853474069824476e-5	-2.2867907203131177e-5	-2.4115929454809242e-5	-2.547419915879508e-5	-2.7336193357893482e-5	-2.8652467933801187e-5	-3.0417509211676545e-5	-3.0866293264673666e-5	-3.258204077578094e-5	-3.408200708294811e-5	-3.635946084780384e-5	-4.191264140005618e-5	-4.6633562700559026e-5	-4.9249912306871665e-5	-5.473161390084653e-5	-5.6681801321794775e-5	-6.163310462930756e-5	-7.249032063472941e-5	-8.206903163077064e-5	-9.431222378747644e-5	-0.00010030227217371068	-0.00011167083739541204	-0.00011881969326033113	-0.0001360392868027336	-0.00014255332133640813	-0.00015679805169966504	-0.00016530670403163382	-0.00017735501071339428	-0.00018456679072771133	-0.00019538219682988314	-0.00020421749589885456	-0.000210795287048076	-0.0002164171635399715	-0.00021939284003337674	-0.0002189748568050525	-0.00021060699197301448	-0.00034307255936615565	-0.0003985733175719975	-0.000444188081262422	-0.00046176968998123263	-0.0004717733917240785	-0.00047140382466049485	-0.00046190075027405936	-0.0004458174747683924	-0.00042259306640623703	-0.0003939059329085594	-0.00036613642141573866	-0.00033649827658240733	-0.0003052966987310453	-0.00027457454495824485	-0.00024168967955023185	-0.00021162589692366035	-0.00017852454741720467	-0.00014935584802993132	-0.0001166758232802427	-8.747105602118985e-5	-5.5488539637670725e-5	-2.5682347947527523e-5	-0.00018214009438709267	-0.00022773708904582843	-0.00023880225847976166	-0.00024397442218836857	-0.00024738998349654526	-0.0002476996236984788	-0.0002436550084220987	-0.00023891575939415793
-2.368422849768209e-5	-2.7761380625693135e-5	-3.184866567468216e-5	-3.5866835453252435e-5	-4.0091872289757264e-5	-4.3921567611474466e-5	-4.7080509702943606e-5	-4.949027021948125e-5	-5.100510110675558e-5	-5.03140472503643e-5	-4.8404541536415475e-5	-4.317193748204647e-5	-2.98685086521722e-5	-3.4798847378024684e-5	-3.9685672539272344e-5	-4.4628725849284656e-5	-4.938950981509373e-5	-5.4076577119059046e-5	-5.8795402462690285e-5	-6.231391780654456e-5	-6.604396744078135e-5	-6.809298764423664e-5	-6.95164956976131e-5	-6.95524393458445e-5	-6.853003484035892e-5	-6.704402626911909e-5	-6.419822799028801e-5	-6.073343592456564e-5	-5.649470090810069e-5	-5.19135552006346e-5	-4.777579747723866e-5	-4.339391131296419e-5	-3.8782436346157566e-5	-3.3930691215153415e-5	-2.9485017385408102e-5	-2.3744941500774934e-5	-2.2887554897518423e-5	-2.2017460576083392e-5	-2.1743006722884685e-5	-2.171933805792921e-5	-2.17916513263125e-5	-2.220919182515193e-5	-2.1870734932431324e-5	-2.239394655931433e-5	-2.296250661078421e-5	-2.3819183488928922e-5	-2.5337095151177578e-5	-2.5638186748578543e-5	-2.579814339665745e-5	-2.5693500738728937e-5	-2.6111848573130703e-5	-2.6519390794400768e-5	-2.7077751854967524e-5	-2.797386012474935e-5	-2.8073509097362344e-5	-2.8114034773167942e-5	-2.722769307299212e-5	-2.6978098408394265e-5	-2.6858318102386276e-5	-2.60243019682368e-5	-2.6678286285837516e-5	-2.7400144464537896e-5	-2.7301933775553382e-5	-2.82306113049888e-5	-3.0022742951793394e-5	-3.125735493434692e-5	-3.4200831227401e-5	-3.674419337399608e-5	-4.072487345792232e-5	-4.266217598877559e-5	-4.618232048124167e-5	-4.942524840532221e-5	-5.408040716297995e-5	-5.907560224560843e-5	-6.478493915211981e-5	-6.708783228059033e-5	-6.838525110715223e-5	-6.944836174942268e-5	-7.487832717366014e-5	-8.29301281422487e-5	-9.551521359593956e-5	-0.00010542037568144879	-0.00011164426771850637	-0.00012084674046826047	-0.00013226532271553085	-0.00014550088602818985	-0.00015403284236753696	-0.00016259404136877847	-0.00017269717141900863	-0.00017940904624771936	-0.00019003967606707507	-0.00019857426082907532	-0.00021028492996595996	-0.0002185745424313889	-0.00022534204392656715	-0.0002225068085044777	-0.00021786667601941812	-0.00032839353279441943	-0.00039523366555894654	-0.0004374694328470284	-0.00046476644183831434	-0.00047421428334267976	-0.00047410615603999534	-0.000462440916256749	-0.00044362924277695226	-0.0004204240455557215	-0.00039312348888796006	-0.0003654696633542155	-0.00033233180502661996	-0.000301464196138853	-0.0002680390503973472	-0.00023538725450788014	-0.00020411013057020436	-0.00017014082064233105	-0.00013992957845166895	-0.00010614356108894912	-7.573087596694089e-5	-4.530921184032685e-5	-1.4035494446361374e-5	-0.00019484988475785767	-0.00023077629161816215	-0.00024173155423754325	-0.0002417035698280487	-0.00024395308603070154	-0.00024353408997540224	-0.00023964607082614664	-0.00021523938934344192	-0.00020348395662244181
-1.734026773759405e-5	-2.0989288143364974e-5	-2.4708065304846188e-5	-2.8369781833795498e-5	-3.245676042003005e-5	-3.643136489803623e-5	-3.988580935475848e-5	-4.268040136888368e-5	-4.4738713997295645e-5	-4.6057735823736966e-5	-4.604439625286111e-5	-4.491713678490784e-5	-4.094200339838745e-5	-2.545868097093189e-5	-3.0654151723767415e-5	-3.61755178896893e-5	-4.141524335689274e-5	-4.719265631465642e-5	-5.2950744323877665e-5	-5.8102612065700186e-5	-6.287326414220525e-5	-6.690415656896006e-5	-6.920132954773488e-5	-7.070068008607289e-5	-7.147421601851078e-5	-7.121993947009891e-5	-6.966200174284118e-5	-6.791639609252521e-5	-6.445239098478535e-5	-6.089351945343666e-5	-5.705708599262004e-5	-5.2342152041947535e-5	-4.852657320897e-5	-4.3901131560754965e-5	-3.975086648082618e-5	-3.4716303250512765e-5	-2.966912920137027e-5	-2.9617116326704357e-5	-2.9173440655144278e-5	-2.9452373164287355e-5	-2.9302041382487862e-5	-2.9016696572641346e-5	-2.9416151392177865e-5	-2.9486398421128997e-5	-2.9538908970477406e-5	-2.9876109986827232e-5	-3.055527249864716e-5	-3.141976923212372e-5	-3.151504232167153e-5	-3.1047940761603793e-5	-3.098930442986536e-5	-3.120442284882015e-5	-3.1877812534033146e-5	-3.2341529060690623e-5	-3.215479182341798e-5	-3.207094428594364e-5	-3.1447834197297596e-5	-3.0096965201369206e-5	-2.9521118283476564e-5	-2.9778913621558885e-5	-3.013761172722786e-5	-3.0515081085895e-5	-3.0962982797274816e-5	-3.226027400917526e-5	-3.4655390187589025e-5	-3.6933119662617767e-5	-4.210532112910743e-5	-4.627023484005859e-5	-5.1320000196632305e-5	-5.5566741614086496e-5	-6.0067385114818093e-5	-6.387718838872817e-5	-7.059072126478199e-5	-7.480582787786809e-5	-7.635604272449546e-5	-7.751154023694692e-5	-7.995742767701302e-5	-8.28595106519862e-5	-8.752822293941597e-5	-9.478897502795871e-5	-0.00010796952054636932	-0.000114953444225541	-0.0001280199572024042	-0.00013366643584512838	-0.00013961078414756294	-0.00015337559385411072	-0.0001612945906286252	-0.00016874424223277222	-0.00017542691079733969	-0.00018106221186752446	-0.00019336672706722798	-0.00020585006215334718	-0.00021817613639557934	-0.00022825609212852663	-0.00023084408658268288	-0.00022607107262595516	-0.0003138814833416638	-0.0003915160686450425	-0.0004392885739369634	-0.00046585006855748637	-0.00047673112247995433	-0.00047903787055375915	-0.00046647359531288776	-0.00044730891790275076	-0.0004212798739933535	-0.00039274620166956584	-0.0003619886691222027	-0.000330590336379815	-0.00029821638149792745	-0.0002638840480352102	-0.00022860084418095325	-0.00019599267471774248	-0.00016082859126713075	-0.00013090416274173441	-9.67701192550359e-5	-6.459735261889893e-5	-3.2672880958921346e-5	-7.835283074696803e-5	-0.00019688727283511537	-0.0002305068983214295	-0.0002419310864186855	-0.00024292864573898995	-0.00023913430995592053	-0.0002335909371443609	-0.0002113601209200247	-0.00020165480637971203	-0.00019112978280567613	-0.00018137459328274735
-1.0885488498004608e-5	-1.3836793933666349e-5	-1.706166275562736e-5	-2.0607660247847458e-5	-2.4128570393587827e-5	-2.7570681729132112e-5	-3.093130329829847e-5	-3.401925241183247e-5	-3.62839767592874e-5	-3.8036613517883604e-5	-3.886353067622051e-5	-3.9177088422340245e-5	-3.8240930892263596e-5	-3.495345666848287e-5	-2.7181909045652375e-5	-2.4096137285197026e-5	-2.987343224083571e-5	-3.615608246419809e-5	-4.2172002191905554e-5	-4.814700505309261e-5	-5.3936481086817607e-5	-5.833353867870997e-5	-6.233689213121707e-5	-6.490030872582323e-5	-6.645039299927246e-5	-6.736990080873865e-5	-6.714138113349645e-5	-6.609946371526803e-5	-6.414733209268416e-5	-6.122169355455773e-5	-5.81020509775234e-5	-5.483407547468566e-5	-5.092104985474034e-5	-4.7796955868033286e-5	-4.4951359476591395e-5	-4.24645669772376e-5	-3.756981991405884e-5	-3.443400635211747e-5	-3.455842113397976e-5	-3.4819712161585515e-5	-3.510843794396305e-5	-3.5657191230155545e-5	-3.524423695868296e-5	-3.4708551942101446e-5	-3.42473782452145e-5	-3.3924249015406666e-5	-3.405951390497361e-5	-3.470905945307263e-5	-3.544858360516635e-5	-3.5227260403430244e-5	-3.545564151085853e-5	-3.52971157082391e-5	-3.545384637916116e-5	-3.551886205809115e-5	-3.54562384950719e-5	-3.526014492969548e-5	-3.450634206294363e-5	-3.3187377348478046e-5	-3.284670287552558e-5	-3.2560896479072454e-5	-3.2782091782899286e-5	-3.2718358200143315e-5	-3.386148933378621e-5	-3.5758294822071154e-5	-3.935576255295267e-5	-4.408122088325143e-5	-5.096608383562502e-5	-5.595594612824422e-5	-6.205393079266631e-5	-6.639390520306104e-5	-7.132752710573096e-5	-7.453767487941836e-5	-7.982282138388735e-5	-7.905821458966712e-5	-8.240165686021397e-5	-8.510411897281241e-5	-9.03647379900353e-5	-9.332747448660174e-5	-9.952746711852645e-5	-0.00010975924112188555	-0.0001222352050080002	-0.00012618750414158594	-0.00012953070634537725	-0.0001368793113381249	-0.00014407149681811351	-0.00015666828179173795	-0.00016316666931644186	-0.00016651180296135132	-0.00017292820882718052	-0.0001852488214063898	-0.00020097246459030438	-0.00021940202586147317	-0.0002321690674975986	-0.00023770876178682773	-0.00023693064360712918	-0.0002928505687905744	-0.0003875269711335269	-0.00044030061928466285	-0.0004690459514452433	-0.000485577299905518	-0.00048216369238603465	-0.00047058133028753807	-0.0004523783291238495	-0.00042724084771102525	-0.00039749058340816934	-0.00036400445928069444	-0.00032814118744277365	-0.00029562523838622123	-0.00025853868708880165	-0.00022320057844506247	-0.00018865988855344684	-0.0001533083934714824	-0.00012069609212897112	-8.845797903628966e-5	-5.3499656170030024e-5	-2.0956160218590925e-5	-0.00010491200057565625	-0.0001993267725115995	-0.00023115298723513575	-0.00024292083241001308	-0.00024071563478828342	-0.00023513870027296047	-0.00020220832590376464	-0.00018768580057303141	-0.00017807218904725836	-0.00017168725763121173	-0.00016672007147663231	-0.0001663400679761777
-4.521728236522686e-6	-6.9135108383034e-6	-9.570274345411817e-6	-1.259545646383961e-5	-1.55980103694873e-5	-1.8732188372335996e-5	-2.1889842088203184e-5	-2.4952642191801e-5	-2.7427562844604264e-5	-2.919685310198445e-5	-3.0042103854783803e-5	-3.0512662162814497e-5	-3.020838374313394e-5	-2.8921459349856658e-5	-2.670300888664868e-5	-2.1644197902329857e-5	-1.6407647874909503e-5	-2.199271079107116e-5	-2.8389738630427413e-5	-3.422909195232443e-5	-4.05034795460113e-5	-4.500392527173255e-5	-4.9032602289099305e-5	-5.186726854299528e-5	-5.385975378717359e-5	-5.495502905197196e-5	-5.547325076480118e-5	-5.459850602011762e-5	-5.339794303640044e-5	-5.186678877079458e-5	-5.003979094286718e-5	-4.742070023710642e-5	-4.520665054916131e-5	-4.3258656637530386e-5	-4.2025785476954534e-5	-4.0696391498428516e-5	-3.932874856050995e-5	-3.4755142293849475e-5	-3.508779744402016e-5	-3.5648391407305975e-5	-3.587735381352375e-5	-3.607172020553707e-5	-3.546807286671644e-5	-3.473515992522512e-5	-3.471389050128601e-5	-3.495048746997385e-5	-3.541938424413832e-5	-3.554120095179258e-5	-3.5825623393445985e-5	-3.60691394785638e-5	-3.643156478317505e-5	-3.668200837590556e-5	-3.687419694294123e-5	-3.707262366233269e-5	-3.6944859655818445e-5	-3.7324320741310285e-5	-3.720972350119284e-5	-3.641014946790741e-5	-3.541513300447854e-5	-3.5344810737588696e-5	-3.490654936269804e-5	-3.4797630176636174e-5	-3.7313350637361783e-5	-4.073264325713064e-5	-4.554236804652856e-5	-5.1024602520043615e-5	-5.9006912094656215e-5	-6.491645754530106e-5	-6.991415925740926e-5	-7.51802331901228e-5	-7.473005015799436e-5	-7.792829902371606e-5	-8.117843573187625e-5	-8.691154022594932e-5	-9.107356269632237e-5	-9.340618111115286e-5	-9.631068653855566e-5	-0.00010418117436989706	-0.00011004828295380423	-0.00012266786083865028	-0.00012381266102862512	-0.00012406419876457783	-0.00012795942766203987	-0.00014005708473844788	-0.00015515376919654142	-0.00015614039333613355	-0.00015764189968377543	-0.0001630094759457086	-0.00017436759179112818	-0.00019433692758329124	-0.00021869969801498537	-0.00023863162512422625	-0.0002460837859679342	-0.0002458115242278715	-0.00024190894265833582	-0.0003829458856551178	-0.00044120252964312615	-0.00047474394092132666	-0.0004903910541531609	-0.0004909524501696405	-0.00047991554552638885	-0.0004578506397688413	-0.00043186648369204425	-0.0003992713254593813	-0.00036661420926625485	-0.0003320535774575979	-0.0002961994719115346	-0.0002565695725320616	-0.00022127072081285643	-0.00018331174297470457	-0.00014644212500405582	-0.00011400468276009934	-8.007189180583504e-5	-4.4896670881901246e-5	-1.1339755354340675e-5	-0.00011661749073788724	-0.00019914492228878533	-0.0002330844771532281	-0.00024148557823755815	-0.00024033023311460094	-0.00019940021133606559	-0.00017146044114244377	-0.000160998519167007	-0.00015490550783064938	-0.00015203527617196552	-0.0001525022864999441	-0.0001531076222424134	-0.00015123761287804197
1.304088613897185e-6	-6.317884307079427e-7	-3.1844718414953885e-6	-5.394157101242317e-6	-8.362353738611793e-6	-1.1279046226728498e-5	-1.4132567769048823e-5	-1.6803465714677022e-5	-1.92871154702616e-5	-2.0745372886991215e-5	-2.174823383747004e-5	-2.1599199383258785e-5	-2.174113855634742e-5	-2.1066890713188676e-5	-1.8955979650271248e-5	-1.652284281427165e-5	-1.2194589565570069e-5	-7.228816311819972e-6	-1.3057194844117749e-5	-1.9200963228779323e-5	-2.46244257542114e-5	-2.9974310449345804e-5	-3.24553778492144e-5	-3.5106956991558073e-5	-3.64216365679698e-5	-3.716309293204942e-5	-3.7384328225318134e-5	-3.647086781123805e-5	-3.5805895603081145e-5	-3.4961572670927626e-5	-3.461311877064497e-5	-3.365403715796002e-5	-3.307715196740942e-5	-3.1688730649931385e-5	-3.136324361297741e-5	-3.1392360519346026e-5	-3.1053175170701365e-5	-3.1060566070117285e-5	-2.885112297072029e-5	-2.8513264875812232e-5	-2.9213492547339875e-5	-2.9394391440752503e-5	-3.0623495740644303e-5	-3.02242825493855e-5	-3.0239830509440346e-5	-2.9932463917951672e-5	-2.983757065044574e-5	-3.0411087853683683e-5	-3.087579442172337e-5	-3.243894475409535e-5	-3.3756993442408435e-5	-3.520787498676424e-5	-3.633594415641556e-5	-3.680658179172451e-5	-3.708795692108392e-5	-3.783144154878831e-5	-3.824248213566382e-5	-3.807326019289025e-5	-3.7502457470310786e-5	-3.726681314399332e-5	-3.7603981182165666e-5	-3.8689274043605254e-5	-4.2459736356741974e-5	-4.733776643567854e-5	-5.367382986145013e-5	-6.204488940848851e-5	-6.638413792899468e-5	-7.088379511501798e-5	-7.525207829811066e-5	-7.71193646898101e-5	-7.877625147578553e-5	-8.653974139399313e-5	-8.937143714969273e-5	-9.451970685737249e-5	-9.919962231643917e-5	-0.00010057934783105037	-0.00010544834921802186	-0.00011402435363852374	-0.00012554205905206638	-0.00012200083293438524	-0.00011795408797810915	-0.00012091851832535597	-0.00013380763833753528	-0.000146895032476866	-0.0001516945916080724	-0.0001504996483144526	-0.00015086958538804845	-0.0001639413322912682	-0.00018920992313079324	-0.0002157845839208597	-0.00024050988013885402	-0.00025383398561448084	-0.0002577674977806421	-0.00025178439616016166	-0.00037730357038776724	-0.00044165254042913965	-0.0004814986202372057	-0.0005004632062932668	-0.0005026774133921885	-0.0004893127649916416	-0.0004689880057115285	-0.0004404269273350532	-0.00040996343007642863	-0.00037460711424996615	-0.00033796436946318537	-0.0003010567941295894	-0.00025957562131868894	-0.00022257129849660023	-0.0001807647399603915	-0.00014332794985583153	-0.0001079443950717518	-7.127053969126912e-5	-3.504442479262959e-5	-1.5451082470765987e-7	-0.00012573756092522023	-0.00019855379949787824	-0.00023719649377236182	-0.0002443829272996169	-0.0001910293359456451	-0.00015924337610053255	-0.00014861070328758136	-0.0001418104153007825	-0.00013779069745877698	-0.00013511246520908626	-0.00013550705055005025	-0.00013632883089347708	-0.00013811090102729823	-0.0001399487605793434
2.3453805149636735e-6	1.5374079673181537e-6	1.1644302392427829e-6	1.7048245302443699e-7	-2.4561274344111865e-6	-5.272095848806498e-6	-8.21164577552132e-6	-1.0527419517722403e-5	-1.2724222026776286e-5	-1.4139563147446462e-5	-1.429385845173577e-5	-1.4419685354614964e-5	-1.3563345697227211e-5	-1.3283529091414562e-5	-1.2257356498063601e-5	-9.860044717551267e-6	-6.961800414308824e-6	-3.177977466416442e-6	5.528776880216711e-7	-4.764360162358254e-6	-9.784709038016329e-6	-1.4127179892217939e-5	-1.7259725334877168e-5	-1.7807076457907606e-5	-1.9017101905802886e-5	-1.8479852180843317e-5	-1.773055396893288e-5	-1.7981263798348864e-5	-1.680687057028455e-5	-1.7772663012506976e-5	-1.7296557013805718e-5	-1.641089300043197e-5	-1.6872813840551615e-5	-1.6489402004742602e-5	-1.5435468131517333e-5	-1.619863403406075e-5	-1.5647431776937698e-5	-1.4529503207126246e-5	-1.2970059263791092e-5	-1.7459466160156534e-5	-1.7082428653580374e-5	-1.748688432446667e-5	-1.7024791766238542e-5	-1.743346146262925e-5	-1.652763329407919e-5	-1.7114437371088496e-5	-1.844886262747196e-5	-2.027208430310269e-5	-2.212060611398413e-5	-2.4516073340798313e-5	-2.7654568521230313e-5	-2.9857940285244085e-5	-3.1342043376857837e-5	-3.217731506265954e-5	-3.365986013352529e-5	-3.511509068655598e-5	-3.675674586694957e-5	-3.756536157389478e-5	-3.8538818092196704e-5	-3.91070385894355e-5	-4.053012012486014e-5	-4.3185724777597585e-5	-4.982034981987956e-5	-5.64222188935426e-5	-6.373849507598003e-5	-6.975716273604875e-5	-7.356346686969092e-5	-7.338588565227334e-5	-7.48789264252113e-5	-7.949751717269311e-5	-8.490645665823644e-5	-8.70034367033562e-5	-9.56379482704682e-5	-0.00010253364649947388	-0.00010725112873331832	-0.00010443796708632831	-0.00011621340580939173	-0.0001225156515214515	-0.00012290294945389163	-0.00011315434803559066	-0.00011111021223746131	-0.00012987298600051697	-0.00014588158671292525	-0.00015051912552943233	-0.00014379398351064068	-0.00014233363846262795	-0.00015428188035503457	-0.0001820179943616898	-0.00021634988913452405	-0.0002455743873487279	-0.0002619475588088588	-0.0002664363328748476	-0.00026487423986998673	-0.0003601183271484572	-0.00044203101868265163	-0.00048527634783626303	-0.0005046854113267829	-0.0005089656812868638	-0.0005007899093198778	-0.000482719776551295	-0.00045393191737148203	-0.0004210534094951576	-0.0003854734659811468	-0.00034725434232101005	-0.00030552169718624234	-0.0002657595947171479	-0.00022445571309145235	-0.00018342953492928027	-0.0001439887358694117	-0.00010368953063354114	-6.485410450427637e-5	-2.7452028718809307e-5	1.0181605411205275e-5	-0.000128524268636597	-0.00019744872423264198	-0.0002376996767645967	-0.00017758423302401474	-0.00015643205040572275	-0.0001433453977565946	-0.00012816510647911672	-0.00011977128674262039	-0.00011770954826953103	-0.00012061598180304611	-0.000120033716631638	-0.00012389891320156374	0.05662789165418588	-0.00013051054663197614	-0.0001309667680597995
2.118152587463236e-6	4.04930701870896e-7	-1.8224049672761408e-6	-3.9744911187059376e-6	-6.407432532142855e-6	-8.454826857888769e-6	-9.829843492729484e-6	-9.726052922298754e-6	-6.991178736729005e-6	-8.960320856327749e-6	-9.287144230193077e-6	-8.512584494994955e-6	-8.390627307807309e-6	-7.886730108775438e-6	-6.870167751208724e-6	-4.728093075205813e-6	-2.0871490202366977e-6	1.3038872577670647e-6	3.518293272008772e-6	6.307416683132977e-6	3.2234294787959576e-6	1.1154913337431058e-7	-2.0415982934177818e-6	-2.654239835732375e-6	-2.571467966404166e-6	-2.1050258422212337e-6	-1.4689409589966132e-6	-2.7066365121397595e-6	-3.491857652635974e-6	-2.9003017039874388e-6	-2.1359311872361578e-6	-1.907380517635407e-6	-8.887840539494735e-7	-2.9796495294980713e-7	-9.68081845156149e-7	1.8576770438767654e-8	2.8231035217873846e-6	5.8049307819375146e-6	5.0621485437685534e-6	4.506988367583564e-6	2.148351664209465e-6	1.879542447244878e-7	1.1763523141694598e-6	2.1892212386442553e-6	1.0459215427343488e-6	-4.6856682488043144e-8	-1.7446011399847167e-6	-4.364680305005662e-6	-7.813347278201599e-6	-1.2598118301061605e-5	-1.6570601200872545e-5	-1.9575743319096353e-5	-2.257425790622245e-5	-2.392777678360443e-5	-2.603892756145379e-5	-2.911820057370073e-5	-3.297875797209256e-5	-3.631971261068567e-5	-3.884117566693799e-5	-4.1423238717180205e-5	-4.423965153032509e-5	-4.9324018160296947e-5	-5.685838396624326e-5	-6.364405388554345e-5	-6.835094831108852e-5	-7.271961203559121e-5	-7.343431511529566e-5	-7.544539961735e-5	-7.882565570540775e-5	-8.356917225067761e-5	-8.856006423856033e-5	-9.785215439035537e-5	-0.00011233067996499306	-0.00011096541214106886	-0.0001131324524664655	-0.0001225472050377617	-0.00013317014370146235	-0.00012393744752920224	-0.00010428520683071138	-0.00010433992746845464	-0.00012617071887700143	-0.00014335436242371088	-0.0001489113285024074	-0.00014110829499227456	-0.000130379754024329	-0.00014329009754556962	-0.00017465591173196696	-0.000215536695928175	-0.00024783851805239634	-0.0002674644743031786	-0.0002780763453877344	-0.0002771514477921573	-0.0003096315946216413	-0.00043806201481576615	-0.0004880871279345188	-0.0005107829417674153	-0.0005176402279342615	-0.0005128871506838995	-0.0004931048626626716	-0.00046704465272214696	-0.0004334755471322588	-0.00039656006009785444	-0.0003562392418858182	-0.00031535747466084757	-0.0002742320133128362	-0.00023189314024996827	-0.00018853796592520344	-0.00014571895658871403	-0.00010296458379487061	-5.939861959930459e-5	-2.1119660243741623e-5	1.8790120397127463e-5	-0.0001378294563160118	-0.00018960390902288127	-0.0001796475522248403	-0.00014096352145883534	-0.00012881567524030552	-0.00010641109795183831	-0.0001063039443667882	-0.0001105216968790533	-0.00011038224830917445	-0.00011630063058432061	-0.00012129398719359225	-0.00012658724214903785	-0.00013173422124196713	-0.00013256433858835695	-0.00012303939866085967	-0.0001264803026397067
-6.545088825435233e-6	-7.4819456229516246e-6	-5.665617978565206e-6	-5.084400293907214e-6	-7.582870865507213e-6	-9.54047031615857e-6	-1.140449108278296e-5	-1.2598214670371706e-5	-1.3008112431179067e-5	-1.1712476437125089e-5	-1.0670258486457015e-5	-8.40924314665821e-6	-5.6043877833889325e-6	-4.0174437778220384e-6	-2.8945669033322505e-6	-6.105448677011516e-7	1.3158761913759608e-6	4.3198780709800995e-6	5.954366499101756e-6	7.125563180406143e-6	9.194041978482018e-6	1.1594822422068135e-5	9.728303750674433e-6	8.62120505247619e-6	7.679721309838267e-6	7.508536693876661e-6	8.735006196548649e-6	7.99585163217039e-6	7.64597458101108e-6	6.958046343415701e-6	8.584729910450506e-6	8.776522461800655e-6	8.194435293078922e-6	1.2867049000169113e-5	1.2947134331439333e-5	1.438105495419565e-5	1.7398111220473002e-5	2.158712699698237e-5	2.3818062391085457e-5	2.602666448624138e-5	2.261806975219216e-5	1.8613253311154827e-5	1.6440330878348536e-5	1.6682031742857976e-5	1.980582951225003e-5	1.887876519609394e-5	1.407919248037643e-5	1.0499619135825693e-5	5.997239190176119e-6	2.785916739271241e-7	-3.098834907753166e-6	-7.728775279817156e-6	-1.0254349096737968e-5	-1.3957942775221811e-5	-1.7202760159299238e-5	-2.3079942871153183e-5	-2.9281273885607695e-5	-3.501592442324737e-5	-3.880922289968298e-5	-4.403039382692899e-5	-4.738062062701123e-5	-5.50203327370118e-5	-6.176373817446713e-5	-6.569147604357228e-5	-6.796358293856275e-5	-7.038680450445998e-5	-7.125130684244863e-5	-7.526416063194201e-5	-8.255280358284746e-5	-8.954410904492109e-5	-0.00010160629204322702	-0.00012038995404642198	-0.000125655789816239	-0.00012640901353444534	-0.00013841990278377209	-0.00014911439641428562	-0.0001288744968792714	-9.859345722219165e-5	-0.00010099580315071563	-0.00012771472057433036	-0.0001452688767715482	-0.0001509465632305515	-0.0001390128051364202	-0.00011794329514988947	-0.00012784632760646022	-0.00016876921520676477	-0.000215578838107678	-0.00025115929686275046	-0.0002770358744708448	-0.00028823136512734146	-0.00028879248798992577	-0.0002789691725519315	-0.00043136923077828626	-0.00048727495890674155	-0.0005162507181813436	-0.0005240606153157287	-0.0005212180575076691	-0.0005044712176206084	-0.0004780092721038548	-0.00044778914801407027	-0.00040844664717272494	-0.000368717284152803	-0.0003264545915711292	-0.0002824811434504887	-0.00023849932716257793	-0.0001944989848996423	-0.0001491536129934884	-0.0001041092573478633	-4.066192968270321e-5	1.1210610634249107e-5	-9.8061902435026e-6	-0.00011757884547068664	-0.00014361050769797282	-0.00015041129637800854	-0.00014348079562789481	-0.00012516513021344766	-0.00010797136390039777	-9.632774424037788e-5	-9.006182689593259e-5	-8.861995508084586e-5	-9.135541692269558e-5	-9.27752981686944e-5	-0.00010179327983392966	-0.00010765606146129203	-0.0001166672990225541	-0.00012704655470555971	-0.00013161603826987792	-0.00013755131641991422
-7.600776718902271e-6	-8.078371551209626e-6	-9.591246521230713e-6	-1.0800516988195789e-5	-1.2479738311548319e-5	-1.3197026950786169e-5	-1.3293040158478698e-5	-1.3464291913659835e-5	-1.2206114856382934e-5	-1.1669115343871782e-5	-1.1017951116623712e-5	-9.356529172591891e-6	-7.859684618362252e-6	-6.279706001889856e-6	-2.793337726381649e-6	1.0835171204270216e-6	5.287948546921217e-6	6.682245942018529e-6	7.65917905379103e-6	8.015720485369388e-6	7.407889073755662e-6	8.785159651071746e-6	1.737709140589485e-5	1.4565726915078715e-5	1.2455359928663888e-5	1.1372101818172761e-5	1.193786342132061e-5	1.2306544879296319e-5	1.301697275684667e-5	1.2501543656621289e-5	1.4271908251560494e-5	1.356072369196673e-5	1.5328138165205188e-5	1.488071177835771e-5	1.5684888925865392e-5	1.8565042058998546e-5	2.2354184744596828e-5	2.5394539484484627e-5	3.1119313680843044e-5	3.7006782147150016e-5	3.766578096620586e-5	3.102739335261468e-5	2.891971436034136e-5	2.7178923401151647e-5	2.8289490290253627e-5	2.759173747389921e-5	2.334178579967757e-5	2.017121861685664e-5	1.5185730406442818e-5	1.035870917688586e-5	4.614190224567008e-6	1.360332786085744e-6	-2.414595117274966e-6	-5.719511551112617e-6	-1.2627816340336773e-5	-2.0783157148930066e-5	-3.0524165261364145e-5	-3.808578064848269e-5	-4.3300178773466105e-5	-4.848161577059029e-5	-5.095992909555022e-5	-5.9455049444909897e-5	-6.07124671077406e-5	-6.296757208419483e-5	-6.397535717329872e-5	-6.780598519836624e-5	-7.079557040644627e-5	-7.699482140288531e-5	-9.014314177155543e-5	-0.00010650776477460523	-0.00013009803628057787	-0.00013368276524823586	-0.00013639468220225798	-0.00016039661245026426	-0.00017519554358896156	-0.0001511797206605464	-0.00010612459962894283	-9.849862171121965e-5	-0.00012663675484116121	-0.00015379511884286087	-0.00015314094448711651	-0.0001300546703230515	-9.69621560733408e-5	-0.00010933617019138336	-0.00015630343801371904	-0.0002076117984885044	-0.00025241980056286625	-0.0002804087864010686	-0.0002939314948683866	-0.00029887561034998983	-0.000292456883441497	-0.0004185495519528487	-0.0004842049334402576	-0.0005192969097355532	-0.0005325893534437881	-0.0005286586334668497	-0.0005139162217743937	-0.0004913692889336671	-0.0004579244724210729	-0.0004217757466071573	-0.00038050444038650877	-0.0003356044039806022	-0.0002913251868647687	-0.00024432201323719427	-0.00018384842732834666	-0.00012411537078042129	-7.248743866868773e-5	-2.3203527124877887e-5	2.788432693079379e-5	-3.5435023951549405e-5	-0.0001243115668714788	-0.00014083897427420375	-0.0001347312218627321	-0.00012821557582353219	-0.00011588171313151041	-0.00010269381780928302	-8.819903689121986e-5	-7.868202487552184e-5	-7.188077604490528e-5	-7.38776656061639e-5	-7.850447219593173e-5	-8.148763288489194e-5	-9.197402214399658e-5	-9.873668699485194e-5	-0.00010662755890148042	-0.00011455112164816122	-0.00012002294084924488	-0.0001271938934884441
-7.39535017696847e-6	-8.811995818908298e-6	-9.765146092189248e-6	-1.2018462696946654e-5	-1.3341174893337707e-5	-1.4207827085785298e-5	-1.3647393139627068e-5	-1.2650973378689617e-5	-1.1194289039023579e-5	-1.0769422470772658e-5	-9.398297965335003e-6	-8.549746013974176e-6	-6.333724411643812e-6	-3.3510755262822385e-6	-3.468457636444759e-7	4.109604437080219e-6	8.17741651330155e-6	8.73997231575288e-6	1.024033713945341e-5	7.572717444976652e-6	6.2230819450467476e-6	4.0364841726254e-6	2.030872835894794e-6	1.4386958014354391e-5	1.3245433662096955e-5	1.1081460286606164e-5	1.1487773979692098e-5	1.2902049468404599e-5	1.279365322666079e-5	1.5229973336075217e-5	1.525088175050645e-5	1.4195323171052251e-5	1.5021572384956751e-5	1.1205428337600007e-5	1.098794274968437e-5	1.2413096757619459e-5	1.4553962419993141e-5	1.7883190304036206e-5	2.4202470829868226e-5	3.0170269221829228e-5	3.320656983326481e-5	3.5929928456296736e-5	2.5545138611837367e-5	2.5928839800064274e-5	2.5737897659493247e-5	2.526335260292275e-5	2.2261021485371624e-5	1.7992482060995817e-5	1.3484022123150773e-5	1.100266153197544e-5	7.268685432194888e-6	1.822907175143447e-6	-1.864125463149277e-6	-8.43441121307388e-6	-1.7104218000166087e-5	-2.924305301816449e-5	-4.0666162886659855e-5	-4.590176852546993e-5	-4.9630100555511994e-5	-5.258674109229547e-5	-5.4034109115254705e-5	-5.744734599697279e-5	-5.746625324036525e-5	-5.564097561058627e-5	-5.957915364404945e-5	-6.638772185089091e-5	-7.320728424397953e-5	-8.552366043872509e-5	-0.00011410318753214688	-0.00014649275727803696	-0.00014916513988620997	-0.00015519972836833956	-0.00018712274026284892	-0.0002119323024669592	-0.00018098010097066658	-0.00010979766481211337	-9.16441122273369e-5	-0.00012605362018514726	-0.00015634714175660064	-0.00015721397993552835	-0.00012971967681876112	-8.149698025369106e-5	-8.117595466910349e-5	-0.000133748388705425	-0.0001914123884502912	-0.00024625243676872424	-0.00028078078981004853	-0.00029730567229022814	-0.0003079170513529961	-0.0003030883191429065	-0.0003784885013518799	-0.0004778532564824259	-0.0005206051827567199	-0.000537824388232265	-0.000537489226039127	-0.0005248647019740968	-0.000499738102297323	-0.0004695933951545314	-0.00043352555354186223	-0.0003890515893820168	-0.00034438111147939293	-0.00028405524900559226	-0.00022383274773159906	-0.00016690847446775708	-0.00011508047321508175	-6.291395155712254e-5	-1.5305998877189475e-5	2.9001443824575035e-5	-9.226797817972476e-5	-0.00011254307550343304	-0.00011467469387049442	-0.00011276705681219357	-0.00011921270886899524	-0.00011127725243857689	-9.773326952204273e-5	-8.198207541651459e-5	-7.19666539252331e-5	-6.724380837526064e-5	-6.36908712944341e-5	-6.58209249626042e-5	-7.277449626643187e-5	-8.019222841977244e-5	-8.67778544746782e-5	-9.385906826601433e-5	-0.00010036815378160549	-0.00010792133125635435	-0.00011334161628879548	-0.00011965029690771609
-6.917060312115059e-6	-8.256163642968205e-6	-1.0019801088552265e-5	-1.1360005233994634e-5	-1.1741865448287913e-5	-1.162683430002559e-5	-1.0572791653404214e-5	-9.259459663856634e-6	-8.331854279316868e-6	-8.279160731820574e-6	-7.5385310174163125e-6	-5.0616832925586e-6	-2.988881825686466e-6	-8.622185010778195e-7	1.9748245069393586e-6	4.6541903160222595e-6	6.724111024111832e-6	7.5741517899696915e-6	8.718443505388671e-6	6.739437460791947e-6	1.2734015854580158e-6	-7.048790185977365e-6	-1.903705683055975e-5	-2.2224461826533988e-5	-9.459460581918815e-6	-3.5134647854940734e-6	-1.9570524069584608e-6	7.497675960990713e-7	9.087533871568985e-6	1.2038997718654895e-5	1.0519632652494261e-5	8.467320662978658e-6	6.467364673315434e-6	4.099569590049201e-6	1.9200836493676876e-6	1.7116789523307155e-6	2.0303745945811358e-6	3.125673290072656e-6	7.379433536133274e-6	1.2349728142793497e-5	2.115469815273073e-5	2.5754378106600077e-5	2.9366125562074047e-5	2.3703207089166914e-5	2.2763583782704766e-5	1.975728588544945e-5	1.717339479390817e-5	1.3254830151759704e-5	8.51531893066547e-6	3.0186761960536088e-6	-9.519192227004647e-7	-6.3451151922694e-6	-1.429019944856804e-5	-2.3233572161974157e-5	-3.328473767438833e-5	-4.518993918433897e-5	-5.368749262431999e-5	-5.593472613579266e-5	-5.600931143791982e-5	-5.467980318638217e-5	-5.429486544714611e-5	-5.369453832514831e-5	-5.009036181603983e-5	-5.33229594203502e-5	-5.939017438212277e-5	-7.305389501666149e-5	-8.7517240874007e-5	-0.00012212228925811627	-0.00016982701752038878	-0.00017406477382511318	-0.00017454556838943092	-0.0002145571572644521	-0.00024345884992466732	-0.00021062244563892218	-0.0001201142014019621	-9.719306832663491e-5	-0.00012162208583126055	-0.00015885891251760098	-0.0001606643691177967	-0.00012499629152042113	-5.7825696997675785e-5	-5.1582476872768374e-5	-0.00010333860841690856	-0.00017496539740690167	-0.00023412890729889585	-0.00027418489057743495	-0.00030314638711607944	-0.0003114619296805052	-0.00031172542693837235	-0.00030118519238082203	-0.00046285220693491336	-0.0005166249234965156	-0.0005448152182348232	-0.0005476328329093866	-0.0005339860647277442	-0.0005086717863329177	-0.00047839071161490804	-0.00044047215897683595	-0.00039411793637672554	-0.0003208095383398432	-0.00025887048721653927	-0.00019722307948669832	-0.00014352993764864264	-9.68753056333066e-5	-5.595112088484927e-5	-1.3476505736007005e-5	2.9329569068564654e-6	-9.243687757506253e-5	-0.00010067974411847105	-9.768959737931765e-5	-0.00010162796172316635	-0.0001036520313395066	-0.00010462232911826255	-9.342510004549734e-5	-7.884918320046411e-5	-7.061464077969676e-5	-6.457882494167663e-5	-5.9656136543271426e-5	-6.118607578280491e-5	-6.39802113285709e-5	-7.29349899659254e-5	-7.873912675083333e-5	-8.665183865905722e-5	-9.446446795147515e-5	-9.965872713006696e-5	-0.00010725741705279283	-0.00011108772736108732	-0.00011342295966700923
-6.017732599256304e-6	-7.236586229070804e-6	-7.89388970219595e-6	-8.166118571010638e-6	-8.307247638535912e-6	-8.138297515546903e-6	-7.410599041693649e-6	-6.536146288376073e-6	-5.85711242337807e-6	-5.837430274672085e-6	-5.812022470827287e-6	-5.164783593207892e-6	-4.435121232673322e-6	-3.328566298727454e-6	-1.72109216798038e-6	-1.3156063342683808e-7	2.3785775383816307e-6	3.0299846442635725e-6	1.547290701597523e-6	-1.3045871533664405e-6	-5.972180242203896e-6	-1.1238832163637698e-5	-1.8849898344151274e-5	-2.8133035427624874e-5	-3.8701089980289205e-5	-2.303546642822528e-5	-5.6039665936131675e-6	-2.086680481725757e-6	1.3743328756933224e-6	3.0373147188534136e-6	5.756227894511412e-6	8.861587714710864e-6	1.0420672035232718e-5	1.2659310301963746e-5	1.0398995575235104e-5	1.452803486236623e-7	-1.4934231634547782e-6	-2.555000737890223e-6	-1.4566522602921586e-6	1.5118944323485456e-6	6.693168159467577e-6	1.2802393121861579e-5	1.8712715550272402e-5	2.4477426046340747e-5	2.401658384426804e-5	1.8657541012373838e-5	1.4333696445479466e-5	8.361427144740717e-6	3.639359236608068e-6	-1.492925224091425e-6	-7.630102205982182e-6	-1.570686666016799e-5	-2.6042772882867507e-5	-3.685915157944017e-5	-4.739829911372395e-5	-5.541959248065928e-5	-5.9323496454837324e-5	-5.8263243210045224e-5	-5.5632011638443585e-5	-5.2158041177101724e-5	-4.817609313540437e-5	-4.4497685109095436e-5	-4.783190877123526e-5	-5.854977747641113e-5	-8.36402435277963e-5	-9.988303136085515e-5	-0.00014614816859319368	-0.00019652796811372303	-0.00021318781308213644	-0.0002019300684476255	-0.00023948852339401513	-0.00027996456727344063	-0.0002626701966763727	-0.0001399644104652445	-7.945169517523804e-5	-0.00012651900584267559	-0.0001712102755944446	-0.0001734281935466056	-0.00011856689186018343	-3.630253767299835e-5	-6.055251122565053e-6	-7.240842550115117e-5	-0.00014932135820790865	-0.0002172839289526704	-0.00026512849116231557	-0.0002995810393074255	-0.0003162324883985296	-0.0003180724735289339	-0.00030551024324514814	-0.00043370476954587844	-0.0005127655795713476	-0.0005497224350508798	-0.0005578578976582829	-0.0005496946945239903	-0.0005263783249597268	-0.0004918623882667339	-0.0004427397721704085	-0.0003763297222545564	-0.0003142688004753244	-0.000254119768114576	-0.00019635088537722778	-0.0001434990104347278	-9.307752217406484e-5	-4.673690961586735e-5	-2.2416930698862525e-5	-1.6219657583173286e-5	-8.082366853264314e-5	-9.806871788383895e-5	-8.939999968180651e-5	-0.00010269360095150129	-0.0001142789912114868	-0.00010724773964526299	-9.051903857764179e-5	-7.957290121089755e-5	-6.716291148451195e-5	-5.778311815791623e-5	-5.3188427893806345e-5	-5.209560596276808e-5	-5.900981629117924e-5	-6.36348456914404e-5	-7.245999657495145e-5	-8.065624710869648e-5	-8.811247499316242e-5	-9.580246709004273e-5	-0.00010207814517921784	-0.0001080790450950879	-0.00011276250128523096	-0.0001157706592906909
-4.977302815912946e-6	-5.426791543537094e-6	-5.964077818442675e-6	-6.585183407820322e-6	-6.427866097328877e-6	-6.1869977107591005e-6	-5.766471894712473e-6	-5.818683208055984e-6	-6.015080909760068e-6	-5.68683335096026e-6	-6.432036939467336e-6	-7.96832172103969e-6	-8.636865381412596e-6	-7.282839968299291e-6	-6.301116908520414e-6	-3.2729921301422743e-6	-7.850394948905395e-7	-2.063585920523102e-7	-3.3285166688309074e-6	-3.898070863490866e-6	-4.853000104370047e-6	-6.851225998745318e-6	-1.1298266154569601e-5	-1.363598266636637e-5	-1.6794798474574317e-5	-1.8541605164212535e-5	-1.4848314111993825e-5	3.89405569747002e-6	4.214983863781892e-6	4.160751136531894e-6	5.655073847350353e-6	1.047463823089425e-5	1.4154055033598935e-5	1.679571947829899e-5	1.7553380588799204e-5	1.9058296334855708e-5	2.2001500565534994e-5	2.117257112905016e-5	2.092165982939178e-5	5.3929341553441215e-6	-2.481114699001523e-6	1.3759460969686374e-6	8.266462204423869e-6	1.3507290257531827e-5	0.0011404691585450814	1.711286950849527e-5	1.0760394549675333e-5	5.937458847065508e-6	-9.95902774310331e-8	-6.8402518469280055e-6	-1.5207474360194075e-5	-2.4741388873631212e-5	-3.42993239046312e-5	-4.4613091342926917e-5	-5.284798992410793e-5	-5.749397732641298e-5	-5.855519174570445e-5	-5.273543818859819e-5	-4.8016028680224546e-5	-4.242173039605869e-5	-3.931011234191081e-5	-4.2520583626347655e-5	-6.19899971653938e-5	-9.258453163960186e-5	-0.00012403890257582303	-0.00016221736660101266	-0.00022810701764746852	-0.0002497768207391539	-0.00022309887350285135	-0.00026461303817820053	-0.0003131649629634775	-0.0002969026733604281	-0.0001576970531632152	-6.493159209093602e-5	-0.00012123686623198571	-0.0001765903753390627	-0.00018274113467017447	-0.00012877789192650146	-2.3954796336649042e-5	2.5231395557948066e-5	-4.2017410440721437e-5	-0.0001339705352513751	-0.00020996023043003825	-0.00027016595473359356	-0.0003015174042213242	-0.00031515490510249794	-0.0003068828069744886	-0.000271759206589995	-0.00040123015644958834	-0.0005312395459839726	-0.000580841487834733	-0.0005915445945060827	-0.0005837639849163093	-0.0005554153499663997	-0.000496744198830168	-0.00043239520064290715	-0.000364789306890774	-0.0002995838728654665	-0.0002394577403074319	-0.00018977402589052256	-0.00014757308388745755	-0.00011003752258334498	-7.462309137805379e-5	-5.8339816985577414e-5	-4.292515750400211e-5	-8.109225708248166e-5	-9.090771966365624e-5	-9.001329303237257e-5	-9.600216518664342e-5	-0.00010268423346858346	-0.0001076547239135979	-9.657261853916743e-5	-8.300500291009288e-5	-6.968752286600627e-5	-5.5332165479256984e-5	-4.9470505454705244e-5	-4.551980634440178e-5	-4.976306070339498e-5	-5.6568938895142085e-5	-6.630551243475002e-5	-7.560411675400572e-5	-8.33473660574735e-5	-9.209556989741262e-5	-0.00010065785519225261	-0.00010901169232710103	-0.0001125628468700516	-0.0001134318536647437	-0.00011617282695075906
-4.181515570134348e-6	-4.602605354540835e-6	-4.714598025672666e-6	-4.059372338732813e-6	-5.013516125417904e-6	-6.1764492215936155e-6	-6.494525786571951e-6	-5.9744962937428175e-6	-6.243722245225392e-6	-7.693753483427584e-6	-8.830151195741293e-6	-1.0231149433247762e-5	-1.1109339234942252e-5	-9.464186903249648e-6	-7.837678153515236e-6	-5.801737771845075e-6	-2.5587476796119606e-6	-1.3484317045657328e-6	4.4617978663943555e-7	1.2912473922131046e-6	1.1850713883517286e-6	-1.1959153713983137e-6	-6.237572981455768e-6	-9.730581284304873e-6	-1.3192294869902345e-5	-1.2331600157244188e-5	-1.1234780328273075e-5	-8.324147060664519e-6	1.1930639733526843e-6	3.1413980721177112e-6	5.910432720503123e-6	9.324427666080291e-6	1.4014100899704951e-5	1.6765643290448003e-5	1.4239859306899166e-5	1.3996903700094418e-5	1.6535556706981543e-5	1.7226233144465065e-5	1.7443627989537774e-5	1.7435963120364384e-5	1.4347362295615007e-5	1.3010332269533e-5	5.754391520034451e-6	-3.0750890695581054e-6	2.0850029238935266e-6	8.707570535383853e-6	9.859928059565912e-6	3.1901781834698523e-6	-6.4911585064301655e-6	-1.6759074729648556e-5	-2.6146584493325596e-5	-3.459632922481713e-5	-4.237317883398241e-5	-4.9527842671277106e-5	-5.34755416944227e-5	-5.47165819272423e-5	-5.1777094737344084e-5	-4.5996663376995234e-5	-3.6990150928178575e-5	-3.330327131038577e-5	-3.890857297808581e-5	-6.298349776619194e-5	-0.00010457419957320829	-0.00015160876420819772	-0.00018640424192476607	-0.0002610937004121107	-0.0003028731630446736	-0.0002532316786493273	-0.0002747607193739725	-0.0003361559789945637	-0.0003365746444224105	-0.00019628255608101358	-6.33348152287265e-5	-0.00010159553583610412	-0.0001687440270804405	-0.00019512454954746794	-0.00015540011161132433	-5.171879124184903e-5	3.932124066456655e-6	-5.7371306366651303e-5	-0.00015947486092099394	-0.0002518161456720354	-0.0003035947031639931	-0.0003270892217342204	-0.0003334805396496693	-0.00030201486420902354	-0.00026014531409254693	-0.0003130562975322236	-0.000512676886920034	-0.0005864272189701723	-0.0006149724316025992	-0.0006110645277843454	-0.0005673368928729022	-0.0004961988715442359	-0.0004247965683769686	-0.0003555780421016577	-0.0002934237711051807	-0.0002442416937708386	-0.00019096768868933495	-0.00014423856371011817	-0.00010660106360572269	-8.775870265079547e-5	-7.724875373052442e-5	-5.555021118444636e-5	-8.296891830473704e-5	-9.285499528782423e-5	-9.222849621385101e-5	-9.849513706375324e-5	-0.00011088042319376545	-0.00010887634493625398	-0.00010601708350837027	-8.816057057558363e-5	-7.475986862123113e-5	-5.920624786010659e-5	-4.4128844250632127e-5	-3.90337220814059e-5	-3.803971806168663e-5	0.07942029452260223	-5.7413895031450946e-5	-6.49207337671473e-5	-7.624809131518209e-5	-8.503994924696431e-5	-9.611313231839419e-5	-0.00010494333435345955	-0.00011233162187213562	-0.0001171806712524804	-0.00011873733997218826	-0.00011723517284235353
-3.481818336117026e-6	-3.300922483213866e-6	-3.6743331387732465e-6	-4.958101985344434e-6	-5.835551536621537e-6	-5.830428620641221e-6	-6.280404517299866e-6	-6.671027179283324e-6	-8.282454352079912e-6	-1.0303501326333446e-5	-1.1388633185918824e-5	-1.215668350923807e-5	-1.0833278322531278e-5	-9.221416953869663e-6	-4.662072661785772e-6	-1.324097172238168e-6	2.617135176109786e-7	2.2642459955590777e-6	2.434422191556398e-6	2.4602161445758976e-6	1.3288058601048681e-6	-1.461287135674956e-6	-3.051734646236648e-6	-7.368418629698399e-6	-1.051273536322242e-5	-1.2778925993013786e-5	-1.2494533772411734e-5	-9.704832118592917e-6	-2.333425348560389e-6	4.615923861130307e-6	7.040232172196223e-6	9.041456232794162e-6	9.490480189916495e-6	9.577719255172111e-6	9.546223635800016e-6	1.0074733339791343e-5	1.003242443276247e-5	1.0049470980312732e-5	9.648155631088e-6	1.0996482925087168e-5	8.685186409580943e-6	4.281846336371721e-6	3.0491902427466633e-6	2.5981972443748363e-6	2.840987474027508e-6	1.4922817430547408e-7	7.33452198715262e-8	-7.735353619578098e-6	-1.733572544684262e-5	-2.68206631600168e-5	-3.5023903502883966e-5	-4.1964498147034276e-5	-4.673725689124421e-5	-5.009799435972545e-5	-5.064449563820135e-5	-4.7224076026594966e-5	-4.0864884832134477e-5	-3.220971205790228e-5	-2.7794799927361585e-5	-3.826767849867199e-5	-7.020700345736208e-5	-0.00012041162300428267	-0.00017861609781619388	-0.0002092040895422878	-0.0002839043041066511	-0.0003450832126777534	-0.00027867127118906543	-0.0002799236639900761	-0.0003586340987246986	-0.00037460504743536474	-0.00023125535053092686	-5.7673688717580635e-5	-9.102569438436056e-5	-0.00019981589136118874	-0.00022843527834083555	-0.00018580086945775912	-7.197263802733583e-5	1.787600784411425e-5	-5.762339100453748e-5	-0.00015015754839618062	-0.0002452722772453009	-0.0003050751477178329	-0.00033956630176527197	-0.0003348138214441	-0.00030267570857870144	-0.00025674135668797213	-0.00020311222386718703	-0.0004671466991772004	-0.0005890561438170842	-0.0006383756289882712	-0.0006367063407519864	-0.0005704005243503153	-0.0004961108516620544	-0.00041956375594273676	-0.0003513616679984982	-0.0002841444294676525	-0.0002313567401242625	-0.0001835070339802937	-0.00014044192507946598	-0.00011394844692163078	-0.00010018783490979219	-9.191863450507681e-5	-7.556473039307954e-5	-8.839263939287162e-5	-9.690812777674723e-5	-9.301909514132164e-5	-9.523387235277694e-5	-0.00010788751182580839	-0.00011707143656629684	-0.00011341848358062401	-0.00010323090728590889	-8.561218299172821e-5	-6.91357732304429e-5	-5.2797071896718006e-5	-4.2903373720457744e-5	-4.043037670712485e-5	-3.644714813158881e-5	-4.359750310116775e-5	-5.3708612907576656e-5	-6.418628291414777e-5	-7.736777068176673e-5	-8.758769329177823e-5	-9.939288994598693e-5	-0.00010901526085061591	-0.00011587431184055877	-0.00012069597769468442	-0.00012059947688170154	-0.00012103224194355208
-2.971035814288217e-6	-3.876360355885853e-6	-5.132539827851614e-6	-6.2034809645943045e-6	-6.240645446155962e-6	-7.373773119878635e-6	-7.303262985688952e-6	-8.697215041794486e-6	-9.245736366184781e-6	-1.0103092002052266e-5	-1.0464956838650372e-5	-1.015225193002527e-5	-7.544850869013655e-6	-4.920935077609365e-6	-4.226228776931396e-6	-3.1068566198454856e-6	-1.36932676650511e-6	6.715841088539981e-7	1.9961928326137947e-6	2.749977486124402e-6	2.0894019408515194e-6	1.158886173331132e-6	-2.3443673673358145e-6	-6.19746627769039e-6	-1.2111080659399712e-5	-1.356719924394071e-5	-1.1854145678838295e-5	-6.64835263339443e-6	-4.584358148087761e-7	3.4982616310035367e-6	4.879025127706507e-6	5.274139080113302e-6	6.922373044790722e-6	8.28402625251308e-6	8.318716211209477e-6	7.480515837841872e-6	6.576770486717287e-6	6.305443063839809e-6	4.6181799308103386e-6	-1.2085786413535207e-6	-3.446080158969571e-6	-3.674400333151563e-6	-3.9607189273108134e-7	1.8843038539001142e-6	-2.777045623623617e-7	-4.823667621475618e-6	-1.1995292500716244e-5	-1.747913734541015e-5	-2.5675345903183877e-5	-3.289721376168939e-5	-3.9133662858631055e-5	-4.4243767189419e-5	-4.733215671075437e-5	-4.6890951969826705e-5	-4.315653791145749e-5	-3.636243612421472e-5	-2.4563322468694124e-5	-1.9497649026995606e-5	-3.075810623234289e-5	-7.641742930282469e-5	-0.00012921986110260228	-0.00020564752527068263	-0.000247504055477573	-0.00029874590458346326	-0.00037617901971816886	-0.00033175580077147646	-0.0002817646507714995	-0.0003717776443645793	-0.0004102570044664869	-0.0003073796910903724	-8.855150052458627e-5	-0.0001289323537279237	-0.00023684734727722617	-0.0002528865752590183	-0.00021306138342979883	-0.00010272929556283047	1.0116881683525786e-5	-1.4335083974893748e-5	-0.00012555739252982645	-0.00023651875349960452	-0.0003101370770375485	-0.00035023314142292386	-0.0003314394418077113	-0.000300440352140989	-0.00025647142044230714	-0.00020109291685608752	-0.0004014080962240485	-0.0005683309689140034	-0.0006521766377116933	-0.0006420055752819065	-0.0005782799926347566	-0.0005024523083035394	-0.0004195839139846391	-0.00034665458063971866	-0.0002814491784292397	-0.00022400621497910972	-0.00017799688857610477	-0.00014133107988610616	-0.0001163166173426787	-0.00010849238457708715	-9.484025794304768e-5	-8.264099666957861e-5	-7.907595896443007e-5	-9.248157487430977e-5	-9.91112589915355e-5	-0.00010330067788145991	-0.00010935071798794452	-0.00011805564814355157	-0.0001104029155336167	-0.00010073170755202712	-9.831414642461067e-5	-8.400083100022077e-5	-6.694094240294185e-5	-5.4325856521653115e-5	-4.914962414056395e-5	-4.398490616001893e-5	-4.740009267251502e-5	-4.9596552776157155e-5	-5.5017362237189116e-5	-6.396622058207554e-5	-7.411327254919046e-5	-8.894153241808742e-5	-0.00010207531917156079	-0.00011070034731876406	-0.00011661525631755619	-0.0001201865845192572	-0.00012302974163741487	-0.00012160999116462949
-2.945202990316904e-6	-4.142643248025105e-6	-6.411886399430855e-6	-7.807549717690505e-6	-8.199245305601753e-6	-7.754984708595921e-6	-7.728641073477538e-6	-8.000543334925857e-6	-9.115268333702558e-6	-9.384490038094172e-6	-7.503798953457496e-6	-5.643304429444815e-6	-5.209343117193021e-6	-5.964962555740205e-6	-6.323241844680919e-6	-5.343755098792188e-6	-2.8265327437545368e-6	2.7282752771383423e-7	1.8028457085495983e-6	3.615918768291697e-6	4.4188809249635745e-6	7.52333930830601e-7	-3.7424440689449653e-6	-9.646904099115325e-6	-1.311232660102489e-5	-1.1801436725642281e-5	-8.176933553004362e-6	-4.249890690017841e-6	-1.5911319874509222e-6	1.713912499336917e-6	3.7759151366592927e-6	5.308279752173559e-6	5.994470567171652e-6	5.171598534072126e-6	3.88430830306364e-6	3.078399632102692e-6	2.3737402267322988e-6	-1.8309236489129702e-6	-6.722505209292608e-6	-1.0989966158251804e-5	-9.920509017134066e-6	-4.237771816946977e-6	-1.662390778961638e-6	-3.7074119701953e-6	-7.850175425070521e-6	-1.2721589367874209e-5	-1.9225447946960225e-5	-2.5326854822356124e-5	-3.0304561049162085e-5	-3.558045660835216e-5	-4.0535024781185314e-5	-4.398991632005751e-5	-4.390689768252014e-5	-4.003928072990673e-5	-3.1517363276514776e-5	-2.049651194103476e-5	-1.1742904540467183e-5	-2.3770439221571654e-5	-7.42630212261907e-5	-0.00014023209734376728	-0.00023568012231904578	-0.0002855553161854388	-0.00031968964510570644	-0.00041660664207255824	-0.0003850546276382323	-0.00028726448698078444	-0.0003526294856831015	-0.000442964577225622	-0.0003730876625891201	-0.00011656068242982959	-0.00013022452274510932	-0.00024582246896040494	-0.00027634253458230437	-0.00023822814885273574	-0.00013313721323755107	4.651070025646353e-5	5.173597968652702e-5	-6.986325936167437e-5	-0.00019763988943696797	-0.0002942822928311134	-0.00034153240121214887	-0.0003273837041739558	-0.0003020467881451744	-0.00025936493046807216	-0.00020510171363802981	-0.00030852509942235623	-0.0005247051931486779	-0.0006527517939017291	-0.0006441301757709357	-0.000589396628981019	-0.000510795159179827	-0.00042768710186444694	-0.00035113378171443624	-0.0002850028239863127	-0.00022473374421821957	-0.00017831229144702615	-0.00013801617891519985	-0.00011377229822097032	-0.00011078517017605247	-9.707436656163776e-5	-8.324914919531287e-5	-6.942910476788813e-5	-8.45293240915243e-5	-9.129150381178078e-5	-9.401471260132507e-5	-9.889995635599044e-5	-0.00011349695302510787	-0.00011924837018664411	-0.00011395134631459608	-9.925876622365881e-5	-8.199329096757191e-5	-6.602163285041387e-5	-5.84724508981109e-5	-5.463667586066978e-5	-5.5199361754642434e-5	-5.1713706040925483e-5	-5.619506390276176e-5	-6.012170889390864e-5	-6.271251707171133e-5	-6.893030643560609e-5	-7.576107140618883e-5	-8.770897207306672e-5	-0.00010058038274105528	-0.00011269330659727413	-0.00011762573767109576	-0.00011948848807098733	-0.0001227492870423206	-0.0001204996745993777
-3.0350017650156245e-6	-5.450856228921474e-6	-7.085461486603479e-6	-7.913601532698235e-6	-8.526826040221053e-6	-6.873756086078851e-6	-7.271798986802167e-6	-7.942795611222235e-6	-8.399087459603008e-6	-7.187961123663808e-6	-6.099801618669742e-6	-6.061226132006263e-6	-7.573882573354545e-6	-7.420052235943171e-6	-7.596944929686919e-6	-6.139428407390783e-6	-3.428886497381777e-6	3.5522704108737965e-7	4.5677436011641766e-6	5.4914282583001794e-6	2.9943361538106034e-6	-1.5776226164202281e-6	-7.090269971078873e-6	-1.006564631558099e-5	-1.1402752408203216e-5	-9.660177791698775e-6	-8.085403095745708e-6	-3.339166025932358e-6	-1.227997041618016e-6	1.2846286659212378e-6	5.570316235722385e-6	6.434201289709333e-6	4.3306744740853956e-6	3.2382471747485764e-6	3.2056464367756846e-6	2.3182090838971825e-6	-9.591710417459001e-7	-7.014738311701338e-6	-1.4084930671331812e-5	-1.4560843311791326e-5	-8.756875004311583e-6	-6.378944969356697e-6	-7.436721388438122e-6	-1.0391598357631024e-5	-1.426709650539839e-5	-1.8832729000405057e-5	-2.4590565605910747e-5	-2.8807894840226708e-5	-3.2451086971665294e-5	-3.6534764752361656e-5	-3.931911026150772e-5	-3.996648301370087e-5	-3.75851638668382e-5	-3.098484974346262e-5	-2.0874824320287963e-5	-1.020764328315063e-5	-1.6195869873090324e-5	-6.465350261999729e-5	-0.00015099492654260457	-0.0002375840312733666	-0.0003192998805244193	-0.00033366875854326516	-0.0004290626250558899	-0.0004465981460620612	-0.0003108770082181113	-0.000341096290082301	-0.0004701674441768243	-0.0004701985616508732	-0.00020154818331213215	-9.725137679970214e-5	-0.00023600681072627472	-0.0002738071288015814	-0.00025474367423665434	-0.00015565503582240514	5.954607175395754e-5	0.00012929217360364148	3.242343815310078e-6	-0.00015537716778566552	-0.0002753086805686207	-0.00031985442397767724	-0.0003167353538040957	-0.00029744248718774693	-0.00025652516558215613	-0.00021061629703949744	-0.00015176367752344627	-0.0004738250087622277	-0.000632801948410866	-0.0006411678341511004	-0.0005928115371788174	-0.0005232899363350266	-0.0004363235467787045	-0.000356050834709673	-0.0002870043568428682	-0.0002288757451163019	-0.00018079653999608647	-0.0001394065567063979	-0.00011400576971831375	-0.00011044522808898588	-9.287091548484255e-5	-7.710716966183653e-5	-7.072360214393364e-5	-6.959429117193994e-5	-7.981385490019033e-5	-8.436072532810174e-5	-9.349767521402846e-5	-0.00010440058229596941	-0.00011456194722687593	-0.00011500631778502135	-0.00010488470490342336	-9.411267864198672e-5	-7.905404395339155e-5	-6.246613870695278e-5	-4.730127466903884e-5	-4.367424186082873e-5	-5.22119483065131e-5	-6.48713875455939e-5	-6.94177520186353e-5	-7.032536028669066e-5	-7.466296158371508e-5	-7.978023189672036e-5	-8.456643574750351e-5	-8.998215863392778e-5	-0.0001007755150920879	-0.00010386974364819113	-0.00011411804801586718	-0.0001209670927174774	-0.00012162402669517978	-0.00011845391014635512
-2.948058581785486e-6	-6.067558840344017e-6	-7.06029029660135e-6	-7.566655500952646e-6	-6.291113187036415e-6	-7.304722630810737e-6	-8.269763170966078e-6	-8.687535470468157e-6	-7.19082603276586e-6	-7.0773052915644626e-6	-8.193099724324807e-6	-8.960587506907404e-6	-8.497392683969648e-6	-8.169688894843225e-6	-8.245177320845981e-6	-6.724048791449232e-6	-1.5232557050567572e-6	4.221016141595004e-6	5.610131405655097e-6	4.399696931919276e-6	5.050196063205101e-7	-4.051253897781847e-6	-7.466779449512989e-6	-9.675752716945853e-6	-9.314470679130937e-6	-8.320393376560521e-6	-4.937417297386747e-6	-2.532215859522499e-6	3.2852258944910534e-7	3.851665403178765e-6	5.0622706319804894e-6	5.178668602886377e-6	0.000877461512026334	3.7056189226055553e-6	3.3075563078341363e-6	2.96063405291324e-6	0.0019048271685505064	-9.783953869519149e-6	-1.3864940401299083e-5	-1.3904124888117556e-5	-1.2398237287628185e-5	-1.17127831403014e-5	-1.1570214877875719e-5	-1.4305215070777207e-5	-1.795284821845544e-5	-2.306609998815011e-5	-2.7946767682147933e-5	-3.06109325333339e-5	-3.2382457150871916e-5	-3.475439304075935e-5	-3.512915503086321e-5	-3.4601594581110465e-5	-3.214004796136226e-5	-2.33120806718886e-5	-1.1804648546642413e-5	-1.3253033310546558e-5	-4.659862183837085e-5	-0.00014149698448302425	-0.00023900058187197558	-0.0003544962432345915	-0.0003809016191824374	-0.00042234132306652114	-0.0005182203402617942	-0.0003552588943595697	-0.00029976401469790706	-0.0004917471960576639	-0.0005450672234614054	-0.00031347785269929956	-4.286311431223738e-5	-0.00015045489052106092	-0.0002427829768735651	-0.0002527987904296994	-0.0001821017653466303	2.646242068353455e-5	0.0001899306902985315	7.275192758990356e-5	-0.0001127695193432407	-0.0002654383098130847	-0.0003087419585181411	-0.0003127864333361298	-0.0002917008328070722	-0.00025523408490012167	-0.00021206115446981144	-0.00016086460977735376	-0.0004121662840021745	-0.0005924029142408138	-0.0006318642456395324	-0.0006048923240509901	-0.0005352127084535738	-0.00045325879208333447	-0.0003694514172803559	-0.0002932888565343461	-0.000229388046654299	-0.00018423786426373726	-0.00014645175878003763	-0.00011753179261428381	-0.00010960799294666007	-8.90931129717519e-5	-8.202251908489416e-5	-7.005006615566634e-5	-5.70427501913294e-5	-6.120621173950902e-5	-6.914918452725557e-5	-8.140279031789224e-5	-9.069262332231029e-5	-0.00010782382852672287	-0.00011140513073030003	-0.00010698079645462058	-9.90840164668931e-5	-8.56840648964536e-5	-7.121485905755426e-5	-5.89867504342291e-5	-4.970296552803122e-5	-4.6591753646374814e-5	-4.9692914589000506e-5	-5.8890730270837535e-5	-7.625087335302004e-5	-8.617066334028374e-5	-8.65489601265413e-5	-9.291011558525651e-5	-9.372114023872488e-5	-9.77834939842187e-5	-0.00010331488984531394	-0.00010473692373569495	-0.00010598380373728726	-0.00011154472324861713	-0.00012084902351722736	-0.00011774379697691677
-3.6928835820727608e-6	-5.301771967004517e-6	-6.0172946947422215e-6	-5.293747591434035e-6	-6.083899715394678e-6	-8.175299386569378e-6	-7.915203991640685e-6	-7.296335325203754e-6	-7.627583376653042e-6	-8.840288283308226e-6	-9.816143142467662e-6	-1.0249681190593884e-5	-9.423402625439222e-6	-8.53828631386909e-6	-8.686397444976172e-6	-4.384787515986522e-6	1.6167868069740313e-6	5.323454887898402e-6	5.304857941541407e-6	3.3455958571007235e-6	-7.727255405096285e-7	-4.903972025010507e-6	-6.987314364256814e-6	-8.923015460738683e-6	-7.363498683412087e-6	-5.3465963508738876e-6	-3.4014713880823125e-6	-2.1531893618347703e-7	2.803395685621428e-6	4.272501980570435e-6	6.01756939687826e-6	6.693925045340998e-6	5.169534988340267e-6	5.317697082912569e-6	5.851545699809418e-6	3.389003652904711e-6	-4.269111310122031e-6	-9.808102757161326e-6	-1.3775421083233978e-5	-1.4233876606669846e-5	-1.339540922520692e-5	-1.252608152456109e-5	-1.1863362213708657e-5	-1.41633369968178e-5	-1.97057709169432e-5	-2.4942760215107898e-5	-2.884596556301626e-5	-3.028237906634902e-5	-3.052207949490876e-5	-2.9953505785744114e-5	-3.1749985233151326e-5	-3.231803325930323e-5	-2.756871995122402e-5	-1.7335533340854387e-5	-7.618304054008568e-6	-3.4110171963450814e-5	-0.00011988172491381524	-0.0002345719765162787	-0.0003703013236777859	-0.00041977185288302396	-0.00041800671330338365	-0.0005680977598174382	-0.0004728849573986532	-0.0003039276661527708	-0.0004744035264365315	-0.0005942629852182663	-0.00045013274072545906	-1.583087839204106e-5	-2.0300125768736577e-5	-0.00021212290770688397	-0.00025045794417154904	-0.000210559272543695	-2.361243001906127e-5	0.00020190935844707075	0.00012781735548011292	-7.590824386595474e-5	-0.00024937784831938203	-0.0002982279106631368	-0.0003104128896524831	-0.00030060324378126946	-0.00026178874250673556	-0.0002187096757953061	-0.00016469661219455783	-0.0003217642366350887	-0.0005354138023910826	-0.0006048328870600708	-0.000606923487318084	-0.0005541760311235377	-0.00047756501622177316	-0.0003947306194103731	-0.00031476369454462583	-0.00024376810450841419	-0.00019067043699558944	-0.0001469555303119062	-0.00011366407267439024	-0.00010281449015726515	-9.222642690992142e-5	-8.190574359370761e-5	-6.835662601060999e-5	-6.079448249072389e-5	-5.267067398331479e-5	-5.537400015950822e-5	-6.53027265704216e-5	-7.911758489456341e-5	-9.497058044496964e-5	-9.973690909834479e-5	-9.841987753749469e-5	-9.412890090748811e-5	-8.645890644913556e-5	-7.188194568762997e-5	-6.244863292280411e-5	-5.384587217945047e-5	-5.049827479569266e-5	-4.9600818777771616e-5	-5.5255605688848616e-5	-6.204802017019742e-5	-7.241317445520236e-5	-9.06174158258298e-5	-0.00010225046062346636	-0.00010307650912823839	-0.00010898990369392035	-0.00010824594253821922	-0.00011067629806008582	-0.00010787580849761468	-0.00010734852528919946	-0.00010678248802222824	-0.00010657946552432643	-0.00011291948396404024
-3.6939459104664164e-6	-3.8079404346001884e-6	-3.0486999426718175e-6	-4.921144544926988e-6	-7.028889137936957e-6	-8.248664506158628e-6	-6.849022763050303e-6	-7.542411262066208e-6	-8.667241248165071e-6	-1.1181127618014545e-5	-1.131984078331762e-5	-1.0185929748046576e-5	-9.927877198990815e-6	-9.45425879971722e-6	-6.889045496983725e-6	-1.2173829140398572e-6	2.1262366184122278e-6	3.5877348796920297e-6	4.266477003232651e-6	1.913352964835833e-6	-1.056770693088488e-6	-4.7091860174829775e-6	-6.913028189714336e-6	-5.64268570670684e-6	-5.051979949286488e-6	-4.598455731323094e-6	-1.0698412983419989e-6	2.070178743598765e-6	4.0852584287437085e-6	7.4916776108451336e-6	8.343977081536405e-6	7.555073941673332e-6	9.168694174656496e-6	9.892957884101092e-6	5.869048318087738e-6	3.7826989901946356e-6	-3.354020373610468e-6	-1.0273188635499461e-5	-1.1947625283862881e-5	-1.3279504384685649e-5	-1.1008242831829149e-5	-8.540074730831355e-6	-1.0636859931810287e-5	-1.3916138651582505e-5	-1.7577926567655458e-5	-2.4123796168139255e-5	-2.7577336559085272e-5	-2.759931503172955e-5	-2.6852645537917344e-5	-3.0026864812930307e-5	-3.5350856159455796e-5	-3.3901160419484364e-5	-2.1229829799511435e-5	-2.296579314524025e-6	-7.820285334017227e-6	-8.695017930920174e-5	-0.00021342807465796199	-0.000360655411723405	-0.0004733960714793997	-0.0004206761441819841	-0.000554502722165378	-0.000631296757627655	-0.0003237234298290523	-0.00041040344253215344	-0.0005815134156714544	-0.0005541195115341818	-3.074410517400067e-5	0.0001352104320390471	-0.00013092171033055044	-0.0002876998964149863	-0.0002410273945664329	-7.855863175688232e-5	0.0001774626765286766	0.00019935573706154203	-2.082957227707294e-5	-0.00022885450811109195	-0.0002931295244468918	-0.0003130404853954674	-0.00031174683219874905	-0.00027918027485293595	-0.0002336501647628303	-0.00018031409925074737	-0.00019471365224170423	-0.00048239228753882424	-0.0005670522735786235	-0.0005978970831670496	-0.0005648284383871077	-0.000502562102068331	-0.0004210268168911707	-0.0003433589544155416	-0.0002686486250298714	-0.00020748513271211244	-0.000157884639106088	-0.0001237487540000845	-0.00010106412440648652	-8.332421558071221e-5	-6.851021402964896e-5	-6.799321694431551e-5	-6.205319800535458e-5	-5.5769269779494535e-5	-4.5161959391377265e-5	-5.388358573134994e-5	-6.315226236917881e-5	-7.209330857771076e-5	-8.680985382359535e-5	-9.396639996162894e-5	-9.227320793298716e-5	-7.745291342965352e-5	-7.01837110021579e-5	-5.873489726700154e-5	-4.995640179739774e-5	-4.617055710085145e-5	-4.778217631783675e-5	-5.4824802738027284e-5	-5.683620156763866e-5	-6.971306291893471e-5	-7.850676756794052e-5	-9.156023460894433e-5	-0.00010263132538810595	-0.00011644509085597353	-0.00011948950462219686	-0.00011683987240825727	-0.0001159589451175079	-0.00011309251347793418	-0.00011026193844684146	-0.00010811446708486501	-0.0001007933683868853	-9.95824280534182e-5
-2.8036447951651847e-6	-2.113646144501387e-6	-2.3276027036767816e-6	-5.448159268834577e-6	0.007315974008736058	-7.608473089027682e-6	-7.133309246293382e-6	-8.401927777644536e-6	-9.855895570704855e-6	-1.1152946728589137e-5	-1.149624993780022e-5	-1.0656111073560886e-5	-1.122437335730666e-5	-8.946222118146052e-6	-3.527031259826889e-6	-9.291404828143911e-7	1.2396607858614593e-6	3.0560833548585846e-6	2.7123628050605003e-6	1.8161419731380773e-6	-6.497560695322042e-7	-4.371861028035738e-6	-3.6845552092235404e-6	-2.8185630294563085e-6	-2.719325397997595e-6	-2.2809790802035337e-6	2.076268833511169e-7	4.235466010034383e-6	8.282283509193633e-6	9.314082648594416e-6	9.729380648576882e-6	1.273556019865986e-5	1.1952675484029791e-5	1.0063648741925023e-5	9.931430560209363e-6	1.6747432726640227e-6	-3.4018745513706566e-6	-8.055968015070747e-6	-1.3562761445613108e-5	-1.1313185597746148e-5	-6.466748733182336e-6	-5.9530844116013545e-6	-5.475853609524656e-6	-9.839366514477824e-6	-1.665189583769343e-5	-2.1661600616527943e-5	-2.4135718414098825e-5	-2.6206506942814956e-5	-3.10579793968372e-5	-3.698646962270111e-5	-3.675148278368609e-5	-2.3527958724085113e-5	2.1417852506724205e-6	1.2471748755266132e-5	-4.9489203693192305e-5	-0.00018457188795785798	-0.00033401499624106587	-0.0005139471162627501	-0.0004871681411749984	-0.0005071650709662957	-0.0007435843141180218	-0.0004821095958302407	-0.00031128571446620984	-0.0004997069228155834	-0.0005544201279886543	-0.00021855456631102166	0.00021438876361256493	-1.7606217109222833e-5	-0.00023312185536139562	-0.00028111662343874994	-0.00014314135696625457	7.514304926556359e-5	0.00024277845080654392	3.71469482821421e-5	-0.00019619554147542323	-0.00027828461881661964	-0.00031199496478093863	-0.0003103421312034699	-0.0002905884665272557	-0.0002524750554325564	-0.00020643830648398032	-0.0001447098436739569	-0.00043104414800508584	-0.0005316795729419857	-0.0005743264072091345	-0.000569342796840136	-0.0005218521839916307	-0.00044943030073560375	-0.0003738062230758399	-0.00030302744108250124	-0.0002374605007201755	-0.00018344208688094582	-0.00013882311511274892	-0.00011249356793958595	-8.837752461495277e-5	-7.501972003028448e-5	-5.994674326815358e-5	-5.002062855065381e-5	-4.924685242501531e-5	-5.148163145785034e-5	-4.782400245999588e-5	-5.117470409671948e-5	-5.760096902706832e-5	-7.428704388180024e-5	-8.184282266655851e-5	-7.442472105723304e-5	-7.40881228491596e-5	-6.626224657944185e-5	-5.295779713842749e-5	-4.509264422145401e-5	-4.120568305185715e-5	-4.1250333526580973e-5	-4.7173071231589384e-5	-5.517517112684292e-5	-6.553245952400227e-5	-7.277251915654981e-5	-8.344449337885015e-5	-9.655281854961152e-5	-0.00010737579147113326	-0.00011704053464790289	-0.00012556527683826695	-0.00012748387218379682	-0.00012288613355842734	-0.00011628897066866609	-0.00011303568294264779	-0.00010934240538061461	-0.00010257871076537785	-9.579138001911125e-5
-1.669833412710521e-6	-1.5520971121296863e-6	-3.008187155048494e-6	-7.155632076726471e-6	-6.93943448223152e-6	-7.483795477585247e-6	-8.698781816932934e-6	-9.00866368048342e-6	-1.053553929915383e-5	-1.0543489819278898e-5	-1.0204146256263813e-5	-1.2016211525149936e-5	-1.0907554246484315e-5	-6.5020499685872375e-6	-3.842872660982533e-6	-1.9905971117869896e-6	6.096141655169939e-7	2.268979391038036e-6	2.409918280557588e-6	1.6604976863453767e-6	-1.2151387204393724e-6	-1.7576986876622139e-6	-1.4506760885862197e-6	-7.695666353517774e-7	-7.548176043621971e-7	-1.6382092243080043e-7	1.558993495279562e-6	7.072384975294159e-6	9.215623516579431e-6	1.1227061932038429e-5	1.4762682090771646e-5	1.3205648146719963e-5	1.4579470527988775e-5	1.2799255403911532e-5	6.536513613361605e-6	1.8218415372226598e-6	-6.617889130038253e-6	-1.2560185987521393e-5	-9.547694247626776e-6	-7.536251724667847e-6	-1.419814520402414e-6	6.789265297960784e-7	-1.8358312081894618e-6	-7.289983455218904e-6	-1.389945780434082e-5	-1.9649801804135295e-5	-2.2889669536955287e-5	-3.051966776957543e-5	-3.730260203591712e-5	-3.851327632351832e-5	-2.5748297493698863e-5	1.9002498955877217e-6	3.6788929163233605e-5	5.14329982683609e-7	-0.00014821982072038206	-0.0003095333380516603	-0.0005094777654184729	-0.0005879204206327496	-0.0004795812570223927	-0.0007480703266278359	-0.0006842859802793158	-0.00022788878204210022	-0.00035909565257105647	-0.00048617267587192786	-0.0003396854317662748	0.0002246687580897619	0.0001062398409653817	-0.000143881008273037	-0.00029393389143006834	-0.00020880823789221764	-2.5537993822519894e-5	0.00024100412208440114	9.826413961168401e-5	-0.00018027804870668698	-0.00027949848628886984	-0.00030816670737151067	-0.0003170007609382998	-0.00030005974156321197	-0.00026646891978111126	-0.00022189595776708065	-0.0001667278957387039	-0.0003635144312343422	-0.0005103463727920005	-0.0005572334659583594	-0.0005690717942534451	-0.0005363895731660268	-0.0004704455612396241	-0.0004011947924483644	-0.0003333662329041767	-0.000270403978960658	-0.00021704968609318614	-0.00016878592356672079	-0.00013587418405897403	-0.00010409862967290795	-7.92439167692123e-5	-6.391325497708336e-5	-5.718082688550494e-5	-4.624164988637283e-5	-4.39040345008232e-5	-4.29851949022321e-5	-4.900596858436329e-5	-5.5173952357833594e-5	-5.335713146488452e-5	-6.530138306178393e-5	-6.699597498082896e-5	-6.623772766823494e-5	-5.666192246195183e-5	-5.119289410134356e-5	-4.173096608398909e-5	-3.173460182896541e-5	-2.925492219025931e-5	-3.3248326720925966e-5	-4.2415767140995334e-5	-5.30443443021774e-5	-6.747676269949418e-5	-7.683261990932937e-5	-8.880744210219664e-5	-0.0001001263372094139	-0.00011151075028203311	-0.00012002519400892628	-0.00012516796896698545	-0.00013109304589998053	-0.00012804128879991689	-0.0001218433012578797	-0.00011774132443759938	-0.00011199366216525786	-0.00010645716067795435	-9.864714821264733e-5
9.8911355180583e-8	-1.6116373608376054e-6	-5.702471554040831e-6	-6.920973099906313e-6	-7.174655120500365e-6	-8.919814205559772e-6	-1.0335735585811651e-5	-1.048747838978915e-5	-1.0061656282450704e-5	-1.0281515810440806e-5	-1.1719343301515566e-5	-1.278772554318651e-5	-9.686481329768213e-6	-6.87419912198629e-6	-3.6819376218158624e-6	-1.6656618022792974e-6	-2.2223433027634618e-7	1.8250205681543882e-6	2.3442293459598022e-6	-3.4285936990983285e-8	1.719324173050235e-8	-1.4292172317593305e-7	-8.240622214553822e-8	2.2542296902825637e-6	2.9581095212227737e-6	0.0009578331425458362	6.971979896620156e-6	9.265977536578214e-6	1.1276007735503378e-5	1.557144947489028e-5	1.4324946402688443e-5	1.805857997915026e-5	1.6202166287760354e-5	1.225912050258765e-5	6.017338436336769e-6	-3.0631310189059915e-6	-7.44815312181922e-6	-6.2361820742096175e-6	-6.4049778951717415e-6	1.0823777800688522e-7	3.848929453690968e-6	4.6978837963881914e-6	1.2679855017523611e-6	-3.7799157044399873e-6	-9.962540148313742e-6	-1.7840037051797264e-5	-2.7036302941438675e-5	-3.3686269185337e-5	-3.675199489899285e-5	-2.87365611937717e-5	-1.131434129329409e-6	5.048469920755638e-5	4.90464211529585e-5	-6.777822076048205e-5	-0.00026920099049335296	-0.00044945681707247304	-0.0006643156953310345	-0.0005467441668740962	-0.0006641186249263346	-0.0008525248559355936	-0.0003020491302387074	-0.0001396639286036297	-0.0003194139739813237	-0.0003732009119317495	4.899214165431098e-5	0.0002014082100816432	-7.635458126658765e-5	-0.0002821294214938076	-0.0002676643953030723	-0.00011285930986634773	0.00014310790986266086	0.0001591617098273962	-0.00012826355626043007	-0.00029110258463298233	-0.0003294801527464232	-0.0003330936257134494	-0.0003170610190865973	-0.00027976745281543813	-0.00023572399133770655	-0.00017962821625104597	-0.00023712646388118763	-0.00046480196933505746	-0.0005492463314195339	-0.0005672053612513703	-0.0005508086654967478	-0.0004995165855860989	-0.00043594211979886	-0.0003641513010360295	-0.0003021175080551372	-0.00024405777654043503	-0.000200024952118176	-0.000163226759088142	-0.00013381119600818642	-0.0001013579154548333	-7.554774661758246e-5	-6.0001950166234386e-5	-5.005429022436267e-5	-4.6599480374703156e-5	-4.395091008149721e-5	-4.6541192089480377e-5	-4.626445706569504e-5	-5.10002048318553e-5	-5.289972057186815e-5	-5.481636300907686e-5	-5.7227012469074356e-5	-4.870024313940319e-5	-4.477644922266759e-5	-3.725415102166611e-5	-2.9139198446737416e-5	-2.2344401891900498e-5	-2.1289989273485035e-5	-2.7566145058884745e-5	-3.6518965017794114e-5	-5.1178756770714484e-5	-6.617324418132543e-5	-7.994289230486666e-5	-9.313341163162334e-5	-0.00010224918031080492	-0.00011365906879947166	-0.00012286632649119965	-0.00012771509904111952	-0.00013134507136102792	-0.00013076039239129193	-0.00012658258686680177	-0.00012221236085629972	0.0011462697762612724	-0.00010645678688299236	-0.00010113327319474438
3.9936190124193263e-7	-3.8030805634141525e-6	-6.347756035542627e-6	-5.708638105414096e-6	-7.4026327927766145e-6	-9.148743485064368e-6	-9.622432840220192e-6	-1.0852430987553802e-5	-1.0092503283836221e-5	-1.025964119298053e-5	-1.3861583340304875e-5	-1.137830773719796e-5	-9.398092014898177e-6	-7.569955872809963e-6	-4.058124132143726e-6	-2.567522397489176e-6	-2.9070367342726514e-7	2.0904200476201153e-6	5.636366221840883e-7	6.148029546397538e-7	7.912009074165574e-7	1.0342481786360797e-6	2.46694218167514e-6	3.7329710096721883e-6	3.4184661281159642e-6	8.118110586432907e-6	9.323370164012607e-6	1.149087073756827e-5	1.5343325728868484e-5	1.4798918321801309e-5	1.9889377863321726e-5	1.86694701912642e-5	1.527594813773188e-5	1.0829834045061708e-5	2.5734252717072442e-6	-2.569103303034538e-6	-3.988431675856427e-6	-4.756584913272188e-6	1.2518766638559484e-6	5.833413780774628e-6	8.941506545595557e-6	8.077834001739628e-6	5.864251421700689e-6	-6.94418155790244e-8	-1.0432730877113494e-5	-2.0518749364525912e-5	-2.6174360160833784e-5	-3.069467404857515e-5	-2.9842383536104328e-5	-6.208463478561688e-6	3.7010766951173224e-5	7.389411612874867e-5	1.7147476820628463e-5	-0.00018613221004532172	-0.00038311739832572016	-0.0006199504697752475	-0.0006993120595273628	-0.0005724172580487581	-0.0008871598210008144	-0.0006065817899879311	6.585507053308987e-5	-0.0001403074728948371	-0.00036581391705311356	-0.00020260775528656294	0.0002349469834222323	-5.994055078673011e-10	-0.00023087995246759765	-0.00026641214282818043	-0.00018384792388123627	1.4082349795822846e-5	0.00020597459001858026	-8.771297467860539e-5	-0.00029476249031445273	-0.00035153307670387005	-0.0003677188314390664	-0.0003486154003993179	-0.0003101417534010116	-0.00026032972152327874	-0.00019130119914816807	-0.0001204523717248697	-0.000398949011114029	-0.0005241236187007899	-0.0005689011097409144	-0.0005604671278773218	-0.0005276344551769299	-0.0004618983767169793	-0.00039773497115605516	-0.0003341678448667493	-0.0002789366345887223	-0.00023018917847360265	-0.00019274958469595038	-0.00016416280404713338	-0.00013052792554061818	-0.00010436223424076935	-8.034291771371466e-5	-5.974521814560915e-5	-4.8761674103885155e-5	-4.335519849813646e-5	-4.6107722219239367e-5	-4.52783450598411e-5	-4.8700669579970074e-5	-5.129472117676101e-5	-4.456617759942064e-5	-5.4623378973207154e-5	-4.1118946600502554e-5	-3.787658336929997e-5	0.07640753980823686	-2.5523180411605312e-5	-1.6602504495982426e-5	-1.5171686949290442e-5	-1.594972881416648e-5	-2.1772027656219092e-5	-3.269734021190372e-5	-4.87854041647702e-5	-6.83098151687319e-5	-8.104525706900852e-5	-9.506788932033688e-5	-0.00010717470400522719	-0.00011378254528783723	-0.0001222983747552111	-0.00012841106186950273	-0.00013157000199721068	-0.00013330805508624845	-0.00013139716283343955	-0.00012426705536545263	-0.00011432250050487716	-0.00010640251641032793	-9.907266809998545e-5
2.1612752820060477e-8	-4.4166172534000105e-6	-4.764783908140641e-6	-6.130943020789519e-6	-7.666235692050868e-6	-9.796782623962448e-6	-9.219855413259304e-6	-1.0174999324542335e-5	-9.254136446132811e-6	-1.2499696602481878e-5	-1.2472557104693024e-5	-1.071447122078786e-5	-9.807886692473483e-6	-7.402388495735251e-6	-3.7211540186016245e-6	-1.8060800459893979e-6	1.2330815134155987e-6	1.3322193825535122e-8	-5.105112532255256e-7	1.3450458585459457e-6	1.2501835900064276e-6	2.606489162958886e-6	4.534401341817901e-6	3.813933944596219e-6	7.58206880851868e-6	8.807330431365862e-6	1.0812664856356402e-5	1.5417932976331816e-5	1.5856275439245053e-5	1.9680621683119265e-5	1.9715223164955276e-5	1.7481251559704238e-5	1.222794899027619e-5	5.6402748872244265e-6	5.558447273420683e-7	-1.1034409220763222e-6	-8.691215938128397e-7	2.778619265014423e-6	6.416596598675384e-6	1.1049676900461852e-5	1.1448523054048698e-5	1.2500713488438828e-5	7.121158497949698e-6	-1.7228673620129503e-6	-9.148497739528902e-6	-1.8238681927587597e-5	-2.496720263368314e-5	-2.7224685183102268e-5	-1.0521763056095187e-5	2.6028808185413546e-5	7.234309638533623e-5	6.63349600986754e-5	-7.036245957192308e-5	-0.0003249900663079147	-0.0005009802813218944	-0.0007655395290687844	-0.0006208010140304997	-0.0007651904652657485	-0.0008434721271563181	-8.828127074853032e-6	-5.954733028499734e-5	-0.00032115161583247745	-0.00035261334023874505	0.00012228510282499827	0.0001127117791200477	-0.00016662028425604505	-0.0002924547180599077	-0.00023900165268967224	-9.811144991269186e-5	0.00016640340060308095	1.5726133030351253e-5	-0.000308931631968698	-0.00038411552334043433	-0.00040003178606662707	-0.0003824379697604449	-0.00034366702830745943	-0.0002881734347892975	-0.0002276700233547202	-0.0001346672322071439	-0.00029490485907879976	-0.00046447188497677344	-0.0005400887228635201	-0.0005679653271415015	-0.0005473276669539472	-0.0004960507057850602	-0.00042995816903774325	-0.00036297656168943204	-0.00030705283822918955	-0.00025827524282890507	-0.00021941808681829114	-0.00019311869133356585	-0.00016334749426997683	-0.00013237353007353528	-0.00010788965765923253	-8.710441758283047e-5	-6.652065238053895e-5	-5.675118228652687e-5	-4.849028258134894e-5	-4.425025310365524e-5	-4.995668941021325e-5	-5.539742034240194e-5	-5.001963518077093e-5	-4.709698056461903e-5	-4.442768474725162e-5	-3.6176239282849354e-5	-2.7809792628452623e-5	-2.0003263453190895e-5	-1.2492327738661962e-5	-6.069375628166632e-6	-2.562669728116071e-6	-1.1070876301203653e-5	-2.1209710995969897e-5	-2.9964059843371957e-5	-5.085887017845618e-5	-6.345217508862099e-5	-8.103512170857564e-5	-9.656414455051256e-5	-0.00010812354700809323	-0.00011489894780297542	-0.00012093592821507508	-0.00012889375414107222	-0.0001331115154744062	-0.0001336031460648108	-0.0001329618144730281	-0.00012578902047473244	-0.00011805120359010234	-0.00011262021007820214	-0.00010419298646742112
-2.2294178726430317e-6	-3.5306435268336704e-6	-4.4119895966352775e-6	-6.617422096942029e-6	-8.71908906999088e-6	-8.76946762684008e-6	-8.588125849579367e-6	-7.272855007578634e-6	-1.0995026136838108e-5	-1.2505860665611157e-5	-1.0239293417866387e-5	-1.1384365129741246e-5	-9.46038096195619e-6	-6.77366905485954e-6	-4.281893999796577e-6	-9.323530166774514e-7	4.566081055466277e-7	-1.7009441362456253e-6	3.260466283896632e-7	-3.5859130660502447e-7	2.454688711409775e-6	4.44320981320568e-6	3.1310075067564683e-6	5.787429229972031e-6	8.64724807167136e-6	1.0238115115347897e-5	1.398339126781889e-5	1.4904544038307939e-5	2.0760737633141943e-5	2.0351685164053147e-5	1.894763763151796e-5	1.6227079911983883e-5	9.950781565924716e-6	3.603142543985756e-6	-9.96603504474329e-7	-2.4552973142046713e-6	5.639444640437308e-7	6.962930777744056e-6	9.404776250311608e-6	1.2570849370675298e-5	1.6379572579999432e-5	9.318226297993712e-6	5.216354507630444e-6	2.875723975354766e-7	-1.0036059912808815e-5	-1.9897563430888374e-5	-2.0090454056235704e-5	-1.584720076192904e-5	8.142336720227267e-6	5.344110238212664e-5	9.295696598750347e-5	2.796376358336211e-5	-0.00020163977831303033	-0.0004261980007390538	-0.0006634972469468821	-0.0007603677566682572	-0.0005875385385547063	-0.0008634427637373848	-0.00026431837577608336	6.373260389054558e-5	-0.0002382232646715686	-0.0003904777749015251	-0.00014389411707961194	0.00018968771762746875	-9.181373706451668e-5	-0.00032972873506001074	-0.00029309305407156094	-0.0002042231685931567	6.9491241775666845e-6	0.00014129504798815473	-0.00028356351788145703	-0.0004018630110256237	-0.0004301730258332928	-0.0004160014526258249	-0.0003746937553609185	-0.0003216143563879864	-0.00025987257088865706	-0.00018506354430023256	-0.0002174056071843969	-0.00038828369942033036	-0.0004998600162237597	-0.0005430980617288604	-0.0005468448248087746	-0.0005156024237055155	-0.00045487326266529723	-0.0003905039601859346	-0.0003340946275686395	-0.0002867633549868097	-0.00024738423755246014	-0.0002120980425188504	-0.00018414786283511841	-0.00015885646036887385	-0.0001399608732231307	-0.0001138871751483854	-9.095694168768237e-5	-7.653455938883696e-5	-6.616994390569106e-5	-5.717474614195736e-5	-5.469386522242298e-5	-5.846092716041765e-5	-5.528367914928861e-5	-4.994792072998688e-5	-5.06609246415414e-5	-4.115113436641005e-5	-3.306823913654111e-5	-1.9512321756173095e-5	-8.527338637726728e-6	-2.240564266238476e-6	4.043585282147849e-6	2.642511052640059e-6	-7.896120000254817e-6	-2.159741243810097e-5	-3.134640508533487e-5	-4.99756193080101e-5	-6.721354672161763e-5	-8.127796211781536e-5	-9.570789873732805e-5	-0.00010672391727957128	-0.00011651489965772491	-0.00012302326142174524	-0.00012875523676316586	-0.00013219893500097772	-0.00013367516450528416	-0.00013429714435788873	-0.00012791006074848801	-0.00011979816921456332	-0.00011511321916404631	-0.00010688523024884704
-2.9807427609062492e-6	-3.752563622252264e-6	-5.599729295709122e-6	-8.569294612011807e-6	-7.845748329715716e-6	-7.0581590726659545e-6	-7.498751102214592e-6	-8.503832348309617e-6	-1.3163224771794123e-5	-1.198251484743184e-5	-1.0229829858644096e-5	-1.043538998539862e-5	-7.367578652467833e-6	-5.439658226624993e-6	-1.5350583168960083e-6	2.2006896405559785e-6	3.268777200413249e-7	1.2329048199033465e-6	1.0528652228487465e-6	4.53035769705859e-7	2.7106095265485436e-6	2.5571660029278034e-6	5.631343571793276e-6	7.552755830150283e-6	9.686406247412516e-6	1.3300361083215355e-5	1.5551476323068594e-5	1.8881469390384306e-5	1.9253224991405173e-5	2.0303585242112746e-5	1.9345671706835592e-5	1.4997513204202326e-5	8.73418920467519e-6	2.450236869411433e-6	-3.4532471771420853e-7	-4.6032846317319714e-7	2.106194260881669e-6	7.1228480692841e-6	7.665382890605955e-6	1.3078800897652586e-5	1.2752627096684899e-5	8.583500224609505e-6	8.165893058314014e-6	-7.247500744076568e-7	-1.2947725460147816e-5	-1.8350109058130892e-5	-1.657254023357431e-5	-6.050671065528299e-6	3.270560481726664e-5	5.631107983117972e-5	7.811937260157435e-5	-2.2546065862796144e-5	-0.0003208371815162196	-0.0005340470320873772	-0.0007966596470400725	-0.0006287962314721618	-0.0006855572023305515	-0.0005966390750336212	7.475699563075713e-5	-0.00010253510864585008	-0.0003626659706812245	0.13225964749235317	0.00014206962845302734	1.6210823330399526e-5	-0.0002852213804352931	-0.0003431159111434018	-0.00026314188444117453	-0.0001402337241490116	0.0001662122676038963	-0.0001280314481343081	-0.0004017076235952703	-0.00045885565745466816	-0.000458457525688398	-0.00041696932897563807	-0.0003509359812166671	-0.0002881222459271207	-0.00021754194506765426	-0.00013235057637296307	-0.00030854280618723	-0.00046006112399722687	-0.0005189746096995011	-0.0005337327378045036	-0.0005233035777168875	-0.0004730292430736409	-0.00040626439989270915	-0.00034419706891738663	-0.00030341628429360334	-0.0002699136337027709	-0.00023418753212264137	-0.00020224048905828282	-0.00017713776122568053	-0.00015408360381444913	-0.00013809229903452222	-0.00012053086164342738	-0.00010398172358089611	-8.796632906902385e-5	-7.6389106561537e-5	-6.639742627023368e-5	-6.629870658763151e-5	-6.288054452780953e-5	-5.374380126262762e-5	-5.503026563515728e-5	-4.8144589020766154e-5	-4.266503682683401e-5	-2.820089361034797e-5	-1.607110841975179e-5	-5.629455723191873e-6	2.311428997422288e-6	6.558760021636162e-6	5.353018890782643e-6	-6.295893356352347e-6	-1.820772761295525e-5	-3.549172551556637e-5	-5.3748836218369886e-5	-6.962530013036178e-5	-8.424369078849012e-5	-9.775119519709295e-5	-0.00010596171149930902	-0.00011761435365019966	-0.00012376928017741352	-0.00012927158318408113	-0.0001323513704957601	-0.00013356964099109532	-0.00013447897937802003	-0.0001302725942604107	-0.00012295228616048676	-0.0001163200345126545	-0.00011097085361299469
-1.5919058831011766e-6	-4.011157982912288e-6	-7.648282204504413e-6	-9.509854035705863e-6	-7.795378670913747e-6	-7.068689549438647e-6	-7.22078029042738e-6	-1.0573832740108906e-5	-1.2288943236767828e-5	-1.0816942957396058e-5	-1.10022541042489e-5	-1.0734488625134368e-5	-7.581660687173801e-6	-3.391957575276175e-6	1.050946074143775e-6	9.628513988175179e-7	-1.0153872751286763e-7	1.933633381992657e-6	4.4038755227151366e-7	1.5678080318368148e-6	3.2806703930072026e-6	4.063181177692103e-6	5.876377718303828e-6	8.172454573425643e-6	1.2177212675712479e-5	1.4164673879353898e-5	1.868040240126257e-5	1.8594217712861877e-5	1.9838563436328296e-5	1.8890183488078603e-5	1.72725737933397e-5	1.2068286630445568e-5	8.185427924117979e-6	4.239134294785861e-6	1.589946982123551e-6	2.5547971577903963e-6	3.4676021342522345e-6	5.99105484026894e-6	7.75866099882519e-6	8.628725949900995e-6	8.504784708516372e-6	9.483755122365045e-6	6.250416314081478e-6	7.985106369526318e-7	-1.2097847996821176e-5	-1.6846728454530252e-5	-1.178700345986182e-5	1.1063167685556805e-5	2.2391578367950832e-5	5.1854820898354984e-5	7.794645294229713e-5	-0.00014430814570544868	-0.00042470467899024394	-0.0007105664904388798	-0.0008012660995229855	-0.0005102138723577648	-0.0006341980796076285	-7.263992388064494e-5	3.966741766439283e-5	-0.0002750760038998899	-0.00041902708241160075	-0.00012629057979723565	0.0001707944160362837	-0.00017993572760900342	0.11584290749120121	-0.00031751902435008666	-0.00021036129514966778	-1.246151290880751e-5	8.695641820315181e-5	-0.00036207338821158536	-0.00046932555822351216	-0.0004851864049415511	-0.00045777461343951206	-0.00040104600445255156	-0.000330088472534195	-0.0002537160768241106	-0.00016539986240435983	-0.00024267158015706114	-0.00038297941486967885	-0.0004894657233342481	-0.0005149458530829924	-0.0005197717834414493	-0.0004934910057311469	-0.00043339505770420214	-0.00036160563237101415	-0.0003077911256183126	-0.0002768348820428486	-0.00024569002154582395	-0.0002149595596055015	-0.00018549396393462841	-0.0001655779422685827	-0.00014818246177198194	-0.00013720107466157552	-0.00012581155037043323	-0.00011653722738983602	-0.00010250769363331566	-8.432515547157973e-5	-7.838970649031232e-5	-7.592270099936183e-5	-6.789047766889503e-5	-5.941878877813167e-5	-4.7599711316612114e-5	-4.9451988495905624e-5	-4.428374076725222e-5	-3.0967098880833877e-5	-1.776518722493986e-5	-6.476945238823029e-6	2.9986769686275727e-6	7.465589004201217e-6	3.546800678676243e-6	-1.0829603302444854e-5	-1.9126928843928373e-5	-3.7353344665416385e-5	-5.443488262143331e-5	-7.190757708892825e-5	-8.638043559627308e-5	-9.802940878966479e-5	-0.00010556291682580973	-0.00011733587872587298	-0.0001263069429179465	-0.0001293054980363445	-0.00013178406039929084	-0.00013505239349585751	-0.00013303830732804695	-0.00013062978845433844	-0.00012435384751769384	-0.00012154394862860622	-0.00011618292004899125
-2.6786904259393923e-6	-5.936816284077013e-6	-9.19008891447741e-6	-8.63150436812999e-6	-7.606234071408369e-6	-6.3126779696024045e-6	-9.38945956413268e-6	-1.2732819325538946e-5	-1.1980451429093736e-5	-1.2162989653809447e-5	-1.1980965715515345e-5	-8.828792148318082e-6	-7.021268221506487e-6	-1.94674394822774e-6	7.850572541221248e-7	-2.054809329957684e-6	8.760686905193334e-7	-3.230817707550876e-7	1.4889268740462744e-6	3.4396131662296422e-6	3.0792048256881102e-6	6.287379794318176e-6	7.76143920509266e-6	9.57194178357202e-6	1.4420202549951001e-5	1.7158613480256803e-5	1.8513265606949145e-5	1.90432387214964e-5	2.0737261595947e-5	1.845102881624979e-5	1.4603973317651488e-5	1.1874274495528997e-5	8.877377332045834e-6	5.589563990154346e-6	3.6648276329886292e-6	4.240342919999661e-6	6.084630757140913e-6	7.348650302098532e-6	7.328393662850603e-6	7.353941692796531e-6	7.502220557027012e-6	8.770584431242942e-6	7.888387970177851e-6	-5.3731250536110525e-6	-1.4892600821167848e-5	-1.235599848348548e-5	-1.7568196235880768e-6	2.7926909179284976e-6	1.0247818232021755e-5	8.975797684100673e-5	4.4576010073882e-5	-0.00029415258123049494	-0.0005604383789535074	-0.0008626230035748556	-0.0005554411810007598	-0.0004707988683128918	-0.00038880584762391104	4.823882001096444e-5	-0.00013541659137344259	-0.0003767399725648421	-0.00033138305636669016	0.0001322588934443529	-2.555626061467864e-5	-0.00036276468047156604	-0.00036827115966996116	-0.00027391110637032395	-0.00013790476590964246	0.00014724321914082877	-0.00023106881254534792	-0.0004596175070376539	-0.0005068045003065944	-0.0004934861837831844	-0.0004471247355610636	-0.0003769860100607744	-0.00029357802575243064	-0.00020435581529710742	-0.0001735312021248353	-0.00028258456208048524	-0.0004284158312915093	-0.0004994723831861121	-0.0005106597330628918	-0.0005026483179096548	-0.00046279261617810513	-0.0003956072984652448	-0.00033050565861371395	-0.00028371810418398313	-0.0002529902074291379	-0.00022897332049073155	-0.0001952923945214985	-0.0001659851610932156	-0.00015150817311241488	-0.0001397115623517041	-0.0001306309083733831	-0.00012934341576302869	-0.00012259847186925354	-0.0001097203033788817	-9.985816339834822e-5	-8.986367001440412e-5	-7.784061235643555e-5	-6.874202658491146e-5	-6.242993877501185e-5	-5.762950482058812e-5	-5.381356516865124e-5	-4.194657053993578e-5	-3.4056147708762946e-5	-2.1336208249397165e-5	-6.896158472827901e-6	1.6365854765137966e-6	6.301198738137281e-6	-3.4395838022401037e-6	-1.3104101449779026e-5	-2.1413069717975824e-5	-4.077019508021834e-5	-5.792650079657763e-5	-7.483184488623999e-5	-8.749352035952208e-5	-9.85937965612086e-5	-0.00010810040839684051	-0.00011725948214041763	-0.00012475098178760767	-0.0001332026881297691	-0.00013556340378484584	-0.00013810283371420463	-0.0001341752338488572	-0.00013309550042921343	-0.00013067427471688542	-0.00012769760242064762	-0.00012585765090593164
-3.486897004044854e-6	-8.17817866893963e-6	-9.141390054049226e-6	-1.0358059894012301e-5	-8.242333310825006e-6	-7.14403413461023e-6	-9.623508061132931e-6	-1.285347553517174e-5	-1.205603174150166e-5	-1.4208451586778751e-5	-1.199768130818405e-5	-9.305447425523965e-6	-2.462560577275088e-6	-1.419935031100189e-6	-2.014339210026656e-6	-8.699814599191086e-7	1.5683059275610305e-6	5.23724463319733e-7	3.337646211926809e-6	1.5560562576953305e-6	4.186105244450948e-6	7.70712366268602e-6	9.250403943273505e-6	1.335230788185749e-5	1.7552890031226343e-5	1.7863334823386805e-5	1.9019955667951352e-5	2.1488352002722172e-5	2.0904425543561735e-5	1.6097411268539696e-5	1.4599554343242005e-5	1.3604699013940007e-5	1.0745797039191964e-5	7.234882201255684e-6	8.299275592931962e-6	7.653830997266485e-6	5.215446686177884e-6	6.5434932580883676e-6	5.446225258970427e-6	7.32316116926722e-6	1.0667804369902945e-5	0.002907717934926262	4.966611464544274e-7	-1.1577977157735397e-5	-1.1605978858086202e-5	-1.0025362593042708e-5	-9.751692862502298e-6	-2.4740389729287562e-5	3.4563728623995815e-5	0.00013541871908551162	-6.193113774089799e-5	-0.00042069045038143835	-0.0006988563248607783	-0.0007984680165207085	-0.00031084896368960627	-0.0004913259885421829	-0.0002516499961278257	4.7358369732308087e-5	-0.0003014908149978797	0.11704003574021038	-0.000185634738069599	0.00014105734228234135	-0.00022780285798993868	-0.0004027144577577538	-0.00034199769078551226	-0.00022205862630457485	-6.184505365507478e-5	6.04536790722518e-5	-0.00041731371031332107	-0.0005153236592482513	-0.0005281920419358127	-0.0004942181566574243	-0.00043554450687537105	-0.0003478378459418653	-0.00025680269245516654	-0.00016244542859955233	-0.00021756718574525782	-0.0003322669546381059	-0.0004500595639288056	-0.0004897515082391037	-0.0004953041569358448	-0.0004831612043028517	-0.00043286092703915743	-0.0003601196841662539	-0.00030404005109570253	-0.0002656497870962525	-0.00023220860494643433	-0.0002055538057994799	-0.00018173252686352545	-0.00015060864641579588	-0.00013205322426474916	-0.0001296627323392474	-0.00012574760737240134	-0.00012316125720191265	-0.00011985934685520769	-0.00011817531991821159	-0.00011438486808125828	-9.954621372435662e-5	-8.272259331741985e-5	-7.238375835782324e-5	-6.471606074599442e-5	-6.511514898024234e-5	-5.650535774524845e-5	-4.542760680213004e-5	-3.623744268630574e-5	-2.698670092948774e-5	-1.1159352131598355e-5	-4.9505627028323396e-6	-1.7249625816270764e-6	-6.398521760174469e-6	-1.4446897055389596e-5	-3.1867975586966774e-5	-4.556202357237915e-5	-6.065210275316667e-5	-8.029781533268332e-5	-8.780263105012502e-5	-0.00010042807497938344	-0.00011339726079472555	-0.00011872734129387066	-0.00012525462082454974	-0.00013497323939504896	-0.00013957823272181535	-0.00014117053764146036	-0.00014036962977170483	-0.00014104305797184476	-0.00013863621757862453	-0.00013616823921571743	-0.00014177966662786042
-8.572179721968737e-6	-1.1540187206716696e-5	-1.1938534561981018e-5	-1.109016450261081e-5	-7.777261353100664e-6	-1.1486100030355748e-5	-1.210087673347935e-5	-1.3931481675471657e-5	-1.3091686581383558e-5	-1.466155226902393e-5	-1.2114570316964363e-5	-8.620291103926103e-6	-2.644121909270436e-6	8.048809340376051e-7	-1.0125176302315346e-6	2.137436243081735e-6	7.107216074345168e-7	8.770480115815119e-7	3.355629532380243e-6	5.720217573267419e-6	7.462785823878805e-6	7.771091433111249e-6	1.4304747271150046e-5	1.72633513506517e-5	1.8118054394018063e-5	1.867594151647601e-5	2.1299177811002698e-5	2.2368144195596476e-5	1.9741914603185924e-5	1.6044976146865376e-5	1.7290639863355543e-5	1.4459217784136731e-5	1.344050914293092e-5	1.24499164796954e-5	1.0407049012167192e-5	8.207499257594127e-6	5.931726741194819e-6	4.929315920287197e-6	5.8615010653344235e-6	1.1009472519838553e-5	1.721397862143939e-5	9.638649743799743e-6	-5.122495769574464e-6	-1.442716879339681e-5	-1.7116203306034514e-5	-1.7906355595335988e-5	-3.90357520602385e-5	-4.118124471096628e-5	0.00011549707619549349	0.00016074244368934412	-0.00023900840945929522	-0.0005323405567270525	-0.0008041457936493711	-0.0005697193195723996	-0.00030519589408646575	-0.00045550915217041146	-3.6672019414207835e-5	-8.363822750481406e-5	-0.0003902681843729987	-0.00037261636194954595	3.491693983210739e-5	-2.2048003631147672e-5	-0.00037690769840456953	-0.00040136698279194527	-0.0003039355321479524	-0.0001629942367772745	4.856783267660064e-5	-0.0003008883592975353	-0.000503100620800976	-0.0005528081962070247	-0.0005328224520514784	-0.0004856554397937411	-0.0004116001776368304	-0.00031284862835306154	-0.00021205583846176101	-0.00018969634043913483	-0.0002397506948439293	-0.00037579250656378724	-0.0004524846517611758	-0.00047204012572224854	-0.0004718663494077298	-0.00045186572033379876	-0.0004014094000161922	-0.00033520389454812574	-0.0002900511354621965	-0.000256666984105227	-0.0002201176427674839	-0.00019102996029647656	-0.00016704340614513355	-0.0001429870339860785	-0.00012421085007546448	-0.00011551383974784529	-0.00011995057844129547	-0.00012028408265729248	-0.00011623945674705746	-0.00012010567396972954	-0.00011676129575352578	-0.00010592625650967039	-9.043390289441636e-5	-7.50638752327823e-5	-6.698246246290146e-5	-6.975242985421057e-5	-6.186124298359838e-5	-5.1264254165468703e-5	-3.9420043730989396e-5	-2.8373291671886236e-5	-1.6682884507440016e-5	-9.21395843954051e-6	-1.149291234446917e-5	-1.799587449327275e-5	-2.418613678908596e-5	-4.061457393490786e-5	-5.017925871694806e-5	-6.782064097279016e-5	-8.450110787310006e-5	-9.594322669561998e-5	-0.00010725418948484035	-0.00011741704770583047	-0.00012664258511882812	-0.00013127063472470266	-0.00014269791434747513	-0.00014431851826871706	-0.00015274793844707868	-0.0001547099458027064	-0.00015612849621439093	-0.0001542375763035047	-0.0001555662307414947	-0.00015239247159212592
0.0064946312306859485	-2.3918437468801144e-5	-1.937717644109535e-5	-1.5128636866748677e-5	-1.4671795068200034e-5	-1.5189532756858682e-5	-1.3611139520434013e-5	-1.435858588847089e-5	-1.2818099987194683e-5	-1.3555349928195525e-5	-9.583291987931303e-6	-6.694960913238533e-6	-1.9605547564647934e-6	-3.2420724012881784e-6	-3.9968102991724125e-7	2.23748301245337e-7	-1.0657922743136095e-6	3.20819721862705e-6	3.6100978602999698e-6	4.930167574104111e-6	8.058867583134698e-6	1.2163540771392006e-5	1.4937483121626495e-5	1.7874056464518145e-5	1.9185719380928647e-5	1.9994076126184958e-5	2.185410172327127e-5	2.1444616235761008e-5	1.773801448225979e-5	1.9295309074476852e-5	1.7759938280214813e-5	1.6198554220517823e-5	1.5601835997181707e-5	1.2932192549903326e-5	9.533459599552797e-6	9.83286086179893e-6	6.689522199523033e-6	4.481118552395955e-6	1.0288045756024627e-5	1.766538491767937e-5	2.001241172777668e-5	9.557074259584908e-6	-1.0018965875034994e-5	-1.707497644795261e-5	-2.46214900800467e-5	-3.324549684483556e-5	-7.236178842652367e-5	9.183252130734107e-6	0.00022962421270845967	6.304909167345087e-5	-0.00043614672194138004	-0.000621361143297687	-0.000824006850476313	-0.00028308776965375176	-0.00040290175716767643	-0.00039377083046283554	5.909520258556844e-5	-0.0002460365280628797	-0.00045842387661311837	-0.00027053398216720856	0.00016265023484313135	-0.00020252039185627083	-0.00043537599962511705	-0.00038698571145539054	-0.00026021557931630787	-9.777091924045508e-5	7.925125429606578e-5	-0.0004430963471743071	-0.0005495902274618193	-0.0005631282927443491	-0.0005260818634585454	-0.00046359708643804384	-0.00037576318700485375	-0.00028013417267521226	-0.0001752268933641679	-0.00020564945655675987	-0.0002746557934167268	-0.0004034506814092412	-0.00045342049189052436	-0.0004662949563104257	-0.0004519294423779331	-0.0004168188677848225	-0.0003634370436523225	-0.0003193273800656919	-0.0002856544922889663	-0.00024535391178600804	-0.00021178770063428123	-0.00018040717220894203	-0.0001564261511793029	-0.0001337670086157261	-0.00011612441646506946	-0.00010866073766680265	-0.00011056159961945339	-0.00011605793100426948	-0.00011825714009818314	-0.00012118819183414009	-0.00012041450648007587	-0.00010988868575723468	-9.805947184240646e-5	-8.155756178480217e-5	-7.198652597628641e-5	-6.931121026730255e-5	-6.56522613552181e-5	-5.4071922271723555e-5	-4.3618320337990985e-5	-3.320797599144082e-5	-1.9302611917702828e-5	-1.7462518330218363e-5	-2.2617999964266722e-5	-2.6577277204096333e-5	-3.893571554796152e-5	-4.982921361119941e-5	-6.38767643228351e-5	-7.89237619811152e-5	-9.567029646143435e-5	-0.00010446914471408213	-0.0001196144550237848	-0.00013162691243819719	-0.00014430469596929223	-0.00014685014719105667	-0.00015297152492084985	-0.00016671734267854205	-0.00017479859514804748	-0.00018174728427539782	-0.00018446072496281635	-0.0001882097161985414	-0.00019425188440419516	-0.00021410161283631768
-3.164692078435737e-5	-3.341400313611274e-5	-3.61344475389015e-5	-3.6529176774364666e-5	-3.31450782876312e-5	-2.7104591227163598e-5	-2.272129130865717e-5	-1.811157183349019e-5	-1.7578410489097872e-5	-1.2142333779337645e-5	-9.181504078889773e-6	-7.048782839152393e-6	-1.5249970405396829e-6	-3.7836452205933582e-6	1.1061798178835236e-8	8.88981423739256e-7	1.5529141796262469e-6	5.023654945268859e-6	4.470988137009191e-6	5.650736684126301e-6	8.017091198265873e-6	1.4005061329939485e-5	1.8224078353161477e-5	1.8322656204230146e-5	2.0060769126049004e-5	2.207539467739307e-5	2.3045325115984665e-5	1.9514521859879085e-5	1.6303053971926385e-5	1.908390157923448e-5	1.9366322133733578e-5	1.825818619557995e-5	1.887208676604104e-5	1.361018462590468e-5	8.200274808690435e-6	5.432943258687831e-6	4.811618427367874e-6	9.60857480603386e-6	1.715306069925704e-5	2.2793579647437806e-5	2.4118300176022983e-5	6.99860088501994e-6	-1.1253807691508425e-5	-2.028184064055069e-5	-2.8948619895533337e-5	-6.726083092182741e-5	-9.08701951207215e-5	0.00010563480581145951	0.0002787174713161228	-0.00015417485861872644	-0.0005114313667595009	-0.0006901024100563688	-0.0006553026423144342	-0.00020879397944970068	-0.0004823185620816614	-0.0002083240648845415	-1.039515043488315e-5	-0.00034446128997995054	-0.00040983582086633746	-8.724594559826604e-5	6.399943844846712e-5	-0.000366304212680562	-0.0004417352087089134	-0.0003511437951433244	-0.00020345727141457895	-2.4306686156015667e-5	-0.00022817430472398675	-0.0004945267880829621	-0.0005596959632369301	-0.0005563119442018871	-0.0005074971448789344	-0.0004334300454352305	-0.0003412669019142549	-0.0002336333342956888	-0.00020702457248500394	-0.00020899671571931316	-0.0003136379991158268	-0.00042909172237939885	-0.0004568219955872893	-0.00044301609846515363	-0.000417625827130088	-0.00038063530348898117	-0.0003386599667885848	-0.0003060435965936137	-0.0002787946377404149	-0.00024440436584066347	-0.00020303108549208845	-0.00016959611335090607	-0.00014247320013864584	-0.00012212066334300192	-0.00010657035227163922	-9.83912933896422e-5	-0.0001058950575339758	-0.00011018453291693903	-0.00011625606304672617	-0.00012069377583944982	-0.00012058051852576607	-0.00011546445185823401	-0.00010287756822217192	-8.958158148868883e-5	-8.01800136376353e-5	-7.472502043135917e-5	-6.748055807713482e-5	-5.79836155370321e-5	-4.588825554133549e-5	-3.630412517266132e-5	-3.243644677505819e-5	-2.716993496507114e-5	-3.408858337966558e-5	-4.534479825261603e-5	-5.5992501295232255e-5	-6.565955150243663e-5	-8.223904103283469e-5	-9.434567335491958e-5	-0.00010978722776592079	-0.00012105684611099683	-0.0001308869152926058	-0.00014541273899511438	-0.00016487179004204613	-0.00017018435221173925	-0.00013966722733536018	-0.00020219238077443316	-0.0002175903011231422	-0.00023616169678468066	-0.00026195678463967857	-0.0003001214291182327	-0.00034810891892255065	-0.0004265505338708637
-3.155942972558022e-5	-3.195486788127059e-5	-3.2062812435444676e-5	-3.402417386841241e-5	-3.8084574780395015e-5	-4.055366805143538e-5	-3.825488753084281e-5	-4.2134520815396113e-5	-3.057820858445772e-5	0.006710819184554116	-1.1255777833765225e-5	-8.155427382678868e-6	-5.250203689497173e-6	-2.1192726520620313e-6	2.495128760722498e-6	2.494998809334306e-7	3.526134047834688e-6	2.334881990442156e-6	4.235250930344214e-6	7.921287187924626e-6	1.305437539642594e-5	1.579852855742442e-5	1.6687869135601635e-5	2.156002908376784e-5	1.9022330458853473e-5	2.2770223584260563e-5	2.3102454463895007e-5	1.9963778189716237e-5	2.186667137616359e-5	2.1510086873027627e-5	2.0065190300846796e-5	1.679213940044156e-5	1.852768596367644e-5	1.0595823030285813e-5	7.3989353467814045e-6	5.671871162842013e-6	7.700512052555113e-6	1.509304459624411e-5	1.998560845897085e-5	2.6769390551895783e-5	2.4611149253544323e-5	5.6365498401524106e-6	-7.273122382134289e-6	-2.085544938026755e-5	-4.092959797257975e-5	-9.930200040616892e-5	-4.5333573535713545e-5	0.00022043349573301098	0.00015958780364908054	-0.00032646678403604884	-0.0005327614195421368	-0.000726780914747302	-0.0003969665549551603	-0.00028455161175684057	-0.00044960035337293994	-2.5683935145782294e-5	-0.0001468924883596054	-0.0004249045185557125	-0.000327203108683137	0.0001022598174801187	-0.00013585057082737828	-0.0004409976693282164	-0.0004172832209718008	-0.00030406808682699113	-0.00014313102755314847	9.79202977014447e-5	-0.0004046223381023485	-0.0005348362107685488	-0.0005668765940729584	-0.0005356924592542917	-0.00047518064729551446	-0.00039877444300883205	-0.0003080742261426725	-0.00021648589828768272	-0.00021645511628963846	-0.00021880342319013577	-0.00034215497869216974	-0.0004184001790776687	-0.0004319466809189418	-0.00042795260062023985	-0.00039170264480321154	-0.00035054497911834667	-0.0003180599490813091	-0.000292085220057834	-0.00026701617165383537	-0.00023528517662397413	-0.00019639476412551884	-0.00016027393388157174	-0.00013215631711584533	-0.00011213083747109442	-9.905405453335125e-5	-9.582876500787915e-5	-9.806590035897969e-5	-0.00010696428590951934	-0.00010749397571282321	-0.00012125784841282225	-0.00011969390832210908	-0.00011767866581798708	-0.00010501865992497764	-9.405504314838678e-5	-8.73009058360158e-5	-8.21107705526597e-5	-7.23037951884907e-5	-6.241635435496468e-5	-5.164111965090187e-5	-4.438942822256736e-5	-3.887368550973755e-5	-4.320672441571541e-5	-4.889826651661294e-5	-6.581224276051151e-5	-7.399821510970309e-5	-9.370438411098955e-5	-0.00010789407473574611	-0.00011650581625746032	-0.0001338097171846124	-0.00015198851542998562	-0.00017277317866963224	-0.0001907454274890051	-0.00021430417127292142	-0.00024347587314777625	-0.00027946160715088854	-0.0003174710183672172	-0.0003636496117697275	-0.0004888721238114138	-0.0005229723184878559	-0.00046026731586636116	-0.00044661735912527624	-0.00041159919620618185
-2.7032071441576797e-5	-3.0504100798848643e-5	-3.128570005817531e-5	-3.291405698175893e-5	-3.7570890477510097e-5	-3.806118515601057e-5	-3.534228573670974e-5	-3.81229742270491e-5	-3.5886257843651976e-5	-3.159128350300848e-5	-2.9260769914636522e-5	-2.50496242121972e-5	-1.9497364092159464e-5	-8.887727850231432e-6	5.953695506434944e-7	1.2363484482068657e-6	0.003629188140840691	3.6470108161733295e-6	6.655332218490073e-6	1.0227519498082378e-5	1.3560846584114578e-5	1.9320845762041752e-5	1.9422808190884717e-5	1.8749184053728184e-5	2.2163287591910746e-5	2.275407532477316e-5	1.9295635632376497e-5	1.7342860540682167e-5	2.0351806445076566e-5	2.3505561191038138e-5	1.857151965469362e-5	2.3468820304012664e-5	1.7219217447305563e-5	1.0449949999291955e-5	3.590863623700695e-6	6.5687497417333054e-6	1.1718159858252475e-5	2.140167327971225e-5	2.17067665383118e-5	3.223498632300495e-5	2.4070363922532034e-5	8.091610825388534e-6	-1.10696283237878e-5	-2.17049397270401e-5	-6.098843204440686e-5	-0.00010869065502879319	2.6305456185711507e-5	0.00028623045463319063	-3.558669798946201e-5	-0.0004143973237691681	-0.0005276006717104542	-0.0006617573692540082	-0.00021753939012355075	-0.0004007191415624986	-0.00037296190629788895	1.688779499705792e-5	-0.00025047521496355044	-0.0004220826189645435	-0.00021413776483568056	0.00010371500661120539	-0.00026953374097525226	-0.00043924384923125365	-0.00038450954326346015	-0.00025534203875431094	-7.527898661418078e-5	-5.062473484905919e-5	0.13307709976884302	-0.0005582917788162813	-0.0005689433441448226	-0.0005159031194650401	-0.00044781611410185315	-0.00036108153118538655	-0.00026413298140478755	-0.000228075254574394	-0.00021684126686946636	-0.00024964622870890865	-0.0003588085808396528	-0.0004161458479656939	-0.0004146960695954223	-0.0003864335356893421	-0.0003564223525001631	-0.0003440361420921356	-0.0002967931686569461	-0.0002691434344967089	-0.00024659690899507536	-0.00021747866081568354	-0.00018043794679754865	-0.00014719084425905346	-0.0001298319793449805	-0.00011504896811490375	-9.942855253323654e-5	-9.280034770796017e-5	-9.431111184544927e-5	-0.00010015550354564376	-0.0001058562004220033	-0.00010900785744547004	-0.00011674253141231647	-0.00011750178895847396	-0.00011059564146431722	-9.852431515815566e-5	-9.420615015506839e-5	-9.10542973203525e-5	-8.231752658422603e-5	-7.12045053171198e-5	-5.817544325827442e-5	-5.7809259898598114e-5	-5.817036049680577e-5	-6.550300409935775e-5	-7.422004732809614e-5	-8.952570772820939e-5	-0.00011319906771060234	-0.00013185657636279394	-0.00014932369058482178	-0.00016630042411289875	-0.0001927214187617387	-0.00022365535061442086	-0.0002577600842317007	-0.0003055869209577216	-0.0003777047756514402	-0.0004816316427310504	-0.0006162142891753212	-0.0005723015670405524	-0.000545071907866396	-0.0005415624059412153	-0.00048256298058836286	-0.0004651522739847116	-0.00046065628663168046	-0.00040153233685702103
-2.4277449137935676e-5	-2.666624550947544e-5	-3.054481587853961e-5	-3.47539350775564e-5	-3.583846628832507e-5	-3.38369376625975e-5	-3.619580857071704e-5	-3.494161438812558e-5	-3.0237396409426784e-5	-2.7583536492772377e-5	-2.770808732709953e-5	-2.6042254528519347e-5	-2.227684015092225e-5	-1.9938416573155038e-5	-1.852344410290755e-5	-1.614130238215654e-5	-7.907433582704168e-6	-1.989588748743318e-6	7.030471551607541e-6	1.354002155513033e-5	1.9819937485936884e-5	1.8704972025484004e-5	1.9966378131462507e-5	2.177014853110837e-5	2.3024004802306083e-5	2.1974585451517252e-5	2.217193417579366e-5	2.3035790940235425e-5	2.406368655337096e-5	2.3541388289704396e-5	1.8582161982099235e-5	1.8432973509108913e-5	9.763265679317394e-6	5.2608634050661796e-6	4.952687033816898e-6	1.1578735703522344e-5	2.053940272635918e-5	2.4308696350327022e-5	2.459734809714606e-5	3.395652752578339e-5	2.1013629070316953e-5	2.6681697888435163e-6	-1.86176381451221e-5	-3.499914951821462e-5	-9.310945732411875e-5	-8.191390868015312e-5	0.00011930745998567013	0.0002053946527430777	-0.00016742419018116357	-0.0004341318398217234	-0.0005728853217680518	-0.0005473889391565366	-0.00021077453807912677	-0.00047622263555984964	-0.00021156205414060367	-4.294682878639225e-5	-0.00032931362084530694	-0.00037964945879967807	-3.459318242016868e-5	5.399468407107921e-6	-0.00037470531892135756	-0.00042735815677279534	-0.00034780701079406215	-0.00020450543565010693	-1.3028752883417066e-5	-0.0003484734143258117	-0.0005004451361883926	-0.0005613655687910016	-0.000554153474188919	-0.0005018267517915669	-0.00041968154899235666	-0.0003189406371927224	-0.00021612750831200012	-0.0002221994668577705	-0.0002189442510603344	-0.0002933371344264468	-0.0003875512987893022	-0.00039665433751792656	-0.0003945041586505063	-0.00035200792949116946	-0.0003227180531985806	-0.00031483539187368917	-0.00029274198717465366	-0.0002539114631289023	-0.0002138654966402781	-0.0001875525320444403	-0.00016215776982254557	-0.00013555655736579783	-0.0001362333847901992	-0.00012240090237159926	-0.00010656584084134738	-9.420407075504816e-5	-9.483745392517909e-5	-9.525706532592659e-5	-0.0001030476427126871	-0.00010165068301849767	-0.0001045471712457155	-0.00011568114383726444	-0.00011241343040018642	-0.00010225517609084925	-9.814801787055502e-5	-0.00010001101016354069	-9.548647672899535e-5	-8.573823776381745e-5	-7.622024361490787e-5	-7.650560138964396e-5	-8.600237108406794e-5	-9.933120290921485e-5	-0.00012262549622639798	-0.00013674320806103882	-0.0001762227422709775	-0.00021049043731104222	-0.0002446717999667232	-0.00028692138239307455	-0.0003475325746279956	-0.00045476769925572105	-0.000657741964610022	-0.000683196681747298	-0.0006602456536987551	-0.0006691133217547746	-0.0006103287932381421	-0.0005738890841938769	-0.0005601999989541737	-0.0005377286639693304	-0.000531725658874365	-0.0004626717660556612	-0.00048466994610838615	-0.00042857889677818707
-2.4001072317742997e-5	-2.7361615714306415e-5	-3.004371291489118e-5	-3.2872335000257765e-5	-3.057233179099396e-5	-3.3490596534077946e-5	-3.2880481652284785e-5	-2.970921087185616e-5	-2.8655731071174344e-5	-2.5351204188737812e-5	-2.2995817938113554e-5	-2.2304103126328124e-5	-2.1082512061262274e-5	-1.4646780372752632e-5	-1.2609166529366049e-5	-1.1309378392544006e-5	-1.0560544198021452e-5	-4.3503216480555995e-6	4.802487431712112e-6	1.215393410859602e-5	1.86900124283379e-5	2.2343371913931265e-5	2.4498246053300532e-5	2.4989873182389676e-5	2.8511876172749098e-5	2.2076770320698935e-5	1.7978816489500234e-5	1.9227317538139145e-5	2.0249954259536802e-5	1.9823815178916966e-5	1.9662971763507488e-5	1.7041436770298506e-5	1.1773982403189692e-5	1.0345652329615818e-6	8.1220894940226e-6	1.624375569491722e-5	2.1984135658821916e-5	2.945378662104134e-5	2.847291630443151e-5	3.2487903533834e-5	1.6871723498542227e-5	-1.114499077877959e-5	-2.5435883126319336e-5	-5.6679577965746894e-5	-0.00012001319158187924	-2.5636215055099484e-5	0.00018786955171233577	0.00012249118007336308	-0.00023466831257064683	-0.0004566104745771637	-0.0005855008054062548	-0.00034814452411430566	-0.0002919388563640997	-0.000465849424992424	-4.8688735617037626e-5	-0.0001192152374930068	-0.00037140702165453995	-0.0003082999689178398	0.00011494533134993531	-0.00011937064177186194	-0.0004000951314242322	-0.00039941282345325874	-0.00029902968712736816	-0.000151132366285351	5.696447235355867e-5	-0.0004150057888356942	-0.0005234408312934473	-0.0005483021131460868	-0.0005315792597597457	-0.00047480061750532557	-0.0003998846049364964	-0.00028980977015554896	-0.00019441040843143353	-0.00020563598066535016	-0.00017920120615275842	-0.0003126554176170228	-0.00039554513908820685	-0.0004110893302936708	-0.0003732308193646165	-0.00032200288260873094	-0.00028965537965343	-0.00029152837117659217	-0.0002878544353075198	-0.0002379869557781085	-0.00018522621503648876	-0.00015402491312542163	-0.00016764649843044668	-0.00014010288727338976	-0.00011944838172609287	-0.00011898453157639655	-0.00011709441567189435	-0.00010259448298939947	-9.471857286566868e-5	-9.572821885010796e-5	-9.788691376563796e-5	-9.927109152936542e-5	-9.127033158548223e-5	-0.00010781093376550921	-0.0001100865218688768	-0.00010770346056633226	-0.00010681589361931018	-0.00010830812843158968	-0.00011200070062361567	-0.00011130612831379214	-0.00010925293534875397	-0.00011546720708700484	-0.00014035419452530784	-0.00017196201581399714	-0.00020681798869196313	-0.0002663790296415086	-0.0003352078094091826	-0.00045276751334906093	-0.0006175643442745023	-0.0007536432879758775	-0.000752117704416657	-0.0007171271588265592	-0.0006937985610176202	-0.0006862741014086304	-0.0006783528822419237	-0.0006589331250170943	-0.0006545551069485778	-0.0006183326795429576	-0.0005667717979001338	-0.0005602952074274404	-0.0005286855196912164	-0.0005022971933071711	-0.0004693151771362463	-0.0004006409777275021
-2.1758466385514603e-5	-2.3825412156684104e-5	-2.639466293072974e-5	-2.7812943714615457e-5	-2.6502041587206197e-5	-2.7765905313338092e-5	-3.069980516085284e-5	-2.2907154680876143e-5	-2.7230102526921898e-5	-2.312939309344472e-5	-1.9482122824438907e-5	-1.6026131004133904e-5	-1.6436910928207312e-5	-1.3187717229552233e-5	-8.04677217382515e-6	-7.788657995465298e-6	-5.449009957982608e-6	1.6275739176535575e-6	9.387164395411804e-6	1.7327772853723e-5	2.2276930030469197e-5	2.217444743394994e-5	1.883777709505135e-5	2.145439270088024e-5	2.099412730845792e-5	2.5803508053672507e-5	2.193806629250967e-5	2.0446211045316125e-5	2.277587059381324e-5	2.4587991090873826e-5	1.995175283829847e-5	1.860981107171429e-5	6.1931165659103934e-6	3.7005889720826204e-6	5.18008142511104e-6	2.2733144052107523e-5	2.8732235233066596e-5	2.8139305836079494e-5	3.326073038734459e-5	3.184306192588037e-5	5.743946332025657e-6	0.0005865926703738349	-3.714718114816891e-5	-8.597507026187473e-5	-0.00010773120880298338	3.885676578456801e-5	0.0002076761110943095	1.8101293995610376e-5	-0.00031293764852016737	-0.0004773684865910961	-0.0005859455416224249	-0.00024289352204250395	-0.00038790267918760446	-0.0003998712507229281	3.545671865270647e-5	-0.00021999666512768565	-0.0004150466507047042	-0.00022109452974591187	0.00013175342107899987	-0.00023738727870578624	-0.00038875000089259176	-0.0003638214424238166	-0.0002567780969732654	-0.00010955466935112096	-9.68645740354046e-5	-0.0004540441486721239	-0.000531252541413358	-0.0005480527219786473	-0.0005168679249574828	-0.000454970624415036	-0.00036072924063405495	-0.00027304090912923587	-0.0002441771097773035	-0.00019913847663748097	-0.00020831090518551656	-0.00027706653343579496	-0.0003459498327217092	-0.00038988051284834235	-0.0003780456303884537	-0.00031547551299603016	-0.0002607427576780362	-0.000275322631646327	-0.00027773162435650034	-0.0002548474442110385	-0.00016095083233856264	-0.00013296864378011322	-0.00014267628567314616	-0.00014264339051085762	-0.00012091261832481576	-0.00010376867648140276	-0.00011303487890048508	-0.00011753261649300947	-0.00010525364736464066	-0.00010364645930795516	-9.723327254245948e-5	-9.302681818011e-5	-8.998843471601237e-5	-9.497504185884686e-5	-0.00010409476499740125	-0.00011231848236203934	-0.0001182804681759339	-0.00012532277191262126	-0.00014109995742552645	-0.00016200892312152188	-0.00017695016097350746	-0.00020875454628810353	-0.0002676353233065261	-0.0003525743803335646	-0.0005333393101073988	-0.0008334692969667358	-0.0008719992453413636	-0.000865797623933115	-0.0008010872601209307	-0.0007800573032195994	-0.0007310113128320903	-0.0007175248350750445	-0.0007058541086032207	-0.0007262188664791322	-0.000661284102857233	-0.0006968391475068066	-0.0006411953615834739	-0.0006223751588890162	-0.0005535179296216417	-0.0005573201423427453	-0.0005481108284279869	-0.0004882628236219013	-0.00046511227540517626	-0.00045406783682208976
-1.9199396133530184e-5	-2.1816298156570636e-5	-2.3175959944026457e-5	-2.3984112837590298e-5	-2.5962474452744487e-5	-2.66790821308897e-5	-2.5038128509532673e-5	-1.6174855159141292e-5	-2.1699676101133436e-5	-1.944928043867266e-5	-2.1462315302799365e-5	-1.4682885850626597e-5	-1.4273193514146958e-5	-1.530123597975625e-5	-9.368684746177344e-6	-9.525846609995461e-7	9.96269994670354e-7	9.283399950458723e-6	1.702785471001736e-5	2.369884215247791e-5	2.218816563587158e-5	1.7841119524125183e-5	2.431387053605967e-5	2.345920285774187e-5	2.3443286847912338e-5	1.26575911649782e-5	2.2656101333656982e-5	2.3242835717066437e-5	2.493967967906463e-5	1.8855800182414166e-5	1.0244931787683001e-5	1.515119548540448e-5	2.965629471596981e-6	3.6224618053457003e-6	7.619328985016688e-6	1.8638328411028915e-5	3.103041264532983e-5	2.9928719446313534e-5	0.0014681711666157324	2.72278663618385e-5	-9.551569519583407e-6	-3.2189720446454406e-5	-4.5733779492412516e-5	-0.00011198409875399704	-8.127263672924774e-5	0.00010810407351517955	0.00018796225592686636	-6.932898257219766e-5	-0.0003858002285911724	-0.0004914357890442068	-0.0005517480243413635	-0.00017714300345810993	-0.00046970682283757614	-0.0003088786785371278	2.2598873174271145e-5	-0.00028529511574134844	-0.0003942207954261284	-0.00012984059565577036	5.2987913243349866e-5	-0.00030411442628053287	-0.00038004206966753967	-0.0003452576118534098	-0.00023969252750145886	-8.796973410135633e-5	-0.00029641394163389817	-0.0004535504331609416	-0.0005256345954524934	-0.0005409186700313685	-0.0004963169961407117	-0.00043052108975255923	-0.00035342332855865105	-0.00025210580282880243	-0.00023710923462713987	-0.0001836867323783825	-0.00021171362571056895	-0.00032134849668177465	-0.00033247819629161554	-0.00032654878021239064	-0.00033566052861895915	-0.0003256866995039222	-0.00024234385952214346	-0.00024275701405226252	-0.0002716834599479634	-0.0002378144740118257	-0.00018072203230006662	-9.579480909471111e-5	-0.00011932175279739596	-0.00014700405544980713	-0.00012818463063137692	-0.00010746515657173925	-0.0001043526322384164	-0.00012008166529924383	-0.00011592135190120756	-0.00011361914764064507	-0.00010226843121267579	-9.026967924671489e-5	-9.214169945483477e-5	-8.778494600941017e-5	-0.00010501001548347821	-0.00011505968674357936	-0.00013855983874372715	-0.00016888357227441697	-0.0002032781185783497	-0.00026829453673689677	-0.00038577512754796664	-0.0005967551120682028	-0.0007937749178657874	-0.0008461358078234137	-0.0008450086363552718	-0.0008640796935279783	-0.0008344007718661187	-0.0008551003162233367	-0.0007774797049025194	-0.0008085907138560139	-0.0007873747199247175	-0.0007473653602626043	-0.000723249526090328	-0.0007229761662356105	-0.0007054738005037552	-0.0007132463621898222	-0.0006579408090383581	-0.0006368858838944925	-0.0006247530587603824	-0.0005591760954466209	-0.0005496744360036516	-0.00045958807022876066	-0.00046498733834578025	-0.00042827816557717766
-1.7906303890818584e-5	-1.7743318595799234e-5	-2.071794569019278e-5	-2.3991048665912562e-5	-2.0889402034865966e-5	-2.437993258609574e-5	-2.0348986262566735e-5	-2.411535835660037e-5	-2.2798228342603595e-5	-1.3589880397228693e-5	-1.8330679658635357e-5	-7.299690245982874e-6	-9.238735186492368e-6	-1.3090726389171359e-5	-5.0110293833231095e-6	-3.634005347075836e-6	8.853485038737112e-6	1.6174526928859796e-5	2.0375212408116697e-5	2.7880599254531506e-5	1.794134489249439e-5	2.125652727945869e-5	3.0206626887296917e-5	1.759266032277853e-5	2.383284685759674e-5	1.3873203089250462e-5	1.010822974422624e-5	1.2916632595319846e-5	9.044630437942021e-6	-5.3382059130068285e-6	-1.180874125209213e-5	4.305789130733435e-6	-2.7343932630305434e-6	-3.376043375522171e-6	1.1948225185935343e-5	2.7938774821759625e-5	3.6749330487332796e-5	2.8385868746142427e-5	4.02322320125709e-5	1.5413633652847786e-5	-2.1270054711671274e-5	-2.6258939757849153e-5	-4.23724996593839e-5	-0.00011852232011913717	-3.6993063756577196e-5	0.0001457707518429975	0.00017761095531592871	-0.00017286418615113097	-0.00042061073021433873	-0.0004954388234455591	-0.00047647956909679587	-0.0002012324973928864	-0.00048141908140942463	-0.00018269614619542338	-4.603892539770116e-5	-0.00033289072173944487	-0.00036582179043171195	7.270019534294514e-6	2.3194445301043254e-6	-0.0003177530344443749	-0.00038036443484028987	-0.00033091926831142066	-0.00021773764432306622	-6.758123963441012e-5	-0.0003500760947208921	-0.0004868165409655477	-0.0005323921759589449	-0.0005172380769741594	-0.0004896497383835401	-0.00040109931285624983	-0.0002929295795750346	-0.00024466175085890995	-0.00022045869695107648	-0.0001780755433020663	-0.00022466131192151392	-0.00033357487703045835	-0.00032313191430542385	-0.00032121027588628837	-0.0002802815795535825	-0.0003084973323129979	-0.0003290194938439066	-0.00018672735602534574	-0.00023914450825645792	-0.00023619815092733656	-0.00016960410788042363	-7.688596199159972e-5	-7.980794190223447e-5	-0.00015499100944945526	-0.00014040775342090764	-0.0001244789103196052	-0.00010742442808995417	-0.0001134625749452979	-0.00012569560899500926	-0.00012206644896262109	-0.00012123272232020949	-0.00010632988085065159	-0.00010068000416653053	-0.00011192145556908686	-0.00011082625126206808	-0.00014986698907912266	-0.00019631595404856483	-0.0003225675326455277	-0.0005911765970961942	-0.000650733430116162	-0.0007542947902611577	-0.0007726103190466155	-0.0008218667132747423	-0.0008317231337093452	-0.0008362335246806483	-0.0008358158949347584	-0.0008406129747818257	-0.0008249090685226793	-0.000853003469056951	-0.0008243176889710137	-0.000796773744642966	-0.0007642944576270044	-0.0007318617757992845	-0.0007135466204954543	-0.0007212098469301653	-0.0006717524833035806	-0.0006486365499585884	-0.0006354667188843751	-0.0006246042793200089	-0.0005894264826526371	-0.0005790595346212742	-0.00046345894428949895	-0.00047474064620873363	-0.0004564605042382819
-1.572130155170961e-5	-1.5056388184559854e-5	-1.8664386466752964e-5	-1.9488953892810457e-5	-1.550653060843803e-5	-2.1767191326043777e-5	-1.527469199817102e-5	-2.0668718750394e-5	-1.7203592855841165e-5	-9.131077695443291e-6	-1.751111764543723e-5	-6.191956575024495e-6	-1.0874152263048217e-5	-1.3665605781850408e-5	-2.749892218773496e-6	-1.585653105129134e-6	1.8139179080219753e-6	1.6232061796029804e-5	2.19358490806355e-5	1.5216273203466982e-5	1.9750621077312645e-5	2.6465103027356433e-5	2.972290790771194e-5	2.0658510387376247e-5	2.9377827692766458e-5	1.536404951776437e-5	1.543973492893619e-5	1.2867192888434131e-5	-2.95248172156419e-7	-1.0701550383698799e-5	-6.259745424916016e-6	-9.077943130281901e-6	-2.119914328227359e-5	-2.3616350731015152e-5	-6.66260690010672e-6	1.835605111378917e-5	2.3760390334393554e-5	2.605138241468328e-5	3.492233417918579e-5	6.765499370583669e-6	-1.1706179371120604e-5	-8.916369694444634e-6	-3.2750756528412625e-5	-0.00010240753943197706	1.4409918712909517e-5	0.00015879496386979157	8.798563442820144e-5	-0.00023800528310235873	-0.00042215005739676924	-0.0004959127803045617	-0.0003872785210774256	-0.00026163790590007577	-0.00045236545501885564	-2.388651189821553e-5	-0.00010005470277383438	-0.0003658995935840875	-0.0003215013505224705	0.00010647657258276363	-8.307795708534585e-5	-0.0003447826286561047	-0.0003786406756385065	-0.0003111822419448601	-0.0001805948888935864	-1.8842996637839782e-5	-0.000374615066801344	-0.0004640692275012688	-0.0005035219006218998	-0.0004830973697380475	-0.00040523296904269174	-0.0003430191694900851	-0.00026073380673908783	-0.00021352859279561223	-0.0002461516076602069	-0.000154433035786522	-0.00022466741274665414	-0.0002889854426482534	-0.00035240359590096165	-0.0003198962617110418	-0.00030611918591357326	-0.00026316143924599855	-0.00030108660394956646	-0.00024225156880280582	-0.0001489251330241692	-0.00019584526428102073	-0.00018057718818289756	-8.724079869973367e-5	-6.32316222016864e-5	-0.0001088266164401934	-0.00016841395824142638	-0.00015199617981560484	-0.00013504503151590824	-0.0001152222314912063	-0.0001312656080078127	-0.00013740643318256238	-0.00015746995176129513	-0.0001687771521326209	-0.00014377646571353195	-0.00019229384554293738	-0.0002343319008193262	-0.0003515553060316236	-0.0003764427578488959	-0.00043072997587493417	-0.0005289859045199893	-0.0006129607119749123	-0.0007117269407619538	-0.0007677406267366307	-0.0007666303995074696	-0.0008281834289408999	-0.0008637300984637095	-0.0008700019688868965	-0.0008674103760871604	-0.0008624028606193414	-0.0008505896421256466	-0.0008075990058056988	-0.0008054680623154585	-0.000785260871844851	-0.000746654425743884	-0.0007508977661180565	-0.000746183993078622	-0.0007329547769077422	-0.0006780414030238546	-0.0006772368695885395	-0.0006698952085735198	-0.0005805173287952783	-0.0005505256374740714	-0.0004988060234138465	-0.00045315364346457283	-0.0004460239129422394
-1.2476596737633246e-5	-1.5112572936235198e-5	-1.767230840696776e-5	-1.6459715214607075e-5	-1.2063841385817446e-5	-1.1462899376446858e-5	-1.5443987229216746e-5	-2.3652868222790845e-5	-1.34175931633786e-5	-1.3775435748694664e-5	-1.5089063506697545e-5	-3.0296541778150957e-6	-9.489475589325412e-6	-8.041979207128874e-6	4.436421162617825e-6	1.3311970015889019e-6	7.2469797128332444e-6	2.3700800133781043e-5	2.677088582064835e-5	2.7418016308408157e-5	1.7377876070112132e-5	2.343983234018212e-5	3.1699483352370765e-5	1.766404866235423e-5	2.7266184217129147e-5	1.7713716825274416e-5	1.2537987917858595e-5	1.0287134847848482e-5	1.1648345965087695e-5	-1.9469819463255322e-5	-1.3734371545333184e-5	-1.6415270199989646e-5	-2.575481850464363e-5	-1.7931904268213804e-5	-1.0977789353548359e-5	4.899988672734008e-6	1.5181830455334236e-5	1.9489666659515924e-5	2.357860108873587e-5	3.061903249934432e-6	-2.0764172819305246e-6	1.132083618472432e-6	-4.355820472433207e-5	-8.23029573388933e-5	2.761821694626833e-5	0.00013557685922820258	1.7513725153288362e-5	-0.00026349631682847686	-0.00042958766985411005	-0.0005010446286145796	-0.0002981497311017878	-0.0003102771440276729	-0.045736862398228995	5.3637716965464904e-5	-0.00014908300080551662	-0.000391397091811449	-0.00026305418411457296	0.00012369429307429805	-0.00016476024249133595	-0.00036617953348130547	-0.0003765033800571041	-0.0002899779605173604	-0.00015833559000597366	-0.00020249530536739502	-0.00035826232871408875	-0.000449784519475447	-0.0004969365644653077	-0.0004861264975069765	-0.0004145602471874142	-0.0003418262402884835	-0.0002295367815242054	-0.00020893486104428538	-0.0001815790014853512	-0.00018024503146540222	-0.00021159213136603613	-0.0003139717209030106	-0.00027682251494765345	-0.0003559720708284052	-0.0002609286956336068	-0.00031775361156952814	-0.0002068394749357369	-0.00023833881132801285	-0.00019003432152105842	-0.00014293554162101915	-0.00017240395753593055	-0.0001192888878258011	-2.2914648327692494e-5	-8.35998514490087e-5	-0.0001526239025114763	-0.00019655025875310941	-0.00019095605617146932	-0.00016759712423214043	-0.00016417239808493717	-0.0001835947436592232	-0.000259777045254813	-0.0004933372688121183	-0.0004658596319795892	-0.0003968763751470948	-0.00032517906097635427	0.054489259210545836	-0.00034609850962583066	-0.0003922789056629884	-0.0004876595158026173	-0.000570784689255064	-0.000656227115462208	-0.000743923635468987	-0.0007841349300712237	-0.0008439101633348281	-0.0008380297475559483	-0.0008531691480118814	-0.0008816086172138034	-0.0008763631458475092	-0.0008354788347004344	-0.0008135859302167876	-0.0008335627520227127	-0.0007825894836343845	-0.0007290600926277997	-0.0007608046949630475	-0.0007764689532129259	-0.0006951330400975942	-0.0006918927110497602	-0.0006737661778196194	-0.0006331326722695384	-0.0006607019749111254	-0.0005331147627594523	-0.0005382061348370784	-0.0005294972916863264	-0.0004940784465508764
-1.2822420916388556e-5	-1.1631188321780273e-5	-1.5608557310412084e-5	-1.25815329644419e-5	-1.0243024512347071e-5	-9.881172374195859e-6	-1.2481918294630391e-5	-2.276061098437348e-5	-0.08749730744982191	-1.0603916250661368e-5	-1.82871803260814e-5	1.079277885324744e-6	-9.273763546912943e-6	-1.0450041272851845e-5	5.958021604833726e-6	5.961551105201912e-6	9.653197524639966e-6	2.66817888855235e-5	3.239160188662181e-5	3.0956151423700354e-5	1.7467688379177622e-5	2.598584792820862e-5	2.626712288921352e-5	2.8895711250728588e-5	2.317665005171967e-5	1.0448396538156185e-5	2.5787000122582705e-5	2.2729652578504234e-5	1.5679833268366847e-5	3.4651942990363005e-6	-2.8091084944823798e-5	-2.2831882600911693e-5	-3.583755469412e-5	-1.665933218306971e-5	-1.937204129531453e-5	6.18221905959726e-6	1.239049626951521e-5	1.966173846131014e-5	1.3279845630272125e-5	-1.1786587602192339e-6	-6.954049597447665e-7	1.3562202739970594e-5	-4.90515863831812e-5	-5.170957616089378e-5	0.005270984752409318	0.00010389237196559674	-3.643060604487797e-5	-0.0002803691530274457	-0.0004044349410502624	-0.00047944697098524156	-0.0002159482526847313	-0.00034701457318330603	-0.000318864302262592	6.271458672258562e-5	-0.00018640815471933359	-0.00036796117958582536	-0.00018750811429804962	7.727126780663132e-5	-0.00023483857752295764	-0.0003585899826076891	-0.00033540198038839106	-0.00026920038857574866	-9.375975311030557e-5	-0.00019051727860250334	-0.0004309559928535045	-0.0005642488333837924	-0.0005218081129817684	-0.0004841278392910507	-0.0004319768424649456	-0.0003391291921047389	-0.0002311760788462243	-0.0002176158700006696	-0.00015641919894754386	-0.00013011495549400398	-0.00022348704926825405	-0.000267059730677411	-0.0003560205284291844	-0.00023742160596036677	-0.0003718563420618097	-0.00025010292390922895	-0.0002458256688269919	-0.0001595717600785286	-0.00023672371818198382	-0.00015776705063240762	-0.00017018065686259104	-0.00016207445725779923	2.933992721085993e-6	-5.489000760861007e-5	-0.0001739588579349055	-0.0002600857617728741	-0.0003661295697740888	-0.00047715246733349287	-0.0005187053124327233	-0.00040775514236141355	-0.0004099595890343609	-0.0005441217609098402	-0.00040463602301058985	-0.0004154462976435104	-0.0004099013206182271	-0.0003501700625600443	-0.0003306777448478654	-0.0003413334338482968	-0.00042046523272224606	-0.0005112803810295059	-0.0006178161849083527	-0.0007084205688951198	-0.000796184309260952	-0.000826051839556731	-0.0009166002603103185	-0.0008689637064009277	-0.0008582704441053267	-0.0008102883535107339	-0.0008574880907283658	-0.0008326167532930577	-0.0008424852892326574	-0.0008077652071010466	-0.000829052634200968	-0.0007707399574878419	-0.0007672302942420516	-0.0007363919767228774	-0.0007269064203373806	-0.0006694995837515545	-0.0006703254765356211	-0.0006134830307484313	-0.0006176106673587596	-0.0005599531043714873	-0.0005297822753755344	0.08776624542500776
-1.1418439910227621e-5	-1.229959387214364e-5	-1.482908615861719e-5	-1.3023403589004692e-5	-1.0996585668421842e-5	-1.0292273931722645e-5	-6.23087527347509e-6	-6.085142752372281e-6	-1.474246333165027e-5	-1.3265508472509041e-5	-5.133687028268958e-6	-3.045448093198528e-6	-3.712658657069323e-6	8.686178684961729e-6	3.2806658409843814e-6	7.900623320172308e-6	3.439697559713597e-5	3.2974961152463025e-5	3.5378254293672896e-5	2.992437020074047e-5	3.2966569131118693e-5	4.336805932707473e-5	2.5297838892614742e-5	2.2475686954474307e-5	1.922672386372396e-5	1.605355050065746e-5	2.8531570892237172e-5	1.894759471283286e-5	2.1004862275518163e-6	-3.4713990200180983e-6	-1.1169644005830544e-5	-2.5773285383602802e-5	-1.2852886916120236e-5	-3.1482482444568013e-5	-1.1606622727809365e-5	-4.062044304435977e-6	2.3086419766453654e-5	1.8448223444212687e-5	1.5654179514614473e-5	-7.456024019763044e-7	4.393262563635869e-6	1.3159129360717885e-5	-4.6592682691627e-5	-2.9629456052299857e-5	4.0561706922924434e-5	7.496199844669524e-5	-6.967244067486791e-5	-0.0002732131660764404	-0.0004006564009435918	-0.00045921542577657265	-0.0002121588339558389	-0.00037603152736346776	-0.00021973380306267165	-6.333360734727539e-6	-0.00017797770114017647	-0.00028396876023805556	-9.62802321267768e-5	3.569399217818667e-5	-0.00025207081153291733	-0.000360777002062114	-0.000348239156571558	-0.00022607667478531657	-0.0001403819042001403	-0.00035409784779902656	-0.0005667125990769899	-0.0005763030934370292	-0.0005681484259185271	-0.0005045401255490169	-0.00042891060350732854	-0.0003332963107870353	-0.0002515039525426144	-0.00022058866651049683	-0.0001373015670190665	-0.0001256397208992087	-0.00017564373795469698	-0.0002482779952310034	-0.00026856639149999	-0.00029007706657925916	-0.0002478139354378066	-0.0003309591705379089	-0.0002371813311008962	-0.00023376133231802626	-0.0002243312853598793	-0.00022196484741800887	-0.00019446674364787322	-0.00022637793256922653	-9.810901363017932e-5	-2.7048439859428397e-5	-0.0002806373902816857	-0.0006490829245722925	-0.0009678994931970955	-0.0010089265436801463	-0.0007692851904128085	-0.00046502566310255983	-0.0003075648475118174	-0.0004993173479956974	-0.0005110049764930902	-0.0005144538080671494	-0.0004470947989523161	-0.00038345116104695695	-0.00033791998153885963	-0.0003195876579781959	-0.0003702567032940092	-0.0005034493790216296	-0.0005997316163087671	-0.0006693219544448917	-0.0008075043416398697	-0.0008280402780439476	-0.0008775024775342297	0.16729685447000422	-0.0008604124650105939	-0.0008504725224132807	-0.0009018788970065889	-0.0009195369851731743	-0.0008543391259339343	-0.0008016381776150636	-0.0008346693067436128	-0.0007687423492490787	-0.0007673605174310545	-0.0007414144689540155	-0.0007152271257974269	-0.0007121277514746983	-0.0006626938593582224	-0.0006535378484922878	-0.0005842681516940798	-0.0005275101986137749	-0.0004760504226193271	-0.0004728849759049001
-9.589680487957601e-6	-1.216558080403135e-5	0.005846275824004693	-1.0589410463681791e-5	-1.340133112500471e-5	-1.1236675435336973e-5	-6.527776591567624e-6	-2.8446031321476342e-6	-1.3906106539180417e-5	-5.295795505410022e-6	-2.9965521315916503e-6	-4.0493924486901915e-6	-6.394189385058261e-6	9.682202205241706e-6	5.916463564187811e-6	1.996860669764393e-5	3.3925576601451235e-5	3.464888512769767e-5	2.7569233992073838e-5	3.745619989300661e-5	2.212134944136728e-5	3.110018632272553e-5	3.756855476992789e-5	2.9032031938539503e-5	2.584196323292612e-5	1.7355829716654038e-5	1.3989398115941097e-5	7.770150763585469e-6	-1.3098836262621233e-6	-1.4051200017970236e-5	-1.4953191564744811e-5	-1.3220399989045777e-5	-3.406716992543097e-5	-2.2030093257442707e-5	-1.396612490478337e-5	1.865784264012873e-5	2.023476681296734e-5	1.7238766446226947e-5	2.460748497871458e-5	3.8960762730171766e-7	7.708666412446427e-6	7.901170622718473e-6	-4.1179453230590773e-5	-2.4376083234160448e-5	3.210752452971477e-5	6.146409641883191e-5	-7.811673450350103e-5	-0.0002705301402566949	-0.00038472810391806077	-0.0004489906064715325	-0.00020210967319016226	-0.0004145788344393775	-0.00014793749937309225	-3.271576065611015e-5	-0.00018351229271861697	-0.0002513258274975186	0.00010948037775610972	0.00025687728356753314	-0.0002704353922549328	-0.0003627789744520618	-0.000347944709860621	-0.0002089614994688245	3.851662461629851e-5	-0.0005385181393760367	-0.0006008555108647472	-0.0006715792203924008	-0.0006635220592258496	-0.0005674165332709112	-0.00045808357464682467	-0.00033367435680166715	-0.0002555106055793059	-0.00019952823496292155	-0.00011013284911213367	-9.453354070897146e-5	-0.00018303649723921261	-0.00024398339143949163	-0.0002937855274852408	-0.00026586357784567916	-0.00021812570722952798	-0.0003003934999183666	-0.00024615948122311965	-0.00021295842635117232	-0.00020076741050895075	-0.000425973977668994	-0.0006981297866952112	-0.000963463565222325	-0.0007518317399028696	-0.00032718555159237314	-0.0008004600933714072	-0.0004223872123831733	-0.0008653851447069927	-0.001153643097407623	-0.0011051661408549227	-0.0005650651365741999	-0.0003988631764868626	-0.00043732278626109483	-0.0005113246679647361	-0.0004856052346607215	-0.0005175769530975025	-0.0004916775840071649	-0.0003866369075616362	-0.0003450680946537332	-0.0002909471763555896	-0.00045267988922452485	-0.0005298589923568263	-0.0006140929618698825	-0.0007263223789229743	-0.0007791373784408855	-0.0008593705152007414	-0.0009006399671255931	-0.0008852306355457661	-0.0008539438421922146	-0.0008509682377310333	-0.0008537422074362307	-0.0008824395132775616	-0.000804723618295141	-0.0008069097189099088	-0.0007966749817668334	-0.0007974690478145582	-0.000770480916458113	-0.0007276467656463104	-0.000731797957567986	-0.0007008773519260984	-0.000689223960706432	-0.0006364571409993563	-0.0005921874050656382	-0.0005618741524685607	-0.0005164852573836393
-1.0169544022533596e-5	-9.652539059658207e-6	-1.1019317877061178e-5	-1.2147745866674092e-5	-1.6463709127825885e-5	-1.6945806217939178e-5	-1.1404045233912984e-5	-3.732299739449621e-6	1.0163160193250257e-5	-4.127642291005575e-6	-1.2579396131522091e-5	6.13245144226969e-6	-1.9149287393402034e-5	1.503368978351266e-5	1.5580752698229547e-6	3.584027843820184e-5	3.178346880713771e-5	2.007135851403094e-5	2.5476161253290205e-5	2.9261206817483322e-5	3.426418966970008e-5	3.926375833946012e-5	2.6975051707319245e-5	3.4387675045270856e-5	2.836151114145053e-5	2.3233144886029497e-5	2.7816152789873587e-5	2.2673252686152348e-5	1.0819854038331828e-5	-5.071836504922343e-6	-1.3705371730630793e-5	-2.427847551364319e-5	-1.5723665376990957e-5	-3.816708300482304e-5	-4.4013329710424626e-7	1.8363858552837738e-5	3.4154275570935644e-5	2.4801469770594463e-5	2.205082705677725e-5	3.5769392336309005e-6	7.543463247171138e-6	4.91853029116994e-6	-3.24782399683133e-5	-1.7536401509523833e-5	3.185945266176264e-5	4.795317908273637e-5	-0.00010062979227676294	-0.00027871207284582353	-0.00038551116395414524	-0.00043326341807444976	-0.0002326847288176663	-0.0003875820931277356	-9.73722543741451e-5	-7.344811407726873e-5	-0.00020862360340136166	-0.0002256263845895612	0.000164806165383561	0.00028788058618368917	-0.0001443171319557776	-0.0003207131720590027	-0.00025111774605698564	-0.00012467574128476044	-0.0001428690199478666	-0.0006537416506096141	-0.0007762815776930949	-0.0006470681738926336	-0.000614660021762848	-0.0005148877705533211	-0.00039030188952971986	-0.00024404530568492358	-0.00018204655318366375	-0.00011932593181563853	-5.187703992727208e-5	-7.241677896663995e-5	-0.00015858057103579348	-0.0002191240397247593	0.14248099927640506	-0.00030858022234030516	-0.0003449023619657432	-0.00023405613376473525	-0.00044966354510560247	-0.00030289008396680236	-0.0007305319121549483	-0.0005502659026286778	-0.0009016540707226968	-0.0011023612638103204	-0.0013103321927412231	-0.00011593024203159288	-0.000473223961154276	-0.0006108404538348461	-0.000783172217722148	-0.0012411249633841742	-0.0014219546588421436	-0.0008743154469902439	-0.00046765352281624706	-0.0003632455895731697	-0.0004581364513992804	-0.0005137416218153369	-0.0005292057215578252	-0.00046628054365966537	-0.0003725919216798594	-0.0003517358580827981	-0.00032366398903475174	-0.0003848782233932882	-0.00047907411832720515	-0.0005571914010347664	-0.0006634310723311818	-0.0007298604005456094	-0.0008052760656408232	-0.0008610127718525901	-0.0008396156409040158	-0.0008351740760905932	-0.0008621778423264972	-0.0008585812115565958	-0.0008402687445428943	-0.0007872979189676305	-0.0007910182016671562	-0.000807982337147628	-0.0007900737090591175	-0.000782888061034168	-0.0007754233558629042	-0.000688267497154409	-0.0006987332530508737	-0.0006959209259002012	-0.0006777046930648949	-0.000620420723418131	-0.0005999705782525327	-0.0005612156110538016
-4.024588482842793e-6	-1.2831647334845923e-5	-1.4951966577293925e-5	-2.9300233270993133e-6	-4.169099300000995e-6	-6.7143199127765035e-6	-1.3621206236503688e-5	-6.3127302861519345e-6	1.916767776942961e-6	1.5369533966922214e-5	-1.3807557161971303e-5	-1.6722956916806475e-6	1.5813644510347374e-5	1.8702779521493143e-6	2.8344348790808327e-5	3.190087656654208e-5	1.3445674418690115e-5	3.182765592583698e-5	5.56938075383295e-5	4.52933575037116e-5	4.890649105582668e-5	4.235449791887766e-5	3.303206258379373e-5	3.762044428800085e-5	2.9697450962132624e-5	2.9263270299247253e-5	2.6582206298880577e-5	1.271206897179248e-5	1.0644132784377869e-5	-1.703801103024663e-6	-2.041673125702248e-5	-2.5515688887927865e-5	-1.277995004310764e-5	-2.8590963479114412e-5	-2.0874242068484768e-5	6.263524804611502e-6	3.5127702391855864e-5	2.5487269332265076e-5	1.6576455931635245e-5	3.5556321987184267e-6	5.59156119301317e-6	8.113548221407203e-6	-2.623043046331465e-5	-1.1347550566299242e-5	2.9412306648372855e-5	3.499090520152695e-5	-0.00012134945553726913	-0.0002888891815718865	-0.0003751591060583478	-0.00040820762802645273	-0.00024905573358866007	-0.00038143467573055825	-3.839407194733066e-5	-0.00011679306942142392	-0.0005297894838953397	-0.0003222876727255672	0.0001199436274390217	0.0002012387051030136	-7.119349330984154e-6	-0.00021591342495592275	-0.00023114757409124428	-0.00030559578734299514	-0.0004959962570261905	-0.0006049092533084652	-0.0006417919284104449	-0.0005751004084628489	-0.0005197193561103097	-0.00041764656509004836	-0.00030943848609334135	-0.00017889699663277067	-9.25336819646537e-5	-1.2119539256720546e-5	-3.5296108026345446e-5	-3.777284774027223e-6	-0.00012196208727622768	-0.0002178531515644247	-0.0002570950248309209	-0.000281783769039666	-0.0005245796940410441	-0.0009625063320927579	-0.000609141437199999	-0.0007963051289693567	-0.0007594022914062665	-0.0004172357449209324	-0.0007052491251126163	-0.0010941206759866595	-0.0013849080515498588	-0.001110755243718172	-0.0006343715877100455	-0.0008641738221499759	-0.0007378393885692884	-0.0011203045719387038	-0.0012925731979304862	-0.0011570922642516884	-0.0006574108143281299	-0.00033926311334255346	-0.00033537972128410906	-0.00045976100723852525	-0.0005167559206389026	-0.0004695712935978355	-0.0004746986224848232	-0.0003685599438835174	-0.00031692886193245354	-0.00039048518335254787	-0.0004607229189476647	-0.0005377464114709324	-0.0006076090135285345	-0.0007041876053971718	-0.0007714505510206422	-0.0008344392788306627	-0.0008842447952214609	-0.0007989917041656067	-0.0008381939356559131	-0.0009338804373391907	-0.0008126824132463455	-0.0008104351036683326	-0.0008723246202842812	-0.000756422207877144	-0.00081075718291637	-0.0008366848813486181	-0.0007603310111679515	-0.0008046108966900875	-0.0007308208383220108	-0.0006695467032137494	-0.0006737028962152704	-0.0006372329161715394	-0.0005926360308820388	-0.0005858140466209055
-7.160038719149393e-6	3.1380148067701452e-6	-4.575592120362008e-6	-5.100991233683745e-6	-1.5033472303398882e-5	-1.750509936657152e-5	-6.746161119693724e-6	-7.395194791552564e-6	3.1161091496858737e-6	1.533216927441898e-6	1.5893665055658878e-5	-8.953417990733084e-6	1.0820685238403707e-5	3.5814926586507506e-5	2.0613037290517083e-5	4.9665337367352756e-5	2.6499737566516683e-5	4.441129984817174e-5	3.2097462625063286e-5	3.675633953779088e-5	3.4286119378725347e-5	2.7294023540315286e-5	4.040966729095506e-5	3.67496559751249e-5	3.293266493493638e-5	1.964663590126557e-5	2.851956099557927e-5	1.1386105777839994e-5	3.3234065271916385e-6	-1.4769861104556997e-5	-1.538005850660381e-5	-2.000442632290461e-5	-7.068925864041516e-6	-3.056469222249142e-5	-7.84428021453551e-6	8.311387553671876e-6	2.1576546398627446e-5	1.9835319406392125e-5	1.530070628031656e-5	5.159149469940137e-6	5.396531267101885e-6	5.360523410249431e-6	-2.1038256159964033e-5	-5.642818089960505e-6	2.5032005942886293e-5	2.106322223951497e-5	-0.00013293056685568724	-0.00028732979078481546	-0.0003612855425439744	-0.00039581467939516467	-0.00026578408745354595	-0.0003738388934439868	-5.755381445949129e-5	-0.00019071822079941292	-0.0003193531843462792	-0.00037219665503275545	1.3182198297344294e-5	2.13620229816934e-5	-0.00010609806677533765	-0.0003493368984667719	-0.00040633677231977083	-0.000396161614099437	-0.00042528246030912667	-0.0006484417468645767	-0.0006377080231391961	-0.0005750271741991435	-0.0005015969693745147	-0.0004023377182305922	-0.00027793930697976935	-0.00017211434407467946	-0.00017525759244893524	-0.0001597101522581891	0.00016607697597573537	-0.00015856538488484562	-9.869618461475632e-5	-0.00038768725298208434	-0.0006079996278511059	-0.0004723221342230015	-0.0008221612785605341	-0.0010645862807251959	-0.0006277647208031804	-2.5539641989799633e-5	-0.00028159264577444845	-0.0016106037958700525	-0.0006708708069212872	-0.0011762700102488366	-0.0015014429648207463	-0.001725141999626631	-0.0011235448323402772	-0.0005830952819934135	-0.0008712403543834762	-0.0010546261298006836	-0.0012184466732746355	-0.0013556607748941955	-0.0009924932611610898	-0.0005746672424250879	-0.0003945296130915786	-0.00045592380335706187	-0.0004518294283444198	-0.00046424338444664426	-0.0003697955214374167	-0.0004297601869426154	-0.000317948912430515	-0.0003595268089988911	-0.00039702523254052033	-0.0004458994249680569	-0.0005567812463315967	-0.0006332053997110121	-0.0007047872233436128	-0.0007736915094464121	-0.0008255993619516507	-0.0008345323187564698	-0.0009107517929792322	-0.0008416483095240266	-0.0008658265981270358	-0.0008652519836802996	-0.0008140146828502278	-0.0008091993353479768	-0.0007125989735009414	-0.000773135506335022	-0.0007726330799272523	-0.0007519299348988408	-0.0007300284233873432	-0.0007071533240823446	-0.000645862334928797	-0.0006509479141391522	-0.0006256857692631818	-0.0006150485318756008
5.400906817317006e-6	4.328136261389816e-6	-3.4179960560010506e-6	1.0445342431709276e-6	2.5338876079284388e-6	1.5294199102165208e-6	1.1575618611976528e-5	1.2405383847989906e-5	-1.534521738166426e-5	-3.5421773923304672e-6	8.761262551494793e-6	1.784693527239877e-5	-1.4120856038559327e-5	2.0613235769445688e-5	1.5855736224304993e-5	2.6990468552636968e-5	4.007858957254598e-5	3.9913561773177383e-5	2.25068629738142e-5	6.093292042696867e-5	4.809245677530553e-5	5.491769417909423e-5	5.1423318081478785e-5	4.283639068892314e-5	0.00121387057735805	1.765625847567273e-5	2.543648698681393e-5	1.2350229554856408e-5	1.040754532685359e-5	-8.994440791124103e-6	-1.4044966519552275e-5	-2.224504175426991e-5	-1.0626104020674577e-5	-3.528434011222832e-5	-1.3483141860491134e-5	3.7301661517637544e-5	4.0630463830643865e-5	1.1161004547866407e-5	5.7578318404371415e-6	1.3286908753145157e-6	4.397116374352597e-6	-4.393879081648726e-6	-1.2064651264240452e-5	2.0765814084553955e-6	2.145665361098087e-5	1.1772754199453062e-5	-0.00013295502975267312	-0.0002712960759537232	-0.0003410734718397798	-0.0003628691304597212	-0.00027041956076733625	-0.0003684138654108486	-0.00013898316429152013	-0.00032699046732462267	-0.00038141825788257436	-0.00030882361894092256	-8.408217561442499e-5	-1.2921328141572014e-5	-0.00023944489585103063	-0.00036671681411578477	-0.0004214723497357291	-0.00016065177960936788	-0.0004802427417457261	-0.0006412858767775552	-0.0006207101225521282	-0.000564417502952122	-0.00047892102591432645	-0.0003797089220001007	-0.0002594761629995043	-0.00015920524801911126	-0.0001607181596380118	-0.00010528123367244471	-7.373174778189939e-5	-0.0013699768377584479	0.00028902601536921757	-0.0003998697611397317	-0.0010197317399989955	-0.00033257449943502673	-0.0005816409420896992	-0.0011373210725214473	-0.0004707125115990113	-0.000528025647769572	-0.0008332557300855421	-0.0006195475961683766	-0.0017335649441971822	-0.001319150970575944	-0.0009219344490889354	-0.0017003683266242874	-0.0013757297396221023	-0.0009784464780407398	-0.0006179078671604207	-0.0010035305481157115	-0.0011470452260329417	-0.0012904556292861816	-0.0010844406894087305	-0.0007201196256510257	-0.0005059331116227285	-0.00047561697213028414	-0.0004873613857793446	-0.00039405466616950977	-0.00035461744661395567	-0.00030761191743573085	-0.00034844695166779197	-0.00035190229145162094	-0.00041224552036140186	-0.000441432999413998	-0.00047920876830934156	-0.000586255851743123	-0.0007299561056821335	-0.0008007023489652477	-0.0008044014894697908	-0.0008152820095278564	-0.0007902896481746646	-0.0008982185337234969	-0.0008551187642659094	-0.0008878835485294587	-0.0008126345319825045	-0.0007657208508915752	-0.0007633747190231507	-0.0007604066116898879	-0.0008190785642727023	-0.000727592943317772	-0.0007622443150149052	-0.00070892989562088	-0.00073328366129383	-0.0006794895234169852	-0.000645972485099032	-0.000634830967057758
1.1608766876383333e-5	-9.620117975340549e-7	-5.06895099923162e-6	-4.549768166655244e-6	-1.1340397916244967e-5	-5.871507264762488e-6	2.227964244626464e-5	2.807120766683182e-5	1.893171345818817e-5	7.501213799415707e-6	-1.118264954621433e-5	3.436869622176677e-6	2.8064242050596967e-5	1.129202249988779e-5	3.0163575369542527e-5	3.30223431607192e-5	4.1201762742684375e-5	4.958488179892997e-5	6.197156976169363e-5	4.5582308585740035e-5	1.95541153489567e-5	2.1197574109422038e-5	1.7648444101524968e-5	2.162111345646242e-5	2.4757938897244057e-5	2.7794714816948944e-5	7.15375023324985e-6	1.821877032917585e-5	1.2050599577451485e-5	1.354975755619818e-6	-1.3342642425488195e-5	-2.4132983565076233e-5	-1.6740012630744004e-5	-3.320638550480086e-5	-6.346047219619663e-6	2.5718737223993753e-5	3.484333674667536e-5	2.5500928884270198e-5	3.3016015203897464e-6	-3.2887129076866056e-6	-7.668499309946425e-7	-1.035459166597464e-5	-3.938730574332139e-6	7.106050810713055e-6	1.6985409623943015e-5	4.1083943435856266e-6	-0.00012762561827023636	-0.0002577310878051301	-0.0003249175355049365	-0.0003564893033959453	-0.0002805596569996349	-0.00036487008244412075	-3.8332810794929756e-5	-0.00034539319390030146	-0.00044852672834942015	-0.0002819089248281767	-7.903755776163951e-5	-0.00013045471412322096	-0.00038743179918377876	-0.0004830164695816819	-0.0005394749120015731	-0.0001689384527994546	-0.0004969635213698982	-0.0006329290122152227	-0.0006028506311121437	-0.0005430519167985356	-0.0004564937630983576	-0.0003576057154997675	-0.00025130234771819984	-0.00016643656039526736	-0.0001566855678406323	-6.922282555759524e-5	2.298467991889569e-5	-0.0010092332631823735	-0.0004492572816625767	3.5227217031006536e-5	-0.0006593587443485399	-0.0009326549984525409	-0.0005514242516313321	-0.000578619146781147	-0.0008961018333397339	-0.0009834306605800876	-0.000852945736384142	-0.0011136108841384822	-0.0016864210941797998	-0.0015939598144252415	-0.0018822441864960356	-0.0017356268786788455	-0.0016725761010374061	-0.0015969051509910279	-0.000962666320328525	-0.001109946555432565	-0.0009952440682887455	-0.0012242167667163122	-0.0012865652759081955	-0.0009708765329814913	-0.0005148729177316576	-0.00045414177077133036	-0.0005303071614779983	-0.00046721845609618354	-0.0004017226125797163	-0.00045267515448978515	-0.0003701866390032685	-0.0003515382772443891	-0.00039919949471056704	-0.0004314667131238327	-0.0004813297145014536	-0.0005528456683775735	-0.0006267224228440841	-0.0007530535647815549	-0.0007974327053848415	-0.0008602012868945842	-0.0008277063671556419	-0.0008341536067869165	-0.0008760129608796803	-0.000833655569395424	-0.0008302627738088469	-0.0008051036320022749	-0.000796371906069699	-0.0008073506176846466	-0.0007392271174171388	-0.0007471319213054207	-0.0007674239686924437	-0.0007738737786689136	-0.0007364122575073077	-0.000698193576747011	-0.0006591729746784937	-0.000644340746782518
-1.0141521842687955e-6	-4.5786687478564445e-6	-2.9303381051423542e-6	1.3744349450608203e-5	4.115060496946276e-6	6.101412428950476e-6	9.230426737348845e-6	3.103395957912685e-6	1.5486188412628266e-5	1.692110968514295e-5	2.6047067866832342e-5	1.8626226602758145e-6	1.5626407039539582e-6	3.432870085933034e-5	1.4549832652718461e-5	2.641397347754367e-5	3.077721296242987e-5	4.125040556964693e-5	1.1766692894566236e-5	6.152768901302157e-5	5.094158492550873e-5	4.9371524282596814e-5	3.5206973840202355e-5	3.1738777596769865e-5	5.2097044120629106e-5	4.507365512676064e-5	6.759270606876595e-6	1.8021214397601244e-5	1.0078620295652686e-5	1.4273948476103623e-5	-9.400342069424555e-6	-3.074411249561794e-5	-2.1710502173702233e-5	-1.9562115153117822e-5	-1.1093774094890832e-5	3.0730495017162324e-5	4.998587515962511e-5	2.1416810281607232e-5	1.231805877948116e-5	-4.179275555184561e-6	-6.1183006496443385e-6	-1.2390617244793616e-5	-6.556291219563665e-7	9.03035900288833e-6	1.464152538197417e-5	4.7237369696145545e-6	-0.00011388425467202465	-0.0002389657662558737	-0.000306927648677539	-0.00034851977115694585	-0.0002913939669527306	-0.000345612819619822	-0.000144671852436197	-0.0003471191342262897	-0.0003973223439688624	-0.00029339564711766686	-0.0001484744810366541	-0.00020824565499311457	-0.0004587273903940668	-0.0004309406405550789	-0.00028158646470100024	-0.00018098026985033377	-0.0005085021347918384	-0.0006306749475654475	-0.0005924768446078504	-0.000518480619674834	-0.0004421142702241629	-0.000344115828815935	-0.00022798027081395375	-0.00016016525754324398	-0.0001484116477954399	-4.9777957263942574e-5	1.9198051236842678e-5	2.3906368335673348e-5	-0.0012456525905982924	-0.00011858033001485233	-0.0006004193052401748	-0.001047357278821659	-0.0006403266227797064	-0.0004167202745787406	-0.0008905415879245995	-0.0009329711321060842	-0.0009625963652082695	-0.0010542250891286582	-0.001100667111201322	-0.0028426948909805565	-0.002204199975449836	-0.001971493686703848	-0.002435847473380385	-0.0020983949444437593	-0.0011690946154175805	-0.0013046955848095183	-0.0011838669178526953	-0.0010682347175491186	-0.001301799375046618	0.27373598803568383	-0.0007709593612538305	-0.0005869138332607014	0.11265086350849968	-0.0005203384535008501	-0.00038092615755941014	-0.00041459658162981347	-0.00036958326583803533	-0.0003836713312289561	-0.0003205319452329221	-0.00041535224848052166	-0.00043191092124464023	-0.0005178143468805192	-0.0006488206965248565	-0.0007681067437919232	-0.0008355088627746456	-0.0008600792533773952	-0.0009263993028165579	-0.0008297558530209487	-0.0008785998023813201	-0.0009387721269370642	-0.0008543418858399533	-0.0008368226691018305	-0.0008036222880387651	-0.0008930160917859642	-0.0008053716169561641	-0.0007843073767668188	-0.000768973303622543	-0.0007270458743412807	-0.000695901728769337	-0.0007611842354289435	-0.0006867808099747953	-0.0006684623899083728
-1.3322331908710659e-5	2.938775690082985e-5	1.0995391085252479e-5	-1.9083953490292398e-6	-7.713318181325375e-6	-1.0814834483681424e-5	-2.632180551564176e-5	2.5659952709736547e-5	-2.3315585328035054e-5	-1.450449042095887e-5	-2.63171684883887e-6	1.0738853975446501e-5	5.2162473299902003e-5	1.3472884041591283e-5	2.8766766288382088e-5	7.95261289655326e-5	3.619673172251727e-5	8.664857976904607e-5	5.163359037042587e-5	1.1914219567518702e-6	7.695974903307225e-5	7.33483432406026e-5	5.3401283972597836e-5	4.4760655391038774e-5	6.233460511922018e-5	6.04274469931344e-5	1.7458841974123812e-5	3.133983573903095e-5	-8.494102773579093e-9	1.3015351663721482e-5	-3.5723570347527545e-6	-2.397476129894962e-5	-3.885294702068651e-5	-2.1303588013674504e-5	-9.290597619568755e-6	7.93433624032315e-6	3.8729505754254816e-5	2.979285127738436e-5	2.3413143199375874e-5	-5.7318995177416815e-6	-1.2559455313861795e-5	-1.52839156521839e-5	1.9042153357601288e-6	1.0669830876035985e-5	6.244581593354073e-6	-9.812204732539617e-7	-9.589863337081898e-5	-0.00021604685299775848	-0.0002796520584362732	-0.00033594341799711436	-0.00031652534246526427	-0.0003905460521104985	-0.00017082899712427685	-0.00036073152532341973	-0.0003922111819609081	-0.00031704846482991794	-0.0002256102176237916	-0.00028379147214716363	-0.0004706591448392153	-0.00048146331961193556	-0.0002831562406486847	-0.00017603044107214125	-0.0004997177348916443	-0.0006102413585887777	-0.0005668576585188788	-0.0005021837736385489	-0.00041501933616084827	-0.00031816491905499455	-0.000217548559685362	-0.00015001450454467727	-0.00013365407181388858	-4.482308449751948e-5	-0.0007148356674202116	8.226124091040461e-5	-0.0006372386289759009	-0.0004924320985764778	-0.0003828880044964844	-0.0009578626043596841	-0.0009654155354288894	-0.0005982917843181529	-0.0009303547483015956	-0.001105615260939578	-0.0008708077059655164	-0.001148429609495842	-0.0013805725961979314	-0.0022347654515570033	-0.002172290093488665	-0.002300455173927414	-0.002555921889062056	-0.002634549807821289	-0.0021881202424229793	-0.0016718566751405123	-0.0015850711919656452	-0.001198810250613129	-0.0013077810162207514	-0.0014983338228599305	-0.0009633734824178279	-0.000678543085486788	-0.0006888843747938737	-0.00046622089337148426	-0.0005590911056948394	-0.0004336912974860392	-0.00040724074235878524	-0.00035777646874854754	-0.0003740046516237383	-0.00039007287975199867	-0.00042436139345135987	-0.0005275574352793088	-0.0006610399282472312	-0.0007777253706970841	-0.0008693408677195973	-0.0009132167772538721	-0.0009368228738040277	-0.0009638620750553138	-0.000980453955089916	-0.0009083679205785372	-0.0009206946977697531	-0.0009589040714979083	-0.0008067823842631758	-0.0007828798272776095	-0.0007860373507748326	-0.0007983282826039967	-0.0007364708879710729	-0.000763576971908814	-0.000753992970670787	-0.0007809735339794812	-0.0006922334112348383	-0.0007253745927624389
3.405988578686087e-5	1.1353740164287036e-5	-5.096126649199815e-6	-1.4695005373405613e-5	2.8377322069321302e-5	2.9204086705078135e-5	2.4606466282140003e-5	2.2438904886197715e-5	1.1693203809740038e-5	4.0814609640138846e-7	1.2627291850488519e-5	1.641430076630918e-5	3.303990373231414e-5	4.4108025877293965e-5	7.90577638776083e-5	3.453883656021669e-5	8.703559133062429e-5	1.4285449921516008e-5	9.158027383475691e-5	2.2969680232290055e-5	2.1703917566710633e-5	6.272595160893967e-5	6.283674085021899e-5	7.462576154682737e-5	6.507468728374904e-5	5.9328723916638425e-5	3.0117057943129973e-5	1.8274190556502416e-5	3.545377806276912e-5	9.25141813688541e-6	-1.6481473000609648e-6	-4.069737618195464e-6	-1.720796756010754e-5	2.6026403455352634e-6	9.132095678070738e-6	2.880386694133555e-6	2.769780871672567e-5	3.576770926151402e-5	3.89261950559279e-5	-5.3206232020035216e-6	-1.9249888967998868e-5	-1.723205517894285e-5	2.8478791406268827e-6	1.0514185742752438e-5	3.5861411859820433e-6	1.659186676938873e-7	-8.199336615319786e-5	-0.00020392454565579775	-0.00026955968608828075	-0.00033016816227749747	-0.0003493906130635615	-0.0004230590337447361	-0.00020513772412515674	-0.0003848754686285559	-0.0003730603969167613	-0.0002764668547740323	-0.00022778727370694266	-0.00032179391416939027	-0.00047368999570463616	-0.00044002143098458013	-0.0002875918257770442	-0.00018746112101421936	-0.0005001433197606396	-0.0006009145197085654	-0.0005527958154270297	-0.00048689913614190575	-0.0004003478558975253	-0.000306420177194084	-0.00020942850913327135	-0.0001364870349401283	-0.00012773409873443123	-4.133501040363627e-5	2.9047143661718733e-6	1.882979802788308e-5	-0.00011809282163158068	-0.0014937528093573668	-0.0005427984726361773	-0.0009814142003586324	-0.0012499160339249707	-0.0006632916705023428	-0.0009210129164524943	-0.0012549092404600618	-0.001034402171792197	-0.0011728102892018602	-0.0011224740800708753	-0.0017425902713169572	-0.0021519513538747342	-0.0020728384390357457	-0.001691415720049376	-0.002339701149385587	-0.002672416195247107	-0.00165451929113377	-0.00232519339196614	-0.001055129434106468	-0.001233563561087777	-0.0014235534920889296	-0.0010173564677241204	-0.0007359464722963421	-0.0006863486062759667	-0.0007136095991205904	-0.0005661769498913928	-0.0004284843574333015	-0.00029250918508324716	-0.0003805147153661606	-0.0003716504682347091	-0.00036094082729695894	-0.0004570247989364902	-0.0005092916468077153	-0.000649593162839945	-0.0007788481890197776	-0.0008506663246368989	-0.0009001441024926015	-0.0009760861167972586	-0.0010271053451976417	-0.0010112469003668856	-0.0008898076419487731	-0.0010314246578287285	-0.0009791418270545683	-0.0008743426687328991	-0.0008618067166019441	-0.0008399473216925361	-0.0008380672370791528	-0.0008159226016438842	-0.0007430717406838039	-0.0007777947299083838	-0.0007376664655956051	-0.0007641638955803703	-0.0007296789731714003
-1.2391043039447058e-5	2.6446203678582095e-5	7.378530956798218e-6	-1.6129106079703324e-5	3.174309336299299e-5	2.9628932345516622e-5	1.9948638078058373e-5	1.695477525845597e-5	8.19136732158358e-6	1.2486502767893645e-5	1.4277620176634045e-5	2.3903383920115782e-5	-4.964251805309773e-6	4.587566013647317e-6	5.502528948057774e-5	9.781113363531175e-5	-4.285878724401976e-6	6.255437467387985e-5	9.708991827086372e-5	4.962255853945517e-5	3.8090341137296535e-5	8.054736614780851e-5	6.697983811522219e-5	7.200228895965291e-5	5.5583513477661106e-5	4.4720195291033174e-5	4.1869495850531575e-5	7.787630376177891e-6	1.366166409166869e-5	3.7123783442954625e-5	9.21986548685274e-6	-2.3670013994084478e-5	-2.4103623844041674e-6	-9.601552066981246e-6	1.7867965646563982e-5	-2.879606790648012e-7	2.7676090549638883e-5	8.041368177293205e-5	6.364429609522458e-5	-1.909223577302964e-6	-2.1461885950607544e-5	-2.0322540416999046e-5	-1.2320732081056926e-6	8.717729871321467e-6	4.121944450802446e-6	-4.114533188985525e-6	-7.66769603415202e-5	-0.00019683788367915594	-0.00026078859858397717	-0.0003193133123701158	-0.00035381023851368057	-0.0004320840994872198	-0.00023988165972045963	-0.00039301605958162386	-0.00038248150933343356	-0.00033872524386052705	-0.00018261361450343933	-0.00030071916918422703	-0.0004945902498036496	-0.000420623389135559	-0.0002833057949672667	-0.0001870873709208451	-0.0004911579255155799	-0.000591103900299695	-0.0005394484777084506	-0.00046184266703531984	-0.00038753516528418006	-0.00029652541316902564	-0.00018989074821026616	-0.00013531709298648248	-0.000122503153498002	-3.1449871343248656e-5	1.5285939001120213e-5	1.2171975508675631e-5	-3.3761547362041316e-5	-0.0024420359257589647	-0.0005399402220511787	-0.0007542052872662984	-0.0013621492591948253	-0.0009608915561441691	-0.0008469226711192886	-0.0009468489511096478	-0.0012504184368543423	-0.0012538858769459062	-0.0010643415091025205	-0.0017959763072019318	-0.0019886857820184886	-0.0015964661028008628	-0.0015345057623921202	-0.0025451453643590694	-0.002024522984011342	-0.002329544385951815	-0.001611533942305187	-0.0011348580089142087	-0.001003918128237788	-0.0013769588061754955	-0.0010374964665529375	-0.0008706769991052507	-0.0008693337508625804	-0.0008361168117652744	-0.0007553502457974953	-0.00047372896466507317	-0.0004247281886284905	-0.0004350717066714353	-0.00036955476048891253	-0.00038429311770868217	-0.0005290634886049791	-0.00046616949351380686	-0.0005849763449008484	-0.0008342320579007943	-0.0008658973616978202	-0.0009308104075987818	-0.0010116850160369305	-0.0011086184387469264	-0.0010548204546823904	-0.0011364609356486963	-0.0010537162970023894	-0.0008712369635650342	-0.0008989640391766571	-0.0008563631979311825	-0.0008141642604347042	-0.0008160440109750405	-0.0007921831504751481	-0.0008506330625936056	-0.0008046525859040175	-0.0008085110993487528	-0.0007985659271304499	-0.0008226562843991533
3.7737337955326845e-5	9.225664953120202e-6	-1.5888877054066452e-5	3.16947541204992e-5	1.8580548739410927e-5	2.7024438337629707e-6	-1.2180644775694298e-5	4.6751341736188216e-5	3.6243178312851936e-5	9.193669292387793e-6	6.8766633742043705e-6	-4.561972736150024e-6	1.6848272868540994e-5	1.758451462999938e-5	5.118275069043851e-5	6.275983851182628e-5	0.00010005125643394123	1.9460739223440063e-5	7.779976870148e-5	1.4121638937966523e-5	5.8313590037446794e-5	2.8077463435846606e-5	7.342560437049658e-5	6.630579477346406e-5	6.708469720592518e-5	4.504948154912449e-5	3.245701293722123e-5	3.379387059304715e-5	2.590638249983044e-5	5.3509337125069376e-6	2.8027287441302444e-5	-2.84846268588327e-6	-3.1796183603259066e-5	-2.962325960161223e-6	2.753176036760993e-6	-1.3910656604474575e-5	1.8788594050803825e-5	6.375750424467662e-5	6.985261819599138e-5	1.692623128679918e-5	-1.9776425516193456e-5	-2.524995671533345e-5	-6.9247946287744055e-6	7.016670018449023e-6	3.571356823012066e-6	-5.513567288817876e-6	-6.793377617332532e-5	-0.00018191898067923713	-0.00025324983740073956	-0.0003140119208871941	-0.00035357830932320096	-0.0004395654796705492	-0.0002714501623393012	-0.0004077964521273514	-0.00039026943760012145	-0.00030387291642588327	-0.00023015529468156312	-0.00025028867884496764	-0.0005923752851222028	-0.0003906312057437751	-0.00027984974229665685	-0.0002020535233831361	-0.00047073954943929394	-0.0005660143646227939	-0.000509334992565471	-0.00043296768925974935	-0.000361351296484895	-0.00027485953398498006	-0.00017526522459255026	-0.00011233889955861859	-0.00010250532677009982	-1.3564829517889038e-5	4.333056508975912e-5	4.2684558199199835e-6	7.068444141632158e-5	-0.002316551740825807	8.187601568303629e-5	-0.000489184588297123	-0.0017613311478574794	-0.0011414529656769788	-0.0009762740670981977	-0.0009364193013453731	-0.0015706216141347321	-0.0007560676924865759	-0.001163725358208599	-0.001868120547640368	-0.0017750521194071812	-0.001506239215018964	-0.0023516131959409013	-0.0021394172055743017	-0.0022710957160959437	-0.002824562287575671	-0.0016777149034440109	-0.0015510399175720953	-0.0008115548656597964	-0.001135779448121696	-0.0012096988836248629	-0.0009383600696791748	-0.0010227458910978468	-0.0007479549713027174	-0.0006409124387967129	-0.0005440437336463703	-0.0005146419380236411	-0.0004446506587907871	-0.00043370852892041754	-0.0004240325654524587	-0.00046527597919528325	-0.0005155574009667232	-0.0006045001946404505	-0.0007637200789150939	-0.0008626183857550571	-0.0009693857691995406	-0.0010140601863881278	-0.0010932487350980274	-0.0010967642843505605	-0.0010549027617450316	-0.0010433369051500961	-0.000989364326235264	-0.0008340712614118232	-0.0008888181907075639	-0.0008027812949281104	-0.0008101757145435699	-0.0007935544930307188	-0.000767002219137676	-0.0007992115273768897	-0.0008758779956354046	-0.0007839057315241465	-0.0008473610313354703
1.9561412201694623e-5	5.810597172417175e-6	2.1499501111701957e-5	4.5327351456112865e-6	1.5536440622248345e-5	4.1262931048348037e-5	2.7955992111094313e-5	1.6520876860558892e-5	-3.523466634831971e-6	-1.245370673095712e-5	3.263793033769389e-5	4.021323180101056e-5	3.190227245651036e-5	1.7209583846151347e-5	3.557811076998485e-5	6.58671187221422e-5	0.00011386383953678478	2.5631854221573602e-5	4.37542490639483e-5	9.245447236733064e-5	3.860627316367316e-5	7.676278222280581e-5	7.099320593363916e-5	5.804045675929931e-5	2.3851503481693917e-5	7.410860580802162e-6	3.833685737245594e-5	2.3679730419882104e-5	7.392743269765342e-6	1.4938176707440277e-5	2.4492603315504416e-5	-7.358067518996314e-6	-1.8281549836246178e-6	-1.820912030642448e-5	-1.1168390650229815e-5	-1.5148429402143601e-5	1.3636954808112813e-5	6.465855584454616e-5	7.728635171406172e-5	3.712760815802185e-5	-1.5491480043205996e-5	-3.0772187412683553e-5	-1.3642673995714616e-5	6.018834647803124e-6	3.601226889393336e-6	-6.904104408946184e-6	-5.5822672391145876e-5	-0.00016882159999923214	-0.00024162900729308295	-0.0002992666827414739	-0.00034765844706004766	-0.00045293171940232954	-0.00027954420603847063	-0.0003915700353697947	-0.00039602766917180496	-0.00034772157079263413	-0.00018729942245603037	-0.00025060356989873786	-0.0004438709226822074	-0.00037063061124721977	-0.0002770675633714803	-0.00019278826532799845	-0.00044753155830279043	-0.0005347379920328868	-0.00047850293480788605	-0.0004128168784351023	-0.0003321913880300134	-0.0002483332132703457	-0.00016378191890599816	-9.348658828404327e-5	-8.999568613010829e-5	-4.480249040685058e-6	5.3903949373762874e-5	5.556788317678807e-5	7.665580274490366e-6	-0.0005085372206800262	-0.00011074392299676925	-0.000569588214924862	-0.001732070412425622	-0.0016532711680239138	-0.0009193926530238605	-0.0010170626670491425	-0.0012283725618514145	-0.0012558609649448733	-0.0015267130931792983	-0.002087036279807726	-0.001986506664433327	-0.002564569875928603	-0.0027753588644017363	-0.0023363056760061264	-0.0020499302956652164	-0.003158831495459792	-0.0014317273976907803	-0.0019378579042654553	-0.0004849521075857288	-0.0011073326322921274	-0.0011092625010309005	-0.0010635347193590008	-0.0008648746702816755	-0.0008380666573009569	-0.0005856977387764736	-0.0005107803690695013	-0.0003810971268560729	-0.00037013176031703773	-0.0003538530753675363	-0.00034275034330047763	-0.0004503354567519328	-0.0005200105314851367	-0.0005599503234666407	-0.0007068546125461525	-0.00082368984592328	-0.0008935120974075221	-0.0010388567217784524	-0.0010346315316750627	-0.0010303695207529266	-0.0010359071198116996	-0.0010520841062255405	-0.0009737770945053136	-0.0008828815884658666	-0.000852218875842985	-0.0007310323314811511	-0.0008259381805038584	-0.0008036791477249953	-0.0007551437202922475	-0.000799763739072314	-0.000835387388445569	-0.0007955541235624055	-0.0007611960906310934
4.35403515406654e-6	1.9847511605682218e-5	-5.376604066478774e-7	-2.3111055820826398e-7	1.97385409154093e-5	2.9464326456647184e-6	2.8319349525726244e-5	2.9624486258734463e-5	4.4820641426003994e-5	2.636071147119317e-5	2.6618821150656106e-5	2.212267180101528e-5	3.76361946450199e-5	4.4683461129584826e-5	7.593646956003492e-5	2.976147903832214e-5	4.825712618758025e-5	3.324813259344278e-5	7.257415023055516e-5	-2.630011583949071e-7	5.442016330734108e-5	4.992833512623175e-6	7.362966812152812e-5	3.04017788824466e-5	1.6449340700316895e-5	5.918964111754129e-5	5.146431062612398e-5	3.639738322530877e-5	2.9884299055553745e-5	9.900506019394975e-6	4.2664404550484675e-6	9.296382472959337e-6	-4.698956872477983e-6	-2.7598286145551904e-6	-1.6999053375869877e-5	-1.1558060150781112e-5	-1.0009515212126494e-5	4.326856132446429e-5	8.147023334334046e-5	5.426260214487326e-5	8.2423431144521e-7	-3.229686393432969e-5	-2.2369991434863408e-5	2.675953988018516e-6	5.174088345814322e-6	-6.295136838565564e-6	-4.443028434151109e-5	-0.0001539674389833311	-0.0002357895993287517	-0.00028380567607274275	-0.0003363089380256385	-0.0004520557778965855	-0.00028339251368107374	-0.0003918401633652875	-0.0003958999648945305	-0.0002831080554320173	-0.00020434402650017225	-0.00021361063978417305	-0.0004341840547684994	-0.0003753516475283117	-0.0003206874850457224	-0.00019527566208141223	-0.00041974295117994456	-0.000517597356288358	-0.00045924810157440404	-0.000394265374000901	-0.00031508481726722284	-0.00023442950800424758	-0.0001541336264025174	-7.524412624004481e-5	-7.657076565035018e-5	-2.085230947331332e-6	5.116787217887553e-5	8.730782010335156e-5	8.513289619376148e-5	-0.0007835741984494986	-0.0004148683023269713	-0.0008044802183551809	-0.0018675152475128558	-0.0017713569923610405	-0.0011151511507690847	0.1985645632103007	-0.0018381697772696	-0.0017239703571235616	-0.001723206410997151	-0.002210019702509041	-0.002026217626517092	-0.0019324221174100986	-0.002450605947525858	-0.00245092333774153	-0.0022647416153607873	-0.002877744560234735	-0.0016028448458771383	-0.0019270799745860732	-0.0011762629196056598	-0.0009743006223377274	-0.0012001919633380497	-0.001217415740297845	-0.0009329340820761565	-0.000757282221443582	-0.0006383482924296902	-0.0005384014998004345	-0.0004989071157482199	-0.00034837447286857094	-0.0004307369721686695	-0.0004565091038803877	-0.0005024473412524634	-0.0005380469853336067	-0.0006061912749587631	-0.0007111605713821731	-0.0007482713123728099	-0.0008875697415878722	-0.0008659216408301272	-0.0010123733773547468	-0.001040272739326895	-0.0010254214468762967	-0.0010233624581741044	-0.0009864065256520293	-0.0008708479156663198	-0.0008788147368361029	-0.0007455276555476398	-0.0008271259459996256	-0.0007840440036132375	-0.0007922705851060811	-0.0007757145070318335	-0.0007491807057992579	-0.0007984721799361976	-0.0007725710183224821
1.4171881491953104e-5	1.1558165610313278e-5	-2.8400380333061526e-6	1.3496828592360517e-6	2.0625156227284825e-5	1.6695996992441894e-5	6.1433993048948254e-6	6.282805078874475e-6	-1.8216372092943849e-6	-1.301850412438162e-5	1.723987969227828e-5	-0.14213027157540548	8.652302331362254e-6	2.149643353621146e-5	9.426444967479408e-6	2.8603785787433694e-5	4.3391627292416624e-5	7.256693593330745e-5	5.2760272994576383e-5	3.6437614643223745e-5	7.328304970992926e-5	2.7451780069509372e-5	5.254480686873227e-5	3.791032775896097e-5	2.5863464258712304e-5	3.7133482773052395e-5	2.673725462928357e-5	3.016343740535818e-5	2.506216907074109e-5	2.1872644002528425e-5	8.61372843386811e-6	7.084655399228895e-7	-4.301030889406442e-6	-1.8439753712677642e-5	-1.3402494424604589e-5	-1.0942193923949711e-5	3.4666815858924727e-7	2.264465790498705e-5	6.479859613890259e-5	0.00010551929506867012	1.8622869552877008e-5	-2.835232284462575e-5	-3.251964775588534e-5	-2.409248659406525e-6	4.300039009217348e-6	-6.61054490606796e-6	-3.498275340523167e-5	-0.00013246981667039501	-0.00022551027301824858	-0.000276054453994274	-0.000328045153764802	-0.00045739791386845315	-0.00037611726308971194	-0.0004136566507969945	-0.00040431363858240907	-0.00039490535154451667	-0.00020238825715595404	-0.00023561316114502698	-0.00039020635492085023	-0.008199740441003616	-0.00029987272883802776	-0.0002107545733743242	-0.00038680535859709174	-0.0004922581093962097	-0.0004325344619081871	-0.00036731961222018564	-0.0002994905391284601	-0.0002222392062067348	-0.00013484252022475177	-5.980744707204805e-5	-6.637690678460047e-5	4.785178817860031e-6	-0.00010630281300290541	9.775624413687484e-5	0.0010688608194679098	-0.0033223693181967315	-0.0003630490847186807	-0.001086231850878092	-0.001571288625370473	-0.0020797141901381187	-0.0009819547937067134	-0.0011487029048784774	-0.002175823120736161	-0.00168571466209683	-0.0018067367543283652	-0.0022904714124677168	0.03925829422903081	-0.001422491259334916	-0.002390182882231178	-0.0016494558011115323	-0.0017880727837997837	-0.0017551990118616634	-0.0015193091835270442	-0.0012953491646547702	-0.001174199006945091	-0.0011997078312297321	-0.001017262714614461	-0.0012543321541299505	-0.0009819157467422669	-0.0007483879598695932	-0.0005285656231733722	-0.000480362170897624	-0.0004171108557615884	-0.00036804572680422705	-0.0005193009351689686	-0.000502172024238268	-0.0005034619677320856	-0.0005641312262629188	-0.0005512935027311271	-0.0006624128605792895	-0.0006825993999269413	-0.0008262575830041835	-0.0008725540063419558	-0.0009595800747020603	-0.0009353628170117624	-0.0010552910289574665	-0.0009699575527130893	-0.0009494254088135163	-0.000821648266065636	-0.0008379817946740486	-0.0007617742827823685	-0.0007972293406075665	-0.0008092274679061089	-0.0007223179722209115	-0.000756073250471204	-0.0007873083352936353	-0.0007881290104490724	-0.0007621630378467498
-4.419763190144626e-6	6.0684942978389035e-6	4.76729177293321e-6	-8.106623374155592e-6	5.091690575024718e-6	2.139243670878574e-5	1.748140107985744e-5	1.2034452720921691e-5	4.38137924460005e-6	9.162762322695913e-6	1.1019333340765713e-6	3.118282422098599e-6	1.579774297190634e-5	2.2349574729427744e-5	4.027946439496416e-5	6.231053566022916e-5	2.961109941312023e-5	4.092686345505197e-5	4.049723547228535e-5	3.9553007099494934e-5	2.3746422081298568e-5	4.5553442464549634e-5	3.12537265295329e-5	2.372693895633278e-5	4.093288563569025e-5	1.9793209155558912e-5	3.3842696993326843e-6	9.115231127407655e-6	3.534252540691833e-6	-2.3626757386478736e-6	1.3209236905242089e-6	-8.12743324138561e-6	-1.2601707177219666e-5	-1.84180722474607e-5	-1.269106983457606e-5	-1.1971298054420931e-5	-1.531345109853817e-5	-4.046014127575583e-6	2.2996549218926368e-5	7.723536531254599e-5	5.519860704693118e-5	-1.4183860397505056e-5	-4.4746977913377034e-5	-1.2263894739691396e-5	2.9544617327712658e-6	-6.121051439149372e-6	-3.057136568906677e-5	-0.00010805639838093982	-0.00021132365194006207	-0.0002622105947159333	-0.00031726973443954067	-0.0004479846343983119	-0.0004200095727268337	-0.00032736628668940046	-0.00039015431552592156	-0.00028691514568921286	-0.00012667546591543788	-0.00018335420962772853	-0.0003168002998365886	-0.0004920669987706211	-0.0003831392743629432	-0.00022729479114613413	-0.0003543873675071474	-0.000466003897040641	-0.00041451712660435514	-0.0003510458509905362	-0.00027616307244704777	-0.00020131577048833685	-0.00012754137182578035	-5.653317573296214e-5	-5.000641366704334e-5	6.042053304075937e-6	1.9757697869264568e-5	8.738592987677513e-5	0.00011673033356650146	-0.0014342406519005611	0.0002898218427987813	-0.001531790022471849	-0.0019226177100134696	-0.0014691085537150983	-0.0009252361673919938	-0.0010120649643406525	-0.002230506356558663	-0.0015694604934808967	-0.0018948823153608612	-0.0018123245422419464	-0.0015437990985925354	-0.0014902401194571285	-0.002015176290678846	-0.0019971831981876326	-0.001461098044206778	-0.0013260473144755328	-0.001231743148027032	-0.0005614692143770389	-0.0009192277741526707	-0.0012003905949147312	-0.0011327838549026869	-0.0009667656845283989	-0.0008417629552355706	-0.0008094056736169305	-0.0006959645286453136	-0.0004964979368490916	-0.0004802858389761546	-0.0004092070497014287	-0.0003910001423633111	-0.00046583955263450154	-0.0005069451961740943	-0.0005141709187041731	-0.0005231777887250346	-0.0005773565455737505	-0.0006390501046285406	-0.0007547679402536509	-0.000806784373531301	-0.0009084152918466867	-0.0009898098794801705	-0.0009651874295505194	-0.0009138448407773701	-0.0009871225042608952	-0.0008321259934297547	-0.0008011903033036411	-0.0007560215250579719	-0.0008417146643829171	-0.0007318562027193096	-0.0007267451896915758	-0.0007810420640222328	-0.0008099202678608832	-0.000749543400007692	-0.0007747467528846155
3.0842795952315018e-6	1.0126131696661881e-5	7.343883715667417e-6	2.6746282784568566e-6	-5.877443401761107e-6	8.766594677565766e-6	2.946105501130383e-5	2.6700544254959838e-5	2.1746292692200343e-5	2.104262488160282e-5	1.657263438189626e-5	3.1518684883184364e-5	2.898032912685691e-5	4.6345247187466396e-5	1.029682994955778e-6	2.4304579014514452e-5	4.31866805123836e-5	5.304441914058761e-5	3.417887146103891e-5	2.7777727633804435e-5	4.0585427748033275e-5	2.728371416001272e-5	2.3490082882841358e-5	3.3781309760681603e-5	2.5126322010971154e-5	1.4206162461129733e-5	4.709691123422691e-6	4.04572080318303e-6	1.1910418967276196e-6	1.8961160473760647e-6	5.833584873840558e-7	-2.738823173245239e-6	-1.6362133049819226e-5	-2.361048795493023e-5	-2.1195240394061322e-5	-2.3684462847981674e-5	-6.887369679567032e-6	-1.1731339324993519e-5	1.0963788611793174e-6	3.760088909449035e-5	6.0346183429005676e-5	1.8544811198825673e-5	-4.331729634872699e-5	-2.2643228194687247e-5	1.5779334544725743e-7	-3.908633235865169e-6	-2.6456565527222496e-5	-8.973429844886041e-5	-0.00019698548968209717	-0.00025797718383496933	-0.0003127429518156623	-0.0004317732699913972	-0.0004394707367330955	-0.0004905844679602665	-0.00044235714364519035	-0.0002996627501499448	-2.575461473860313e-6	-0.00015601423417922755	-0.00035318647789153376	-0.00035998907994740786	-0.0003869056770301228	-0.0002659743813756589	0.01063978361411132	-0.00044709017005630826	-0.0003908157757701383	-0.0003278551419314945	-0.0002638988482307845	-0.00019263487591094502	-0.00012172358250040274	-5.43467614704321e-5	-4.431177914507832e-5	1.3223845980910032e-5	0.00013470146724490865	0.00011826206060012306	-0.00048084805301124717	-1.6147676498885766e-5	-0.00017350025420374317	-0.00047781041390723526	-0.0008018198398773366	-0.001095653899272405	-0.001243809370029712	-0.0019111490182142747	-0.001781025180625992	-0.0014333542397437782	-0.0023165376062978405	-0.0019362770742673008	-0.0017166331736217372	-0.0011404890636664694	-0.001985003520691038	-0.001876467284223516	-0.0011945608062620405	-0.0014053632395837068	-0.0010376252252146563	-0.0004538868166297644	-0.0008136758243007178	-0.001086815289710278	-0.0007278028816767868	-0.0006792225803629523	-0.0008201372971559668	-0.0008011896125215742	-0.0006506708089644084	-0.0005826123748297208	-0.0004485163385917895	-0.00042467096764814936	-0.0004454005642963183	-0.0005012102935627021	-0.0004964244841262379	-0.0005229287926538772	-0.0005283503477532692	-0.0005239372543653677	-0.0006249907098972163	-0.0007734865415493734	-0.0008090482070735854	-0.0009227994937155773	-0.0009206499952923563	-0.0008971258526379103	-0.001040552128448325	-0.000970876718708576	-0.0008994666093387928	-0.0009037631891950157	-0.0007282677902593383	-0.0007603823879939221	-0.0007659272694120894	-0.000710397050750905	-0.000721127508317241	-0.0007718810547294955	-0.0007520474445857177	-0.0008183649558414583
3.63704150970574e-6	-6.875661460537322e-6	1.3362093147174705e-5	1.0153013503175733e-5	3.8443525188854195e-6	1.9958473453573697e-6	-4.094591215836763e-6	4.4064558317284674e-8	2.1804495215676026e-6	-3.0121202819304027e-6	-4.617822447398976e-6	6.225743194360114e-6	-5.455575245304645e-6	5.128888457873754e-6	2.8217543314966453e-5	4.7568651235618386e-5	1.2460667943975899e-5	3.742236771766411e-5	3.280000812052935e-5	4.2229384822182765e-5	3.938446500000156e-5	4.097695724132166e-5	2.713608131602041e-5	2.1601646531645494e-5	2.7482255082755813e-5	1.9977652242447567e-5	1.0319305094675171e-5	9.482242059686424e-6	-2.0207365885845444e-6	4.700814276682383e-7	-2.851259981698391e-6	-3.8623156853757196e-6	-1.6954427380804805e-5	-2.2109227223532715e-5	-2.7268510179902228e-5	-2.5070776807118063e-5	-1.6208686560905544e-5	-6.807884138154349e-6	1.1529471821702941e-5	5.930437376529436e-6	4.936037390184788e-5	6.201833878914653e-5	-1.1499482791780397e-5	-3.734083720886589e-5	-7.684885365327916e-6	-4.229730023804119e-6	-2.42162102577579e-5	-7.534404106960147e-5	-0.0001777792359836496	-0.00025049485654683214	-0.0003055055482681021	-0.0004144578511953382	-0.0004580154166523853	-0.00048122904378620004	-0.00044773394166242736	-0.00032512235984601817	-0.00029227894341116514	-0.0004936721618910983	-0.00047458572403772173	-0.0004112236374250594	-0.00033253399159055216	-0.00023239806181026001	-0.00018911586521612456	-0.00042349548871520835	-0.0003881867690290995	-0.0003205334874291973	-0.0002549422794303601	-0.0001776370594814159	-0.00013585931096272985	-5.7322032480898455e-5	-1.9151110368766447e-5	-2.9355023196302524e-5	4.3751348152015757e-5	-2.2394633908797215e-5	-0.00013509228218499744	3.415594471752742e-5	-0.000243002514538522	-0.00035698835176476394	-0.00028036113764113094	-0.00030531484105787883	-0.0003393825852575534	-0.001030806307984744	-0.001664993564352282	-0.001466652711074306	-0.002277394088638857	-0.002102771661137903	-0.0018577840825363852	-0.0017547373806314596	-0.0022725010108046693	-0.002086568290345439	-0.0011223684538057624	-0.0014774096949695184	0.1660414804765067	-0.00019815861085044698	-0.0007568822825540673	-0.001100445557325816	-0.0005966786758454003	-0.0007670404097211841	-0.0008323847325959147	-0.0008546884790194571	-0.0006669511119761478	-0.0005868830256635597	-0.0005144969258627247	0.08488399579390589	-0.00042147315551044687	-0.00042605651819288895	-0.0005112036133476678	-0.0005656745349187035	-0.0005545386956812108	-0.0005660236986862639	-0.0006031337602952196	-0.0006896109194451383	-0.000822578819257647	-0.0008470065571836161	-0.0008780540463075234	-0.0009295700203820149	-0.0008575857543470945	-0.0008067783629659916	-0.0008072301498453834	-0.0007450134916723184	-0.0007472671155017534	-0.0007020212366331061	-0.0007624172882630433	-0.0006835647249332864	-0.0007820633133464889	-0.0007945693558490674	-0.0007740853463485218	-0.0007899501543011129
2.2887063346409796e-6	-6.194234935901193e-6	9.170947177670682e-8	1.5803438119764424e-5	1.1072951950155414e-5	9.112112723435109e-6	6.05692057923865e-7	-5.037344434806468e-7	-2.028863373962006e-6	1.197296970226712e-6	2.751096964169822e-6	1.4870461098929165e-6	5.541961511012702e-6	2.4731566702072046e-5	2.606798623586582e-5	4.2682025351136604e-6	3.107501073248888e-5	2.833081007936949e-5	2.7167350522265977e-5	2.8634580204471745e-5	3.843152223352965e-5	2.5856130459888e-5	1.9056860950925937e-5	3.898079096109012e-5	2.733895493724301e-5	1.8927672760290365e-5	1.60392462435514e-5	6.144148792714722e-6	5.893345382014525e-7	-6.576491629376423e-6	1.1662263261222675e-6	-8.524572690533222e-6	-8.755727470637596e-6	-2.5079683080731635e-5	-2.5227869911918603e-5	-2.3118318060681015e-5	-1.483990337406739e-5	-5.448954591572366e-6	-9.314502055399708e-6	1.0790410102977724e-5	1.8110572441677394e-5	4.806092725022099e-5	4.723338692283301e-5	-3.5641349056120264e-5	-1.8304591468325075e-5	-8.081052514435569e-6	-2.3314297063563826e-5	-6.496107143633308e-5	-0.00015894286389155684	-0.00024308835115411515	-0.00029856382593009337	-0.0003927117338189002	-0.0004576496496523641	-0.00047977304966969475	-0.0005330115548148745	-0.0004545120375009336	-0.00018289255486816924	-0.00022279469620968897	-0.000336337337126201	-0.000495930468479705	-0.00030751528341983747	-0.0002911379511408817	-0.00023149633268486347	-0.0003978632343113603	-0.0003661488216875203	-0.00037736971840365147	-0.00025345024975238425	-0.0002979567448910085	-0.00015069791034732875	-7.678298917144187e-5	3.0536237264917193e-6	-1.2786387303771393e-5	1.1066374900866108e-5	-0.00089238923811066	-0.00010263137119890034	-1.6209659671386628e-5	-0.0001238330601754066	-0.00021320025166962284	-0.0002971385029389498	-0.00024085788753215598	-0.00025993248886527036	-0.00037210334475679986	-0.00038680106782145764	-0.000479434158923717	-0.0007819921679674043	-0.0017661080363266801	-0.0016624202706420031	-0.0018618982793733307	-0.0021461145401275618	-0.001899227931730866	-0.0013442626601483168	-0.0013013090384298223	-0.0008695192944504528	-0.00042146165100866856	-0.0009541405123826043	-0.0009912215872816092	-0.0006294352781588235	-0.000733670886721334	-0.0008375472833604004	-0.0008099687950446736	-0.0007114834976252107	-0.0004938407525403518	-0.0004687526328922033	-0.0004490286310842879	-0.00044561996492896265	-0.00048431379692489077	-0.0005959366781158656	-0.0006175000497499368	-0.0006377774519616963	-0.0006290265811383696	-0.0006371898629673085	-0.0007128080605791048	-0.0007349369958073969	-0.0008312943298928888	-0.0008340499824219683	-0.0008706207265513598	-0.0008470522799310359	-0.0008602230549376814	-0.0007880052828117788	-0.0007274467478119839	-0.0007042559191394217	-0.0006970278425462179	-0.0007585331357256794	-0.0006930238134175617	-0.0007675519245935267	-0.000762434802365191	-0.0007444306971500416	-0.0007769668686392634
4.814024454676685e-6	-2.964431948884478e-6	2.4136627467747154e-6	1.680077153462002e-5	1.3347602914430545e-5	1.3738889028725755e-5	7.423971957749419e-6	7.0125135846798095e-6	7.169505928609349e-6	-1.2293337937788022e-6	6.399914645005382e-7	5.321602696266997e-6	1.941965720745004e-5	1.5736164196244844e-5	3.9034196529360785e-6	2.4678021459288105e-5	3.9379312325653164e-5	2.0419058730360238e-5	3.610044500476899e-5	2.0406556076554318e-5	2.3571726543857204e-5	3.541958330365719e-5	2.38527604081145e-5	2.401213607128045e-5	2.1313907191912104e-5	2.3618387404796166e-5	1.7406711600538236e-5	-1.928418178723419e-6	-2.3494757701858493e-6	-6.0369279144883645e-6	-1.0587953764066259e-5	-3.900086146505118e-6	-1.2711789256305596e-5	-2.0792818849623036e-5	-2.3716457950621016e-5	-1.8566493902201497e-5	-1.4729783524088276e-5	-8.096017896342365e-6	-7.083420872967296e-6	1.3275941931618733e-5	1.3676457123377138e-5	3.00041623875957e-5	7.524319141328454e-5	7.0850483428275615e-6	-3.159086263903547e-5	-1.704198813480811e-5	-2.4087630860194706e-5	-5.688163153764591e-5	-0.00013878711662123483	-0.00023762899642367635	-0.00029042420328232246	-0.0003717620190293522	-0.0004565451954539109	-0.0004901352573284667	-0.0005475743617474466	-0.0004816423670962397	-0.00022601799645185702	0.0006895792833755063	-0.00026315684719876997	0.000941068734876694	-0.0003566922809178884	-0.0004845088121484785	-0.00017614038740803098	-0.00033647029706374877	-0.0003661139929612457	-0.0003126211461327178	-0.00023384742000123228	-0.00018570136893708913	-8.935555087519198e-5	-6.575012315092506e-5	-2.38491609826693e-5	-3.710639317078962e-5	-0.00030338685524542927	-8.7066396605405e-5	0.0001700280856495491	8.936455084067839e-5	-0.0001761029802288972	-0.00015340462127585303	-0.0002581050565961772	-0.00023182268744513686	-0.000225110082728271	-0.00024010325113321337	-0.0002489735211866264	-0.000343459713878164	-0.0003362045191107176	-0.00046330113180029393	-0.00045437620034994436	-0.0005894232007032721	-0.001377506558047567	-0.001532420300224581	-0.0015555523833767591	-0.0013759172049496518	-0.000704858925594954	-0.0003112538573526915	-0.0007677288310246541	-0.0008146006293130188	0.14049971867632188	-0.0008730171573709863	-0.0009253740532795974	-0.0008932292410921121	-0.0007673535862675121	-0.000533383396336207	-0.00045238516013855305	-0.00047170683371931116	-0.0005120833098391005	-0.0005191681938911466	-0.0006604448003722993	-0.0006770104938344599	-0.0006391942192055834	-0.0006418499328450337	-0.0006796527435455873	-0.0007346752125267971	-0.0007888116725530015	-0.0008317190164548478	-0.0008668069093205853	-0.0008739805625404291	-0.0008000028762957922	-0.0008352632756140118	-0.0008021488019898781	-0.0006886391097074215	-0.0006735496196864314	-0.0007177729129787501	-0.0006819816149089206	-0.0006759007932012097	-0.0007318893306858254	-0.0007655289366585889	-0.0007743798543342287	-0.0007840563201510012
2.955594042349397e-6	6.50714759040192e-7	-8.002545162449047e-7	4.312978471002378e-6	-4.2537090034133404e-7	1.1061051396912911e-5	1.2136121932437068e-5	6.9044674326306475e-6	1.1227032581059317e-5	1.2228777799411228e-6	6.498169960022365e-7	-5.214989117895575e-6	1.1728866840970444e-5	2.2295957564195338e-5	1.23353206363014e-5	2.1059686737816708e-5	1.685544290187975e-5	2.4255791093925113e-5	9.403038806843431e-6	3.817574926372278e-5	2.599881405431978e-5	9.340473768244296e-6	3.645461942134321e-5	2.243335874647836e-5	2.2005826973473495e-5	1.8628914702609363e-5	4.62394520079918e-6	1.593185619238116e-6	-2.9279244908577903e-6	-1.2582660252808721e-5	-6.850306316120991e-6	-7.698494280212673e-6	-1.2821549649896444e-5	-2.3122014829049867e-5	-2.9506317067396967e-5	-2.4660355986525113e-5	-1.8478394666178802e-5	-1.0003005792929252e-5	-6.667651575179359e-6	6.376722823820541e-6	1.0682697276147117e-5	6.160982476141955e-6	4.610699549749669e-5	6.95868615361488e-5	-6.9760685639588815e-6	-3.096285686231357e-5	-2.8669063352687943e-5	-5.155979342368229e-5	-0.00012057297058346017	-0.0002226913908029253	-0.000285299173395084	-0.00035276132386388194	-0.0004368992935423373	-0.0004967754409983087	-0.0005153324131508021	-0.0004862499022439265	-0.0004550812951063972	-0.00016998356211755244	-0.00024787651898726046	-0.0003210081264259229	-0.0003073941109510772	-0.00024748113898248256	-0.0003634410258358291	-0.0003666680034944414	-0.00036943558440714896	-0.00032436781352042365	-0.00020887509425315982	-0.00019289908874441444	-8.115258495148409e-5	9.44789433352574e-5	-6.0222910007370206e-5	-0.00028964247950806835	-0.00031097239396602264	-4.171449685241163e-5	0.00017989201758642284	-2.1787959623336198e-5	-9.59242342989889e-5	-0.00015192765003414592	-0.00022831969584717268	-0.0002430611428956824	-0.00022098204747523532	-0.00021388696205002292	-0.00022933860958202455	-0.00023089704654873956	-0.00022727492149875704	-0.00030714398368300415	-0.0002908787041441818	-0.000274963777859797	-0.00040104459504827425	-0.0003307937810519482	-0.0005882282104159933	-0.0006816232172679286	-0.0005395116583649037	8.87727593117029e-5	-0.000699501075403881	-0.0006469488291025068	-0.0007447919121044734	-0.000942003681503106	-0.0007639680266278027	-0.0007139531762036071	-0.0006084425869384846	-0.000519369293001384	-0.0004640698653363227	-0.0004596358121303386	-0.0004812230571340538	-0.0005349536456096971	-0.0006462247043178496	-0.0007200963394766047	-0.0007294879222875198	-0.0006791456177805948	-0.0006682369020237153	-0.0007604505790868854	-0.0007243501460826082	-0.0007769357914303148	-0.0008304628003699167	-0.0008643876184982226	-0.0008385269178795215	-0.0008358843724229782	-0.000771559796401396	-0.0006906458611629675	-0.00074834647825219	-0.0007522213008254522	-0.000729500296703248	-0.0006869045494732606	-0.0007467375606621043	-0.0007851970631155003	-0.0007872251849233656	-0.0007783348938061527
3.240008033460022e-6	-3.7600920445822472e-6	-3.596817857659876e-8	1.3048997621919849e-6	1.8364356847819403e-6	1.8962065476287558e-6	4.272898361361039e-6	1.8406479931811631e-6	6.332126795561416e-6	3.0767545331151017e-6	-1.395828934261465e-5	0.00346125620549146	9.587232512866736e-6	5.853500716632761e-6	8.008636157670265e-6	2.9519629432116657e-5	1.2497211792977456e-5	3.6581081612756423e-5	1.4081053500937177e-5	2.131015328527561e-5	3.061361709814393e-5	2.3959725300786924e-5	1.1454142562813269e-5	1.3585969348226673e-5	1.0387433265965362e-5	1.1593495719648336e-5	1.2917715750153033e-5	-7.821822244264733e-6	-9.027638220304723e-6	-8.860853515767902e-6	-1.1806432139989213e-5	-1.6374797342719183e-5	-1.1035749242064609e-5	-1.3449299434017091e-5	-1.7115440646242423e-5	-1.4080881134475795e-5	-1.3184188316821624e-5	-1.1897514787598262e-5	-6.839864338976931e-6	2.740786392329067e-6	8.46574199034767e-6	1.047779583853315e-5	2.078377916493214e-5	3.961352096338005e-5	6.591538190487203e-5	-1.5234805269539672e-5	-4.129437416468783e-5	-5.04866526894205e-5	-0.00010403843002273865	-0.00020277228337335553	-0.000278615603342431	-0.000336670654986276	-0.000417960127045312	-0.0004930319534416933	-0.000520670085056834	-0.0005240579712697223	-0.00038462528975571203	-0.0004052193942698755	-0.00029442530254109034	-0.00018787626526349174	-0.00013918131320633104	-0.00013873850941139784	-0.00010718341894588868	-0.00023470161653786972	-0.00022376757567331082	0.00016845445914809125	0.0001372759472826994	0.00011568166614407162	-3.8107581354796666e-5	-0.00014827570232614842	-5.831875790878599e-5	-0.0003560759584213778	-0.0002058678297668995	0.00011173557100830483	0.00013851447009782109	-7.778020855099717e-5	-0.0001020275397522509	-0.00015761086546669557	-0.00023783950532240035	-0.0002509366413023118	-0.00021608568351425168	-0.00019658808950184271	-0.00023685813611341346	-0.00021610833016551603	-0.00023091595127461458	-0.00023431643645884827	-0.00023462029904389864	-0.0002422612767165322	-0.000256364814904108	-0.0001273448829697786	-0.000248415601949558	-0.0001735149798517445	-1.385490559085989e-6	-4.1619747282893235e-5	-0.0002903420772662653	-0.000484933276218057	-0.0007911147829409507	-0.0008841734558688499	-0.0007208901213028984	-0.0007014937252142282	-0.0005684249976885703	-0.0006013911964589374	-0.0004951097460931687	-0.0005053241542275853	-0.0005164396895166682	-0.0005955624249103994	-0.0007332011580111954	-0.0007064467206173691	-0.0007005783160237214	-0.0007639674111815237	-0.0007667500185703884	-0.0007468175333160375	-0.0007320149117721539	-0.0008052313646314362	-0.0007906726345928514	-0.0008061154450293012	-0.0007727861632805377	-0.0007750542202933537	-0.0007832667261651032	-0.0007191174828660371	-0.0007247528745180608	-0.0006984954326679123	-0.000700629802512405	-0.0007142422466682209	-0.0007173991454058684	-0.0007980042263122135	-0.0007454725994241341	-0.0007865841428287418
2.2578099042073682e-6	3.3534235447090638e-6	2.1856614060939902e-6	2.2366815132868548e-6	1.4965846094404205e-6	3.184578761583406e-6	6.91906450563844e-6	4.283109794297243e-6	2.025360436275995e-6	6.3673655969131646e-6	-6.531173820083919e-6	4.736947575184093e-6	1.333221290230344e-5	-5.210299384864406e-6	1.6763580387919082e-5	3.288944405097907e-5	1.899723896746884e-5	1.542502154163513e-5	2.317956306334846e-5	1.4072114680658589e-5	2.545886570814006e-5	2.6156004013881944e-5	2.1763823024583545e-5	1.7111669359031953e-5	1.8381107605501372e-5	1.953154049139181e-5	8.769337382988351e-6	-2.10359529274895e-6	-4.1274004645899115e-6	-1.4377344111256296e-5	-8.825966736430123e-6	-1.4074775234727312e-5	-1.7124085929624833e-5	-1.9742153575439368e-5	-2.40668010119318e-5	-1.6025545941807627e-5	-1.1159517699027913e-5	-6.820230063217872e-6	-2.8616894899753664e-6	4.1509760418442093e-7	4.115188001019114e-6	2.179319205566216e-6	4.026216480438466e-6	3.815889094505379e-6	6.860532801632267e-5	7.466355995868878e-5	-4.107334028501195e-5	-5.788775690675381e-5	-9.031683104307117e-5	-0.00017433046656690088	-0.00026495177509323724	-0.00032125386253425113	-0.00039381798640626513	-0.0004787607109574873	-0.0005828609982876966	-0.0005061313877903484	-0.00047760763107005527	-0.00039104736336429205	-0.0004672085011231397	-0.00039109556579808996	-0.00019556031727579332	-2.9359083885804188e-5	-0.0002943753141118957	-0.00012515673159744362	-5.878374551449711e-5	-4.2737596959649404e-5	-4.3787451969434094e-5	-0.00013734656000409864	-8.91488021056118e-5	-0.00033520986412842457	-0.0003664621566748169	-0.0002359792481928559	9.372680840214614e-5	8.35514991546181e-5	4.656133229192019e-5	-5.22084556294454e-5	-8.595065317134644e-5	-0.00020456130557576328	-0.000213491448088814	-0.00023020811383794686	-0.00021789438569316637	-0.00017660584269952803	-0.00016334957040546431	-0.00013920694116095061	-0.00020685607984545842	-0.0002022077537561836	-0.0002056203316359688	-0.00021532265154482894	-0.00017012928002144156	-0.00011399316699779727	-0.00013827467516694739	-6.67993203763359e-5	7.090830797095576e-5	-9.696783864689314e-5	-9.571125601272323e-5	-0.00014629206814367225	-0.00030579357458530854	-0.00035664538242476986	-0.00041778312825750674	-0.000659126040564997	-0.0005790513526006749	-0.0005797326427952904	-0.0005626938750927582	-0.000560258325333924	-0.0005867608711038717	-0.0006186712606733209	-0.0007370328832250091	-0.0007647274181585804	-0.0007227614826478632	-0.0007386808063706077	-0.0007090993109034639	-0.0007328079527771977	-0.000724498196366663	-0.0007635502957876496	-0.0007646887987872077	-0.0007559670338905342	-0.0007792760928432632	-0.0007073260629769304	-0.0007335332815998092	-0.0006664701380240754	-0.0007020099404174071	-0.000712442386137423	-0.0006833705629681348	-0.0007068484242226444	-0.0007294547339732269	-0.0007672073627741291	-0.0007497135968840326	-0.0007982130564821669
6.10084193965665e-6	3.961508894089871e-6	1.7305438397390016e-6	1.3428140703867185e-6	1.7561185955395318e-6	1.9684045649145335e-6	1.940122611719143e-6	3.972031883768936e-6	3.7886617072226646e-6	-1.301389709076851e-5	-1.1712414776379135e-5	6.291361095284165e-7	1.5080774533890798e-5	-7.783508345769914e-7	1.3448919617938329e-5	1.5664141316505675e-6	1.7986418004674928e-5	1.5422952912621385e-5	2.8807819818857383e-5	2.0748975118351637e-5	2.3834847610133478e-5	2.3360714311864046e-5	2.0601585005270654e-5	1.684525315949221e-5	1.6686467921929633e-5	1.743921093037143e-5	1.768737473107837e-6	-4.197032624870742e-7	-3.2753678079217724e-6	-8.78200110776637e-6	-1.797503544880702e-5	-5.285353659725475e-6	-2.780100929198129e-6	-4.1250513004324404e-6	-5.923019358506677e-6	-8.604807167364795e-6	-9.340279309537347e-6	-7.917804597189736e-6	-1.3969194453521822e-6	-1.1466823958460395e-6	2.9819949157530723e-6	3.03903043789161e-6	-4.7701706256883525e-6	-1.4520046753493943e-6	1.5265085116095145e-5	7.27963778450122e-5	3.7132431836370966e-5	-6.555654801995714e-5	-8.639984770111766e-5	-0.00015198682813330738	-0.0002446339568494115	-0.0003070240493828827	-0.00036776873153397324	-0.0004459259663402385	-0.0005873085442064871	-0.0005584348333818705	-0.0004537279224580727	-0.00045582291678149256	-0.0005459351884646614	-0.0005100692250493109	-0.0004690572655112468	-0.0003518411904272073	-0.00020296622691351116	-0.00023600113576924264	-0.00024032737584939526	-0.00029198610620269	-0.00030718075228440556	0.0002775822751754746	-0.0003959587165807722	-0.0002630288360055445	-6.549646557746369e-5	-2.092658700188557e-5	2.6906941976139603e-5	-4.451040404307438e-6	1.8032725209978298e-5	-4.3453952130361254e-5	-0.0001273878648150751	-0.0001719419802999507	-0.00020882086259059636	-0.00025248835308004473	-0.0002200746792744776	-0.00020400264213907109	-0.00016461370988649256	-0.00014366575135375988	-0.00019297305627790154	-0.00016161071452218054	-0.0001912288931003002	-0.00020523946695372858	-0.00013753872688112775	-0.00010317820557355709	-7.142379580349703e-5	-4.212486100609383e-5	2.0616488631292756e-5	-0.00012288614554861917	-3.406863793788302e-5	-0.00011088354924570012	-0.00018538643319250536	-0.00014245808938962226	-0.000180802409119633	-0.0002201089575534776	-0.0002726302411755997	-0.0003417955761941729	-0.0005346742586263137	-0.0005965253866519957	-0.0006196047075998461	-0.0006020019013407846	-0.0007342589051584445	-0.000713033426749058	-0.0007619062188460052	-0.0007055555561270768	-0.0007785913533179829	-0.0007466704425649999	-0.0007226452887140484	-0.0007401685710455193	-0.0006842291989125979	-0.0007360474817120176	-0.0007118741587007482	-0.0007139014406162218	-0.0007089210420356973	-0.0007218899365454313	-0.000709512616652681	-0.0006881691410102163	-0.0006995900168047832	-0.0006976351082292696	-0.0007237607829897741	-0.0007657012766806165	-0.0007264732216662184	-0.000787853379847288
5.966054464421732e-6	2.9932617799308114e-6	2.0505649890763256e-6	1.4360216233364267e-6	9.973505520261862e-7	1.2650325940586054e-6	1.1039195524766097e-6	2.85655922486615e-6	2.8482253293621133e-6	-1.1438404360513722e-5	-3.988090988091969e-6	4.490727863355748e-7	1.3643886566340122e-5	1.5185128786452014e-6	1.2597719508192218e-5	5.6094175338765664e-6	1.9358553108510083e-5	1.7706057200386933e-5	2.3431625705212008e-5	1.7890006081362417e-5	2.7375546264270852e-5	2.545135256736865e-5	2.014008629628531e-5	1.961913896316239e-5	1.8918670362125332e-5	9.094502833651742e-6	4.451301230281972e-6	6.347935742594818e-6	1.7783322151009376e-6	6.267880795548381e-6	7.780829599330838e-7	5.972669933499222e-6	5.1059667220210506e-6	1.2646771211646465e-6	-1.3875801197068757e-6	-8.026885704509254e-6	-1.2173821606819776e-5	-9.573229587528376e-6	-5.515587915322535e-6	-1.3168452358278473e-6	3.4211584156980737e-6	-1.29497930607958e-6	-5.657680423329717e-6	-6.618918962182294e-6	1.6764602287768979e-6	2.662005603795703e-5	7.403664684471102e-5	-7.46865849330855e-7	-9.635300052398751e-5	-0.0001392786111171617	-0.0002239237435459982	-0.00029295108528240577	-0.00034522202865361167	-0.0004098140508174662	-0.0005230132890210286	-0.0006701708844640553	-0.0004916764736930673	-0.0004309091722245334	-0.0005095800837935996	-0.0005333900738061989	-0.000534498129766553	-0.0005212551341493392	-0.00046561964363788996	-0.00034351801816512664	-0.0004112418638176768	-0.0005356563188038503	-0.0004645595701830915	-0.0004135853828141599	-0.00023819954149753575	-6.474639749690092e-5	-6.205709976274398e-5	2.85085394527429e-6	8.134681526474064e-6	-4.0425522775198314e-5	2.9286311401151288e-5	-9.043540791665167e-5	-0.00014435240475066217	-0.00010555456900142486	-0.0002240202487012108	-0.0002481876898419687	-0.00023323840594676772	-0.0002019811248994436	-0.00016524877788294708	-0.00017875783178558993	-0.00018746855987169207	-0.000146034936769103	-0.00016899977451755727	-0.00015979238994923844	-8.922501958195245e-5	-0.00010417758665491952	-4.865273324841657e-5	-5.9320285703944736e-5	-1.9784496333970572e-5	-3.4561264851537196e-5	-1.051166928457345e-5	-0.00010355633532220694	-0.00012956060358457547	-9.370396470038955e-5	-0.00013496917164088594	-0.00014670475579031499	-0.00014378114021867255	-0.00016715134209480814	-0.00017814310866509295	-0.00022295746688770143	-0.0003098570380214837	-0.0005226010572011684	-0.0007180643938351286	-0.0007225790928848484	-0.0007060998835075553	-0.0007823598689477452	-0.0007431851941611025	-0.000743117001447257	-0.0007247577022188	-0.0007260495686741905	-0.0006558445932527707	-0.0006691351958176654	-0.0006930458832765229	-0.0006856124832904827	-0.0006940711569163819	-0.0006686561041327217	-0.000704021890675496	-0.0007014296000409578	-0.0007001082711222822	-0.000715960997239775	-0.0007357885756838906	-0.0007649570528097185	-0.0008148948804956833	-0.000746470723445177
6.032259014944041e-6	6.577357227659578e-6	5.237609199972536e-6	3.6085364043929053e-6	3.09532144246406e-7	-3.057941696897864e-7	-7.102775300153654e-7	3.949936703808105e-6	4.128801725695758e-6	-1.3144328097746544e-5	-5.931576169094458e-6	9.919663235356119e-8	1.8465630020609962e-6	-2.1830259279952136e-7	1.1976857578345056e-5	6.032171413847959e-6	1.4752906603602775e-5	1.798975227113161e-5	9.203289417451105e-6	1.785347936546569e-5	2.7128728290767932e-5	2.5732760126570293e-5	2.147484048226067e-5	1.820061391747188e-5	2.1780991674982472e-5	1.4665874713119288e-5	1.116845271646738e-5	1.7741149073912874e-5	5.26648579835063e-6	9.06336512730612e-6	2.5657354897363344e-6	4.478882488956511e-6	7.43193529504152e-6	3.4641427031599503e-6	-2.095637204350617e-6	-3.957319669981203e-6	-9.819097304447806e-6	-9.343130865876494e-6	-5.741994820156887e-6	-3.077908259751898e-6	-1.5988966552658856e-7	1.0299251371453239e-6	-3.8011944134865028e-6	-8.751292440820242e-6	-9.09721607615134e-6	5.581882823253899e-6	2.5459677653323458e-5	5.257387420320916e-5	-2.7859223100104233e-5	-0.000140306235014054	-0.00020256067276476237	-0.0002756996501766546	-0.00032372115299256383	-0.0003768132286459478	-0.0004669328124270924	-0.0006051723489062903	-0.0005722178532266767	-0.00047604374494225263	-0.0004905425935656897	-0.0005182688340727576	-0.0004975158572812811	-0.0004957734144419614	-0.0005078709540092853	-0.00045545691922587936	-0.00046968030255854776	-0.0004237804561045208	-0.0003171717978208734	-0.00018823468133808904	-0.00016189991895515163	-0.00011448862644817398	-6.50285769459788e-5	-8.18824042641067e-6	-5.12034108754271e-5	-1.572929518838667e-5	-3.038121894902504e-5	-7.890138635003631e-5	-5.899312231533345e-5	-0.00014840189434305387	-0.00022365760051390633	-0.00024927388873213253	-0.0002461646649812733	-0.00019321001516249027	-0.0001543715913248072	-0.00017779218489154605	-0.00016563818162440395	-0.00013644844434673384	-0.0001719064599589419	-0.00012026029450485504	-6.925022209749304e-5	-7.029136325081842e-5	-4.937108451881153e-5	-4.5976146702698256e-5	-3.6214606881877776e-5	-8.874426991878348e-6	-3.0187385689035492e-5	-8.122681347194974e-5	-8.728595221390786e-5	-0.00010659744240624526	-0.00012401421590384556	-0.00011965046292508955	-0.00010622412919647321	-9.365703947843487e-5	-9.310808469814753e-5	-0.00010769783644211904	-0.00012543833743635172	-0.0001601502607807316	-0.000208841754790242	-0.0003135149399097724	-0.0004640279037209337	-0.0007498345016470134	-0.0007493382432675715	-0.0007307876045514576	-0.0007890295946667326	-0.000688179682405447	-0.0006992161860012308	-0.0006703812506861102	-0.000670275569505073	-0.0006721318404525733	-0.0006774442082421641	-0.0006689952786447656	-0.0007018633793392463	-0.0006785368974668565	-0.000670106702333308	0.12867461858815687	-0.0007032619029083333	-0.0007350990821673557	-0.0007615280093326016	-0.0006828403882407725
3.0795121254466665e-6	4.6379500633357724e-6	2.616775281974893e-6	1.72434204379914e-6	-1.8994232689516569e-6	-8.363953155282947e-7	-2.9054820093637242e-6	2.0757821102192903e-6	-2.0464810834180166e-6	-1.3369697806264649e-5	-2.8550084529583436e-6	-3.3708185570059668e-6	8.524448060951394e-7	-9.61563171480214e-7	4.820197175702413e-6	4.466788062205181e-6	1.5834832477364114e-5	1.1291846218101313e-5	9.546837081997068e-6	1.694009938563428e-5	2.718502961450561e-5	2.3629744680050968e-5	2.458561748961254e-5	2.2086771770779383e-5	2.1104591455510524e-5	1.4272442744800093e-5	1.216849064220038e-5	1.4712323628254462e-5	1.5918851650818626e-5	1.1969302875767564e-5	9.916404752462887e-6	5.224366662480613e-6	3.503112816645969e-6	4.299576227277842e-6	-1.3721688596566445e-6	-3.512140085595687e-6	-9.093779650744954e-6	-7.455834065916121e-6	-7.4326556991381396e-6	-2.020125075248916e-6	3.185034764684354e-6	-1.0327840877432867e-6	-5.780475435335566e-6	-1.1038326832440992e-5	-1.5282107259880807e-5	-7.382710263438563e-6	6.53312015759782e-6	1.3278025905887926e-5	3.2468354966425084e-5	-7.165320962542084e-5	-0.0001935410331668384	-0.0002573105738516105	-0.0003055214364551355	-0.0003483522216789648	-0.00041923926502032346	-0.0005605342572696445	-0.0006012701102026813	-0.00046371322963987063	-0.0004763592321012193	-0.0005160742707027537	-0.00046601899944239203	-0.0004162624363929744	-0.0003787983401688094	-0.0003343201039249753	-0.00023933073920899203	-0.00030913844858981854	-0.0002861300260875027	-0.00019870327652585576	-0.00013183676695043695	-0.00012989895053269057	-8.536121063251398e-5	-9.285832907940036e-5	-3.317758147857938e-5	-5.9969765785206075e-5	-7.053076025347396e-5	-7.746414758019911e-5	-5.288783758812185e-5	-0.0001438269310626624	-0.00020701190238023824	-0.00022708661223040487	-0.00021707902937121056	-0.00016746492573736782	-0.00014725011024743773	-0.0001791454403972468	-0.0001634346535590945	-0.00013589328661488265	-0.00013257165583195618	-8.78795197787989e-5	-7.854613680172498e-5	-3.7465778658738597e-5	-7.602061477063674e-5	-2.6716277061727273e-5	-2.081634685913332e-5	-2.9607447114658736e-6	-3.682004567993197e-5	-6.221381472926862e-5	-7.452118695565335e-5	-0.00010336911421228098	-0.00011663727733429372	-9.814955848497925e-5	-9.603942697318166e-5	-6.707393643756374e-5	-6.434017652966369e-5	-5.305162356075352e-5	-6.40411194951021e-5	-8.316928041987408e-5	-0.00011524009381090258	-0.00014398999967617926	-0.00020735340291251798	-0.0002733599700278141	-0.00032804037836705983	-0.0004281436078552251	-0.0006164200750692888	-0.0007142023688579656	-0.0006657610962057612	-0.0006946613060709698	-0.0006320604164578372	-0.0006158436653875849	-0.0006722715207262142	-0.0006981102260248534	-0.0006325118980237288	-0.0006868827950369007	-0.0006934143335522377	-0.0007109757950744203	-0.0007078728268665197	-0.0007210151860737209	-0.0007488423798076866	-0.0007042983292426287
2.4436337084680557e-6	2.544534662726576e-6	6.966033205455489e-7	-4.3868497484784996e-7	-1.1050729478896421e-6	-2.4236314147827506e-6	-4.393078136102945e-6	-2.583430510125608e-6	-3.3581189744094977e-6	-1.3428163895222705e-5	-6.536978188300454e-6	-6.5044108586622545e-6	-4.559934987382556e-6	5.2637818631845815e-6	1.6443031747932942e-6	1.1856312673720441e-6	1.5138850304374698e-5	1.1846826976716091e-5	9.146669059092657e-6	2.4226340369025955e-5	2.4392469937081687e-5	2.1366381684219914e-5	2.2337255659780984e-5	2.147312244004827e-5	2.011300251998291e-5	9.306445680821833e-6	1.3957126783524856e-5	0.0020672594968216738	1.3978621771931245e-5	1.1233499298953994e-5	9.118601054357994e-6	1.0058394049302158e-5	3.6722510909957887e-6	3.1978093144400394e-6	-8.769579843120184e-8	-3.784989195437967e-6	-6.946459794095888e-6	-9.216308365350007e-6	-6.21470564138131e-6	-3.869687528854256e-6	9.189474387601843e-7	2.980003736179418e-6	-1.6538328188485038e-6	-1.1233988513200364e-5	-1.5575577766565804e-5	-9.535922164210196e-6	7.756299243285789e-7	1.3672346149120815e-6	-3.64723530402785e-6	-3.614043626539755e-6	-0.00013373946158694045	-0.00024164498032489944	-0.0002904065910598781	-0.00032367248645301556	-0.0003752086091888922	-0.00048588319280008264	-0.0006392038684899931	-0.00047804690230012284	-0.00044087043179130356	-0.0005193167605839488	-0.00045620111907085717	-0.00040321128012398705	-0.0003761059257133617	-0.0002951748484482028	-0.00021865074828182965	-0.0003125701017068702	-0.00029079276105343013	-0.00022772244271263703	-0.00015984761880024484	-0.00015998884295501115	-0.0001390445546374519	-7.126632244405795e-5	-5.013906466226625e-5	-0.00011396173659481215	-0.00010030192482352387	-4.413788659866566e-5	-8.241483400350975e-5	-0.00012391002953728025	-0.0001747419805695708	-0.0002499760614021844	-0.00023392872830008474	-0.00016429909737401827	-0.00017818307203407852	-0.00017377131953755058	-0.0001498626681810996	-0.00011489516795110989	-0.00011727753761723615	-4.185386462754459e-5	-8.792128054573543e-5	-7.802868162362642e-5	-5.493433900697134e-5	-1.2229019255571849e-5	-1.574943351081992e-5	-2.0848380275851133e-5	-3.326810324184165e-5	-5.435631680438674e-5	-7.648532045667795e-5	-0.0001087855955490824	-0.00010858389035898856	-9.853447852786745e-5	-8.071971626917931e-5	-4.885502227921189e-5	-3.4224490395558596e-5	-3.724197647535579e-5	-3.317233613991076e-5	-5.17398310306838e-5	-6.541974286941588e-5	-0.00010262187332223983	-0.00012904110866331954	-0.00016667679178365181	-0.00018984865148051824	-0.0002338964268750951	-0.00025447625280226524	-0.0002882765750590599	-0.0003605558098330845	-0.00046024982452920644	-0.0006934457552067955	-0.0006368823636776055	-0.000622088733672789	-0.0007098393603086842	-0.0006571776787090301	-0.0006909172104710079	-0.0006619497109987531	-0.0006892440988890032	-0.000698732163898234	-0.0007004123676629826	-0.0007338336133140598	-0.0007453077634922292
6.564742544056326e-6	7.455271503766479e-6	6.045261147409348e-6	2.2724050627851745e-6	3.2924536507534727e-6	-4.913404414775592e-6	-4.6300160495111545e-6	-4.01339522352424e-6	-2.905252939941873e-6	-5.749255324881452e-6	-9.847428639664021e-6	-2.6508481591443547e-6	-3.5393729451178163e-6	8.217175412734935e-6	3.855504176553462e-6	1.4271196662027537e-5	1.3617142727263224e-5	9.617005166122263e-6	2.0540074927369312e-5	2.0961156814176124e-5	2.1132823841015468e-5	1.918851890315293e-5	2.0692011952613484e-5	2.0243906737299044e-5	1.6221227632602295e-5	1.4554434218971065e-5	1.0183653855627174e-5	1.1331471250956935e-5	1.2902380927982265e-5	1.066148723233469e-5	1.315833024733825e-5	8.918510856583718e-6	2.3047819246646215e-6	4.744182475254627e-6	-7.907921626554293e-7	-3.7417948644050125e-6	-9.096928107175418e-6	-8.857420582576714e-6	-8.17658516252557e-6	-6.985115608756226e-6	-2.0465445245594627e-6	5.897639603243132e-7	-6.200947904027448e-7	-5.34694657799116e-6	-1.3729839357990749e-5	-9.942998016728918e-6	-4.905540207985476e-6	-4.846492252115996e-6	-1.7014446104736576e-5	-3.303147814840736e-5	-6.435704720335854e-5	-0.00019169610599356537	-0.00027738008134305103	-0.00030481992790228236	-0.00034058985427646606	-0.0004144085205450964	-0.0005526461832497213	-0.0007088307746880643	-0.00045359061299522774	-0.00045707044555014925	-0.00043350018135270355	-0.00036977094626479065	-0.0003741638980570526	-0.0003108414620665856	-0.0002491059516020015	-0.00032515028262946125	-0.0003239740781375844	-0.00025251340532656333	-0.00019494078276312624	-0.0001678301494350068	-0.00015685078744945985	-0.00012032324777375494	-0.00010180817195141675	-9.580047320321625e-5	-9.345180336387329e-5	-6.674395139436712e-5	-0.0001047127766592125	-8.988724563936332e-5	-0.00017015686065886826	-0.000238832606030406	-0.0002294360998194786	-0.00018326518629149975	-0.00016805070010149532	-0.00015760149770188518	-0.00012204577743172781	-0.00010925386415439747	-7.99842659563333e-5	-7.797515278319504e-5	-8.728050430832635e-5	-7.279078155010034e-5	-3.9128935974599294e-5	-2.948084675577327e-5	-2.4949502898776246e-5	-1.7935553409207522e-5	-3.792086376245424e-5	-5.665305341929876e-5	-8.864920658224057e-5	-0.00010682232566929829	-0.00010754134477136863	-0.00010024869328542282	-7.240162205011946e-5	-4.07862180043083e-5	-2.3160303618506572e-5	-2.2590470343973254e-5	-1.6698459083573994e-5	-2.279246678438089e-5	-4.111397601384327e-5	-7.06570483382813e-5	-0.00010248131893878659	-0.00011961367559843242	-0.00014736386671804387	-0.00015656308142725922	-0.00017105330546310707	-0.00018700849155469865	-0.0002034406314124857	-0.00023207916951379325	-0.0002751965208003856	-0.000314829738522638	-0.00040702669243733447	-0.0004939256047036249	-0.0006684156718481798	-0.0006499249071301866	-0.0006401130012297866	-0.0007248282060602802	-0.0007187314586651512	-0.0007253155620838732	-0.0006945221669866011	-0.0006926840095304934
4.030956737019822e-6	5.3594621411212975e-6	4.00756277555564e-6	8.400168391821741e-7	7.778321652681004e-7	-5.381033593428002e-7	-6.609734614563927e-6	-6.843562944797415e-6	-3.1171658184086636e-6	3.0685232451494165e-6	2.6619648163268145e-7	5.076208861891016e-6	5.925911951220426e-6	6.570789419025388e-6	2.797892352101195e-6	1.1403501763072822e-5	9.01854465862632e-6	9.8258602729967e-6	1.6499940498106158e-5	1.7206486753527754e-5	1.6794873991424035e-5	1.4995187411377935e-5	1.695725773638362e-5	1.619836151198423e-5	1.639863817003498e-5	1.5204138719782188e-5	8.099741921282783e-6	1.2971957468149546e-5	9.423735674999375e-6	1.4040450443454124e-5	1.3334448453728408e-5	1.1192786783130113e-5	6.087097313830711e-6	1.872869769968706e-6	-9.12462194018783e-7	-4.4903564411702054e-6	-1.0298150901369256e-5	-1.1953228574047153e-5	-1.28867522100444e-5	-7.781216065905726e-6	-3.821035515446693e-6	-1.7202001596165056e-7	2.1782521142724165e-6	-1.1660833876183524e-6	-9.269342442588292e-6	-1.0818677598201619e-5	-8.532052774251446e-6	-7.859835431697597e-6	-1.893187721987901e-5	-3.917390634480041e-5	-6.814575114811629e-5	-0.0001268341839584866	-0.0002387557780338589	-0.00029341417444035504	-0.00031426819078507473	-0.0003601768183746426	-0.0004523781209114959	-0.0005879880596608086	-0.000772186172608158	-0.0004942385034914509	-0.0004578939734670162	-0.00039409494026216435	-0.0003694351118099272	-0.00032022752855876205	-0.00026812697689936396	-0.00029957725708983085	-0.000332527531380581	-0.0002714001753651059	-0.0002116962756395363	-0.00018169689468272576	-0.00016799958817538888	-0.00012555318405814767	-8.830918376981703e-5	-0.00010403396368224675	-0.00011344797494223374	-0.00010013349188557098	-0.0001034182420072121	-9.802062861255859e-5	-0.00016190374383176498	-0.00022069903459344224	-0.00021300887097035724	-0.00019800982192655706	-0.000154599582728775	-0.00013198044878878247	-0.00010606960088683712	-0.00010007381074208024	-6.427213167063683e-5	-6.831682161168376e-5	-9.88907870435457e-5	-6.921907166369812e-5	-2.256293675333143e-5	-1.5188562824987317e-5	-1.0026308961677208e-5	-2.108100091843465e-5	-5.481970446054134e-5	-7.48296646966174e-5	-9.998191187183918e-5	-0.00010722164468790485	-0.0001086220083345614	-9.737357417887067e-5	-7.33043065744704e-5	-4.077249977853421e-5	-2.3920141507729337e-5	-1.243283676097967e-5	-9.368764078334507e-6	-1.0818905588029157e-5	-2.937838024827215e-5	-5.319173448708678e-5	-7.786062703103204e-5	-9.859221512874099e-5	-0.00011158782523218794	-0.00012736717184083125	-0.00013859725318701548	-0.00013757937414207548	-0.00015206375492018802	-0.00016242862368922445	-0.0001885021426700339	-0.0002034082813881337	-0.00022574377015263658	-0.00025596915881158366	-0.000291351158919137	-0.0003519518652396209	-0.0004408383206123533	-0.0006167193400494902	-0.000691390674806237	-0.0006955475209289783	-0.0007280547647582365	-0.0006495005963039115
5.6621016539639205e-6	2.8989751585059044e-6	1.2930056258000401e-6	-1.256178527625669e-6	-1.8045921365301282e-6	3.1130701578304006e-6	6.511559536335294e-6	7.128154173147681e-8	2.1758428807067305e-6	7.607721139255702e-6	1.2630600697825269e-5	7.193331160490046e-6	1.0371765644820669e-5	3.265540608917133e-6	1.1261067043183979e-5	7.499395884293884e-6	5.818557822107615e-6	1.4859910999181353e-5	1.3063023418774088e-5	1.2984619511872096e-5	1.9211667798063256e-5	1.7930555592810676e-5	2.1323751860124248e-5	1.2005096399674096e-5	1.2940529313799735e-5	1.551592489283356e-5	1.1861445668173102e-5	7.859686603807481e-6	1.1232228260557933e-5	1.1259218738552887e-5	9.079540124845402e-6	1.0758002177350783e-5	7.778234866091804e-6	5.18931601465808e-6	-2.398676322130054e-6	-5.219599409265162e-6	-1.0890816099970967e-5	-1.2859511051496741e-5	-1.3420366253296019e-5	-9.74550686135521e-6	-6.245470200575733e-6	8.29745463418359e-7	1.305970538417918e-6	1.2187376780513348e-6	-6.040239228385057e-6	-1.0078697444768775e-5	-9.579823058414837e-6	-7.91033652480528e-6	-1.679299050890478e-5	-3.72117383402263e-5	-6.780477627662315e-5	-0.00011040650017433897	-0.00018404677696855307	-0.0002680309752584823	-0.00029763412710999415	-0.0003206555688204174	-0.0003844055552148194	-0.0004728369489405502	-0.000564083796731913	-0.0006751873564826531	-0.0005417011962995447	-0.0004300250108064084	-0.00041325552792726566	-0.00034017233039099204	-0.0002955718822993114	-0.00024879195918703356	-0.00033808185353036493	-0.00029081031697759246	-0.00024072543446888167	-0.00018490837363875634	-0.00017200776361841336	-0.00015828523004888378	-0.00014049610135014046	-0.00011206843837045094	-0.00011652717861053603	-0.00010990158225642442	-0.00010313576253445644	-9.846042674861895e-5	-0.00012843492386586594	-0.00020454188126226014	-0.00022485538208618337	-0.00019465733112097698	-0.00015635055374842687	-0.00012392103576467674	-0.0001038749198440346	-8.524498347874457e-5	-6.582740587324741e-5	-0.00010213699229151378	-9.274089227909871e-5	-5.550144407647298e-5	-1.7299203183222117e-6	2.7570774222690497e-7	-7.252367471757143e-6	-4.421073499481787e-5	-6.833607794757592e-5	-8.0505123596121e-5	-9.271349177752616e-5	-0.00010789293658909453	-0.00011223438985586039	-9.03697837460575e-5	-7.101351481245827e-5	-4.835844207170224e-5	-2.9603090225460357e-5	-9.294022797461804e-6	4.6680644376004277e-7	-2.555558600023447e-6	-1.6424999831369733e-5	-4.137157042513953e-5	-6.002590257096416e-5	-8.036904766803472e-5	-9.508868587383527e-5	-0.0001074758872025329	-0.00010728454080091883	-0.00011076068814723505	-0.00012306160619072852	-0.0001394616231113928	-0.00014685124491539865	-0.0001588264215784084	-0.00017640385815498663	-0.0001733565959522159	-0.0001916298256003906	-0.0002037065508712476	-0.00022944423823346646	-0.0002646889894633922	-0.0003165733815515366	-0.00038579901165717526	-0.0005062698281459903	-0.0006254199089541536
7.385380531687701e-6	1.1989712787863465e-5	1.142598173004385e-5	5.44329156157734e-6	7.609725043568154e-7	3.1364866880470056e-6	6.1038549799133975e-6	7.74543818053133e-6	2.0936213719169143e-6	6.59925202307096e-6	1.1291058945429129e-5	6.251776902291501e-6	8.004357305549555e-6	1.0966159828351783e-6	7.153055190132823e-6	5.6340646540232586e-6	1.2576645673511872e-5	1.2119188459312931e-5	1.3422531781252627e-5	1.3852157377419218e-5	1.5051346439543586e-5	1.5939760780823292e-5	1.6010062660375482e-5	1.6374288795792825e-5	1.7970791104944105e-5	1.0815735437526373e-5	1.0573776898004962e-5	1.0241362639125569e-5	6.273235992899483e-6	1.0936879359785528e-5	1.0009497309780221e-5	8.906210849108503e-6	7.681119962624737e-6	2.8483934828849033e-6	-5.538035964059232e-7	-4.374294207019555e-6	-1.0235795034913703e-5	-1.5941703447228638e-5	-1.5387644357496566e-5	-1.4855414199113626e-5	-9.332084417832016e-6	-4.115324445694117e-6	4.7411092033659147e-7	1.874698504072958e-6	-1.3640292351570563e-6	-8.325549625252428e-6	-9.933474411408759e-6	-8.255429169044468e-6	-1.3877389134207309e-5	-3.0151553974920586e-5	-5.708788039027798e-5	-9.742778964724839e-5	-0.00015236390102553194	-0.00022630397706821515	-0.00027549681082109957	-0.0002889330147771811	-0.000328801468612791	-0.000399918829221144	-0.0004631410061061228	-0.0004896760844919947	-0.000573984577946756	-0.0005977460181623602	-0.00040662627284835523	-0.000388936569077538	-0.00032600502741135864	-0.0002726510338704226	-0.0003304441246543624	0.22013098069499765	-0.0002615076325146806	-0.0002043204999093405	-0.0001660740738072125	-0.0001840971669878587	-0.00013829603540474467	-0.00010726574386967641	-8.694377207985396e-5	-0.00012064293773185464	-0.00010682435644501949	-9.721965355154183e-5	-0.00011364823448967686	-0.0001656206369661864	-0.00021575454508052094	-0.00019341389704240208	-0.00015766040493210738	-0.0001249027317456932	-0.00010599991037913217	-7.122024241515944e-5	-6.477342490715868e-5	-0.0001003867825769434	-7.557127486182251e-5	-9.621866942522567e-7	1.155529371190192e-5	-4.713913137870812e-6	-3.241028433804104e-5	-5.6702904827022824e-5	-7.597178214324186e-5	-8.706448936367933e-5	-9.254157882923955e-5	-0.00010433330531012079	-9.93132509194937e-5	-8.746068774702527e-5	-6.817946511723273e-5	-4.719388240772247e-5	-2.950501873312701e-5	-1.1692039879676597e-5	5.575745765703383e-6	3.201728168613499e-6	-1.1818916443402314e-5	-3.427507707450157e-5	-5.274051872094718e-5	-6.777953198266323e-5	-8.532099660899656e-5	-9.34402890869282e-5	-0.00010061089113526031	-0.00010315911590555969	-0.00011113426906929173	-0.00011735690280895508	-0.00012293923682999038	-0.0001322250584229797	-0.0001442454218624021	-0.00014905102037701158	-0.00015241675516749348	-0.00015947152015257683	-0.0001680825602811374	-0.00017695988071479533	-0.0002057133600464646	-0.00022860692024345795	-0.0002452990348854583	-0.0002822644086194516
8.277978353515066e-6	1.1081318280787168e-5	1.1583108424240846e-5	9.478329090833407e-6	8.422501677351904e-6	1.6865824390571455e-6	3.748129180343538e-6	6.620278131171673e-6	8.295501710683592e-6	9.6896843947516e-6	1.384745649377528e-5	1.3653098247101833e-5	6.636781771666902e-6	1.0160657513248001e-5	6.683139154795492e-6	1.0377953564734551e-5	1.1073858730909414e-5	1.0786592936126022e-5	1.1916988887394116e-5	1.6041859152626705e-5	1.2918439824274007e-5	1.308047851728434e-5	1.1806831440807318e-5	1.2802942311190574e-5	1.2414167200995325e-5	1.3183694252396835e-5	9.330704242832121e-6	6.32298404525675e-6	7.876232391984539e-6	5.391968539410555e-6	1.1211803247965224e-5	1.1077172094625838e-5	8.530367240485934e-6	6.466239664483682e-6	1.4433868320397683e-6	-2.4084696617718976e-6	-7.570138350269755e-6	-1.5780680000048418e-5	-1.7633019261300426e-5	-1.849203947899749e-5	-1.357055707932632e-5	-8.040992335411716e-6	-3.157198611705367e-6	1.6452430466173257e-6	-8.435231294923531e-7	-3.7457509630915015e-6	-7.0596550610577125e-6	-6.662331728511141e-6	-1.1082271763143171e-5	-2.4231532236469733e-5	-4.575581299861697e-5	-7.919664712116407e-5	-0.0001260000302705233	-0.00018676833734849844	-0.00024164654422527583	-0.0002627467548079517	-0.0002857214430687389	-0.00033921285966871835	-0.0004011780562938015	-0.0004121690599392068	-0.00042632304166935475	-0.0004422036979168445	-0.00044341190432719765	-0.00040760153207069355	-0.00034907523572451707	-0.0002730168502146531	-0.00030640798636630967	-0.00028636562134174565	-0.0002606758832813909	-0.00021288324128249797	-0.000177037837725217	-0.0001832854953399965	-0.00014502576339923273	-0.00011528744326490432	-0.00010832239609633032	-0.00010129579358468532	-0.00012215230860233156	-0.00010903209822846205	-0.00011126296550431104	-0.00014939749175073812	-0.0001973300017376993	-0.00020284349903530383	-0.00015074393331575113	-0.0001103736469191749	-9.025464653097427e-5	-7.428001527016656e-5	-8.099894436490278e-5	-9.693104142689118e-5	-3.192611869535025e-5	2.0690463093915937e-5	1.592473982542364e-9	-2.79633624827684e-5	-5.093799509579486e-5	-6.84263755433654e-5	-8.40323620757144e-5	-9.19102460870784e-5	-9.467181042474397e-5	-9.638569100950574e-5	-8.87942637841678e-5	-8.118380572723176e-5	-6.44980214083244e-5	-4.5593564730952996e-5	-3.082648971372906e-5	-9.153363628036995e-6	7.070807310971192e-6	-1.6978218267058032e-6	-9.997322309189191e-6	-2.6090515326546507e-5	-4.124633646782061e-5	-5.8289418216218164e-5	-6.912658052091528e-5	-7.998955640214911e-5	-8.549371170426048e-5	-9.308345888569061e-5	-0.00010054233799141298	-0.00010173030588821012	-0.00011177937563294597	-0.00011714607599179645	-0.00012515679430010786	-0.00012634405424758084	-0.00012132235544535033	-0.00012875247929009653	-0.00013458818473870322	-0.00014098995584628342	-0.00015663529836292423	-0.0001647203008882511	-0.00017749587815317752	-0.00017710512796597928
6.792895655422914e-6	9.466656693843476e-6	9.94677337159489e-6	9.24428172845073e-6	6.728692995849623e-6	6.831297261672203e-6	8.007114834590818e-6	8.551819873585777e-6	9.127060209771897e-6	1.4598457201387641e-5	1.4449202024620486e-5	1.329530140644383e-5	1.1040359153421334e-5	7.332784966794341e-6	8.726978849586588e-6	8.152128380168894e-6	6.548873716807988e-6	1.1297195970589105e-5	1.4015860287154049e-5	1.391910784548367e-5	1.384134379594365e-5	1.2873362272556622e-5	1.41907194101034e-5	1.4458788383426863e-5	1.564493682905876e-5	9.253661572899627e-6	8.665570234577154e-6	8.833793575108162e-6	3.600418066712196e-6	7.618825399399471e-6	6.161463004031569e-6	1.1321949141022622e-5	9.994183296159649e-6	9.353441463196e-6	4.230846034299941e-6	-1.1862195774259288e-6	-6.264845663723692e-6	-1.4843651199142847e-5	-2.085024182496044e-5	-2.038410503758803e-5	-2.090885816319766e-5	-1.3990816845441297e-5	-6.6506365898385406e-6	-2.885180868088949e-6	-2.526143199786321e-7	-2.9556102004854243e-6	-5.94822881325608e-6	-7.0767832181318005e-6	-8.772846721532938e-6	-1.9404022325009672e-5	-3.792130312671102e-5	-6.299642230772878e-5	-0.00010010236039820902	-0.00014718787479410175	-0.00020467020115115444	-0.00023606242216512273	-0.00025053394388479915	-0.00028587760000399476	-0.00033670864914379234	-0.00038064216197411516	-0.00036101775830301233	-0.00035971771906442504	-0.00035630382222342355	-0.0003285778887407269	-0.000323084652440863	-0.00029433854009707286	-0.00023412873137191453	0.14215125360242734	-0.00027756070220203224	-0.00023460718623011245	-0.0001946698743740885	-0.00017404889575151766	-0.00014013782474514222	-0.00012547031246119313	-0.00011445972423443536	-0.00011292605234269372	-0.00010836035593234268	-0.0001004627724022697	-0.00010116500025821214	-0.00013373149154575527	-0.00018130538744051856	-0.000180895367161071	-0.00013852945383472856	-0.00010829215567787105	-8.543401933927726e-5	-6.879516051012252e-5	-9.356471701257342e-5	-7.085472015534722e-5	3.5183216474769796e-6	1.1881827913055865e-5	-2.1141458587036963e-5	-4.478365121449168e-5	-6.115772706186476e-5	-8.05123061265161e-5	-9.02310128784306e-5	-9.513663355590132e-5	-9.580164256838518e-5	-8.67261985447107e-5	-8.142555768205807e-5	-8.028469593345314e-5	-6.44987629603265e-5	-5.3713273310499604e-5	-3.085965619544287e-5	-6.662246574730413e-6	4.106889209135392e-6	4.971991470880538e-7	-1.1196471935356889e-5	-1.9155808294842383e-5	-3.3029064300206176e-5	-4.638707482148771e-5	-5.9056604832102844e-5	-6.94072412987367e-5	-7.805990143009735e-5	-8.301177753327303e-5	-8.531536630266255e-5	-9.368689938529969e-5	-0.00010116956147073093	-0.00010538314688447216	-0.00011167381764871746	-0.0001107277082415363	-0.00011192489309604266	-0.00010941336357924141	-0.00011470520177138746	-0.00011925386821380786	-0.00012338976807749896	-0.0001266642468358446	-0.0001437824052625148	-0.00014810931505977037
1.270571655265923e-5	1.1311951502997013e-5	1.2415726914725023e-5	1.1685963531213577e-5	6.914705733451938e-6	6.165790502812981e-6	8.359334358889418e-6	1.0999814945348001e-5	9.456079474269097e-6	1.2898929026809594e-5	1.612664113969449e-5	1.3354150060339732e-5	1.0505187342989492e-5	8.448809833444971e-6	4.841071430988948e-6	3.958981195309333e-6	1.0456202347106786e-5	8.156169470276836e-6	8.315423996347205e-6	8.096543606189114e-6	8.125024396235352e-6	8.924730692699053e-6	8.458724838730954e-6	8.728792840438648e-6	1.0775731315549545e-5	1.12708988621096e-5	1.0120143738323074e-5	6.88505891785051e-6	4.670907974096104e-6	8.242944474776484e-6	8.639379761718122e-6	8.03991602839945e-6	1.156293894210821e-5	8.854273090544082e-6	7.484667275065374e-6	1.308787343909032e-6	-4.3795191263665614e-6	-1.0641579394478178e-5	-2.0531646342933016e-5	-2.549957337080397e-5	-2.636954271964271e-5	-2.2045557575636754e-5	-1.3796101020488796e-5	-6.280311326870534e-6	-1.6875573871253866e-6	-3.5279972628206313e-6	-6.255900791970678e-6	-8.235126850732709e-6	-8.09985556112034e-6	-1.541709143161596e-5	-2.9974640265001927e-5	-4.9886698886419945e-5	-7.699317661994266e-5	-0.00011476074686139932	-0.0001635393568553663	-0.00020151392001030097	-0.00021558915346085034	-0.00023804378059748103	-0.0002801737049914349	-0.00032605336144344785	-0.0003388715483145389	-0.00032630117134105005	-0.0002949400390811572	-0.0002778431287321116	-0.0002660510482191056	-0.0002664040863169931	-0.0002478686664752171	-0.00028343607300172075	-0.00026674407441326306	-0.00024912103202805874	-0.00020310055400723018	-0.00017500424537471304	-0.00016979323542759724	-0.00015588056743618892	-0.0001290832404453237	-0.00012090782673776675	-0.00012138355991674586	-0.00011047274613433695	-0.00010433294966036635	-0.00010806530150765659	-0.00014255464880698517	-0.00016064684773848398	-0.00012974018138035143	-0.00010155193320916973	-7.612324020591331e-5	-7.536028747540634e-5	-9.252178051152339e-5	-4.197566151327263e-5	-9.51024969929673e-6	-8.624567423079488e-7	-2.9510209668699022e-5	-4.864398744810865e-5	-6.915701916080513e-5	-8.820232893775974e-5	-9.151775099140898e-5	-9.268254948778011e-5	-8.595626113335787e-5	-8.29717115727411e-5	-8.093233680016992e-5	-6.904129352860305e-5	-6.570900322770343e-5	-5.5571940074834736e-5	-3.628259251961356e-5	-9.501720120343865e-6	-4.191091321648771e-7	-5.944484498827257e-7	-1.221436844570968e-5	-1.6309856036263518e-5	-2.765536735054898e-5	-3.829205279790894e-5	-5.1609309576578985e-5	-6.186844166643744e-5	-6.957104821381753e-5	-7.221564188981087e-5	-7.76573574879074e-5	-8.513399796868278e-5	-8.935070430282979e-5	-9.506303633058204e-5	-9.862305177382735e-5	-0.00010265636849913704	-9.774733096990385e-5	-0.00010370896961846808	-0.00010473094159057714	-0.0001066593625372687	-0.00010997636043866017	-0.00011423728109413896	-0.00011566513129386818	-0.00012324672747101272
1.256430413540139e-5	1.2368282186728426e-5	1.2290180172126654e-5	1.021276366562152e-5	9.227662061653437e-6	7.85949679090684e-6	6.532422746176672e-6	7.457501357980081e-6	1.2181544250145383e-5	1.1637211697073822e-5	1.3509688878655599e-5	1.025787618936418e-5	1.2488636851547795e-5	6.4584047329140516e-6	6.806365999783258e-6	5.3261630254320715e-6	4.736784081833291e-6	5.4390405094845336e-6	1.1093791982871425e-5	1.0836936476497656e-5	9.147683355703769e-6	9.22506431270606e-6	1.0664882235526026e-5	1.053177873172129e-5	9.378628976946038e-6	8.447227587012572e-6	9.11809235428808e-6	7.549207843592955e-6	6.6760533009462865e-6	5.035993283627679e-6	7.403353352456246e-6	6.675903446587764e-6	7.480864650617411e-6	8.364404917933672e-6	6.47804650687981e-6	3.8777318270462324e-6	-1.6993480532251012e-6	-7.953103898649012e-6	-1.593076392211821e-5	-2.677834623422866e-5	-2.9824744212400382e-5	-2.855700452259087e-5	-2.3136078024644895e-5	-1.3491125739348644e-5	-7.1827558164499e-6	-4.23132759733158e-6	-6.671150813838608e-6	-7.876150742887333e-6	-9.266989268509086e-6	-1.3623055579664936e-5	-2.5622311758725057e-5	-4.190478008591746e-5	-6.170363600870987e-5	-8.905090873251656e-5	-0.00012849999096362606	-0.0001659324805938214	-0.0001824155883940401	-0.000197971281434145	-0.00022655501917090252	-0.00026636644060579195	-0.0003062453817793964	-0.0003029070170200692	-0.0002814703010131734	-0.00024273670698351894	-0.0002153442321629808	-0.00022039319987716618	-0.0002118818109885564	-0.0002755270207843198	-0.00026800300976831566	-0.00024711766412137924	-0.00019753594431948067	-0.00017224215326369294	-0.00014571252369196402	-0.00013819718876857331	-0.0001309982698130454	-0.00012391055485816947	-0.00011263623021155571	-0.00010569461376106794	-9.278484313225525e-5	-7.875624096777799e-5	-0.00010990975904791658	-0.00014250184403037484	-0.00012915956431442353	-9.32410982343139e-5	-8.463381244417333e-5	-0.00010254328488439914	-8.414566698370513e-5	-2.7001148903554872e-5	-4.599170396737615e-6	-1.5489522198512337e-5	-3.637263395203996e-5	-5.4616104050355524e-5	-6.909724147561615e-5	-8.268286353762394e-5	-8.837246859316229e-5	-8.615720602125725e-5	-8.272317667456716e-5	-7.739625962148965e-5	-7.303572890676908e-5	-6.486205229383826e-5	-6.860002696863592e-5	-5.6545677954442444e-5	-3.8198276702079356e-5	-2.2084645368968675e-5	-5.381196274169275e-6	-2.8395546395991456e-6	-7.673779667261016e-6	-1.1675809250639643e-5	-2.3363018593304183e-5	-3.261717925807407e-5	-4.3089210966656966e-5	-5.293856072691866e-5	-6.155244079405e-5	-6.790083465326238e-5	-7.169691207918605e-5	-7.761600539417466e-5	-8.428513720239086e-5	-8.303868249211113e-5	-8.986482939190264e-5	-9.211033151869993e-5	-9.310634780897772e-5	-9.210230115846898e-5	-9.683029080105859e-5	-0.00010154290063305038	-0.00010489695095774586	-0.00010242363047703162	-0.00010420403118074212	-0.00010887283274246297
1.1745031809097528e-5	1.1780329100174926e-5	1.1929753056727152e-5	8.671112323717194e-6	8.072581804679114e-6	7.309596612074896e-6	8.161380196333202e-6	5.940956657830496e-6	1.1491832433839933e-5	1.3621842845867004e-5	1.084062163279019e-5	1.3480459748417464e-5	8.114566123261589e-6	8.461476419703573e-6	4.169819537672582e-6	2.2009433894008314e-6	6.058494780077778e-6	6.032475004279832e-6	6.057388867027839e-6	6.055169439044428e-6	8.455503247985045e-6	8.616806439519032e-6	8.466569274281303e-6	6.065555719909736e-6	8.914216785517112e-6	1.0856883463268314e-5	1.1909900103353015e-5	8.055975299554093e-6	8.562975462977473e-6	5.3662056281834555e-6	6.113484783242928e-6	6.174036575501592e-6	6.082243879281923e-6	7.2348418415587624e-6	5.313029505823845e-6	4.070555394489195e-6	9.357672980676163e-7	-5.2074567872878105e-6	-1.2674975689245388e-5	-2.208141976179582e-5	-2.9943191064119544e-5	-3.2865811847742656e-5	-3.0458209097222744e-5	-2.52073180915819e-5	-1.7641465068830332e-5	-1.0007577723328623e-5	-7.198620456780498e-6	-9.368525462241477e-6	-9.53795531487625e-6	-1.278095540535075e-5	-2.3030151039254293e-5	-3.6708723907818985e-5	-5.3590114554085896e-5	-7.372667456032565e-5	-0.0001012417247340516	-0.00013542773946869334	-0.0001563185798468189	-0.00016624029148702354	-0.0001847795617047638	-0.0002102363934385152	-0.0002460758872764677	-0.000278374529885661	-0.0002657050924930165	-0.00022578960019270337	-0.00019643670956569562	-0.00017807148078893657	-0.00016799072006081286	-0.00017847791278094785	-0.0002312010053914272	-0.00022495485315558554	-0.00018739037321423985	-0.0001672424004861041	-0.0001361097415981602	-0.00013013464046597242	-0.00011591942582905856	-0.00010198423152632183	-8.660998953398044e-5	-7.528432992135771e-5	-6.24328256140002e-5	-5.748937293987948e-5	-7.284317937034102e-5	-0.00012402967156034846	-0.00013074071168240643	-0.00010421074931373647	-0.00010806798287623862	-9.350449674738401e-5	-4.694197187644217e-5	-2.2183361200484725e-5	-2.2160891485593914e-5	-3.1151569323227546e-5	-4.5521695965673736e-5	-5.821680754006589e-5	-6.415616854069627e-5	-7.091873332294371e-5	-8.299237681634597e-5	-8.504426845580039e-5	-7.671333769501514e-5	-6.967593413906639e-5	-6.685887146543924e-5	-6.494562179281543e-5	-7.042950154502459e-5	-6.258262523657632e-5	-4.672336874063203e-5	-2.5353270496474706e-5	-1.8549308445584695e-5	-1.1679208405512148e-5	-1.7971801423346395e-6	-3.636982119550186e-6	-1.4037676651515799e-5	-2.5833369277300858e-5	-3.540785200955264e-5	-4.795879859366935e-5	-5.572499416767185e-5	-6.260065440089231e-5	-6.598500993434259e-5	-7.270632080278502e-5	-7.501058624714493e-5	-8.035945733494976e-5	-7.957434318623443e-5	-8.197253082320877e-5	-8.559172672050266e-5	-8.843942646361708e-5	-8.785945847429328e-5	-9.214843201801794e-5	-9.580405145310882e-5	-9.640113739336955e-5	-9.877924552967321e-5	-0.00010273221745299085
1.245040744086252e-5	1.0243833510940013e-5	8.682155435400535e-6	9.402908734024596e-6	9.042902773435339e-6	8.952864716401353e-6	4.940687420545552e-6	9.090322468287976e-6	9.527376092915985e-6	1.1380740305504903e-5	1.1272012113581944e-5	9.360038834499776e-6	9.806076954404445e-6	4.3076403625748674e-6	5.237170307614749e-6	4.1389068588431124e-6	2.0513344010084957e-6	2.629833479618742e-6	5.901196880870978e-6	7.74412016094463e-6	6.337288406446217e-6	5.880292265619683e-6	6.746694634169811e-6	8.909795662218924e-6	9.650290784036543e-6	9.963964424592256e-6	1.004630885100867e-5	7.546101167435308e-6	7.183445986484738e-6	5.549944153066585e-6	5.68699641903276e-6	4.968525942506286e-6	4.712642069659191e-6	4.506007479578196e-6	4.082829939747439e-6	4.620564553799861e-6	2.8174028604902035e-6	-6.968045736764628e-7	-7.743302303064685e-6	-1.6681216426076874e-5	-2.6611083197582673e-5	-3.559680700215579e-5	-3.7005687077477055e-5	-3.2407992240322814e-5	-2.6614342643789535e-5	-1.8805008002707214e-5	-1.3386726481013148e-5	-1.3547484548569709e-5	-1.2531785721983657e-5	-1.405680730669212e-5	-2.1884881524179833e-5	-3.5158572611430905e-5	-4.8559208206105237e-5	-6.485618587320774e-5	-8.512568101478636e-5	-0.00011372675619487384	-0.00013637172938747895	-0.00014601876248388455	-0.00015770333006170402	-0.00017437829498510166	-0.00019640037273263057	-0.00022371722613431962	-0.00024026799079176	-0.0002260304956592553	-0.00018302106668524262	-0.00015577495349194947	-0.00013991039875477576	-0.00012848139708827172	-0.00019640394741007698	-0.00018789064979763716	-0.00018132662734163252	-0.00015370703041308123	-0.00012745634331593966	-0.00011447458411317085	-8.940969332309548e-5	-8.547125151842257e-5	-6.812949212924545e-5	-5.5238188993592466e-5	-4.4355816963175324e-5	-3.835064817580766e-5	-4.161723850086563e-5	-0.00010427032419023548	-0.00013593581693334238	-0.00012259008175014192	-0.00010415815738552825	-7.059418175026089e-5	-4.0331492340717895e-5	-3.435451239133282e-5	-3.367834387020194e-5	-4.1998526322277116e-5	-4.9407743699277085e-5	-5.208012252466872e-5	-5.918721700031923e-5	-6.912179696238335e-5	-7.91050395012368e-5	-8.137898504156568e-5	-6.78836299455518e-5	-5.782054147865194e-5	-6.173543330191544e-5	-6.684662101305062e-5	-7.104776784797907e-5	-6.574938173770084e-5	-5.0281049822874235e-5	-3.8083089575749116e-5	-2.5398460909301437e-5	-1.3855598364606245e-5	-4.844849233170273e-6	-3.2845967146231253e-6	-7.131389995673407e-6	-1.809695844242655e-5	-3.0572204786196225e-5	-3.9904873026298283e-5	-4.9670034050933e-5	-5.778574887094646e-5	-6.228232409736904e-5	-6.61361251256664e-5	-7.196401880546315e-5	-7.526938910801424e-5	-7.558080018614521e-5	-7.75900126342554e-5	-7.658974535693693e-5	-8.031695429664299e-5	-8.578791087612055e-5	-8.214807816246065e-5	-8.775564451057438e-5	-9.220411736638595e-5	-9.342308595781598e-5	-9.426670235146341e-5
1.1104104348253624e-5	1.1374695183148653e-5	1.0581317784865221e-5	5.3066356300521256e-6	5.202506015507431e-6	6.422941153277125e-6	8.443916385872906e-6	4.940173442579462e-6	8.329333673522468e-6	1.0569836701040686e-5	9.37754175933626e-6	9.706105035369242e-6	7.829355686992875e-6	6.501547354957268e-6	2.1169085850035983e-6	3.7331814552112215e-6	2.684610120198914e-6	3.870566165210636e-6	5.3244030771794e-6	6.601742507154028e-6	7.219286244925915e-6	7.073111793937407e-6	6.7457021671562915e-6	7.864505410565183e-6	9.488306176451584e-6	1.00468642709765e-5	7.343172290120038e-6	7.858107823298377e-6	7.375590708113503e-6	3.831794811461585e-6	5.130984960912202e-6	3.7189264211548445e-6	4.4433555806641135e-6	3.3351408855225757e-6	3.3391579887416534e-6	3.1474073767709908e-6	2.8512567486075127e-6	2.041977910545445e-6	-1.923155804528162e-6	-1.0286602699196082e-5	-2.1468333705264124e-5	-3.235772959905153e-5	-3.860568998650341e-5	-3.933746674049648e-5	-3.53980279793999e-5	-2.9894121079932466e-5	-2.2799279373068512e-5	-2.0914284030201617e-5	-1.8606708278084624e-5	-2.1539499196298988e-5	-2.4896477292951635e-5	-3.5308216022158015e-5	-4.883355308343308e-5	0.05754402434831403	-7.975570915611137e-5	-9.986261958203416e-5	-0.0001241967541656952	-0.00013447959451963823	-0.0001445109747719251	-0.00015436770675419063	-0.00016691800278339358	-0.00017958149072395263	-0.00019641585203991965	-0.00019882028539264414	-0.00018047616570150173	-0.0001469248510528598	-0.00012237490069682763	-0.00011427399789344476	-0.00016426836210183503	-0.0001674030724414452	-0.00016141850747112413	-0.00014302582725589028	-0.00012122198507578258	-9.995201413824477e-5	-7.999212934184027e-5	-6.965561953945452e-5	-5.4604363956866145e-5	-4.151200982895238e-5	-3.269757250438758e-5	-3.6965744603777856e-5	-3.829460688982954e-5	-7.237981769275467e-5	-0.00013169057967916432	-0.00013104314459618828	-9.242811329669698e-5	-6.063201763687083e-5	-4.220518550097918e-5	-3.814383141157243e-5	-4.128291967932414e-5	-4.615769678907762e-5	-4.491457120288367e-5	-4.9547917962532856e-5	-5.928509375910038e-5	-7.043667738589228e-5	-7.836010475041622e-5	-7.166190910752775e-5	-6.163818811800482e-5	-5.3739962298975444e-5	-6.111815320443588e-5	-6.88188804575697e-5	-7.128369590892088e-5	-7.13252570482166e-5	-5.9076893677576306e-5	-4.918816283970562e-5	-3.4089515396715925e-5	-2.2464398081534567e-5	-6.588617038017983e-6	-3.3941542512769957e-6	-8.922462427099834e-6	-1.5101301089606375e-5	-2.6049661714820302e-5	-3.697058354335675e-5	-4.536951446530799e-5	-5.433070150620122e-5	-5.5948215350962865e-5	-6.049807548967525e-5	-6.673442513763055e-5	-6.774181331604002e-5	-7.217729334021462e-5	-7.31526158734546e-5	-7.240398478469343e-5	-7.492026241257867e-5	-7.59520418650364e-5	-7.942617327456446e-5	-8.503972359955557e-5	-8.482837092320134e-5	-8.87250448615819e-5	-9.021964472591751e-5
8.142745928755874e-6	8.481660415779642e-6	7.634679755259312e-6	7.091769165998556e-6	7.5454655723431255e-6	5.433417799613049e-6	3.4329892761538784e-6	6.688075895780032e-6	9.172383797048829e-6	7.449414037832749e-6	9.264673776147436e-6	8.118691221419613e-6	7.245469810875007e-6	4.010898079864853e-6	2.0340520365041623e-6	1.0177216702841538e-6	2.8374728006661312e-6	6.789999495412967e-6	6.593393947409033e-6	8.241769403044942e-6	8.63766985888248e-6	7.985053003740136e-6	6.952748376760475e-6	6.789681613163581e-6	8.083916912200772e-6	7.629722125629141e-6	6.581011661457251e-6	6.7530813417388674e-6	6.987961044232008e-6	3.3985618751739347e-6	3.3117152309315376e-6	1.9707229221448998e-6	2.628002621833485e-6	2.9217201596466735e-6	2.894701051667052e-6	2.9128903881515435e-6	2.8081202827997566e-6	2.790425993569323e-6	-4.060285397830543e-7	-5.063951265694283e-6	-1.4344436047503996e-5	-2.645785248712746e-5	-3.715186655496236e-5	-4.176288338373843e-5	-4.1368248748438474e-5	-3.976765200345081e-5	-3.2958924794566045e-5	-3.075381692255012e-5	-2.8254822667206185e-5	-2.9521544123124396e-5	-3.3341772316696806e-5	-4.063859273238397e-5	-5.042743004310228e-5	-6.583721916600394e-5	-8.141192751193183e-5	-9.531368625132278e-5	-0.00011720808523610696	-0.0001292803219143067	-0.0001373291334339291	-0.00014780233313074417	-0.00015419713387978921	-0.00016057428114165523	-0.00016285490077793882	-0.00016526179800503693	-0.0001590142039960621	-0.00013850694382763241	-0.00011725038165854781	-9.803808363544574e-5	-7.96620253941914e-5	-0.00015778927682031166	-0.0001490958262016437	-0.00013935289782892636	-0.00011689838078110006	-9.281943758304018e-5	-7.05628529218405e-5	-5.481077558293877e-5	-4.3127885471878555e-5	-3.531173930950565e-5	-2.852177654537151e-5	-3.0001737725019947e-5	-4.016814898820213e-5	-5.621953044049853e-5	-0.00011921831685485912	-0.00012614225561552277	-8.119538835770282e-5	-6.149807872148083e-5	-5.3238754903076405e-5	-4.4631682042653095e-5	-3.949227497649678e-5	-4.044790425446372e-5	-4.8299510971685014e-5	-5.346655260131568e-5	-6.302098096416103e-5	-7.214195561896716e-5	-7.00036807926678e-5	-6.407250778984325e-5	-5.868279237325122e-5	-5.61431070123658e-5	-5.768826934703618e-5	-6.654195616826591e-5	-7.297235478311188e-5	-7.355162691250784e-5	-6.673828785398392e-5	-5.819817642019852e-5	-4.3971422534453027e-5	-2.324094005624628e-5	-1.2993287990675784e-5	-1.6342344654179247e-6	-2.6589779168620722e-6	-1.3333015288618383e-5	-2.331727884884692e-5	-3.284539076971963e-5	-3.9950973685395734e-5	-4.8154013309372606e-5	-5.007224853660879e-5	-5.768615704527472e-5	-6.326979715750441e-5	-6.42531702377356e-5	-6.667087324710094e-5	-6.875331645911191e-5	-6.93407461500482e-5	-7.165645036914022e-5	-7.246757660855745e-5	-7.91721571782129e-5	-8.20218942759873e-5	-8.021054800336127e-5	-8.535233380799982e-5	-8.441617267511935e-5
7.880865863867624e-6	8.694884704265639e-6	7.401621855294884e-6	6.939677991328955e-6	4.43481825183412e-6	3.468717035609234e-6	4.036776156130916e-6	5.436828310961209e-6	5.751097122673205e-6	7.474346721517318e-6	8.137836236311608e-6	8.050813217312398e-6	7.337392443032987e-6	7.43281346248046e-6	5.555585531002126e-6	1.7448680370848405e-6	3.4786218285239034e-6	5.672507655653594e-6	8.466811378930348e-6	6.901330539622929e-6	8.733600908173832e-6	7.338630709521031e-6	7.533354993012305e-6	6.118837927386166e-6	5.824019024480102e-6	4.706100204627736e-6	5.0481306179510355e-6	4.898274466699944e-6	5.050281730084507e-6	2.946260371089471e-6	2.476668938022116e-6	1.524015104652915e-6	3.5675232584156565e-6	2.8284517916287062e-6	4.356379125979807e-6	3.408893825042076e-6	1.90814764542465e-6	1.4990271971306902e-6	9.335638533926327e-7	-2.356582640616542e-6	-7.988703652045924e-6	-1.8087392225250506e-5	-3.094705014982085e-5	-3.871046155119132e-5	-4.36507560972561e-5	-4.463072418635448e-5	-4.233489211372555e-5	-4.0038068688913984e-5	-3.946340087015738e-5	-3.920928048602515e-5	-4.137361582132702e-5	-4.49002667419476e-5	-5.6473633204719154e-5	-6.997618061930534e-5	-8.383846799523559e-5	-9.716829620488952e-5	-0.00011473081292304177	-0.00012818208587660543	-0.00013584400799767152	-0.00014188993117166676	-0.00015096306393868643	-0.00015519275983451666	-0.00015275368722201567	-0.00014479942975014447	-0.0001332760827860071	-0.0001233034940719812	-0.00010936053081449411	-9.058842589579862e-5	-8.135787610882156e-5	-0.00013948590888335395	-0.00013453574695151786	-0.0001232144582956167	-0.00010559959601739478	-8.944458519330456e-5	-6.549152948794913e-5	-5.155810501190211e-5	-4.240823029875128e-5	-3.628301182504595e-5	-3.5847163937317156e-5	-3.62350775155295e-5	-3.937811047941345e-5	-5.1307562315503624e-5	-7.945661262081204e-5	-0.00011192219001522792	-8.544804141271019e-5	-6.237378035508362e-5	-5.193942178476421e-5	-4.567450671150164e-5	-3.7848139825122015e-5	-4.197046728497862e-5	-4.982294541343302e-5	-5.855915624478937e-5	-6.180662163925849e-5	-6.330059579479942e-5	-6.210992777163846e-5	-6.031474846478202e-5	-5.8685831097037705e-5	-5.671296233089769e-5	-6.0392929358615496e-5	-6.851911573497668e-5	-6.999052213230855e-5	-7.823580779856183e-5	-7.47576390510785e-5	-6.502931099584396e-5	-4.962901868112157e-5	-3.204739999090357e-5	-1.1087081828249808e-5	-3.758205248741153e-7	1.4664740721672537e-6	-5.396678664929336e-6	-1.6797040533651775e-5	-2.7109048298269017e-5	-3.110820933694466e-5	-4.1154115005149344e-5	-4.8556433297438674e-5	-5.313979547843725e-5	-5.767265437081875e-5	-6.0404292820327894e-5	-6.252404490306694e-5	-6.356129572974642e-5	-6.647422714600552e-5	-6.786707906433504e-5	-7.016187208747516e-5	-7.595595229441688e-5	-7.81208683614705e-5	-7.765145775245463e-5	-7.97480989957796e-5	-8.270006176451603e-5
6.455527006238391e-6	7.571522456857778e-6	5.724332846114306e-6	4.763119606306272e-6	3.6949108204488434e-6	4.081263279805472e-6	1.7027146771535218e-6	4.042062903191011e-6	6.590149877899482e-6	7.829952737884675e-6	8.705658251033886e-6	9.608440334877861e-6	7.359318486641758e-6	7.825463863334828e-6	6.037722315654307e-6	4.1095446810064315e-6	2.8684430986069057e-6	5.5847868728675296e-6	4.869916425686866e-6	4.803348239447967e-6	5.436630739238772e-6	6.856817507988784e-6	5.584350515374422e-6	5.116523458712462e-6	2.5176536850852853e-6	3.4922704693894115e-6	3.1821398660081095e-6	3.5742332823909123e-6	3.6293692787995983e-6	4.151709427364491e-6	3.6541879870860376e-6	4.010725068574229e-6	3.655930044105509e-6	5.039409346904115e-6	2.8207862627182938e-6	1.961727552862551e-6	1.774803663409652e-6	-1.1534715511300059e-7	-3.82470094549385e-7	-1.263477506213001e-6	-4.822490087927518e-6	-1.1156229757819554e-5	-2.2040533473300337e-5	-3.188095715374317e-5	-4.045229272538718e-5	-4.384890945892221e-5	-4.5598996422291024e-5	-4.646553235492651e-5	-4.6997982911553375e-5	-4.758081147669419e-5	-5.123941133097342e-5	-5.4501012958859014e-5	0.004551230447740308	-7.310772127922752e-5	-8.464748319598689e-5	-9.79076755102835e-5	-0.00011525530470497033	-0.00013037557067036194	-0.00013517930256125386	-0.00014111120870863476	-0.00014685824592866603	-0.0001532793226328641	-0.00014928970742131634	-0.00013906182422056788	-0.00012562959383075403	-0.00010905372107845694	-9.812000340480784e-5	-7.935246544273425e-5	-7.023726074058614e-5	-8.468921148456314e-5	-0.00012302930216473787	-0.00011373197731355013	0.004640508645669403	-8.091245264508357e-5	-5.9465224338606584e-5	-4.573922047319476e-5	-3.624579751463665e-5	-2.9268553485787413e-5	-2.8279046020021972e-5	-3.3380701866926946e-5	-4.266191214966769e-5	-4.64102282895628e-5	-4.970087274678778e-5	-0.00010791883124443812	-9.713090409779225e-5	-6.519078987786767e-5	-4.965941105159952e-5	-4.520485366783268e-5	-4.404522016099137e-5	-4.314532738134043e-5	-4.8980138855382604e-5	-5.309004537639578e-5	-5.8501430857818906e-5	-5.803574569269304e-5	-5.926656242486415e-5	-5.979395211060633e-5	-5.936932402400737e-5	-5.890813165607481e-5	-6.383301096903049e-5	-6.7472083316528e-5	-7.342739722292994e-5	-7.987405282810448e-5	-8.229237487462644e-5	-7.231863935984722e-5	-5.987536176230417e-5	-3.633178657447625e-5	-1.7705923601742633e-5	-4.043372969883725e-6	1.532111916719217e-6	-3.5032886839961655e-6	-8.427154800805942e-6	-1.9798607481659285e-5	-2.6363491230580252e-5	-3.7227033021437934e-5	-4.212252476508416e-5	-4.973686933877966e-5	-5.5253993672664016e-5	-5.550745952502892e-5	-5.745642318475894e-5	-6.0562382130199995e-5	-6.24106811462086e-5	-6.642054767519792e-5	-7.047895584472944e-5	-7.267116097363531e-5	-7.745042951542904e-5	-7.863636148979728e-5	-7.739877800195909e-5	-7.852922740574954e-5
5.9062446703143576e-6	6.536526101744329e-6	4.9031325747021966e-6	4.8656405594589384e-6	5.222917051107834e-6	3.928487444203321e-6	4.540247825867826e-6	6.119437114969397e-6	5.831004049560145e-6	8.992278476471684e-6	8.732750383553482e-6	9.679577424152614e-6	8.402586576289513e-6	6.674370990513833e-6	5.443019414634771e-6	3.495474080539643e-6	3.92645420517479e-6	4.0153606654935725e-6	4.627736743074637e-6	4.954799952760439e-6	4.0645358617436705e-6	3.5416521286329126e-6	4.124489271981318e-6	3.718420454087556e-6	1.9453211372484625e-6	1.6000590655489318e-6	2.652687276923863e-6	2.3133721839736256e-6	3.47935951832681e-6	4.220947005004021e-6	4.977536936768244e-6	4.486375965824171e-6	2.940459641184376e-6	3.136243858744333e-6	2.401146424160956e-6	1.9342639425920516e-6	-1.1859104627129358e-7	-1.5096499985972796e-6	-2.234201885726716e-6	-2.566119337691925e-6	-2.9025792931832405e-6	-6.5044745896922565e-6	-1.3724174975724562e-5	-2.4235780367721886e-5	-3.450861944668312e-5	-4.176642582622795e-5	-4.566865887301215e-5	-4.857461592786168e-5	-4.9208261359992914e-5	-5.483871433776405e-5	-5.9378288511688186e-5	-6.260236272404539e-5	-6.886642855529878e-5	-7.759223294911619e-5	-8.927323033212312e-5	-9.890765011644122e-5	-0.00011486101979046523	-0.00013137676354354338	-0.00013510097771627164	-0.00013649532278428057	-0.00014234707217098373	-0.00014952192450758822	-0.00014907188640726939	-0.00013599488299701444	-0.00012247357543382874	-0.00010618772847571095	-9.155691423545428e-5	-7.721373820163656e-5	-6.562397749884132e-5	-3.9902184741048494e-5	-0.00011100725130449608	-0.00010625724179442325	-9.733509121639429e-5	-8.164631923562697e-5	-6.488550094896524e-5	-5.24505716908031e-5	-4.2792006635199165e-5	-3.451569179015353e-5	-3.3606185483080545e-5	-3.567707579886503e-5	-4.450608429430562e-5	-5.090049295572961e-5	-5.353785088218002e-5	-8.432421689185364e-5	-0.00010357163772131174	-7.057488177089448e-5	-5.2166286353561714e-5	-4.481139135432098e-5	-4.2387682713850364e-5	-4.358414632454552e-5	-4.720490710125036e-5	-5.13485738163396e-5	-5.487185331652135e-5	-5.625180575031044e-5	-5.638732931967372e-5	-5.8340674966798206e-5	-5.9907012828078546e-5	-6.159261870712987e-5	-6.68600510708977e-5	-7.322543460746168e-5	-7.582796777473328e-5	-8.06580092023142e-5	-8.839691252636797e-5	-8.016764497576802e-5	-6.749338108855921e-5	-4.322526649818987e-5	-1.8865561092484828e-5	-5.633969288277793e-6	3.657382779335798e-6	1.3050517784496396e-6	-6.058438018841442e-6	-1.3039262014417387e-5	-2.4870293222848533e-5	-3.3187477289963255e-5	-3.940254316185318e-5	-4.432591679771544e-5	-4.870399859346723e-5	-5.250778064842636e-5	-5.376203034623481e-5	-5.573623536119475e-5	-6.11057373331534e-5	-6.293713384925449e-5	-6.898420623906339e-5	-7.334869988619673e-5	-7.306258147912661e-5	-7.614042212803103e-5	-7.874367030440924e-5	-7.542198253364819e-5
5.669094466868169e-6	6.10518530966709e-6	6.222263804461087e-6	5.9218830043123415e-6	3.650153815001108e-6	4.259741093659477e-6	6.314390488888939e-6	6.715002090072926e-6	8.259482416040319e-6	8.766289981247677e-6	9.171323148084339e-6	8.372502524991218e-6	7.96918447193689e-6	4.982658632207964e-6	4.75390686451721e-6	4.396456691540748e-6	2.1409087637468474e-6	2.530505891363676e-6	4.744186885518014e-6	4.1306918757873234e-6	3.4383374459775497e-6	3.0374305487793594e-6	3.037725916079856e-6	2.816086956452992e-6	1.1842277565466894e-7	4.275328797042309e-7	2.223861832802588e-6	3.2341607958895867e-6	4.167884417043306e-6	4.675810552276765e-6	5.3442296307727385e-6	4.400788537837347e-6	3.451792351570008e-6	1.7554203877718881e-6	1.0234761898663541e-6	6.543020105212981e-7	-3.105603017046661e-7	-2.1394982858383323e-6	-2.591231196085418e-6	-3.608660341576121e-6	-3.5374734112564483e-6	-4.084218968342275e-6	-8.835588573990766e-6	-1.686696306929525e-5	-2.7778275398220725e-5	-3.7567484436869594e-5	-4.617152848257217e-5	-4.95465195173711e-5	-5.212387303840573e-5	-5.6573845535557235e-5	-6.071940941796555e-5	-6.740884739341122e-5	-7.209583495633963e-5	-7.960472767618888e-5	-9.011138483777572e-5	-0.00010296207932308874	-0.00011452681821725718	-0.00013004063809931785	-0.0001371107168670867	-0.00013137816019922945	-0.00013523019951554825	-0.0001430696010360638	-0.00014717460002111084	-0.000137247518290683	-0.00012274047472295678	-0.00010844821337068107	-9.498616928703581e-5	-7.807486091123382e-5	-6.440484862655152e-5	-5.385408350278183e-5	0.0040636901530073394	-0.00010469426543258976	-9.623217998942085e-5	-8.475873497851283e-5	-7.476584716029251e-5	-6.557449054242492e-5	-5.2859338314868026e-5	-4.501975511242602e-5	-3.8748414001076384e-5	-4.37690566938969e-5	-4.723233860233142e-5	-5.255362537617998e-5	-5.359343568868587e-5	-5.683069086940412e-5	-9.829656348755121e-5	-7.651496359791822e-5	-5.196821245144652e-5	-4.1204464527877516e-5	-4.094178203493254e-5	-4.359956083882857e-5	-4.482153844690556e-5	-4.9359313490865767e-5	-5.019117208871285e-5	-5.110404417566286e-5	-5.125734400942758e-5	-5.570846113621755e-5	-6.169729212550032e-5	-6.903782007877668e-5	-7.343059763649691e-5	-7.820682632313919e-5	-7.836836864400041e-5	-8.264230857209665e-5	-8.963800798898833e-5	-8.80777450474636e-5	-6.946706618412516e-5	-4.621222670644302e-5	-2.452452159483042e-5	-9.461790149664119e-6	5.151446478592059e-6	8.573593175470115e-6	1.008683210741712e-6	-9.809354515190154e-6	-1.9774457534209484e-5	-2.803944092048035e-5	-3.532574684107694e-5	-4.103110577864666e-5	-4.540078659049686e-5	-4.860889954493106e-5	-4.9817840141216756e-5	-5.296283856360412e-5	-5.7296320713114135e-5	-6.31801609071508e-5	-6.811169070593259e-5	-6.811996371548865e-5	-7.23580403444923e-5	-7.50296551911599e-5	-7.582007762135887e-5	-7.514710109062829e-5
6.8234433112991134e-6	7.3103360767167586e-6	4.995223612188921e-6	4.2680110590468875e-6	3.5584208745841756e-6	4.646687001917237e-6	5.347204198521971e-6	7.487190293480658e-6	8.52108217915936e-6	7.83034876522537e-6	8.781721627822408e-6	7.253396202080726e-6	7.3293414146560244e-6	5.406570343876628e-6	3.680273349526003e-6	3.572582641503917e-6	2.5310107492921424e-6	3.3595684388728828e-6	2.502641632611772e-6	3.853932880563005e-6	1.951260670239336e-6	7.092455558944076e-7	8.88869150538537e-7	1.8474649381931135e-6	2.0275193579177148e-6	1.2788040212267232e-6	2.1323099785430094e-6	3.7937432411034103e-6	5.023661812063318e-6	4.327947457881398e-6	3.5472297543965095e-6	3.3727922830930485e-6	2.2815327730373036e-6	1.0340471399061454e-6	-6.209615769714807e-7	-6.62262215553322e-7	-4.299086154885452e-7	-1.6864383248714997e-6	-2.894412714333442e-6	-3.212756479581934e-6	-3.08945536796508e-6	-5.0582760018329925e-6	-7.937249144344873e-6	-1.1933635777152708e-5	-2.1249120816320584e-5	-3.214019212664093e-5	-4.14531954823303e-5	-4.73000174634362e-5	-5.278448944427694e-5	-5.775732697991219e-5	-6.199019250826762e-5	-6.632845508459159e-5	-7.079340291716793e-5	-7.682342376667557e-5	-8.712734655437742e-5	-0.00010077874160890638	-0.00011483929353631444	-0.00012834406301783213	-0.0001327222213663888	-0.00012980213245829958	-0.00012960041430765297	-0.00013428953952695274	-0.000140265169059706	-0.0001360289930262687	-0.00012547601307695382	-0.00011269414221682511	-9.854202193387146e-5	-8.377339398351821e-5	-6.945971524623291e-5	-5.683875241996317e-5	-3.33394452941161e-5	-9.71947058915016e-5	-9.747530565367736e-5	-8.781643260767809e-5	-8.261189430236113e-5	-6.839455426164466e-5	-5.971174689032785e-5	-5.3633523503480995e-5	-5.214402158649177e-5	-4.824287871312352e-5	-5.002271427482531e-5	-5.3129234228212197e-5	-5.101881089797887e-5	-4.8328770018042644e-5	-7.998457092288878e-5	-8.285106631571865e-5	-5.3876914500941564e-5	-4.217082396392596e-5	-4.275849780472317e-5	-4.550271459754715e-5	-4.276522492250093e-5	-4.637984478677443e-5	-4.709999710779747e-5	-4.594478257373934e-5	-4.8753084755034926e-5	-5.573714076867117e-5	-6.612715812859965e-5	-7.53750402414724e-5	-7.900466600699839e-5	-7.926774324711235e-5	-8.144079552126031e-5	-8.435010127546584e-5	-8.824669276406589e-5	-8.788550073292063e-5	-7.38650547367839e-5	-5.180166099782828e-5	-3.119293411676244e-5	-9.870472933459253e-6	6.664404827148342e-6	1.0317247888273415e-5	1.7646681766672265e-6	-5.487763785061439e-6	-1.458828187699164e-5	-2.3073375306193432e-5	-2.8731546952796144e-5	-3.418798816474163e-5	-4.0048348841294386e-5	-4.426755272730291e-5	-4.7821548063175547e-5	-5.258037431669915e-5	-5.536029970597614e-5	-5.81764856861372e-5	-6.24747284976154e-5	-6.741014617979348e-5	-7.296069029971361e-5	-7.26548965283326e-5	-7.471398267915822e-5	-7.329743779646309e-5
5.389047855696143e-6	5.7035697941919955e-6	5.4581423877667935e-6	4.505024907535803e-6	3.4774952852750264e-6	1.7316639558374002e-6	3.6824174043164834e-6	7.835236664121767e-6	6.6278154690316456e-6	7.557412861475526e-6	7.510163398832294e-6	7.527000574474724e-6	6.675259529972857e-6	4.208494433478004e-6	2.6131533728871413e-6	9.368766976406914e-7	1.0344758933473162e-6	2.0033648599358713e-6	2.768281001701506e-6	1.2696953315398819e-6	8.555653131488497e-7	2.7469073361958453e-6	1.6189615514622564e-6	9.828424215436136e-7	2.3110397569161417e-6	2.959983265709166e-6	1.9230969071424957e-6	2.683894517220564e-6	3.397247247513731e-6	3.7664267071944174e-6	2.0258162877241637e-6	1.786316127297665e-6	1.6884544101953593e-6	2.8787433293273393e-7	-8.723089535856571e-7	-1.9274293917631233e-6	-1.938179243292891e-6	-1.613244733926402e-6	-2.087836135260864e-6	-3.293942869115815e-6	-4.923695780245912e-6	-5.502201690414047e-6	-6.526635209927814e-6	-1.1395720069353518e-5	-1.5911171625854117e-5	-2.5589915142410977e-5	-3.654728938159036e-5	-4.525346185507793e-5	-5.031335205288399e-5	-5.5042100731319925e-5	-6.155392865878594e-5	-6.442780375176538e-5	-7.158133467802079e-5	-7.566476775537102e-5	-8.35550678862998e-5	-9.618421740987485e-5	-0.00010641215014727846	-0.000116987444076142	-0.00012985842203524882	-0.0001302372940037693	-0.0001238591419835608	-0.00012775739435767416	-0.00013311163044537298	-0.00013345795675826985	-0.00012766917913803986	-0.00011705862063417054	-0.00010226920157301381	-9.0756598270696e-5	-7.409681463343108e-5	-6.423376155951198e-5	-5.244555977002019e-5	-7.491510431206945e-5	-9.807643895696876e-5	-9.107066939657328e-5	-8.401105850808048e-5	-7.736813945470426e-5	-6.878994747742603e-5	-6.44772362259384e-5	-6.285194670057823e-5	-5.621216889531433e-5	-5.0375916723667535e-5	-4.633272901086692e-5	-4.397383395675185e-5	-4.250665657672993e-5	-4.4417457370580365e-5	-8.612193032179506e-5	-6.326711775458092e-5	-4.6267549292690335e-5	-4.4964533606889345e-5	-4.5013926832943724e-5	-4.3350882958240536e-5	-4.226598586311997e-5	-4.2879330338155275e-5	-4.260251728108698e-5	-4.669974548341879e-5	-5.746793502875436e-5	-6.998129899898377e-5	-7.80209644411561e-5	-7.984152303327444e-5	-7.819134689712997e-5	-8.017030256074909e-5	-8.461989078954561e-5	-8.44108036035041e-5	-8.448345775291088e-5	-7.671247078267895e-5	-5.718448067122076e-5	-3.765142836723544e-5	-1.4737926371920923e-5	3.754655603354501e-7	1.022547108889705e-5	7.846078818119287e-6	3.771185935145388e-7	-9.792714822636633e-6	-1.6641876058091053e-5	-2.5063740562158987e-5	-3.18046174981176e-5	-3.574034702902556e-5	-4.146721681796365e-5	-4.45557960692582e-5	-4.7806964998601924e-5	-5.367624646515114e-5	-5.66770220805559e-5	-5.981068705953642e-5	-6.604259986976724e-5	-6.845186518035073e-5	-7.167844438815945e-5	-7.31092846716552e-5	-6.947449304435874e-5
4.480196096653521e-6	5.299436070093505e-6	5.233438528731444e-6	4.237052349601034e-6	2.742844591046862e-6	2.746567279979153e-6	3.599654828227196e-6	4.040727944571668e-6	5.671350428127983e-6	7.234554577043202e-6	4.915136529119041e-6	5.580217806117147e-6	5.14897949743711e-6	3.6899582792505187e-6	1.2516941877514093e-6	3.528089352242657e-7	-9.638219435341606e-7	2.133634280810249e-7	1.8106266667732539e-6	1.93372820265548e-6	1.7725123315447382e-6	2.7120881266413845e-6	2.9372800344057686e-6	2.0604245742840595e-6	3.267548155064682e-6	3.6231438159460387e-6	2.2621038570959373e-6	2.1305805251027425e-6	1.3473604014175439e-6	2.4416130255848836e-6	1.5511071271259898e-6	4.3938236024814586e-7	-2.649960795502587e-7	-9.891642978885132e-7	-1.7331696416044394e-6	-1.7990462412983618e-6	-2.6222437583952804e-6	-2.4208511920347647e-6	-1.743291636806081e-6	-2.2338364429161546e-6	-4.9464007450530575e-6	-6.762967220204537e-6	-8.073882662158575e-6	-1.0306438093916036e-5	-1.4788405509663562e-5	-2.07785128320437e-5	-2.8467278574565227e-5	-3.955085022184536e-5	-4.989482463530013e-5	-5.666672390602489e-5	-6.008352367449076e-5	-6.554226888977853e-5	-7.036661575578369e-5	-7.425514117703844e-5	-8.326975638856503e-5	-9.123004037978055e-5	-0.0001006068492371507	-0.00011173677620689767	-0.00012308684094913033	-0.000128118064911969	-0.0001234868741826654	-0.0001226405378222965	-0.00012511668549299026	-0.0001271512355783622	-0.00012529202249485227	-0.00011850957388277912	-0.00010878012616545585	-9.285713545737623e-5	-8.38705433293778e-5	-7.150788011961277e-5	-5.629985111899223e-5	-3.9192429662987874e-5	-8.848264820057045e-5	-9.558430154365041e-5	-9.064747380016849e-5	-8.74602283759858e-5	-8.234465129078675e-5	-7.717965649282725e-5	-7.005556288178748e-5	-5.733895852696666e-5	-4.60624587279336e-5	-3.814240510566745e-5	-3.6548346105200885e-5	-3.7788265390067965e-5	-4.153881241796345e-5	-7.311209256608865e-5	-7.835754941816833e-5	-5.018954151261336e-5	-4.345028537379274e-5	-4.189748526849807e-5	-4.1270307957761224e-5	-3.5648683976551715e-5	-3.768398942503512e-5	-4.032299131965025e-5	-5.014323400725704e-5	-6.11178160468337e-5	-7.23326958474834e-5	-7.528506173288749e-5	-7.575979242818026e-5	-7.540504694876927e-5	-7.96349397758295e-5	-8.072036464538881e-5	-8.290440702701535e-5	-7.900734051800168e-5	-7.783125555833013e-5	-6.587601430660655e-5	-4.686247524689387e-5	-2.2775102224070407e-5	-1.8472469582621331e-6	8.236155533080346e-6	1.1360818266497284e-5	3.445595565050759e-6	-4.517903860268638e-6	-1.2958842735867615e-5	-2.1431216340418377e-5	-2.741382788850645e-5	-3.2505564020080153e-5	-3.778646850440253e-5	-4.0216961689045275e-5	-4.5454497464136184e-5	-5.0248858694855805e-5	-5.5248590535958604e-5	-5.9028658426062836e-5	-6.078368703494024e-5	-6.589475664935378e-5	-6.824875769346692e-5	-7.173099209284526e-5	-7.015607665498188e-5
3.7304403183581296e-6	4.3461798992627115e-6	4.786040605985701e-6	3.619637330208418e-6	3.052751521893677e-6	2.2635250469219166e-6	2.8263377052704756e-6	2.87244341187114e-6	5.613563745245596e-6	5.612164762048514e-6	5.189064425543954e-6	3.956596776556395e-6	3.99528980455895e-6	3.911353671775131e-6	1.944517578910971e-6	-5.444521870563539e-7	-1.5247739938609e-6	-1.1285923676726886e-6	5.456566298247482e-7	3.845350384548132e-6	4.123909382248081e-6	3.8273928591617355e-6	4.565644067238556e-6	3.30435514711634e-6	2.7290371703994967e-6	2.3515038142596714e-6	2.6871575963178553e-6	8.500052398052738e-7	4.4078263418791466e-7	5.658660486799333e-7	1.2313911457347004e-6	4.5575147253123713e-7	-1.6735807474555463e-6	-2.333692511696621e-6	-1.9256506431737305e-6	-1.7172369971320267e-6	-1.6507808873111526e-6	-2.4312998798481714e-6	-3.36625662972689e-6	0.0020970348142099497	-4.724292109316124e-6	-7.366105740777215e-6	-8.985945355866054e-6	-1.0649960606868951e-5	-1.1887121204089222e-5	-1.9391493807560927e-5	-2.6106864893374934e-5	-3.6037825402340275e-5	-4.469695639541631e-5	-5.29378731416218e-5	-5.8374023461662226e-5	-6.742342448186247e-5	-7.00187660992611e-5	-7.641969187392305e-5	-8.257327165886626e-5	-8.789711036436259e-5	-9.445618048083051e-5	-0.00010160693662527101	-0.00011382605122399556	-0.00012571374474344612	-0.0001250661694926448	-0.00011889209844927195	-0.00011855043103117281	-0.00012338729562437565	-0.00012327294229884725	-0.00011875956332869832	-0.00010919259027129466	-9.836488563345208e-5	-8.792401910272946e-5	-7.690340143775426e-5	-6.724936876464915e-5	-4.6143217162812264e-5	-6.821018604000022e-5	-9.691444549436365e-5	-0.00010335880578824473	-0.00010259575402562712	-9.76279923505137e-5	-8.427758351435555e-5	-6.767646316399242e-5	-4.9515345915259953e-5	-3.5417831210178205e-5	-3.0685599455284804e-5	-3.158261394596573e-5	-3.514166272105927e-5	-3.912619663697971e-5	-4.461063691520682e-5	-8.211995247762831e-5	-5.64131043994439e-5	-4.3554505165226826e-5	-4.223006860653786e-5	-3.397633122005812e-5	-3.223448258207577e-5	-3.325879955012705e-5	-4.0769528466102004e-5	-5.219247110020697e-5	-6.532674999798309e-5	-7.212975224372108e-5	-7.501561702274572e-5	-7.458806022581262e-5	-7.634972050472952e-5	-7.940537145780663e-5	-7.873212801710102e-5	-7.844113974737974e-5	-7.828966560978479e-5	-7.350158895587378e-5	-7.114378026528822e-5	-5.256271504746994e-5	-3.289539505970784e-5	-1.1115003475449005e-5	4.558197431699454e-6	1.319255821664693e-5	1.0001992604914862e-5	1.5445279430426062e-6	-9.1896437475706e-6	-1.7938374460976445e-5	-2.4080964901719397e-5	-2.93201000631238e-5	-3.4689353384698314e-5	-3.8222863462116126e-5	-4.227675030855308e-5	-4.755795253972867e-5	-5.174419095727457e-5	-5.37610616175568e-5	-5.81626652466612e-5	-6.175256625278944e-5	-6.60489982569042e-5	-6.522312015781392e-5	-6.763824531225756e-5
3.2731736724776923e-6	3.4688045979450882e-6	3.598376522152922e-6	3.166863257904589e-6	2.6967680025928933e-6	2.3306478692504753e-6	1.4112796440377343e-6	1.8091375861045873e-6	3.032410728770474e-6	4.660236575706588e-6	4.5449161014538e-6	3.976259535932829e-6	2.6307247661750202e-6	3.2795181376327545e-6	5.400339585779658e-7	5.816376118803271e-7	-5.011310715897534e-7	-3.28296672480596e-7	1.4616209601686116e-6	4.473338330074524e-6	5.990217940546241e-6	5.227064303175424e-6	4.1868371671114485e-6	3.7068960948754073e-6	1.6556757779563093e-6	7.977669265750616e-7	1.0826943015089865e-6	6.198247289230553e-7	3.1133424912557425e-7	-1.483722609292755e-6	-1.1007283967764611e-6	-4.2513826389433546e-7	-9.191077258541118e-7	-1.9863511326761486e-6	-2.6780348782746294e-6	-1.751255421602628e-6	-1.8626713948924171e-6	-2.7869941762932206e-6	-4.115756284774671e-6	-4.678956950620455e-6	-5.42847900555617e-6	-6.616811464791716e-6	-9.779815156221294e-6	-1.1140198641769027e-5	-1.3089245835210678e-5	-1.7288831461565683e-5	-2.200511408804789e-5	-2.8202294920785017e-5	-3.9258864326747675e-5	-4.561662234796662e-5	-5.5974011624175014e-5	-6.406465928338479e-5	-6.952351706596312e-5	-7.907389803108334e-5	-8.084035971070522e-5	-8.730266834650925e-5	-9.190934447214118e-5	-9.79303718434861e-5	-0.0001082975233465287	-0.00011843887970689696	-0.0001230944011087684	-0.00011550434043515901	-0.00011170422255148832	-0.00011298952366941249	-0.00011680552817344442	-0.00011560045427687089	-0.00011017929096423379	-0.00010176093628876982	-9.237904228902305e-5	-8.274294041165503e-5	-7.558906610014016e-5	-6.393795667610294e-5	-4.5888130387541914e-5	-9.523198413120999e-5	-0.00011737998997915153	-0.00011546126121820752	-0.00010325971356943929	-8.099605247461651e-5	-5.920141673816746e-5	-4.216952180838545e-5	-2.9743642236137145e-5	-2.6496731630630196e-5	-2.6511498401335723e-5	-2.945945879167383e-5	-3.583796392894051e-5	-3.9125052903434335e-5	-6.469593601945642e-5	-6.705565200435144e-5	-4.356279186120901e-5	-3.770793518360557e-5	-3.0347960427220405e-5	-2.511316111444492e-5	-3.3903543076273246e-5	-4.5045161202418235e-5	-5.7742064917465016e-5	-6.835171944337848e-5	-7.149389338195495e-5	-7.022806459576394e-5	-6.875052343559545e-5	-7.068869153816892e-5	-7.664188457219123e-5	-7.964018473827997e-5	-7.866615004043821e-5	-7.654798360554483e-5	-7.430660741228334e-5	-6.938004667468838e-5	-6.151815822757253e-5	-3.883858666533374e-5	-1.7719219211473e-5	1.0567689139127229e-6	1.2294675192205465e-5	1.0244648481318522e-5	4.0756255044026996e-6	-4.569938296056578e-6	-1.3041378535893697e-5	-1.9462943611913038e-5	-2.6970814542772066e-5	-3.101075192425348e-5	-3.5466863936299727e-5	-3.9821988034568004e-5	-4.3846292995290085e-5	-4.694285817783686e-5	-5.0430923776725e-5	-5.442548186407976e-5	-5.843597442414285e-5	-6.178606800234104e-5	-6.34010890977147e-5	-6.554743584496689e-5
3.0424013965958414e-6	2.277713929737992e-6	2.774869942655765e-6	2.919828513627161e-6	2.559624853921711e-6	2.086204373857349e-6	8.138921315874702e-7	7.207399561610754e-7	1.0966435791685998e-6	1.635437794304112e-6	3.8623652540148434e-6	2.5809341203933064e-6	1.591543558727114e-6	1.3137916668741652e-6	1.8424190005670443e-6	1.5679601207360151e-6	2.2871092969804427e-6	7.937506199735302e-7	3.4380336771944187e-6	4.965154608939154e-6	6.188554311879887e-6	0.0007033243949802618	3.919767494256748e-6	2.948069938938768e-6	1.8955825041686199e-6	2.7782824706199666e-7	-7.627732262005874e-7	-3.8339552669783283e-7	-7.456267209020838e-7	-1.482070011691889e-6	-2.7069294917560216e-6	-1.764050048343093e-6	-1.1080826740113986e-8	-3.8424734558452703e-7	-1.4206774501929718e-6	-3.06269989946463e-6	-3.1548263499758637e-6	-2.777347690751438e-6	-4.047436272312625e-6	-6.266165236158954e-6	-7.2529065045512375e-6	-6.967070068379568e-6	-7.296215911989628e-6	-1.0135269527128139e-5	-1.4526768483871105e-5	-1.6308196445016538e-5	-2.023023520621517e-5	-2.5043252296398383e-5	-3.215551968411504e-5	-4.0904317065654575e-5	-5.138357040204711e-5	-5.775213447604174e-5	-6.960806524117322e-5	-7.818465517042163e-5	-8.327186611317792e-5	-8.47720445608987e-5	-8.78740318032735e-5	-9.053793919764318e-5	-9.896245389785438e-5	-0.00010925235193902285	-0.00011802867276578238	-0.00011380116846809209	-0.000109415213739349	-0.0001081579271359611	-0.00011248164812440765	0.0020669587108931202	-0.00011062332757997857	-0.00010406432261105079	-9.544749643972984e-5	-8.664333695711061e-5	-8.046308745484308e-5	-7.793549179385857e-5	-6.932917894506355e-5	-8.841847940659411e-5	-0.00011677318204354661	-0.00011318397398951598	-9.523163757465918e-5	-7.641641943734786e-5	-5.475117638886924e-5	-4.200333288812124e-5	-3.054361998456982e-5	-2.427071878706704e-5	-2.4958512844343653e-5	-2.6954288058272588e-5	-3.131173867496756e-5	-3.792478731339151e-5	-4.196954839436398e-5	-7.388699511706905e-5	-4.7700426205514804e-5	-3.498305535662091e-5	-2.79278473752035e-5	-2.8689944727659095e-5	-3.6282223165543664e-5	-5.307087563031013e-5	-6.527822172890628e-5	-6.939153632289693e-5	-6.814756953947392e-5	-6.462710914112348e-5	-6.377982481563238e-5	-6.940978928876747e-5	-7.223974809891873e-5	-7.508787092807851e-5	-7.677849149588089e-5	-7.599771763777078e-5	-7.540656370505364e-5	-7.094188340071861e-5	-6.777970692681528e-5	-4.9414096997698297e-5	-2.851043706783747e-5	-5.58295175714929e-6	6.672553100870761e-6	1.2012791960713635e-5	9.35785280048538e-6	-1.5753566978476616e-6	-9.70552170695329e-6	-1.5495731052472816e-5	-2.1301301148587016e-5	-2.7978958730477503e-5	-3.035769959036389e-5	-3.588272324373887e-5	-3.793646835418326e-5	-4.232911700487304e-5	-4.6020472761363826e-5	-4.994955857647509e-5	-5.544362773551121e-5	-5.947687566087469e-5	-6.319410616431771e-5	-6.317970196111859e-5
1.9463002169401323e-6	1.8245136244919927e-6	1.2114388200814945e-6	1.3132268297973149e-6	1.3780281573499455e-6	2.754407441604538e-7	-7.491589298783477e-8	4.971477897863959e-7	-1.552853201927662e-7	6.939397976602271e-7	2.188881198419545e-6	3.3281224458736776e-6	3.067119928531776e-6	3.44758805054593e-6	8.254663169367585e-7	3.103466863379513e-6	2.9718168979278245e-6	1.6611710824173537e-6	3.0272307868729666e-6	3.9943515887182115e-6	4.23806306563447e-6	5.085061719303004e-6	4.936682698237658e-6	2.8966458580164355e-6	1.1599773398762725e-6	-3.736109203044888e-7	-1.5967779447853894e-6	-2.6629880855240547e-6	-1.870186718162803e-6	-1.6034550797587935e-6	-2.578231633992411e-6	-1.9040041274848672e-6	-1.095285947984477e-6	2.7132202788746757e-7	-6.11508187836618e-7	-2.4528830794854142e-6	0.0015204914846080834	-5.306151420211933e-6	-4.943853340220409e-6	-5.788662247024207e-6	-7.170553909213555e-6	-7.753328057434183e-6	-9.08390597199318e-6	-9.743139707302142e-6	-1.1271579589014567e-5	-1.7707269994900188e-5	-2.1910063195164364e-5	-2.266193151455884e-5	-2.8388120061324882e-5	-3.421987827405574e-5	-4.332000577266654e-5	-5.5443609980345386e-5	-6.614002651009025e-5	-7.676340918005928e-5	-8.013605435426476e-5	-8.442888559611304e-5	-8.709451010380492e-5	-9.135028535369773e-5	-9.826578614181847e-5	-0.00010683964318932912	-0.00011359809832763631	-0.00011519660663361023	-0.00010800837159006225	-0.00010239584292233081	-0.00010172512989023354	-0.00010364174333099725	-0.00010625389802547663	-0.0001029525715476624	-0.0001002584562988457	-9.688252696783955e-5	-9.800272365390137e-5	-9.751872543967317e-5	-9.736114815782956e-5	-7.088737443447599e-5	-9.468692378181588e-5	-9.488048346940805e-5	-8.070460968078157e-5	-6.702085670511407e-5	-5.679787300151475e-5	-4.29445944164766e-5	-3.3033294458638916e-5	-2.3250747759398505e-5	-2.0205542692556394e-5	-2.2639566666683708e-5	-2.8320101681496637e-5	-3.347808822913925e-5	-3.5757313698522863e-5	-3.976096796427797e-5	-5.604436313362375e-5	-3.2656917028439994e-5	-3.240506008276786e-5	-3.524912544359063e-5	-4.561396564173141e-5	-5.760665413223273e-5	-6.647127425471033e-5	-6.636416635577135e-5	-6.249938580343492e-5	-6.192999127787365e-5	-6.343662573482425e-5	-6.835021454799483e-5	-7.090852029297771e-5	-7.41329306708921e-5	-7.639520043531498e-5	-7.573658134072282e-5	-7.346625932955079e-5	-7.135338831343752e-5	-6.630319581644442e-5	-5.7540954382989326e-5	-3.799907530180422e-5	-1.5712117519594074e-5	6.992538194522738e-7	1.1910053865989319e-5	1.2098864607661824e-5	3.7559481336191768e-6	-5.005625558420369e-6	-1.2214153621078073e-5	-1.8015663349969704e-5	-2.330796239254909e-5	-2.7124386215294886e-5	-3.240070399669224e-5	-3.512380023412481e-5	-3.765085701003777e-5	-4.234545332247987e-5	-4.7584137523543155e-5	-5.253161616884357e-5	-5.626908842083084e-5	-6.023204241709665e-5	-5.879562630761292e-5
1.337702642883673e-6	1.6488272368535978e-6	1.023062056213853e-6	3.790253457229206e-7	1.7576969339652e-7	-4.340051248615841e-7	-5.890273357500413e-7	-9.000872166738463e-7	-2.1674991743927605e-7	6.458353901043871e-7	1.9202025071992507e-6	3.070019468948571e-6	4.029507372845138e-6	3.33165856177247e-6	2.3641175215388666e-6	3.146305811642814e-6	2.2990771377071235e-6	3.2859553492363587e-6	3.09739433103709e-6	3.805655834275513e-6	4.331825860336277e-6	3.981030190290495e-6	3.1651531451403012e-6	1.5713607506655757e-6	1.0287175224079487e-6	-4.3233632873816014e-7	-2.4060779806262325e-6	-2.7661036787094643e-6	-3.348039722794304e-6	-1.3548652832789075e-6	-2.2125620519758415e-6	-1.2250513689408826e-6	-1.4137097178665292e-6	-2.645699463546883e-6	-1.7166358175983547e-6	-2.7233696762020247e-6	-4.737580395802916e-6	-6.466362439266644e-6	-7.077650088455154e-6	-6.37738673881557e-6	-7.674479604602175e-6	-9.454082605480068e-6	-1.0550368624530002e-5	-1.069363006565155e-5	-1.238209217747704e-5	-1.4760390844152128e-5	-2.0058340817572396e-5	-2.1871983600890536e-5	-2.7963887126844413e-5	-3.31571514127914e-5	-3.783440741744141e-5	-5.045736563242869e-5	-6.113433696178661e-5	-7.212680122213252e-5	-7.90918133406187e-5	-8.461989206402527e-5	-8.800105070322882e-5	-9.134649917930723e-5	-9.649949324645399e-5	-0.00010193261412347852	-0.00011246152760348987	-0.00011603047115455421	-0.00010862462096364149	-0.00010163946915987994	-9.834694002371861e-5	-9.893605461036743e-5	-0.00010323074835759134	-0.00010555552747788712	-0.00011177583043116193	-0.00011478730852442463	-0.00011393486326757244	-0.00010939346763725113	-9.778404108185066e-5	-7.126732545249814e-5	-5.806189134192376e-5	-7.113292291240254e-5	-6.994560899551382e-5	-6.328269889610116e-5	-5.606884961580159e-5	-4.5828558612403224e-5	-3.217757868099677e-5	-2.256379448301732e-5	-1.8020719433830754e-5	-1.93135838029955e-5	-2.3348517741612895e-5	-2.9782309338968402e-5	-3.155589175813517e-5	-3.179815219402256e-5	-5.892106161157519e-5	-3.985887841138902e-5	-3.481302208638813e-5	-4.471021381141464e-5	-5.34412752863523e-5	-6.048039885369564e-5	-6.271894832697925e-5	-6.194255608655067e-5	-6.034280669001309e-5	-6.0431068990584626e-5	-6.433309693017024e-5	-6.870153165057426e-5	-7.115201139889062e-5	-7.193774031761385e-5	-7.43940210666148e-5	-7.230229452041131e-5	-7.306227037327633e-5	-7.065203324349654e-5	-6.585858633700306e-5	-6.177217663354577e-5	-4.822756692564106e-5	-2.7221349066183526e-5	-4.554265579026148e-6	7.195154053726144e-6	1.3090606672380625e-5	7.516632061785669e-6	-1.047176724944688e-6	-7.525345358254561e-6	-1.3669950239315627e-5	-1.8693012149035432e-5	-2.2107385924609486e-5	-2.6951682909103283e-5	-3.1188904763685115e-5	-3.5724263792395045e-5	-4.078001948360768e-5	-4.501253141894019e-5	-4.9551486206594626e-5	-5.4176085147151446e-5	-5.5966479355637824e-5	-5.610184452116635e-5
7.773555867204244e-7	1.0630376627248674e-6	1.2551269089810732e-6	-6.95009167946993e-9	-5.928396396839494e-7	-3.30569060623051e-7	-2.776590087949331e-7	-1.056349362637491e-6	-2.0266100538186838e-7	1.0941339086373118e-6	2.127028245646912e-6	3.0012573164011312e-6	3.943717346774605e-6	3.2497686291120542e-6	2.7510632490059146e-6	2.3619499829293303e-6	2.5467900195436793e-6	3.2351607083904756e-6	3.717502586688716e-6	3.555297445876661e-6	3.9512405849919e-6	3.5587624013855897e-6	2.698742955319208e-6	1.630017279735229e-6	-4.829486516374961e-7	-1.9399703684566585e-6	-3.3731190422477218e-6	-2.983671148690248e-6	-3.3139618025939625e-6	-2.458316070510797e-6	-2.3089907423394247e-6	-1.6802545936371854e-6	-1.650260107602733e-6	-2.900551590904153e-6	-3.925612286409183e-6	-3.534823769953642e-6	-4.695291987784518e-6	-6.288963740779582e-6	-7.564206445454316e-6	-8.48708112740227e-6	-7.0443125123201625e-6	-8.866452709836367e-6	-1.0395725551551847e-5	-1.2620610603407325e-5	-1.3886460836743612e-5	-1.642896112392673e-5	-1.571713883661511e-5	-2.1180627677642484e-5	-2.4833783323198553e-5	-3.140763764407188e-5	-3.7830133414414914e-5	-4.535857736772623e-5	-5.321881813762173e-5	-6.483199618541151e-5	-7.35971514075973e-5	-7.880177568526762e-5	-8.479096537796025e-5	-8.933059743039106e-5	-9.668856973529469e-5	-0.00010005536286051154	-0.00010327418585674014	-0.00011037942929245301	-0.00010703285833319181	-9.687112092517103e-5	-9.465088807126751e-5	-9.834510400757047e-5	-0.00010465108189966835	-0.0001160624720723119	-0.00012295042691530707	-0.00012362715534608697	-0.00011720040295193617	-0.00010363685391096521	-8.433865387644755e-5	-6.84195381606004e-5	-3.056607269049695e-5	-4.968632968385331e-5	-6.042428821455715e-5	-6.211209867886414e-5	-5.447556548486988e-5	-4.7441412700426414e-5	-3.571886376843407e-5	-2.4050021110895436e-5	-1.5832090415144467e-5	-1.6453828259729505e-5	-2.0735326913606453e-5	-2.7302792971351658e-5	-2.603026128737522e-5	-2.508116371709168e-5	-2.5157532300857516e-5	-5.233951364436336e-5	-4.393163223069714e-5	-5.605085480063672e-5	-6.14365143768213e-5	-6.314213872517672e-5	-5.8705075552242456e-5	-5.6919960197011205e-5	-5.8700248497687776e-5	-6.129267159245798e-5	-6.307208092609651e-5	-6.642604909564342e-5	-6.706216162412609e-5	-6.951267429640981e-5	-7.25551635159566e-5	-7.268361174646992e-5	-7.266933290116543e-5	-7.05738236698051e-5	-6.581443264859358e-5	-6.153826547839782e-5	-5.490436454899704e-5	-3.7997257235165144e-5	-1.7425131553330028e-5	2.7266127826689954e-6	1.0037622393964558e-5	1.0362316587480061e-5	5.024162867965816e-6	-1.4761365044256396e-6	-9.507169220987228e-6	-1.3232374806071336e-5	-1.709160046890583e-5	-2.147237324116825e-5	-2.9341460088959555e-5	-3.399257988317191e-5	-3.967246448754102e-5	-4.170906602843534e-5	-4.7218054329510855e-5	-5.010058553623926e-5	-5.128693691659964e-5	-5.325017590068759e-5
-6.80431482642449e-7	-1.4554791698045619e-8	2.851067056324364e-7	1.55411844959992e-7	-1.085683628502393e-6	-1.2862910026391686e-6	-7.764048009107488e-7	-1.061652942749465e-6	-6.204826019304277e-7	7.585489701644743e-7	2.1747543425387067e-6	2.654458053103631e-6	3.694580752444665e-6	3.1438789963836485e-6	2.2416943664836306e-6	1.6373468105976806e-6	1.630422720119186e-6	3.1990414007046497e-6	2.459311440475634e-6	3.1341684919561873e-6	2.8981335046922036e-6	1.7260106617068317e-6	1.6232985910872612e-6	1.2481911852843183e-7	-9.37486071032282e-7	-2.136617791601101e-6	-2.2086713057437035e-6	-2.8009112269919336e-6	-3.241578175723842e-6	-2.333192038146215e-6	-3.228427364039641e-6	-2.1717693701078008e-6	-2.2624750581042366e-6	-2.7961814962518435e-6	-3.7374883347712426e-6	-4.991358906866663e-6	-5.327176031571547e-6	-6.560857596408457e-6	-7.16221241629832e-6	-8.774944325578692e-6	-9.835932951636223e-6	-1.1764264355425616e-5	-1.073184185208841e-5	-1.1989984677036967e-5	-1.3562904498500353e-5	-1.5759573434659738e-5	-1.879248715653094e-5	-1.8813338034250233e-5	-2.448035007915567e-5	-2.8824202890785546e-5	-3.7258668380917535e-5	-4.374903177277673e-5	-4.856097197264691e-5	-5.740105149743468e-5	-6.507351408619648e-5	-7.419469843844215e-5	-7.944613751044959e-5	-8.884466352280379e-5	-9.299947825724963e-5	-9.339953057274294e-5	-9.693117616720037e-5	-9.942202527078205e-5	-0.00010677713489434804	-0.00010489138274800709	-9.774880923890845e-5	-0.00010598765774641299	-0.00011376891244352632	-0.00012036470795160226	-0.0001260243721060367	-0.0001187240606883742	-0.00010431472457150207	-8.516889212276373e-5	-6.772204455746979e-5	-5.548260734958982e-5	-3.972051279413965e-5	-2.85676957648617e-5	-4.678472311978304e-5	-5.629429753568286e-5	-5.5769345282249624e-5	-5.048932691690492e-5	-4.0362249058962206e-5	-2.75312542539043e-5	-1.9288475108574996e-5	-1.6126175184701802e-5	-1.7210607572339803e-5	-2.188029379749691e-5	-2.198661123607379e-5	-2.1062326548658417e-5	-2.5779811152568805e-5	-3.7185738617018585e-5	-5.930099363708578e-5	-6.678773229666472e-5	-6.631632657675812e-5	-6.0069450433762606e-5	-5.388584319910867e-5	-5.327502026499214e-5	-5.771831599200427e-5	-6.176161037457772e-5	-6.405978047471046e-5	-6.685648570512164e-5	-6.719409890667714e-5	-7.029050095691243e-5	-7.269338865123313e-5	-7.418097740377128e-5	-7.269712853534083e-5	-7.010418917385375e-5	-6.461022744922405e-5	-6.0029468095033726e-5	-5.601742671178071e-5	-4.848283800850447e-5	-2.9463955030395884e-5	-6.407406824896194e-6	6.753956244374016e-6	1.3945639505111209e-5	1.1747204432886304e-5	3.6082419647628927e-6	-2.8212446289734017e-6	-7.886506100680379e-6	-1.2766022577427334e-5	-1.9611785368974823e-5	-2.484971609940153e-5	-2.9467706796004137e-5	-3.472126124457039e-5	-3.956716490067418e-5	-4.4862697462662825e-5	-4.78018999440521e-5	-4.714420466397874e-5	-4.8349447570594783e-5
-5.07266630637342e-7	-4.776513342838462e-7	-2.7653978282651814e-8	3.938423629649794e-8	-3.4645719398842395e-7	-1.165071901123747e-6	-1.1336981097550668e-6	-1.0248292159017493e-6	-5.285495870458682e-7	-6.22921243802416e-7	1.434475077242113e-6	2.493753160649195e-6	2.558185840354117e-6	2.4867714926656535e-6	1.959038776469177e-6	1.5931557971731597e-6	8.534329634050236e-7	1.2042289314708778e-6	3.092475686064435e-6	2.942234054049281e-6	1.8010859835070493e-6	8.397181658782032e-7	2.9807352251590494e-7	-4.871605884264243e-7	-1.2058543897295378e-6	-1.2362081707416577e-6	-2.311191574222698e-6	-2.96464892159164e-6	-3.089530783983996e-6	-2.6304859297178983e-6	-3.1737295925267795e-6	-3.527119593437064e-6	-3.015939549288289e-6	-2.6932136893093126e-6	-4.550672547934311e-6	-5.113237499967775e-6	-6.95960549851023e-6	-7.994884260100355e-6	-7.710502699103013e-6	-9.22183946230632e-6	-9.485218481692422e-6	-1.0423458328835244e-5	-1.1411348157912022e-5	-1.1031043817375397e-5	-1.2227193302175119e-5	-1.5021480379018293e-5	-1.8192831103094106e-5	-2.1503329623916243e-5	-2.2674167932492436e-5	-2.9055243359660168e-5	-3.248810459316378e-5	-4.0100036300132116e-5	-4.5991017972332824e-5	-5.3095374579186644e-5	-5.998669638871811e-5	-6.817434895854246e-5	-7.307171881465457e-5	-8.248912581319302e-5	-8.395819312782132e-5	-9.03335470970679e-5	-9.281703076805849e-5	-0.0001007886189275959	-0.00010470818765750782	-0.00010965494097589165	-0.00011430486134705615	-0.00011617627150659754	-0.00011828994522019177	-0.00011781070098258132	-0.00011198794403692158	-9.80826370139019e-5	-8.108237065432549e-5	-6.82838799832006e-5	-5.8291537128360264e-5	-4.998793404545603e-5	-4.826124638595761e-5	-2.6260517867237113e-5	-3.105738307480031e-5	-4.558928944802584e-5	-5.2190984734380545e-5	-5.0956524759817635e-5	-4.7636311442211636e-5	-3.5712705901249156e-5	-2.59169245894926e-5	-1.885333780911845e-5	-1.4592453976940145e-5	-1.693596443749952e-5	-1.646930575640096e-5	-2.1526610109257396e-5	-3.206512924646722e-5	-4.833080425724768e-5	-8.729084810391637e-5	-7.28822583594092e-5	-6.661884513058536e-5	-5.843655688899177e-5	-5.2070127095705035e-5	-5.3320730666601805e-5	-5.728325082614456e-5	-6.256974161716628e-5	-6.433599758867052e-5	-6.730419498931833e-5	-6.876194863828476e-5	-7.121202559356781e-5	-7.216471275287234e-5	-7.333417106913671e-5	-7.147549320880549e-5	-6.952350471906878e-5	-6.323348796698691e-5	-6.059527808991924e-5	-5.5374810971700345e-5	-5.260575078520381e-5	-4.0154691552352854e-5	-1.8559215953612655e-5	2.700253619064997e-6	1.3428738989394208e-5	1.7613983733209566e-5	9.305882302810056e-6	1.076039166352915e-6	-4.90834922809184e-6	-1.2488772790171434e-5	-1.599720985507539e-5	-2.0533412758451646e-5	-2.5142841381207027e-5	-3.039003881389387e-5	-3.5937283727474015e-5	-4.03566474487492e-5	-4.28974765979322e-5	-4.30438542239355e-5	-4.433428466683008e-5
-1.1200023043332272e-6	-9.834966161240653e-7	-7.266910067671526e-7	-7.279250875571845e-7	-9.04744975634272e-7	-1.472654066969831e-6	-2.039785973456795e-6	-1.1862136021167057e-6	-8.006125489401928e-7	-1.85544397906948e-7	-6.958453618540784e-7	1.1573179982166289e-6	1.9016709467713482e-6	2.219933047337228e-6	1.5629259526666293e-6	8.822732358603792e-7	8.291708419590031e-7	1.6133428195285425e-6	1.4343236806059999e-6	1.7942639889590058e-6	1.5802361001226832e-6	1.2086425370467276e-6	5.144045641379026e-7	5.2203837634006225e-8	-5.297833978695592e-7	-1.5312140233059504e-6	-2.219705769423942e-6	-3.200885454721124e-6	-3.281159817588794e-6	-3.960216590558974e-6	-3.5982760559138613e-6	-4.068406709342286e-6	-4.200376316703487e-6	-4.920417525435287e-6	-4.41995350164274e-6	-5.394888248427213e-6	-6.515535461691386e-6	-8.057714302918146e-6	-9.30064303052364e-6	-9.165613306305262e-6	-9.406105577042766e-6	-9.851067193152475e-6	-1.0343319230352987e-5	-1.1526575189929524e-5	-1.3895965914945997e-5	-1.395016566645797e-5	-1.619130288231605e-5	-1.9625255368558876e-5	-2.174300333177134e-5	-2.678914461600292e-5	-3.070630526268766e-5	-3.609913744556485e-5	-4.010063541805536e-5	-4.588024097359339e-5	-4.9394718922707304e-5	-5.830695474400363e-5	-7.048252290294509e-5	-7.591444206220786e-5	-8.421620087655911e-5	-8.509454830878116e-5	-9.106350497777548e-5	-9.98327253211393e-5	-0.00011170483071572344	-0.00012397379343270266	-0.00012723778085343192	-0.00012111758490021204	-0.00011089738433220538	-9.754788768249773e-5	-8.504134824832178e-5	-7.401000249338072e-5	-6.598802303463703e-5	-5.9529745737355554e-5	-5.449412605299138e-5	-4.836595791349232e-5	-4.4629032699234836e-5	-3.892319288168085e-5	-1.9500137906323933e-5	-3.257087533654803e-5	-4.640675986067669e-5	-4.903925897954339e-5	-4.895904105685269e-5	-4.576406267831068e-5	-3.531657129392761e-5	-2.1978507710627634e-5	-1.2422849265123284e-5	-1.3709035164661751e-5	-1.9566955615458667e-5	-2.9329753751562715e-5	0.009180154539749937	-5.8798893376845254e-5	-6.790047705736504e-5	-8.002502109377089e-5	-6.686551242817557e-5	-5.8489623510184566e-5	-5.435662279876588e-5	-5.511705546774794e-5	-5.666842608337795e-5	-6.17219562937775e-5	-6.481866083425051e-5	-6.659371826900221e-5	-7.011862058646165e-5	-7.1531686423763e-5	-7.284282466330037e-5	-7.313275636011522e-5	-7.131553343957958e-5	-6.770030678556827e-5	-6.339000322401348e-5	-5.932038784879981e-5	-5.719205571343101e-5	-5.0988358510405465e-5	-4.5358360324274875e-5	-3.0063745914401738e-5	-8.629152380981112e-6	7.921215555500242e-6	1.6358053886867795e-5	1.2705336400748845e-5	5.84232426624259e-6	-1.3342783250339975e-6	-8.738980655385777e-6	-1.2277598816627135e-5	-1.675910450075601e-5	-2.1032165163116512e-5	-2.6347149517712363e-5	-3.079012173776976e-5	-3.552858525093664e-5	-3.7864825745616715e-5	-3.773475905658949e-5	-3.910594724372595e-5
-2.219393936480577e-6	-1.4437184783712594e-6	-1.410877077602686e-6	-1.3314934521428939e-6	-1.1157555202022731e-6	-1.2776624460568257e-6	-1.925248194374618e-6	-2.2084254555827278e-6	-1.8614042611149548e-6	-1.2134129550483205e-6	-6.108440984205644e-7	-5.8934780748079105e-8	7.969610053544605e-7	1.4959582563586066e-6	9.297926918140891e-7	1.1827076324593191e-6	6.248040390730188e-7	1.5198095855276962e-6	1.7230348509198086e-6	4.2705996535332205e-7	1.1400779964727305e-6	8.288928408668045e-7	4.009002542914794e-7	-2.2701876335284692e-7	-1.2660097151390506e-6	-1.8076097736685615e-6	-2.3352967078020016e-6	-3.13805222367132e-6	-3.5305818644614136e-6	-4.350741012983583e-6	-4.906032817410949e-6	-4.820420619605767e-6	-4.930583401551456e-6	-5.256362630177763e-6	-5.984837351044733e-6	-5.2555279823429755e-6	-7.0271977066537275e-6	-8.276888453860164e-6	-9.556731553307055e-6	-1.050638265514929e-5	-1.0397796476092642e-5	-8.606160179576612e-6	-9.72838120309608e-6	-1.1139940549339221e-5	-1.1518106476189269e-5	-1.3599649376474024e-5	-1.59468081955042e-5	-1.7057928516147226e-5	-2.1691333696404174e-5	-2.3752734582276232e-5	-2.947161244107148e-5	-3.316708422420071e-5	-3.7641797327779905e-5	-4.13147218031925e-5	-5.1003732958810385e-5	-5.968906777967676e-5	-6.743523051435957e-5	-7.536261913078292e-5	-8.370400361821118e-5	-8.899386414861626e-5	-0.00010173628598960684	-0.00011053080836394887	-0.00011745492042782458	-0.00012690231011641337	-0.00012440211631062782	-0.00010979315072959196	-8.933135970583348e-5	-7.307476992707718e-5	-6.364483124169599e-5	-5.886176463886124e-5	-5.662649126350356e-5	-5.456514537947876e-5	-5.090682691740508e-5	-4.622350802411992e-5	-4.190546427603522e-5	-4.212812713694919e-5	-2.4876149371205573e-5	-1.9074461018921823e-5	-3.3792815451287594e-5	-4.337360225105044e-5	-4.658669504635157e-5	-4.348348028816642e-5	-3.749496714630304e-5	-3.038633185022989e-5	-1.901874078905942e-5	-2.1461327627146295e-5	-3.2519324492333995e-5	-4.3969560762540175e-5	-5.7026135049991974e-5	-6.272143959426286e-5	-6.670100344285685e-5	-6.612326904553364e-5	-6.93015851058491e-5	-6.216558130680422e-5	-5.8457066689446974e-5	-5.738627809601972e-5	-5.758049280055969e-5	-6.167901295934218e-5	-6.54201195453741e-5	-6.822090035870114e-5	-7.074111586661061e-5	-7.149103482112767e-5	-7.237018151905975e-5	-7.136139416500731e-5	-6.937660950633246e-5	-6.687357749968117e-5	-6.352675546955448e-5	-5.864457763832655e-5	-5.430650626457936e-5	-4.841659040079023e-5	-4.339641222083799e-5	-3.7340665329211285e-5	-2.0478770506086007e-5	4.0298317688456514e-7	1.1225880248706514e-5	1.5101374391160004e-5	1.0161796323837884e-5	2.250086297297081e-6	-4.498444724902219e-6	-1.0574336594066161e-5	-1.467934207673681e-5	-2.029908076779099e-5	-2.3801538770234967e-5	-2.8540676841738548e-5	-3.177465090304851e-5	-3.381935164992753e-5	-3.525898067626874e-5	-3.5612456275211594e-5
-3.318803432349497e-6	-2.618231700239962e-6	-1.8095717242358478e-6	-2.025024816614592e-6	-1.8863608709730664e-6	-1.9363061258819304e-6	-2.128241035010206e-6	-2.440462660381398e-6	-2.151801919969814e-6	-1.7015110358815835e-6	-1.0770501309396996e-6	-6.413863381648111e-7	-9.338874595518631e-7	1.9978387623712998e-7	1.1568718822263426e-6	1.0015033770284683e-6	1.289984565699823e-6	2.2694412184730544e-6	1.5594883651310395e-6	7.749451964465456e-7	7.001242332193777e-8	-2.5307900821660775e-7	-3.7715236952929297e-7	-6.590225634899981e-7	-1.31271440684819e-6	-2.1748387929432754e-6	-2.7347977388811427e-6	-3.1471841127096722e-6	-3.409510057232135e-6	-4.036661751117675e-6	-4.4477427790052745e-6	-5.727896674898253e-6	-5.868706884663236e-6	-6.07356068826133e-6	-6.546005468905346e-6	-7.288259676899384e-6	-8.078658419313767e-6	-9.159850135331826e-6	-1.0442210805349135e-5	-1.0832958348449325e-5	-9.129980745492712e-6	-1.0582180363645326e-5	-1.0385814691712871e-5	-1.0807598672067913e-5	-1.210989561395686e-5	-1.1630004057505087e-5	-1.6218601736411268e-5	-2.014111991500544e-5	-2.3697805265701383e-5	-2.5928079671342155e-5	-2.7649631624527236e-5	-3.366410743563383e-5	-3.789188506394441e-5	-4.2414044273812214e-5	-4.669785028501086e-5	-5.767164269011643e-5	-7.033368113693863e-5	-8.53381819103014e-5	-9.608217961461522e-5	-0.00010288871684624229	-0.0001091953953088554	-0.0001103338459579827	-0.00010904045124373587	-0.00010904641402175027	-0.00010213706176637584	-8.934570619234311e-5	-7.283598603072131e-5	-6.127358320842701e-5	-5.316166795270088e-5	-5.131730828093154e-5	-5.0488452569110234e-5	-4.940522736198664e-5	-4.790910140177809e-5	-4.455668883331099e-5	-4.013369024700314e-5	-3.6972482203080116e-5	-3.240246975301595e-5	-1.6375467321656963e-5	-2.4102997104170736e-5	-3.3740094971396184e-5	-3.9467275540381805e-5	-3.6390446009749826e-5	-3.22369562901631e-5	-3.300052664402704e-5	-3.6343725183215006e-5	-3.8684183075810355e-5	-4.8567785622226356e-5	-5.545383053087976e-5	-6.175566639012378e-5	-6.454095119185887e-5	-6.407653448255949e-5	-6.602593634211316e-5	-7.293867276109665e-5	-6.923353330521784e-5	-6.559988764654953e-5	-6.21957539566646e-5	-5.879059167306555e-5	-6.194675766622729e-5	-6.476190423721547e-5	-6.809354863361551e-5	-6.927880947924956e-5	-6.970141735242489e-5	-7.023277678180895e-5	-6.937542768720422e-5	-6.684911777832345e-5	-6.483329864859439e-5	-6.156324916268153e-5	-5.5833004688500814e-5	-5.1365865203574414e-5	-4.853122134848217e-5	-4.1767075066275524e-5	-3.892397864907384e-5	-3.326222611661203e-5	-1.3278696067242721e-5	3.1559529065062174e-6	1.3438998278743255e-5	1.2651717768319849e-5	5.949134177906518e-6	-2.0959326938949085e-7	-7.887178771421102e-6	-1.2245904133941464e-5	-1.655441395970918e-5	-2.0653225601366832e-5	-2.3987836401744792e-5	-2.7293773871052158e-5	-2.8157681317879726e-5	-3.0050182451440456e-5	-3.0121299971950198e-5
-4.093848876703891e-6	-3.6544367576810902e-6	-3.0627332599589014e-6	-2.4556455085783958e-6	-2.5348134214450008e-6	-2.3613252419206216e-6	-2.2916462313665644e-6	-2.513163150486388e-6	-3.014101388859299e-6	-2.859407087057444e-6	-1.992085162328067e-6	-1.1984241455654555e-6	-8.623886189038955e-7	-6.023207248988336e-7	-1.040753456181022e-7	5.155160535106652e-7	1.6272564549904122e-6	2.6027186810395793e-6	9.895511497617481e-7	2.978448088478917e-7	-3.282140878524409e-7	-9.619988133998877e-7	-1.0570591571382269e-6	-1.4279820796420269e-6	-2.1100955114065553e-6	-2.235842525932872e-6	-3.536254759747533e-6	-3.7318719384800587e-6	-4.970942709650768e-6	-4.860901244236118e-6	-5.1061945566721525e-6	-5.7924294801317035e-6	-5.99169862610196e-6	-7.566909140970706e-6	-8.076958769100443e-6	-8.916981984746645e-6	-9.40819289580461e-6	-1.1257914712492576e-5	-1.2169371742812773e-5	-9.993811306123219e-6	-9.757975984040542e-6	-1.059141727121661e-5	-1.1241300092927446e-5	-1.0813468995555207e-5	-1.2003015824649764e-5	-1.285008309503434e-5	-1.8957526278764927e-5	-2.2513950867725317e-5	-2.623862244068454e-5	-3.0105165118080555e-5	-3.038253705832947e-5	-3.263331311095406e-5	-3.6710028846777525e-5	-4.419811313650674e-5	-5.3567940337412995e-5	-6.827065086162636e-5	-8.046622915723611e-5	-9.295185014621338e-5	-0.00010103000811596471	-0.00010282742923713997	-9.989770565480742e-5	-9.506981232094112e-5	-8.840325764014698e-5	-8.45039862496194e-5	-8.070353655671584e-5	-7.603951392154418e-5	-6.769113514913617e-5	-5.786680110130352e-5	-4.9656345505735486e-5	-4.6030141617791134e-5	-4.50089888650489e-5	-4.5323309129743396e-5	-4.4333667017994356e-5	-4.0767791905987547e-5	-3.767058802210937e-5	-3.5425955066041397e-5	-3.539021087794157e-5	-2.7106312824745973e-5	-1.4815021405294691e-5	-1.9819575967396086e-5	-2.7481684293137985e-5	-3.0116412628707415e-5	-2.9454448677171743e-5	-3.515441774270753e-5	-4.7222883824875675e-5	-6.063761639075321e-5	-6.359083781033378e-5	-6.15061293546661e-5	-6.140878302824532e-5	-6.143366753838791e-5	-6.33255176784751e-5	-6.528757001006153e-5	-6.688605014521041e-5	-7.171073386740955e-5	-6.893759941936856e-5	-6.58346492607236e-5	-6.155706271484315e-5	-6.327268706912172e-5	-6.395066337567352e-5	-6.621423264394945e-5	-6.95006953626686e-5	-7.031323808566123e-5	-7.00809845227625e-5	-6.824197140345824e-5	-6.62888312446294e-5	-6.230303038669976e-5	-5.842004713725547e-5	-5.500086676385333e-5	-5.052578658167354e-5	-4.703853202103368e-5	-4.506499005045442e-5	-3.907029979627547e-5	-3.539042319671091e-5	-2.8575123279682337e-5	-8.808434675015506e-6	6.988540398775948e-6	1.0632751779190118e-5	9.205898144216528e-6	1.0780453542661925e-6	-4.9085360887099645e-6	-1.0140013951653697e-5	-1.4806773663341311e-5	-1.7689435983451584e-5	-2.2061777153672014e-5	-2.3875411294001486e-5	-2.3999656377623937e-5	-2.5801345737393785e-5	-2.6802143607805584e-5
-4.497604670557773e-6	-4.598639707827914e-6	-4.249708532804266e-6	-3.7107253255091576e-6	-3.35326264815799e-6	-2.990610170801062e-6	-3.171195434747325e-6	-3.2169496794599677e-6	-2.8568028915794755e-6	-3.2811464405668646e-6	-2.763820238752164e-6	-1.6134913998139874e-6	-6.148039657938049e-7	-9.05639022433756e-7	-1.4503427166114458e-6	-4.497649811179699e-7	2.025221134050641e-6	1.5838778925296015e-6	6.653167250523888e-7	2.758234768785849e-7	-5.968610332265489e-7	-1.4222599145500073e-6	-1.5107836988002225e-6	-2.236615864032159e-6	-2.274569324258119e-6	-3.3943483837746164e-6	-3.2659362451318945e-6	-3.857463488850287e-6	-4.680337600771953e-6	-5.691853188858481e-6	-6.17940169940121e-6	-6.569660058612691e-6	-7.574911479860981e-6	-8.288945013224316e-6	-9.980602462788786e-6	-9.831037583806585e-6	-1.1560598265898496e-5	-1.2853097375889423e-5	-1.2618623919342454e-5	-1.1598267541285167e-5	-1.0050394100128996e-5	-1.0777259395783508e-5	-1.072804134020838e-5	-1.2033470911073426e-5	-1.4076516266362579e-5	-1.7497661678952947e-5	-2.1066602380462925e-5	-2.693955547327471e-5	-3.0871864526306036e-5	-3.284247787084787e-5	-3.666842767575604e-5	-3.850849471682136e-5	-4.3586053552447605e-5	-5.201099116929758e-5	0.002178932958059256	-7.31918613553189e-5	-8.233731768793199e-5	-8.644156468580206e-5	-8.673881074874358e-5	-8.654406639138461e-5	-8.112269292919567e-5	-7.642235319099905e-5	-7.034330045454238e-5	-6.799135990060833e-5	-6.755469364271406e-5	-6.8209617924296e-5	-6.477092058255725e-5	-5.776761599456115e-5	-5.002678154760257e-5	-4.365431734712965e-5	-4.143714752618058e-5	-4.0234806733606236e-5	-4.0002598986109764e-5	-3.8039588418753954e-5	-3.4524909545835536e-5	-3.113431745055406e-5	-2.8940142623372182e-5	-2.8331383001884043e-5	-1.71396016108126e-5	-8.108621626251068e-6	-1.3235628588134998e-5	-2.160160479419866e-5	-3.2162582058346476e-5	-4.6894894674279555e-5	-5.595432745939509e-5	-6.43074647520411e-5	-6.8257319573513e-5	-6.255185392768127e-5	-5.7137411851025145e-5	-5.9073219372250164e-5	-6.335029183743637e-5	-6.588623650404402e-5	-6.757166984099321e-5	-6.720296229548693e-5	-7.300521047176774e-5	-7.229764294126775e-5	-6.836801107640593e-5	-6.543228855330867e-5	-6.488143022571457e-5	-6.74898737056443e-5	-6.807090800644948e-5	-6.794216750972493e-5	-6.785095327819027e-5	-6.627722806717192e-5	-6.324720989287196e-5	-6.0607390350712106e-5	-5.59086140014195e-5	-5.3466183314737365e-5	-5.095329702056121e-5	-4.6446674076543615e-5	-4.441981369399583e-5	-4.0106683759136806e-5	-3.774656665494558e-5	-3.447277042544893e-5	-2.566390385958222e-5	-5.770981048992905e-6	8.441520614845596e-6	9.857781320290852e-6	5.423633688429047e-6	-1.5645538274764066e-6	-8.20142093940681e-6	-1.3168481817406753e-5	-1.686300551371209e-5	-1.8498181032463364e-5	-1.8709610380613674e-5	-1.999722525454972e-5	-2.04405847968798e-5	-2.3821096889465026e-5
-4.485349084742919e-6	-4.8788772746496695e-6	-4.978562021462022e-6	-4.778761328707096e-6	-4.262840723858255e-6	-3.670679707727057e-6	-3.3453549858671744e-6	-3.191901171405989e-6	-2.985304134835642e-6	-3.0553910904162e-6	-3.1346517471563667e-6	-2.8783332358187086e-6	-2.013214756306416e-6	-8.457146381856198e-7	-8.866587400001204e-7	8.26620957555986e-9	1.7007802826686513e-7	-3.2793369934705843e-7	-4.06418906910783e-7	9.827842139815794e-8	-9.312262205384177e-7	-1.6122683663664667e-6	-2.132432565081369e-6	-2.509932394166364e-6	-2.4183444460033118e-6	-3.4944147525399743e-6	-3.9941513231599515e-6	-4.623331873051216e-6	-5.008024232127945e-6	-5.713646120223152e-6	-6.9389501226359025e-6	-8.286885989293143e-6	-1.0261072769869898e-5	-1.1037869986914957e-5	-1.1452939750684942e-5	-1.2291456097564008e-5	-1.3749483545390543e-5	-1.4422086357595383e-5	-1.1754399896322541e-5	-1.2344291151604198e-5	-1.2344900729232373e-5	-9.849280786436562e-6	-1.061865474239268e-5	-1.410685141779982e-5	-1.6825320753614467e-5	-2.380135365518234e-5	-2.9583965483251633e-5	-3.1805351777020475e-5	-3.4003826708583e-5	-3.707723869302102e-5	-4.162922588677592e-5	-4.419181632285031e-5	-4.7875126457609316e-5	-5.6461422866184614e-5	-6.366640274116549e-5	-6.743947898578016e-5	-6.922482738701578e-5	-7.025813661024971e-5	-6.875231646800636e-5	-6.706430395435749e-5	-6.604561917291783e-5	-6.260170346217503e-5	-5.9954472334292856e-5	-5.7323265379772594e-5	-5.8905140024880735e-5	-6.138464102393168e-5	-6.19033995756719e-5	-5.716850264367171e-5	-5.0534404612821195e-5	-4.384839933204224e-5	-3.937372080231507e-5	-3.6760211103402385e-5	-3.465708939341498e-5	-3.409900004448362e-5	-3.1402093784971795e-5	-2.8667233037274822e-5	-2.5770287906661665e-5	-2.4211507451687986e-5	-2.039901267597132e-5	-8.635541837815827e-6	-9.761269795932614e-6	-2.2957100924035287e-5	-3.661836781498548e-5	-5.01167126044531e-5	-5.94722507709939e-5	-6.208791174494143e-5	-6.283020747340634e-5	-6.238049124181275e-5	-5.9117481077011584e-5	-5.634167161787905e-5	-5.836416429468548e-5	-6.143162858832443e-5	-6.381111018299553e-5	-6.63129544881797e-5	-6.837593937634957e-5	-7.762774541014358e-5	-7.439767029732624e-5	-7.02478937338242e-5	-6.903992424549818e-5	-6.739547719463715e-5	-6.6097289819168e-5	-6.480462689856161e-5	-6.415521350142594e-5	-6.318758265482904e-5	-6.166591787280361e-5	-5.933652054863079e-5	-5.6331671417070555e-5	-5.386284338633387e-5	-4.965321084686187e-5	-4.8522554836150176e-5	-4.532646745810569e-5	-4.237953232674686e-5	-3.8290496160331856e-5	-3.631076968615976e-5	-3.303212090980485e-5	-2.1877877364015648e-5	-2.9438570927752677e-6	8.962073975461986e-6	8.16077527819939e-6	7.145357347254286e-7	-5.2814035558638485e-6	-9.925807648134173e-6	-1.2458878997922973e-5	-1.3544941257471153e-5	-1.50044158001017e-5	-1.5450490560076687e-5	-2.029377121968816e-5	-2.2129507684599727e-5
-4.679304457474477e-6	-5.029339251715081e-6	-5.496777009730554e-6	-5.750049628808012e-6	-5.782211387890231e-6	-5.100216864237141e-6	-4.669850701472704e-6	-3.852645394142361e-6	-3.5951995716696373e-6	-3.6479309788281684e-6	-3.203105079622754e-6	-3.2280767720883376e-6	-2.783644350180109e-6	-1.8175486372299255e-6	2.2578383417461503e-7	5.824763802254711e-7	-6.581635894110666e-7	-1.61485597287357e-6	-1.2157116762931408e-6	-1.1606367299535347e-6	-1.5977737112971707e-6	-1.899872434667129e-6	-2.2251905942578375e-6	-2.9310866590576048e-6	-2.756281036877606e-6	-3.0099335121493067e-6	-2.8214601019579087e-6	-2.571955723482816e-6	-5.372520996198239e-6	-7.0999679545975455e-6	-9.2442806653905e-6	-1.1000847657946164e-5	-1.198413437727302e-5	-1.3343726506501088e-5	-1.4423585875742839e-5	-1.5583687615079028e-5	-1.6505335443799682e-5	-1.49206073857917e-5	-1.4417266132023612e-5	-1.4703250279221635e-5	-1.519300846914394e-5	-1.5499111784988582e-5	-1.692302923825533e-5	-2.1565258169432746e-5	-2.492445776760546e-5	-3.099698686175869e-5	-3.282354170975059e-5	-3.6176342562186476e-5	-4.224303627804369e-5	-4.3724915789857335e-5	-4.404595396135451e-5	-4.642572127284256e-5	-4.982674609282228e-5	-5.2638323446677245e-5	-5.3746470446132486e-5	-5.361219780429917e-5	-5.259869173933752e-5	-5.1843343071202724e-5	-5.289594390443992e-5	-5.346080875434861e-5	-5.469910826448035e-5	-5.367585824582791e-5	-5.31397807069958e-5	-5.204028805241368e-5	-5.322115785485462e-5	-5.5321049106948645e-5	-5.675246550186858e-5	-5.543019077454891e-5	-5.0928758276315e-5	-4.298638943823867e-5	-3.9110360580555184e-5	-3.436021487571595e-5	-3.083038337050193e-5	-2.7700100630671624e-5	-2.461382488561266e-5	-2.256756211700857e-5	-2.1395926922004004e-5	-2.0008715840864194e-5	-2.224406569530102e-5	-2.128172223463034e-5	-1.5061444233184333e-5	-2.3383115874348395e-5	-3.711593271713432e-5	-4.8199587622467684e-5	-5.369211692331059e-5	-5.621897230080955e-5	-5.824992784994598e-5	-5.880982157312718e-5	-6.087927432898814e-5	-6.069928235226136e-5	-5.834547590292255e-5	-5.674063618016671e-5	-6.096639917218963e-5	-6.328280035872201e-5	-6.576225698896746e-5	-5.711976593564304e-5	-7.607650006079313e-5	-7.352312928913867e-5	-6.998090435508504e-5	-6.61017268431042e-5	-6.347401641294305e-5	-6.290490701222435e-5	-6.218825029534383e-5	-6.112850785126335e-5	-6.0335073273783645e-5	-5.8112395391921815e-5	-5.4559862937785496e-5	-5.122865432072776e-5	-5.0029692817731616e-5	-4.639319379454599e-5	-4.548658559376138e-5	-4.3729838185085305e-5	-4.10902048435355e-5	-3.693048844055462e-5	-3.442641479886339e-5	-3.174332555816971e-5	-2.099837689064363e-5	-1.6184985019958645e-7	6.715544263529664e-6	4.155212006992735e-6	-3.1613650014320795e-6	-6.946190308327552e-6	-7.167566896178635e-6	-8.746562618871644e-6	-1.0822081864274215e-5	-1.5854095147436412e-5	-1.79154996409912e-5	-2.069064659540468e-5
-5.276141273080387e-6	-5.254119767367682e-6	-5.4070651748323525e-6	-6.003257113287993e-6	-6.541491486469352e-6	-6.044643376600881e-6	-5.385158025885892e-6	-4.789223584904115e-6	-4.03755779447546e-6	-3.818925386968493e-6	-3.567444812322719e-6	-3.1488277239008315e-6	-2.8740567229997103e-6	-1.2393841789177292e-6	-9.090176636590563e-7	-4.322430652607071e-7	-3.866320353880081e-7	-1.4545452961935244e-6	-1.471710745350012e-6	-2.3163503323005326e-6	-2.290173538820311e-6	-2.459444934358899e-6	-2.8023982937550648e-6	-3.0076439052500493e-6	-4.648957653303337e-6	-4.518851856561649e-6	-5.178961876728004e-6	-5.061433119954613e-6	-6.503173278474186e-6	-7.758901644815738e-6	-8.04525074273206e-6	-9.874519825810646e-6	-1.203696333728385e-5	-1.4207930364986895e-5	-1.6055910648189514e-5	-1.706411848737162e-5	-1.4725353108635368e-5	-1.5218906303232768e-5	-1.4239087023728593e-5	-1.557774511828599e-5	-1.726566617514481e-5	-2.1579800050044746e-5	-2.4922740496396327e-5	-2.9681137205282227e-5	-3.349439917370474e-5	-3.696220477136954e-5	-3.951681818480991e-5	-4.200513074468972e-5	-4.186006830484627e-5	-4.231257869145681e-5	-4.31093647031925e-5	-4.4483731756868533e-5	-4.483405294318076e-5	-4.345310598537558e-5	-4.126124602632595e-5	-3.9161650229081746e-5	-3.859445164863351e-5	-3.809399295572752e-5	-3.96422278972641e-5	-4.166212087518555e-5	-4.384183379941946e-5	-4.5652390981708356e-5	-4.691800343907277e-5	-4.8270768138647304e-5	-4.936636949784889e-5	-4.941449159091057e-5	-4.9932843532412684e-5	-5.136598078223651e-5	-4.965025981578655e-5	-4.321685369160569e-5	-3.810272287464202e-5	-3.242887192231227e-5	-2.6667124498739626e-5	-2.1308594924359173e-5	-1.8232508851214607e-5	-1.797455975347754e-5	-2.0076505842449473e-5	-2.1850118827985987e-5	-2.5703957796312064e-5	-3.177814519557745e-5	-3.023560400097422e-5	-2.780869110560833e-5	-3.2496983799128014e-5	-3.9624494104178835e-5	-4.604232005096624e-5	-5.145440193279199e-5	-5.433007292427079e-5	-5.767297976970627e-5	-5.931011165972045e-5	-5.9896711085980284e-5	-6.0803558217005504e-5	-5.865902737693272e-5	-5.825264331262058e-5	-5.957748620399189e-5	-6.308563345813149e-5	-6.461850647908373e-5	-6.0709149149581944e-5	-7.277020841976994e-5	-6.962257395658287e-5	-6.586232461161263e-5	-6.205336541592783e-5	-5.9417171094822314e-5	-5.825505593919696e-5	-5.780242383368085e-5	-5.6768514293396074e-5	-5.551025901852184e-5	-5.4863336729292066e-5	-5.2761208729627026e-5	-4.9117306502143975e-5	-4.801385187521009e-5	-4.589268008149683e-5	-4.26979727602742e-5	-4.112533090737695e-5	-3.869662549080147e-5	-3.437230314961995e-5	-3.274525227196529e-5	-2.9620008831733255e-5	-2.0749890543585083e-5	-3.8438851683890093e-7	4.942526392499869e-6	2.2242574584463784e-6	-3.215623215835697e-8	-5.275901623674924e-6	-6.823488548279508e-6	-1.1880496942403163e-5	-1.3862192430990749e-5	-1.6472943361754613e-5	-2.0510872405078793e-5
-6.270215570852245e-6	-6.048685014027632e-6	-5.798080637909654e-6	-6.171131071905085e-6	-6.392409902396235e-6	-6.722767100902352e-6	-6.4735639043040066e-6	-5.910289172203248e-6	-5.159139381709973e-6	-4.55523045749895e-6	-3.5219078958000256e-6	-2.904108666463819e-6	-1.0773248952818375e-6	-1.766021640042673e-6	-2.267925289841516e-6	-1.7424185798896059e-6	-1.6934237932547062e-6	-1.2833732169971641e-6	-2.085634928650215e-6	-1.9710558678926945e-6	-1.8749226266868719e-6	-2.6176454728029253e-6	-3.485127908107403e-6	-4.565247113447104e-6	-5.591581564358839e-6	-5.717124356666593e-6	-6.512972557782106e-6	-7.670801518663058e-6	-8.976831341120243e-6	-1.0456834839483401e-5	-1.1627925286457645e-5	-1.3174231308865853e-5	-1.4459466574247423e-5	-1.4952185582067009e-5	-1.5441280975619876e-5	-1.4216417411230635e-5	-1.6291048891294534e-5	-1.561298580669162e-5	-1.8346645900229165e-5	-2.1551107365558797e-5	-2.467541318084028e-5	-2.9838719091867996e-5	-3.116389414687076e-5	-3.45266460604135e-5	-3.638748065920984e-5	-3.8464484248943885e-5	-3.977520974423384e-5	-3.9116441957412354e-5	-3.9090024590989706e-5	-3.815135888278606e-5	-3.9409616081034944e-5	-3.725391201133007e-5	-3.553229587839081e-5	-3.185864064298902e-5	-2.9739276995126144e-5	-2.820647810243169e-5	-2.7440683206809264e-5	-2.7990898447948507e-5	-2.9528445798265076e-5	-3.2035625371402586e-5	-3.5732154779114346e-5	-3.853137326930811e-5	-4.160454866836377e-5	-4.293860642696698e-5	-4.521539979370848e-5	-4.4555145895983604e-5	-4.415797315451093e-5	-4.452286899618921e-5	-4.489485708376612e-5	-4.110269403290569e-5	-3.6336059136055955e-5	-3.0148838393796902e-5	-2.429988933488024e-5	-1.85234262119454e-5	-1.6489957382426548e-5	-1.8115891280037592e-5	-2.3425714288293972e-5	-2.7964761616940635e-5	-3.222275443541013e-5	-3.733761124444842e-5	-3.918370314629979e-5	-3.302297451441248e-5	-2.898362411565044e-5	-3.488286595069567e-5	-4.185621120208517e-5	-4.6976005200019023e-5	-5.193332977581396e-5	-5.5540571796092e-5	-5.7528944087616076e-5	-5.983388574290786e-5	-6.0520681490134395e-5	-6.167322633273895e-5	-6.13736213998621e-5	-5.960868337177936e-5	-5.8911731803869705e-5	-6.221276225220696e-5	-6.29922627964517e-5	-5.951222598028034e-5	-6.601356650849438e-5	-6.516887520211867e-5	-6.171226729450013e-5	-5.7919120712484956e-5	-5.6418784159085024e-5	-5.471584378600471e-5	-5.417633258200942e-5	-5.455690257742153e-5	-5.1800274649923313e-5	-5.058648323825023e-5	-4.9185362878650506e-5	-4.808536031294464e-5	-4.535810534648686e-5	-4.459681864549042e-5	-4.0753064103947554e-5	-3.922964457919514e-5	-3.6886899598166656e-5	-3.27087789226679e-5	-3.0897404837003546e-5	-2.9030405419524542e-5	-2.5514862858416146e-5	2.4874846120078765e-6	6.039447417378104e-6	2.3147118277016057e-6	-2.577584600296258e-6	-6.909297410194384e-6	-1.0082183079130214e-5	-1.2992682739962954e-5	-1.7262058787589907e-5	-2.0383073013458246e-5
-6.746414008427441e-6	-6.6708634580467776e-6	-6.845852446461299e-6	-6.900108235369132e-6	-6.62569160472836e-6	-6.575843815190231e-6	-6.3681935960136545e-6	-6.237013466388569e-6	-5.0020550518997155e-6	-4.495994440392964e-6	-3.074285587656867e-6	-1.5275673987454746e-6	-1.508449882066604e-6	-1.804274424907059e-6	-2.9050135216747604e-6	-3.457582887806277e-6	-3.074769425886765e-6	-3.084322088773824e-6	-2.243361755990261e-6	-2.196064654045671e-6	-2.9965939830152357e-6	-3.299407237087595e-6	-3.4942477493556893e-6	-3.790853837705877e-6	-4.880490536447041e-6	-5.443845704355011e-6	-7.901151385448276e-6	-1.0612492937114425e-5	-1.1731301362874176e-5	-1.3644778431724834e-5	-1.3731600997056708e-5	-1.4382660222983555e-5	-1.569382756332039e-5	-1.5868038232946368e-5	-1.5464710512467844e-5	-1.7825873982479663e-5	-1.9430735490651857e-5	-2.09029738961928e-5	-2.3632127996847923e-5	-2.5602385596225526e-5	-2.9404873327378532e-5	-3.228700637197216e-5	-3.279441392232897e-5	-3.513272546975675e-5	-3.680404124419955e-5	-3.619374810479698e-5	-3.558134653125315e-5	-3.475969529218156e-5	-3.40658125768848e-5	-3.4258008416003256e-5	-3.138939332430709e-5	-2.840785246815481e-5	-2.485656930948537e-5	-2.2253775678972624e-5	-2.036022957434963e-5	-1.9486372219193167e-5	-1.884794639182537e-5	-1.950644011408946e-5	-2.1376546626431436e-5	-2.438970681626772e-5	-2.7821903627369684e-5	-3.199136942944676e-5	-3.532409896219498e-5	-3.774789480748579e-5	-3.925270836938489e-5	-3.941608566827067e-5	-3.861701323488618e-5	-3.764406779214113e-5	-3.892288801270356e-5	-3.78261579657012e-5	-3.422405952819424e-5	-2.9009586100491036e-5	-2.3794351176886774e-5	-1.833508560310313e-5	-1.8079248492708887e-5	-2.2145691348438024e-5	-2.8616167001109527e-5	-3.249330046022937e-5	-3.41994431884117e-5	-3.5807298817648256e-5	-3.8826895806549216e-5	-3.950238571252991e-5	-3.6627828421654206e-5	-3.5504431993688655e-5	-3.9414004776388255e-5	-4.491859527454116e-5	-4.928890694839896e-5	-5.243448231054097e-5	-5.5236596035513653e-5	-5.817045422066257e-5	-6.036378222387716e-5	-6.292933482903579e-5	-6.214538664732873e-5	-6.309863462972262e-5	-6.170518238621074e-5	-5.9967905405950914e-5	-5.8476701526009606e-5	-5.8152335101718626e-5	-5.664263883818177e-5	-6.0128794086801093e-5	-6.272451669772205e-5	-5.790675816578898e-5	-5.4266471108264025e-5	-5.1733324991486834e-5	-5.181497217412686e-5	-5.149450974068176e-5	-5.0759020804488604e-5	-5.030290753504766e-5	-4.9195053558712294e-5	-4.671471269329045e-5	-4.524463316859812e-5	-4.3607262794221474e-5	-4.1389819620697016e-5	-3.9698757906209484e-5	-3.63454597164135e-5	-3.386668459369859e-5	-3.202105055123781e-5	-2.894150254303604e-5	-2.8438950203828802e-5	-2.7355370259306896e-5	7.762221196209486e-7	1.7896585358416137e-6	-1.9656358422989913e-6	-6.192044787068501e-6	-9.251657886511812e-6	-1.5159599227787448e-5	-1.8896514682870125e-5	-2.4599767655840085e-5
-6.853772838505347e-6	-7.272919294126724e-6	-7.525781810750884e-6	-7.215926471054583e-6	-7.128192258391733e-6	-6.469049983532011e-6	-6.123450597088744e-6	-5.504197229158061e-6	-4.367442595456291e-6	-2.655748172373726e-6	-1.0558810648871953e-6	-2.141355061273235e-6	-2.649349370461673e-6	-2.7621572929159e-6	-3.4323987306106394e-6	-3.6494113101208283e-6	-4.0033873929140075e-6	-4.641160233909147e-6	-3.788254907113658e-6	-3.5729354486157845e-6	-3.203860139564191e-6	-4.05010338499134e-6	-4.166324259197293e-6	-6.180870109077832e-6	-7.209406977654043e-6	-6.891131732221023e-6	-8.299319267305975e-6	-1.005646366135089e-5	-1.1477953778534855e-5	-1.227227691566685e-5	-1.4186098436089808e-5	-1.3907966278485246e-5	-1.3714461653726705e-5	-1.4051342614137315e-5	-1.5218024165174421e-5	-1.6702042137159813e-5	-1.9252650946605847e-5	-2.2921024301795568e-5	-2.5649883234101292e-5	-2.7738204738349996e-5	-2.9900068768969707e-5	-3.253318321126176e-5	-3.2152891993704946e-5	-3.2124533507626877e-5	-3.093562743537552e-5	-3.021842021524849e-5	-3.0470032348544414e-5	-3.0063837896081172e-5	-2.864727297312861e-5	-2.638536968205046e-5	-2.3059060160106142e-5	-1.9923923605239847e-5	-1.7131369019500377e-5	-1.5267603649504855e-5	-1.4008368452513866e-5	-1.2603769011673921e-5	-1.2413424356692002e-5	-1.279089297335828e-5	-1.4786977438406394e-5	-1.7459472103210742e-5	-2.1026457059042467e-5	-2.451037861998036e-5	-2.8411197529538187e-5	-3.068023686530119e-5	-3.253202330324957e-5	-3.366268999714737e-5	-3.27606184546839e-5	-3.1969456385286515e-5	-3.1875903382485356e-5	-3.229083992274499e-5	-3.1747264033963035e-5	-2.8673640783244934e-5	-2.4960611086171335e-5	-2.176506844219807e-5	-2.170838924906663e-5	-2.5714602207554255e-5	-3.0757673101164396e-5	-3.3393711196326274e-5	-3.4045628322294276e-5	-3.517417737066916e-5	-3.853183659511053e-5	-4.3769529765999224e-5	-4.5079422963056025e-5	-4.214815675835683e-5	-4.085313802363894e-5	-4.346277792825542e-5	-4.6901117971168225e-5	-4.976429566875846e-5	-5.348972727530106e-5	-5.7162026927170054e-5	-5.9121986542294124e-5	-6.146845859378693e-5	-6.302706522838411e-5	-6.476381100568689e-5	-6.308954454752004e-5	-6.253556815476657e-5	-5.875091860381952e-5	-5.658355095751596e-5	-5.505449452363831e-5	-5.135841155663539e-5	-5.556406256149583e-5	-5.758557774290102e-5	-5.6277083783693284e-5	-5.2644970539357126e-5	-5.141837505198612e-5	-5.034150893902197e-5	-5.105643157088608e-5	-5.020805556954586e-5	-4.859631001861292e-5	-4.694351270147267e-5	-4.579878324972647e-5	-4.287033240744529e-5	0.017786430124467775	-3.829091717609317e-5	-3.687769853296394e-5	-3.4372345696965807e-5	-3.195958517743149e-5	-3.214578434928943e-5	-3.096181007162125e-5	-3.105405800671486e-5	-3.0409404272024182e-5	-4.357292055650903e-6	-2.9567622886216872e-6	-7.131056312939185e-6	-1.1305150545359247e-5	-1.5738476194493943e-5	-2.0766447084608237e-5	-2.748878564497962e-5
-7.50854365811379e-6	-7.518053696947691e-6	-7.619480536490424e-6	-7.787105568997214e-6	-7.471384751994042e-6	-6.888636467348476e-6	-6.003194647792977e-6	-4.602313188889354e-6	-2.8399971349640394e-6	-1.7746005380648742e-6	-1.675057407842938e-6	-2.1480872671440256e-6	-2.019665121586302e-6	-2.3935841294577508e-6	-3.5244809286648143e-6	-4.083610882508527e-6	-5.002347901682767e-6	-5.345304761967748e-6	-5.2760322202989336e-6	-4.761768924315974e-6	-4.301153661343373e-6	-5.599633426216222e-6	-6.311129557189576e-6	-7.279109678432144e-6	-7.924147734603712e-6	-8.661932515517798e-6	-9.439632870126505e-6	-1.1769458621802226e-5	-1.2851513151465686e-5	-1.4053577402148429e-5	-1.4368920060004809e-5	-1.4294131761756219e-5	-1.3688157535067004e-5	-1.3067254922159623e-5	-1.55264278455078e-5	-1.7369613515653146e-5	-2.0165818676514758e-5	-2.238817170443618e-5	-2.4303330678837544e-5	-2.5774072738200013e-5	-2.7241929816219034e-5	-2.754441825883816e-5	-2.6371140787227547e-5	-2.5573776999071943e-5	-2.4722849581418804e-5	-2.5313526212086606e-5	-2.481402681069186e-5	-2.3213148040392346e-5	-2.1024439345517995e-5	-1.8772163043451586e-5	-1.66822467493645e-5	-1.4273844512567167e-5	-1.2409678218296312e-5	-1.1033462350007591e-5	-9.561278328386433e-6	-8.395285905669165e-6	-7.80885385854072e-6	-8.475758566335915e-6	-9.685540476808978e-6	-1.1680067734802816e-5	-1.4151413991510134e-5	-1.738239593739423e-5	-2.0137817015059706e-5	-2.2414015196279245e-5	-2.4843941988421598e-5	-2.589700506502087e-5	-2.5998168657768907e-5	-2.5953974512897462e-5	-2.641049150995398e-5	-2.6986972477137557e-5	-2.9169909653698183e-5	-2.883927703199382e-5	-2.7419015766086234e-5	-2.616671190272188e-5	-2.6876468662380068e-5	-2.8261472696041075e-5	-3.133285708201237e-5	-3.3344814925179676e-5	-3.476647884024294e-5	-3.708792456090168e-5	-4.0862311475025476e-5	-4.5643339864512127e-5	-5.1051227739000275e-5	-5.035542120594965e-5	-4.6351963850011554e-5	-4.405160709651393e-5	-4.548206443817605e-5	-4.80320373012484e-5	-5.268948534284867e-5	-5.488621081364614e-5	-5.763824529393972e-5	-5.927974081878715e-5	-6.11071955099944e-5	-6.185122558300662e-5	-6.304931673755884e-5	-6.31967786250947e-5	-6.205374568493205e-5	-5.956057966421155e-5	-5.7262547338392256e-5	-5.394241807721886e-5	-5.076513224505229e-5	-5.2473706942384336e-5	-5.3897882181251676e-5	-5.4920602283895035e-5	-5.5061089293127925e-5	-5.2762350144335e-5	-5.1902963219647644e-5	-5.031459619818726e-5	-4.8467591522247805e-5	-4.730330020074518e-5	-4.440799709269595e-5	-4.265351497456833e-5	-4.131823318030822e-5	-3.937057299640591e-5	-3.870602558191279e-5	-3.748290284166962e-5	-3.6764262398563275e-5	-3.587806857299281e-5	-3.504968723350328e-5	-3.4235535700853983e-5	-3.5044962652587986e-5	-3.524266972574014e-5	-1.3844035563921869e-5	-1.1880852053851223e-5	-1.6904368687719988e-5	-2.316548852835396e-5	-2.8354945365966465e-5	-3.3815973990447296e-5
-7.825176056785945e-6	-7.87674162182274e-6	-7.740236466498946e-6	-7.679588094391672e-6	-7.429239311617492e-6	-6.422594809500984e-6	-5.150548872018029e-6	-1.8738232287433126e-6	-1.9630018963134096e-6	-2.238038661052334e-6	-2.024055671060853e-6	-2.1987006190867485e-6	-2.4443561381253844e-6	-3.316099534114085e-6	-3.4327581882186327e-6	-3.741224684786432e-6	-4.174433152799454e-6	-4.176230630439275e-6	-4.7490702028470805e-6	-5.251558721577638e-6	-6.1604674504299895e-6	-6.2718728061279035e-6	-5.992218105851975e-6	-6.475292296039296e-6	-7.985627107764005e-6	-9.444694834700139e-6	-1.0123264067838679e-5	-1.1556684288195358e-5	-1.2220202783307143e-5	-1.2409096315741741e-5	-1.1998502202507704e-5	-1.1987755691811406e-5	-1.2298202067720192e-5	-1.4192592340625011e-5	-1.497327998338494e-5	-1.599943977813583e-5	-1.7030428711684552e-5	0.002586624521182495	-2.0331688689145377e-5	-2.069190633505885e-5	-2.0855747440658482e-5	-2.0880679161571522e-5	-2.031377336646407e-5	-2.1082836799396335e-5	-2.064450275097616e-5	-2.0140773225436567e-5	-1.8974055086574135e-5	-1.7192803644316642e-5	-1.5226447656842062e-5	-1.38012848592122e-5	-1.1863389644565722e-5	-1.0489279649939301e-5	-9.43575763327092e-6	-8.057083573047687e-6	-6.753734885120389e-6	-5.875426303047029e-6	-5.330106080014461e-6	-5.316490069229773e-6	-5.896061926113027e-6	-6.864069040466033e-6	-8.298974985140265e-6	-9.981690103779512e-6	-1.2001470769062387e-5	-1.449010228793987e-5	-1.6691334561112206e-5	-1.8626909850704212e-5	-2.0125962535530624e-5	-2.08792785063314e-5	-2.276576122170644e-5	-2.4171360566576944e-5	-2.590426315861533e-5	-2.730314187032127e-5	-2.7312824534334295e-5	-2.8101467641045673e-5	-2.977350552733904e-5	-3.2616951493760586e-5	-3.377241461206652e-5	-3.556325426257601e-5	-3.746091259838446e-5	-4.0616857713542814e-5	-4.412208933580802e-5	-4.873840520541262e-5	-5.209815484292883e-5	-5.461480858081876e-5	-5.274737878766108e-5	-4.86599782020228e-5	-4.7329474080703114e-5	-4.8248593215074586e-5	-5.0770345532671814e-5	-5.297900471784838e-5	-5.5174939016505026e-5	-5.7130054762453975e-5	-5.8702178200016695e-5	-5.947618909418577e-5	-6.08042028264256e-5	-6.087847092487841e-5	-6.100204842497225e-5	-6.07703252371067e-5	-6.068847457994103e-5	-5.984383333267041e-5	-6.008879587752081e-5	-5.478107493182057e-5	-5.3788648025514035e-5	-5.5015130154533473e-5	-5.5495257746135005e-5	-5.54941328984428e-5	-5.681043606340654e-5	-5.570335301851269e-5	-5.2391021205329315e-5	-5.0616011280858915e-5	-4.89663748337219e-5	-4.752494269595533e-5	-4.491295322792393e-5	-4.312710939128987e-5	-4.2412998658124e-5	-4.1477605124389666e-5	-3.966820221368468e-5	-3.998752059482897e-5	-4.0019326325024807e-5	-4.014504462608289e-5	-4.05380618838185e-5	-4.294054874290397e-5	-4.386983122259269e-5	-2.766435376784504e-5	-2.5487957317903587e-5	-2.9312847748869022e-5	-3.4746979177670365e-5	-3.561535848249468e-5
-8.100978083402173e-6	-7.92470686145877e-6	-7.835307577855636e-6	-7.515159562972791e-6	-6.8834459214793834e-6	-5.310398843412305e-6	-2.0898043264280927e-6	-2.304369402814175e-6	-2.3832867215931985e-6	-2.6497044922096534e-6	-2.6465455232193994e-6	-2.562431927410837e-6	-2.9520639496680113e-6	-3.254787671747982e-6	-3.869706006708593e-6	-4.578714546250276e-6	-4.66082756428194e-6	-4.8957298670371284e-6	-4.750927981711094e-6	-5.332328488063067e-6	-5.799070546273809e-6	-5.769323478969825e-6	-5.671694338818924e-6	-5.3905528492000955e-6	-5.806045974673848e-6	-6.954659593984454e-6	-8.821460019029599e-6	-8.725092827865846e-6	-8.03090712339508e-6	-8.119322729069605e-6	-8.153673117542934e-6	-8.47280759658578e-6	-9.193566011966468e-6	-1.069677138139098e-5	-1.2391276679187642e-5	-1.332172132860205e-5	-1.4960991392355314e-5	-1.5330699688925102e-5	-1.4693809211841174e-5	-1.5606443457767184e-5	-1.5663768567256674e-5	-1.6451191317347932e-5	-1.6278776037866017e-5	-1.631742690063622e-5	-1.586149063736433e-5	-1.4912717796270185e-5	-1.4199463273958479e-5	-1.3015665540995805e-5	-1.1696481762532595e-5	-1.0251309059847126e-5	-9.180013854049002e-6	-8.22323423981322e-6	-7.188881155604523e-6	-6.121560347589392e-6	-4.976014708786558e-6	-3.902778502459727e-6	-3.0171916136719932e-6	-2.4322917548195424e-6	-2.1169890043444897e-6	-2.2137946222011966e-6	-2.3771052877832877e-6	-3.3608435267640582e-6	-4.477078144251179e-6	-6.161685109351816e-6	-9.043130537342249e-6	-1.226881069909527e-5	-1.408246752093419e-5	-1.641391981317339e-5	-1.8338208926643035e-5	-2.033911014842583e-5	-2.2041607973218632e-5	-2.4311679013542826e-5	-2.689224453609725e-5	-2.999326091499997e-5	-3.2927214686122915e-5	-3.554023299940333e-5	-3.791561759572621e-5	-4.062326824699671e-5	-4.2677864996892335e-5	-4.539348286310401e-5	-4.7455031528713734e-5	-5.004377580841886e-5	-5.2151153071022284e-5	-5.54432654092398e-5	-5.735516372793901e-5	-5.564610560586467e-5	-5.126230838035581e-5	-4.967359477307115e-5	-4.966669963594062e-5	-5.0641480150493724e-5	-5.2618905838151386e-5	-5.4138775865781794e-5	-5.5634069769398744e-5	-5.717107464227539e-5	-5.8033140513166076e-5	-5.885687807421114e-5	-5.899493742711503e-5	-5.886855933197885e-5	-5.828226122352761e-5	-5.845954541305355e-5	-5.959568650230245e-5	-5.93957396597723e-5	-5.898457852967294e-5	-6.146118547477666e-5	-6.231601535624468e-5	-6.275947406675277e-5	-6.321627079826971e-5	-6.404401164424164e-5	-6.391017470477227e-5	-6.295120445862397e-5	-6.0862550946597874e-5	-5.992495475098253e-5	-5.675906929408867e-5	-5.333362827899613e-5	-5.246004535289228e-5	0.0034138956881378784	-4.8157342094374157e-5	-4.7328806936411914e-5	-4.7072384779141274e-5	-4.7975028151514554e-5	-4.828601921351861e-5	-5.234286208296874e-5	-5.638042201047645e-5	-6.206170451411152e-5	-5.193780813468694e-5	-4.144065213001428e-5	-4.058940322303889e-5	-4.2272666427695896e-5
-8.67444291106933e-6	-8.217346434107996e-6	-7.275100470373287e-6	-6.263333738440913e-6	-4.49094013753727e-6	-1.9997687861661624e-6	-2.261637907185446e-6	-2.4895127308916486e-6	-2.4758160113518522e-6	-2.624875867335806e-6	-2.8455650123270903e-6	-2.996342504150919e-6	-3.214600119704229e-6	-3.590071114535306e-6	-3.863295632632415e-6	-4.614501287659068e-6	-4.891257366718355e-6	-5.1337968857317114e-6	-5.554603230823428e-6	-5.378402692695272e-6	-5.434790831821269e-6	-5.966130546886171e-6	-6.001688740103306e-6	-6.314298985342663e-6	-6.690376720919168e-6	-6.21565953600519e-6	-6.25397362504854e-6	-6.455849446880286e-6	-6.039262609154692e-6	-6.367519379065108e-6	-5.71684984209753e-6	0.0025128453495013425	-7.891613272554372e-6	-9.505140213328725e-6	-9.912983966266263e-6	-1.0425439072149836e-5	-1.0560784078836316e-5	-1.0692980160445942e-5	-1.1712811941996587e-5	-1.203327970565062e-5	-1.263605818104549e-5	-1.2593120438857217e-5	-1.2571684268283161e-5	-1.2055475093336056e-5	-1.1775789582473841e-5	-1.1085625729756617e-5	-1.0355172883584488e-5	-9.421722946433204e-6	-8.964303325995917e-6	-8.218969416794284e-6	-7.53412470303231e-6	-6.8347269945018664e-6	-5.861427292017324e-6	-4.934831268258279e-6	-3.640135301679107e-6	-2.260918618122998e-6	-1.0853338612223668e-6	7.145119240194175e-8	1.140084140443154e-6	1.8834531102709245e-6	2.5090577915841666e-6	2.7230380022233783e-6	2.3467463614187077e-6	4.388594773230368e-7	-2.4346071403195165e-6	-5.221315601828657e-6	-8.038385093732218e-6	-1.0614121009248998e-5	-1.3510153470941682e-5	-1.5560409780341136e-5	-1.8139139175616693e-5	-2.15116958065544e-5	-2.550018778438041e-5	-3.035386444337441e-5	-3.491683243212439e-5	-3.937532361064167e-5	-4.309507578673403e-5	-4.6693939647463566e-5	-4.78047933988421e-5	-4.87324996114734e-5	-4.959319461307144e-5	-5.149235359337787e-5	-5.296435288964932e-5	-5.52300250271278e-5	-5.822487689715163e-5	-5.9227222912855947e-5	-5.6824031035044784e-5	-5.291659576641501e-5	-4.999525760426187e-5	-4.899153881323748e-5	-4.975549623757692e-5	-5.13755556589353e-5	-5.294086771412084e-5	-5.482009413432178e-5	-5.592176439798979e-5	-5.695801393008166e-5	-5.708048826232547e-5	-5.744547856864168e-5	-5.669743382603768e-5	-5.706692443656304e-5	-5.7436556367285044e-5	-6.057826365182947e-5	-5.967080947465262e-5	-6.0104543051051236e-5	-6.224907424620023e-5	-6.529052450136809e-5	-6.825697104046163e-5	-7.022157578372634e-5	-7.152069669982093e-5	-7.238102741518107e-5	-7.151319793367297e-5	-6.714714563153335e-5	-6.498207910649164e-5	-6.464195299670612e-5	-6.434037585047528e-5	-6.495494465701915e-5	-6.691589790684249e-5	-7.058364519951657e-5	-7.306685019422806e-5	-7.483713821738883e-5	-7.44463545242777e-5	-7.381652529243193e-5	-7.391130490681883e-5	-7.535635826547583e-5	-7.678259631512148e-5	-7.735521693954129e-5	-6.0362710662417805e-5	-6.032906970483091e-5
-8.422653567774344e-6	-7.8071456633235e-6	-6.8518638394912505e-6	-4.1009193315618775e-6	-1.5880915105095234e-6	-1.731537884334445e-6	-1.6894842127271282e-6	-2.2352979523913375e-6	-2.4972582790723508e-6	-2.3877022587429813e-6	-2.6901071509131047e-6	-2.7714962609777776e-6	-3.006346467073189e-6	-3.4613206142161245e-6	-3.922549243696918e-6	-4.258567082480948e-6	-4.558714107838176e-6	-5.165987414389628e-6	-5.367640104703771e-6	-5.686774577309166e-6	-5.605986117619742e-6	-5.751894412560311e-6	-6.0879922425609e-6	-5.710156575144476e-6	-5.008473445887126e-6	-4.48341324237381e-6	-4.398190846352686e-6	-4.4597060019793775e-6	-4.9319417773114205e-6	-5.522251221297229e-6	-5.5704073076206714e-6	-6.3009976107738196e-6	-5.965870735657108e-6	-5.7137721827136764e-6	-6.351678782272937e-6	-7.186223093100155e-6	-7.932857691729913e-6	-8.897743601616161e-6	-9.71310301137976e-6	-9.996873296346225e-6	-1.047529996223834e-5	-1.0105357909986098e-5	-9.517584152979146e-6	-8.909120380854894e-6	-8.631432229044378e-6	-8.030742333406241e-6	-7.375557015582316e-6	-6.943520652110541e-6	-6.670719637950971e-6	-5.992329122394614e-6	-5.287584385231048e-6	-4.881003857318852e-6	-4.344622616043233e-6	-3.401449842816741e-6	-2.1739998179220923e-6	-8.77676807438583e-7	5.168009628505081e-7	2.0969462148948907e-6	3.4771046704071013e-6	4.8836214880268545e-6	6.273070195348014e-6	6.841908259836316e-6	6.930881877263966e-6	5.72832876266768e-6	3.5239833898464013e-6	6.318885510865103e-7	-2.182616033166631e-6	-5.019443402045319e-6	-8.092423524905593e-6	-1.1679029743901902e-5	-1.5181310982631535e-5	-1.9379183766336707e-5	-2.5440718908701504e-5	-3.2743943586546146e-5	-3.904471510593043e-5	-4.364385148203018e-5	-4.6717034830185116e-5	-4.9725588667287254e-5	-5.1665850111907736e-5	-5.1997022042335646e-5	-5.2281367589660475e-5	-5.322647225286482e-5	-5.4099349550921355e-5	-5.506930334105934e-5	-5.647866345963185e-5	-5.870844868544967e-5	-5.9056398535534474e-5	-5.66494509201404e-5	-5.2756140627384894e-5	-4.9234572068839995e-5	-4.7962722126310706e-5	-4.880350070764336e-5	-5.038315661540487e-5	-5.222658034409228e-5	-5.3429075016803336e-5	-5.4827638653801416e-5	-5.509122060398577e-5	-5.5755278198434555e-5	-5.531705847303483e-5	-5.557280227929404e-5	-5.6516794653662045e-5	-5.7233897334744554e-5	-6.065404002431095e-5	-6.080067879423107e-5	-6.12091192183186e-5	-6.307762068013612e-5	-6.571973195490912e-5	-6.780133828237622e-5	-6.938513137877628e-5	-7.069437285133623e-5	-7.128969356707442e-5	-7.145425506626746e-5	-7.08091438234677e-5	-7.111638070588736e-5	-7.158861202216692e-5	-7.268962483146513e-5	-7.34935998538723e-5	-7.40648733356798e-5	-7.308447208911103e-5	-7.229702704531589e-5	-7.225760491330743e-5	-7.210369209115003e-5	-7.377241988191889e-5	-7.54965273633214e-5	-7.636863697115881e-5	-7.904650918143154e-5	-8.078569291769446e-5	-7.134613561754358e-5
-7.14308484391535e-6	-6.37964619764383e-6	-2.565030029537071e-6	-2.4481010064459924e-6	-2.3742136516746682e-6	-2.2993088846340022e-6	-2.161599893220692e-6	-2.0751774699800463e-6	-2.2417920569618418e-6	-2.0777994436631383e-6	-2.2494754559635117e-6	-2.461601751428677e-6	-2.8004226484946125e-6	-3.2856612566865666e-6	-3.797498778108921e-6	-4.027831273671406e-6	-4.278260283340591e-6	-4.450135586636997e-6	-4.957983161800765e-6	-5.149190471389177e-6	-5.378806531848145e-6	-4.9974024884361e-6	-4.2819814702462974e-6	-3.723233233087755e-6	-3.6907229823571284e-6	-3.085772745588548e-6	-2.7201833349693857e-6	-2.3994226492295677e-6	-1.895269371131325e-6	-1.7567586816681635e-6	-2.5566675819076352e-6	-3.6796249773822683e-6	-4.542577014277896e-6	-5.407085608519647e-6	-5.576775995343045e-6	-6.115833842503839e-6	-6.571839630511089e-6	-7.332356112522368e-6	-7.782700488299758e-6	-8.207402643118809e-6	-8.344283649187444e-6	-8.340459003238106e-6	-7.686573861404814e-6	-7.172290526384151e-6	-6.876165986496635e-6	-6.116417502888944e-6	-5.786319503308713e-6	-5.280549169992986e-6	-4.789348739781896e-6	-4.092929438092815e-6	-3.6766558977966704e-6	-3.190004288554458e-6	-2.6339237763778073e-6	-1.5637223749209467e-6	-3.088917436991443e-7	1.1048986491089385e-6	2.563233759088606e-6	4.204197316345394e-6	5.945212032637363e-6	7.546119157059855e-6	8.91772342209436e-6	1.0324983453391563e-5	1.0664567232239984e-5	1.0094466562686694e-5	8.13240190060448e-6	5.9634679591929855e-6	2.9626241959896174e-6	-1.8097335099682282e-7	-4.1573008604427544e-6	-8.679227350379994e-6	-1.3790189443108839e-5	-1.9242448993797914e-5	-2.6333997647169215e-5	-3.281120491949695e-5	-3.8839124135250404e-5	-4.359282876326533e-5	-4.807747780265345e-5	-5.169260388092128e-5	-5.321021066904269e-5	-5.385340556444485e-5	-5.438488231751439e-5	-5.404776324408056e-5	-5.4291848308198574e-5	-5.496071182691485e-5	-5.5229252816869825e-5	-5.617320839707528e-5	-5.7252254460730956e-5	-5.671657902415984e-5	-5.463427108873156e-5	-5.144268432890828e-5	-4.861100314610561e-5	-4.8313134274339175e-5	-4.85737082114412e-5	-4.9700747059431205e-5	-5.1320578515898696e-5	-5.270915935000949e-5	-5.324953064874218e-5	-5.353060774217298e-5	-5.3572902952475805e-5	-5.4029509761858736e-5	-5.540110297074159e-5	-5.6417833795029994e-5	-5.7474623374649276e-5	-6.112234536524166e-5	-6.13256393197203e-5	-6.176474289703096e-5	-6.272800744572303e-5	-6.470919487148053e-5	-6.653118482107282e-5	-6.747666377038275e-5	-6.815177016207107e-5	-6.80355440735303e-5	-6.810339695314952e-5	-6.856498461848366e-5	-6.880461846347748e-5	-6.992749448659751e-5	-7.053382800596046e-5	-7.147249526511532e-5	-7.132433400402344e-5	-7.06459471765163e-5	-7.13178965482033e-5	-7.22726821466603e-5	-7.306819099588396e-5	-7.537385448804553e-5	-7.783722782745035e-5	-8.029200880636236e-5	-8.405548341156076e-5	-8.802026718710172e-5
-4.988668455245407e-6	-2.164141146629027e-6	-2.41360304267487e-6	-2.716722876053442e-6	-2.718248124148042e-6	-2.7341781299434174e-6	-2.5466505115909633e-6	-2.505351266344439e-6	-2.640020038720942e-6	-2.5587288883554323e-6	-2.6745818096195065e-6	-2.7878267400881446e-6	-2.897229328937211e-6	-3.1874381640226244e-6	-3.5082029297507427e-6	-3.701284379627103e-6	-4.109721765509092e-6	-3.910238027875169e-6	-3.6844894372507113e-6	-3.6966626901756023e-6	-3.507829159115532e-6	-3.0684386012825226e-6	-2.612439938990763e-6	-1.861454818004359e-6	-1.4972962548775526e-6	-1.1364916267190411e-6	-1.0886583474300658e-6	-6.527452677766027e-7	-6.831851164163568e-7	-1.377691772241809e-6	-2.2460080063152477e-6	-3.1002530313198762e-6	-4.220605608035817e-6	-5.064185288158234e-6	-5.531480288460504e-6	-6.164579517968678e-6	-6.4623762431278466e-6	-6.32773195671202e-6	-6.537477419897271e-6	-6.7333377706758814e-6	-6.494652457028844e-6	-6.526223854678905e-6	-6.178414186378467e-6	-6.127146025925812e-6	-6.012880809306686e-6	-5.369852465383082e-6	-5.0162513375126994e-6	-4.378664905429954e-6	-3.723237029963763e-6	-2.7252893930289346e-6	-1.9940735208076685e-6	-1.319245286472183e-6	-6.697354757096482e-7	3.2628043347107845e-7	1.711417356979215e-6	3.2550129365688848e-6	4.964957936426893e-6	6.632833683472639e-6	8.437204541115626e-6	1.0334309705456023e-5	1.1793298572811617e-5	1.2954275524051624e-5	1.2749116908261334e-5	1.2182805639142109e-5	1.0195641523701084e-5	7.971230300721048e-6	5.1592001132946645e-6	1.6640965621000751e-6	-2.5979283915095186e-6	-7.732732692827728e-6	-1.3836732184828969e-5	-1.994925403635186e-5	-2.608656554713238e-5	-3.2292647970813895e-5	-3.818577709027368e-5	-4.3553675051796574e-5	-4.780300327453246e-5	-5.013545790246441e-5	-5.330050353364495e-5	-5.394312094610717e-5	-5.5093975733009996e-5	-5.468182733451101e-5	-5.418963652315586e-5	-5.423527213582204e-5	-5.400138349616508e-5	-5.3896601086609415e-5	-5.43333478878502e-5	-5.4716006335150946e-5	-5.47288149559599e-5	-5.323126409063558e-5	-5.0451560796785496e-5	-4.9299097460705566e-5	-4.792167241222706e-5	-4.826564942693196e-5	-4.91863391516138e-5	-4.991526944528898e-5	-5.095339347918246e-5	-5.116632325458375e-5	-5.152119454738982e-5	-5.244022765817937e-5	-5.3934979048306676e-5	-5.533015975348488e-5	-5.6529951718211225e-5	-5.7748313354156035e-5	-6.060046794928507e-5	-6.087429134027573e-5	-6.059235304391739e-5	-6.1349395704492e-5	-6.306950311698234e-5	-6.400453698968524e-5	-6.465709492060791e-5	-6.475759736361856e-5	-6.48439222352944e-5	-6.509469126079375e-5	-6.590036867956282e-5	-6.668941034441381e-5	-6.754774622942054e-5	-6.827712335967387e-5	-6.85214549659449e-5	-6.896451897861521e-5	-6.952874835201633e-5	-7.055014300218947e-5	-7.238789614521244e-5	-7.513199310062819e-5	-7.750135000693945e-5	-8.248622210320572e-5	-8.680960347643481e-5	-9.056696524759869e-5
-1.5901174406601597e-6	-1.8242164064583878e-6	-2.0550803380136326e-6	-2.231258228174845e-6	-2.4882178094190813e-6	-2.6689700863074487e-6	-2.7603693715695524e-6	-2.790397330177676e-6	-2.9549440405142718e-6	-3.1096427325217734e-6	-3.192372026314871e-6	-3.44475544172395e-6	-3.5566178376977148e-6	-3.4115146093553848e-6	-3.4076109374682343e-6	-3.7809440725045194e-6	-3.855671023477109e-6	-3.7105183774708075e-6	-3.5301569414387555e-6	-3.216329991375484e-6	-2.8704219100765148e-6	-2.590816488483392e-6	-2.2029985043088346e-6	-1.3946503333298792e-6	-7.687249674434484e-7	-4.822938439407159e-7	-1.5331253898787783e-7	-2.5786571649136746e-7	-9.76182358146567e-7	-1.7792717089449867e-6	-2.631975318842083e-6	-3.2839350688632432e-6	-4.163437553972391e-6	-4.725587221337223e-6	-5.503809274109116e-6	-5.686177998180837e-6	-5.868793283243584e-6	-6.164505515207294e-6	-6.032927325972303e-6	-5.690100405691392e-6	-5.364683605522556e-6	-5.371269083670601e-6	-5.475421082111248e-6	-5.556767439034941e-6	-5.258757570164108e-6	-4.8681456511334015e-6	-4.240671540593939e-6	-3.546623973779868e-6	-2.9105521490927887e-6	-1.9179592103694878e-6	-9.596060328732198e-7	-5.216785811386175e-8	1.0240630582024e-6	2.300518251103275e-6	3.7409491392766288e-6	5.262808013277616e-6	6.846790307158063e-6	8.49065716741976e-6	1.028251978246568e-5	1.1533376144450208e-5	1.284691587106427e-5	1.3367118711964327e-5	1.3023707283384449e-5	1.1772160380567939e-5	9.754119128206487e-6	7.572287465844926e-6	4.623882793580031e-6	1.146924456449372e-6	-3.221556286439522e-6	-8.223999348275918e-6	-1.3686815094097419e-5	-1.9587343059361897e-5	-2.483514689608163e-5	-2.996858306449795e-5	-3.498736279779766e-5	-3.976417571911338e-5	-4.407637634376831e-5	-4.827413180107749e-5	-5.083549856673558e-5	-5.2650017214782774e-5	-5.331544857361506e-5	-5.342054835882665e-5	-5.31997903851578e-5	-5.297520704332544e-5	-5.2465058678801205e-5	-5.189623168333946e-5	-5.203148998339665e-5	-5.2307393522778084e-5	-5.312141047625774e-5	-5.3344156955451114e-5	-5.2260525716782327e-5	-5.0167548369358436e-5	-4.858096361892478e-5	-4.796182680205001e-5	-4.765486514530051e-5	-4.782719550613804e-5	-4.833368587553151e-5	-4.863104369952375e-5	-4.9089071116245045e-5	-5.031039448054591e-5	-5.213081044559741e-5	-5.345955280032185e-5	-5.476888667916191e-5	-5.6020220818957245e-5	-5.684493117904632e-5	-5.8629096635209746e-5	-5.9136206511490414e-5	-5.87874297873004e-5	-5.970311535029218e-5	-6.022108871279021e-5	-6.097556137850228e-5	-6.16223310990734e-5	-6.191695778757101e-5	-6.19522948273974e-5	-6.277556780089977e-5	-6.310317116363156e-5	-6.4499746337389e-5	-6.568967905382344e-5	-6.729718903967846e-5	-6.808873469221505e-5	-6.873742028991109e-5	-7.052535735149832e-5	-7.340026035975236e-5	-7.610276104582465e-5	-7.959643982011037e-5	-8.337516270592003e-5	-8.788437763526625e-5	-9.2272452126437e-5
