-1.730433020995497e-5	-1.889377525349993e-5	-2.032877021625472e-5	-2.154245833165002e-5	-2.2516607636979777e-5	-2.317704471235576e-5	-2.3650849171225364e-5	-2.384132728004283e-5	-2.3659277478376954e-5	-2.325188332212525e-5	-2.259044593065412e-5	-2.164699464194926e-5	-2.0462554632329113e-5	-1.900498561252333e-5	-1.7337353556483813e-5	-1.549199373589139e-5	-1.3565992141353334e-5	-1.164738552544023e-5	-9.795741892842187e-6	-8.055570301372157e-6	-6.439102997131653e-6	-5.027529508250443e-6	-3.8219202220901e-6	-2.8397246423049733e-6	-2.0634422290916e-6	-1.4246498425958164e-6	-9.006881997255207e-7	-6.199582074623187e-7	-5.948222296574219e-7	-5.611811775120022e-7	-5.222354267391314e-7	-4.7277614888611947e-7	-4.26645893432582e-7	-3.5818360657433344e-7	-2.930329049259005e-7	-2.327906256085346e-7	-1.8528837153449556e-7	-1.3403622321479878e-7	-1.0602298076953816e-7	-7.725000146077606e-8	-5.030577405666327e-8	-5.95585158458706e-8	-6.908970508399362e-8	-8.856511421067208e-8	-1.869481256489702e-7	-2.636787064529849e-7	-4.5368649057031264e-7	-6.633338558883864e-7	-9.178080676970704e-7	-1.1594385337227836e-6	-1.356589591053312e-6	-1.507105097416146e-6	-1.686923652558013e-6	-1.6709705854097343e-6	-1.7495047694349086e-6	-1.665123175154692e-6	-1.6990503777090014e-6	-1.5934907359894791e-6	-1.648982062838123e-6	-1.624523365695708e-6	-1.7198497669042917e-6	-1.4990439693486632e-6	-1.3041637918490205e-6	-1.164855285491794e-6	-1.105817111938059e-6	-1.116107569101068e-6	-1.2952454879112017e-6	-1.5058403552955025e-6	-1.7355428081514772e-6	-1.8854052719325491e-6	-2.176775268350928e-6	-2.5438783612363714e-6	-3.0568179926662564e-6	-3.4710304162669248e-6	-3.8208482024960336e-6	-4.110049011233372e-6	-4.179351181487877e-6	-4.182409127213263e-6	-4.147439459569076e-6	-4.030767364508552e-6	-3.918157521556073e-6	-3.9353307134068504e-6	-4.4742296989962855e-6	-5.812818050351584e-6	-8.232655869346082e-6	-1.1723499017204126e-5	-1.6336894054761906e-5	-2.1715556767903376e-5	-2.729920767251866e-5	-3.307625197701363e-5	-3.9209694448848046e-5	-4.595224562328617e-5	-5.288398339915408e-5	-5.995176274365722e-5	-6.748289591449667e-5	-7.529780438148503e-5	-8.309124352381003e-5	-9.128035865146529e-5	-9.916914395788691e-5	-0.00010671232527319087	-0.00011326100280768151	-0.0001190101430571062	-0.00012372216455004172	-0.00012694855982132557	-0.00015825668015097792	-0.0002055180651800315	-0.00025145599145113585	-0.00029403602973656143	-0.00032697026070287356	-0.00035557612880032606	-0.0003738517695016287	-0.0003832252400560575	-0.0003860530107993153	-0.0003875307907148968	-0.0003801331998850611	-0.0003715674767651097	-0.0003602822195203532	-0.00034590937612096606	-0.00032834433953210854	-0.0003094892454293119	-0.000289299231163824	-0.00026844100461378625	-0.0002480152430650584	-0.0002275917930028362	-0.00020679689820366634	-0.00018507131540170319	-0.00016582861417585926	-0.00014399787084300522
-2.737219649887306e-5	-1.8658473582773864e-5	-2.0302986283296173e-5	-2.1684297069670405e-5	-2.2881464781178588e-5	-2.3925615391065955e-5	-2.4586236266492856e-5	-2.4993437813212177e-5	-2.5120142167685827e-5	-2.4995307519519815e-5	-2.448927588223192e-5	-2.3731716785330557e-5	-2.275873338731019e-5	-2.1361143795578754e-5	-1.970449392929265e-5	-1.781752230226529e-5	-1.58101619369936e-5	-1.3759028641020775e-5	-1.1719899281677105e-5	-9.761712809800257e-6	-7.929748537230096e-6	-6.291943242944658e-6	-4.8605312589064455e-6	-3.6573862810208235e-6	-2.6877489201530823e-6	-1.884385157331644e-6	-1.2715212562137247e-6	-8.034711384141288e-7	-6.501644690299975e-7	-6.13722981859475e-7	-5.672160162318218e-7	-5.200932603408444e-7	-4.623372104049951e-7	-4.1062007792789216e-7	-3.40002558616398e-7	-2.626837101694384e-7	-2.20384013433785e-7	-1.5723219324324854e-7	-1.052744698877965e-7	-6.205530270956931e-8	-6.041188841121863e-8	-5.670314533430325e-8	-5.167808031953128e-8	-1.245776522711779e-7	-2.053674455208034e-7	-3.5009658119446646e-7	-5.902753017394193e-7	-8.001617789104371e-7	-1.1345461361025617e-6	-1.4395677359350032e-6	-1.7252911885502426e-6	-1.9916949655047827e-6	-2.088234162802102e-6	-2.1191713784819873e-6	-2.081155677190861e-6	-2.0224028571785943e-6	-1.970499423489336e-6	-1.9394521630677127e-6	-1.7522857313207849e-6	-1.8514464041950011e-6	-1.6858253449999667e-6	-1.7465010186562566e-6	-1.574945516274388e-6	-1.4135140425492168e-6	-1.5648085038731585e-6	-1.6320834269763194e-6	-1.7976856351990028e-6	-2.0543812217862123e-6	-2.221999129898883e-6	-2.4029678373255637e-6	-2.7475443100543778e-6	-3.1471830575437888e-6	-3.5431137153575e-6	-4.030603362158711e-6	-4.291499488130561e-6	-4.455423550781793e-6	-4.4838404687162206e-6	-4.440101972445494e-6	-4.388734233647595e-6	-4.288498201201346e-6	-4.231300676998213e-6	-4.542840109216526e-6	-5.7294581739362346e-6	-7.70763421569133e-6	-1.1634492801544095e-5	-1.629063322430911e-5	-2.217334512309395e-5	-2.8731594128194494e-5	-3.487616930482654e-5	-4.247756340937445e-5	-4.9734245538622476e-5	-5.780986075653031e-5	-6.607661697327302e-5	-7.492086583559768e-5	-8.43836585181438e-5	-9.39320587579743e-5	-0.00010335091963693158	-0.00011286592184537842	-0.0001218844866221892	-0.00012925871381813496	-0.00013551278477174147	-0.00013997804093677894	-0.00014339598037086364	-0.00015755803794623418	-0.00021808736065155335	-0.0002692798405535147	-0.00031729431455829703	-0.0003493589997914485	-0.00037624168788092863	-0.00039258510780887547	-0.0004041410199713806	-0.00040613704205814423	-0.0004041634461132703	-0.0003954152032388004	-0.000382579778144057	-0.0003690388059268516	-0.0003526909052027453	-0.0003365447284568723	-0.000315075911303149	-0.00029286617653570546	-0.0002699773654526831	-0.0002476834300700094	-0.00022523407109667143	-0.00020303704708181725	-0.00017901695317096286	-0.00015838447999958968	-0.00013615014459811628	-0.00011454539973866985
-3.521004547562341e-5	-3.1583429794412475e-5	-2.003104217530318e-5	-2.169068585294452e-5	-2.3085203742373175e-5	-2.440485752532419e-5	-2.5447001672046452e-5	-2.6195811136459553e-5	-2.6670260900264945e-5	-2.6759195411875486e-5	-2.6550076969166248e-5	-2.608310068886283e-5	-2.5308221520193064e-5	-2.4067722285656695e-5	-2.2516996903506776e-5	-2.0684478232329585e-5	-1.864759594314417e-5	-1.6497608757433353e-5	-1.4241697020331928e-5	-1.2084615705920696e-5	-1.0044956893386753e-5	-8.141317656616372e-6	-6.4481047183140736e-6	-4.947891569059525e-6	-3.7095050160857136e-6	-2.7170823647306034e-6	-1.9064301888169469e-6	-1.2874039458084599e-6	-8.145014139314892e-7	-7.186003066280175e-7	-6.734274539123659e-7	-6.220730530458261e-7	-5.66799897616901e-7	-5.004382131655144e-7	-4.4458858574741286e-7	-3.548597185074205e-7	-2.67915512400295e-7	-2.1463409561218048e-7	-1.334805672297077e-7	-8.90343406267154e-8	-1.047769315648978e-7	-1.0985907292073261e-7	-1.5753745841172483e-7	-2.51580612540273e-7	-3.03595353135064e-7	-4.999561905592094e-7	-7.633074480508294e-7	-9.782021878134513e-7	-1.4189399300344316e-6	-1.7043265109549877e-6	-2.0993132797215085e-6	-2.4274804776765213e-6	-2.547763030007113e-6	-2.5095574666196725e-6	-2.5193489557316954e-6	-2.382643287516021e-6	-2.3796595483989674e-6	-2.1359915499549417e-6	-2.2527685036285777e-6	-1.9952145711220706e-6	-2.1733000326064063e-6	-1.948398700477136e-6	-2.038090162318661e-6	-2.173001660083835e-6	-2.1847325501367257e-6	-2.368791722577704e-6	-2.5982126801272843e-6	-2.7047242305172383e-6	-2.8609397121991506e-6	-2.9069678361045015e-6	-3.1841750266833474e-6	-3.7536948193034408e-6	-4.062762772011992e-6	-4.308915820958254e-6	-4.640580404315249e-6	-4.828118254080317e-6	-4.8634973962553385e-6	-4.836900742637791e-6	-4.876607684629734e-6	-4.826326717563469e-6	-4.887103801815853e-6	-5.739001558797084e-6	-7.539241953277003e-6	-1.1257579810979586e-5	-1.6307168204616812e-5	-2.2434788310885203e-5	-2.968551857712091e-5	-3.7062441958220053e-5	-4.5357440560741954e-5	-5.408747682725126e-5	-6.411159407654072e-5	-7.405746959483783e-5	-8.50236015137928e-5	-9.587360269016578e-5	-0.00010703685684911988	-0.00011802469954456201	-0.00012886688486739338	-0.0001380621212271121	-0.0001468813350569316	-0.0001535118272462995	-0.00015728741632162375	-0.0001599399015463597	-0.0001606320073780981	-0.00022822989729663273	-0.00028336672278387806	-0.00033330839060443333	-0.00037027672342105836	-0.0004005292836273526	-0.0004150476664720355	-0.00042319650599620043	-0.0004232794520160447	-0.00041934631760977276	-0.0004071507564689519	-0.00039738720056551805	-0.00038093168629226357	-0.00035926872539232194	-0.00033924474360323	-0.0003154397443879027	-0.00029499115770546466	-0.0002695725192115167	-0.00024555161922887314	-0.00022261481228292437	-0.00019616136267414094	-0.00017346740395019278	-0.00014728732132584035	-0.0001275246722348515	-0.00010354376513100823	-8.091994149403425e-5
-3.8985631484688386e-5	-3.8698613165013976e-5	-3.6242765916633416e-5	-2.2666678493058137e-5	-2.318675317055491e-5	-2.4741150190317644e-5	-2.6172731228113734e-5	-2.7340728743767848e-5	-2.8162671921892667e-5	-2.8730790219727464e-5	-2.8924699739651794e-5	-2.8774583401969925e-5	-2.826019306500398e-5	-2.7270204203919424e-5	-2.594136413147619e-5	-2.424600539990758e-5	-2.2254652713555816e-5	-2.0077549740863093e-5	-1.7741142949559733e-5	-1.536677610779221e-5	-1.3075981371457762e-5	-1.087827920894085e-5	-8.874355902622311e-6	-7.068917495813394e-6	-5.494139475476237e-6	-4.168516743206647e-6	-3.0684230288274265e-6	-2.1717609687861025e-6	-1.4984208376602027e-6	-1.0021535805760198e-6	-9.516119282782159e-7	-8.595082705935003e-7	-8.010094026631721e-7	-7.15262444423299e-7	-6.120113450499811e-7	-5.295586055575159e-7	-4.6481458517936685e-7	-3.704497503838246e-7	-3.224867055795673e-7	-2.776976944837001e-7	-2.468905712060517e-7	-2.3730213791434225e-7	-3.2445854695057865e-7	-3.9624797380463124e-7	-5.449672342321338e-7	-7.850984012886365e-7	-1.1095647206135393e-6	-1.421504543611953e-6	-1.879877109115305e-6	-2.1594664099434946e-6	-2.601528889162904e-6	-3.030693058981518e-6	-3.1355086619626778e-6	-3.269054529164575e-6	-3.161276385251713e-6	-3.0583430587165354e-6	-2.934930114356095e-6	-2.9370877991603053e-6	-2.725054954434637e-6	-2.757497474039109e-6	-2.4553041555881424e-6	-2.7885597521007774e-6	-2.7807415512614464e-6	-2.972427583610619e-6	-3.274820359516533e-6	-3.265459347794898e-6	-3.613089730899435e-6	-3.4297334178430557e-6	-3.4385328651859795e-6	-3.5485156896626576e-6	-4.04503003409261e-6	-4.209675559258951e-6	-4.763207447282085e-6	-5.026636383708902e-6	-5.233433042702332e-6	-5.32723630714758e-6	-5.336724561344398e-6	-5.334106048434641e-6	-5.401885119364667e-6	-5.571396958249641e-6	-6.04102880458028e-6	-7.6089167689850925e-6	-1.0779212931959375e-5	-1.6138780967140743e-5	-2.329439183389116e-5	-3.1724642558482994e-5	-4.0119559891182164e-5	-5.002636276692402e-5	-6.071945063174273e-5	-7.207181661300871e-5	-8.402674179486235e-5	-9.67664388369779e-5	-0.00010958432727599993	-0.0001219376388083464	-0.0001342751838008722	-0.00014509467230125472	-0.00015495028972206063	-0.00016316523421277835	-0.00016850115189595818	-0.00017358587611206956	-0.00017497495836136034	-0.000174220246638556	-0.0002329639791026714	-0.000294948539599155	-0.000350175110528381	-0.0003862500698188081	-0.00041621737460121976	-0.0004305022889929989	-0.00043679506461433143	-0.0004373878935795029	-0.00043157030030823573	-0.00041643190228611565	-0.00040555653518618834	-0.0003873271669000387	-0.0003674450166552857	-0.00034504182672926565	-0.00031955704558189746	-0.0002935830685003339	-0.0002713601910883656	-0.0002445134115146297	-0.00021717844482429385	-0.0001922008853287582	-0.00016662489116334858	-0.0001396917319231722	-0.00011760112512710501	-9.269356024931007e-5	-6.854010056994014e-5	-0.0001908706908889182
-4.1095894123420375e-5	-4.217341703996197e-5	-4.2160126769791777e-5	-4.016242589964091e-5	-3.2842870887765706e-5	-2.473257543523523e-5	-2.6541931940325406e-5	-2.817537589821844e-5	-2.9601659768145255e-5	-3.065777405298351e-5	-3.1374182570508e-5	-3.170607727577611e-5	-3.1690009324024534e-5	-3.1146608081510075e-5	-3.015929261734331e-5	-2.8828728308369613e-5	-2.7024060081853393e-5	-2.4874569325297006e-5	-2.2609078810994768e-5	-2.0142666006344703e-5	-1.75515614859339e-5	-1.5112911050103697e-5	-1.276330048509362e-5	-1.0621718164304654e-5	-8.611790710340468e-6	-6.7820062759165706e-6	-5.2309015825025855e-6	-3.944836723616528e-6	-2.9197114918580952e-6	-2.1018873666849187e-6	-1.5227795709811497e-6	-1.4123839402542427e-6	-1.2677345111855977e-6	-1.155768331026133e-6	-1.0745368907744027e-6	-9.383371764292433e-7	-8.478803561147765e-7	-7.551057717640571e-7	-6.092076989865026e-7	-5.903287809009617e-7	-5.459036237343126e-7	-6.129040319295979e-7	-7.288009844396065e-7	-8.596026412446594e-7	-1.0947891536063807e-6	-1.419599448945405e-6	-1.6978943243574024e-6	-2.1111868746666275e-6	-2.5803610248807457e-6	-2.894935794244533e-6	-3.242386323285841e-6	-3.7557524276731528e-6	-4.014320927942959e-6	-4.231782509318566e-6	-4.020597105640626e-6	-4.042819669260091e-6	-4.1849938763733035e-6	-4.029474602834475e-6	-4.106572488337583e-6	-3.6335475918364145e-6	-3.8070448303442832e-6	-3.6508508984510984e-6	-4.30167504874711e-6	-4.416570425623979e-6	-4.69504869891565e-6	-4.587661339751641e-6	-4.290872303262393e-6	-4.218929026764812e-6	-4.251481987437738e-6	-4.501936911063505e-6	-4.8504098290315335e-6	-5.39654466946704e-6	-5.852753880635852e-6	-6.091959340376784e-6	-6.1810264809144255e-6	-6.374487321557364e-6	-6.430862942756129e-6	-6.482201199386452e-6	-6.6082021314527034e-6	-6.976324009139676e-6	-8.154334479648423e-6	-1.1379536128704852e-5	-1.6891969292041485e-5	-2.5153143589444457e-5	-3.489166175359463e-5	-4.5357159526052076e-5	-5.655660683566909e-5	-6.85647801115265e-5	-8.360999262049415e-5	-9.711606110767398e-5	-0.00011063150813473645	-0.00012415106737529834	-0.00013795503253481462	-0.00014945829421623112	-0.00016058620914147573	-0.00016947206753171668	-0.0001767823670057681	-0.00018244246229861744	-0.0001852485458867653	-0.0001874294453148295	-0.00018587772447533482	-0.00022741509965321438	-0.0003033528696142797	-0.00035601776653690695	-0.00039766596065344753	-0.0004286377356787357	-0.00044640324378631893	-0.000451258354489982	-0.0004521487735327338	-0.0004431604373614575	-0.00043098657928099243	-0.0004111020313773451	-0.00039081757268345085	-0.0003687279129596654	-0.00034463491129909507	-0.000322081987165837	-0.0002939943259542069	-0.00026676456208948873	-0.00023950702460803078	-0.0002136822576303751	-0.00018674872791831634	-0.00016048013692666202	-0.0001326395305005154	-0.00010804806884270878	-8.216783347475554e-5	-5.6587000016317106e-5	-0.00019418727611152095	-0.0002269464081938732
-4.147898376903819e-5	-4.380735171860029e-5	-4.546755557504385e-5	-4.5985885259637196e-5	-4.437859872744335e-5	-3.818262720161215e-5	-2.6571785325849676e-5	-2.8620323469573206e-5	-3.046767833210788e-5	-3.2365583915613906e-5	-3.382378805478429e-5	-3.4824108652081395e-5	-3.546591555321759e-5	-3.569009044736022e-5	-3.534551503274496e-5	-3.4381192453436646e-5	-3.3081013922043006e-5	-3.128743402020255e-5	-2.9249787399486935e-5	-2.6895610318244323e-5	-2.4321035978852543e-5	-2.1519253971971985e-5	-1.8902298801205515e-5	-1.620773444518638e-5	-1.3696708335583328e-5	-1.1286577128086747e-5	-9.161671659610216e-6	-7.272564756374079e-6	-5.686844556308296e-6	-4.3616746977849e-6	-3.1832582390482274e-6	-2.481771324634296e-6	-2.308797690638904e-6	-2.1288971651964674e-6	-1.9362555262004218e-6	-1.749256329250468e-6	-1.5523762187015248e-6	-1.4178919650325724e-6	-1.3466487024818106e-6	-1.2602872272597155e-6	-1.3045358464124207e-6	-1.4020613735968625e-6	-1.596331099025397e-6	-1.7464641279997114e-6	-2.0420356083291702e-6	-2.5026267523435303e-6	-2.944201450021978e-6	-3.356849499568494e-6	-3.923785242508355e-6	-4.346308200359672e-6	-4.5971551343909666e-6	-5.1037505310587514e-6	-5.496582744214878e-6	-5.597789419836879e-6	-5.752220255699673e-6	-5.832499155140283e-6	-5.919441234517085e-6	-6.180220070650882e-6	-5.8661014508908606e-6	-5.920102211595277e-6	-5.405523445035139e-6	-5.6094882065787395e-6	-5.520560460389755e-6	-6.2594205494270914e-6	-6.030433638410628e-6	-6.240021019904696e-6	-5.809762623448072e-6	-5.547856563660772e-6	-6.022465709928903e-6	-6.3918810997611445e-6	-6.53093975553937e-6	-7.2385703662770085e-6	-7.5674555790689255e-6	-7.94290735445138e-6	-7.88043149785062e-6	-8.085367518871145e-6	-8.246841144852123e-6	-8.47035664739283e-6	-9.120553901150689e-6	-1.006511000033964e-5	-1.3491362318090266e-5	-1.9562704426417574e-5	-2.930833907848157e-5	-4.078860646659324e-5	-5.267278263876881e-5	-6.606924588046896e-5	-8.121478129493719e-5	-9.429022430190984e-5	-0.00010716847806993252	-0.0001225610831654669	-0.0001360517589863927	-0.0001477385873171035	-0.00016130278744641569	-0.00017164154320666988	-0.00017882292303829023	-0.00018712388164584395	-0.00019275404198660671	-0.0001944368475145612	-0.00019593080589496052	-0.00019336201867101163	-0.00019659375974476372	-0.00030069466227405396	-0.00036571835622823534	-0.0004052689843219922	-0.00043379591114969107	-0.000450079014151488	-0.00046155188779001955	-0.00046155213079225246	-0.0004531476283401933	-0.0004375098152688272	-0.000417057013425183	-0.0003971753920325657	-0.0003737959048733842	-0.00034874683251927963	-0.0003183005285994217	-0.0002931892248512341	-0.00026375270795533923	-0.0002353204289198482	-0.0002079169319135418	-0.0001816294202061988	-0.00015416638263297117	-0.0001245195705877264	-9.913491618319252e-5	-7.166615731846876e-5	-0.00012137720793725658	-0.0002011418782617638	-0.00023138670892514088	-0.0002465145121886836
-4.035416517681996e-5	-4.393566369688449e-5	-4.673918700123314e-5	-4.890177954822117e-5	-4.950912407635215e-5	-4.83072264454527e-5	-4.3268890325478e-5	-2.8205640850953144e-5	-3.0647047187759525e-5	-3.30391482706758e-5	-3.530182909436039e-5	-3.7215541163760886e-5	-3.895966452214009e-5	-3.977545860969658e-5	-4.03834503543473e-5	-4.0568636727826004e-5	-4.025580768116923e-5	-3.904891860843961e-5	-3.7731889820910905e-5	-3.569774621540176e-5	-3.335619859411664e-5	-3.064648053559271e-5	-2.7627115355756965e-5	-2.4635682520536677e-5	-2.1614102597385703e-5	-1.8611166684080087e-5	-1.5720685148622182e-5	-1.3039643034604303e-5	-1.0676096002223738e-5	-8.557853281950705e-6	-6.805758467536362e-6	-5.145648722890692e-6	-4.198062722644315e-6	-3.816659572648741e-6	-3.5485664753864828e-6	-3.263745266003626e-6	-3.079969138346412e-6	-2.936634578088251e-6	-2.7002915393070297e-6	-2.596114348954567e-6	-2.5465268406471434e-6	-2.7608419378915635e-6	-3.1320997116284764e-6	-3.4138389201431676e-6	-3.967553275326173e-6	-4.539077668147106e-6	-5.19756316944822e-6	-5.6490424070156555e-6	-6.244970807026215e-6	-6.753759790328493e-6	-6.969881097919133e-6	-7.519840830485634e-6	-7.703724942307536e-6	-7.966520093616054e-6	-8.58831187590392e-6	-8.825505921233358e-6	-8.997073889399111e-6	-9.130481820504273e-6	-9.322246749906725e-6	-9.06558670092563e-6	-8.586402312630356e-6	-8.733631318960568e-6	-8.247176197712959e-6	-9.064688955099385e-6	-8.913451883730454e-6	-8.78991945317553e-6	-8.787375038707998e-6	-8.577120092929913e-6	-9.010451437844189e-6	-9.407512898364418e-6	-9.58620809380533e-6	-1.0242376205458754e-5	-1.0258782917873187e-5	-1.0780449366789493e-5	-1.0514033818448679e-5	-1.1153470876236079e-5	-1.1666476680251496e-5	-1.2896423530050093e-5	-1.4611570472707143e-5	-1.889803047055538e-5	-2.5306085937019546e-5	-3.567490835349688e-5	-4.889773163807499e-5	-6.272188788177457e-5	-7.551632942560081e-5	-8.927658551663441e-5	-0.00010274301853632586	-0.00011772988423985191	-0.00012863450243676654	-0.00014159168464978646	-0.0001541151431434318	-0.0001654860955408767	-0.00017911716120727614	-0.0001862702130668754	-0.00019336847009677677	-0.00019743678295459745	-0.00020275002559559487	-0.00020292636420510786	-0.00020299973869301703	-0.0001979711755964973	-0.0002964897351936946	-0.0003625363203326077	-0.00041246891647637654	-0.00044292878324499527	-0.00046009439184967535	-0.0004699557340287138	-0.00046797416376059825	-0.00045596774181887173	-0.00044197799836231255	-0.00042229382688201833	-0.00039852855343060206	-0.00037222166898200065	-0.00034648052005606384	-0.000318539654180737	-0.00028717738770767803	-0.0002606904196201035	-0.00023180788085493811	-0.00020148501330904953	-0.00017465194865427106	-0.00014723202264570884	-0.00011625896421778302	-8.984908717642874e-5	-6.099029033548863e-5	-0.00014615955663647984	-0.00021056546228859216	-0.0002315331065544032	-0.00024352626924566131	-0.0002526799700247953
-3.8001982406699573e-5	-4.195710429208323e-5	-4.569373896455303e-5	-4.8999067123352534e-5	-5.1423389599790884e-5	-5.2419939081723564e-5	-5.119956971951812e-5	-4.6973915137141473e-5	-2.9456887250874517e-5	-3.231377902345074e-5	-3.5522810521148316e-5	-3.825053877288967e-5	-4.07984609353154e-5	-4.2900056400216534e-5	-4.493261878020515e-5	-4.615862783210783e-5	-4.666425307552372e-5	-4.706701570644181e-5	-4.6518776093148024e-5	-4.573065397295663e-5	-4.3958553110908605e-5	-4.1864490388950866e-5	-3.904293399710067e-5	-3.60351685895822e-5	-3.259321949669375e-5	-2.906893810812041e-5	-2.5615273726933035e-5	-2.2040983663925672e-5	-1.8714210917890653e-5	-1.580764839060895e-5	-1.2943239868426621e-5	-1.0515105856889228e-5	-7.97014609360189e-6	-6.890716516060415e-6	-6.368373682197791e-6	-5.9871699262991005e-6	-5.668170703713439e-6	-5.330500771618079e-6	-4.978769983161641e-6	-4.8277571170092775e-6	-4.928811541847142e-6	-5.201666162146962e-6	-5.768379891991524e-6	-6.279593620268919e-6	-6.867564097967366e-6	-7.633669155913134e-6	-8.375081617123135e-6	-8.980184338389183e-6	-9.614185637792918e-6	-1.0279503981423625e-5	-1.0581936912281655e-5	-1.0886636855672245e-5	-1.128562930363978e-5	-1.1779825398005974e-5	-1.2536871318640992e-5	-1.3417307267668282e-5	-1.3577791719594907e-5	-1.3768022449390809e-5	-1.362520885505279e-5	-1.2903431178634768e-5	-1.281740415572715e-5	-1.1757442994864791e-5	-1.203428064529754e-5	-1.1944639119351685e-5	-1.3119802383306518e-5	-1.2787956648062412e-5	-1.3519438144665977e-5	-1.3573060135953304e-5	-1.4011143714833623e-5	-1.4471732954379105e-5	-1.4381174742950302e-5	-1.4801121222748901e-5	-1.5091313537845812e-5	-1.5688333550550708e-5	-1.6467141010357406e-5	-1.7459060594276175e-5	-2.0511408682779642e-5	-2.2593356336877325e-5	-2.8105928160862674e-5	-3.41890167110219e-5	-4.451816799721326e-5	-5.783425289102852e-5	-7.434125066707381e-5	-8.260437375350732e-5	-9.740629806377891e-5	-0.0001097226881997381	-0.00011906325821098294	-0.000132712309316909	-0.00014193567877008456	-0.0001556844111635404	-0.0001672716954152168	-0.000176134086092225	-0.00018842276682602858	-0.00019355520204720857	-0.00020364287591292937	-0.00020860649055593272	-0.00020751636290415595	-0.00020965143906950115	-0.00020532892621404061	-0.00027777264042508007	-0.00036134057726207655	-0.0004119029959888213	-0.00044447527763370737	-0.0004591213602117734	-0.00046872019511144317	-0.00046629918155904887	-0.0004589446676102511	-0.0004422569114311686	-0.00042250838203517627	-0.0003996380666280649	-0.0003737264341746593	-0.0003450964358242894	-0.0003166311679427686	-0.00028513322178607553	-0.00025667686897375835	-0.0002255117979724566	-0.0001944888358652516	-0.0001671318315080855	-0.00013794483389763246	-0.00010747885444053333	-7.917059046107927e-5	-4.896436429056849e-5	-0.00016267941223713916	-0.00021769262377978324	-0.00023314326662825233	-0.0002422387785803656	-0.00024919380276714614	-0.00025066399236221143
-3.4350812987268484e-5	-3.833438093326334e-5	-4.265503036502901e-5	-4.6621381038223265e-5	-5.02177493978597e-5	-5.252650395393869e-5	-5.37673733647429e-5	-5.3108317263762625e-5	-4.968650174863543e-5	-3.971217602943009e-5	-3.3084488176415155e-5	-3.662767233882525e-5	-4.01266930951218e-5	-4.381074462087887e-5	-4.6825315298110435e-5	-4.920554857665293e-5	-5.167883077717002e-5	-5.348576365740145e-5	-5.451944311182484e-5	-5.5021440098420306e-5	-5.475346004973273e-5	-5.356718744655352e-5	-5.170363427016975e-5	-4.920803411555436e-5	-4.607261353908897e-5	-4.2283777817824196e-5	-3.853133607331313e-5	-3.4342769077220885e-5	-3.0362322190816265e-5	-2.6240372650091194e-5	-2.2719390495166185e-5	-1.932847919497644e-5	-1.5803137580345226e-5	-1.1546458011040633e-5	-1.1071511895753733e-5	-1.0267700099238241e-5	-9.55904584850622e-6	-9.273046118138135e-6	-9.062466609663453e-6	-8.903304309760109e-6	-8.89368655151014e-6	-9.023950563977505e-6	-9.304717546042458e-6	-1.0344903828284372e-5	-1.1207290514191318e-5	-1.2128851613649962e-5	-1.2933789476433139e-5	-1.3611449292715622e-5	-1.432406240603652e-5	-1.4804995306148901e-5	-1.5330359772163914e-5	-1.5626056083296348e-5	-1.5936308455049945e-5	-1.6907891066235154e-5	-1.7987796434380376e-5	-1.8411918129988998e-5	-1.8930616601207928e-5	-1.916036217761239e-5	-1.7943697988239988e-5	-1.8079187376774525e-5	-1.6788266652236535e-5	-1.7016199034677534e-5	-1.7630631398985862e-5	-1.7149041263648038e-5	-1.8108559943707473e-5	-1.858826753408987e-5	-1.9728661179084462e-5	-2.023902548442644e-5	-2.0790876916680457e-5	-2.1650939940491333e-5	-2.1863673324324248e-5	-2.2385573557044503e-5	-2.423051792034298e-5	-2.4958818640178267e-5	-2.7409839502956888e-5	-3.123249753779673e-5	-3.497451566233283e-5	-4.1589765779773216e-5	-4.589835016368488e-5	-5.3839644500758715e-5	-6.616387757227456e-5	-7.835938271947424e-5	-8.754614896520559e-5	-9.830945938500874e-5	-0.00011008920049442732	-0.00012291806277789537	-0.0001316311544138915	-0.0001460412798830711	-0.00015558343874301148	-0.00016391746816770032	-0.00017640971322618879	-0.00018525906196479103	-0.00019718512420758766	-0.0002026494075844931	-0.00020943856131805033	-0.00021361242948103595	-0.00021429410908529314	-0.0002102424589782957	-0.0002588628551856813	-0.0003513143650448434	-0.0004053895474951524	-0.0004433282877630041	-0.00046301022179695903	-0.00047447941875413535	-0.00047097287773304597	-0.00046047654285539386	-0.00044326455477059623	-0.0004202196233777516	-0.00039742100678072373	-0.00036921042291179757	-0.0003395301845883144	-0.0003096248629881615	-0.00028040190386616204	-0.0002476273286682734	-0.00021836971781600403	-0.00018662466233845818	-0.00015848077795834609	-0.00012764594294750742	-9.886558212726658e-5	-6.665845935123482e-5	-3.803887415557844e-5	-0.00017595995047310628	-0.0002246888175082978	-0.00023946897513994062	-0.0002472284415600337	-0.0002480834197576484	-0.0002499031414963937	-0.00024921071554041135
-2.9714076522652923e-5	-3.356164991101876e-5	-3.780935123093212e-5	-4.219750205589891e-5	-4.639347677998662e-5	-4.973844078032425e-5	-5.203409321257942e-5	-5.322557995745841e-5	-5.3214237680785415e-5	-5.0382215132998506e-5	-4.304587089608378e-5	-3.238762723723615e-5	-3.6539895425808516e-5	-4.1011255082581445e-5	-4.5038985055042585e-5	-4.916657201135083e-5	-5.281723076071666e-5	-5.6517169628100474e-5	-5.887791830011491e-5	-6.09859773616282e-5	-6.262518448968152e-5	-6.331016579584105e-5	-6.273335847648519e-5	-6.149429637988054e-5	-5.874748383073724e-5	-5.567859313795192e-5	-5.200745548396257e-5	-4.81107362607612e-5	-4.361116799246199e-5	-3.9464627931280446e-5	-3.523325919010272e-5	-3.0902738325239024e-5	-2.6849854658410676e-5	-2.2489941111953224e-5	-1.710733702931671e-5	-1.632249436319907e-5	-1.5776909998972775e-5	-1.5291720046792766e-5	-1.4666236967426784e-5	-1.4386616065662805e-5	-1.4313615226348336e-5	-1.4339359255923551e-5	-1.5357986605547824e-5	-1.5718444437479075e-5	-1.680002491966483e-5	-1.7945448522094145e-5	-1.8678641940724373e-5	-1.9260990296188912e-5	-1.9461007279416784e-5	-2.0108145218898123e-5	-2.0501041539573456e-5	-2.1018073968813528e-5	-2.1410777412632882e-5	-2.228939475888312e-5	-2.3052509903688682e-5	-2.3602175682618794e-5	-2.341940236302766e-5	-2.2905941103297866e-5	-2.2698485933447372e-5	-2.2390803465076756e-5	-2.1485473862829955e-5	-2.242587680633496e-5	-2.1892553273158106e-5	-2.283896635859152e-5	-2.4129785832199126e-5	-2.5502014921725907e-5	-2.7279580824086585e-5	-2.8676677230206855e-5	-3.0419282313876545e-5	-3.0933750140127014e-5	-3.253873088194235e-5	-3.414402640966119e-5	-3.6351987502266595e-5	-4.182837051443059e-5	-4.6671305366132846e-5	-4.9517839346068994e-5	-5.460033785639533e-5	-5.67255099229863e-5	-6.141618413108788e-5	-7.265884434642499e-5	-8.209560196903963e-5	-9.42925262447259e-5	-0.00010054688231639872	-0.00011191498195837686	-0.0001185734618835716	-0.00013607342182826894	-0.0001426910800021025	-0.00015663619948617577	-0.0001652388348111905	-0.00017704169978996484	-0.00018457797885604307	-0.00019532946555784328	-0.00020415123428568768	-0.00021088683208568546	-0.0002162709093192147	-0.00021943724286656652	-0.0002194744779253528	-0.0002103397274606268	-0.0003432008978333962	-0.00039856555992872836	-0.0004443983961854511	-0.0004619440195380991	-0.00047208423272979133	-0.00047135117603718657	-0.00046178528485905224	-0.0004456778657496024	-0.00042308611451508793	-0.00039388110271206667	-0.0003663595815172476	-0.00033642061773083565	-0.00030514756121230446	-0.0002746779776720276	-0.00024149901607563998	-0.0002115315699945802	-0.0001787940575540686	-0.00014939345572249907	-0.00011681088141028694	-8.74145604859433e-5	-5.542743453882531e-5	-2.5634101395374805e-5	-0.00018204883260597435	-0.00022782074508148617	-0.0002389127326312898	-0.0002439966369140872	-0.00024727113418897967	-0.00024795885975991555	-0.00024389945978663116	-0.0002388575033292553
-2.364963573012104e-5	-2.7766501885283578e-5	-3.184909709282122e-5	-3.5940759770440936e-5	-4.0108179253403424e-5	-4.388974114699628e-5	-4.701090523264415e-5	-4.956993114048867e-5	-5.1042963542110517e-5	-5.033945322082322e-5	-4.83278803003269e-5	-4.3146762242684746e-5	-2.9930229906364837e-5	-3.4799816786632975e-5	-3.963014904982036e-5	-4.4619699722406394e-5	-4.948832169391183e-5	-5.405721406934833e-5	-5.874050140205035e-5	-6.235822853635324e-5	-6.60701634245045e-5	-6.800891896353595e-5	-6.964206133568693e-5	-6.965464361031884e-5	-6.862714854537601e-5	-6.708064865298263e-5	-6.417604545385421e-5	-6.082784629452258e-5	-5.6455324547448765e-5	-5.198703897788458e-5	-4.784358555084142e-5	-4.3479758817877364e-5	-3.871811489448247e-5	-3.388711075120879e-5	-2.9520935518432143e-5	-2.3670872896606063e-5	-2.2883813687566992e-5	-2.2059963358518443e-5	-2.181025411001399e-5	-2.1824279521434356e-5	-2.1829834542395808e-5	-2.221982667305333e-5	-2.186528013091741e-5	-2.2465597099090812e-5	-2.2967253066833584e-5	-2.394641781687436e-5	-2.539851643346309e-5	-2.570146253753815e-5	-2.583566478429281e-5	-2.5582225660764065e-5	-2.6139508827317626e-5	-2.6594812403734135e-5	-2.707013036851776e-5	-2.7988680310572254e-5	-2.8165391083322975e-5	-2.8008251111173024e-5	-2.7203142353732914e-5	-2.69667487640254e-5	-2.6812521381749593e-5	-2.5966080452249556e-5	-2.6664699414409226e-5	-2.739680283309585e-5	-2.729099098130235e-5	-2.8215327374048277e-5	-2.997875121161109e-5	-3.130191928276066e-5	-3.427038541321684e-5	-3.6700493388959216e-5	-4.073088628934974e-5	-4.269122695057993e-5	-4.620942410725296e-5	-4.9384726174975587e-5	-5.41635613489637e-5	-5.897064768466998e-5	-6.485469827464344e-5	-6.687048107086035e-5	-6.855661349757566e-5	-6.93733570209746e-5	-7.513060307348315e-5	-8.323040500616932e-5	-9.553965338586662e-5	-0.00010575453054505883	-0.00011172721335345885	-0.00012072408790415704	-0.0001321439614091098	-0.0001452936475992983	-0.0001543121573338753	-0.00016235904712683102	-0.00017278509394742442	-0.00017951611869107886	-0.00018978408475832373	-0.0001986368383579545	-0.0002104032835979763	-0.00021890916223829546	-0.00022535184478027212	-0.0002225969875980539	-0.00021789447629018408	-0.0003287311474029983	-0.0003952150209093202	-0.00043759013212008724	-0.0004647712817471699	-0.00047451120467785485	-0.0004740962220028954	-0.00046220983162831986	-0.0004435132197047261	-0.0004204360951184579	-0.0003935125917611456	-0.00036520973584718003	-0.0003324862166403236	-0.0003015066824246099	-0.00026804208351580844	-0.00023546805284681974	-0.0002043237171686987	-0.00017030801638742707	-0.00013981711634823701	-0.00010625863875856482	-7.582231285972046e-5	-4.542325361331367e-5	-1.3879994376075898e-5	-0.0001946804762320217	-0.00023080318845361544	-0.00024163085917978247	-0.000241823495884981	-0.00024403825934875276	-0.00024336970941112032	-0.0002396409134715685	-0.00021512845691049745	-0.00020337185128223992
-1.7347253814621252e-5	-2.0982607939015217e-5	-2.4706346631086017e-5	-2.8368905876231632e-5	-3.2444847061275685e-5	-3.642916015773965e-5	-3.9900648003731234e-5	-4.2726210183795584e-5	-4.469691166394517e-5	-4.604546946095251e-5	-4.607861822680282e-5	-4.4961192264387176e-5	-4.094961120410315e-5	-2.5512681838023642e-5	-3.064558961956253e-5	-3.6146574310656245e-5	-4.141823195991014e-5	-4.7251245822413524e-5	-5.295203090295661e-5	-5.80958334824716e-5	-6.281183589744443e-5	-6.696296698290981e-5	-6.924123268969634e-5	-7.072327393316778e-5	-7.144391200874806e-5	-7.12139203455555e-5	-6.960455721044751e-5	-6.79194717367838e-5	-6.456381034458062e-5	-6.0950619765599665e-5	-5.717539582652782e-5	-5.246181763611306e-5	-4.845615227290619e-5	-4.39283859721834e-5	-3.9755510637521675e-5	-3.474269811187987e-5	-2.9675471026899613e-5	-2.9660515290055343e-5	-2.9156057388822657e-5	-2.9515992314111877e-5	-2.9244210495598697e-5	-2.9279295117980508e-5	-2.9661526408869887e-5	-2.9401794066357016e-5	-2.9502400774651137e-5	-2.9973280205475985e-5	-3.052694065141647e-5	-3.127459975564052e-5	-3.1459456028182405e-5	-3.098732557983881e-5	-3.1037212139565715e-5	-3.125250560187705e-5	-3.190749251456588e-5	-3.230708873981549e-5	-3.214615159079139e-5	-3.212720728828448e-5	-3.1375019542059096e-5	-3.0221894932913777e-5	-2.955046851747106e-5	-2.975667750127874e-5	-3.015290863945651e-5	-3.0676674503578305e-5	-3.09327604193976e-5	-3.2298002298905906e-5	-3.4604586595298956e-5	-3.6903807969028944e-5	-4.210620182056902e-5	-4.6216703034063216e-5	-5.125263157130556e-5	-5.555740401421999e-5	-6.0137088399845634e-5	-6.38505563037902e-5	-7.060192277000017e-5	-7.480950137790307e-5	-7.63792519628461e-5	-7.77601371910585e-5	-8.005974432663196e-5	-8.264207239545851e-5	-8.741207045302386e-5	-9.485203881554916e-5	-0.00010827530173449991	-0.00011506005451796668	-0.00012836066996639584	-0.00013409655166872828	-0.00013960364220969718	-0.00015348717342673207	-0.00016117013358673063	-0.00016872799509567296	-0.00017565609730652018	-0.00018099792307296744	-0.00019354822532006985	-0.00020584460884952302	-0.00021849240695783614	-0.00022807889496316566	-0.00023103062418879103	-0.00022630424938510638	-0.0003141571731707024	-0.0003913219683189528	-0.0004395435394344629	-0.0004660548329638719	-0.00047676117810591107	-0.0004792907767068102	-0.0004665652727012248	-0.0004473634253191263	-0.0004210004760822963	-0.000392853428065297	-0.0003620889564093579	-0.00033040130366888965	-0.00029791960346175345	-0.00026397766847863907	-0.00022897272723698678	-0.0001958657829675969	-0.00016070457753165207	-0.00013081970606614035	-9.683322785107583e-5	-6.473136809556634e-5	-3.270247063598408e-5	-7.814731607051068e-5	-0.00019581839311947483	-0.00023041853459970782	-0.00024193308350607676	-0.0002428091244776123	-0.0002393204295110182	-0.00023372485624412878	-0.00021134785599136866	-0.0002016530902546401	-0.00019102545554487008	-0.00018127160458444866
-1.0896072661758375e-5	-1.3846548793617837e-5	-1.7060017144083194e-5	-2.0619252757026613e-5	-2.415969073020149e-5	-2.7507887219685268e-5	-3.09357349226368e-5	-3.405832975399755e-5	-3.628949801521165e-5	-3.806021162025119e-5	-3.89367264342147e-5	-3.918387692764501e-5	-3.823038197321195e-5	-3.5052080815255356e-5	-2.714574195582155e-5	-2.404985948887758e-5	-2.992760964450145e-5	-3.611664904049506e-5	-4.222568313072289e-5	-4.8035765461335894e-5	-5.392740658595549e-5	-5.82991274640553e-5	-6.230664062489323e-5	-6.483643934511885e-5	-6.652817543281557e-5	-6.730168702613441e-5	-6.709990279336539e-5	-6.607357875350502e-5	-6.409771567954681e-5	-6.12296185731635e-5	-5.8178623697042666e-5	-5.4930939197240715e-5	-5.097818861650709e-5	-4.779127732662882e-5	-4.4873770939867455e-5	-4.246146657752632e-5	-3.7478383794315416e-5	-3.436948748335427e-5	-3.435394973594179e-5	-3.4974973009979995e-5	-3.496598992877402e-5	-3.5656778850606634e-5	-3.52370001992057e-5	-3.478704714424737e-5	-3.4214256980965446e-5	-3.383571921993303e-5	-3.3992194264443124e-5	-3.4751458736484095e-5	-3.541732534963378e-5	-3.517839198110065e-5	-3.5468935156556664e-5	-3.528082428527583e-5	-3.547132859519405e-5	-3.544668050563509e-5	-3.5449636534069275e-5	-3.525863221179315e-5	-3.454740776765407e-5	-3.313834011885175e-5	-3.2830883690371064e-5	-3.2637159180738326e-5	-3.2842095354563595e-5	-3.279789992382837e-5	-3.379469855542029e-5	-3.587205170223467e-5	-3.933967279538819e-5	-4.4055470884330095e-5	-5.079741965876172e-5	-5.6000639086888064e-5	-6.199306490243042e-5	-6.666477759360509e-5	-7.113569262177759e-5	-7.44782024302091e-5	-7.997853352357566e-5	-7.93827566560653e-5	-8.239592630692079e-5	-8.512156664209832e-5	-9.039728665052522e-5	-9.330663804530541e-5	-9.910392401472552e-5	-0.00010971284202312968	-0.00012190212027741314	-0.0001260476360223292	-0.00012936323329822835	-0.00013684571001327736	-0.00014378817891121803	-0.00015682344226388215	-0.00016320502201202722	-0.0001666081965966126	-0.00017250538011936986	-0.000185502691419509	-0.00020087803824855863	-0.00021953567542424415	-0.0002320515247837551	-0.00023768047278591162	-0.00023677633623295916	-0.00029295316910163405	-0.00038753367400962824	-0.00044023341489157064	-0.0004686611585792699	-0.00048507285187269345	-0.0004821591704021188	-0.00047064762323956866	-0.0004523402049629032	-0.0004269869394906214	-0.0003972963188037664	-0.00036392136006091475	-0.00032809289703464306	-0.0002957688991726132	-0.0002585111195854001	-0.00022290432403516966	-0.0001887977973827684	-0.00015330793704838863	-0.00012060267895030312	-8.854342374315509e-5	-5.3603267506120704e-5	-2.112741871642537e-5	-0.00010495320556646452	-0.00019928067002562136	-0.00023111676758589408	-0.00024310050957942334	-0.0002406850525956891	-0.0002352862146651549	-0.000201935946349957	-0.00018777940608699637	-0.00017833548227562388	-0.0001717065103382792	-0.00016673666093647285	-0.0001662352566581329
-4.55581247369146e-6	-6.905680389503176e-6	-9.547074936167022e-6	-1.2604066068296926e-5	-1.5557908951478565e-5	-1.8747431233291645e-5	-2.195936143968742e-5	-2.4957848613303687e-5	-2.7401269144314285e-5	-2.9204412466902332e-5	-2.9993022174494736e-5	-3.055823868957936e-5	-3.0225261123161328e-5	-2.8864264450811913e-5	-2.6707891575953633e-5	-2.1673742488237387e-5	-1.646844360371231e-5	-2.1958333767816207e-5	-2.8421240119941117e-5	-3.430240032450092e-5	-4.050095062384414e-5	-4.499163106690736e-5	-4.898922808486017e-5	-5.193831090850777e-5	-5.3932449012392823e-5	-5.5092223239460406e-5	-5.550932792846435e-5	-5.453146689358891e-5	-5.333208660395112e-5	-5.1834433053839044e-5	-4.97995190495027e-5	-4.73930539642486e-5	-4.508419174282813e-5	-4.3135712089379344e-5	-4.210086590060359e-5	-4.0808337378782714e-5	-3.9419997068012094e-5	-3.476433513348136e-5	-3.4861642609143595e-5	-3.554451359437903e-5	-3.5941608033957656e-5	-3.607051802427888e-5	-3.537486827445181e-5	-3.483574796355783e-5	-3.478883538123208e-5	-3.5001123960959335e-5	-3.5456280478903673e-5	-3.5737466723981606e-5	-3.5841617087445377e-5	-3.6104133593374554e-5	-3.6467820093994546e-5	-3.682424190337881e-5	-3.686669359007598e-5	-3.698540478871623e-5	-3.700140531969452e-5	-3.723307884879665e-5	-3.714210014310777e-5	-3.645790653964212e-5	-3.55153128856877e-5	-3.534881398009615e-5	-3.4969141056678636e-5	-3.488681748543311e-5	-3.724810570388242e-5	-4.087220922767334e-5	-4.5431291847562894e-5	-5.0956159769661474e-5	-5.8934745218773906e-5	-6.490824394351884e-5	-7.004252017793478e-5	-7.481977988554878e-5	-7.490952085519552e-5	-7.801338804559049e-5	-8.136420369918296e-5	-8.65901821978706e-5	-9.061078894579548e-5	-9.339883064000963e-5	-9.622548702943252e-5	-0.0001040677562137368	-0.00010983380025787747	-0.00012258162039677917	-0.0001239100842114274	-0.0001237760205744995	-0.00012812551506953887	-0.00014028099361382967	-0.0001550582407264245	-0.00015608063095012142	-0.00015778413324160634	-0.00016266719009110087	-0.00017430795123257734	-0.00019447566638672306	-0.00021850153283931026	-0.00023888384768563917	-0.00024613570292174314	-0.00024607878855269216	-0.00024210045350848278	-0.0003829574925402756	-0.00044106396861632447	-0.00047455525602896337	-0.0004900228152068808	-0.0004908964978435348	-0.00047976497882969144	-0.00045782769905917947	-0.0004317069414189883	-0.00039903632923984905	-0.0003666178484710777	-0.0003322146456801594	-0.0002962243375505963	-0.00025650261010253667	-0.00022132607107715888	-0.00018325659134708208	-0.00014646668021218306	-0.00011394450751857353	-8.025292082356611e-5	-4.4897081950649724e-5	-1.141327191176572e-5	-0.0001166981525085528	-0.00019901944853413509	-0.00023310821526106165	-0.00024144836809156936	-0.0002403118927810088	-0.00019957682052124112	-0.00017143354667705638	-0.00016104625634363184	-0.00015496012383420937	-0.00015223623572695189	-0.000152602717029722	-0.00015308957200879658	-0.00015120980576596027
1.297699274427355e-6	-6.197867062239168e-7	-3.1833703343720275e-6	-5.353723928481872e-6	-8.32733068427665e-6	-1.1230585753897735e-5	-1.4130006477483697e-5	-1.678887678565385e-5	-1.9287882621903292e-5	-2.0759068541844474e-5	-2.170639035810502e-5	-2.1607246742695593e-5	-2.174588969181337e-5	-2.111842192006191e-5	-1.898283705789941e-5	-1.65546533431463e-5	-1.2184130009714083e-5	-7.210394759558924e-6	-1.3094308379561421e-5	-1.9195243110932056e-5	-2.459961553577007e-5	-2.9978304249265484e-5	-3.235156829386153e-5	-3.507522451195837e-5	-3.650114154072487e-5	-3.715875182693732e-5	-3.738057258206081e-5	-3.657923501316877e-5	-3.584268736033045e-5	-3.482955319284147e-5	-3.4871963289543305e-5	-3.357690098724532e-5	-3.3021872839237784e-5	-3.165149707541788e-5	-3.13679362757939e-5	-3.145393800562009e-5	-3.1019046370112796e-5	-3.103935097229643e-5	-2.8827778228782127e-5	-2.8381739666794022e-5	-2.9185138209148264e-5	-2.940893165928257e-5	-3.061556839750908e-5	-3.0154481445469544e-5	-3.0325139681276408e-5	-2.99510266468881e-5	-2.979310934785907e-5	-3.0272719850647428e-5	-3.084874201247402e-5	-3.244072386480827e-5	-3.366071899294984e-5	-3.515848400175575e-5	-3.6279805011975655e-5	-3.678079959199866e-5	-3.7058973457234495e-5	-3.7809881262137676e-5	-3.8250631508767244e-5	-3.8158816395312406e-5	-3.7447632890647356e-5	-3.735282773191517e-5	-3.757588263979261e-5	-3.8582256812157156e-5	-4.249796171982948e-5	-4.727473553139786e-5	-5.352826375508087e-5	-6.184739397051622e-5	-6.649431058937741e-5	-7.08913571454469e-5	-7.554541462339269e-5	-7.697549569323295e-5	-7.873975317791194e-5	-8.647170880813486e-5	-8.916347965948894e-5	-9.449644487041774e-5	-9.92913551400333e-5	-0.00010071630934848154	-0.00010563959819756551	-0.00011415279900809856	-0.00012558378482095678	-0.00012160488894064762	-0.00011824933768712213	-0.00012069943143913629	-0.00013378884723171114	-0.0001469308040036657	-0.00015139548813821596	-0.00015078459485780987	-0.0001506380586675099	-0.0001638751211119338	-0.0001891261793441484	-0.00021580485755606085	-0.0002405174320775291	-0.0002538499067200606	-0.00025800904967197835	-0.0002516674674647029	-0.0003772254489895279	-0.00044122563734160647	-0.0004819136056139969	-0.0005004358523278199	-0.0005025652649029086	-0.0004895864779341438	-0.0004690729298473944	-0.00044070958020100964	-0.0004099606559608559	-0.0003743610318008433	-0.0003377238230392598	-0.00030077442958117984	-0.0002595741799022583	-0.0002223881288322682	-0.0001807453573095252	-0.00014333351285381046	-0.0001081146427592272	-7.124983623929548e-5	-3.519919728953158e-5	-3.6730102466464576e-8	-0.000125747410466108	-0.00019867185797970557	-0.00023702197880174494	-0.0002446964330595977	-0.00019090396741715252	-0.00015927050409873106	-0.00014855879020437418	-0.00014184244577497562	-0.00013771765058640667	-0.00013519084636481882	-0.00013553485608136517	-0.0001363447688518954	-0.00013805497877696082	-0.0001400254272341389
2.3611934944160057e-6	1.599639371701114e-6	1.1687991882929766e-6	1.8073948641981333e-7	-2.4601723680158297e-6	-5.295643543362475e-6	-8.215963437471947e-6	-1.0533975146158335e-5	-1.2741184062664555e-5	-1.4147028936772192e-5	-1.4325398487347213e-5	-1.4421293567418341e-5	-1.3562466454801815e-5	-1.3281120506743875e-5	-1.2255597255897593e-5	-9.833391276269955e-6	-6.888349995113652e-6	-3.1819119875823444e-6	5.592393220602357e-7	-4.78682838267637e-6	-9.808186242897012e-6	-1.4137620829341063e-5	-1.7250867187100678e-5	-1.7798812689548763e-5	-1.9000187669948945e-5	-1.8338626510362374e-5	-1.7780026512507693e-5	-1.8026741286768927e-5	-1.6906964494861274e-5	-1.781660054949244e-5	-1.716433383771275e-5	-1.6410609546615995e-5	-1.6759119683381132e-5	-1.6515545170608242e-5	-1.5517550504100253e-5	-1.6148310076277705e-5	-1.5691258568092253e-5	-1.4549196672734506e-5	-1.3151159431205524e-5	-1.7427793995265783e-5	-1.703781887167459e-5	-1.7489647929783483e-5	-1.6971268254660846e-5	-1.753324442013357e-5	-1.65009784156879e-5	-1.7157047402802453e-5	-1.8419091198009635e-5	-2.0637175665192894e-5	-2.2146509376808756e-5	-2.446006284345138e-5	-2.768332396543664e-5	-2.9835073409208154e-5	-3.1311138951788456e-5	-3.206648364808412e-5	-3.3684183193367565e-5	-3.508313473716759e-5	-3.6668229482514705e-5	-3.7550446318991224e-5	-3.848373920966111e-5	-3.908113797314837e-5	-4.056038652730867e-5	-4.309522684455696e-5	-4.9731402128978454e-5	-5.645720857505066e-5	-6.37104977064748e-5	-6.987726861441661e-5	-7.359120811106963e-5	-7.339088173448881e-5	-7.49276547165785e-5	-7.943334879830302e-5	-8.504245594407113e-5	-8.693110863317378e-5	-9.556394900672031e-5	-0.00010241553837636584	-0.00010736438909144176	-0.00010454492837836531	-0.00011574387313384794	-0.0001227243477848472	-0.0001231276874078327	-0.00011327977442795316	-0.00011113498615301919	-0.0001299533352455695	-0.00014592651245357025	-0.0001507808505222391	-0.0001439723574516924	-0.0001424404782058436	-0.00015455006335037685	-0.00018185452416944606	-0.00021652860292525192	-0.0002454839226210051	-0.000261767339510173	-0.0002664769370224959	-0.0002650427789567533	-0.00036031120708573944	-0.0004419916108675328	-0.0004855204204824714	-0.0005046444407101267	-0.0005089929608001476	-0.0005009190904518152	-0.00048267344331456846	-0.00045404356147256403	-0.0004210824816868602	-0.0003855031598196806	-0.0003473616893255593	-0.0003054897370225601	-0.0002656611518443708	-0.0002245280548290873	-0.0001833244658074745	-0.0001440428998300547	-0.00010355990366466004	-6.495773801663829e-5	-2.7271190991204338e-5	1.024509296843057e-5	-0.0001286539164264966	-0.00019746490866057173	-0.00023753764137948716	-0.00017753353800074864	-0.00015643565286476563	-0.0001432656935142565	-0.0001282133917914971	-0.00011980626410650756	-0.00011780618340648945	-0.00012071978651093106	-0.0001200083690408582	-0.00012393545948622547	-0.00012525125192650727	-0.00013064696312639623	-0.00013085081605485743
2.11258578176627e-6	3.8604487987391184e-7	-1.8131437513500476e-6	-3.979157826264519e-6	-6.414126960683011e-6	-8.445736080983646e-6	-9.842277868903591e-6	-9.72312304454992e-6	-6.991945837955294e-6	-8.947510224052713e-6	-9.283963517663779e-6	-8.512564129070296e-6	-8.386460577099013e-6	-7.888786192756896e-6	-6.8531670491473245e-6	-4.707348505677937e-6	-2.115034235532394e-6	1.319847841587361e-6	3.5057241208310062e-6	6.310335695820789e-6	3.2805786678771066e-6	1.475315421044232e-7	-2.084753192559824e-6	-2.6707985486835307e-6	-2.5298495557549844e-6	-2.1343269599599646e-6	-1.3891144365427847e-6	-2.613059687248467e-6	-3.5384341507196933e-6	-2.9000201220465145e-6	-2.1052442395700505e-6	-1.8574448023504079e-6	-9.465518429827012e-7	-2.8206681239838216e-7	-9.813969569730935e-7	3.925392996761978e-8	2.8078187019366092e-6	5.734449400789445e-6	5.1045063575311245e-6	4.557692000499089e-6	2.1588295875344526e-6	1.969364883842861e-7	1.1720148506214056e-6	2.1344660630986945e-6	1.0273742360317195e-6	-5.8089486996634736e-8	-1.7141010345052968e-6	-4.353133863576816e-6	-7.837738281741419e-6	-1.257888261325772e-5	-1.662219415929367e-5	-1.9577737342532306e-5	-2.2596497259051367e-5	-2.3938085162104186e-5	-2.6010858788019783e-5	-2.9049683979934928e-5	-3.294063914325261e-5	-3.6377420574527225e-5	-3.878053328769046e-5	-4.141283891333225e-5	-4.411371212439431e-5	-4.9388400118720304e-5	-5.6844874819642406e-5	-6.379372618809005e-5	-6.826948543156922e-5	-7.264589106052016e-5	-7.318988830794237e-5	-7.556553558883336e-5	-7.881469109077485e-5	-8.350346578480174e-5	-8.896420019936789e-5	-9.762131630407926e-5	-0.00011224867635861376	-0.00011114679896936928	-0.00011315376739979079	-0.00012260417299458926	-0.0001333535586643675	-0.0001241294394094955	-0.00010448772749804823	-0.00010424366691033636	-0.00012640500631887902	-0.00014356846280393076	-0.00014872713275781296	-0.0001411728265537926	-0.00013027008985422306	-0.00014336209918849874	-0.0001750837583637879	-0.00021569147449010392	-0.0002480362561608357	-0.00026738910809901567	-0.00027797759402474476	-0.0002770742235907314	-0.00030931968015603106	-0.0004382454475270608	-0.0004883910272512546	-0.0005107259013490198	-0.0005176225326402467	-0.0005130118159706737	-0.0004933626106609634	-0.0004671014711740001	-0.0004334009686725315	-0.0003966613484722436	-0.0003560774825168977	-0.00031537590212959987	-0.0002742083234086312	-0.00023194812303478637	-0.00018836649774700562	-0.00014564633401235871	-0.00010308262069456951	-5.936981193124801e-5	-2.116362462882548e-5	1.864502393623957e-5	-0.0001378904870060621	-0.0001896506587623775	-0.0001797458666500176	-0.00014108851881938778	-0.00012897740724829992	-0.00010665354782061347	-0.0001062732721051826	-0.00011061757714241753	-0.00011050998076703177	-0.00011614599974060084	-0.00012125091375814882	-0.0001264273010500444	-0.00013157135708621176	-0.00013249491042071487	-0.00012307766862965086	-0.00012647166892313516
-6.536595018784372e-6	-7.453533423058475e-6	-5.658619354879413e-6	-5.078772257892557e-6	-7.5775098137354285e-6	-9.557507292101003e-6	-1.1403684580294468e-5	-1.2587931283274121e-5	-1.301556186775448e-5	-1.1722925294345083e-5	-1.0673652979802278e-5	-8.419088299779776e-6	-5.606898544627605e-6	-4.017457517374069e-6	-2.8982558052722397e-6	-5.934316081070146e-7	1.2865888801387448e-6	4.281750231064849e-6	5.935636064689081e-6	7.133184429415628e-6	9.117422653448157e-6	1.1619012251894849e-5	9.718504012613469e-6	8.615942134011442e-6	7.694334806882669e-6	7.551189729927687e-6	8.759894448272937e-6	7.954247178455776e-6	7.581008943432359e-6	6.897314360279626e-6	8.577406688560496e-6	8.749783270969522e-6	8.187560427818513e-6	1.2875712236855295e-5	1.2928068197134294e-5	1.4402411386985404e-5	1.7392516994760993e-5	2.1607853765807924e-5	2.381897598537248e-5	2.6043933562492832e-5	2.2628242470979287e-5	1.86088851196909e-5	1.6447659635090636e-5	1.6652932049825153e-5	1.9795940445687873e-5	1.889782286820102e-5	1.4075392354472372e-5	1.050481145755018e-5	6.005754926577746e-6	2.935056711561579e-7	-3.0745829059791725e-6	-7.727911496488438e-6	-1.02482449013553e-5	-1.3960735659960392e-5	-1.7238211839952847e-5	-2.306640422286912e-5	-2.929861416412632e-5	-3.508945975038043e-5	-3.8761544169686746e-5	-4.391232499151298e-5	-4.7513668726458645e-5	-5.483661299023924e-5	-6.176522454300407e-5	-6.593262985273365e-5	-6.793405356482485e-5	-7.048145245604556e-5	-7.104683139545764e-5	-7.497003192942844e-5	-8.237912878976753e-5	-8.936325791766146e-5	-0.00010169460254363243	-0.00012053873173038797	-0.00012591023115619826	-0.0001263255901794158	-0.00013845388707051098	-0.0001491277565627766	-0.00012902209235894635	-9.844317171332771e-5	-0.00010084548578148665	-0.00012768593118592242	-0.00014526352360572092	-0.00015106605686428937	-0.00013900586042468743	-0.00011780087105436875	-0.00012779582101753173	-0.00016864078800950252	-0.00021530839919119135	-0.0002512292784830755	-0.0002764559294812438	-0.0002880792372228838	-0.00028872085709643475	-0.0002791633219294959	-0.00043159259421540747	-0.0004873072069130901	-0.0005165058109945359	-0.000523989181124701	-0.0005212343102706934	-0.0005045575822600068	-0.0004779873725557076	-0.0004477370281388143	-0.0004084537396243509	-0.000368879101700012	-0.00032652488239290345	-0.0002828720633164111	-0.00023843418303116923	-0.00019455378809721255	-0.00014896083320829756	-0.00010390270523304156	-4.043100442115144e-5	1.1314423183084175e-5	-9.78540096174818e-6	-0.00011764890450738362	-0.00014375749158787587	-0.00015047746126407857	-0.00014365089293869732	-0.00012506866317336246	-0.00010789104676941357	-9.622352237920183e-5	-8.996002354502707e-5	-8.875020883133965e-5	-9.123640530139114e-5	-9.277231166442133e-5	-0.00010179623092815975	-0.00010753504833555665	-0.00011668210543819625	-0.00012695010463865952	-0.00013167239507928807	-0.00013756856022178673
-7.600386606968628e-6	-8.072700976658256e-6	-9.602961327059671e-6	-1.0791029834565818e-5	-1.24713574265866e-5	-1.3187462555882925e-5	-1.3290592058975632e-5	-1.347451087881958e-5	-1.2205720001335836e-5	-1.1666984641844206e-5	-1.1015988067488573e-5	-9.387416592763348e-6	-7.871030988982654e-6	-6.314141833625892e-6	-2.8110746125601864e-6	1.0837475285675052e-6	5.352514809956083e-6	6.655441188397822e-6	7.624182703355394e-6	8.026606723027241e-6	7.411156221050554e-6	8.80211300981898e-6	1.7441152818861716e-5	1.4585819016347047e-5	1.2463610178647942e-5	1.1347939618154208e-5	1.1899591603964711e-5	1.2297396841066606e-5	1.3022206436005128e-5	1.250474542164627e-5	1.4259722553146626e-5	1.354747715376879e-5	1.533775448770043e-5	1.4871610643256079e-5	1.5629327216118427e-5	1.855482010442236e-5	2.2350905051456493e-5	2.53962494046675e-5	3.111253398468093e-5	3.703714323622688e-5	3.764139317082027e-5	3.101877567735639e-5	2.8886223556352782e-5	2.718141358694359e-5	2.8296787786194485e-5	2.761571825165773e-5	2.3380257669139423e-5	2.0166407129276753e-5	1.5183500783706378e-5	1.0373331712923773e-5	4.6153571090813694e-6	1.374445175728045e-6	-2.4154988610431555e-6	-5.723001727468007e-6	-1.264626939951295e-5	-2.076670734788184e-5	-3.053692105496435e-5	-3.8116757742744783e-5	-4.335942807055792e-5	-4.857536142527547e-5	-5.0879162525902654e-5	-5.944082435462016e-5	-6.0583226781617254e-5	-6.28173296907987e-5	-6.400726659848768e-5	-6.777894905485998e-5	-7.07423021312388e-5	-7.664646319970742e-5	-8.99610426950692e-5	-0.00010672308400514959	-0.00013001075973174264	-0.00013356585744101618	-0.00013646368451480234	-0.00016041249314112382	-0.00017541402284708405	-0.0001510070463421262	-0.00010596436033315225	-9.840908329113855e-5	-0.00012695525689748743	-0.00015370859916905705	-0.00015319260168126375	-0.00013035237403369315	-9.687216233171535e-5	-0.00010946284829081719	-0.0001562640495732931	-0.00020750187160970682	-0.0002525485734167915	-0.0002802940063210968	-0.00029385964167658735	-0.0002986209493224812	-0.00029252293538839513	-0.0004184092782747589	-0.0004843011794548879	-0.0005193847090693288	-0.0005326694343422977	-0.0005290644984612403	-0.0005138231093208823	-0.0004912787432507365	-0.0004576764064088967	-0.00042188221084996086	-0.000380456009274957	-0.00033563362883230746	-0.00029126860298656077	-0.00024433248527709617	-0.00018363274898076928	-0.00012404606296138876	-7.240697295213261e-5	-2.3246150534020346e-5	2.7768564791336155e-5	-3.5274594790274394e-5	-0.0001242927249837933	-0.00014085420425510864	-0.0001346257938895229	-0.00012817738363757325	-0.00011596839545515573	-0.00010258608869068846	-8.829776493302076e-5	-7.862601613620873e-5	-7.187417223886161e-5	-7.384200273810593e-5	-7.851141958781227e-5	-8.162712443905012e-5	-9.186990126974769e-5	-9.882164165751424e-5	-0.00010667593264897939	-0.00011455604375255195	-0.00012005185461190503	-0.00012723092363735658
-7.4048153649334736e-6	-8.821716585851423e-6	-9.7794931901889e-6	-1.201151791690915e-5	-1.3335416264629271e-5	-1.4207678263045141e-5	-1.3643584994963742e-5	-1.265170152073714e-5	-1.1200634102387188e-5	-1.0797731404745685e-5	-9.39268997865797e-6	-8.534237623232868e-6	-6.3416524066555935e-6	-3.340464566742827e-6	-3.194414676353785e-7	4.058346700689351e-6	8.101972434962357e-6	8.722638011730323e-6	1.0253220006969238e-5	7.52744888448363e-6	6.265817904674633e-6	4.079425518091831e-6	2.0227033643935993e-6	1.4454097158533503e-5	1.3219825803706743e-5	1.109384897856648e-5	1.1469267701368078e-5	1.289005498476478e-5	1.282083294780814e-5	1.5243389330735905e-5	1.5299872751107363e-5	1.4203204487094749e-5	1.5038234275465549e-5	1.1189954225807734e-5	1.1000917857868426e-5	1.2412909139144014e-5	1.4558255978774219e-5	1.786168094398792e-5	2.417847622419519e-5	3.0161384164967966e-5	3.321755532312634e-5	3.591242266672706e-5	2.5569334898088016e-5	2.593059787617084e-5	2.5757421629607476e-5	2.5229167079044917e-5	2.2257022543352083e-5	1.7984094844835513e-5	1.346943104469679e-5	1.1020254918033335e-5	7.275136808086723e-6	1.8337907743953134e-6	-1.872062232880292e-6	-8.410240022850915e-6	-1.7123963634872383e-5	-2.9250445273375222e-5	-4.067705400485379e-5	-4.590845851799689e-5	-4.968416618877577e-5	-5.2700869915874714e-5	-5.378889296860436e-5	-5.7436057342499784e-5	-5.733931992407681e-5	-5.5641697087500934e-5	-5.9341704499501345e-5	-6.620012802912092e-5	-7.323613285909955e-5	-8.556815342007292e-5	-0.00011412132525871059	-0.00014647327897018142	-0.0001495038996247866	-0.00015509563039244056	-0.00018753930357447154	-0.00021156461283387826	-0.00018118832809978222	-0.00010995576909915426	-9.163522384468546e-5	-0.0001262798212135416	-0.00015647525697035092	-0.00015736459357817978	-0.00012950950303500242	-8.138185015205829e-5	-8.120590851232873e-5	-0.00013381209896645013	-0.00019161931087002812	-0.00024617674157859093	-0.00028096354925781497	-0.00029701145280204566	-0.0003075853200178863	-0.00030313817172590574	-0.0003787209884240083	-0.0004779770090140855	-0.000521053761378884	-0.0005379822529735095	-0.0005374766904112094	-0.0005250849743725083	-0.0004999520712787447	-0.00046963048679939107	-0.0004337788173363471	-0.00038912150142692	-0.0003442641435379839	-0.0002842758825647579	-0.0002237422453039983	-0.00016675248885704427	-0.0001151915537348641	-6.296442364890631e-5	-1.5045286284182112e-5	2.891573278561432e-5	-9.227633661519628e-5	-0.00011264198738255431	-0.00011496501038481265	-0.0001126329877672652	-0.00011904500430131441	-0.0001114195217859215	-9.77647610436727e-5	-8.188268606993537e-5	-7.211454753665303e-5	-6.724368895906496e-5	-6.374222397739077e-5	-6.58354031663963e-5	-7.276329296035389e-5	-8.039254273135149e-5	-8.681614045279866e-5	-9.398215763565738e-5	-0.00010016852279278245	-0.00010787111966474235	-0.00011333140644475755	-0.0001197664332400379
-6.912178735472579e-6	-8.256026247312372e-6	-1.0007061780788196e-5	-1.1377855583150248e-5	-1.1738111716885593e-5	-1.163400435559049e-5	-1.0576828985125323e-5	-9.233883116140963e-6	-8.345045059707581e-6	-8.28321488005948e-6	-7.5458073600306866e-6	-5.054404946880711e-6	-2.9653255681017297e-6	-8.805194691863942e-7	1.9963634180020576e-6	4.574408890957796e-6	6.738903773656663e-6	7.692747841189264e-6	8.692619576076456e-6	6.7988474442351446e-6	1.2833768607296153e-6	-7.028596411481901e-6	-1.9036686783142562e-5	-2.223106397320623e-5	-9.469006535898356e-6	-3.5108962883213103e-6	-1.94137829184933e-6	7.250001001022493e-7	9.071115137249813e-6	1.2044432020751754e-5	1.0531773700752157e-5	8.48158121426884e-6	6.459850173225547e-6	4.1061008271888605e-6	1.9206107678641088e-6	1.7035687476570775e-6	2.0119220579904035e-6	3.1238398857675455e-6	7.398392060662186e-6	1.2355558302824461e-5	2.1173086531657902e-5	2.5783400550228108e-5	2.9368483426411848e-5	2.3685443634614136e-5	2.2769433918618656e-5	1.9759042508725108e-5	1.7181297183588295e-5	1.3259009070797771e-5	8.526859329293507e-6	3.0259465235143303e-6	-9.532150676422323e-7	-6.343436827248652e-6	-1.4301566815576662e-5	-2.322381970976464e-5	-3.330429496637213e-5	-4.5262169787998664e-5	-5.347603707506892e-5	-5.5923916832036756e-5	-5.5951347439735226e-5	-5.472087999738861e-5	-5.420753344895917e-5	-5.363581762974148e-5	-5.0190067304046314e-5	-5.326968549428101e-5	-5.937043006743261e-5	-7.297888128228805e-5	-8.75286138273673e-5	-0.00012214991780643697	-0.00016977305316787092	-0.00017396453210263838	-0.00017467297736255963	-0.00021429379811442603	-0.00024327834672981105	-0.00021088209381861509	-0.00011998404470490996	-9.717693193102976e-5	-0.00012158471293568367	-0.0001588950982725143	-0.00016056967133953187	-0.00012480492000109533	-5.758244373942761e-5	-5.1382436413310855e-5	-0.00010327416450229414	-0.00017488264157129727	-0.0002343778935254975	-0.00027424838832182385	-0.00030298361107343463	-0.00031118118810902207	-0.00031193595974483845	-0.00030106143650114603	-0.0004626583632698355	-0.0005167670088287307	-0.0005447687112178357	-0.0005473538983603171	-0.0005339557118070465	-0.0005084324356929154	-0.00047822972483110843	-0.00044019688315473365	-0.0003940786062056611	-0.0003205255770868942	-0.00025878364186791847	-0.00019740611606304523	-0.00014351703892141743	-9.688772956671642e-5	-5.6015744083134915e-5	-1.3195473489921448e-5	2.9423207793810575e-6	-9.223210660925378e-5	-0.00010083833882918584	-9.772687238444876e-5	-0.00010147630789044541	-0.00010368819409849182	-0.00010470134629084192	-9.354837507934143e-5	-7.898448518492418e-5	-7.071069851611461e-5	-6.465424818788423e-5	-5.9856426325860517e-5	-6.120094860583014e-5	-6.392670808940543e-5	-7.280285705887901e-5	-7.871963946578381e-5	-8.685000317662157e-5	-9.471037209704546e-5	-9.970238646185915e-5	-0.00010725042010094678	-0.00011109764371484975	-0.00011340999310450668
-6.016037311601471e-6	-7.249151380897804e-6	-7.899387545994008e-6	-8.146889888779093e-6	-8.294922019223827e-6	-8.130621764507358e-6	-7.373763866213092e-6	-6.518925891175856e-6	-5.861083856749035e-6	-5.874607443838615e-6	-5.796361182914058e-6	-5.1739481487156e-6	-4.432574327115774e-6	-3.37394784419992e-6	-1.7528436682808996e-6	-1.5095002884376457e-7	2.031111059506638e-6	2.9607203868480324e-6	1.5956889428498861e-6	-1.3085416322548835e-6	-5.970924676999139e-6	-1.1244967077720517e-5	-1.8850597802546123e-5	-2.8133815118064686e-5	-3.869608061713922e-5	-2.3049118592476794e-5	-5.616316038539042e-6	-2.0885027377220283e-6	1.3757508316152715e-6	3.036510956956964e-6	5.768782462356805e-6	8.842026096760394e-6	1.0411797980855104e-5	1.2646519085852263e-5	1.0394799214094584e-5	1.4479047301396708e-7	-1.5250381469808503e-6	-2.5789951825592322e-6	-1.4851852495230409e-6	1.5328255917150533e-6	6.689927133313524e-6	1.275090816352936e-5	1.8735108272714338e-5	2.4499492565959246e-5	2.3999959631411032e-5	1.865611239711823e-5	1.4357065937584816e-5	8.357358126940065e-6	3.663517015792261e-6	-1.5029254208341612e-6	-7.615111389776621e-6	-1.574864438077389e-5	-2.6120799035030114e-5	-3.6924421896802895e-5	-4.7414409318257196e-5	-5.543942483907104e-5	-5.950273943271938e-5	-5.8169680129584865e-5	-5.581294400171937e-5	-5.210877792628798e-5	-4.8226241012791486e-5	-4.4478638350567416e-5	-4.769695682253077e-5	-5.861980342325781e-5	-8.370155448736079e-5	-9.982374887633481e-5	-0.00014613641360385066	-0.000196492032844206	-0.0002131882296347795	-0.00020148520107118176	-0.00023971399414068892	-0.00028000551786054595	-0.00026246901076165674	-0.00013987210129278588	-7.930921019742854e-5	-0.00012647253854001367	-0.00017136491737342743	-0.00017333926785254025	-0.00011878820013137141	-3.634097666890823e-5	-6.171697658138852e-6	-7.236618288115892e-5	-0.00014938189500483812	-0.0002173264397001967	-0.0002652022808389415	-0.0002996185037920651	-0.0003163282115414834	-0.00031796473986753226	-0.0003054676470971851	-0.00043366879926530483	-0.0005125413963472797	-0.0005498837729774053	-0.0005578892398397373	-0.0005495613855047848	-0.0005265663226197009	-0.0004916963448810957	-0.0004426841412105003	-0.0003761365138191946	-0.00031409599374546127	-0.0002542004495786898	-0.00019614148673297024	-0.0001435400777405338	-9.315657932551512e-5	-4.6758819385872556e-5	-2.237387024782433e-5	-1.6469382086402307e-5	-8.06529582052587e-5	-9.803356633419912e-5	-8.939619641334244e-5	-0.00010280835341033855	-0.00011435739265264198	-0.00010718269368836102	-9.068022071082037e-5	-7.948022400817989e-5	-6.700890287526101e-5	-5.780533291616096e-5	-5.321259112598536e-5	-5.2191539024609705e-5	-5.904257276232588e-5	-6.373389218727182e-5	-7.261384189251319e-5	-8.065881573759981e-5	-8.825518827033917e-5	-9.580175005076753e-5	-0.0001022854670645716	-0.00010801337589107228	-0.00011273547276908698	-0.00011578706518968264
-4.986544312776502e-6	-5.4330290036297925e-6	-5.964221813908182e-6	-6.574500088763444e-6	-6.427031693304052e-6	-6.179756950304773e-6	-5.724576943120368e-6	-5.849256016067331e-6	-5.977983754713866e-6	-5.7087720753976395e-6	-6.422699319000995e-6	-7.935899368747591e-6	-8.652838393171346e-6	-7.307717809785368e-6	-6.274948239509171e-6	-3.2780063521442924e-6	-7.664225075984867e-7	-2.158696019247813e-7	-3.35068393929154e-6	-3.898551273473494e-6	-4.834900139754836e-6	-6.887338968456293e-6	-1.1309869604432877e-5	-1.3629864110183824e-5	-1.6814555856611152e-5	-1.8544691634094293e-5	-1.4884244992118335e-5	3.9444394744816286e-6	4.199984321917247e-6	4.167782075405538e-6	5.6624590866888305e-6	1.047830604835459e-5	1.4147254673085514e-5	1.679250295131933e-5	1.7591056660371668e-5	1.8996503578071894e-5	2.1987889444298813e-5	2.1147885423096823e-5	2.0901647209900506e-5	5.397630622626034e-6	-2.4331355669409555e-6	1.3639234598510073e-6	8.283505077612968e-6	1.3520378886562252e-5	1.5615836136120484e-5	1.7143508341437366e-5	1.0706202276718894e-5	5.941192389403645e-6	-1.205160266287003e-7	-6.80947298873323e-6	-1.5247950715642845e-5	-2.4705476553421587e-5	-3.422304173991003e-5	-4.462251826722884e-5	-5.27976141756134e-5	-5.740537396565353e-5	-5.863884945103356e-5	-5.2703482225115166e-5	-4.8029833192228526e-5	-4.2375717951986795e-5	-3.9140737124934016e-5	-4.262041760098519e-5	-6.18859401116216e-5	-9.267612523754241e-5	-0.0001239731275970435	-0.00016205769347993337	-0.0002283932366582003	-0.00025012201743373347	-0.0002230659827424236	-0.00026448800315680143	-0.0003129162165277019	-0.0002970010907349385	-0.00015769722910320694	-6.500261355655429e-5	-0.00012138554423765656	-0.0001766894229884852	-0.00018241223256280217	-0.00012873360303103376	-2.407247079623531e-5	2.508438522001721e-5	-4.1864705365574066e-5	-0.00013400811224584253	-0.0002100743257300863	-0.000270201715646054	-0.00030147015955654666	-0.0003151463914483066	-0.0003068099213490022	-0.00027183041429769406	-0.0004008933277141121	-0.0005310321658964778	-0.0005807554796658301	-0.0005916060541628909	-0.0005838368622758383	-0.0005552654851106315	-0.0004969420936817154	-0.0004325134780706896	-0.00036479609602166335	-0.0002995100203007778	-0.00023946660388136917	-0.00018973735612173856	-0.00014756759651041174	-0.00011000319431395121	-7.466477167442087e-5	-5.8415717900904545e-5	-4.3008928753487934e-5	-8.109360949675598e-5	-9.090082172223678e-5	-8.98510760152099e-5	-9.605415900604956e-5	-0.00010264937985986904	-0.00010777919574617849	-9.661982537829959e-5	-8.292368874895927e-5	-6.967063668605195e-5	-5.534056047619417e-5	-4.940707400494237e-5	-4.549056628350839e-5	-4.985790714746168e-5	-5.643657347009778e-5	-6.63552307501522e-5	-7.556512791797448e-5	-8.335961487054842e-5	-9.201138830884635e-5	-0.00010082326750825847	-0.00010918784720771386	-0.00011250972894224358	-0.00011340274606950333	-0.00011614421936137138
-4.1625645611593695e-6	-4.602987420745681e-6	-4.7018140926892785e-6	-4.045828227289532e-6	-4.992781483929322e-6	-6.170139496986664e-6	-6.515228799714757e-6	-5.94864497016536e-6	-6.244290886225564e-6	-7.689383388375694e-6	-8.84907542207658e-6	-1.0173292213527287e-5	-1.1117207921926794e-5	-9.476830721533679e-6	-7.8110864835685e-6	-5.806481451252689e-6	-2.58516781386723e-6	-1.3697974964596916e-6	4.4292064319603053e-7	1.3012918948776193e-6	1.1870137170280973e-6	-1.226036562855179e-6	-6.293268629744413e-6	-9.724540010053184e-6	-1.3189675149597941e-5	-1.2303124036043554e-5	-1.1253737747457871e-5	-8.321214556164871e-6	1.1937474880124865e-6	3.122695358586183e-6	5.914658069957126e-6	9.300239587782186e-6	1.3990651481299644e-5	1.6711922655194417e-5	1.4259303498164939e-5	1.402639938333401e-5	1.6508557357502313e-5	1.7235643468005435e-5	1.7461523335116427e-5	1.7459735962782955e-5	1.4337142090941125e-5	1.3023381537687754e-5	5.776461486873759e-6	-3.101673784347905e-6	2.076422866113814e-6	8.74563553629644e-6	9.798777072947754e-6	3.2397794841841627e-6	-6.616762563207978e-6	-1.6822202550219323e-5	-2.621754587516997e-5	-3.450860584699317e-5	-4.23631709681356e-5	-4.960418406325245e-5	-5.3554471989881995e-5	-5.4770397223645455e-5	-5.1729551122248883e-5	-4.6198629080271274e-5	-3.70158319577471e-5	-3.329958491024229e-5	-3.890201353325823e-5	-6.298428339209655e-5	-0.00010443347100725502	-0.00015159309696205145	-0.0001866147713138269	-0.00026091903871858224	-0.0003028870008969786	-0.00025340661311944873	-0.00027466530779386017	-0.0003361685482717799	-0.00033636353665485863	-0.00019627135396538956	-6.327275654371273e-5	-0.00010178244247861094	-0.00016905957011918713	-0.00019528930649253398	-0.00015539653995012837	-5.173284929778365e-5	3.838439310323294e-6	-5.73774053876791e-5	-0.00015942453728684525	-0.000251886069077209	-0.00030359509739074503	-0.00032705619915866097	-0.00033357169095058614	-0.0003021624679850135	-0.00026021131083187043	-0.0003130626656999355	-0.0005133299796952068	-0.0005863004916414546	-0.0006149643636335633	-0.0006108143161404067	-0.0005674558063457208	-0.0004959743824840823	-0.0004248367592614432	-0.00035558247435917007	-0.00029340131210003895	-0.0002443033599204558	-0.00019095417230947928	-0.0001442860724128192	-0.00010660144871867115	-8.775956016580931e-5	-7.736530329132546e-5	-5.552221197992895e-5	-8.301776696639783e-5	-9.279195905577407e-5	-9.216254957550989e-5	-9.847957195812522e-5	-0.00011217294352498101	-0.00010878038120883808	-0.00010604420390847995	-8.81632235749316e-5	-7.46717949192538e-5	-5.9298693624691694e-5	-4.412296749755489e-5	-3.902188318565675e-5	-3.824574745445175e-5	-4.8318408193796785e-5	-5.742246274829942e-5	-6.487888997742941e-5	-7.616972642898734e-5	-8.508896978936391e-5	-9.613364294067463e-5	-0.00010482306288164127	-0.00011236525508879004	-0.00011732054816570094	-0.00011884472345038281	-0.00011714075960319105
-3.4836466908860424e-6	-3.324942984784737e-6	-3.670075510587688e-6	-4.955508018636336e-6	-5.813482846701335e-6	-5.8159415434674835e-6	-6.293790369513857e-6	-6.662410044228766e-6	-8.31467446976708e-6	-1.0313177978174375e-5	-1.1402887301384909e-5	-1.2162024696799749e-5	-1.084083470236953e-5	-9.217287976165216e-6	-4.6745446380912214e-6	-1.3407305241063328e-6	2.664659291828908e-7	2.2881497721951097e-6	2.4285341858158727e-6	2.4861499089891964e-6	1.3713707524166255e-6	-1.5209315035701052e-6	-3.0868224155152636e-6	-7.383321688411714e-6	-1.0505448697377058e-5	-1.2764589347536227e-5	-1.2507648237437828e-5	-9.698157115703085e-6	-2.340453774795498e-6	4.6196374904692444e-6	7.033299685927154e-6	9.053704113455227e-6	9.490826646720713e-6	9.588258800211774e-6	9.548454453327249e-6	1.0057202331137036e-5	1.0043612534531288e-5	1.0063174702172259e-5	9.632529127633072e-6	1.0986997287442886e-5	8.67127030986306e-6	4.20776982050855e-6	3.0518839517178205e-6	2.6320189896924385e-6	2.837736458576739e-6	1.5446917833381035e-7	7.601719275752983e-8	-7.763113123258197e-6	-1.7404357198057968e-5	-2.6732407541925348e-5	-3.506116802052747e-5	-4.19725924264043e-5	-4.6738049856113316e-5	-5.01023587743711e-5	-5.0777328283908845e-5	-4.719983541382269e-5	-4.098186207708229e-5	-3.224026827843354e-5	-2.7769678548859863e-5	-3.812876760199771e-5	-7.017391050840802e-5	-0.00012033310007068461	-0.00017829272899640838	-0.00020884326399316086	-0.0002843445940075434	-0.0003449137943138669	-0.0002786833881718298	-0.0002800576849419645	-0.0003589465229388022	-0.0003742159500027056	-0.00023125106092189426	-5.7511350803202126e-5	-9.093325675779694e-5	-0.00019974759684834861	-0.00022858050463276516	-0.00018593016744283816	-7.200150467165378e-5	1.791050205281891e-5	-5.765362597054401e-5	-0.00015044634262342815	-0.00024488798875017814	-0.0003050485162863978	-0.0003395083371555973	-0.00033470213818380384	-0.00030259600649826246	-0.0002567688148474162	-0.00020326583055618738	-0.0004672237176144011	-0.0005890954330031381	-0.0006382522740790847	-0.0006365290944722671	-0.0005704234447637124	-0.0004961775202077384	-0.0004196469816390366	-0.0003513099049515244	-0.0002841063249893125	-0.00023131855237702723	-0.00018357694613578554	-0.00014035524116638026	-0.0001138617012523893	-0.0001002146171168866	-9.190752223945524e-5	-7.552173014561958e-5	-8.835567796069281e-5	-9.691548470865118e-5	-9.306522746454353e-5	-9.523246323472899e-5	-0.00010793057719261921	-0.00011709260117499092	-0.00011339726046187547	-0.00010323937939347298	-8.548698892871241e-5	-6.906389240883548e-5	-5.279669893550747e-5	-4.2863016695010574e-5	-4.037471546328164e-5	-3.6282856428516974e-5	-4.362224882530074e-5	-5.3540307289653276e-5	-6.432843695659135e-5	-7.74228231005536e-5	-8.76585852082473e-5	-9.944989077040332e-5	-0.00010890308232026218	-0.0001157944108979257	-0.00012078254828587486	-0.00012052675861474667	-0.00012102159350612511
-2.9938465037149596e-6	-3.847401793043246e-6	-5.123198034155587e-6	-6.211822342042007e-6	-6.211843016422184e-6	-7.372425467420256e-6	-7.295115509939331e-6	-8.682378481537217e-6	-9.23708876586233e-6	-1.0105039236472414e-5	-1.0459215972155078e-5	-1.0145504735262732e-5	-7.550945573019454e-6	-4.936105121649756e-6	-4.221478358936229e-6	-2.964209720778335e-6	-1.3505205282001926e-6	6.571073952977776e-7	2.2168423319908134e-6	2.7043839200381957e-6	2.107014356825948e-6	1.1761455524783582e-6	-2.3692184282150808e-6	-6.175975844017328e-6	-1.2110932352468738e-5	-1.3564484019519539e-5	-1.1844010711428708e-5	-6.640678350093575e-6	-4.51259244815122e-7	3.5064877108685606e-6	4.892923533787036e-6	5.268389820537941e-6	6.931907120793362e-6	8.279348951215071e-6	8.343297271595426e-6	7.503264779244386e-6	6.597009814509127e-6	6.373401692473176e-6	4.578316328482379e-6	-1.1993712826282449e-6	-3.41212948737693e-6	-3.766639799542004e-6	-3.723795740078611e-7	1.871211557013738e-6	-2.939976116288906e-7	-4.8147765722289515e-6	-1.1976076039069484e-5	-1.7541348668742573e-5	-2.570118681679417e-5	-3.314387215201664e-5	-3.90847937565067e-5	-4.4238644258259845e-5	-4.732606061598823e-5	-4.6852869023741854e-5	-4.297487225021073e-5	-3.6311006198358475e-5	-2.4550550210399726e-5	-1.9493481590200645e-5	-3.079444323237507e-5	-7.635185389747584e-5	-0.00012907695189382992	-0.00020576108452708197	-0.000247030776737156	-0.0002990068760297393	-0.0003758265767605378	-0.00033143246799382376	-0.0002818907459452985	-0.00037187754301729736	-0.0004105554732118654	-0.00030744956914553756	-8.83988144186401e-5	-0.0001287525675051221	-0.00023701265047804118	-0.0002529115983264038	-0.0002129885146289617	-0.00010302055888054827	1.0101129112836948e-5	-1.4440998635616152e-5	-0.00012566579226866437	-0.0002367518277344299	-0.00030997304874789966	-0.0003504106332137199	-0.0003314532014955448	-0.0003004231204735072	-0.000256337585858267	-0.00020113081475921915	-0.0004014865613360604	-0.0005680426995967325	-0.000652305990212626	-0.0006422023016887726	-0.0005784291586289833	-0.0005026910900995246	-0.0004197593601916807	-0.00034676603064692774	-0.00028135327908608565	-0.00022399555741053204	-0.00017799753318416958	-0.00014126000371598307	-0.000116282330227431	-0.0001084462522820545	-9.488029971069233e-5	-8.270570938176403e-5	-7.906983824201158e-5	-9.246095312998025e-5	-9.906760342626163e-5	-0.00010330267867248581	-0.00010928797656347548	-0.00011806076981920459	-0.00011041108524418446	-0.00010079520941855268	-9.83794471451707e-5	-8.402247465497113e-5	-6.694784759116862e-5	-5.434506763872526e-5	-4.908476973399661e-5	-4.39475907271572e-5	-4.7428234018105635e-5	-4.958831173376004e-5	-5.499785244193408e-5	-6.404235155426166e-5	-7.427015666968545e-5	-8.896705615052054e-5	-0.00010209969952823526	-0.00011068412987362551	-0.0001165170864956752	-0.00012023154599737419	-0.00012309963998667628	-0.00012163575744501483
-2.9623592438126653e-6	-4.138873519897359e-6	-6.387630586957275e-6	-7.788241846416483e-6	-8.25413016473757e-6	-7.764621947790526e-6	-7.74338757990236e-6	-8.016818017265483e-6	-9.103308105701431e-6	-9.391220876582736e-6	-7.469297240176447e-6	-5.661077368598193e-6	-5.182434228935203e-6	-5.9629292904197695e-6	-6.308289787347771e-6	-5.336484981124586e-6	-2.796545525533822e-6	3.0532825616783055e-7	1.7853876417648488e-6	3.6178303544154643e-6	4.38527564142286e-6	7.721393294711497e-7	-3.7755046213960165e-6	-9.652257573940226e-6	-1.3112462943784887e-5	-1.1807714165147988e-5	-8.177958684589884e-6	-4.239836167698949e-6	-1.6053599909918862e-6	1.7050809549001842e-6	3.779417723876951e-6	5.284650402828313e-6	5.99999889182301e-6	5.1792560149498115e-6	3.862631362764463e-6	3.0914631206531425e-6	2.3820015838255104e-6	-1.847663786292558e-6	-6.701279451053892e-6	-1.100708465345823e-5	-9.972893165585348e-6	-4.151224183195426e-6	-1.650423363513259e-6	-3.7191764533546497e-6	-7.949833190834185e-6	-1.262979529986774e-5	-1.923395585596427e-5	-2.5391158414104356e-5	-3.0280514792639653e-5	-3.5637171534076695e-5	-4.042671024329092e-5	-4.405177302579596e-5	-4.393055048424257e-5	-4.00216645197668e-5	-3.152456405728504e-5	-2.0493918085999485e-5	-1.1740509942275572e-5	-2.3751797956824552e-5	-7.420556085834668e-5	-0.00014037197721469136	-0.00023557046869822695	-0.00028538522476185407	-0.0003196119535697761	-0.0004166175283882786	-0.0003850923327832281	-0.00028730299920804586	-0.000353073019367274	-0.00044297695752423116	-0.000373225417498596	-0.00011661846007100794	-0.000130599696964058	-0.0002459754916243895	-0.0002759882015848994	-0.0002384464885089865	-0.00013319503217382178	4.650053428249811e-5	5.179885741255635e-5	-6.96615079422841e-5	-0.0001975619490484498	-0.00029428883863234084	-0.0003414866013009762	-0.0003273369791152378	-0.00030196265082566703	-0.00025928742404014715	-0.00020519806409602379	-0.00030865050177145137	-0.0005247782561366293	-0.0006525776993651991	-0.0006442351254245041	-0.0005894250160436848	-0.0005107738624415825	-0.000427765634220846	-0.0003510043599525003	-0.00028503497361866137	-0.00022485473756377047	-0.000178411102016128	-0.00013793445708537577	-0.00011379505350170292	-0.0001109054921901234	-9.711947615478193e-5	-8.31419493798821e-5	-6.946327579977762e-5	-8.455760221789259e-5	-9.141997180973914e-5	-9.39612902674941e-5	-9.888920823701573e-5	-0.00011350784405277091	-0.00011920312972379248	-0.00011389911132309026	-9.931806744210846e-5	-8.20952240649514e-5	-6.603906455970171e-5	-5.841793938778788e-5	-5.466847011973557e-5	-5.513588171093819e-5	-5.177358817273075e-5	-5.625239875685708e-5	-6.007686209402382e-5	-6.263199858920487e-5	-6.890614784489657e-5	-7.589086411163501e-5	-8.770466588224611e-5	-0.00010047707674556981	-0.00011262426452595188	-0.0001175094048000251	-0.00011957158509851017	-0.00012274588471290412	-0.00012052810386027622
-3.0652554238873478e-6	-5.454605265186283e-6	-7.102631624392261e-6	-7.91437422054727e-6	-8.531679589153171e-6	-6.884171423020279e-6	-7.265372854660563e-6	-7.932905591104267e-6	-8.38020330754842e-6	-7.191688827031146e-6	-6.107567679684497e-6	-6.044114582198951e-6	-7.585855752692722e-6	-7.426076946296169e-6	-7.613833603306238e-6	-6.148322091248728e-6	-3.427979794012707e-6	3.728859967111128e-7	4.52594798661457e-6	5.456085412571149e-6	2.9722641313239743e-6	-1.56204931801851e-6	-7.101076947594805e-6	-1.0055511599164207e-5	-1.1384690873405058e-5	-9.665752952799783e-6	-8.075137509621494e-6	-3.340421841045715e-6	-1.227160663667612e-6	1.2740898180235716e-6	5.539289952291928e-6	6.393391838079714e-6	4.340032884941544e-6	3.2517848548400947e-6	3.1877903908152784e-6	2.3297625601718247e-6	-9.49392187045081e-7	-6.986500668357958e-6	-1.4107234927755381e-5	-1.46687248556588e-5	-8.71672067750788e-6	-6.271827057268558e-6	-7.505560149084766e-6	-1.0446000076221039e-5	-1.4258583452397137e-5	-1.8860735054911787e-5	-2.470393052449171e-5	-2.8891615044390053e-5	-3.242957864052487e-5	-3.6577051218573964e-5	-3.926988074998139e-5	-3.9959728787616194e-5	-3.7529753241748176e-5	-3.095730115396794e-5	-2.086016279417152e-5	-9.814943747066956e-6	-1.619846844548925e-5	-6.460262028020608e-5	-0.00015106097204283658	-0.0002374846205430679	-0.00031941717252952084	-0.0003338381160487152	-0.00042894504176903264	-0.000446418512572988	-0.00031128708139795125	-0.000340253042884972	-0.0004705123879920891	-0.0004690676074555616	-0.00020133071806927025	-9.778210068901726e-5	-0.0002359251629561326	-0.0002734754801954342	-0.0002549713213999272	-0.00015599048762762746	5.9484391327566104e-5	0.00012941136625851946	3.3152996190347057e-6	-0.00015558249515101874	-0.0002751674872117013	-0.00032008516121905667	-0.00031677682623288544	-0.0002974187328710909	-0.00025646434177739597	-0.00021059389750718163	-0.00015209088697655526	-0.00047406732879562424	-0.0006325473811408244	-0.000641454638039031	-0.0005928821048906477	-0.0005234875269811284	-0.0004360753403558417	-0.0003561510204157583	-0.00028691564180928497	-0.00022891349074540682	-0.00018078633828681742	-0.00013943537134370604	-0.00011389267955391051	-0.00011047040910077548	-9.285170128429941e-5	-7.710572339034855e-5	-7.074706146435739e-5	-6.95103563250199e-5	-7.980050357493662e-5	-8.43363219971832e-5	-9.358762660238022e-5	-0.00010432803742004697	-0.0001145353738284463	-0.00011544006701079411	-0.00010488296962700426	-9.411407688331845e-5	-7.903864904148378e-5	-6.24419281363385e-5	-4.730403406223021e-5	-4.35637631328832e-5	-5.218364150082893e-5	-6.477627149947818e-5	-6.93868771792748e-5	-7.036496788882796e-5	-7.463157413031482e-5	-7.980659257359954e-5	-8.448606419499126e-5	-8.995489453149373e-5	-0.00010082163852702038	-0.000103982349054961	-0.00011412361833546338	-0.00012101178762389044	-0.0001215844568362885	-0.00011852641522338418
-2.934928404365981e-6	-6.0816832472831975e-6	-7.065939074623293e-6	-7.591096308945561e-6	-6.290613353571866e-6	-7.305008131058311e-6	-8.280313414099627e-6	-8.681856885424562e-6	-7.1971427705345625e-6	-7.070564313617181e-6	-8.187906239522438e-6	-8.940558783219164e-6	-8.507648917494871e-6	-8.172890703507345e-6	-8.254037091402072e-6	-6.705805043736613e-6	-1.5437018904915915e-6	4.2763288895207585e-6	5.607830470604965e-6	4.345858739605683e-6	4.834065412502239e-7	-4.066920861493448e-6	-7.4628179775205325e-6	-9.676268803143068e-6	-9.329127189728129e-6	-8.305737597257695e-6	-4.968355447106804e-6	-2.532574220866571e-6	3.6013349420660473e-7	3.847927749003888e-6	5.1077849523746555e-6	5.1349885823483155e-6	4.857426142085633e-6	3.709384324224532e-6	3.3043161522944282e-6	2.955297031398407e-6	-2.619182442546025e-6	-9.766916149542976e-6	-1.4024748278950587e-5	-1.3957285533491152e-5	-1.2399956988940959e-5	-1.1631650308728534e-5	-1.167747257940256e-5	-1.4486290189326746e-5	-1.7831546406544413e-5	-2.2885219034488726e-5	-2.803517663244742e-5	-3.0595162297739065e-5	-3.232833458398365e-5	-3.465444494950634e-5	-3.510119623347657e-5	-3.45857399902498e-5	-3.212052715820257e-5	-2.3285113756859457e-5	-1.1785336020888463e-5	-1.3242196163394669e-5	-4.649698923412867e-5	-0.00014139708882920932	-0.00023901726660174522	-0.0003536447658368871	-0.00038087787635181913	-0.00042257995121804803	-0.000518425490535733	-0.00035510752500415155	-0.0002989906428777639	-0.0004919315327485407	-0.0005455342119015105	-0.0003139719451875772	-4.2578908975021694e-5	-0.0001506905446778395	-0.0002423800425557093	-0.00025293351154850874	-0.00018236300633640842	2.650122491246187e-5	0.00019011171148615444	7.2657501629797e-5	-0.00011275753698802847	-0.0002655175730757048	-0.0003087314032245228	-0.0003129678840304434	-0.0002918623039430135	-0.0002552581722381486	-0.00021203628364826335	-0.00016089112592123506	-0.0004120594955308795	-0.0005925706137149128	-0.0006318960770433646	-0.0006047872373043939	-0.0005352551516162735	-0.0004530616379890689	-0.00036936772698607784	-0.000293353580468024	-0.00022939657261418497	-0.00018430211300244495	-0.000146559892737555	-0.00011750996297982956	-0.00010961045075058572	-8.911502410568344e-5	-8.192290097165655e-5	-7.005152061721753e-5	-5.714837973506969e-5	-6.117892551067705e-5	-6.913826095834852e-5	-8.143416201783493e-5	-9.069406449804805e-5	-0.00010785609066022576	-0.00011139965631814379	-0.00010705787985721553	-9.913069550339727e-5	-8.568398197992404e-5	-7.119536947833294e-5	-5.9117168419667986e-5	-4.9725672798123226e-5	-4.65653807288531e-5	-4.966435462753007e-5	-5.888385951795596e-5	-7.622519734547598e-5	-8.622175374931386e-5	-8.648328963774611e-5	-9.297980741460389e-5	-9.369758472788438e-5	-9.766512335191226e-5	-0.0001034997557493658	-0.00010483009275094947	-0.00010591829428504075	-0.00011146897904495619	-0.0001207284529183665	-0.00011769016257422506
-3.7040221787638067e-6	-5.269282918524998e-6	-6.007174347798932e-6	-5.299286603608309e-6	-6.066916576324271e-6	-8.19487881687734e-6	-7.9228127530806e-6	-7.279173013592827e-6	-7.631105700144948e-6	-8.83078280096948e-6	-9.826552622277905e-6	-1.0242469429566116e-5	-9.43562638775191e-6	-8.536121275429763e-6	-8.676472417596358e-6	-4.336796170117431e-6	1.589924071847444e-6	5.345120776111683e-6	5.307643978188017e-6	3.3976673200191566e-6	-7.53172898397894e-7	-4.896778387506254e-6	-6.990468289945136e-6	-8.93220696517559e-6	-7.386769364584044e-6	-5.3272597921524825e-6	-3.3865349218474557e-6	-2.101438218316681e-7	2.819597382181307e-6	4.300985874958543e-6	6.014020000316005e-6	6.615299730531806e-6	5.172312133715912e-6	5.318014729754557e-6	5.942314186286462e-6	3.3752093296906395e-6	-4.359189734442354e-6	-9.754979094465932e-6	-1.3781842724339131e-5	-1.4134113497654697e-5	-1.3471765901180292e-5	-1.2461820318070483e-5	-1.1965560974772775e-5	-1.4212804517283946e-5	-1.9695430312702267e-5	-2.4954209163451088e-5	-2.8984929604028428e-5	-3.032778548694298e-5	-3.0488675418962465e-5	-2.995653271883197e-5	-3.1764371330716273e-5	-3.226777839067732e-5	-2.7585074827661534e-5	-1.7341060336815983e-5	-7.62819305335019e-6	-3.41232808827828e-5	-0.00011989818732034001	-0.0002342759490418268	-0.0003703924556278624	-0.00041925794643741377	-0.00041791576364889194	-0.00056811595046391	-0.0004729755486571063	-0.00030435488346160916	-0.00047411063209060184	-0.0005947596675142525	-0.0004503667929041388	-1.5626060514972728e-5	-2.014007467743273e-5	-0.00021209372209896046	-0.0002506749039680317	-0.00021066827496883653	-2.3594402213250595e-5	0.00020201895208765694	0.00012774388081625981	-7.599456537145388e-5	-0.00024946858710739317	-0.0002982485981491492	-0.00031030847399016875	-0.0003004414954235063	-0.00026187687717123265	-0.00021866267733115782	-0.00016469785166749185	-0.00032164760841758844	-0.0005354596943792089	-0.0006050223066902255	-0.0006067937301495324	-0.0005540205112817415	-0.00047787204787881615	-0.00039479260516110665	-0.0003146232600836907	-0.00024370840436861715	-0.00019065806036808877	-0.00014701777588301684	-0.00011357756840059406	-0.00010267186404452204	-9.212283050112623e-5	-8.191356863640475e-5	-6.834254071951679e-5	-6.083828345618269e-5	-5.261312902276465e-5	-5.53448893918923e-5	-6.54229141130655e-5	-7.916076615824968e-5	-9.481092055115685e-5	-9.980388366876562e-5	-9.847671776338009e-5	-9.415375482307169e-5	-8.643607476901265e-5	-7.186741670522911e-5	-6.241998240985244e-5	-5.38153224457008e-5	-5.047669054654771e-5	-4.958419113666734e-5	-5.529849524251936e-5	-6.199642061657448e-5	-7.232878641719523e-5	-9.055572346670925e-5	-0.00010221927625089082	-0.00010307978408558362	-0.00010908410141971177	-0.00010830735997727907	-0.00011069849254917093	-0.00010779879405569888	-0.00010727887728547227	-0.00010674838401463284	-0.00010657919804948206	-0.00011306940968366581
-3.703270842921307e-6	-3.8056720467571736e-6	-3.059216958532437e-6	-4.905666031815997e-6	-7.0275937331812704e-6	-8.25815139199066e-6	-6.865992583510171e-6	-7.531914637337946e-6	-8.647070405087658e-6	-1.1172305200662749e-5	-1.1319903017335471e-5	-1.0196793935471696e-5	-9.929136912624134e-6	-9.455457817002418e-6	-6.880871393499798e-6	-1.2321551629479108e-6	2.1752138745822006e-6	3.5545038321125456e-6	4.233245779741365e-6	1.892020885124225e-6	-1.1055964195365309e-6	-4.722593388399587e-6	-6.912168580563981e-6	-5.6668199755090234e-6	-5.056725849682253e-6	-4.614164345745353e-6	-1.0384239095776598e-6	2.1014443874270428e-6	4.079153269505309e-6	7.51316267229643e-6	8.410061124071444e-6	7.474209781904022e-6	9.134245448775072e-6	9.970368774299063e-6	5.8671010649651015e-6	3.7079105085803528e-6	-3.436707342319156e-6	-1.023938487167489e-5	-1.1974576403150567e-5	-1.3269130114340956e-5	-1.0993737815717315e-5	-8.523128844405495e-6	-1.065730867270964e-5	-1.3847198593926883e-5	-1.760091286042917e-5	-2.4181382232962147e-5	-2.7558089686109674e-5	-2.7568353600394138e-5	-2.68158593529251e-5	-3.0055833397189116e-5	-3.5350354783171556e-5	-3.3924362516195294e-5	-2.1288988811835743e-5	-2.279292022049767e-6	-7.841915734396049e-6	-8.688713688418877e-5	-0.00021599986047829073	-0.0003606709056739286	-0.0004737338629018372	-0.00042067816647707584	-0.0005534830362910123	-0.0006307763671196259	-0.0003240879405553426	-0.00041066763587817296	-0.0005811151297576561	-0.0005549336119532039	-3.071555887239341e-5	0.00013513192218851666	-0.00013048675430102352	-0.00028819825892076323	-0.00024098286035938163	-7.867307890221942e-5	0.00017751088849694838	0.00019938960161766658	-2.0858630035876232e-5	-0.0002289543765297483	-0.0002929417038154483	-0.000312968840036551	-0.0003116068881224565	-0.00027914525391713185	-0.00023358716367410934	-0.0001803202921181468	-0.00019474571226474333	-0.00048248900942279843	-0.0005669861339978322	-0.0005977209784416293	-0.0005647888993726841	-0.0005024453818714553	-0.0004212406036398913	-0.0003434093268431248	-0.0002685635791012386	-0.0002073132829901597	-0.00015767043747005882	-0.00012374067877123085	-0.00010109316044872028	-8.31456817024928e-5	-6.862039408916942e-5	-6.799264998681026e-5	-6.212839073500148e-5	-5.586392748131024e-5	-4.515341921976917e-5	-5.377684103146512e-5	-6.318056208418077e-5	-7.20927840862362e-5	-8.682599446276777e-5	-9.400318110724946e-5	-9.235873203380927e-5	-7.739982175146431e-5	-7.022704322364945e-5	-5.874652907146213e-5	-5.0003556221860084e-5	-4.606081812621662e-5	-4.7660108151714724e-5	-5.4775356310172295e-5	-5.678548586213194e-5	-6.982074453104267e-5	-7.851225764356554e-5	-9.157476403695226e-5	-0.00010264295036751385	-0.00011644740861675716	-0.0001195417339010414	-0.00011683681175322923	-0.00011593675301475175	-0.00011310652808229833	-0.00011034605074296265	-0.00010806786288324737	-0.00010074376324484267	-9.967204108504017e-5
-2.803171479388421e-6	-2.1062587248323397e-6	-2.321857769525988e-6	-5.441028880161409e-6	-7.565353625136293e-6	-7.62704898153374e-6	-7.121513714023266e-6	-8.391666902378761e-6	-9.868946198449136e-6	-1.1142292665779206e-5	-1.1478722361729988e-5	-1.0655420808387306e-5	-1.1232652739260987e-5	-8.952860574749054e-6	-3.4961699523937055e-6	-9.325944123938014e-7	1.2791517113109122e-6	3.0670841273628883e-6	2.7966306706409326e-6	1.8299675549849832e-6	-6.746219224527602e-7	-4.388427734267411e-6	-3.6564362052449863e-6	-2.7803203912334785e-6	-2.7020702244705953e-6	-2.2589151252652706e-6	2.308129327856928e-7	4.2246099034391055e-6	8.29737071693544e-6	9.308212870189764e-6	9.671456203171752e-6	1.2679914784168368e-5	1.1951108462235347e-5	1.0060225547579849e-5	9.997940870381042e-6	1.64659113167237e-6	-3.3696588054576977e-6	-8.043211376877052e-6	-1.3512868753638717e-5	-1.1311937964022382e-5	-6.542991680142523e-6	-5.915902582262835e-6	-5.476248458608639e-6	-9.826891416483269e-6	-1.6697761543674888e-5	-2.161401856104472e-5	-2.4148004071616183e-5	-2.6174817695234772e-5	-3.1077529742337684e-5	-3.7054190488508554e-5	-3.68059654477261e-5	-2.3458294410704652e-5	2.0871213069449668e-6	1.248947530682956e-5	-4.9512870713142025e-5	-0.00018441671357323147	-0.0003336344915291257	-0.0005136744457958156	-0.00048727871256211414	-0.0005063798947215273	-0.0007438023131222867	-0.00048173565787498757	-0.00031187955824678315	-0.0004999245642456351	-0.0005544654003292182	-0.00021875382594759016	0.00021438334189480265	-1.730373969111021e-5	-0.00023333481900117412	-0.0002809527946227852	-0.00014317654327758444	7.520904172879372e-5	0.00024278664083506038	3.714602716132359e-5	-0.00019634364214777403	-0.0002783110198681035	-0.00031200151576898927	-0.0003103456877769084	-0.0002905537397918795	-0.00025239332694139416	-0.00020641333555587724	-0.00014473010684877552	-0.00043102360426476577	-0.0005315941264873864	-0.0005746211547818375	-0.0005693914013893409	-0.0005217325081945806	-0.0004495051558403573	-0.0003738019045337881	-0.00030296546209285236	-0.0002374414706084876	-0.00018338801094017196	-0.0001387838252956894	-0.00011262385559741848	-8.818666441621352e-5	-7.48561765958472e-5	-5.99202006372132e-5	-4.986917927218836e-5	-4.929654002713834e-5	-5.163669147215804e-5	-4.7973007380811e-5	-5.115207103376095e-5	-5.7583668757778255e-5	-7.42774938344154e-5	-8.175146943949219e-5	-7.458752037227748e-5	-7.41783150529085e-5	-6.619708546509034e-5	-5.294363984763641e-5	-4.503590332691903e-5	-4.116353587201374e-5	-4.1278147154717726e-5	-4.712722158047369e-5	-5.517638682105488e-5	-6.550359485510068e-5	-7.267785557402151e-5	-8.331924970924816e-5	-9.65645974748859e-5	-0.00010735454546812946	-0.00011709808223981168	-0.00012561521589614724	-0.00012739527548112292	-0.00012287036948869026	-0.00011634265019476799	-0.00011296090666589735	-0.00010926283054322679	-0.00010253362311756982	-9.584322843833244e-5
-1.6946124814813319e-6	-1.5350061499663779e-6	-3.044705153688702e-6	-7.17145682302498e-6	-6.953029089442306e-6	-7.482205331113718e-6	-8.704228256131014e-6	-9.012832570109292e-6	-1.0550207390114424e-5	-1.0535296045928106e-5	-1.0218151647620015e-5	-1.2022192548660595e-5	-1.0933491715074335e-5	-6.518964109302436e-6	-3.872175166228994e-6	-1.9857838328340635e-6	6.102206982988925e-7	2.2990668938939474e-6	2.3811115703936334e-6	1.63961265083664e-6	-1.2399907923371645e-6	-1.7672676202225982e-6	-1.470314674048914e-6	-7.919495950952509e-7	-7.265203954935627e-7	-2.0646505880829444e-7	1.5863508857211215e-6	7.108571294534709e-6	9.173256013302045e-6	1.1271963901550787e-5	1.471468374122757e-5	1.316823699235893e-5	1.4571571884227154e-5	1.2852664142389348e-5	6.565658308916102e-6	1.8447224921658981e-6	-6.587998874728328e-6	-1.2583833264691658e-5	-9.550896391038316e-6	-7.525933972156103e-6	-1.4769198667871628e-6	6.833154376530147e-7	-1.8659674499987842e-6	-7.3313435509057825e-6	-1.3882969990622327e-5	-1.9555378399493256e-5	-2.2852190690973714e-5	-3.053637457912234e-5	-3.73648242663234e-5	-3.86413299036277e-5	-2.576911429467282e-5	1.8766598843499014e-6	3.680678045334118e-5	5.130888444150605e-7	-0.00014808927363465368	-0.0003095160581718763	-0.0005087964899874384	-0.0005870781291444568	-0.00047997595873944943	-0.0007487805753908504	-0.0006844645633694717	-0.00022764120189561196	-0.0003593852597894714	-0.0004857406793196822	-0.0003395578352782119	0.00022464846189881868	0.00010625397220062614	-0.00014382235281190647	-0.00029396645339317684	-0.00020868666141937023	-2.548324335837487e-5	0.00024108630133478495	9.823795149750679e-5	-0.00018023347181025937	-0.0002796714874660558	-0.00030819034154121877	-0.0003170431276452307	-0.00029996751593069915	-0.00026647409378903475	-0.00022196719618589042	-0.00016667656573508824	-0.00036360581923827734	-0.000510488680450713	-0.0005574554070089666	-0.0005689551648823538	-0.0005364205370693431	-0.0004705392137992897	-0.00040113755546411495	-0.0003333208656568914	-0.0002704282694478144	-0.0002169610916272213	-0.00016890578402074805	-0.00013578994515189152	-0.00010410015328053689	-7.932417463770575e-5	-6.379318611988288e-5	-5.709025450734844e-5	-4.610853881863163e-5	-4.392525833080834e-5	-4.305032428632282e-5	-4.898160902485487e-5	-5.507593625955764e-5	-5.346349762642282e-5	-6.532805082483384e-5	-6.694528718268616e-5	-6.625558318130997e-5	-5.6644041822491435e-5	-5.127266191912865e-5	-4.176037690564043e-5	-3.169501331312316e-5	-2.9336572255657386e-5	-3.322501337639852e-5	-4.247594697845413e-5	-5.2995110340001144e-5	-6.748716950945657e-5	-7.677716343549787e-5	-8.8767361224127e-5	-0.00010006193661192887	-0.0001115166433913843	-0.0001200337460829058	-0.00012514678859182338	-0.00013111644273566467	-0.00012801029917065138	-0.0001217552535789229	-0.00011771907271673417	-0.00011202060074900001	-0.00010639561889933673	-9.869730842066575e-5
7.728868272379591e-8	-1.6368607505664807e-6	-5.699352318214167e-6	-6.93107842983636e-6	-7.163317847420392e-6	-8.904076803130379e-6	-1.0332555473659306e-5	-1.0499249909691649e-5	-1.0058440330098194e-5	-1.0309277273545282e-5	-1.1718207784325306e-5	-1.276909961502124e-5	-9.669519200096455e-6	-6.881414340263735e-6	-3.6736717048393634e-6	-1.6751571646749645e-6	-2.058453098729637e-7	1.8783924773686093e-6	2.279047393513589e-6	-1.0603527062467975e-8	1.3034587515239891e-8	-1.8075323681386588e-7	1.5341140901029005e-8	2.2347979207210794e-6	2.953575779134423e-6	2.8557791060309502e-6	6.9670891180827885e-6	9.281844260203287e-6	1.1261774325588279e-5	1.558120668078422e-5	1.4380931347016469e-5	1.81479058289271e-5	1.6227535331106435e-5	1.2274143290288973e-5	5.9452889009450885e-6	-3.040796737671658e-6	-7.429677511237852e-6	-6.267058714429923e-6	-6.442650726063911e-6	4.890463034534775e-8	3.8079862071764554e-6	4.69867427301332e-6	1.196247267909456e-6	-3.7567554861221704e-6	-1.003925538620859e-5	-1.7851747033739707e-5	-2.70188706152398e-5	-3.3697156631880276e-5	-3.676770809471139e-5	-2.885335261730917e-5	-1.1549286809027504e-6	5.0500589170512915e-5	4.899693510076671e-5	-6.784609850925966e-5	-0.0002690840657389691	-0.00044900779102826147	-0.0006649053354342709	-0.0005471479824336462	-0.0006636567471138623	-0.0008518736946318966	-0.00030204956699871055	-0.0001398707136657934	-0.0003189364212834167	-0.00037293673839193514	4.923660784639238e-5	0.00020138097556708642	-7.644571885234708e-5	-0.00028206386872443173	-0.00026756308947953333	-0.00011267072630785634	0.00014312008034863405	0.00015592769744658674	-0.0001282047109316467	-0.000290987133368982	-0.00032959739540514704	-0.00033292579899521496	-0.00031710164364109894	-0.0002797447905484099	-0.0002356511972318939	-0.0001796644471868322	-0.00023712966802820476	-0.0004650005421946018	-0.0005492672889868128	-0.0005675061036554407	-0.0005507426321417486	-0.0004995309831144074	-0.0004358901747360255	-0.00036423005857037777	-0.00030213903666302666	-0.0002440859136771528	-0.00020007726031501247	-0.00016312097844348172	-0.00013382958784138171	-0.00010133304776879791	-7.540220435878209e-5	-6.003852985516505e-5	-5.011853755360756e-5	-4.664320054324766e-5	-4.393757720936447e-5	-4.639302271340628e-5	-4.627634692545151e-5	-5.103995039112962e-5	-5.30353354115387e-5	-5.471888979251271e-5	-5.7254939006025345e-5	-4.870453278963543e-5	-4.483296575782599e-5	-3.7166793438476314e-5	-2.916442421764531e-5	-2.250540500486897e-5	-2.128963648168752e-5	-2.7569025458796383e-5	-3.6474002626778884e-5	-5.117530375159384e-5	-6.611025769789197e-5	-8.002071576976993e-5	-9.321151256446238e-5	-0.00010227490941823457	-0.00011364324833821117	-0.00012282562819468726	-0.00012775492178908332	-0.00013130641623917277	-0.00013082072016380036	-0.00012654208559909758	-0.00012228459253223536	-0.0001128585375110777	-0.00010645034120675133	-0.00010105199930955307
3.920404826511861e-7	-3.796120836836551e-6	-6.339905027829758e-6	-5.699126758083698e-6	-7.400388225939531e-6	-9.145789540195709e-6	-9.631661394555839e-6	-1.0858032246756353e-5	-1.0097159602027485e-5	-1.0271625027315559e-5	-1.388115166431683e-5	-1.1362907216170245e-5	-9.398118213017372e-6	-7.527526773567702e-6	-4.0562521494858644e-6	-2.5514476734720196e-6	-3.163711507396874e-7	2.1203805150495775e-6	5.422357712576292e-7	6.159448954568339e-7	7.549208220353209e-7	1.0408095988800187e-6	2.460966375345333e-6	3.7602185308602955e-6	3.416195261786783e-6	8.141968777788597e-6	9.258604299899886e-6	1.1501979040430889e-5	1.530080950178439e-5	1.4838927000137765e-5	1.984709316923787e-5	1.8651196732888398e-5	1.5276872600061484e-5	1.0858517351334389e-5	2.5598897025573553e-6	-2.5229528589996303e-6	-4.033290644826423e-6	-4.696243898318422e-6	1.2310553618166686e-6	5.851174785572593e-6	8.901903237983066e-6	8.14610124147408e-6	5.8573351464225035e-6	-8.023559030720384e-8	-1.0368728889809801e-5	-2.0484215723388238e-5	-2.6147893420792875e-5	-3.066449463058271e-5	-2.9743672011039304e-5	-6.197835734217393e-6	3.693813837701149e-5	7.384710820276807e-5	1.716115393237197e-5	-0.0001861321579396495	-0.0003829580458953804	-0.0006210297935627107	-0.0006987322199352232	-0.000572365193955704	-0.000886649487727778	-0.0006052314312481738	6.590511643367325e-5	-0.00014031348500621876	-0.00036605854027236395	-0.00020276403815515373	0.00023434644359603127	-7.742452512449205e-8	-0.0002308461204744011	-0.00026652425628905657	-0.00018396938688148426	1.4051261413086656e-5	0.00020582481756285795	-8.778339541815754e-5	-0.0002948419971495961	-0.00035130594186732334	-0.0003676520316268569	-0.00034866822892429256	-0.00031021028768733055	-0.00026054786052189666	-0.00019125380404817063	-0.00012040351283267718	-0.00039888263954866715	-0.0005243117563594538	-0.0005691622639338034	-0.0005604409253952974	-0.000527782742726704	-0.0004619313943507452	-0.00039781982946567035	-0.0003341580346628847	-0.0002789187426594647	-0.00023019338653111618	-0.00019277114227805867	-0.00016420895084228587	-0.000130470509613137	-0.0001042845153981231	-8.039249747675281e-5	-5.9786496933722504e-5	-4.871621675939935e-5	-4.3150981485912114e-5	-4.614282176837458e-5	-4.532214486520358e-5	-4.876098017112667e-5	-5.131649135573651e-5	-4.45410555660608e-5	-5.4572105384967366e-5	-4.091935887351461e-5	-3.7794310931739405e-5	-2.9175510336647278e-5	-2.543329653869122e-5	-1.6408021577714316e-5	-1.5091535410672456e-5	-1.61263817946046e-5	-2.1772713861868683e-5	-3.267400751003069e-5	-4.881904114902718e-5	-6.832520831664274e-5	-8.105442806738763e-5	-9.510269855699317e-5	-0.00010717387976437799	-0.00011378778180110015	-0.00012223574711017066	-0.0001283617482705085	-0.00013162257902522845	-0.0001332842589551672	-0.00013145095787694613	-0.00012423586599578929	-0.00011431247521915404	-0.00010633151175960114	-9.90210637552731e-5
3.528613490809407e-8	-4.4199606079103546e-6	-4.774332337353741e-6	-6.131583877243794e-6	-7.661032130402458e-6	-9.797382095064547e-6	-9.222653123510706e-6	-1.018705867003502e-5	-9.257830136180645e-6	-1.2513284123618315e-5	-1.2471827832093682e-5	-1.0695797483914643e-5	-9.82139169796413e-6	-7.434806207642051e-6	-3.7178525693183982e-6	-1.842649234693079e-6	1.2430854604136496e-6	4.707343184955775e-8	-5.253827646371778e-7	1.265244099811838e-6	1.2426914694756847e-6	2.60990199178919e-6	4.579570625712695e-6	3.8101437640786907e-6	7.607005883493097e-6	8.810775573757715e-6	1.0852847879281103e-5	1.5400495229122083e-5	1.5821302617622865e-5	1.96745397968226e-5	1.9675612891343827e-5	1.7503338622243403e-5	1.2196769429932001e-5	5.671676751297857e-6	5.195695544808754e-7	-1.1356473758345614e-6	-8.784760299838239e-7	2.777235174689432e-6	6.434250484840808e-6	1.105025071554584e-5	1.1319601603710509e-5	1.2498730566148917e-5	7.107741760610519e-6	-1.6111227803261572e-6	-9.160775903040846e-6	-1.821368377299959e-5	-2.5032986100681495e-5	-2.7179669897115646e-5	-1.0500203419423758e-5	2.6022075304017036e-5	7.232880676767e-5	6.629483635233607e-5	-7.035434806349633e-5	-0.0003248576601407212	-0.0005016279153993372	-0.0007655634958001616	-0.0006212201621386484	-0.000764613878765849	-0.0008443589820383844	-8.699488785596232e-6	-5.9521794481057204e-5	-0.00032120143795156403	-0.0003526076605177286	0.0001223398070349102	0.00011266234483959385	-0.00016670073051984477	-0.00029234617049227196	-0.00023901122923278975	-9.810912084910055e-5	0.00016639764368903823	1.5749569682275977e-5	-0.00030900290620521076	-0.0003839977046407594	-0.000400051644784162	-0.000382380008624554	-0.0003437303775378347	-0.00028828453190170994	-0.0002276999723537301	-0.0001346861043267228	-0.00029484923510982725	-0.0004645206310750771	-0.0005401145857170456	-0.0005683208017257316	-0.000547306898781609	-0.0004961869609848915	-0.00042993035182306566	-0.0003630960417316114	-0.0003070670159116551	-0.0002582745288904481	-0.00021940953079998407	-0.00019308576679807202	-0.00016333576091046714	-0.00013237101844330856	-0.00010786216347175025	-8.713159200222918e-5	-6.65231890840251e-5	-5.67084213354968e-5	-4.8556156751616835e-5	-4.43494067208297e-5	-5.001771763695622e-5	-5.525235147879614e-5	-5.009828489555001e-5	-4.703021186467509e-5	-4.428561417319648e-5	-3.627526629773614e-5	-2.7994476745410443e-5	-1.988874165186061e-5	-1.2679345832815324e-5	-5.95574489248643e-6	-2.5513493119404262e-6	-1.1216723264182575e-5	-2.130000558526676e-5	-2.9997234915219575e-5	-5.086455955862975e-5	-6.342575522948202e-5	-8.112097146361491e-5	-9.659127507164951e-5	-0.00010822203735374665	-0.00011493755133849119	-0.00012084780723863041	-0.00012888555081047928	-0.0001330850249773273	-0.00013348883216249968	-0.00013290986925406853	-0.000125790486393048	-0.00011810395192206334	-0.00011263610717954577	-0.00010417754344729453
-2.2385160484148306e-6	-3.526772954622406e-6	-4.412828894071082e-6	-6.6252834978169214e-6	-8.709364276320887e-6	-8.7560463220282e-6	-8.58883108406129e-6	-7.276205563088756e-6	-1.0984320796144328e-5	-1.2498601429538658e-5	-1.0256198578677093e-5	-1.1378097650258793e-5	-9.454707194022846e-6	-6.755691026125859e-6	-4.248379420609613e-6	-9.303942273726494e-7	4.863091645958967e-7	-1.66774481323486e-6	2.8660658373501346e-7	-3.417339545022657e-7	2.4111458868988217e-6	4.4998600494654956e-6	3.1266546155536003e-6	5.798664971584307e-6	8.630068095696539e-6	1.0214397074470236e-5	1.4008602524512302e-5	1.4943507439498306e-5	2.072801618389387e-5	2.0344980680622043e-5	1.8929367150361323e-5	1.6220999576096323e-5	9.949221345872603e-6	3.575965738800146e-6	-9.872065242100964e-7	-2.4377606975146265e-6	5.98554880789845e-7	6.903797395959101e-6	9.417967003055167e-6	1.2593581369792562e-5	1.6391001490118073e-5	9.324251180192755e-6	5.2191862810746495e-6	2.992909522644971e-7	-1.0005343938340044e-5	-1.994395462581039e-5	-2.0087434948919125e-5	-1.5790441241884945e-5	8.177896066493412e-6	5.343811257212116e-5	9.297099799005988e-5	2.7993075728521135e-5	-0.00020180951777314796	-0.00042660853750422703	-0.0006634808960700663	-0.0007600414989213099	-0.000588133915136943	-0.0008631428788721806	-0.000264113326131285	6.37599010264514e-5	-0.0002382519240923253	-0.00039044316889856595	-0.0001436988797702196	0.00018974023626144168	-9.166664643057292e-5	-0.00032981375031222726	-0.0002930814852744254	-0.00020419159425365954	6.973740096678781e-6	0.0001410921785871891	-0.0002836178814588988	-0.00040198216855885644	-0.00043015294982646357	-0.0004162073502468263	-0.00037487893767961655	-0.0003215976687861652	-0.00025984629812431104	-0.0001851324094677073	-0.0002174335468185101	-0.0003883754217315002	-0.0004998087429607806	-0.000543094103174456	-0.0005466255205205037	-0.0005155790291878556	-0.00045498930768828044	-0.00039066870081809474	-0.0003340817791462266	-0.0002867854730168734	-0.00024735232278215447	-0.00021207456064702143	-0.00018417818004219652	-0.00015889022242018824	-0.0001399774446310051	-0.00011387156462986518	-9.087779324640914e-5	-7.646552087261366e-5	-6.630471703367863e-5	-5.7084354149021514e-5	-5.472379023454404e-5	-5.827256179761347e-5	-5.525231641569788e-5	-4.9998152102867503e-5	-5.062056743828507e-5	-4.121003935233375e-5	-3.306887166442535e-5	-1.955839804348991e-5	-8.474563260342516e-6	-2.3195827420288695e-6	4.073924444319976e-6	2.6081713394923707e-6	-7.754118874769844e-6	-2.1548375713983933e-5	-3.13955141723575e-5	-4.9856387779063226e-5	-6.720004347903971e-5	-8.116349340661286e-5	-9.573490525717833e-5	-0.00010673046376818289	-0.0001164617782420385	-0.00012305636982491708	-0.00012874209319056404	-0.00013217720286340384	-0.00013380187771552116	-0.00013430976562043076	-0.00012790223770505968	-0.00011978888363010919	-0.00011517441596796406	-0.00010692311402590858
-2.974089469707022e-6	-3.7563037912340803e-6	-5.587480543349509e-6	-8.574750211634043e-6	-7.839595555299457e-6	-7.058953698261746e-6	-7.500927832961197e-6	-8.510866273889195e-6	-1.3162364872077585e-5	-1.2003054791960044e-5	-1.0277838175258742e-5	-1.045046592665355e-5	-7.36012774978003e-6	-5.445405056232234e-6	-1.544088229672724e-6	2.2025789910484414e-6	3.1685762954397623e-7	1.246801080889877e-6	1.068356118632749e-6	4.759736821260268e-7	2.677536794712387e-6	2.5991319665095987e-6	5.784513818461733e-6	7.562785131216137e-6	9.69672305233156e-6	1.3319462985892162e-5	1.5542637158858993e-5	1.8879620740028247e-5	1.927130728216972e-5	2.028068294898655e-5	1.939356579516195e-5	1.5104888764468428e-5	8.69416656181475e-6	2.4700850577170225e-6	-3.3934115283365535e-7	-4.076372106618514e-7	2.197736567385866e-6	7.134356771803726e-6	7.653256641707712e-6	1.3061194893649803e-5	1.2754496590827722e-5	8.663840749423973e-6	8.157513651119858e-6	-7.669464997979435e-7	-1.288363025205713e-5	-1.8338357124069588e-5	-1.657802069449446e-5	-6.073476877671568e-6	3.269452490857472e-5	5.629468858301192e-5	7.814900602727895e-5	-2.2645540867852195e-5	-0.00032117398377331033	-0.0005346667086717286	-0.0007965920923325847	-0.0006280901645137893	-0.0006850915635139842	-0.0005964080879335143	7.473556688872979e-5	-0.00010255896190896478	-0.0003626800665346152	-0.00032470918371642343	0.00014206759074274905	1.6244116837239864e-5	-0.0002852710465203398	-0.00034302966493791187	-0.00026326295592300764	-0.0001402721008575067	0.00016622880706466944	-0.00012802179156189142	-0.0004017575210447238	-0.00045894446667506245	-0.00045852479679895497	-0.00041697714747192244	-0.00035083489822052694	-0.0002881409895405529	-0.00021748970343866272	-0.00013232419816995578	-0.0003085628223200784	-0.00046011032700868365	-0.0005189844067519933	-0.000533685237604116	-0.000523578649750181	-0.00047313622941400063	-0.0004062220480133271	-0.00034429094876702726	-0.0003035194039895453	-0.0002699080775938126	-0.0002340570221361429	-0.0002023383018643146	-0.0001771451720771269	-0.00015413854073317856	-0.00013817570421181813	-0.00012054017343738481	-0.00010399296807798301	-8.791483053702252e-5	-7.629041764642408e-5	-6.640042790780065e-5	-6.630725192004194e-5	-6.277320887485699e-5	-5.3662981718861906e-5	-5.492440139850951e-5	-4.810445874102453e-5	-4.259034438059555e-5	-2.8225535840878387e-5	-1.6020406637569373e-5	-5.598492936603749e-6	2.2602967891457992e-6	6.729878481749606e-6	5.214147603266327e-6	-6.350983703783813e-6	-1.8204569904485546e-5	-3.5538655481989756e-5	-5.365096685059494e-5	-6.96218082642773e-5	-8.429516950994932e-5	-9.77743410649108e-5	-0.00010598429987362239	-0.0001175553404945094	-0.00012374849232355337	-0.00012933729690543794	-0.0001323676841313154	-0.0001336168822178678	-0.0001344135005555691	-0.00013022205808252071	-0.0001229346659518092	-0.00011634394395153637	-0.00011098025041273925
-1.6016472328093943e-6	-4.024199175929263e-6	-7.651448737295598e-6	-9.506559645391932e-6	-7.796415198006203e-6	-7.076407022204092e-6	-7.231609855753474e-6	-1.0571651052389967e-5	-1.2275556981501677e-5	-1.0816359963185423e-5	-1.0969886406046214e-5	-1.0720934339944475e-5	-7.538231578665607e-6	-3.4218660348826753e-6	1.0433750245080267e-6	9.81110995939595e-7	-1.408563993525111e-7	2.004707161449952e-6	4.411530223156351e-7	1.4710841865408356e-6	3.1580336327767518e-6	4.026503468753523e-6	5.824308440052771e-6	8.21742517781443e-6	1.2208541810962077e-5	1.4182302890668878e-5	1.8712640958247137e-5	1.859193782000751e-5	1.98375284352504e-5	1.8881438448338506e-5	1.7369635509642892e-5	1.2006967355050397e-5	8.214163165843127e-6	4.3208861402049825e-6	1.6398355600927975e-6	2.5716907986819693e-6	3.4476868571425147e-6	5.943308844201522e-6	7.703366173032397e-6	8.63955965687939e-6	8.477908609513807e-6	9.469922263895258e-6	6.2874134609640356e-6	7.958053378602502e-7	-1.2125963080866773e-5	-1.681950079429964e-5	-1.1782433730934959e-5	1.1051604358221221e-5	2.2405326552399348e-5	5.1811555566716454e-5	7.795477794097366e-5	-0.0001442758724014108	-0.00042428648105736344	-0.0007095647240780433	-0.0008009035775942765	-0.0005106551704712678	-0.0006339946153136045	-7.267493629461996e-5	3.968582673857107e-5	-0.00027504871197465974	-0.00041931707190669126	-0.00012626721116165002	0.00017068959017475097	-0.0001798402511545699	-0.00037478896615979884	-0.00031744813520483833	-0.0002105526128448609	-1.2434928325748272e-5	8.709159825606715e-5	-0.00036213916422903053	-0.00046947268329822206	-0.00048534113932657824	-0.0004579009018528326	-0.0004012715853823553	-0.0003304855014651942	-0.00025377918046100983	-0.00016546772198949844	-0.00024273369121988184	-0.0003830891309253639	-0.0004895320351991014	-0.0005150983753031066	-0.0005196701769426271	-0.0004935174419086127	-0.0004333665296627278	-0.00036155921642050387	-0.0003076877954028348	-0.00027691770584491876	-0.00024562889703975965	-0.00021494118832877937	-0.00018550337080227433	-0.0001655809022012289	-0.0001481650888568095	-0.00013722917405287888	-0.0001257520481409008	-0.00011649233014852932	-0.00010253733775684308	-8.433779753128783e-5	-7.844081326320584e-5	-7.596364811051498e-5	-6.790135519824103e-5	-5.9451604316612665e-5	-4.766662537770971e-5	-4.960862371936047e-5	-4.42535302673519e-5	-3.094484805118286e-5	-1.7667502530405166e-5	-6.297229881643828e-6	2.8396298767247026e-6	7.4731644483794204e-6	3.5494897819565714e-6	-1.0800791608745612e-5	-1.9128443306312e-5	-3.732809013062485e-5	-5.4329054026847755e-5	-7.203182581655421e-5	-8.628756392129593e-5	-9.815626731551895e-5	-0.0001054938150724105	-0.0001173050762645969	-0.00012627795619064852	-0.00012936786241866602	-0.00013171743330374006	-0.00013508652778196698	-0.00013309022721787536	-0.00013054269343022035	-0.0001243789628257476	-0.00012157676657943704	-0.00011617090670511253
-2.6847629046138073e-6	-5.924626571675653e-6	-9.17641869880182e-6	-8.62870400402272e-6	-7.610074839715062e-6	-6.31621608856471e-6	-9.39564041531945e-6	-1.2736495842366467e-5	-1.1950398453469157e-5	-1.2180587422483574e-5	-1.199046150725507e-5	-8.805297558255563e-6	-7.09149034796002e-6	-1.9026836258883432e-6	7.547013415685338e-7	-2.021613266871801e-6	1.0185765615287543e-6	-3.2697997412976793e-7	1.4317998121762124e-6	3.4357241281580265e-6	3.0798464473180682e-6	6.286728510820557e-6	7.788521954113503e-6	9.540797692901906e-6	1.4430536388228275e-5	1.712588744320724e-5	1.8505748875571187e-5	1.9020480226646444e-5	2.0636776770950604e-5	1.840148946305291e-5	1.4590809582683965e-5	1.1914433182451735e-5	8.773055535076651e-6	5.583487627325647e-6	3.6550533650051005e-6	4.27337911693311e-6	5.991478829996815e-6	7.392428151824919e-6	7.314146900985751e-6	7.337482130134048e-6	7.51893790285063e-6	8.767583067979118e-6	7.894164889919036e-6	-5.3471147865372095e-6	-1.481604455007973e-5	-1.2287338887247838e-5	-1.7569215722025575e-6	2.7531938426132714e-6	1.0270761086235425e-5	8.9739454647679e-5	4.455629464559032e-5	-0.0002941240864902904	-0.0005608069472131869	-0.0008617136582631315	-0.0005558639920100542	-0.00047126570872687423	-0.00038886571822847876	4.821186134779803e-5	-0.00013548669402108776	-0.000376845731681584	-0.000331603023620737	0.00013225563918767974	-2.5537051249677197e-5	-0.000362769808528833	-0.00036834650856808893	-0.0002740230428200166	-0.00013796156185779535	0.0001472594044968356	-0.0002310795284288236	-0.00045948480510878126	-0.0005064410551081783	-0.0004935033295211388	-0.0004472451012619768	-0.00037701784957877566	-0.0002935332838339272	-0.00020438332228901732	-0.00017356685945262015	-0.0002825465020804552	-0.00042845472350127445	-0.0004995285806524974	-0.0005108263670351373	-0.0005026238500708755	-0.0004628578351324741	-0.00039576336045149535	-0.0003305169045354425	-0.0002836768319379457	-0.00025292406383246174	-0.00022875076154029586	-0.00019531012514749366	-0.00016595402701786302	-0.00015150825524723466	-0.0001396508963807594	-0.00013057758830366945	-0.00012939450298992544	-0.0001225946773351222	-0.00010976767591663188	-9.982048364970407e-5	-8.989657729156773e-5	-7.784732932065996e-5	-6.861565803387148e-5	-6.243533650154842e-5	-5.767521785680906e-5	-5.39041550545044e-5	-4.170863489652565e-5	-3.390998423898062e-5	-2.1398374175016218e-5	-6.8100025401793265e-6	1.7262377942015015e-6	6.253742337349043e-6	-3.5134454590482474e-6	-1.297870630412312e-5	-2.1619271726568825e-5	-4.079179561407992e-5	-5.793609093992721e-5	-7.486891922398042e-5	-8.752670523038893e-5	-9.86566905426811e-5	-0.00010818499596599444	-0.0001173492304631235	-0.00012471968297532443	-0.00013314389246069785	-0.0001354483261553456	-0.00013818752362011744	-0.0001342381986818575	-0.00013310523680433103	-0.00013060933345054523	-0.0001276933945734693	-0.0001259084263282098
-3.508310458008416e-6	-8.17513767185224e-6	-9.136066509980549e-6	-1.0357149214873863e-5	-8.239750610874834e-6	-7.144948491904535e-6	-9.616220683237794e-6	-1.2877067779594983e-5	-1.205700581421217e-5	-1.4220178363283894e-5	-1.2037542376731531e-5	-9.277506687150813e-6	-2.4831433675757963e-6	-1.3708774512701664e-6	-2.0328869365865768e-6	-8.827978956573236e-7	1.5719875271283377e-6	4.922253522745418e-7	3.3532472751198607e-6	1.5560726643847054e-6	4.18248850267075e-6	7.755149007779988e-6	9.18179304831325e-6	1.3342922377873252e-5	1.75460856672964e-5	1.7865139098974248e-5	1.9012789541535124e-5	2.151990266758066e-5	2.0803342609763267e-5	1.604291434940952e-5	1.4623476404405573e-5	1.3573986726300722e-5	1.0691798515332153e-5	7.20725682368424e-6	8.325631194660774e-6	7.668907230171801e-6	5.170063303253786e-6	6.526682861697496e-6	5.499198524935161e-6	7.269816790656663e-6	1.0628816999713046e-5	1.1331018274270825e-5	4.669077190849746e-7	-1.1474582178525037e-5	-1.1659142249743902e-5	-9.975203269733252e-6	-9.703698456743626e-6	-2.473169950084619e-5	3.471353710125108e-5	0.00013538826127909576	-6.196336282612847e-5	-0.0004209899696645119	-0.0006990732508713528	-0.0007980791765947389	-0.0003106564691037969	-0.0004917540481156474	-0.0002516951538031678	4.734796541384228e-5	-0.00030175225935579614	-0.0004326706547728986	-0.00018570914079533288	0.00014109443236161312	-0.0002280084396896059	-0.00040268146018172796	-0.00034202142713043304	-0.00022204116169408786	-6.190440872584635e-5	6.045823880591882e-5	-0.00041740365235368165	-0.0005152741163654342	-0.0005282901388049821	-0.000494383077336534	-0.00043513108316170496	-0.00034803954267192955	-0.0002569966934141271	-0.0001624162658747999	-0.00021752477540569468	-0.00033232480092446054	-0.0004501366924819158	-0.0004897500402835722	-0.0004953138581795594	-0.0004833227937013975	-0.00043292737615316374	-0.00036011238370610427	-0.000304006482617844	-0.0002657282554587026	-0.00023216111880164367	-0.00020555876556038047	-0.00018177005948593475	-0.00015062760932212788	-0.0001320466577877863	-0.00012970231928408071	-0.0001257501813616002	-0.00012313251603231212	-0.00011989723571609322	-0.00011818110468107128	-0.00011435919954061456	-9.955860350539801e-5	-8.269698727886299e-5	-7.241252731986225e-5	-6.470129824704546e-5	-6.511557655922151e-5	-5.646470773584821e-5	-4.552447683148913e-5	-3.620208692284993e-5	-2.6883278871243917e-5	-1.1048987072492798e-5	-5.070360537678953e-6	-1.777607163029604e-6	-6.522941713681118e-6	-1.4601747285250542e-5	-3.1928763214068845e-5	-4.565961788348393e-5	-6.077607515560592e-5	-8.025635825402791e-5	-8.779915045865892e-5	-0.00010042583847846841	-0.00011349263551521659	-0.00011868075980520433	-0.0001252317585785992	-0.00013506661904368056	-0.0001396951742000177	-0.00014114039042318824	-0.0001404045443928123	-0.00014106002781859653	-0.00013858777692067267	-0.0001361148505864794	-0.0001419142941941169
-8.562194150300156e-6	-1.1566958973757353e-5	-1.1917897240918891e-5	-1.1121846521001953e-5	-7.795005198501896e-6	-1.1467910713928995e-5	-1.2081521904867136e-5	-1.3912326184747218e-5	-1.3071343584348387e-5	-1.4675754348206746e-5	-1.2123563218331515e-5	-8.63931922962663e-6	-2.6352311608898722e-6	7.9382620268853e-7	-1.0312301034799687e-6	2.09235101575507e-6	6.918454904022291e-7	8.880127915552454e-7	3.3400080336025424e-6	5.7154503731778736e-6	7.494536978860932e-6	7.751284249873924e-6	1.4329577157018781e-5	1.724495339821934e-5	1.8149300438181568e-5	1.8661980055907634e-5	2.1271959492258002e-5	2.2334698603380592e-5	1.9750866144408602e-5	1.6141545354031797e-5	1.7185258224068287e-5	1.4495184073219992e-5	1.3369289849447448e-5	1.246172657252964e-5	1.0363872531438804e-5	8.304719433839536e-6	6.005930166174885e-6	4.9641504557169924e-6	5.946321256569686e-6	1.1102014327388913e-5	1.720583556272942e-5	9.648161826761315e-6	-5.205327542699006e-6	-1.431365576195706e-5	-1.7160508745343167e-5	-1.788228233025324e-5	-3.900683052384876e-5	-4.131043120428335e-5	0.00011552016323775406	0.00016064829765939648	-0.00023929215074280222	-0.0005320940920294434	-0.0008044039913552083	-0.0005693449586568686	-0.00030521414469148606	-0.00045554149382797526	-3.65610895291385e-5	-8.369535672153593e-5	-0.00039027870592407693	-0.000372585068700304	3.498521041010033e-5	-2.2095722755806343e-5	-0.00037714875285310695	-0.0004013562202856077	-0.0003039758257605829	-0.0001629485878911277	4.8513417935658325e-5	-0.0003009459984600754	-0.0005027853984063482	-0.0005529989592547441	-0.0005329852088755554	-0.00048555255463024466	-0.00041158900506571555	-0.000312761091049267	-0.00021209431648027546	-0.0001896919329296212	-0.00024125089836003058	-0.0003757735423173813	-0.00045246790264172326	-0.00047201201599633	-0.00047167206618323876	-0.00045188731949072353	-0.00040134155072663735	-0.0003350985540266637	-0.00028996562807109827	-0.00025669777282532474	-0.00022013856705409282	-0.00019096018561998854	-0.0001669472490155657	-0.0001430032059998934	-0.000124190213278072	-0.00011553053429289721	-0.00011991767696027665	-0.00012026655255448908	-0.0001163413285414777	-0.00012006042111011027	-0.00011671304857904101	-0.00010594454974768851	-9.042520295911292e-5	-7.509799292843011e-5	-6.698756926763749e-5	-6.983019104362526e-5	-6.179153525659453e-5	-5.1201247365170725e-5	-3.94550431605592e-5	-2.843588687000825e-5	-1.647405939962654e-5	-9.414076007456529e-6	-1.1389813875037345e-5	-1.795346790071234e-5	-2.418788964692747e-5	-4.068091460484452e-5	-5.005991743096266e-5	-6.789177951381162e-5	-8.458005694477257e-5	-9.604370753563128e-5	-0.00010739675797982738	-0.00011742169403689341	-0.00012662436421661052	-0.00013125392538245947	-0.00014260799288418752	-0.0001443207674027558	-0.0001527490383853615	-0.00015462865745859491	-0.00015613937897609662	-0.00015425481497601673	-0.0001555410674499054	-0.00015233034055071176
-2.9378806611318576e-5	-2.3928995384562415e-5	-1.9367158414105787e-5	-1.51411774014943e-5	-1.4679301066247532e-5	-1.52020974937073e-5	-1.3611850465137727e-5	-1.4316717001370062e-5	-1.283033371115693e-5	-1.3559232575166382e-5	-9.581918559379426e-6	-6.674292436542779e-6	-1.994681413856718e-6	-3.253169822826744e-6	-4.4219592180635975e-7	1.9791740403680977e-7	-1.056425026667654e-6	3.2057901255475026e-6	3.6010241609343153e-6	4.927402469335693e-6	8.062319762540751e-6	1.2179539429953144e-5	1.4942931034255326e-5	1.7871430192922116e-5	1.9176352530642787e-5	2.003291513794428e-5	2.1838986836390097e-5	2.1471689422118686e-5	1.762071746651793e-5	1.9291480527839147e-5	1.7759986602021438e-5	1.6006987391386368e-5	1.572717845169623e-5	1.2916141994920997e-5	9.460767472170215e-6	9.96845173138576e-6	6.742477480200028e-6	4.465113608714821e-6	1.033407888342136e-5	1.782189680121088e-5	2.0020033330778175e-5	9.556768972105584e-6	-9.980223039055686e-6	-1.7139236351774306e-5	-2.465674955876018e-5	-3.342133209722695e-5	-7.255419688439665e-5	9.117263877461007e-6	0.0002297467964137989	6.303473265275097e-5	-0.0004361953211389629	-0.0006213529067785814	-0.0008257246367996545	-0.00028281606991205355	-0.0004030157043158344	-0.0003937320648336739	5.9078210856364215e-5	-0.0002459447152663649	-0.00045820707109209957	-0.0002706393830180162	0.0001627068134304327	-0.00020252269997741293	-0.0004352602272312752	-0.0003871877501124623	-0.00026011941765043817	-9.773621348005411e-5	7.916181156766844e-5	-0.0004430486852825127	-0.0005494459346701286	-0.00056327805289004	-0.0005260446788672019	-0.000463580376191576	-0.0003755042110153289	-0.0002800540918092287	-0.0001753409907285369	-0.00020575926652603713	-0.00027477555484840127	-0.00040359938559622605	-0.0004533907170273937	-0.00046627896424598214	-0.00045201537140007736	-0.00041674525542729346	-0.00036354235453169703	-0.0003194301694897997	-0.00028566758745844634	-0.00024530765749871536	-0.00021177770537662147	-0.0001804206104611891	-0.00015645805317553857	-0.00013374192194253592	-0.00011614542188252695	-0.00010864496646084686	-0.00011055427283270662	-0.0001159816426059279	-0.00011821721930364847	-0.00012121952805681928	-0.00012037651626363442	-0.00010993624342033741	-9.805719927442196e-5	-8.159918038572883e-5	-7.198566786062455e-5	-6.932705288748703e-5	-6.578087397707266e-5	-5.415910194275785e-5	-4.3630384201354115e-5	-3.324881914928968e-5	-1.9127559193650445e-5	-1.7553069241171837e-5	-2.252133199983491e-5	-2.6749933995304228e-5	-3.8989610585266066e-5	-4.997281631471256e-5	-6.386904527391074e-5	-7.905292321360585e-5	-9.568347298294018e-5	-0.00010457882531960878	-0.00011959926164662944	-0.0001316208993683808	-0.00014423958124903588	-0.00014694063376003222	-0.00015298267508475835	-0.00016679536595214786	-0.00017472954749742084	-0.00018175165856929365	-0.0001843972025094599	-0.0001882688329020443	-0.00019430522976184025	-0.00021414896406732675
-3.168440457917976e-5	-3.34575177675725e-5	-3.6118992277861355e-5	-3.6466190006870236e-5	-3.311438271486576e-5	-2.7112913330478227e-5	-2.2742742964484277e-5	-1.809590321284662e-5	-1.7580787330497352e-5	-1.2121475952966627e-5	-9.201634192015223e-6	-7.008565242375662e-6	-1.5083708885870945e-6	-3.731020746804321e-6	2.567832556830962e-8	8.488109087129158e-7	1.5297180080801884e-6	5.011650377464635e-6	4.4915495476562095e-6	5.682014797905865e-6	8.008241005009673e-6	1.401366946205025e-5	1.8205972238680493e-5	1.8330192355295316e-5	2.0043655212138856e-5	2.2078236927482866e-5	2.3012910674302663e-5	1.9567557426811155e-5	1.6208675553000887e-5	1.9184208036168368e-5	1.947055312660241e-5	1.830749564533246e-5	1.897635437458564e-5	1.3680048088250683e-5	8.165100626872368e-6	5.42296000314614e-6	4.866223136251735e-6	9.619595842547818e-6	1.7119492661584607e-5	2.278938135208061e-5	2.4146991903836037e-5	6.938238677166308e-6	-1.1366161907066378e-5	-2.0371355915083794e-5	-2.8913032525893636e-5	-6.711469851010052e-5	-9.079561480917693e-5	0.00010560912738939719	0.0002787099207457108	-0.00015427722317978149	-0.0005112998005670985	-0.0006910847495829319	-0.0006544717502101824	-0.0002087189350172269	-0.0004820718144983582	-0.00020841523973216117	-1.0318775369756727e-5	-0.00034464566166236826	-0.00040991719023070883	-8.730603108953598e-5	6.397879084157898e-5	-0.00036643180154668353	-0.0004415723233461635	-0.0003511480237659847	-0.00020345064495955187	-2.435770788625918e-5	-0.00022828149219035474	-0.0004944487292908931	-0.0005598703642188674	-0.0005566923975616755	-0.0005076104843100906	-0.00043342389846427737	-0.0003412264484425192	-0.00023328450141687354	-0.0002070430758479083	-0.00020894677375035	-0.00031351633626459235	-0.00042916633029473067	-0.00045667311323552973	-0.0004430425191862333	-0.00041767389059085136	-0.00038061800965768355	-0.0003386538667549121	-0.0003060821693106827	-0.0002787379519688868	-0.0002442950685277098	-0.00020306632091994512	-0.00016962282316582142	-0.00014248177524975314	-0.00012208683402344794	-0.00010656695430613648	-9.838561447744058e-5	-0.00010589432449404494	-0.0001101586622484843	-0.00011618995496634475	-0.00012065807803839783	-0.00012059666739620138	-0.00011546685779826453	-0.0001028739251771049	-8.951800125819863e-5	-8.017915153427785e-5	-7.47105672466164e-5	-6.751497952286328e-5	-5.792647342697798e-5	-4.585611677702938e-5	-3.634762245959683e-5	-3.240725849566056e-5	-2.721608665431224e-5	-3.415504476467213e-5	-4.5250676534817895e-5	-5.60544055616674e-5	-6.569394546580842e-5	-8.221999131877156e-5	-9.426612169885841e-5	-0.0001098174347790269	-0.00012091485161215552	-0.0001308691568741721	-0.0001452919495869079	-0.00016493385121205129	-0.0001702306363904858	-0.00019590189112832915	-0.00020225700760479606	-0.000217588640865924	-0.00023618642600508816	-0.0002619189661814611	-0.0003001083257988049	-0.00034812003822139165	-0.00042663628308349863
-3.156334731340554e-5	-3.196033708681694e-5	-3.2035709734935455e-5	-3.400412779586311e-5	-3.806544182237328e-5	-4.05477878541189e-5	-3.8257252736855624e-5	-4.219984404236695e-5	-3.058818075945321e-5	-2.0898194391899373e-5	-1.12696984719534e-5	-8.147694357304308e-6	-5.26145907441336e-6	-2.0475519527498112e-6	2.4994611848988546e-6	2.618898262314595e-7	3.5043996675886142e-6	2.3514207345576993e-6	4.240308625058642e-6	7.941545392218391e-6	1.3051675099842381e-5	1.5796925394292657e-5	1.6657355231481166e-5	2.15746205026613e-5	1.905450646442e-5	2.2761595082701477e-5	2.3076815458544783e-5	1.9942173731584897e-5	2.1863495638495958e-5	2.136425570958486e-5	2.0162521896212662e-5	1.6743165296047302e-5	1.8467207298956956e-5	1.0530788670552389e-5	7.408105856185342e-6	5.792754904226926e-6	7.664124434918207e-6	1.4923514561702293e-5	1.9930714760876822e-5	2.671721325078757e-5	2.4615784345767552e-5	5.642218701799872e-6	-7.192748404261789e-6	-2.0877197095658242e-5	-4.099860366566649e-5	-9.917133314638753e-5	-4.5322069296312155e-5	0.000220247937292653	0.00015967590724034336	-0.0003264091179527688	-0.000532980031419869	-0.0007268413705760131	-0.0003973296062824427	-0.00028450265073497183	-0.00044971980956917673	-2.5623469904027803e-5	-0.00014689631605297598	-0.00042475438311994485	-0.00032713806787185856	0.00010223544218233153	-0.0001359572224116437	-0.0004407021344859582	-0.00041711562914596706	-0.00030424639355184496	-0.0001431190209746913	9.78562116754622e-5	-0.0004046451281903076	-0.0005346956483262208	-0.0005667472774287599	-0.0005358800129551602	-0.00047518462498175035	-0.0003986895410600793	-0.00030793042397631726	-0.000216590464031767	-0.0002164485428998025	-0.00021881818689905433	-0.0003422690556540222	-0.0004184266786354251	-0.0004318469713771033	-0.0004280990810326748	-0.00039159575770855015	-0.00035039015009764857	-0.0003180795671775191	-0.0002921569540762989	-0.00026717013727230177	-0.0002354162737796747	-0.00019644553876391882	-0.0001602925831130364	-0.00013213290344683826	-0.00011212974151617038	-9.90711112106024e-5	-9.582719405314132e-5	-9.805457160203672e-5	-0.00010694574509827191	-0.00010746992315166513	-0.00012121890396836475	-0.00011966125792062936	-0.000117613880613876	-0.00010504202611893997	-9.403519620962418e-5	-8.726404583745544e-5	-8.215164052499668e-5	-7.22785566424286e-5	-6.245415562749351e-5	-5.167942200481195e-5	-4.4247886279470676e-5	-3.893249978046548e-5	-4.319297187711096e-5	-4.874793682867889e-5	-6.567710214653438e-5	-7.400799463281454e-5	-9.376358146937629e-5	-0.0001077792549869852	-0.00011641509561899353	-0.00013385789980786822	-0.00015195753744938825	-0.0001729283143330623	-0.0001907504836810153	-0.00021415436878263053	-0.00024351902256844468	-0.0002793637258482161	-0.0003175101816990829	-0.00036352175510241663	-0.0004891331985604729	-0.0005230202822269561	-0.0004603941966487175	-0.0004466429421407999	-0.0004116733451093451
-2.7056344263556156e-5	-3.0509479914241768e-5	-3.126653325081965e-5	-3.2879467491741046e-5	-3.7538521962632125e-5	-3.805242829548524e-5	-3.535165639498468e-5	-3.816075842095427e-5	-3.589136408053712e-5	-3.1592982602853675e-5	-2.9241363323773136e-5	-2.5040476503835996e-5	-1.952244594823939e-5	-8.864816617316224e-6	5.843744813136681e-7	1.2457813968781706e-6	3.003448938122474e-6	3.6315189028655877e-6	6.641501828748632e-6	1.0244336189893163e-5	1.3552901113661127e-5	1.929829839767555e-5	1.9415173039150774e-5	1.8751994819128995e-5	2.2179942073523997e-5	2.27621114231441e-5	1.9313873807561e-5	1.7380448100699775e-5	2.0449527113981444e-5	2.3452633915845355e-5	1.856408147322096e-5	2.3609739651601205e-5	1.7242008824381108e-5	1.0350074795698397e-5	3.6475361468203678e-6	6.58732561770528e-6	1.1819378006698576e-5	2.135298749882802e-5	2.1693742982553662e-5	3.228302209975012e-5	2.406895493458835e-5	7.997825448788354e-6	-1.1112405787216948e-5	-2.1655631021050278e-5	-6.109758124775433e-5	-0.00010913767065643189	2.6034605255052103e-5	0.00028602090987534315	-3.5503146538114205e-5	-0.0004143052561721323	-0.0005275022043737393	-0.0006612909174245896	-0.00021754075233901268	-0.0004004475167695281	-0.0003731308518238607	1.6908934343841386e-5	-0.00025046747059200014	-0.00042193698246689027	-0.00021427930679829285	0.00010368767253219473	-0.0002695942653363828	-0.00043906238388936864	-0.00038454571196170484	-0.0002553237870911093	-7.525130095876326e-5	-5.295261121945893e-5	-0.00046684438721484445	-0.0005585370234676909	-0.0005689485355715382	-0.0005160084015675206	-0.0004478700073567293	-0.00036092569551549736	-0.00026418916830670686	-0.00022817023680610918	-0.0002168772001180305	-0.00024975706949641185	-0.0003588526003260594	-0.0004160983833748424	-0.00041469431690671627	-0.0003864694292452647	-0.000356456720412325	-0.0003440138534498496	-0.0002968484302551949	-0.0002691852639662845	-0.0002465712350442628	-0.00021760774677418573	-0.00018031817798896258	-0.00014712950879326725	-0.00012979826057284843	-0.00011505564357153218	-9.938958473506425e-5	-9.282855584474141e-5	-9.431329298266454e-5	-0.0001001276161592332	-0.00010586865965053065	-0.00010896319476046133	-0.00011678510274722857	-0.00011745686975123125	-0.00011067869465971462	-9.85696736689398e-5	-9.418531590494465e-5	-9.110181216180623e-5	-8.230713250713395e-5	-7.110792028981738e-5	-5.821523330670069e-5	-5.784803205031996e-5	-5.8020511789144684e-5	-6.552799841370166e-5	-7.430073689553701e-5	-8.961650737899367e-5	-0.00011315506528736945	-0.00013192678117480983	-0.00014943582447857207	-0.00016634939946792018	-0.00019270280523196734	-0.00022342892872211775	-0.00025773911272375036	-0.0003057126446957825	-0.00037763919049152434	-0.000481830654791137	-0.0006159597395073019	-0.0005721174413668602	-0.000544790267835004	-0.0005414802520210468	-0.0004855239931996803	-0.00046525122210762723	-0.00046051919362329394	-0.0004014520063057823
-2.429133096927549e-5	-2.668448022768131e-5	-3.0523268694472236e-5	-3.4754314487059346e-5	-3.5856950397696215e-5	-3.387473060032214e-5	-3.622191764465852e-5	-3.49563984204139e-5	-3.0196581473902574e-5	-2.7652548756666378e-5	-2.773662781656999e-5	-2.607366811336036e-5	-2.2240113808739966e-5	-1.9940427553512968e-5	-1.8497309163967995e-5	-1.611231704155315e-5	-7.903743480010272e-6	-2.006157154461896e-6	7.035118212810053e-6	1.3545942151175007e-5	1.981146020347581e-5	1.8691072919008872e-5	1.9984202508961657e-5	2.179955535747471e-5	2.3037350212152735e-5	2.1930205763333318e-5	2.21433645183032e-5	2.3050887777318823e-5	2.4065759975100406e-5	2.3657789637900047e-5	1.8653582519768952e-5	1.8333228229798493e-5	9.555300311842735e-6	5.2803104770571255e-6	4.900870724869333e-6	1.1559737422926068e-5	2.0491235081356377e-5	2.4323335197102416e-5	2.4529765024761115e-5	3.3958307867065773e-5	2.1023519839076518e-5	2.638688616565798e-6	-1.874492476386727e-5	-3.507574981333195e-5	-9.313499572255467e-5	-8.193470990656287e-5	0.00011928640676140202	0.00020542012653607455	-0.00016765654889784942	-0.0004341409521051338	-0.0005716858467522123	-0.0005477220777622138	-0.00021095056521903963	-0.0004760445469894833	-0.0002115248847823006	-4.293681566975432e-5	-0.000329387113656536	-0.0003796764563770288	-3.459484905574822e-5	5.388323251129256e-6	-0.0003744195821008683	-0.000427600307874483	-0.0003477349814996408	-0.00020461080217290537	-1.3054296922956897e-5	-0.0003484777350796358	-0.0005006023402667065	-0.0005614391608305819	-0.0005538853017515374	-0.0005015008187371495	-0.0004198530873878239	-0.0003188945153515671	-0.0002160336378970867	-0.00022218657456420096	-0.0002189063830378146	-0.00029349420556639555	-0.00038761248418849725	-0.00039659327720747284	-0.0003944291662163687	-0.00035201402784432867	-0.00032275486035963225	-0.0003147448563280489	-0.0002926806573792448	-0.0002538523713934912	-0.00021378780505881126	-0.00018752404184595864	-0.00016224914927212564	-0.00013553707568173673	-0.0001362052125600255	-0.00012241105707203048	-0.00010653577659815171	-9.420195404979957e-5	-9.484395818628448e-5	-9.527064376117776e-5	-0.00010308007219062691	-0.00010168533059844163	-0.00010453629908317023	-0.00011566685532548442	-0.00011235444360904039	-0.00010227091189977249	-9.815320036778151e-5	-0.00010002239377460835	-9.560678650676056e-5	-8.573251485902848e-5	-7.623913137085048e-5	-7.63365960937748e-5	-8.594834280048479e-5	-9.931402750965739e-5	-0.00012267080623865056	-0.0001369132320971217	-0.00017627474215541059	-0.00021029035910617025	-0.0002446052684837094	-0.00028695749262029613	-0.00035019098293918855	-0.0004544707739913972	-0.0006579672062506821	-0.0006832772643148264	-0.0006605042673609243	-0.0006691501066029454	-0.0006104705149267801	-0.000574220043985784	-0.0005601530410847232	-0.0005377845871640079	-0.0005318269707976254	-0.0004627903242918063	-0.0004849068474988178	-0.0004285292542040644
-2.4009831961686354e-5	-2.7341162192888627e-5	-3.0096603586605462e-5	-3.292981911185832e-5	-3.054020616315243e-5	-3.34941013157208e-5	-3.2906468877351956e-5	-2.972483769271127e-5	-2.865544966026631e-5	-2.5335318825508987e-5	-2.3020519025101004e-5	-2.233644278923103e-5	-2.1053738204321496e-5	-1.4660891874433353e-5	-1.2661111319523659e-5	-1.1346524100060844e-5	-1.056692971513652e-5	-4.378915307613751e-6	4.795601768340166e-6	1.2157359000801794e-5	1.8708799391425543e-5	2.2326055820710494e-5	2.4532323823203344e-5	2.50330351608298e-5	2.8589956368053195e-5	2.2101906844420798e-5	1.783177920643489e-5	1.930213722146565e-5	2.0295062277877335e-5	1.975119450587856e-5	1.9672253951698304e-5	1.7046850010141862e-5	1.1614513913344239e-5	8.92213787660051e-7	8.101488365797396e-6	1.630021041103616e-5	2.2078477533628984e-5	2.9512052713729847e-5	2.84280585291681e-5	3.2470984776857004e-5	1.6902234928513338e-5	-1.1211631612256105e-5	-2.5474526091015522e-5	-5.665609709897337e-5	-0.00011990484392052427	-2.5664266740423044e-5	0.00018785664472565838	0.00012249049026599387	-0.00023457182458377562	-0.00045705930668904835	-0.0005850426266704178	-0.0003483391793545828	-0.0002917159143151632	-0.00046588482819839844	-4.869829921261281e-5	-0.00011928428910856075	-0.0003713023912204488	-0.0003082892286940253	0.00011493035611750967	-0.00011945939667155901	-0.00040023097923943396	-0.0003992800743680968	-0.0002991855047778172	-0.00015103583743923676	5.7153522756495094e-5	-0.0004150399215063424	-0.0005235499246376146	-0.000548433372110288	-0.0005318456491832865	-0.0004748046821380705	-0.0003999456345098184	-0.0002897660980301711	-0.00019439786564344472	-0.00020566533560830572	-0.00017922084053368506	-0.00031265411659393144	-0.0003955662152867189	-0.00041132838578348396	-0.00037326434241657236	-0.0003220294915494762	-0.00028969625524410264	-0.0002915432084551334	-0.0002879905296876428	-0.0002380543001005014	-0.00018524294652464549	-0.00015398815705631314	-0.00016771867473400895	-0.00014013484480896593	-0.00011946023900991086	-0.0001190402742958646	-0.00011706696623377254	-0.00010265262181952116	-9.47400087417463e-5	-9.570940650259484e-5	-9.785731710631322e-5	-9.930599196694005e-5	-9.126966964319304e-5	-0.00010782955685035427	-0.00011002443079874412	-0.00010768741358704868	-0.00010685588479591306	-0.00010834672243588415	-0.00011195074281662719	-0.00011142456610158112	-0.00010929080821765745	-0.00011535973547943666	-0.00014035878477276081	-0.00017192037741337038	-0.00020673042882592138	-0.00026659425467982084	-0.0003351796197797324	-0.0004527211428222849	-0.000617317874899645	-0.0007538155650686425	-0.0007519491872481214	-0.0007167698567599362	-0.0006940817029086297	-0.0006860552510313567	-0.0006785084626526743	-0.0006590571996565459	-0.0006544463626730578	-0.0006185006280897375	-0.0005670361971307249	-0.0005599446568200182	-0.000528862194597475	-0.0005023731590447778	-0.00046953205849178595	-0.00040071371936768735
-2.196396853455795e-5	-2.3806441786975403e-5	-2.6413413958207423e-5	-2.7810659336416698e-5	-2.6506316136128482e-5	-2.770677651610202e-5	-3.072342435257898e-5	-2.2897012717380986e-5	-2.7269565932067603e-5	-2.3089471960367928e-5	-1.9510766434546398e-5	-1.604731720769581e-5	-1.64670951868914e-5	-1.3185215766431389e-5	-8.033342654284459e-6	-7.769856595141525e-6	-5.4256088771048585e-6	1.6147223694858851e-6	9.41921808020503e-6	1.7345194752065377e-5	2.227670655905421e-5	2.2157729492357222e-5	1.8849777977652388e-5	2.1432576682378978e-5	2.0952089087138134e-5	2.590492898316143e-5	2.1947139315333163e-5	2.048140310237541e-5	2.3031461508999162e-5	2.439084401573317e-5	1.985591755577186e-5	1.8610151072094572e-5	6.327816818706838e-6	3.763486852888242e-6	5.3820371011432935e-6	2.2862275901635098e-5	2.874338885395372e-5	2.807816003899503e-5	3.314958736113857e-5	3.183184704323369e-5	5.7761679553985914e-6	-2.25915908593291e-5	-3.7292236432142495e-5	-8.582579753228096e-5	-0.00010787122077743695	3.883538445253326e-5	0.0002079141361789778	1.8112999273199593e-5	-0.00031309307533741726	-0.00047720405775813346	-0.0005860884100738692	-0.00024298818523688784	-0.0003883948975803852	-0.0003998602150345059	3.4990632656953236e-5	-0.00021997405630965608	-0.0004153014915688271	-0.00022104490787679812	0.0001317716929495616	-0.00023742084225269325	-0.0003888003486220495	-0.00036376993290451043	-0.0002568276307986575	-0.00010957177051535565	-9.683630705029782e-5	-0.000454399631290292	-0.0005314811430800342	-0.000548222807406594	-0.0005165980027435624	-0.0004549835564294363	-0.00036079638183333923	-0.00027311068922890314	-0.0002441706969426305	-0.00019901095868902344	-0.00020823483345630553	-0.0002771123502757003	-0.0003455592469288337	-0.00038990463128128755	-0.0003781205575861465	-0.0003153840346867276	-0.00026056315841939404	-0.00027523448747988205	-0.0002777887540220819	-0.00025481663012277833	-0.0001609625905870174	-0.00013293855643040087	-0.0001426910250547364	-0.00014272918569691734	-0.00012090495416904738	-0.00010373203266408197	-0.00011301719143874676	-0.00011756530690371773	-0.00010536683663162764	-0.00010375148969121727	-9.731697550672407e-5	-9.30852388876177e-5	-8.99667888798472e-5	-9.496431915573948e-5	-0.00010413585378125227	-0.0001123010612887748	-0.00011828530509672834	-0.00012531129829542603	-0.00014114200984176317	-0.00016193382201563217	-0.00017696071491837825	-0.0002087619867339324	-0.0002674733435821877	-0.0003526358552602762	-0.0005329880706705578	-0.0008337762859907809	-0.0008723361651519905	-0.0008652120590509417	-0.0008031096949577195	-0.0007798091984862267	-0.0007309762129360102	-0.0007178683212975822	-0.0007057248905487783	-0.0007261474556851873	-0.0006612532138603605	-0.000696603631548942	-0.0006313744128428125	-0.0006226880848946535	-0.0005536167502727396	-0.0005573729674741672	-0.0005478751524722394	-0.0004888336201320023	-0.0004651794665829281	-0.0004530820951384982
-1.921656957366326e-5	-2.183122645876313e-5	-2.3207507183348183e-5	-2.398232286859262e-5	-2.594943456348062e-5	-2.668176669461553e-5	-2.5035181322767202e-5	-1.617150088156511e-5	-2.1694543332465875e-5	-1.9465944486743783e-5	-2.146320410897212e-5	-1.472204487224654e-5	-1.4254473388328538e-5	-1.528844257680899e-5	-9.359336087177636e-6	-9.26734448729316e-7	1.046547153408725e-6	9.24919623854735e-6	1.699773672508842e-5	2.371130571076664e-5	2.2190295971167767e-5	1.785859394935231e-5	2.4305332887390032e-5	2.3459985917882034e-5	2.334008744738977e-5	1.2761948312359215e-5	2.277076558993701e-5	2.3236996940338702e-5	2.4932477501841962e-5	1.8844030258728314e-5	1.0158915446064135e-5	1.5324600361474663e-5	2.921708204149317e-6	3.5725721046851035e-6	7.700560550544591e-6	1.8713838497493723e-5	3.099271534941564e-5	3.0081440328044367e-5	0.014343706388142634	2.722844402204549e-5	-9.632786815384417e-6	-3.237791586490485e-5	-4.5778110284704764e-5	-0.00011172301661284757	-8.097364242879226e-5	0.0001081134666709206	0.00018783718337255642	-6.914341699019999e-5	-0.0003860703484117808	-0.0004924642068920501	-0.0005511547168744052	-0.000177329450299149	-0.0004697261908864075	-0.00030899870995249046	2.2593294791463377e-5	-0.00028521538145576814	-0.0003945654158867689	-0.00012969320075349733	5.2960819020217424e-5	-0.00030413465266186657	-0.00037997542996163336	-0.00034525769114328303	-0.00023973518057870955	-8.79286150834435e-5	-0.0002964466209835759	-0.00045337827611104104	-0.0005258035480539686	-0.0005407475352475072	-0.0004963990291734222	-0.00043039780582825726	-0.0003535205242693323	-0.0002521335494987814	-0.00023706434287406455	-0.00018367871475102185	-0.00021157969024802184	-0.00032100078749611183	-0.0003324694747156367	-0.00032657085341069453	-0.0003355268258110194	-0.00032573432172042227	-0.00024238154189889363	-0.0002426582375574665	-0.0002712336281355393	-0.00023773465518232836	-0.00018069409757522079	-9.575464982557179e-5	-0.00011940981209466321	-0.00014690299651645006	-0.0001281960079107039	-0.00010750388240200746	-0.0001043423229979759	-0.00012008596573728768	-0.00011594430094838402	-0.00011360610598955266	-0.0001022873511152128	-9.028320209492068e-5	-9.2164479498745e-5	-8.778694442386491e-5	-0.00010498917397353673	-0.00011504778308409762	-0.0001385492478557515	-0.0001688783264272575	-0.00020332681781743547	-0.00026816975807943816	-0.00038568464563563937	-0.0005968943942846056	-0.0007942334186812268	-0.0008456905718897885	-0.0008451321682409473	-0.0008634887797625764	-0.0008341548015473528	-0.0008547975558935091	-0.0007774838136145877	-0.0008091164828633381	-0.0007875768213592634	-0.0007476111557299172	-0.0007231020674380513	-0.0007232708677416473	-0.0007052316277288659	-0.0007131468294043797	-0.0006579453157642967	-0.0006368203086170796	-0.0006249442945885537	-0.0005589642898171619	-0.0005495738733128815	-0.00045947348877029	-0.0004649701041727072	-0.0004286257201816315
-1.7879243330537302e-5	-1.7731683455519606e-5	-2.0705109442286165e-5	-2.3980581564009455e-5	-2.084165462012e-5	-2.4380607748604104e-5	-2.0333437852296937e-5	-2.4084161851260427e-5	-2.2798581119222273e-5	-1.3608967829059104e-5	-1.8330166892807295e-5	-7.287579578425101e-6	-9.240036950093795e-6	-1.3103329245213109e-5	-4.98129226669114e-6	-3.63616006878939e-6	8.920843968043823e-6	1.6160813090309797e-5	2.0456755245919916e-5	2.799177348244974e-5	1.7967010794732105e-5	2.123553218577427e-5	3.02548359954434e-5	1.7549394115646752e-5	2.3703634064245468e-5	1.388842743067775e-5	1.0070187739241732e-5	1.2827261805905056e-5	9.052385615193267e-6	-5.441178101616913e-6	-1.193004345485804e-5	4.465728925973772e-6	-2.661067536029876e-6	-3.248676197845079e-6	1.1921704541530824e-5	2.8266483462690766e-5	3.689691575273907e-5	2.8358267725172786e-5	4.017417086390855e-5	1.5411757986341992e-5	-2.115609919238828e-5	-2.6208188006957008e-5	-4.2947243981614196e-5	-0.00011856673225695001	-3.696553494076174e-5	0.00014582063857185995	0.00017753994259982195	-0.00017290381947379638	-0.000420042674123891	-0.0004954421002146062	-0.0004762681537996346	-0.00020127984999215862	-0.00048122991383892777	-0.00018259194935112824	-4.607390502106567e-5	-0.00033290190909907724	-0.0003659549111878837	7.159485721289215e-6	2.3153702913281116e-6	-0.0003177579742516187	-0.00038033300701553746	-0.00033089865953631753	-0.00021765767697305008	-6.75693379720288e-5	-0.0003502091511318333	-0.0004868265218683706	-0.0005324286853633856	-0.0005172078300580765	-0.0004895953369500952	-0.0004011277797985948	-0.0002929391785134322	-0.0002446033624779742	-0.00022044356858593597	-0.0001781262765326169	-0.0002248753706466863	-0.00033364998908245314	-0.0003231720926673634	-0.00032118666851588956	-0.0002802276022990588	-0.0003084520029802626	-0.0003288892564323395	-0.00018669832194985467	-0.00023920706919162285	-0.00023598785751054172	-0.00016948356437902765	-7.701206792502108e-5	-7.9826397033321e-5	-0.00015493858045514952	-0.00014047727074466276	-0.00012435107524851746	-0.00010741226953020487	-0.00011338345770085799	-0.00012575009315091146	-0.00012209818700797265	-0.00012127185152355917	-0.00010627031336082197	-0.00010064981625923507	-0.00011188090512630892	-0.00011076590864141088	-0.00014984040247727898	-0.0001963744307355991	-0.00032265724118126643	-0.0005911158392629678	-0.0006509087634555891	-0.0007543725698147887	-0.0007721814416616206	-0.000820190693032012	-0.00083045596272098	-0.0008364603198670119	-0.0008359686613952643	-0.0008403119925370557	-0.0008247226511524235	-0.0008535232772508352	-0.0008239856376856743	-0.0007970228277495369	-0.0007643865411943381	-0.0007320151086849523	-0.0007137305561453685	-0.0007214428430417189	-0.0006717289736165448	-0.0006485986044362131	-0.0006354870340998138	-0.0006246105548795081	-0.0005897165644588691	-0.0005792796017715408	-0.00046338930000024836	-0.00047488128030598315	-0.0004562265369634742
-1.5677538447674867e-5	-1.5047635674395736e-5	-1.8645477027037956e-5	-1.9519233069600038e-5	-1.5524897388702677e-5	-2.175874397379682e-5	-1.5332114912522052e-5	-2.067311512135659e-5	-1.7243566557273438e-5	-8.427403862102702e-6	-1.7454863951243092e-5	-6.180888632400897e-6	-1.0876576267242198e-5	-1.3687249174765962e-5	-2.79228590661755e-6	-1.5936276116009643e-6	1.8166182154475544e-6	1.6261755294124172e-5	2.200338835287897e-5	1.5213871980800096e-5	1.975266800710411e-5	2.6458215897058945e-5	2.9789044706440487e-5	2.0647635619493176e-5	2.9291583633454795e-5	1.5214044705048195e-5	1.55213145938346e-5	1.29133705627487e-5	-3.6862181601420013e-7	-1.0636073890114143e-5	-6.284960025288929e-6	-8.796047939498008e-6	-2.112416238567345e-5	-2.3697964874084748e-5	-6.6165547108094905e-6	1.8532852401158262e-5	2.3743349056607948e-5	2.5954311058196466e-5	3.491988616126894e-5	6.7913926544115036e-6	-1.1770179053410474e-5	-8.900909555849962e-6	-3.286135854532399e-5	-0.00010257344333717415	1.4352272029258954e-5	0.00015872909273854235	8.795182347177964e-5	-0.00023796986353035243	-0.0004215458108557286	-0.000495715159697617	-0.00038760316497209174	-0.0002617658362855449	-0.0004527399253238806	-2.3854338101168823e-5	-0.00010006716427701788	-0.0003660621207199343	-0.0003213995574020967	0.0001064663667340107	-8.302341173490462e-5	-0.00034484226322985945	-0.00037847633664253583	-0.00031094232147855366	-0.00018056866464295077	-1.884904847222063e-5	-0.00037458957912513824	-0.00046408137543366834	-0.0005035443682030807	-0.0004830300715180993	-0.000405269260208077	-0.00034278816499720694	-0.00026093128957429407	-0.0002135143683168125	-0.00024576963710692956	-0.0001545248042586836	-0.00022475677896507254	-0.00028908922833706385	-0.0003524603623501418	-0.00031989793747994044	-0.0003060821205866371	-0.00026310223906218094	-0.00030084840380636274	-0.00024216983704819503	-0.00014881034533960336	-0.00019587165010596927	-0.00018053456288507488	-8.718834881502045e-5	-6.329349104289977e-5	-0.00010889475399959019	-0.00016858550267589975	-0.00015187790322265804	-0.00013495257702132724	-0.0001153388491052093	-0.00013126774914447303	-0.00013739952652198906	-0.0001574382389865278	-0.00016879574296461972	-0.0001438317565310293	-0.0001923337044533804	-0.00023432613497145757	-0.0003516455493110526	-0.00037640466115079063	-0.0004310743586524376	-0.0005285527329831549	-0.0006129896900622031	-0.0007116107714156757	-0.0007687969828676712	-0.0007667121843446186	-0.0008289828257439928	-0.0008635319009766411	-0.000869634710792301	-0.000867185360737925	-0.0008628847698215549	-0.0008504836651124572	-0.0008078590149054528	-0.0008054313908314666	-0.0007860329144081939	-0.0007464067656700115	-0.0007511911777184111	-0.0007461028681378725	-0.0007330504834981813	-0.0006784703026935407	-0.0006773557202329263	-0.0006698892002091407	-0.000580661947647762	-0.0005502381578690631	-0.0004986279437306854	-0.00045314617017500747	-0.0004458271796333422
-1.2465014995665864e-5	-1.5199175216486746e-5	-1.764302911394771e-5	-1.6467327523285447e-5	-1.2066732083481321e-5	-1.1519556158577289e-5	-1.5497948584186627e-5	-2.364097494156336e-5	-1.3417602876745862e-5	-1.381779920518744e-5	-1.6091527817261447e-5	-3.009337272647308e-6	-9.536589980164642e-6	-8.036910172743925e-6	4.363604708687921e-6	1.371662370274959e-6	7.232636543711215e-6	2.3690080046311412e-5	2.6673082460185873e-5	2.74627030263843e-5	1.7368851902522728e-5	2.3414283256391676e-5	3.1594899195823076e-5	1.7681593038679222e-5	2.7242809901408326e-5	1.7776295995093616e-5	1.2445843064912835e-5	1.0214378290667597e-5	1.1565133535085604e-5	-1.9431945077552984e-5	-1.3945017108283121e-5	-1.5988282513245203e-5	-2.5734447634939008e-5	-1.8059458193209893e-5	-1.091199602464704e-5	4.777471164984712e-6	1.531009733595802e-5	1.9475500693481168e-5	2.3557944993628923e-5	3.0434210381881373e-6	-2.074530212328382e-6	1.046524141217614e-6	-4.357997672585142e-5	-8.24770206341377e-5	2.767414342391e-5	0.00013563808936700034	1.7501788191452705e-5	-0.0002634214026813256	-0.00042962888057275836	-0.0005013621458965778	-0.0002984326329244155	-0.00031031542160105813	-0.00040257958670245753	5.334449344925051e-5	-0.00014902710920774304	-0.0003913106923995185	-0.00026307167260569697	0.00012370205222569236	-0.0001647319808123146	-0.0003663373445090059	-0.0003760616222288695	-0.00028996754639337013	-0.000158314194436196	-0.00020247902282784222	-0.0003585888394379288	-0.0004493211156874482	-0.0004969405457229056	-0.00048618060282962916	-0.00041449294419914484	-0.00034181295664997136	-0.0002295502948531161	-0.00020913932211475553	-0.00018127314538752407	-0.0001802997451425675	-0.00021155435996761393	-0.0003141215343394066	-0.0002768599594374366	-0.0003563033662817155	-0.00026088918156884355	-0.00031767366456565	-0.00020678864889964868	-0.00023848169728064858	-0.000190006800224185	-0.00014295876695977205	-0.00017236263074368177	-0.000119309815694614	-2.2931579508542185e-5	-8.363617665183702e-5	-0.00015261600950014498	-0.00019623418591029754	-0.00019105235336477897	-0.0001675266845602499	-0.000164208292146098	-0.00018356963041657456	-0.0002594848998432181	-0.0004935564018463193	-0.00046607094704876473	-0.00039699076174841414	-0.0003252545072900473	-0.00034745941239217726	-0.00034612385978183274	-0.0003924418373602023	-0.00048764445313796	-0.0005705255021236713	-0.0006561756853368586	-0.0007429522892081832	-0.0007846598904914097	-0.0008443147312157602	-0.0008378799414270748	-0.0008526729232405382	-0.0008819191056911798	-0.0008766737862129363	-0.000835371632436875	-0.0008135320156898647	-0.0008331257682976828	-0.0007824491421318593	-0.000728607252450334	-0.0007609054283354287	-0.0007755377457634506	-0.0006949567121208518	-0.0006916114375101443	-0.000673798638867358	-0.0006330657576934448	-0.0006600770137399868	-0.0005329647425646178	-0.0005382585869530797	-0.0005295292694780518	-0.0004942999496477737
-1.2825294802955646e-5	-1.1614786590190619e-5	-1.5594946642101364e-5	-1.2592884729239159e-5	-1.0309313526555425e-5	-9.854074110512978e-6	-1.2407279918096382e-5	-2.275971142508357e-5	-0.8748704599129385	-1.0636129165451402e-5	-1.827026235650623e-5	1.0798866737892626e-6	-9.246844606745734e-6	-1.0448934604926142e-5	5.875011826854403e-6	5.956738054202492e-6	9.652931107434828e-6	2.669030240961059e-5	3.235207720209826e-5	3.101743115824229e-5	1.7494033587202307e-5	2.593796307836897e-5	2.6273691127462816e-5	2.8945160352768225e-5	2.3138303247146812e-5	1.0454049030519245e-5	2.5671853342125805e-5	2.277811111386571e-5	1.5943628952881997e-5	3.2466733620138684e-6	-2.8285700073415323e-5	-2.312527946370622e-5	-3.561550259356325e-5	-1.6611473129110252e-5	-1.9574064445042685e-5	6.148420433806783e-6	1.2442766202146528e-5	1.968388365714349e-5	1.3280369935263906e-5	-1.1676588081849237e-6	-5.732856409642467e-7	1.357107570851973e-5	-4.9207738990302e-5	-5.182558644387102e-5	3.4692094964990094e-5	0.00010393786376277496	-3.648057802022042e-5	-0.00028031572367123725	-0.00040423902564071587	-0.00047971626057369954	-0.0002160799509806632	-0.00034623031223719036	-0.00031886600369672446	6.238520785031842e-5	-0.00018642511215305466	-0.0003680330599954359	-0.00018744582262232576	7.728529196823763e-5	-0.00023474026633087117	-0.00035877680698310344	-0.0003352794755153917	-0.00026905344892129424	-9.369923181529875e-5	-0.0001897976314958402	-0.0004309530739644157	-0.0005640418405342823	-0.0005218511395579939	-0.00048409011647355943	-0.00043192231544836307	-0.0003391950138950314	-0.00023121555974090627	-0.00021758832962400634	-0.00015635039075055646	-0.00013008712850415965	-0.00022320760832087586	-0.0002671145476682013	-0.0003558193981643975	-0.0002373976513200121	-0.00037198454397053404	-0.0002501777853890913	-0.000245876227711328	-0.00015962439243663584	-0.00023668280391131444	-0.00015775316773367076	-0.00017001358647728695	-0.0001621490708630241	2.9176078003220747e-6	-5.482350771274235e-5	-0.00017404769877930879	-0.0002601081095085153	-0.00036630713304199725	-0.00047704231103534717	-0.0005183818263532203	-0.0004078373201004195	-0.00040975968672828095	-0.0005442201404587052	-0.0004046316364218413	-0.00041518027442660055	-0.0004099256784495172	-0.0003503458691992561	-0.00033066595811308275	-0.0003414863969288667	-0.00042043423696940663	-0.0005113747659915915	-0.0006177566138753504	-0.000708363740299471	-0.0007956966670621956	-0.0008261518583824178	-0.0009168686924488147	-0.0008709364799665275	-0.0008587269064450411	-0.0008099685137440831	-0.0008551824905557794	-0.0008329869479080375	-0.0008484366175115844	-0.0008077244125718335	-0.0008284150044765569	-0.0007707455494903973	-0.00076704180468172	-0.0007364036010864583	-0.0007245466359805281	-0.0006691787563634608	-0.0006702913059883699	-0.000613139875330071	-0.0006180582286740254	-0.0005602955861858799	-0.0005297218503034704	-0.0005015394350586615
-1.1408531511527575e-5	-1.231603112680432e-5	-1.4812021249289984e-5	-1.2991679035193915e-5	-1.1019600965229968e-5	-1.0253989383935888e-5	-6.247281218816485e-6	-6.018987784854774e-6	-1.4728193445108331e-5	-1.327349013579941e-5	-5.126672903473656e-6	-3.025487643076342e-6	-3.686343683648521e-6	8.63905039085594e-6	3.6702655834257992e-6	7.920694086510291e-6	3.458845693584192e-5	3.2911024686749224e-5	3.527900265757472e-5	3.0083279682451e-5	3.308219006896429e-5	4.340448854825949e-5	2.5293857253919774e-5	2.24337065146251e-5	1.9127386518191444e-5	1.6022378855531233e-5	2.8744727957477966e-5	1.921340218001555e-5	1.7124406547722874e-6	-3.6662027038357466e-6	-1.1355275644471875e-5	-2.5671543325356604e-5	-1.2801127768479607e-5	-3.147751128761839e-5	-1.173573219398309e-5	-4.182909449585229e-6	2.3185836605689455e-5	1.8525650187072723e-5	1.5623811006884245e-5	-6.932206111226468e-7	4.426646343317492e-6	1.3167020745203857e-5	-4.662036735391533e-5	-2.9573099492256196e-5	4.054931993478783e-5	7.492398958197644e-5	-6.977998326732071e-5	-0.00027328233618119716	-0.00040060967633481765	-0.00045894427344855127	-0.00021225155242329122	-0.00037599733868944046	-0.00021977428479522107	-6.252822890538689e-6	-0.00017801757340365346	-0.00028399159540930946	-9.625682197925838e-5	3.5635794141952726e-5	-0.00025197617276127154	-0.0003607741703255326	-0.0003485189931139512	-0.00022605105237747528	-0.00014043133099526234	-0.000353403583719207	-0.0005666468566502963	-0.0005767839766999266	-0.0005679649737284562	-0.000504565543361403	-0.00042870582416063696	-0.0003332248013979133	-0.00025152173002782746	-0.0002206251163532069	-0.00013725191734016706	-0.00012562157100139137	-0.00017567249278524486	-0.00024828943703553846	-0.0002688165772661913	-0.0002900260614568245	-0.0002478523484974321	-0.00033091916869492505	-0.00023718552922494943	-0.00023335156645529206	-0.00022427873210949936	-0.00022204941646248447	-0.00019451878486859833	-0.0002266131354398612	-9.813293669422989e-5	-2.7171235769153642e-5	-0.0002806493861525622	-0.0006496877049148517	-0.0009682433453096772	-0.0010101790874064362	-0.0007683775183177712	-0.0004649668401820669	-0.00030771622901680507	-0.0004990238496732635	-0.0005110331772334442	-0.000514359909395759	-0.0004475399237834076	-0.00038338957683483466	-0.0003379718555582625	-0.00031970641394679644	-0.00037035927044366113	-0.0005038692612886059	-0.0005996394528921117	-0.0006687965061532435	-0.000807121073882061	-0.0008285269611227676	-0.0008780836086670281	-0.0009144285285792377	-0.0008605900874087204	-0.0008508891966452907	-0.0009021072354831876	-0.0009194744914455335	-0.0008541128233494065	-0.0008016973122035655	-0.0008353800473202485	-0.0007688185144180854	-0.0007678301937731439	-0.0007413479836525931	-0.0007091636736612088	-0.0007125822277295051	-0.0006625532386942377	-0.0006536320842215337	-0.0005844724751164106	-0.0005274010977723495	-0.00047611611881780835	-0.00047274873643575807
-9.592848366243682e-6	-1.2169090496567945e-5	-1.4465156915159648e-5	-1.0594521156095762e-5	-1.3393947246882058e-5	-1.1208988083414096e-5	-6.568490524172694e-6	-2.8080302704380426e-6	-1.3893152454218584e-5	-5.305901857742718e-6	-3.0309986101930207e-6	-4.015372420413527e-6	-6.38763848943586e-6	9.653706311988156e-6	5.889240809429929e-6	2.001684742437837e-5	3.394680087704348e-5	3.45966817965216e-5	2.7572070733332395e-5	3.745643422704316e-5	2.212053502067927e-5	3.107565052723818e-5	3.760419533269457e-5	2.9002234722954805e-5	2.5592384271912527e-5	1.739829502797781e-5	1.393893387215475e-5	7.841975316726438e-6	-1.3083890145360736e-6	-1.4335072826042806e-5	-1.4797609529859297e-5	-1.280244930792866e-5	-3.402626455877196e-5	-2.225587883474336e-5	-1.3858070008372634e-5	1.8628079379587673e-5	2.03258459217405e-5	1.7241718545512458e-5	2.4574672678745465e-5	3.1195544736815906e-7	7.74004403321718e-6	7.916016610655732e-6	-4.0893882345075655e-5	-2.433657197205979e-5	3.211048559209964e-5	6.145353072988316e-5	-7.809059780110664e-5	-0.0002710910750763386	-0.00038396586329262483	-0.00044892804510702344	-0.00020178925793767202	-0.00041453698286508795	-0.0001479099541413717	-3.2991669032117477e-5	-0.00018355089217211154	-0.00024722714442055455	0.0001094068824251948	0.0002556874675960913	-0.0002703943083760124	-0.00036263461159705823	-0.0003479464988700997	-0.00020906442805244949	3.8540198788426794e-5	-0.0005372608029253698	-0.0006003015996184496	-0.0006723317512967452	-0.0006637817524151115	-0.0005665941842222452	-0.00045877667283634316	-0.00033435412557115263	-0.00025547218331697236	-0.00019993091674407046	-0.00010998180231119868	-9.43673811619125e-5	-0.00018304921549881778	-0.00024399406598884368	-0.0002937089257784922	-0.00026590038012131584	-0.00021809998674692657	-0.00030045663604663653	-0.00024628700691278066	-0.00021297036569174752	-0.00020089894045213771	-0.00042604796836754466	-0.000698330205467501	-0.0009638291117259819	-0.0007522228039459968	-0.0003270158229276565	-0.0008002028134947505	-0.0004223346055688692	-0.0008648694285913471	-0.0011533965739744453	-0.0011037354442086991	-0.000564683270152036	-0.0003990114471035671	-0.00043724713498331785	-0.0005110556180283263	-0.0004855646458480286	-0.0005176817107366977	-0.0004916142954097119	-0.0003865281909647133	-0.00034510469356339996	-0.00029085213456431225	-0.0004523016410191982	-0.0005295608290637258	-0.0006141747369362016	-0.0007257601683909389	-0.0007787951206887979	-0.0008586523748315213	-0.0009007125028465123	-0.0008844601391338676	-0.0008542556978637094	-0.0008508802402679843	-0.0008535762226809933	-0.0008821923525026419	-0.0008046655665893374	-0.000807006290395526	-0.0007970488246841766	-0.0007975998089423951	-0.0007702837303766307	-0.0007275010203630637	-0.0007312933276840994	-0.0007011053087483536	-0.0006891112570004721	-0.0006367643706479791	-0.0005922041170598399	-0.0005609697596958667	-0.0005162800179123878
-1.0156526758942769e-5	-9.711492645215342e-6	-1.0992852008989867e-5	-1.2164052062705112e-5	-1.6455376167581748e-5	-1.6893079703107425e-5	-1.1423301104411357e-5	-3.725804070104331e-6	1.026884119187041e-5	-4.125679466571337e-6	-1.2562809782257557e-5	6.245116324576048e-6	-1.9171214664598715e-5	1.5123797998456074e-5	2.1613327067741134e-6	3.59181334360411e-5	3.1754595047200906e-5	2.0136706684699066e-5	2.5497867906692017e-5	2.9225248122152072e-5	3.4247082643726334e-5	3.9058427379976696e-5	2.689210314393668e-5	3.4334869870216236e-5	2.8162626581913066e-5	2.3272753808725035e-5	2.7817929817292027e-5	2.2904253428775164e-5	1.0810886512174418e-5	-5.529352599701816e-6	-1.400689429893742e-5	-2.426031157107093e-5	-1.5725724016165885e-5	-3.8144242728603214e-5	-6.351039485985588e-7	1.8348187520115383e-5	3.4023193187489656e-5	2.47187204841133e-5	2.2013545456986413e-5	3.5854389444402164e-6	7.552734143396327e-6	4.870971047300429e-6	-3.249351518104862e-5	-1.760399150670805e-5	3.1878091897967475e-5	4.7959120735071435e-5	-0.00010066629781277021	-0.00027836177346430777	-0.00038549929193927227	-0.00043392111852454113	-0.00023285082668446364	-0.0003880594713840182	-9.740157205090359e-5	-7.341985003902346e-5	-0.00020865027789297022	-0.00022555948148757912	0.00016460092735429838	0.0002876011690518959	-0.00014407418866876215	-0.0003206620074937966	-0.0002509569758816013	-0.00012400145096933685	-0.00014272080236382712	-0.0006536923690281943	-0.0007762164576678373	-0.0006465386077859556	-0.0006149596801403867	-0.000515267707299448	-0.0003899088793588717	-0.00024372558108005923	-0.0001816508607595246	-0.0001192115650118508	-5.237682856873426e-5	-7.226169042480468e-5	-0.00015867108462633978	-0.00021917788495598442	-0.0002580856101963916	-0.0003087422411696475	-0.00034496402316706165	-0.00023401714207942068	-0.000449594509039676	-0.0003028134162906884	-0.0007298493179827905	-0.0005499168303666965	-0.0009027664720807903	-0.0011001303968933424	-0.001309811277255997	-0.00011592614374954928	-0.00047324192843558455	-0.0006108468491444752	-0.0007833969428239564	-0.0012423073719259117	-0.0014222116113482908	-0.0008751935019367037	-0.00046737406217325217	-0.0003632346740447059	-0.00045791558364160345	-0.0005136211025935644	-0.0005288018372360051	-0.00046622957979112334	-0.0003723348588214464	-0.0003516957539214868	-0.00032334535554710137	-0.0003847798891358847	-0.0004788339704776822	-0.000556819233559977	-0.0006642337894557231	-0.0007303608598550198	-0.0008043083920454898	-0.0008602429983628478	-0.0008397071260112659	-0.0008350029047105716	-0.0008622677997397603	-0.0008586070529147289	-0.0008449583915686418	-0.0007875993714417244	-0.0007903576656857757	-0.0008080009390298153	-0.0007903531626580507	-0.0007829812097618314	-0.0007753744338864081	-0.0006880273067098353	-0.0006984124758992876	-0.0006963867679667285	-0.0006778405679200987	-0.0006200528009548019	-0.0006000167751649306	-0.0005611314983196627
-3.984823579504353e-6	-1.2821058337176767e-5	-1.4912166054932561e-5	-3.0159356647274298e-6	-4.175413918154451e-6	-6.7285975402509016e-6	-1.3590626540826987e-5	-6.351595708805126e-6	1.9831855070911314e-6	1.5376677353824177e-5	-1.3782953830988527e-5	-1.621320422752828e-6	1.573856801991274e-5	1.910722052583455e-6	2.8332078919274594e-5	3.2004196780796926e-5	1.3457550601236183e-5	3.1855544683221174e-5	5.553220457261975e-5	4.5242973896377624e-5	4.887301877217961e-5	4.2160156263479e-5	3.3077785855425285e-5	3.763522230405131e-5	2.9682671316526296e-5	2.922334326567119e-5	2.6645153612800048e-5	1.2862936318294367e-5	1.033189482861803e-5	-1.5954457698551248e-6	-2.0227536627007853e-5	-2.5476898726523725e-5	-1.2667969933677704e-5	-2.8778993272672578e-5	-2.091426709550578e-5	6.234750205263289e-6	3.522884657060875e-5	2.5629772837463396e-5	1.6605863472490823e-5	3.514839423202423e-6	5.5463944472356605e-6	8.206603213829766e-6	-2.62996975217665e-5	-1.13028271204324e-5	2.9412806662899162e-5	3.498082293664287e-5	-0.00012134336269077269	-0.00028903426219258066	-0.00037557029652045265	-0.0004082228079551643	-0.00024899953609408554	-0.0003815408208124315	-3.8332643179442294e-5	-0.00011662010957619316	-0.003175015560706595	-0.00032234786396124343	0.0001198600701546662	0.00020172572676949854	-7.517729321004917e-6	-0.00021607335974702793	-0.0002309721015142374	-0.0003049729677346083	-0.0004963999351110734	-0.0006049164155046485	-0.0006417612667198105	-0.00057503609205041	-0.000519757833452282	-0.0004176098889223031	-0.0003094485777647635	-0.0001789279527927151	-9.194257087445644e-5	-1.0875732194166874e-5	-3.52085686126935e-5	-5.259259889568712e-6	-0.00012189600218960593	-0.00021793641370726477	-0.0002570194718946178	-0.0002817190095571673	-0.0005244081651345142	-0.0009631641411083496	-0.0006086162231307146	-0.000796512539215019	-0.0007586739644068612	-0.00041718691483165477	-0.000704969930803885	-0.001094354601881807	-0.001383773099166048	-0.0011107511272735737	-0.0006343077060778565	-0.0008633796995480973	-0.0007373018083003598	-0.001120977070174188	-0.0012918432518377668	-0.0011573863851685462	-0.000657685463967099	-0.00033901723268947576	-0.00033540854037315127	-0.00045922827545882833	-0.000516572726651579	-0.00046950144475324524	-0.00047616988457701426	-0.00036857059526780584	-0.0003170550362400007	-0.0003903761670691341	-0.0004603576014968954	-0.0005381232551140286	-0.0006075377345302058	-0.0007046235568110292	-0.0007709140221372547	-0.0008341912167975084	-0.0008841965690436353	-0.0007983974570011098	-0.0008386239489844605	-0.0009346908635965433	-0.0008130952472082397	-0.0008097988169896048	-0.0008724040287378352	-0.0007566840820160541	-0.000809846386544237	-0.0008365529033057573	-0.0007599808302311862	-0.0008046089684603761	-0.0007305060418768063	-0.0006695779315659018	-0.000673647489353446	-0.000637029764149425	-0.0005923965188509538	-0.0005856845235901499
-7.167716569475394e-6	3.1335343472554604e-6	-4.580452396497556e-6	-5.076013966250591e-6	-1.5043858479367627e-5	-1.7520203121406883e-5	-6.8132423016115445e-6	-7.451061610156544e-6	3.128593071459809e-6	1.5564830240649694e-6	1.5830818391750733e-5	-8.922365445215505e-6	1.109053217101738e-5	3.571865228721091e-5	2.0678664986936712e-5	4.967651855191171e-5	2.6462164859526734e-5	4.4332795480451694e-5	3.214744746988553e-5	3.679447160365515e-5	3.433428337105103e-5	2.732899263878721e-5	4.037665555091212e-5	3.686200798812614e-5	3.282245133236911e-5	1.975710901846485e-5	2.8944863845158094e-5	1.1522939693349095e-5	3.361956936800969e-6	-1.4709131867162923e-5	-1.5244715857514952e-5	-1.9888112879652697e-5	-6.638177171575803e-6	-3.06661598404364e-5	-7.721404630045212e-6	8.142850738308838e-6	2.1588829346181473e-5	1.973914268258055e-5	1.5302532889926654e-5	5.1577169726986505e-6	5.398632907903377e-6	5.387758170377967e-6	-2.1070017475546817e-5	-5.648040943360271e-6	2.502570074997337e-5	2.1046717851597865e-5	-0.00013277079227713706	-0.00028742376676415757	-0.00036140591255350707	-0.0003957997312710459	-0.00026625178715412867	-0.0003739033728250226	-5.7536327958962456e-5	-0.00019069769840920206	-0.0003193177219818974	-0.00037274997665304865	1.3199715170712776e-5	2.1362291146090336e-5	-0.00010583318466386714	-0.0003493541515754358	-0.00040687980575916655	-0.0003964193132609261	-0.0004251552566166688	-0.000648619077848675	-0.0006376778269919642	-0.0005749304559559201	-0.0005016418927819566	-0.00040240344379143667	-0.0002779578898428822	-0.00017208711721242162	-0.0001752488507393221	-0.00016009947798913127	0.00016458930492384977	-0.0001586661085503649	-9.866632751705932e-5	-0.0003876188411910952	-0.0006085688406551673	-0.00047231600217283865	-0.0008222420370225177	-0.0010644505771392407	-0.0006285158120952067	-2.549359605797524e-5	-0.0002816395096088761	-0.0016102239337690766	-0.0006710231615150718	-0.0011761912261211774	-0.0015024661534227335	-0.0017257174174476612	-0.001123451734527832	-0.0005822963281693072	-0.00087103285684436	-0.0010542794996824117	-0.0012182485885532668	-0.0013552755952000656	-0.000993320912177388	-0.0005751334934992955	-0.0003948553236980678	-0.0004559836885896853	-0.0004511940815757342	-0.000464433049375372	-0.0003699839678768593	-0.0004298932600524385	-0.0003178886836272335	-0.00035980910820243567	-0.0003970316223358971	-0.0004463493657796621	-0.000556567121079779	-0.0006336521247160901	-0.0007047754285553763	-0.0007735480225768905	-0.0008256084850066097	-0.0008345229360849636	-0.0009102413124672039	-0.0008410867870884893	-0.0008655707082073221	-0.0008654861823964923	-0.0008140247770229042	-0.0008093250124653442	-0.0007123052768497408	-0.0007735111076179537	-0.0007723163929348671	-0.0007516342538172251	-0.0007296997230087954	-0.0007073432234795499	-0.0006462950842144218	-0.000651024252540898	-0.0006254236626745784	-0.0006147820403690045
5.420541234835498e-6	4.290088057479387e-6	-3.3660740048156025e-6	1.0045310096977803e-6	2.5249312270983135e-6	1.472417920553824e-6	1.1477677955198244e-5	1.2412173228787923e-5	-1.6132510412725405e-5	-3.547853113725074e-6	8.692427742765067e-6	1.7852554219546617e-5	-1.4131337772041798e-5	2.0650652515037324e-5	1.5877719484243963e-5	2.697169040844979e-5	4.0135081017097715e-5	3.9940357027560755e-5	2.2509088375751576e-5	6.119003125915935e-5	4.795593735486269e-5	5.487800792676293e-5	5.152828365818234e-5	4.283223926904687e-5	2.9929462770986178e-5	1.76596164395363e-5	2.5241921232247232e-5	1.2211393349411888e-5	1.0336071983117062e-5	-9.05164938228703e-6	-1.4227016694725798e-5	-2.2250711066403372e-5	-1.0598666990704537e-5	-3.5316241961012504e-5	-1.450135837690984e-5	3.7428611246578466e-5	3.972526702662911e-5	1.1088313687374061e-5	5.748210382076207e-6	1.3319192320240811e-6	4.3948725247152515e-6	-4.443791065374472e-6	-1.2105431739482806e-5	2.130627315202749e-6	2.1454624020292645e-5	1.1749735819716054e-5	-0.0001328852062025196	-0.0002711954519892673	-0.00034057059044656843	-0.0003630296133367086	-0.00027033634319821587	-0.00036850133962058185	-0.00013925307658282232	-0.00032718837637054493	-0.00038164428744005824	-0.0003090221839053067	-8.448336273180616e-5	-1.292549906082435e-5	-0.00023943307278246476	-0.0003667814315504516	-0.00042206613453787256	-0.00016061795457024408	-0.0004805319679494768	-0.0006412300451686878	-0.0006207121923005807	-0.0005644037570640137	-0.00047877774516247995	-0.0003796748171067121	-0.0002594747343202808	-0.00015921365059679005	-0.00016070716914347305	-0.00010531458480896731	-7.344981354899527e-5	-0.0013681597708491836	0.0002888171401690953	-0.00039985079936747514	-0.0010192443851810354	-0.00033264342244251893	-0.0005821243623639963	-0.0011381652429125894	-0.0004709962948736684	-0.0005276391664083349	-0.0008332453955116336	-0.0006192154058601296	-0.0017358824937370452	-0.0013193074497458435	-0.0009224813363488056	-0.0016982312559020785	-0.0013862138488300588	-0.0009792343682235236	-0.0006174518361662037	-0.0010050441497056958	-0.0011480288345400852	-0.001288839962987516	-0.0010842254189076528	-0.0007205762328618344	-0.0005055479211472924	-0.0004754809547393573	-0.0004875563800561463	-0.0003940648235457519	-0.0003549785186282572	-0.0003075808387500989	-0.0003488366779680687	-0.0003519396389768669	-0.0004333468245484514	-0.0004415053278051042	-0.000479397763261842	-0.0005861403637409321	-0.0006989310904234428	-0.0008000314212107048	-0.0008049883371105854	-0.0008148289236376524	-0.0007902762203643685	-0.0008985959886560409	-0.0008551830511425127	-0.0008876026872696451	-0.0008130386122489306	-0.0007661516878169557	-0.000763364172882367	-0.0007607904757133548	-0.0008193648228004348	-0.0007274960381288205	-0.0007623059018334494	-0.0007091876615258548	-0.00073254055457184	-0.0006797905294448138	-0.0006458540996608607	-0.000634555169065458
1.1619608427564444e-5	-1.4313231860591663e-7	-5.055754512955923e-6	-4.5253236433725336e-6	-1.1348867421452807e-5	-5.86069086869808e-6	2.2317718010558988e-5	2.802440944777752e-5	1.8917865987925706e-5	7.467022052759508e-6	-1.1193830991252858e-5	3.4264940331710926e-6	2.8105409633719793e-5	1.1335629499951634e-5	3.0289668104428732e-5	3.298945029910766e-5	4.115852704771224e-5	4.970593395431724e-5	6.169918117539773e-5	4.558315224302382e-5	1.955325887640323e-5	2.1174712851179663e-5	1.766003407963415e-5	2.1646172462981558e-5	2.486748236258003e-5	2.7881797819975445e-5	7.084931258208651e-6	1.8099130343323527e-5	1.205499138012822e-5	1.5344860310791823e-6	-1.3351869149148472e-5	-2.425722370365257e-5	-1.6680111008778378e-5	-3.45698560326891e-5	-6.497674653101886e-6	2.5543745704780307e-5	3.514819231021163e-5	2.5744825520555844e-5	3.299503861320732e-6	-3.3074530798610914e-6	-7.018161496830793e-7	-1.0306732350180356e-5	-3.897128437015465e-6	7.1484939875073725e-6	1.6991067873419613e-5	4.10824332452292e-6	-0.00012761928583132284	-0.0002572698477106179	-0.0003248840165100651	-0.00035746386717631565	-0.00028097522626700094	-0.00036494731915290285	-3.778136373634028e-5	-0.00034572520120172695	-0.00044889071936556746	-0.0002819006794056028	-7.21087297728476e-5	-0.0001308017564703376	-0.0003873323412657489	-0.0004824094585820573	-0.0005395732123039329	-0.00016902013165800975	-0.0004969771463716327	-0.0006331357159904127	-0.0006029417375314275	-0.0005426983692297105	-0.0004566120066686746	-0.00035748747928901475	-0.00025134926542446506	-0.00016647762322331836	-0.00015669326352933666	-6.924550809053048e-5	2.2938012600448584e-5	-0.001007789563671306	-0.0004545662708656944	3.660018919882102e-5	-0.000659241886622787	-0.0009324702140859133	-0.0005515629832638508	-0.000578333385239764	-0.0008937319814121893	-0.0009817860660522523	-0.0008540913700241791	-0.0011139451236647294	-0.0016835736628157542	-0.0015940223158789066	-0.0018834770357505773	-0.0017335960003465876	-0.0016734356646491003	-0.001597266205714473	-0.0009624254741031831	-0.001109403877032518	-0.0009952838620538168	-0.0012248273779979016	-0.0012859222922601	-0.0009709901111669763	-0.0005152511482579836	-0.00045441315840374913	-0.000530006592737095	-0.00046725335714307975	-0.0004016787609343111	-0.00045328581927458334	-0.0003702321791374321	-0.00035134946510355364	-0.0003992337923577546	-0.00043126159249631807	-0.0004815270536473459	-0.0005530885187343682	-0.0006271227686346741	-0.0007529981324886844	-0.0007974769831043531	-0.0008596484963327779	-0.0008282279597609034	-0.0008343268749055193	-0.0008760003928406228	-0.0008333215817152468	-0.0008301046052687325	-0.0008044835642486216	-0.0007958745918052768	-0.0008071202542902707	-0.0007387455209736416	-0.0007470163131302608	-0.000767364329663702	-0.0007717152174452692	-0.0007367665145617714	-0.0007043220765293178	-0.0006587370207579608	-0.0006445753179037256
-9.60030077895406e-7	-4.6284713447987055e-6	-2.991130479694688e-6	1.3840279611395874e-5	4.111970963380229e-6	6.104413646118057e-6	9.185956346708518e-6	3.1109459355371095e-6	1.5468515165051495e-5	1.6944187272347443e-5	2.6131517785678463e-5	1.946102976576984e-6	1.549471792192114e-6	3.522697603183713e-5	1.4513858745488632e-5	2.638185899123471e-5	3.0765826729761345e-5	4.127819741833044e-5	1.1776521527699297e-5	6.15129619929624e-5	5.0829155359526084e-5	4.946344337266629e-5	3.519738441676301e-5	3.1876240736599185e-5	5.190464936652948e-5	4.5373534064089415e-5	6.676066237375557e-6	1.7914336572326384e-5	1.0155513425645288e-5	1.4347047627618485e-5	-9.406752303096552e-6	-3.0769567254361474e-5	-2.187590776928094e-5	-1.9485204573975456e-5	-1.1051984728869395e-5	3.0989993714649125e-5	5.006301097417939e-5	2.1501135285184252e-5	1.2304535342011478e-5	-4.182436553123656e-6	-6.145469777594364e-6	-1.2308234325405369e-5	-6.968259302908563e-7	9.021247236642299e-6	1.4638804442723348e-5	4.694848150651673e-6	-0.00011388517546541409	-0.00023873282611842556	-0.0003070353813208748	-0.00034945259028053977	-0.00029102424244347586	-0.00034573109386221845	-0.00014519001814618931	-0.00034706579173093827	-0.0003971260831465983	-0.0002932264709038304	-0.00014778417879637157	-0.00020759410397294673	-0.000458883140383795	-0.00043085614054392396	-0.0002816140047936025	-0.0001809832500662342	-0.0005086165532144915	-0.0006306487532930019	-0.0005927114116567947	-0.0005183145339576062	-0.0004421453351013959	-0.00034401792955128513	-0.00022804502375003974	-0.00016019219822166475	-0.00014838557873750324	-4.971916914633944e-5	1.9022196122951696e-5	2.3904809815650237e-5	-0.001244358606433682	-0.00011887274812497765	-0.000601323534889231	-0.0010472253887195207	-0.0006405291457824147	-0.00041674618317909246	-0.0008898582208117025	-0.0009337017878047886	-0.000962699637585898	-0.0010531434401633843	-0.0011003549363558865	-0.0028405096623353855	-0.0022062110386191283	-0.0019696645155165005	-0.002436802083488794	-0.0020970682011213493	-0.0011690199915731503	-0.0013030385768433503	-0.0011838557636804914	-0.001069008017263312	-0.001299290940592543	-0.0012837134159273886	-0.0007707028214839344	-0.0005872386524535117	-0.0004739689194290311	-0.000519998081247898	-0.00038073971050586736	-0.0004149866451776812	-0.00036973424825254003	-0.000383566196577971	-0.00032037028912992177	-0.0004153091253279034	-0.000432235922661478	-0.0005178883660133561	-0.0006481057557598466	-0.0007675840869598298	-0.000835557179218807	-0.0008601622665115222	-0.0009263522570118059	-0.0008301158453878111	-0.0008786785914106572	-0.0009394575354194217	-0.0008686715613210985	-0.0008372724680889495	-0.0008038586123896954	-0.0008930982409670849	-0.000805416105792607	-0.0007841088466779659	-0.0007695930722990267	-0.000726965533354596	-0.0006960907365381913	-0.0007610198994633179	-0.0006871065171801422	-0.0006682840211010183
-1.332765130895863e-5	2.9414105680758588e-5	1.0996619608828749e-5	-1.9498836600255823e-6	-7.788547842150877e-6	-1.0797399993957115e-5	-2.6325198889277226e-5	2.581923696923834e-5	-2.3295433832816456e-5	-1.45611782695473e-5	-2.611850023911087e-6	1.0699417428970159e-5	5.224483151330429e-5	1.3488604555674485e-5	2.8840013558718843e-5	7.976941130750405e-5	3.618115391166611e-5	8.651695373573103e-5	5.1507767137842074e-5	1.1897870438436903e-6	7.712910222610822e-5	7.329995653417715e-5	5.314049416975906e-5	4.480599964402226e-5	6.220660286795215e-5	6.003357095837359e-5	1.7488212657526536e-5	3.148172045860757e-5	-8.017565561110884e-8	1.355538262475149e-5	-3.4846242482223368e-6	-2.397260763379108e-5	-3.8853440636251596e-5	-2.1331381566723828e-5	-9.327730368701229e-6	8.018645952312733e-6	3.869531581550574e-5	2.9834751412004947e-5	2.3502714428498894e-5	-5.7513626944716975e-6	-1.2543380288436433e-5	-1.5291154751911548e-5	1.9969621550992855e-6	1.065037666891054e-5	6.274169026118311e-6	-9.8038813395665e-7	-9.59083017919391e-5	-0.00021587836421905687	-0.00027982201397571543	-0.00033578257508477463	-0.0003163496791022853	-0.0003913593289283506	-0.00017094166028432803	-0.00036028932242151973	-0.00039239356794222574	-0.0003169282370828891	-0.00022513381196190976	-0.00028371831026045846	-0.00046934619806100747	-0.0004821396878745484	-0.0002830872923229033	-0.00017606719803896911	-0.0004994370737722992	-0.0006103251646476585	-0.0005665568989215303	-0.0005023772172568775	-0.00041517877569056944	-0.0003181508362315455	-0.00021746416152199075	-0.00015003614919472524	-0.00013363783731967088	-4.479707891528322e-5	2.5417857304598637e-5	8.33770869728724e-5	-0.0006348904852586726	-0.0004926970385496499	-0.0003814097421575568	-0.0009569264035032622	-0.0009659012375736255	-0.0005982530896348447	-0.0009302222341695496	-0.001104748208473512	-0.0008717586315581254	-0.0011476615660631698	-0.0013804712175680479	-0.0022371885683618656	-0.0021697806230555616	-0.002303706688150213	-0.0025557418523300054	-0.0026343283271793028	-0.0021860011072561553	-0.0016719225126755886	-0.0015864689186483036	-0.0011984415582751845	-0.0013077788308009375	-0.0014998631969439025	-0.0009642413550340483	-0.0006795867252837663	-0.0006885252510713604	-0.00046618083922225073	-0.0005597834324983647	-0.0004335184202721928	-0.0004052575474419034	-0.00035800883353784974	-0.00037378828370189515	-0.00038994325010730657	-0.0004242846498290521	-0.0005274975509021208	-0.0006606990669735628	-0.0007782269385013008	-0.0008686844262906049	-0.0009144857554261968	-0.0009371001622360437	-0.000963874227340785	-0.0009805813650106375	-0.0009088546953114721	-0.0009211128250007256	-0.0009584613302787876	-0.000806852826771339	-0.0007826424225170456	-0.0007857558791666586	-0.0007979048871490159	-0.0007370585328810192	-0.0007634947537258143	-0.0007539541071435902	-0.0007892707953351118	-0.0006917129904125164	-0.0007257067320665631
3.4227492045593895e-5	1.1363900011968074e-5	-5.026248425170181e-6	-1.4692791205700091e-5	2.843037970573069e-5	2.9229715804886255e-5	2.4702779497518323e-5	2.227553276925621e-5	1.1799618647076978e-5	3.2071747059318756e-7	1.261622824440256e-5	1.6296161634205865e-5	3.303713527790311e-5	4.416183739769201e-5	7.889527027017153e-5	3.4541065792098244e-5	8.737203081258386e-5	1.4280768435197612e-5	9.164714750986568e-5	2.296041759497491e-5	2.1654360151789755e-5	6.291031405124443e-5	6.301215358414484e-5	7.454033503721119e-5	6.54948966859626e-5	5.9583525217682044e-5	3.0217312555142272e-5	1.8163969791153492e-5	3.58981688125537e-5	9.189624023764678e-6	-1.4348010030518913e-6	-4.0227064409571744e-6	-1.7064853078795766e-5	2.6546474545495464e-6	9.304909143539875e-6	3.0601842782897178e-6	2.78897168434853e-5	3.5811392317276064e-5	3.88694850394708e-5	-5.327095389156058e-6	-1.929750469663316e-5	-1.7149237569293388e-5	2.8093189775348078e-6	1.0510435349744133e-5	3.550614809761862e-6	1.5630588186613115e-7	-8.187279530551261e-5	-0.00020390974738793488	-0.0002697347495752081	-0.00032972260181505716	-0.00034924011940848024	-0.0004231043344675444	-0.00020536188760807148	-0.00038512466815892454	-0.00037300480818219095	-0.0002765526032136312	-0.00022720434216753208	-0.000321547567478514	-0.0004738696087651719	-0.0004399180207831712	-0.00028759881874011045	-0.00018745945871978528	-0.0005000917171257141	-0.0006010287504449804	-0.0005528328122757567	-0.0004869149163077082	-0.00040047055916651164	-0.0003064586291548835	-0.00020942222602338825	-0.00013652239080983591	-0.00012773279740776328	-4.1301182634491396e-5	2.9621294349649325e-6	1.878652290156213e-5	-0.00011792775539724505	-0.0014915046805258345	-0.0005424661143676665	-0.0009805578439058688	-0.0012480468688895463	-0.0006638439135203676	-0.0009204290639017696	-0.001254324505069529	-0.0010348594056122304	-0.0011726192755082826	-0.0011237109021717748	-0.0017424919049107907	-0.0021550511433102854	-0.0020759991507541403	-0.0016918902679460138	-0.002338588888273381	-0.002675444134335805	-0.0016529368570064593	-0.0023225770123770292	-0.001054374520418483	-0.0012331524628685087	-0.0014227148249865843	-0.0010168939026987747	-0.0007351553782831282	-0.0006861169436853802	-0.0007016522591890214	-0.0005663587595433617	-0.00042785261228014954	-0.00029226466130051476	-0.00038059851498704883	-0.000372621420784841	-0.00036015893357943524	-0.0004576808053315291	-0.0005094315588946227	-0.0006486088974721679	-0.0007794946162934662	-0.0008668330293034979	-0.0008985059259981886	-0.0009759564003849508	-0.001025863275512691	-0.0010106797231263821	-0.0008903256456626976	-0.001031268121050831	-0.0009797329147943033	-0.0008756724268767744	-0.0008616576980462024	-0.000840476032401647	-0.0008374811384746077	-0.0008147596514346613	-0.0007433262299845303	-0.0007777013325753304	-0.0007375502818077541	-0.0007635047548078081	-0.0007294093227311857
-1.2422866172714061e-5	2.6464662777306473e-5	7.354004411723804e-6	-1.6165663778303432e-5	3.181045357138722e-5	2.9633980227930335e-5	2.0011759282556434e-5	1.6871149814104598e-5	8.257584042546326e-6	1.2444903034524236e-5	1.4322867826661865e-5	2.39938572509828e-5	-4.9450882787498845e-6	4.681141867364513e-6	5.504147985101962e-5	9.782035003790943e-5	-4.249676191460036e-6	6.264650529016688e-5	9.722721020758057e-5	4.9584741380111895e-5	3.812160285251824e-5	8.06166687605022e-5	6.685202983097542e-5	7.15943653103665e-5	5.5713549534453295e-5	4.468838414551853e-5	4.188084734156778e-5	7.670585678134015e-6	1.3473073102055614e-5	3.672073016209969e-5	9.038554914285804e-6	-2.3643966298725335e-5	-2.3529483591556988e-6	-9.57462540783667e-6	1.777021505205284e-5	-4.1587971673189e-7	2.7682251911749497e-5	8.020703436270246e-5	6.377194469654908e-5	-1.8982689769034276e-6	-2.1395432875468547e-5	-2.0288498122191315e-5	-1.2572190413295131e-6	8.70644195302174e-6	4.12536239977751e-6	-4.118549940109947e-6	-7.681767442199033e-5	-0.00019688755894739504	-0.0002610372335388328	-0.0003192334482047046	-0.00035386740958277466	-0.0004325831167665411	-0.00023955779749219167	-0.00039287626780321045	-0.0003825645614316183	-0.00033872910771854525	-0.00018268552616843012	-0.0003007632235060495	-0.0004945934341769875	-0.0004196169007099695	-0.0002831642833623152	-0.00018707860627385078	-0.0004911379613333627	-0.0005912123975061398	-0.0005392910702424827	-0.00046200002569267423	-0.0003875654804681369	-0.00029654089836895353	-0.00018988216693438528	-0.00013528045990276322	-0.00012250307764721802	-3.142510635392726e-5	1.526681334520011e-5	1.1945671491916941e-5	-3.380615772128476e-5	-0.002440635871376641	-0.0005404675898230266	-0.0007542137609112611	-0.0013621432833673534	-0.0009613328788072617	-0.0008458045196082369	-0.0009462441374181138	-0.0012516233163393717	-0.0012535959221420326	-0.0010647319828322593	-0.0017965769941391885	-0.0019855323675141423	-0.0015949084164251432	-0.0015339017010989468	-0.0025549414567728815	-0.0020243280382265666	-0.002330275116705499	-0.0016100005987250419	-0.0011347853649161868	-0.001011921571818404	-0.001377343346103607	-0.0010384022869651052	-0.0008693878316909375	-0.0008698180743813704	-0.0008370489471042421	-0.0007554149823686336	-0.0004735126310148607	-0.00042446414148279704	-0.0004349084667702382	-0.00036760542533164487	-0.0003841526764118523	-0.0005274898409561579	-0.0004660564437847236	-0.0005853919863825843	-0.0008327685309351614	-0.0008660171511008264	-0.0009318549523381138	-0.0010113962765705663	-0.0011079655448426214	-0.0010552953096120733	-0.0011367230642986455	-0.001053117991357995	-0.0008718483820091201	-0.0008993435695811568	-0.0008565040857653506	-0.0008143326533384918	-0.0008162165334129992	-0.0007917670153951942	-0.0008508051208867827	-0.0008049090533955755	-0.0008120230873993882	-0.0007976136179701012	-0.0008221859042764969
3.768416512812869e-5	9.329219533937665e-6	-1.5901032023751295e-5	3.1887029336972496e-5	1.8639956342759306e-5	2.6983098074711063e-6	-1.218466217679792e-5	4.67758459624188e-5	3.6307115216312365e-5	9.179634531892092e-6	6.8774086469172704e-6	-4.533381992282565e-6	1.6791970231292384e-5	1.758604137151471e-5	5.116645950789706e-5	6.266464054474966e-5	0.00010014636790743428	1.9445979033841723e-5	7.774941867622412e-5	1.4107082076933104e-5	5.826681525504875e-5	2.8068539707120154e-5	7.345397833274751e-5	6.596287556426793e-5	6.711412576946088e-5	4.515997251717043e-5	3.2267498384624255e-5	3.409466934039401e-5	2.5858836919618804e-5	5.43326160971913e-6	2.7786582409983215e-5	-2.831043998405627e-6	-3.178205064033844e-5	-2.8685651239351152e-6	2.914376314062938e-6	-1.3778956523945866e-5	1.859299157778299e-5	6.383119973882821e-5	7.003338914650034e-5	1.7021558462856565e-5	-1.9710104203060283e-5	-2.5165827126187586e-5	-6.942635762076029e-6	7.0149505724658576e-6	3.575099748577906e-6	-5.515653678147408e-6	-6.797689098897094e-5	-0.00018172930821855682	-0.0002530714367991564	-0.00031412804710933065	-0.0003533431815151352	-0.00044022877264144467	-0.000271573838677569	-0.0004076580762627651	-0.0003901730719329393	-0.00030367227001233676	-0.0002298974390415112	-0.000250483312216887	-0.000591934389265053	-0.00039089941179792914	-0.00027991540556791816	-0.00020201531430747569	-0.0004710438759100016	-0.0005658621339511491	-0.0005094418647133211	-0.000433011160087815	-0.0003613542192033858	-0.0002748897964506905	-0.00017530025102959615	-0.00011234714183266935	-0.00010247388018431307	-1.3519881958759526e-5	4.334225389614892e-5	4.067136113571762e-6	7.066637469415812e-5	-0.002315709033903768	8.284280110862351e-5	-0.0004885400883315738	-0.0017622785748153296	-0.0011415036694096409	-0.0009761753430766184	-0.0009365650208061764	-0.001570397817839651	-0.0007556594189251329	-0.0011639031361528746	-0.0018687385756671266	-0.0017764157223118177	-0.0015072245200834983	-0.0023499256276114655	-0.002138721668450312	-0.0022702822530772104	-0.002823465507489214	-0.0016776643999363847	-0.0015505000986685417	-0.0008108177330500703	-0.0011359793668447651	-0.0012089404107787013	-0.0009381442300088193	-0.001022714737441803	-0.0007484609188933982	-0.0006410000463578924	-0.0005436818836714735	-0.0005146105630602499	-0.00044492922189436063	-0.0004333295237934388	-0.00042409005281043155	-0.0004651828848989056	-0.000515343490201537	-0.0006039593904096259	-0.0007636835573101261	-0.0008796149927143767	-0.0009696909777749673	-0.0010136233252484167	-0.001093501653148029	-0.0010955757651998424	-0.0010547947368734316	-0.001043138555709925	-0.0010019291556357182	-0.0008340368338674574	-0.0008889868918261766	-0.000802518522339049	-0.0008104960020401812	-0.0007938385856109085	-0.0007670641835903421	-0.0007986589599948481	-0.000874678984981187	-0.0007834430978091721	-0.0008475337784667399
1.9544629548682094e-5	5.83161967879827e-6	2.1442329305892436e-5	4.803880969232732e-6	1.5472006599623507e-5	4.1140460889333916e-5	2.7882040776129772e-5	1.653411718519418e-5	-3.4860112301145214e-6	-1.2437490740004746e-5	3.269423628311438e-5	4.02117806527812e-5	3.1922528379371706e-5	1.723726748359758e-5	3.568164885466626e-5	6.58951489185787e-5	0.00011368771932434954	2.564725757074268e-5	4.3734208577750684e-5	9.23171479094275e-5	3.8633737544811406e-5	7.683385599304739e-5	7.106920848262005e-5	5.814423926597637e-5	2.3838234565563134e-5	7.42884394408158e-6	3.833324489538499e-5	2.3712702081849637e-5	7.414290009851928e-6	1.4631430182016068e-5	2.4427240921187986e-5	-7.417225508917976e-6	-1.7891846478771537e-6	-1.808796100638381e-5	-1.1113562571303871e-5	-1.5171950197914728e-5	1.3589460530179577e-5	6.49722985699222e-5	7.7152560463414e-5	3.698086540227137e-5	-1.5434221088683753e-5	-3.078137507796057e-5	-1.3680076722030058e-5	5.987097693701051e-6	3.5834207183591672e-6	-6.867588333951679e-6	-5.593734620466805e-5	-0.00016860406169090164	-0.0002414396399821883	-0.0002994449961320027	-0.00034804975260378784	-0.0004527034760297768	-0.00027938898649031846	-0.00039179628415295786	-0.00039609303877172897	-0.00034791688768246587	-0.00018720748558125053	-0.00025084860809636983	-0.0004444781167038322	-0.00037101432900314	-0.0002771596359753617	-0.00019283876915004297	-0.00044775763160132676	-0.0005348552673672957	-0.00047840198588635496	-0.00041269049714034994	-0.00033216938678803926	-0.00024838758239890263	-0.00016375302279523357	-9.34760723469638e-5	-8.99915796720961e-5	-4.490999618630281e-6	5.401381014550135e-5	5.5599863808038906e-5	7.755166777853595e-6	-0.000508303543093197	-0.00011031539707325593	-0.0005694034864271724	-0.0017308051296219607	-0.0016542539176054962	-0.0009199730729601492	-0.001017932696174926	-0.0012293476491995192	-0.0012571223610593867	-0.001526470331332432	-0.0020869508186686925	-0.001986006574364145	-0.0025631351420430867	-0.002773893778042213	-0.00234776300815729	-0.0020512672941740834	-0.003162683051257178	-0.0014312435559632462	-0.0019371140807947563	-0.0004853888168135367	-0.0011083002329249914	-0.0011105242147743666	-0.001063749007195608	-0.0008647114679784413	-0.0008383909430522035	-0.0005863219757688658	-0.0005106358065987832	-0.00038168983616110314	-0.0003701394427611283	-0.0003539797220207703	-0.0003428070330640381	-0.00045001383279508195	-0.0005203695658184335	-0.0005602011642763527	-0.0007066260820725276	-0.0008233739190672064	-0.0008938658776591438	-0.001038287526810601	-0.0010357120509320306	-0.0010299948363179726	-0.0010368512794439039	-0.0010520317695553866	-0.000973952336304467	-0.0008834172872938284	-0.0008517152282712033	-0.000731365354432814	-0.0008262354628273994	-0.000821216710963652	-0.0007551276145936584	-0.0008004874978042967	-0.000835824132280026	-0.0007952613298792265	-0.0007615588038987173
4.338062810989481e-6	1.976257566068621e-5	-4.955419917723053e-7	-2.777497470300011e-7	1.9720452752876837e-5	2.9255403872011083e-6	2.8151381421294416e-5	2.9750705593739945e-5	4.4833223778969506e-5	2.6269051612236822e-5	2.6634415240802883e-5	2.2181295580674106e-5	3.7614315067063635e-5	4.472876929137534e-5	7.584535825723351e-5	2.977382288740955e-5	4.818763360613185e-5	3.3222584828584284e-5	7.246037457119686e-5	-3.549677587456889e-7	5.4380894308047455e-5	5.01089731231967e-6	7.372283468919626e-5	3.038234632412803e-5	1.646094535635509e-5	5.907801978741536e-5	5.13479765434574e-5	3.630235911682676e-5	2.9700399171300736e-5	1.0111332517798166e-5	4.149015880210508e-6	9.128838586750995e-6	-4.912124054951353e-6	-2.809849553551957e-6	-1.7020532699181176e-5	-1.1416284828287894e-5	-1.0013698990016598e-5	4.330327244245028e-5	8.145490490332578e-5	5.422994783809732e-5	8.370971342312737e-7	-3.2267753280555006e-5	-2.2417586965353325e-5	2.641038646458704e-6	5.207023939628185e-6	-6.3080711715322166e-6	-4.447113196356239e-5	-0.00015375226894605298	-0.00023555180222794775	-0.0002838575037565974	-0.00033630443629570345	-0.00045187428323895795	-0.00028350559460807445	-0.00039193332147455234	-0.0003959821987019676	-0.0002830017264586135	-0.00020446824830055302	-0.00021360080045863814	-0.00043356621420246455	-0.0003752590019756238	-0.00032074608214641837	-0.00019525322149036015	-0.000419829912566387	-0.0005176404243179694	-0.0004593141947296583	-0.000394228283438075	-0.00031515480084561703	-0.00023444868197438487	-0.00015405119348135127	-7.53034474837086e-5	-7.658345381467146e-5	-2.05324222251127e-6	5.112088014187776e-5	8.737357061819327e-5	8.522468572871865e-5	-0.000784253995056959	-0.00041476647383558574	-0.0008046757726180679	-0.001866134862350127	-0.0017705387711616954	-0.0011137318054019359	-0.0011085152454271517	-0.0018387966168372653	-0.0017241486971095695	-0.0017211483896309788	-0.002211358348259279	-0.002027443863120669	-0.001935526869421139	-0.0024497393483766464	-0.002454621129228604	-0.0022626492143231966	-0.0028774186439572617	-0.0016029162368518671	-0.0019279644316574569	-0.0011755328940734472	-0.0009738746797709196	-0.0012000636867267114	-0.0012168669334114077	-0.0009326774242680856	-0.0007570350565606203	-0.0006385816204382971	-0.0005356159056969616	-0.0004994760334281131	-0.0003482697312072631	-0.0004308341564908911	-0.000456712178351689	-0.0005028467264214971	-0.0005386408772028832	-0.0006061641738899781	-0.0007110386862521459	-0.0007485603668172524	-0.000887820937459701	-0.0008658902456593758	-0.0010123198740429398	-0.001040377694899123	-0.0010255309476300302	-0.0010225538860640128	-0.0009858808275721269	-0.0008712659917207813	-0.0008789524330696414	-0.0007450061095489769	-0.0008274754711729697	-0.0007841414666675746	-0.0007919762438413947	-0.0007758530495686511	-0.0007489338376570099	-0.0007986046511913001	-0.000772234527420066
1.4209045645272552e-5	1.1558397197252572e-5	-2.814767123267107e-6	1.3289091181645227e-6	2.0624589259750706e-5	1.6678906999555328e-5	6.159933256836766e-6	6.242540932419569e-6	-1.7885253418255598e-6	-1.2998487979335933e-5	1.7231460499472252e-5	1.6503647249808615e-5	8.641832383157397e-6	2.147869410541042e-5	9.420938134425613e-6	2.861007185556239e-5	4.336398812460669e-5	7.271335663845777e-5	5.287855999423773e-5	3.6389304498276806e-5	7.357859680150354e-5	2.7455561180675724e-5	5.250370858022289e-5	3.757260907564716e-5	2.583989079023123e-5	3.707834922341696e-5	2.6651375100968443e-5	3.0119897320626112e-5	2.5020434910125868e-5	2.1791835035697007e-5	8.65578245472405e-6	5.024922101679041e-7	-4.456389738564243e-6	-1.849407115081178e-5	-1.3398493252381181e-5	-1.091870273665571e-5	4.6531316668686757e-7	2.2725851316898398e-5	6.496171281022284e-5	0.00010586622304709427	1.868169349685672e-5	-2.837349827745222e-5	-3.241547847743047e-5	-2.4327703913862297e-6	4.307497707047719e-6	-6.640028967202365e-6	-3.4947576776911404e-5	-0.00013263966981507357	-0.00022545930331019368	-0.00027603812449792514	-0.0003284835738484593	-0.00045735906685148703	-0.00037654270354948305	-0.00041333526208924687	-0.00040444946944502563	-0.00039490405953981894	-0.00020225646741190564	-0.0002356354326070453	-0.0003902633833501381	-0.025316160826233457	-0.0002997807655976195	-0.00021073966150701032	-0.00038676822216926124	-0.0004922631225605725	-0.00043254533049937033	-0.00036727079858259176	-0.0002995521558015954	-0.00022225695151499578	-0.00013483226373508378	-5.9783935939770876e-5	-6.635414656966376e-5	4.76637716925396e-6	-0.00010605659407332892	9.753629952313768e-5	0.001069538772770131	-0.0033242903962546473	-0.0003632830508637496	-0.0010849482397125992	-0.0015733231331139551	-0.002077133165229346	-0.0009818439355925752	-0.001147903299660285	-0.002173426722363453	-0.0016867384102945899	-0.0018082874971925634	-0.002293876981060688	-0.001781734430090706	-0.0014246501487845049	-0.002391755988878294	-0.0016491491787408092	-0.0017879112978753246	-0.0017552484879836472	-0.0015193518695987352	-0.0012966648234736394	-0.0011741633076196509	-0.0011984071306278196	-0.001016989005823369	-0.0012531355506658487	-0.000981319984072384	-0.0007488606455210641	-0.0005288616120556477	-0.00048062056244579926	-0.0004167570952077516	-0.00036814712942642014	-0.0005192718877827275	-0.0005024894121565156	-0.0005032510438213698	-0.000564366862672392	-0.0005513585574971717	-0.0006624208625637812	-0.0006827932704151807	-0.0008264318134129297	-0.000872735055122524	-0.0009597966418384631	-0.0009279927129252767	-0.0010547844147917006	-0.0009699189506781092	-0.0009487683331576949	-0.0008220535974590852	-0.000837457570965986	-0.0007620920703093474	-0.000796918464757764	-0.000809339068907986	-0.0007224919779526099	-0.0007561607142194704	-0.0007866031074112502	-0.0007885167988062705	-0.0007617863863481309
-4.418264614846484e-6	6.087847465182337e-6	4.805741452029201e-6	-8.12189805969761e-6	5.144960851669392e-6	2.131900014054437e-5	1.7437699174156426e-5	1.20533909323808e-5	4.3774840116682714e-6	9.112746348531944e-6	1.109171652094454e-6	3.116829811280509e-6	1.574256082480588e-5	2.2324145451061563e-5	4.0301751896127357e-5	6.232416489902574e-5	2.9565310591980577e-5	4.0796899167835736e-5	4.053167428964312e-5	3.9670040944675064e-5	2.3739450341489842e-5	4.554877047367386e-5	3.134095818697717e-5	2.3773227646444597e-5	4.1063302004583704e-5	1.9693067353698454e-5	3.3711427096030917e-6	9.099873420981633e-6	3.502182208516349e-6	-2.4488413087695587e-6	1.2704513547949492e-6	-8.089084193056359e-6	-1.2473693882268306e-5	-1.8582496256807843e-5	-1.2802055265491092e-5	-1.1851920714376489e-5	-1.5251370381452049e-5	-3.997959531791204e-6	2.3009020540644753e-5	7.700862655348438e-5	5.5127020092901595e-5	-1.4165772889559653e-5	-4.477406612786102e-5	-1.2227624311298908e-5	2.923972836858107e-6	-6.140405084354913e-6	-3.056644370122777e-5	-0.00010796177717553762	-0.00021115851033849661	-0.0002620989920107744	-0.0003172557605621469	-0.0004481777370881831	-0.0004195875958094494	-0.00032729385879021883	-0.0003902874923201668	-0.0002869221733684327	-0.00012675297133505486	-0.0001835400719211663	-0.00031680841014805616	-0.0004920549816558872	-0.0003836913950406792	-0.0002273143175426928	-0.00035447509500168695	-0.0004660139470169001	-0.00041458795751927313	-0.0003510123776058818	-0.00027628013390523093	-0.00020128225217217602	-0.00012758124921102842	-5.654296052638035e-5	-4.997301629580327e-5	6.033472452118132e-6	1.9919864043850544e-5	8.739499018136503e-5	0.00011762384588467205	-0.0014354910572722532	0.00028974697584803477	-0.0015332252252856467	-0.0019346227303311534	-0.0014690291556883164	-0.0009262475139421195	-0.001012108667122931	-0.0022324306092852235	-0.0015686985738606188	-0.0018937353950276325	-0.0018116389260058525	-0.001544610410322139	-0.0014885523040098281	-0.002013765596485008	-0.0019967070356710984	-0.0014438047876621366	-0.0013263880907672663	-0.001231993878116934	-0.0005618425076960379	-0.0009191138403532097	-0.0012012566500871867	-0.001134347454216731	-0.0009664210214206658	-0.0008418555294716078	-0.0008095544519037128	-0.000696516326342475	-0.0004965183237324623	-0.0004795951363259151	-0.00040886813182112314	-0.0003908319983077744	-0.0005066829430089466	-0.0005067914334391278	-0.0005141011521114965	-0.0005229486484581609	-0.0005776258327335956	-0.0006395392551693593	-0.0007550184270323223	-0.0008064522374440045	-0.0009087386742623673	-0.0009901586672214809	-0.0009657456549305026	-0.0009142114671301277	-0.0009873626434031904	-0.0008320761335262223	-0.0007974234774560904	-0.0007559672082443381	-0.0008418269185255302	-0.0007313243661805252	-0.0007266241630631865	-0.0007809164051736718	-0.0008100847625623803	-0.0007497308311286628	-0.0007744225999730714
3.0839346240553105e-6	1.0139603607152263e-5	7.347557032743277e-6	2.68175468268704e-6	-5.891204126091953e-6	8.761571955689766e-6	2.9462789347990678e-5	2.657390952252869e-5	2.169186389755842e-5	2.108338060613588e-5	1.664672159612437e-5	3.154157023456741e-5	2.8991254527794583e-5	4.6383928908053436e-5	1.265905511926152e-7	2.430103582826224e-5	4.3286659925424215e-5	5.3075476807063094e-5	3.4231820898950396e-5	2.7676212417757775e-5	4.0575179202856707e-5	2.7300701591981624e-5	2.3482941182957972e-5	3.376748102055377e-5	2.4986617018062787e-5	1.4245719740565292e-5	4.753574449215328e-6	4.092632667224844e-6	1.1368139014780038e-6	1.9890676508215605e-6	3.331155013289177e-7	-2.7892730063584083e-6	-1.638846649533454e-5	-2.3563604469338178e-5	-2.1176737013267607e-5	-2.3601079592169488e-5	-6.9721711097679015e-6	-1.1753364828701733e-5	1.0968701316151075e-6	3.7516711476814554e-5	6.0451660848339146e-5	1.859395071181387e-5	-4.3355138966763567e-5	-2.2608937394778466e-5	1.9730825588822051e-7	-3.90876101559641e-6	-2.6520690596951512e-5	-8.949480975631133e-5	-0.00019690756061264966	-0.00025793657143979506	-0.000312572524948599	-0.0004317746510372824	-0.0004394741166900001	-0.0004907319319999437	-0.00044299387229242837	-0.00029958420366855976	-3.5440924717536344e-6	-0.00015602588765255276	-0.0003531488034511434	-0.0003599695417612347	-0.0003872072302331039	-0.0002660441035008676	-0.0003189593575586916	-0.00044690245842079335	-0.00039064542593563936	-0.00032789974939917074	-0.00026394666012303364	-0.0001926174647299411	-0.00012166954981495877	-5.4322127872319374e-5	-4.4309658427197495e-5	1.3196568154644898e-5	0.00013436477222733903	0.00011897486257902294	-0.0004814979462450935	-1.6974821288179287e-5	-0.00017369205365441381	-0.00047755799805100635	-0.0008020229408768966	-0.0010961941738227635	-0.0012443267136726804	-0.0023478007682301363	-0.0017787424041711475	-0.001433608741864111	-0.002315487478545073	-0.001936601250846978	-0.001717657405176341	-0.00114000864072112	-0.0019834748961116908	-0.0018763250841285007	-0.0011945684112897592	-0.001405043345906187	-0.0010369659174521914	-0.00045397697799338244	-0.0008132877844378889	-0.001086225023089974	-0.0007277792444973333	-0.0006787558426120734	-0.0008206022190644472	-0.0008011777467907369	-0.000650451555421136	-0.0005821593400054392	-0.00044887127260582674	-0.00042483184073491964	-0.00044534061731296004	-0.0005012835187744036	-0.0004969801076963945	-0.0005230437192626884	-0.0005279840040541862	-0.0005237454572359738	-0.0006243475667456339	-0.0007734188767509128	-0.0008088701625814583	-0.0009223022587627124	-0.0009209668456349774	-0.000897297439692371	-0.0010512819600527051	-0.0009711728378197954	-0.0008997095302717277	-0.0009037345388208418	-0.0007281872360523702	-0.0007602864479042819	-0.0007657617372993328	-0.0007105542387006273	-0.0007217041129536742	-0.0007717487390140365	-0.000752076944558061	-0.0008188537638860633
3.6516844750941395e-6	-6.867908967770653e-6	1.3338653264056454e-5	1.0098071369975953e-5	3.8135593695507587e-6	2.025536631326298e-6	-4.113376436340466e-6	2.9776514912614734e-8	2.191898938286134e-6	-2.9955266050854866e-6	-4.582437150547035e-6	6.2336819760993095e-6	-5.4652600180908956e-6	5.124560454802807e-6	2.8140296419020685e-5	4.742567278562953e-5	1.2459363234055066e-5	3.73598512776142e-5	3.277246507212093e-5	4.201982810639846e-5	3.945496469413747e-5	4.0993166586927865e-5	2.7124015343884044e-5	2.1608362430099167e-5	2.7508742083282713e-5	1.9964880324050555e-5	1.0378767691197192e-5	9.452301289770981e-6	-2.05126076172589e-6	7.203349462053809e-7	-2.8201820869919177e-6	-3.868665565849583e-6	-1.6928572785105192e-5	-2.1972559042420303e-5	-2.7216794394385385e-5	-2.5065338829033734e-5	-1.619905516149489e-5	-6.86937299577972e-6	1.1572626927927597e-5	5.91109602129762e-6	4.9072359381303187e-5	6.208749016214238e-5	-1.1490015308559391e-5	-3.72442031371361e-5	-7.688486902256847e-6	-4.256305225804058e-6	-2.4190501901957814e-5	-7.522525519707869e-5	-0.0001778749652290353	-0.00025092927863606257	-0.0003053738468258155	-0.0004144583603182469	-0.0004578157053328549	-0.00048178652408727146	-0.00044763596043859844	-0.00032509519575039253	-0.00029201056312572193	-0.0004943650832233901	-0.0004741477240997535	-0.0004113811497398825	-0.0003325507789281312	-0.00023249141398954534	-0.00018804381018890784	-0.000423384414116254	-0.00038817467544341797	-0.000320659453514633	-0.00025492163960262257	-0.00017766419833789915	-0.00013586580370960818	-5.729885560164585e-5	-1.918648342416271e-5	-2.9266385105294886e-5	4.3797924315081e-5	-2.1954347779844227e-5	-0.00013538963422599082	3.239548299754924e-5	-0.00024287130611765764	-0.00035725617147756844	-0.00028022741548018246	-0.0003054947188448065	-0.0003394734592932803	-0.00103019795479704	-0.0016643361959878947	-0.0014661026241885413	-0.002279892034353064	-0.00209980600667653	-0.0018583024090877696	-0.0017542804705856366	-0.002272344425146601	-0.002084185323934437	-0.001120955324049322	-0.0014780060175745289	-0.0008486605744539854	-0.00019804761884276154	-0.0007573683643126785	-0.0011012791065038476	-0.0005968511675885114	-0.0007669559210811415	-0.0008320185275554475	-0.0008542811920212756	-0.0006707349811739363	-0.0005866847969352058	-0.0005148715364862791	-0.0004052267622801572	-0.0004212626411766173	-0.00042590681718175297	-0.0005111580077613032	-0.0005654760139956957	-0.0005546008923591403	-0.0005661751876465289	-0.0006029466649158828	-0.0006895212907045109	-0.0008228651627597247	-0.0008469821369109543	-0.0008789213596727476	-0.0009292907953459098	-0.0008573100492318893	-0.0008064645139085716	-0.0008076320364759116	-0.0007449417955868349	-0.0007474740150188035	-0.0007023094859793729	-0.0007625306239081655	-0.0006836453774611283	-0.0007715719951948036	-0.0007939890015644726	-0.0007740637352339311	-0.0007901919849570906
2.317575607336045e-6	-6.207445327069751e-6	1.0858214284301114e-7	1.57748282047631e-5	1.1037878884555609e-5	9.091505955190204e-6	6.30969888425377e-7	-5.3708035469089e-7	-2.016117627663336e-6	1.233456731392947e-6	2.758617444718891e-6	1.495929503316992e-6	5.606689220424669e-6	2.4725768641201646e-5	2.6003366351986208e-5	4.276754338584758e-6	3.1084312877046986e-5	2.8384811721123695e-5	2.720184639061311e-5	2.8638019099148576e-5	3.8411844370403805e-5	2.5835096854800312e-5	1.896291762395856e-5	3.884797266317207e-5	2.7428676685611535e-5	1.8931711108722063e-5	1.590964973153565e-5	6.182787035168349e-6	6.331711142806146e-7	-6.461975551007303e-6	1.0502543442130613e-6	-8.473802220890572e-6	-8.717852974888737e-6	-2.507389240897009e-5	-2.5274834026915712e-5	-2.30735358391302e-5	-1.4806941870532107e-5	-5.398831148849605e-6	-9.291961855983563e-6	1.0670398207590982e-5	1.814012713370443e-5	4.8003748794999544e-5	4.716647661090651e-5	-3.5736711674746666e-5	-1.8296501873250534e-5	-8.113352616698558e-6	-2.3262983331112302e-5	-6.495056163366951e-5	-0.00015914034076527743	-0.0002430306319796231	-0.00029900989302828265	-0.00039306646503183684	-0.00045715299056047273	-0.0004796663806384479	-0.0005339134974630469	-0.0004542436875427935	-0.0001829251926365252	-0.00022285911122164184	-0.00033637048881939713	-0.0004958835144158041	-0.0003074561941412285	-0.0002913398833379738	-0.00023144726098763693	-0.00039788272552989523	-0.0003661128892672865	-0.0003772208340612967	-0.0002536842056083746	-0.0002976649270168899	-0.00015062444441672415	-7.685220093775133e-5	3.134777517860981e-6	-1.2825679103836694e-5	1.3102747662904755e-5	-0.000891202026412352	-9.930920291841004e-5	-1.6385834789717224e-5	-0.00012398420117182632	-0.0002132756090332012	-0.00029718098166781753	-0.00024100089463137406	-0.0002601873655763698	-0.0003724822969270076	-0.00038675977043385596	-0.0004786696414888977	-0.0007815382659505202	-0.0017671199902674626	-0.0016625224284489563	-0.0018604839712669378	-0.0021431487335016666	-0.0018999599219653507	-0.0013440847238584822	-0.0013022227822326662	-0.0008693120037185641	-0.00042154365215499307	-0.0009542185401209545	-0.000991537113417644	-0.0006294197831013294	-0.0007337919151755196	-0.0008375322586287244	-0.0008101173344242546	-0.0007119074999211577	-0.0004938474604406461	-0.00046904042897907833	-0.0004488804880532423	-0.0004494488071537898	-0.0004842556739718256	-0.0005960951575878157	-0.0006172091837185895	-0.0006380947773420784	-0.0006286963440084101	-0.0006372013096095537	-0.0007124101799693519	-0.0007349405738502067	-0.0008460011282555683	-0.0008339023115371164	-0.0008711891760185448	-0.0008469097683132947	-0.0008595791921241386	-0.0007907135585617091	-0.0007276271075571348	-0.0007047910675103511	-0.0006975374213457306	-0.0007587223762239511	-0.0006923313430147112	-0.0007677232124548085	-0.0007622404357330268	-0.0007451932526993456	-0.0007753846986246863
4.802345638667792e-6	-2.9648256912690944e-6	2.473571445327921e-6	1.683816726728935e-5	1.3414471061192443e-5	1.368104078375981e-5	7.4467268641612355e-6	6.985914955239327e-6	7.0765723549038795e-6	-1.2466979651317572e-6	6.06707270685812e-7	5.32322786924496e-6	1.948348242724468e-5	1.5782905036609667e-5	3.9089770997998916e-6	2.4680008950677016e-5	3.9533453501930035e-5	2.0428732899649242e-5	3.6037280128878475e-5	2.0422183253298795e-5	2.3577975726343788e-5	3.5454660767594154e-5	2.3883528368993236e-5	2.4014351976148898e-5	2.1397345825518648e-5	2.3669041937990003e-5	1.7354208185511172e-5	-1.907899375595476e-6	-2.31385283654649e-6	-6.037293288994188e-6	-1.0604823600214931e-5	-3.810816787998272e-6	-1.2753176834891243e-5	-2.094832081780441e-5	-2.370627629746588e-5	-1.857851679573294e-5	-1.4778243960598262e-5	-8.187754055484497e-6	-7.143297113760063e-6	1.3386004522712712e-5	1.3577979246590792e-5	3.006650601232452e-5	7.515375554409225e-5	7.144877506477797e-6	-3.150429141738145e-5	-1.698449414964942e-5	-2.410133600940639e-5	-5.690638496449323e-5	-0.00013864090403600988	-0.00023750754826398765	-0.0002908185805020058	-0.00037184896893409364	-0.00045672790541977435	-0.0004897917952944794	-0.000547626175873353	-0.00048128382247429596	-0.00022601329436461312	0.0006901086396565377	-0.0002631522571031053	0.0009366196052681268	-0.00035662958209389106	-0.00048493835435974014	-0.00017616656891941693	-0.0003364527586765565	-0.0003661474674886491	-0.0003125706463623368	-0.00023380257131375146	-0.0001857732080255865	-8.898678552924157e-5	-6.572502926020102e-5	-2.3733487701169117e-5	-3.740409531584332e-5	-0.000301993550652635	-8.785379448667667e-5	0.0001708901123907702	8.931995361437585e-5	-0.00017580763404323807	-0.00015339463747604185	-0.00025812237124198806	-0.00023186401811123994	-0.00022511226132953738	-0.00024052521675754776	-0.0002489262153717621	-0.0003434812504733708	-0.000335983989198027	-0.00046280445048117383	-0.0004541579948919016	-0.0005888905694681479	-0.001378627976296627	-0.0015326190864160814	-0.0015561675563392425	-0.0013750435477744014	-0.0007054293441055569	-0.0003111429085190208	-0.0007676046619186672	-0.000814213960338185	-0.0008366655025694377	-0.0008725479118962611	-0.0009253094103759371	-0.000892876724455354	-0.000767053879441315	-0.0005330497244884595	-0.00045241790163361503	-0.000471388525956351	-0.0005114161419545772	-0.0005193240016948715	-0.000660012049614328	-0.0006771079171744714	-0.0006395669808860471	-0.000641737913417012	-0.0006794549941885503	-0.0007347784345269718	-0.0007884298523406183	-0.0008314539040989512	-0.0008670389333906811	-0.0008738963010158049	-0.000799560863449112	-0.0008353122502827332	-0.0008018829345435469	-0.0006886526698174875	-0.000673378807065656	-0.0007179741253349885	-0.0006818578914165317	-0.0006759758917548874	-0.0007320891114354944	-0.0007653819305230256	-0.0007749063883838793	-0.0007837439520725491
2.9810363297863916e-6	6.798802569107225e-7	-7.79328579209211e-7	4.354743253281654e-6	-3.992605128889242e-7	1.1099727368246886e-5	1.2082705937665158e-5	6.922485569255294e-6	1.1259795244626667e-5	1.198075297824397e-6	2.1097159934833906e-7	-5.214986518249815e-6	1.1751404745672689e-5	2.2349189900540235e-5	1.2294755556523094e-5	2.1055476248166626e-5	1.6855662636591946e-5	2.4228645416454923e-5	9.39231164088887e-6	3.824760580679095e-5	2.6014085579683512e-5	9.351252576645687e-6	3.628096722249445e-5	2.2314780497587405e-5	2.190755001452854e-5	1.8676088811304253e-5	4.6684668446577565e-6	1.5873689786661397e-6	-2.8821473040206015e-6	-1.2561713258127381e-5	-6.7347337288133765e-6	-7.867266246016497e-6	-1.2830573707439326e-5	-2.318378063310977e-5	-2.9430967602231403e-5	-2.4691575720896596e-5	-1.84678401802911e-5	-9.981839926018546e-6	-6.721297205868753e-6	6.32681595373434e-6	1.0636951188565042e-5	6.170450809377461e-6	4.6100278781012465e-5	6.933390142940289e-5	-6.965338191205344e-6	-3.0978150161167436e-5	-2.8600534836492952e-5	-5.153611789708231e-5	-0.00012068053627267183	-0.00022310402700634333	-0.00028534063044229757	-0.00035272735792292795	-0.00043656836099751484	-0.0004961674287574935	-0.0005145655914166533	-0.00048617543875299757	-0.0004556370355665584	-0.00016937725931011335	-0.0002477407018679906	-0.0003210499192668123	-0.00030733015084650345	-0.00024745136621186214	-0.0003626185644291235	-0.0003668568705544536	-0.00036896147234460533	-0.0003244434520740039	-0.00020889541814004747	-0.00019277652294575826	-8.119836698633129e-5	9.37542590220483e-5	-6.07010590338193e-5	-0.0002886483093560502	-0.00031100254602525745	-4.044872950036832e-5	0.00018039216450899812	-2.1724306565901876e-5	-9.587769686254104e-5	-0.0001519158280291824	-0.00022836372992260376	-0.00024292319142577357	-0.00022096829724056047	-0.00021419931970712358	-0.00022934252367221364	-0.00023088325716352426	-0.00022732290232054667	-0.0003073578938020058	-0.0002909802187178387	-0.0002750014665856351	-0.00040102271121889016	-0.00033076294832408426	-0.0005852040807670378	-0.0006815793817793041	-0.0005394366939682343	8.869944182355453e-5	-0.000698930074959688	-0.000647081374940961	-0.0007449311406550369	-0.0009418698572265758	-0.0007640850819027807	-0.0007141229867320928	-0.0006084348675816469	-0.0005189734191219167	-0.000464525025758479	-0.00045973336919042507	-0.00048136999987197915	-0.000534386826141816	-0.0006452784394707714	-0.0007196871548253817	-0.000728895446029578	-0.0006791631619292373	-0.0006686318418532531	-0.0007603034382630546	-0.0007246194295095451	-0.0007769447592123438	-0.0008302962993794043	-0.0008643603654112825	-0.0008385459851012813	-0.0008343381204672927	-0.0007717024066641874	-0.000690247713521809	-0.0007485822145535461	-0.0007517041486666819	-0.0007289937847495576	-0.0006862774331781693	-0.000746363778842806	-0.0007850958134688126	-0.0007875777841850027	-0.0007790387579822976
3.2265574977444196e-6	-3.7415178485815377e-6	-8.824999108217323e-10	1.2683961194727422e-6	1.7780094155881233e-6	1.932129296508024e-6	4.240275083909183e-6	1.821302391671539e-6	6.340701051775303e-6	3.0716513615405487e-6	-1.3958289924831216e-5	0.034600581324081184	9.569161050571387e-6	5.899782862229217e-6	8.000681210205626e-6	2.9581177947695516e-5	1.2491636742465067e-5	3.658774193717514e-5	1.4073505921296905e-5	2.1375765629663524e-5	3.066375615337798e-5	2.3941030557225563e-5	1.1469914780329672e-5	1.3594243076066671e-5	1.0488328874022969e-5	1.1655662475766255e-5	1.2921006365546049e-5	-7.786587721174756e-6	-9.014787831149174e-6	-9.15097749638015e-6	-1.1854232146672054e-5	-1.6348301401861165e-5	-1.1069863293166822e-5	-1.359454364943495e-5	-1.7061294320689854e-5	-1.4263693931494332e-5	-1.3051884453860877e-5	-1.1884949057891501e-5	-6.813852374042486e-6	2.7874858020762723e-6	8.51588517042888e-6	1.038996462650321e-5	2.0817442762015647e-5	3.9574343368292686e-5	6.564410902332694e-5	-1.5233298417171094e-5	-4.131853356095956e-5	-5.0536807529553966e-5	-0.0001039595208692217	-0.00020282996378382515	-0.00027838004297564556	-0.0003367794258963066	-0.0004180821242265493	-0.0004930347051413861	-0.0005200382112565891	-0.0005235659809562157	-0.00038445895306302846	-0.000405537536277839	-0.00029445740552889316	-0.0001878044793681213	-0.00013915863554796876	-0.00013835848946576468	-0.00010680287799991194	-0.00023463725394058663	-0.00022406948436450022	0.00016811233773334278	0.00013798821624179045	0.00011462728211281482	-3.805632334871051e-5	-0.0001480550595317487	-5.854711999497136e-5	-0.0003551243963392097	-0.00020648202093444254	0.00011250702173278697	0.000138311164192724	-7.775724389456201e-5	-0.00010193133755673557	-0.00015780437469985545	-0.00023788713662776723	-0.0002506676159176602	-0.00021650287811451546	-0.000196719262179814	-0.00023666319773048628	-0.00021612903674866552	-0.00023065215739963282	-0.0002342383489538531	-0.00023469391614589633	-0.0002414439397979001	-0.0002562982078738868	-0.00012720528805645892	-0.0002482775684044605	-0.00017356724072315613	-1.2848399861403736e-6	-4.165261089598276e-5	-0.00029048526693862403	-0.00048544123019316274	-0.0007920265362396788	-0.000884267293784803	-0.0007208207623019338	-0.0007015418005307423	-0.0005686731026181835	-0.0006019144349611594	-0.0004940731829737588	-0.0005046835128085479	-0.0005160220814342219	-0.0005958804447916619	-0.0007328700272622896	-0.000706911124309737	-0.0006997597300326292	-0.0007643654765772736	-0.0007668574527773183	-0.0007472959779632192	-0.0007317266810264593	-0.0008054015743393094	-0.0007906671590455354	-0.0008066594395597127	-0.0007727549447881197	-0.0007757099321930616	-0.0007831008891367486	-0.0007118129141669981	-0.0007249389746160662	-0.0006987370811074519	-0.0006956533678097175	-0.0007139727488045254	-0.0007175857593679987	-0.0007978390583070724	-0.0007457071696899061	-0.0007865184240766868
2.2706592763812802e-6	3.3563166650226943e-6	2.214936637963752e-6	2.269695523649147e-6	1.5382902227413853e-6	3.156385210438452e-6	6.8550895008742145e-6	4.327151655113097e-6	1.966240790519415e-6	6.3049639511050795e-6	-6.5087929674873665e-6	4.809107322437112e-6	1.3348926738293574e-5	-5.2140323932329735e-6	1.6792032887335932e-5	3.274639109678533e-5	1.897078376821796e-5	1.5447254892862923e-5	2.320662144980438e-5	1.4053168486760982e-5	2.55388337458114e-5	2.621470745827695e-5	2.167790267497242e-5	1.7206161406139835e-5	1.8249341008627282e-5	1.9631843178012642e-5	8.769130777422363e-6	-2.106525576802548e-6	-4.143799512508137e-6	-1.4406541389531955e-5	-8.84033495279074e-6	-1.4092111277810153e-5	-1.7053799735225472e-5	-1.978352090438104e-5	-2.3917896260555387e-5	-1.6053900434498045e-5	-1.1205674972994404e-5	-6.789472852203673e-6	-2.813587720012361e-6	4.362044146027921e-7	4.2246480077244575e-6	2.192448772444372e-6	3.975695499810333e-6	3.812651035812672e-6	6.853014345234443e-5	7.474772623777826e-5	-4.1012153655789474e-5	-5.795191088077064e-5	-9.023948044969281e-5	-0.00017456852220818113	-0.00026511432455822784	-0.0003211905212933616	-0.0003941013890771706	-0.0004787151869790201	-0.0005829505415281405	-0.0005076982942777211	-0.0004775936539259603	-0.0003909354783903501	-0.00046795871374953607	-0.0003910983606848078	-0.00019476612464746493	-2.797014714023965e-5	-0.00029484777809389573	-0.00012530252942004327	-6.035338292499636e-5	-4.291463731685013e-5	-4.3052172569134344e-5	-0.00013737752775633272	-8.927277151023204e-5	-0.00033548770168173586	-0.00036660518841578194	-0.00023578472965312539	9.408340139946401e-5	8.408177747804001e-5	4.643062399400238e-5	-5.2201339344887236e-5	-8.59155889552758e-5	-0.00020463031154532155	-0.00021369437559542665	-0.00023040009602872527	-0.00021783072612401377	-0.00017680566168033413	-0.00016345463194761267	-0.00013907140262526055	-0.00020697638030559015	-0.00020172206107111135	-0.0002053712545944247	-0.00021502823258946754	-0.00017009460784311867	-0.00011383088178648636	-0.00013794922931829184	-6.654183471593855e-5	7.109564647070354e-5	-9.699007537866329e-5	-9.570129338521206e-5	-0.00014624372486659112	-0.0003058505039185179	-0.0003569523948448137	-0.00041774270143329206	-0.0006594486981438205	-0.0005789163331766482	-0.0005797162631339912	-0.0005625701837534691	-0.0005598958711158092	-0.000586794620825639	-0.0006182007423333191	-0.00073697344140939	-0.0007647022866926616	-0.0007221882053530872	-0.0007391206995185569	-0.0007094454342786506	-0.0007329193742904894	-0.000724847404873826	-0.0007633445513167101	-0.00076467471475921	-0.0007557935151857041	-0.0007789367888980796	-0.0007073065908793848	-0.000733630386897787	-0.0006667481560135648	-0.0006957661187315978	-0.0007122257015493987	-0.0006833226361591288	-0.0007074825300362914	-0.000729203561151536	-0.0007684123937189493	-0.0007496950929952901	-0.0007981751667376565
5.998242863774344e-6	3.929127596197235e-6	1.7291473754146162e-6	1.348722414133696e-6	1.8179085271635349e-6	1.9411398324235135e-6	2.0212713460984223e-6	3.7403802047287177e-6	3.831758104170732e-6	-1.3022051002071175e-5	-1.1720886742183806e-5	5.803297892150588e-7	1.5098022363032279e-5	-7.72801535763555e-7	1.3492338922006275e-5	1.5801259741843666e-6	1.7962816198130623e-5	1.5490674956414492e-5	2.8843398329481126e-5	2.0790125813941424e-5	2.3748157748030432e-5	2.339596830885134e-5	2.063854604794982e-5	1.6755048731905905e-5	1.6708633679115084e-5	1.7431714801003154e-5	1.7291940991072394e-6	-4.2009386963005874e-7	-3.190176909532299e-6	-8.741033894962835e-6	-1.8128760764703905e-5	-5.157659190143868e-6	-2.9369823088300213e-6	-4.127254782512399e-6	-5.889426300158609e-6	-8.39137511646909e-6	-9.317666392139393e-6	-7.901469447268647e-6	-1.4212726319202255e-6	-1.1830828688681044e-6	3.090347671774046e-6	2.963472441617001e-6	-4.8952654104796045e-6	-1.4608074407236602e-6	1.5198556345755175e-5	7.27803731235925e-5	3.7138459815051414e-5	-6.553324791462242e-5	-8.627862931476908e-5	-0.00015203773579192982	-0.00024425553395200986	-0.0003068841061804571	-0.00036788768634091537	-0.0004460583961549656	-0.0005866554409796054	-0.000557839848164092	-0.00045382536259779693	-0.00045576402393863314	-0.0005457885436785034	-0.0005091851860506216	-0.00046944807390383864	-0.00035203029805433434	-0.00020292188766986294	-0.00023616225754488626	-0.0002401526348659935	-0.00029167108196986175	-0.00030728119612601773	0.00027855008319453006	-0.00039534724797282006	-0.0002631736872047222	-6.532939376101277e-5	-2.100688854637933e-5	2.707854817110555e-5	-4.411175114418797e-6	1.7947630751372068e-5	-4.31385819643984e-5	-0.00012733457744164636	-0.0001721244155994568	-0.00020859901532889813	-0.0002523343289634501	-0.0002198841864663181	-0.00020404863841335175	-0.00016450264687765948	-0.0001436156087824582	-0.00019332442313668705	-0.00016172283659812714	-0.00019147495017475533	-0.00020541902803327541	-0.0001377620364572535	-0.00010300387610993193	-7.117556216715976e-5	-4.234124242625397e-5	2.0592612847130515e-5	-0.00012288429975188322	-3.4164900325050346e-5	-0.00011089691623767521	-0.00018529672169472625	-0.0001424036416889339	-0.00018098348404790504	-0.00022294626768641285	-0.00027295286242822944	-0.00034161975880509643	-0.0005348090471998454	-0.0005961387777300362	-0.0006194347700787597	-0.0006026115805467767	-0.0007343673344667282	-0.0007133095839689795	-0.000761999952979958	-0.000706180196480624	-0.0007790244610419299	-0.0007473449747724333	-0.0007225487883683565	-0.0007350665885653625	-0.0006845548082166571	-0.0007358850191317364	-0.0007119757555978759	-0.0007139589865709852	-0.0007087606193134989	-0.0007219310448926263	-0.0007091412180669671	-0.0006883113610328672	-0.000699740118333212	-0.0006976274726845122	-0.0007243291895854368	-0.0007663651958476554	-0.0007268099180444617	-0.0007877875105564719
6.031318608608337e-6	3.3235226826492863e-6	2.066719535852128e-6	1.4412312218225335e-6	9.660351023895591e-7	1.318302487573336e-6	1.0498671037888728e-6	2.8312144878419976e-6	2.834472107439249e-6	-1.1439251748537186e-5	-3.983643777805308e-6	4.2386116589233214e-7	1.3566367468428526e-5	1.5181968366934776e-6	1.268880144456464e-5	5.617525425404868e-6	1.9412224654341906e-5	1.7722826624235605e-5	2.3423971312955257e-5	1.7871818968847632e-5	2.747502050903013e-5	2.5303040608951052e-5	2.0062290929023438e-5	1.9687509324075973e-5	1.894629521900868e-5	9.028901676874992e-6	4.390845488849021e-6	6.365539388999974e-6	1.8346015678849523e-6	6.26589457403126e-6	6.459627429310222e-7	5.980442221087053e-6	5.075663912605666e-6	1.276739651501213e-6	-1.1761389280030843e-6	-7.980543325790054e-6	-1.2200849147181793e-5	-9.58682738229355e-6	-5.520745330073878e-6	-1.2964358970038445e-6	3.3955250774726077e-6	-1.22206227342464e-6	-5.697673295624802e-6	-6.664301310235417e-6	1.6566546149222176e-6	2.6613448180249837e-5	7.402682747391712e-5	-7.766940031666418e-7	-9.638548236997646e-5	-0.0001392792110810337	-0.00022380035442589628	-0.00029285473138315407	-0.00034490246069319297	-0.00040960324795575454	-0.0005231360524784144	-0.0006706899396318257	-0.0004923616166900915	-0.0004306056761594484	-0.0005097554875389473	-0.0005341814037114478	-0.0005324861388628088	-0.0005225796219582649	-0.00046579453254549924	-0.0003430840967008283	-0.00041140232900048474	-0.0005362980915260551	-0.0004639152531744905	-0.00041290290177849876	-0.00023817690924989723	-6.39428297853975e-5	-6.218102226694666e-5	2.9343744448184768e-6	8.049954453026587e-6	-4.037493778977913e-5	2.9215516963131124e-5	-9.023758867953215e-5	-0.0001436844627544613	-0.00010569036545471712	-0.00022406199846891625	-0.00024808543668810787	-0.00023312955790008927	-0.00020206758846470077	-0.00016490636382468504	-0.00017856306561408322	-0.00018754705844977249	-0.0001459060702552889	-0.00016931876530186515	-0.00015927133644073888	-8.955805439695568e-5	-0.00010413307306288837	-4.861725254150239e-5	-5.9381608939930435e-5	-1.9832263825972363e-5	-3.459815291250237e-5	-1.02645092404062e-5	-0.00010364821933670983	-0.00012957631756850899	-9.362379732157781e-5	-0.00013495741646614434	-0.00014666329595019664	-0.0001437726867030073	-0.00016718504746836974	-0.00017821548851460267	-0.00022269946140006725	-0.0003094650635900552	-0.0005230066629237883	-0.0007185362620220139	-0.0007227451345845521	-0.0007054136362820601	-0.0007824520527918536	-0.0007426793259155891	-0.0007432441710263775	-0.000725271712760829	-0.0007267114216923282	-0.0006557291435532742	-0.0006661761034845204	-0.0006933525561526355	-0.0006854083772550242	-0.0006940547879041163	-0.0006686896875736542	-0.0007042158042358352	-0.0007017320104770601	-0.0007001268922902578	-0.0007155108207421329	-0.0007356187664759628	-0.0007649590921094371	-0.000815238267973424	-0.0007462079487793263
5.997919283635965e-6	6.547937983925749e-6	5.204271705965858e-6	3.6480652374805407e-6	2.2025467522968423e-7	-3.4119441213315e-7	-7.197763069702496e-7	3.963944375919102e-6	4.114427139376327e-6	-1.3151673370140336e-5	-5.560227500861838e-6	1.567203669356615e-7	1.8796772623640155e-6	-2.0839057205106895e-7	1.1987475324447964e-5	6.05554802265637e-6	1.4749488151557902e-5	1.8098306721011682e-5	9.196322425363695e-6	1.777391017297649e-5	2.7085730864130974e-5	2.5802006185923414e-5	2.1645377913550968e-5	1.8238268051839687e-5	2.170300480400667e-5	1.4675281695690661e-5	1.1165992888878365e-5	1.765211048621214e-5	5.2956515800110784e-6	9.093358488074244e-6	2.5567928037349003e-6	4.5709095959200335e-6	7.369775579732506e-6	3.4499812403589176e-6	-2.0441327233319817e-6	-4.028324744088929e-6	-9.87989036286066e-6	-9.217208024386511e-6	-5.780763817934616e-6	-3.0399378164475822e-6	-1.8242893632357257e-7	9.589572300301719e-7	-3.7934186499465057e-6	-8.706336633622705e-6	-9.191674840963032e-6	5.566787097477723e-6	2.5457114514277828e-5	5.250341021862704e-5	-2.7855338792948794e-5	-0.0001402887873035684	-0.00020283228571661875	-0.00027578930780801716	-0.0003239908765860673	-0.0003768552826570459	-0.00046763522867400426	-0.0006053782414163628	-0.0005722577457907552	-0.00047653625906418634	-0.0004906495018651771	-0.000518123596218896	-0.0004964902318915429	-0.0004962765804642638	-0.0005084277746644078	-0.0004552925925594558	-0.00047082510824109075	-0.0004243142259644297	-0.00031632084807400873	-0.0001882300883736254	-0.00016255281910012437	-0.00011458506617503804	-6.489413947614181e-5	-8.08704949794431e-6	-5.109066928202232e-5	-1.5886391334374306e-5	-3.0448778264371975e-5	-7.881511906874042e-5	-5.897269708156349e-5	-0.00014808549052801323	-0.0002233189769391963	-0.00024911516910723283	-0.0002457880161226868	-0.00019284216700712548	-0.00015428966854136306	-0.00017802350614709928	-0.00016551094769896857	-0.00013647955638892983	-0.00017160080656788976	-0.00012030101077635523	-6.933813054971205e-5	-6.992695561047063e-5	-4.95597370434031e-5	-4.605914326154258e-5	-3.636482421610909e-5	-9.185861489860447e-6	-3.012993641474809e-5	-8.128912542008579e-5	-8.733449891008478e-5	-0.00010669849388788079	-0.00012403057776796608	-0.00011957659321265925	-0.00010611893665234475	-9.359882094644305e-5	-9.313390847377408e-5	-0.00010788791066041954	-0.0001252851992506257	-0.0001601035129559364	-0.00020892111510847214	-0.0003134050055282958	-0.0004617858366095378	-0.0007503180029979488	-0.0007497611807772384	-0.0007312500718121248	-0.0007886848534064543	-0.0006885398870959575	-0.0006994355992821776	-0.0006701990338674363	-0.0006702367174389773	-0.000671757018912665	-0.0006770945586869781	-0.0006688649822591055	-0.0007020857484035975	-0.0006787948126111761	-0.0006698758775003192	-0.0007329603018274565	-0.000703099864950412	-0.0007351392514154917	-0.0007617959072369825	-0.0006829541570349626
3.056342356391912e-6	4.67583556780244e-6	2.5821926058966146e-6	1.69480713913938e-6	-1.897185246358887e-6	-9.075732312490043e-7	-2.9478503432754997e-6	2.074539348086938e-6	-2.021276336138921e-6	-1.3383569204055907e-5	-2.8044605103905852e-6	-3.3136615169458354e-6	8.015087210469853e-7	-9.353438406830074e-7	4.860392310520635e-6	4.4740838963351626e-6	1.589043552502941e-5	1.1344385261909116e-5	9.531708568591944e-6	1.6929245329265312e-5	2.7143643146414032e-5	2.3535550626994393e-5	2.4410288002626835e-5	2.210120711660171e-5	2.1125365026091258e-5	1.428694132129312e-5	1.2068265630533688e-5	1.4722729220657814e-5	1.5979832252354872e-5	1.199916794072421e-5	9.820033463692548e-6	5.129162237082693e-6	3.3953443680755087e-6	4.346005830603919e-6	-1.4424723622594863e-6	-3.312149203993017e-6	-9.09797334041132e-6	-7.412337882156324e-6	-7.409723399090517e-6	-3.195288391516504e-6	3.2053015515225154e-6	-9.761120676934215e-7	-5.7883152210138475e-6	-1.092362429894536e-5	-1.524914390723872e-5	-7.350211709894124e-6	6.528942187236652e-6	1.3283863847237882e-5	3.250921786000609e-5	-7.164669290249566e-5	-0.000193699830052527	-0.00025711753154095823	-0.0003057029343534433	-0.00034880841717592476	-0.00041918563044524357	-0.0005607832496978826	-0.0006018225077357789	-0.000464095718777889	-0.00047701099277139275	-0.0005158459121445622	-0.0004648947615325943	-0.0004160033404559948	-0.00037895408382462853	-0.00033442093933487566	-0.0002396153995489966	-0.0003089159096060501	-0.0002860493954334395	-0.00019881933285056244	-0.00013152269332222105	-0.0001300096903180878	-8.544412861705845e-5	-9.29538375958605e-5	-3.321313072658649e-5	-6.0002717226260986e-5	-7.029956838010276e-5	-7.757083613684282e-5	-5.288339786696169e-5	-0.00014371534576545358	-0.00020709790092684682	-0.00022686566848208187	-0.00021728775310069987	-0.00016742341255775517	-0.00014737526006416285	-0.00017926336959989128	-0.00016338230774803203	-0.00013597372127988755	-0.00013264571238277845	-8.800046559509499e-5	-7.854800974146231e-5	-3.792970354032227e-5	-7.587368374643161e-5	-2.6445717946251e-5	-2.0652466835215794e-5	-2.6129559128375275e-6	-3.6724444091220526e-5	-6.218893116400823e-5	-7.464020097521298e-5	-0.00010342342513002324	-0.00011664829151431312	-9.817938987841111e-5	-9.61089149670996e-5	-6.707311670049038e-5	-6.435888493146191e-5	-5.306841615454471e-5	-6.399153906419541e-5	-8.325015348311161e-5	-0.0001153876170718708	-0.00014427977731816533	-0.00020746657465988205	-0.0002732841501381679	-0.00032806162787420504	-0.00042819228103551163	-0.000618566554271352	-0.0007139688962113678	-0.0006656593097261256	-0.0006946997216958176	-0.0006307470115109702	-0.0006157434355035137	-0.0006721814814285818	-0.0006978596210995869	-0.000632529795522533	-0.0006871156122485906	-0.0006933968163210824	-0.0007113630784471094	-0.0007079923145577454	-0.0007211493218773137	-0.0007461192659422108	-0.0007042113858897208
2.4435005369994114e-6	2.563542637174475e-6	6.904910264437027e-7	-3.795115372136337e-7	-1.0447256951142021e-6	-2.437357760553486e-6	-4.38915084290635e-6	-2.620695019773123e-6	-3.351412272429698e-6	-1.3443519041034245e-5	-6.575486417295314e-6	-6.509232036841158e-6	-4.569628678815878e-6	5.284545696003506e-6	1.7362775334237716e-6	1.175256964772338e-6	1.5114435698566733e-5	1.1820144591844632e-5	9.153687213054283e-6	2.418368745548977e-5	2.4519659360625747e-5	2.1336053461647703e-5	2.2229417140579366e-5	2.1426837287417084e-5	2.0138905953569382e-5	9.31732901552837e-6	1.3884928753635227e-5	1.3170642015696529e-5	1.3942638851186654e-5	1.1255466139193161e-5	9.068549736016354e-6	9.997398265140789e-6	3.8057785818178948e-6	3.193332642585644e-6	-1.2523644773131115e-7	-3.74868067360215e-6	-6.991086621286126e-6	-9.189702156794238e-6	-6.236962454744115e-6	-3.8120695619245355e-6	9.48806988922482e-7	3.0416313348199937e-6	-1.6447247047374906e-6	-1.1264709737918153e-5	-1.5532082391078728e-5	-9.514954373446988e-6	8.060060865261453e-7	1.3892576704917917e-6	-3.664864576093454e-6	-3.6014010512935148e-6	-0.00013372032385463445	-0.00024149068953305955	-0.00029049133997783097	-0.0003237969454735791	-0.000375658566070542	-0.00048578299646773177	-0.0006386410299468598	-0.00047785828159035976	-0.00044124431098930406	-0.0005187218656780429	-0.00045670178524387367	-0.0004027700546997345	-0.00037491975270892425	-0.0002955012449795333	-0.0002184511153566215	-0.000312756637428635	-0.0002908080515111322	-0.00022748621859944998	-0.00015978954147257557	-0.0001600313596049341	-0.00013915493596826367	-7.114571640154388e-5	-5.01668815863776e-5	-0.00011411088953090785	-0.00010053090905310506	-4.452205125838465e-5	-8.267408810498644e-5	-0.0001239875369800185	-0.00017474412123460317	-0.00024968400879829544	-0.00023415761531359391	-0.00016428146180653275	-0.0001786965849056264	-0.00017396412589545243	-0.00015007068844986177	-0.00011491346450787086	-0.00011727762959986425	-4.164550722503268e-5	-8.777997171369524e-5	-7.790871589356818e-5	-5.4705201219668036e-5	-1.2349379093119782e-5	-1.5847643921977628e-5	-2.0910694226508594e-5	-3.323410184205566e-5	-5.429169252840412e-5	-7.649065952028758e-5	-0.00010882262098822064	-0.00010866297048359867	-9.84131284494441e-5	-8.0741138894138e-5	-4.878766328647934e-5	-3.421337938435895e-5	-3.726450136963197e-5	-3.324934001085536e-5	-5.180767698523269e-5	-6.547820080192099e-5	-0.00010256891845193335	-0.0001289597751719454	-0.00016664489611373579	-0.00018983416541192355	-0.00023385908246801448	-0.00025433708204835107	-0.0002883078246518171	-0.00036055491140461743	-0.0004603566714465878	-0.0006935000406512077	-0.0006367691868366596	-0.0006221078133867262	-0.0007094751255020889	-0.0006573035786234388	-0.0006910531969795199	-0.0006618885255854634	-0.0006892486841686417	-0.0006984950388379782	-0.0007000536151420196	-0.0007335623255372031	-0.0007451587337838418
6.581785688838069e-6	7.43343219822886e-6	5.991976882659295e-6	2.2184776774956602e-6	3.3047014791017823e-6	-4.990751126981215e-6	-4.572795805478803e-6	-3.990719302866992e-6	-2.9287410143559105e-6	-5.782489401586279e-6	-9.818902669286953e-6	-2.5877148189003274e-6	-3.5482559043189216e-6	8.191468259721637e-6	3.906017875679804e-6	1.4131006827460163e-5	1.3561770654505095e-5	9.622777422980955e-6	2.0503740044241874e-5	2.1027026213954466e-5	2.103891866766464e-5	1.9169399390322334e-5	2.075513451426161e-5	2.0224627387318422e-5	1.613398212501737e-5	1.4666963544835049e-5	1.0289475334593866e-5	1.1298697884958886e-5	1.2922725910191611e-5	1.0662724739610162e-5	1.316786594584944e-5	8.928578406133814e-6	2.28828205841268e-6	4.70949771693395e-6	-7.545052852896832e-7	-3.7431064487097178e-6	-9.155541873685086e-6	-8.929205416513195e-6	-8.133195050601116e-6	-6.964169507999578e-6	-2.0709371825917977e-6	6.021467883771808e-7	-5.553704035283352e-7	-5.435632402083639e-6	-1.3721833174926144e-5	-9.849076908858764e-6	-4.920567252264529e-6	-4.896285053833729e-6	-1.697055341306347e-5	-3.304920799377699e-5	-6.53044823133251e-5	-0.00019177879336126043	-0.00027758074418659726	-0.00030444407025757847	-0.00034075443044491444	-0.00041439820365344113	-0.0005523248190622901	-0.000708921341335128	-0.0004535211897216742	-0.000456939538940812	-0.0004347522755861199	-0.0003696502632417539	-0.00037431347637336543	-0.00031009650643728376	-0.0002494059906299126	-0.00032532804724889203	-0.00032325407543862955	-0.0002519996670320365	-0.0001949969313840352	-0.00016791188715056107	-0.00015679695441334074	-0.00012006826459725477	-0.00010196514006396983	-9.593898923996451e-5	-9.362617662492938e-5	-6.689088596174494e-5	-0.00010471461498471125	-8.996501510340897e-5	-0.0001700756242870721	-0.00023903220545485115	-0.00022961159275997065	-0.00018345193900223472	-0.000168023344337357	-0.00015748172995690146	-0.00012228588318818553	-0.00010913702127354068	-8.001265485672177e-5	-7.816553821305555e-5	-8.729994755525201e-5	-7.27992685556865e-5	-3.905204084371158e-5	-2.9220719756622295e-5	-2.4764373895719973e-5	-1.8000993545156524e-5	-3.7982914155489794e-5	-5.665074238707379e-5	-8.862153757149478e-5	-0.00010697498657296493	-0.00010745574598311143	-0.00010019843778470704	-7.234336014353554e-5	-4.085697920394246e-5	-2.307081449709827e-5	-2.261688399497058e-5	-1.677905860043502e-5	-2.2710275511279156e-5	-4.118124268242401e-5	-7.05249399244462e-5	-0.00010235494252294404	-0.00011956121377231647	-0.0001473471731455213	-0.00015659786781110213	-0.0001710275262666212	-0.0001868753652474117	-0.0002035106639089977	-0.0002320162782276473	-0.00027495624836193847	-0.0003149046614724267	-0.00040716534868093923	-0.0004942110472488763	-0.0006682070189702182	-0.000650338487760433	-0.0006397955125327787	-0.0007248836714039696	-0.000718651741750658	-0.00072502717452785	-0.0006944370042926469	-0.0006925710279521903
4.032784455226639e-6	5.388863593097474e-6	4.0198711303033804e-6	8.560927330534747e-7	7.469804058613492e-7	-5.40806165312286e-7	-6.595175786245667e-6	-6.825484853689982e-6	-3.1216541301220566e-6	3.0940403586638197e-6	2.865176412097936e-7	5.027809429642566e-6	5.871796286498718e-6	6.582113430957537e-6	2.792878024660515e-6	1.1487915231990583e-5	9.018113484432749e-6	9.812410508690944e-6	1.643716614099615e-5	1.7209793141893977e-5	1.6813498567047093e-5	1.506963950327622e-5	1.7052629450110997e-5	1.618821949048426e-5	1.6366912420620258e-5	1.5172130752813018e-5	8.045301810822789e-6	1.2906562304364556e-5	9.439037176655826e-6	1.4058787294046747e-5	1.3363332939135204e-5	1.116026286142324e-5	6.162514937365845e-6	1.7986584823544841e-6	-8.961014493370083e-7	-4.565330389118619e-6	-1.030595519948413e-5	-1.1890456073091261e-5	-1.291831418313155e-5	-7.745750834351264e-6	-3.7637824226634943e-6	-2.251181012435932e-7	2.179011279138804e-6	-1.2293917782662395e-6	-9.206088642061891e-6	-1.0746213792954538e-5	-8.588412554917657e-6	-7.828733554439068e-6	-1.8978550501980163e-5	-3.919436848101761e-5	-6.815150665486457e-5	-0.00012680985031574693	-0.00023863944906537396	-0.0002932544114985468	-0.000313961202814874	-0.0003601536795573914	-0.0004520893684910841	-0.0005889963335635462	-0.0007730316750002157	-0.0004944107016586347	-0.00045772584474860345	-0.00039440856086734444	-0.0003695399969751503	-0.000320374846161757	-0.00026856249559295553	-0.0002991167801728173	-0.0003318719188783597	-0.00027144573336041616	-0.00021166346034825337	-0.00018169486846065366	-0.00016754136125327054	-0.00012555140651085428	-8.856185804238108e-5	-0.0001039799940919482	-0.00011386987618013793	-0.00010014995008430712	-0.00010322951865060838	-9.832533250054772e-5	-0.00016205628256427823	-0.00022083977990489803	-0.00021287228968479632	-0.0001982595950150538	-0.00015455554906642494	-0.00013182094354882018	-0.00010617188009841293	-0.00010000989103704781	-6.450814082122752e-5	-6.828692931211064e-5	-9.877529190622027e-5	-6.906656562855398e-5	-2.2771980156578716e-5	-1.5181060011512646e-5	-1.0026551388198773e-5	-2.1159352622899388e-5	-5.4734447085379855e-5	-7.480313348991532e-5	-9.996177182444026e-5	-0.00010713512504445867	-0.00010857041152613835	-9.739991115075354e-5	-7.330928477114473e-5	-4.0746240062561334e-5	-2.393682426750365e-5	-1.2431986809360167e-5	-9.355843855717028e-6	-1.0909419233869759e-5	-2.9444181533049004e-5	-5.312976098566929e-5	-7.798530342545754e-5	-9.853637557592428e-5	-0.00011156706179564489	-0.00012748001646271587	-0.00013865055315887345	-0.00013755340200205524	-0.00015201937449745712	-0.0001624809190404336	-0.0001885394092042934	-0.00020335786316601903	-0.00022581719955321736	-0.00025589087410430797	-0.000291366633608809	-0.00035203882088087607	-0.0004407483934786883	-0.0006162656003777869	-0.0006915929748915576	-0.0006959100186626313	-0.0007284918079203134	-0.0006496185722866272
5.667240250218155e-6	2.89757204233014e-6	1.2423909855540857e-6	-1.2146099908185229e-6	-1.7835527474949033e-6	3.165283688638404e-6	6.484270215765304e-6	1.0211537290662902e-7	2.1834632179021894e-6	7.581461703549084e-6	1.2630241970834013e-5	7.24030576704053e-6	1.0418975766510444e-5	3.2306558117719745e-6	1.1329296349801494e-5	7.564136926682066e-6	5.84617726001298e-6	1.4819589484607943e-5	1.3016170923745884e-5	1.2976377670960089e-5	1.914418901725369e-5	1.8004919305697822e-5	2.142743842873263e-5	1.196623210404906e-5	1.293104985339733e-5	1.5457785420593118e-5	1.1749254260479123e-5	7.851207244015043e-6	1.1137286866401764e-5	1.125189069792632e-5	9.07241017337676e-6	1.0812074255654376e-5	7.814597444621638e-6	5.086091741995577e-6	-2.4253152220918284e-6	-5.149612116936431e-6	-1.089129852928014e-5	-1.283409444799606e-5	-1.3410586242835683e-5	-9.741962889598527e-6	-6.2108119862347424e-6	8.250466716069881e-7	1.3572242993104692e-6	1.0897693609058373e-6	-6.058853055769877e-6	-1.002880857785965e-5	-9.664161029591944e-6	-7.871353997204386e-6	-1.6738380928700558e-5	-3.72399810858251e-5	-6.780130460976724e-5	-0.00011042330567176231	-0.00018396068110666794	-0.0002677168666333045	-0.000298152208445205	-0.00032078721367602425	-0.0003844104388322014	-0.0004730680340080811	-0.0005644005584073963	-0.0006756720553500669	-0.0005411826679065784	-0.00043038573518863055	-0.00041295803502022077	-0.00034062540498706184	-0.0002953884367575682	-0.00024905745703643345	-0.0003378373062638134	-0.00029029896648439385	-0.00024059170667008187	-0.0001847830232576397	-0.00017219223761699012	-0.00015833363992742017	-0.00014071539849135062	-0.00011197308725846218	-0.00011671500946709017	-0.00011006312482502582	-0.00010292078630319555	-9.846912574608747e-5	-0.0001282872088615751	-0.00020454418575566177	-0.00022486764970691336	-0.00019471251764798314	-0.00015651807322002859	-0.00012380733366680954	-0.00010381054332125882	-8.537219915380477e-5	-6.58767543878884e-5	-0.00010219056572084369	-9.268471993584616e-5	-5.539766688997596e-5	-1.978598253120356e-6	4.990520041485424e-7	-7.1596014815551714e-6	-4.416167430658021e-5	-6.842241054337908e-5	-8.051613191277507e-5	-9.266263854314226e-5	-0.00010787947792023632	-0.00011221008168861914	-9.03107137792576e-5	-7.103502448800939e-5	-4.8331552779043434e-5	-2.9563638147787893e-5	-9.233613136247487e-6	4.579434379446689e-7	-2.5162749162956077e-6	-1.6473182052386542e-5	-4.138243148762294e-5	-5.997393739401099e-5	-8.040316691517585e-5	-9.509937400281955e-5	-0.00010692336710037968	-0.0001072175442396253	-0.00011076960855721864	-0.0001231649365504052	-0.00013944522954953756	-0.00014684550962359988	-0.00015877299636710487	-0.00017639842983660153	-0.00017331289123029972	-0.0001916173766533524	-0.0002036772767262905	-0.0002292986797723488	-0.00026459234562462713	-0.0003167791939027477	-0.00038583288836557984	-0.0005063330045984495	-0.0006251067775225622
7.388156931945402e-6	1.202431414257677e-5	1.1395915705232974e-5	5.46961667581211e-6	7.818693798953765e-7	3.0717815715109588e-6	6.1030665357607655e-6	7.72933775360432e-6	2.0677337405771053e-6	6.60383962683246e-6	1.1281581993192924e-5	6.246804218649689e-6	8.032100403895532e-6	1.1430313875851299e-6	7.126376245570383e-6	5.645829229204267e-6	1.2568551576016758e-5	1.210851178438249e-5	1.3440102161624624e-5	1.3851382161481766e-5	1.5025351625332256e-5	1.5956665405224973e-5	1.59809122342704e-5	1.641856834950356e-5	1.783603014631277e-5	1.0849356165527032e-5	1.0671816590688587e-5	1.0221880405916067e-5	6.284273774102843e-6	1.0991080474139629e-5	1.002238039196808e-5	8.925318253569237e-6	7.710206111804022e-6	2.8878151172445628e-6	-5.214161350949875e-7	-4.338113050207648e-6	-1.0183911152523636e-5	-1.5906488599155486e-5	-1.5383954315517992e-5	-1.485380598359974e-5	-9.265115264627324e-6	-4.225804569549935e-6	3.9430421276166744e-7	1.8540227133493484e-6	-1.3361583378352496e-6	-8.319487709417678e-6	-9.937316600020299e-6	-8.345571244705932e-6	-1.3877942474675371e-5	-3.0187095347283113e-5	-5.708837535188006e-5	-9.741407084738923e-5	-0.00015228794181102769	-0.00022636474101959435	-0.00027537812523998825	-0.00028890618299385815	-0.00032855906584826344	-0.00040005630163849124	-0.00046300806851723436	-0.000489251248932468	-0.0005735511702078047	-0.0005969748435603189	-0.0004067768570332336	-0.00038859843238224495	-0.0003259943394656045	-0.00027222611469722435	-0.0003306481572915021	2.2041106696098125	-0.00026174047480179846	-0.00020431535905415102	-0.00016623672137189985	-0.00018409853045232152	-0.00013805505269786494	-0.00010711487943371524	-8.701228933335677e-5	-0.00012018209598081002	-0.00010699808609656093	-9.725094101331251e-5	-0.0001137556573352523	-0.0001655947724538316	-0.00021598025187969172	-0.00019334935297786457	-0.00015798924032093056	-0.00012516339121821513	-0.00010594868849432558	-7.11386706703579e-5	-6.470988614740159e-5	-0.00010053707897661814	-7.56160989942925e-5	-1.0378699961087479e-6	1.168414227132805e-5	-4.772198510926556e-6	-3.2364603347583704e-5	-5.667782730775158e-5	-7.599350310269135e-5	-8.707429381476713e-5	-9.256196653335129e-5	-0.00010438727727265366	-9.929681874919909e-5	-8.734422859459078e-5	-6.820846999190666e-5	-4.714815954104042e-5	-2.9403827853449745e-5	-1.166575102577033e-5	5.628859216840614e-6	3.188985588185172e-6	-1.1814435259098475e-5	-3.429844594102227e-5	-5.276637052645249e-5	-6.784621410689529e-5	-8.532281743113544e-5	-9.345460585952202e-5	-0.00010059595822358226	-0.00010318443324167785	-0.00011123969021311143	-0.00011746920480608379	-0.0001229823447072842	-0.00013227710478607574	-0.00014437432872480005	-0.00014900700991008278	-0.00015247065928607542	-0.00015944819689844153	-0.0001680544274920703	-0.00017693811858385253	-0.0002056498910182544	-0.0002285901896264576	-0.0002461866822163136	-0.00028230652138888646
8.28437010018477e-6	1.109305622620099e-5	1.1637328164375118e-5	9.48577730849453e-6	8.40412981041724e-6	1.6912053449834837e-6	3.7749526581357623e-6	6.608412867490156e-6	8.292354246298116e-6	9.65718921931008e-6	1.3868414636087829e-5	1.3619265486425681e-5	6.658845547982856e-6	1.020280978030353e-5	6.646551871706228e-6	1.032666902971201e-5	1.1045756366859226e-5	1.0764961730184984e-5	1.189704176238768e-5	1.606749465193815e-5	1.2922961385350948e-5	1.316669534902684e-5	1.1850747913912973e-5	1.2804345241425664e-5	1.2425785809902326e-5	1.3180848987682894e-5	9.314781953574658e-6	6.321521133162768e-6	7.84659020701059e-6	5.3997597896943825e-6	1.1288547847139103e-5	1.1099867585403348e-5	8.527338253919159e-6	6.480252586708173e-6	1.3896210408499002e-6	-2.4923390120386996e-6	-7.635677398525054e-6	-1.5793434453032634e-5	-1.764749870216721e-5	-1.8467912290577593e-5	-1.358655526951212e-5	-8.073071519013736e-6	-3.1430647093235588e-6	1.6091463881859334e-6	-8.598782601752785e-7	-3.753664821462207e-6	-7.034015362360201e-6	-6.574765520428807e-6	-1.1034018772455854e-5	-2.4253584253799972e-5	-4.574906804300296e-5	-7.920885582634804e-5	-0.00012603553902574768	-0.00018672474624988573	-0.0002414860551325573	-0.00026285095172488837	-0.00028577829974413965	-0.0003392762680390695	-0.0004013709231295847	-0.0004119829664049612	-0.0004254251937492112	-0.00044210766675205343	-0.0004435209467919254	-0.00040731070215845733	-0.0003489718425038826	-0.0002737935648816289	-0.0003065860614210117	-0.000286003609857588	-0.00026105637508481994	-0.00021295811106301213	-0.00017686439331317247	-0.00018350954250102855	-0.00014514081423267627	-0.00011534730228260347	-0.00010852072114195253	-0.00010130482180122773	-0.00012209923563747185	-0.00010890066540593725	-0.0001113996558736209	-0.00014927013634478611	-0.00019760547725032604	-0.00020282853348263516	-0.00015085568769645716	-0.00011043053284960287	-9.013708517644282e-5	-7.417400245445308e-5	-8.099920111807185e-5	-9.680617083776195e-5	-3.189190544679657e-5	2.0255954509204588e-5	7.017431340877733e-8	-2.7932170129380676e-5	-5.090669385598295e-5	-6.836034568274973e-5	-8.395785773421606e-5	-9.191632438900267e-5	-9.468860977419889e-5	-9.645033307182498e-5	-8.874907346566664e-5	-8.115793654521822e-5	-6.446043710741853e-5	-4.559918703479076e-5	-3.0855415694263505e-5	-9.109342533758502e-6	7.017571202957983e-6	-1.6909315202380535e-6	-9.932090176342778e-6	-2.6100828009328888e-5	-4.123507680057689e-5	-5.82378742995139e-5	-6.911668987792316e-5	-7.99962193058848e-5	-8.548520202258587e-5	-9.31091111546281e-5	-0.00010057196533908018	-0.00010167488316125543	-0.00011167659244191648	-0.00011704623655928516	-0.00012509568436463656	-0.00012627967202732265	-0.00012131723775522447	-0.00012870696269829882	-0.000134536929199177	-0.00014097299791274512	-0.00015658791355580015	-0.00016468936852274962	-0.00017754734463236788	-0.00017713675394656796
6.783350796216516e-6	9.456601100061787e-6	9.961288613630562e-6	9.22513004842588e-6	6.678729951351512e-6	6.801641617548009e-6	8.00312210301685e-6	8.528599263716175e-6	9.139829534486263e-6	1.4642313801867776e-5	1.4442932333230076e-5	1.3336341555289335e-5	1.108504980515401e-5	7.2843456378032965e-6	8.783478194177453e-6	8.162272378440475e-6	6.528289738763799e-6	1.1199714267974557e-5	1.3954704362537094e-5	1.3955644162532732e-5	1.3777900687212718e-5	1.2873353156584754e-5	1.4196294755518776e-5	1.4498127649592225e-5	1.5635513337611956e-5	9.257860759471007e-6	8.664719094129969e-6	8.788830210479381e-6	3.600810480949151e-6	7.642717502701762e-6	6.176814379530055e-6	1.1296468927922581e-5	1.0106664919025399e-5	9.381015430610928e-6	4.220147473664448e-6	-1.265909566842277e-6	-6.2319310085642834e-6	-1.4829193076401277e-5	-2.087932354680015e-5	-2.041015083179866e-5	-2.0913692181040788e-5	-1.3986151955547655e-5	-6.7542882636710535e-6	-2.829040262686613e-6	-4.043305241400313e-7	-3.021813403886533e-6	-6.00624913845403e-6	-7.106390611600135e-6	-8.801796059576886e-6	-1.9462026006620073e-5	-3.790954827072486e-5	-6.296284971261251e-5	-0.00010010342740276663	-0.00014711796466389954	-0.00020468486520508822	-0.0002361329757812405	-0.0002508113090696554	-0.00028619032447704806	-0.0003367180934792969	-0.00038028410714483965	-0.0003605525735286309	-0.00035950939484500477	-0.00035623284818948187	-0.0003286613335000757	-0.0003226943616398831	-0.0002943912139237448	-0.00023435136413917088	-0.0003101543665125217	-0.00027731233925940707	-0.0002347612064381582	-0.0001942794782038362	-0.00017378313918112173	-0.00014042164786639763	-0.00012579167970932711	-0.00011441448461400881	-0.00011318028427442435	-0.00010853269749935833	-0.00010016679199411833	-0.00010102404759092241	-0.0001336436963048429	-0.0001813272609103508	-0.00018068681720100063	-0.0001385318111634705	-0.00010840998396297734	-8.539484283543937e-5	-6.871539526623338e-5	-9.344747900832949e-5	-7.096829626783777e-5	3.52180823566528e-6	1.2088484000697534e-5	-2.1185740846103165e-5	-4.4821768204524736e-5	-6.116553906160976e-5	-8.051514255660863e-5	-9.018817371522421e-5	-9.516306526428582e-5	-9.580625128955896e-5	-8.669540331939991e-5	-8.143899146630801e-5	-7.732704948365185e-5	-6.449520489068897e-5	-5.374479580995405e-5	-3.086975795428201e-5	-6.590289707182616e-6	4.202119663516968e-6	4.9845125856679e-7	-1.1166574858788995e-5	-1.9164058502000453e-5	-3.308162535142073e-5	-4.6362822652204476e-5	-5.905826038713618e-5	-6.939595945413754e-5	-7.807209850396041e-5	-8.303758327644904e-5	-8.541058534256364e-5	-9.376908180046965e-5	-0.00010121155764614835	-0.00010531268594812444	-0.00011163996814674003	-0.00011069444976526814	-0.00011185868232111566	-0.0001094469023060502	-0.00011473991727442913	-0.00011923651297546764	-0.00012333614004774764	-0.0001267285325019362	-0.00014372866358994436	-0.00014854631159031198
1.2687674053198613e-5	1.1287494062258567e-5	1.2383944900367509e-5	1.1679585740936338e-5	6.8825187546752214e-6	6.19258785959989e-6	8.389310513640114e-6	1.1002937147822857e-5	9.46004122205548e-6	1.2867944055683192e-5	1.6159303848359632e-5	1.3360099165209484e-5	1.0508803556356654e-5	8.436588340638481e-6	4.85982627838194e-6	3.979609736637791e-6	1.048184142021964e-5	8.196303108876785e-6	8.30249678957038e-6	8.075959432446433e-6	8.165068713381421e-6	8.847995982262137e-6	8.495454838740313e-6	8.730101369461632e-6	1.0747228107454985e-5	1.1281921119435203e-5	1.011213639678845e-5	6.915407412292836e-6	4.742843292583621e-6	8.247054994752097e-6	8.6521231666822e-6	8.017774787735625e-6	1.1480193979154263e-5	8.819370635269191e-6	7.44605007534961e-6	1.2152614580884097e-6	-4.465420177721113e-6	-1.0720644771228248e-5	-2.0604751834862184e-5	-2.5459702293444127e-5	-2.6374552509426243e-5	-2.198271600016045e-5	-1.3833867303645121e-5	-6.3189756920913045e-6	-1.7305842577117895e-6	-3.5896435943063433e-6	-6.23894004492774e-6	-8.255315208554118e-6	-8.05491387023509e-6	-1.5484152263330053e-5	-3.0021198672630294e-5	-4.991643827337126e-5	-7.698760937568591e-5	-0.00011475123633968887	-0.0001635274498115475	-0.00020160908619643034	-0.0002155826556334006	-0.0002378669338321676	-0.0002801369570993792	-0.00032579744990149026	-0.0003387077161928417	-0.00032629933969640507	-0.00029485364026662214	-0.00027773044792775425	-0.0002660239077634241	-0.0002666288234903086	-0.0002480767219035715	-0.00028366462280233345	-0.0002667061169137064	-0.00024919281646842983	-0.00020299874602461296	-0.00017479848564688064	-0.0001695499163810454	-0.00015619582699726714	-0.0001294454517316787	-0.00012090284782443476	-0.0001213526827094878	-0.00011033627769036976	-0.000104477399323101	-0.00010802175531019266	-0.0001425234180999456	-0.00016058656055308387	-0.00012960449605886604	-0.00010168798979942605	-7.612188566118172e-5	-7.518871119249412e-5	-9.242260030212222e-5	-4.19613868174809e-5	-9.377423848284244e-6	-7.222646092319706e-7	-2.953259867558011e-5	-4.86545086771789e-5	-6.919602718504642e-5	-8.811370725940458e-5	-9.153012297744011e-5	-9.273183751911869e-5	-8.590934531685703e-5	-8.303827647195004e-5	-7.833121503861284e-5	-6.902062210613e-5	-6.57949004957345e-5	-5.548283735657549e-5	-3.639291273936987e-5	-9.55896367919526e-6	-3.1448143785264837e-7	-6.261594107798141e-7	-1.2228051156273205e-5	-1.6283976402541034e-5	-2.762199847105781e-5	-3.8229178340749154e-5	-5.162919461529011e-5	-6.199497187310554e-5	-6.958416233623574e-5	-7.212929550512448e-5	-7.767610619383719e-5	-8.512193104244849e-5	-8.941497427455285e-5	-9.502322011927312e-5	-9.862768892061369e-5	-0.00010259769422926722	-9.780996462521902e-5	-0.00010366883307203789	-0.00010473464064878096	-0.0001065584362988734	-0.00010984852557194452	-0.00011421354540299201	-0.00011571561198391726	-0.00012321294785779154
1.2543115976209813e-5	1.2367736479043654e-5	1.231453722360439e-5	1.0204111579141528e-5	9.18884343885807e-6	7.838961196739852e-6	6.487936492845409e-6	7.416979774495582e-6	1.2168841745353006e-5	1.1672505346451647e-5	1.3502975761180492e-5	1.0251028351908678e-5	1.2490836273290616e-5	6.466236420821832e-6	6.891807217686111e-6	5.381949443397648e-6	4.7432742683681944e-6	5.428017123233416e-6	1.1092900000799452e-5	1.0825284012293613e-5	9.183732425791305e-6	9.191444415475314e-6	1.0676081454432869e-5	1.0533600326625285e-5	9.359069232496922e-6	8.432435460070838e-6	9.166866031984529e-6	7.545311722428546e-6	6.727417117846113e-6	5.069791729982696e-6	7.342485736712596e-6	6.638167397493218e-6	7.473896152031082e-6	8.402284320781564e-6	6.4979040106504646e-6	3.863227570960123e-6	-1.7342111850292966e-6	-7.95271221923008e-6	-1.5951351670746503e-5	-2.6787107764141695e-5	-2.9793602199061627e-5	-2.853037526823372e-5	-2.3172185069190995e-5	-1.34318256766585e-5	-7.168296620348179e-6	-4.176893677937041e-6	-6.673559816740281e-6	-7.864052621988152e-6	-9.267761493132742e-6	-1.3643278688876477e-5	-2.5639169091854274e-5	-4.185770144122385e-5	-6.167464656385915e-5	-8.906450745102197e-5	-0.00012848052857077422	-0.00016592998279638807	-0.000182352592227597	-0.000198013906530306	-0.00022658753550753097	-0.00026654609177386573	-0.00030619742484800164	-0.00030309260099555674	-0.00028154433873248813	-0.0002428938099914221	-0.00021536460410170874	-0.0002205663009006986	-0.0002121265175992169	-0.00027575263037609224	-0.0002681655207679816	-0.0002471589374570399	-0.00019756850228079892	-0.00017241257768262766	-0.00014594979852499204	-0.00013804962997396308	-0.00013123777790413974	-0.00012424277816410964	-0.00011264162678775376	-0.00010560077762320623	-9.277267076302288e-5	-7.857626217440752e-5	-0.00010991276462113743	-0.00014251496493339344	-0.00012919348552119583	-9.32897442889463e-5	-8.465759664469384e-5	-0.00010258743055350723	-8.419685544472712e-5	-2.703638216083881e-5	-4.708434499494513e-6	-1.5509845014208268e-5	-3.638106910999403e-5	-5.4652086556392775e-5	-6.909302108313448e-5	-8.269960457543343e-5	-8.8299526739867e-5	-8.612005305934366e-5	-8.269782652723864e-5	-7.745802893402778e-5	-7.298003421203625e-5	-6.49151074040566e-5	-6.859930748448484e-5	-5.6558777453141744e-5	-3.817475062190684e-5	-2.2176233039575968e-5	-5.46025862328478e-6	-2.7797173091960443e-6	-7.631628478037972e-6	-1.1631036953875516e-5	-2.3386000709731122e-5	-3.254682260462813e-5	-4.307202530837855e-5	-5.281237817943498e-5	-6.160005682626091e-5	-6.78886190536368e-5	-7.172608094485958e-5	-7.770316710485788e-5	-8.425305515649509e-5	-8.302705863864715e-5	-8.981705989304262e-5	-9.218841476874363e-5	-9.31374942393561e-5	-9.212822888468931e-5	-9.666270001226425e-5	-0.00010152737464218414	-0.00010485225778985098	-0.00010238810951423287	-0.00010424020451069853	-0.0001088538441025924
1.1749937207559088e-5	1.1760285358931344e-5	1.1962495057027399e-5	8.645220102949588e-6	8.057903845039294e-6	7.30585331001985e-6	8.159740542751023e-6	5.968627420646979e-6	1.1490167595596538e-5	1.3603122938515322e-5	1.0869425788573825e-5	1.3482926670212342e-5	8.134074311457948e-6	8.474387356671546e-6	4.116950286540619e-6	2.1568638043124866e-6	6.050326125522919e-6	5.98921422981409e-6	6.050935745299454e-6	6.0615918019571785e-6	8.34443822633063e-6	8.703070160159462e-6	8.355188592314329e-6	6.0953310053370865e-6	8.937740394250777e-6	1.0894444566855557e-5	1.1927921340524823e-5	8.063558010868409e-6	8.55125588936946e-6	5.3583301939377414e-6	6.171255669570711e-6	6.192007274757535e-6	6.106964543436954e-6	7.243640583187715e-6	5.349234705361027e-6	4.044059667219005e-6	9.156421226699101e-7	-5.261587509002712e-6	-1.2651934171549818e-5	-2.200478423064998e-5	-2.9910527277621914e-5	-3.2854416604811976e-5	-3.051642550309409e-5	-2.5159468865915132e-5	-1.7670086270918373e-5	-9.908634215861564e-6	-7.161987523223236e-6	-9.331080146838394e-6	-9.512274041362234e-6	-1.2736426811214145e-5	-2.306718534716631e-5	-3.673848228131875e-5	-5.3568521856837616e-5	-7.370972870154695e-5	-0.00010123376037733839	-0.0001354391657420323	-0.00015638365607898233	-0.00016624464425516944	-0.00018475712101721772	-0.00021037337128403108	-0.00024589772572736895	-0.0002784738046385758	-0.00026586791492325124	-0.00022575394207019828	-0.00019646283316550672	-0.0001778341959151122	-0.00016813150573386293	-0.00017872862088973496	-0.00023088561213737907	-0.0002252287106710264	-0.00018751753760870568	-0.00016739825360297456	-0.00013610910324160508	-0.00013040431908134878	-0.0001158997435459115	-0.0001018035271208896	-8.681272658205007e-5	-7.520285410025918e-5	-6.250455531842461e-5	-5.741360597664654e-5	-7.27062440418133e-5	-0.000123933243919086	-0.00013074694821821678	-0.0001042290390606236	-0.00010800415341802662	-9.351773968928333e-5	-4.688315410807802e-5	-2.21340140660331e-5	-2.2137364402534384e-5	-3.1227406934158236e-5	-4.5485393728415806e-5	-5.823152697884137e-5	-6.41595927102813e-5	-7.092564308216684e-5	-8.303616903229323e-5	-8.503414989291176e-5	-7.671677647530864e-5	-6.966786798064811e-5	-6.683876212915107e-5	-6.498983470522648e-5	-7.049715990007158e-5	-6.267526984600827e-5	-4.679538525339393e-5	-2.5232292351438226e-5	-1.8618456776309245e-5	-1.167091615407803e-5	-1.8811249107887615e-6	-3.612356073989797e-6	-1.4092120927209488e-5	-2.5830645055627956e-5	-3.533224470376323e-5	-4.7863614612529686e-5	-5.570070874807639e-5	-6.264406275614462e-5	-6.596781940149121e-5	-7.275204526812316e-5	-7.504922582370933e-5	-8.035738592007853e-5	-7.957730641973415e-5	-8.194316239548867e-5	-8.565742491933695e-5	-8.841818653106125e-5	-8.783843402529293e-5	-9.215671179191134e-5	-9.57567542674096e-5	-9.63383891704108e-5	-9.870801264571549e-5	-0.00010274749449694363
1.247137418022067e-5	1.0210674620809816e-5	8.710764653530913e-6	9.378654173804526e-6	9.01622655659004e-6	8.925152826001759e-6	4.96315945969477e-6	9.111021271744797e-6	9.5048582313172e-6	1.1339724474636497e-5	1.125593725214216e-5	9.348680296149443e-6	9.83754993156942e-6	4.297469593183244e-6	5.221121587373547e-6	4.090698680942091e-6	2.0507352516433916e-6	2.630385021124351e-6	5.967033868425376e-6	7.747247548345326e-6	6.325130526220641e-6	5.753455123349432e-6	6.739508190618022e-6	8.94107387682929e-6	9.680732254778272e-6	9.992761915785138e-6	1.0067490881205364e-5	7.5655060775142716e-6	7.1577159428464965e-6	5.642917039129675e-6	5.732039718093009e-6	4.965069715502472e-6	4.724941989856131e-6	4.4675905363405e-6	4.13600139109304e-6	4.624636757528597e-6	2.8729392346008016e-6	-7.171605865587126e-7	-7.74253287351423e-6	-1.6726723646573113e-5	-2.6571453034824468e-5	-3.557562306810008e-5	-3.696477795622592e-5	-3.2448608681739585e-5	-2.6598741492776103e-5	-1.876125528803979e-5	-1.341167648943528e-5	-1.357674000350764e-5	-1.2561403398567496e-5	-1.4053743596382366e-5	-2.1877959795364718e-5	-3.5128941704327954e-5	-4.855465488224144e-5	-6.486104283873195e-5	-8.51648224707048e-5	-0.00011372180835911293	-0.00013638530942626514	-0.00014605020730133755	-0.00015770714678836964	-0.0001743758166398816	-0.0001963514544749481	-0.00022383318231669264	-0.00024030915625472546	-0.00022589270919299087	-0.00018297059214966713	-0.0001557417776015292	-0.00014000192340071077	-0.00012847252307129908	-0.00019612948238146435	-0.00018788405635981884	-0.0001811084400938495	-0.00015365449041165186	-0.00012759983393246382	-0.00011441375055492793	-8.942202389802463e-5	-8.541817727312008e-5	-6.808908203969136e-5	-5.521922935179321e-5	-4.434901276512831e-5	-3.840068713316033e-5	-4.161008895298481e-5	-0.00010426241302610716	-0.00013606428438377866	-0.00012256740476073238	-0.00010419920989414298	-7.049023287818146e-5	-4.0337351254332576e-5	-3.4450529191529244e-5	-3.368494328956362e-5	-4.1999512797718373e-5	-4.94175752077143e-5	-5.2039462019107245e-5	-5.921233533871805e-5	-6.915950392667042e-5	-7.909246841448711e-5	-8.136967245830906e-5	-6.802097113648917e-5	-5.7814663961212175e-5	-6.174424396244993e-5	-6.686439677763487e-5	-7.101860662050985e-5	-6.576221666830182e-5	-5.029141511873544e-5	-3.800097926219201e-5	-2.5358861614321184e-5	-1.3850938961317697e-5	-4.769359332381512e-6	-3.3482048513930325e-6	-7.12667641913911e-6	-1.8044828435301308e-5	-3.050631335000872e-5	-3.988613995293752e-5	-4.959261854799688e-5	-5.788467868006116e-5	-6.2325969130703e-5	-6.610346399492199e-5	-7.18559575122596e-5	-7.531513906999278e-5	-7.565132185516181e-5	-7.758181170517027e-5	-7.66447324986215e-5	-8.035312523864413e-5	-8.575900537670723e-5	-8.207927713692852e-5	-8.764076857357797e-5	-9.225349938721086e-5	-9.341289946966125e-5	-9.432720965538327e-5
1.1106818700976245e-5	1.1436432662968904e-5	1.0625338469857392e-5	5.292954464476695e-6	5.210579046683281e-6	6.452741436340815e-6	8.46590097558584e-6	4.952904191922632e-6	8.361009662936382e-6	1.0597852079957148e-5	9.383044992025691e-6	9.702983593462208e-6	7.83211489099097e-6	6.487344719036634e-6	2.1601304566690877e-6	3.7116473319853158e-6	2.6696471530814055e-6	3.900897782419845e-6	5.340130804730707e-6	6.575592434649498e-6	7.220695722386874e-6	7.137892710164412e-6	6.731782114437287e-6	7.861743191400847e-6	9.454339576302727e-6	9.955976898478637e-6	7.352666349033642e-6	7.857030247227469e-6	7.3484917153046605e-6	3.8899583749453515e-6	5.118608702582399e-6	3.7491016638847154e-6	4.435079931888915e-6	3.3445477669920977e-6	3.443955941284139e-6	3.1773857769043855e-6	2.7899373295555553e-6	2.078811900179875e-6	-1.9107141921177045e-6	-1.027540421998617e-5	-2.1510682856251334e-5	-3.234948235935481e-5	-3.862364042418916e-5	-3.935678853130009e-5	-3.54638072272255e-5	-2.9822331865277104e-5	-2.283315325007917e-5	-2.10170391777998e-5	-1.8597584610551346e-5	-2.152528980254621e-5	-2.4862977334502014e-5	-3.528215179867886e-5	-4.880110725247188e-5	0.5760088235581546	-7.976080046000894e-5	-9.982650756371057e-5	-0.00012421809274546988	-0.00013449117303773045	-0.00014447071521950586	-0.0001543631057503679	-0.00016691163710500984	-0.00017961196553499534	-0.00019624667984413644	-0.00019890012910349708	-0.00018038421772991264	-0.00014684383561544556	-0.00012240214637216154	-0.00011434782852580773	-0.00016411997069525064	-0.00016807659749661777	-0.00016128326376253083	-0.00014298722429608585	-0.0001209697567160564	-9.993436581728908e-5	-8.002095692885916e-5	-6.958646895467366e-5	-5.470287289550262e-5	-4.145477267665162e-5	-3.267539636217162e-5	-3.690414908342696e-5	-3.825275206184933e-5	-7.234127317361574e-5	-0.00013170326496059204	-0.00013086003458140719	-9.243669020324306e-5	-6.057753473105373e-5	-4.210414664487793e-5	-3.811748491714187e-5	-4.1282885291683835e-5	-4.6202739160602906e-5	-4.4903023378554945e-5	-4.949386445390196e-5	-5.926956276030431e-5	-7.039295256720465e-5	-7.82668176687977e-5	-7.165062987368742e-5	-6.161395710042178e-5	-5.372610716774042e-5	-6.108292577257021e-5	-6.887888742441312e-5	-7.13244187235812e-5	-7.135854952723328e-5	-5.9143052478019535e-5	-4.9267380919284364e-5	-3.4059713382994516e-5	-2.248351335838727e-5	-6.689489272845155e-6	-3.3397298273250826e-6	-8.967610844439616e-6	-1.511041219991009e-5	-2.6094924024345694e-5	-3.69793066990181e-5	-4.5389386802048563e-5	-5.4337823222070154e-5	-5.598438680416532e-5	-6.048160558535034e-5	-6.697117947555321e-5	-6.772726715391364e-5	-7.219650828777305e-5	-7.32242412158305e-5	-7.244305940171634e-5	-7.496547971145087e-5	-7.588651506772355e-5	-7.947989526181816e-5	-8.507186510147215e-5	-8.48379652987341e-5	-8.870639030180565e-5	-9.023416438417967e-5
8.13072860449994e-6	8.46444296489883e-6	7.665958029500798e-6	7.0874501742739646e-6	7.569954372003105e-6	5.426913202133918e-6	3.47870899295756e-6	6.6986201741753284e-6	9.143878937443312e-6	7.456117559305474e-6	9.245176095496431e-6	8.130751275167367e-6	7.262397286192725e-6	3.999705907730029e-6	2.072328612423395e-6	1.002689809436949e-6	2.844916111770321e-6	6.8508685296996335e-6	6.617076359777002e-6	8.26835300124203e-6	8.617218951476133e-6	8.057087354067238e-6	6.934845731519645e-6	6.786745799136801e-6	8.096286214696012e-6	7.643561261358456e-6	6.590256592937763e-6	6.7128189861148996e-6	7.0255765831708775e-6	3.4253899385992474e-6	3.333063889449615e-6	1.9991390812733323e-6	2.662584706208427e-6	2.902830916178683e-6	2.8795389900651554e-6	2.9161011225100476e-6	2.8384895155901878e-6	2.847924489551151e-6	-4.1603918660843004e-7	-5.100223043376373e-6	-1.4327494274541176e-5	-2.6485354957372222e-5	-3.714437763445433e-5	-4.174942746658534e-5	-4.1314323950868495e-5	-3.96912266888063e-5	-3.288439762464887e-5	-3.08235366917875e-5	-2.8173425999913553e-5	-2.9554372968018657e-5	-3.33459636747864e-5	-4.0592406627855404e-5	-5.041319342232244e-5	-6.587647392647042e-5	-8.133364896292447e-5	-9.523458857456367e-5	-0.00011721818649187628	-0.00012928289426419187	-0.0001373387808751951	-0.00014780878527425115	-0.0001541942864298658	-0.0001605664690833633	-0.000162898690955586	-0.00016520454381666744	-0.0001590940508239963	-0.00013851724505907145	-0.00011722167352458747	-9.801357990198502e-5	-7.962528607383806e-5	-0.00015776489296816937	-0.00014918618798003339	-0.00013961625135085892	-0.00011678576327571812	-9.296197162750318e-5	-7.061929632647818e-5	-5.481095797501764e-5	-4.3113990882189667e-5	-3.5350078886244723e-5	-2.858419568749215e-5	-3.0000422480448704e-5	-4.016483683188035e-5	-5.613075079605525e-5	-0.00011925786855444819	-0.00012607473190429097	-8.12145720899965e-5	-6.146111395429615e-5	-5.314255470140888e-5	-4.471544934455881e-5	-3.947158199249512e-5	-4.047982332363101e-5	-4.832668869031095e-5	-5.348365974275695e-5	-6.304942347292591e-5	-7.222282182028916e-5	-7.002243187408455e-5	-6.404651427260877e-5	-5.8732668012893834e-5	-5.6123900915149704e-5	-5.779218041623845e-5	-6.658848823899721e-5	-7.294755746721851e-5	-7.351665987130954e-5	-6.683574259357464e-5	-5.8128597226446414e-5	-4.3968189142708565e-5	-2.325660351690066e-5	-1.3032094175503826e-5	-1.671773532324963e-6	-2.752074729130832e-6	-1.3349509014491319e-5	-2.3318321730990407e-5	-3.2949710012308495e-5	-4.0097806775244924e-5	-4.811407873679673e-5	-5.0093642970684686e-5	-5.768777596999556e-5	-6.330413952369482e-5	-6.42054542995471e-5	-6.6736117782136e-5	-6.871308675044166e-5	-6.931637276425158e-5	-7.165028337351512e-5	-7.249650235598842e-5	-7.906724624529883e-5	-8.198849724681302e-5	-8.016769276414717e-5	-8.537581149318205e-5	-8.43640785540018e-5
7.886790412371322e-6	8.689976732992322e-6	7.4115411317953245e-6	6.954681692735234e-6	4.3911554920656945e-6	3.4994182058394395e-6	4.039992673081708e-6	5.439585292073799e-6	5.725869867763584e-6	7.457939574608863e-6	8.147061093788897e-6	8.059551775420858e-6	7.272225004259155e-6	7.4219134879810805e-6	5.511721585865422e-6	1.758879776851338e-6	3.484696643111899e-6	5.680798777077996e-6	8.442596559463285e-6	6.8393543595484515e-6	8.70927844410065e-6	7.335070723556158e-6	7.52511155330867e-6	6.078302284781046e-6	5.847361437823043e-6	4.6526981404984916e-6	5.0376925450189985e-6	4.862081630320134e-6	5.09064859222693e-6	2.925471675888427e-6	2.4903991819062374e-6	1.5272677193018875e-6	3.5875152268370967e-6	2.8450776619597796e-6	4.332510145457248e-6	3.464824621332053e-6	1.8950843579937022e-6	1.4912752592044843e-6	9.54607177810693e-7	-2.3944027262214757e-6	-7.954580277889228e-6	-1.8007638652797753e-5	-3.095905197784618e-5	-3.866941957072177e-5	-4.3570507266129856e-5	-4.460938994501478e-5	-4.2320335067293553e-5	-3.999578765509666e-5	-3.945244852381416e-5	-3.923088945172702e-5	-4.134495164309117e-5	-4.4919245281932814e-5	-5.6453197222168856e-5	-7.003413136420257e-5	-8.391050893398823e-5	-9.712680680887784e-5	-0.00011476978832363967	-0.00012819435061010506	-0.00013583222509012255	-0.0001418888632563793	-0.0001509725027068129	-0.00015518814550476503	-0.00015273414657578782	-0.00014479051638205398	-0.00013329244143980498	-0.00012326145860290863	-0.00010941782102764917	-9.061909958313004e-5	-8.132638029808778e-5	-0.00013951344047039016	-0.00013452227765964678	-0.00012325369797049415	-0.0001057909572227053	-8.961511851601071e-5	-6.551729281713617e-5	-5.157090894733137e-5	-4.239684681887206e-5	-3.623154727627753e-5	-3.588524550212843e-5	-3.618786211445277e-5	-3.943725415678223e-5	-5.1384319694168505e-5	-7.951524154826278e-5	-0.00011191414030307238	-8.545468855106207e-5	-6.242745116420007e-5	-5.196391477920239e-5	-4.563513013658426e-5	-3.789761656618554e-5	-4.196075806695703e-5	-4.978905155999732e-5	-5.85971337858232e-5	-6.184860603265091e-5	-6.328186016651624e-5	-6.215072635143079e-5	-6.0282400328025974e-5	-5.8703794895888915e-5	-5.673239528982895e-5	-6.0421787907195816e-5	-6.856895872495508e-5	-7.000885328270826e-5	-7.814164919512159e-5	-7.471544830311289e-5	-6.505005516448809e-5	-4.9668731047546384e-5	-3.203937688615356e-5	-1.1072302683002784e-5	-3.558644969415408e-7	1.419844266031117e-6	-5.379784627761868e-6	-1.683293634688332e-5	-2.7189806255014517e-5	-3.1076493104114505e-5	-4.1069886098747677e-5	-4.849751026659611e-5	-5.3168386262691235e-5	-5.7694341415882165e-5	-6.03807770872388e-5	-6.247143156511842e-5	-6.358140644297135e-5	-6.645023573276579e-5	-6.789206690328148e-5	-7.020467208875697e-5	-7.589599437742185e-5	-7.811048211773912e-5	-7.76713666690923e-5	-7.974697908866117e-5	-8.260245917715396e-5
6.450953746878207e-6	7.57394385110608e-6	5.713064101116847e-6	4.752006099273225e-6	3.7169863622557235e-6	4.119098906906447e-6	1.6848514960586187e-6	4.0313866773913215e-6	6.599615125224555e-6	7.816530097335718e-6	8.69296688397938e-6	9.64033245050809e-6	7.351905071057221e-6	7.852943523321138e-6	6.118254760787387e-6	4.056452358259036e-6	2.8538212401953487e-6	5.573401638749204e-6	4.900987956939738e-6	4.8139371720649915e-6	5.423807998322822e-6	6.86779734102548e-6	5.62677892018519e-6	5.1643746841901345e-6	2.5455719726130005e-6	3.4878029040201135e-6	3.1926050074026348e-6	3.5903759105322323e-6	3.5829631308322697e-6	4.11957088992769e-6	3.586585710499065e-6	4.006703253683561e-6	3.689740860394162e-6	5.074642580606657e-6	2.865406829454138e-6	1.971172804518008e-6	1.7966957132145576e-6	-6.144498430026013e-8	-3.3878331455287897e-7	-1.2913735835881623e-6	-4.812116547250889e-6	-1.1168129274022677e-5	-2.20211515851703e-5	-3.1820842976652136e-5	-4.0466309860279215e-5	-4.3857157938946213e-5	-4.562437802232456e-5	-4.649950234971236e-5	-4.699795836250568e-5	-4.7604009081013414e-5	-5.105265898073564e-5	-5.436394449843603e-5	-6.303178050576057e-5	-7.314366672018721e-5	-8.465557902576601e-5	-9.795591873989865e-5	-0.00011523265680416296	-0.0001303318188452824	-0.00013513560771154058	-0.00014112038043126093	-0.00014686711995214388	-0.0001533340976975564	-0.00014929654130807143	-0.00013907024257230408	-0.00012555699948702329	-0.00010908021772079375	-9.811799665934358e-5	-7.937131013199816e-5	-7.017956903544037e-5	-8.469215128465919e-5	-0.00012300380592550342	-0.00011386717439169218	0.04727443718847198	-8.083315038371133e-5	-5.951122293524832e-5	-4.576567388947516e-5	-3.62124255495061e-5	-2.9289173235184925e-5	-2.835669455324152e-5	-3.3346943218923175e-5	-4.2663734524384094e-5	-4.649086715645747e-5	-4.977904631466717e-5	-0.00010790304532043783	-9.710391280122464e-5	-6.523194394586831e-5	-4.95823131033482e-5	-4.514116075295809e-5	-4.398177318220078e-5	-4.317547774379884e-5	-4.8938703274287863e-5	-5.3056289266509287e-5	-5.845649088485199e-5	-5.804635483212805e-5	-5.930745545276033e-5	-5.976478359513009e-5	-5.9441197103327064e-5	-5.883581325047057e-5	-6.380919457095804e-5	-6.75073858250573e-5	-7.339638269441943e-5	-7.983593067781118e-5	-8.230616407606944e-5	-7.235969571466917e-5	-5.9871450662886745e-5	-3.63221456438443e-5	-1.7648008168768062e-5	-4.076291095032186e-6	1.5458037844542914e-6	-3.5011430061550326e-6	-8.463984819007814e-6	-1.9804451953158927e-5	-2.6357451551189955e-5	-3.7336940310328526e-5	-4.210165672579972e-5	-4.972325658852971e-5	-5.521842793665236e-5	-5.5603364219804906e-5	-5.741081749539508e-5	-6.0661350145515054e-5	-6.242174990333908e-5	-6.638717490775776e-5	-7.046576960714583e-5	-7.265764561726652e-5	-7.744223114343474e-5	-7.854055700078078e-5	-7.742178191952331e-5	-7.85405767278393e-5
5.889201246892655e-6	6.584034798482254e-6	4.9035299881953695e-6	4.848292690169849e-6	5.231169075930845e-6	3.917872534102244e-6	4.579362263739187e-6	6.143559437760993e-6	5.821459926527022e-6	8.987046442318972e-6	8.728254038037515e-6	9.70864518878671e-6	8.358517074010322e-6	6.659576026486063e-6	5.4956292310946375e-6	3.4686358304928176e-6	3.926167642951187e-6	4.000037267018995e-6	4.654512089337717e-6	4.91114016045336e-6	4.037716490909275e-6	3.572980488406908e-6	4.0993397207571974e-6	3.7255115604897106e-6	1.939107931842564e-6	1.535804662155908e-6	2.619255528614472e-6	2.305106493595381e-6	3.49409825888252e-6	4.203495917228656e-6	4.961201648069277e-6	4.4679864083692344e-6	2.9158177906668174e-6	3.1407634224498225e-6	2.3811782894848227e-6	1.9217409835767946e-6	-1.0583645234079479e-7	-1.5645415627103807e-6	-2.254608302896914e-6	-2.586309579043558e-6	-2.89690257730419e-6	-6.5573775413513965e-6	-1.3692363486517837e-5	-2.4256991890386073e-5	-3.455549113452923e-5	-4.179026700428314e-5	-4.564828186672323e-5	-4.862472597418239e-5	-4.9218345414894775e-5	-5.489443444077479e-5	-5.939087419017281e-5	-6.261047771818212e-5	-6.88853737072781e-5	-7.766009346558446e-5	-8.924113239832872e-5	-9.887609682835556e-5	-0.00011483768171420201	-0.0001313872419281964	-0.0001350940008731233	-0.00013651318526660718	-0.00014234781114258466	-0.00014950613518461414	-0.0001490753200029081	-0.0001360058648060096	-0.00012245604230068027	-0.00010618145025341126	-9.15529163223426e-5	-7.726379839742559e-5	-6.558416115959656e-5	-3.990498145681545e-5	-0.00011101738974731572	-0.00010623491269621739	-9.72864262673706e-5	-8.160793430996363e-5	-6.491314713400267e-5	-5.2490057981559306e-5	-4.276921526354462e-5	-3.452242509872569e-5	-3.355239036910082e-5	-3.5733512470607215e-5	-4.4462785157243355e-5	-5.094500854160854e-5	-5.355692949673626e-5	-8.433070458309723e-5	-0.00010357320320408119	-7.060418034726332e-5	-5.218922613948323e-5	-4.481382976295397e-5	-4.2424489583251644e-5	-4.355664995348007e-5	-4.7147942375345274e-5	-5.1302596600164695e-5	-5.4932362857692395e-5	-5.635467245851746e-5	-5.6418720715233066e-5	-5.8356764776404384e-5	-5.985910343786482e-5	-6.161972326704582e-5	-6.681099035555499e-5	-7.3154082010779e-5	-7.585611730767661e-5	-8.056726752761478e-5	-8.845168627483883e-5	-8.016029228201035e-5	-6.750502218300612e-5	-4.3253201942403806e-5	-1.8770611849789134e-5	-5.671438123820704e-6	3.709161320100684e-6	1.354337589342183e-6	-6.147547867898367e-6	-1.300918656653438e-5	-2.4881838191388724e-5	-3.311199205449644e-5	-3.943786099558019e-5	-4.433993947830158e-5	-4.876238023391807e-5	-5.24210003530201e-5	-5.3744731570975334e-5	-5.5702045265778454e-5	-6.114198555545909e-5	-6.289738190999247e-5	-6.900254020513613e-5	-7.336717815307342e-5	-7.297355696599638e-5	-7.613038877692796e-5	-7.825278302404058e-5	-7.54584965692584e-5
5.664622246205792e-6	6.098815330253352e-6	6.22472015338743e-6	5.925927982911374e-6	3.695626603675804e-6	4.243803190264427e-6	6.301655754831734e-6	6.7148351549223265e-6	8.264067853430354e-6	8.771613809106273e-6	9.177861785445926e-6	8.324798161474072e-6	8.042692274429393e-6	4.968962359088412e-6	4.7306081957503715e-6	4.442880617442149e-6	2.1812721442450445e-6	2.535346983897034e-6	4.727233288517353e-6	4.117536495681744e-6	3.449387157199515e-6	3.0372626316126426e-6	3.0952138313326823e-6	2.7694396309650006e-6	7.429349832815263e-8	4.307799342934126e-7	2.2158977208480354e-6	3.1906827521873886e-6	4.1940636076945315e-6	4.6799546903801906e-6	5.399100258670838e-6	4.461584107804534e-6	3.434721048702592e-6	1.750946585529593e-6	1.0292568094474527e-6	6.737579867936368e-7	-3.3236575384260053e-7	-2.1827687443978783e-6	-2.555664395929337e-6	-3.6349503918994826e-6	-3.466459446419857e-6	-4.1740359757978795e-6	-8.903969125591618e-6	-1.6901599716144522e-5	-2.7757618388047144e-5	-3.760781610716475e-5	-4.6160507659103935e-5	-4.95475113032346e-5	-5.2114387057069354e-5	-5.654650849667465e-5	-6.080738991216631e-5	-6.743368472124367e-5	-7.205277312836468e-5	-7.95622916507921e-5	-9.019986172364122e-5	-0.00010302016606325916	-0.00011451421241923282	-0.00013007433997090645	-0.00013709684789330046	-0.00013137979626735505	-0.00013518920344074078	-0.00014308095877806765	-0.00014711396581186878	-0.00013726646102326517	-0.0001227580986190059	-0.00010844659589824902	-9.497511841653065e-5	-7.806054361930714e-5	-6.442760557912389e-5	-5.3842054035732605e-5	-7.805122677730439e-5	-0.00010468030063647339	-9.624648877361307e-5	-8.468445025083814e-5	-7.470738533008059e-5	-6.558390838870207e-5	-5.293439453045098e-5	-4.501268739253577e-5	-3.881769353652684e-5	-4.3810672255804865e-5	-4.725554301164558e-5	-5.250714871576911e-5	-5.3621090965842715e-5	-5.683074011386679e-5	-9.824099908139343e-5	-7.654902764182153e-5	-5.1960593336689e-5	-4.126383490541535e-5	-4.0911986710738535e-5	-4.360853057784261e-5	-4.47584947728917e-5	-4.93565002561945e-5	-5.022788338677683e-5	-5.109884561923377e-5	-5.121813006266767e-5	-5.566329429719865e-5	-6.162552589538892e-5	-6.902321520330795e-5	-7.35683068501039e-5	-7.808725996003539e-5	-7.837967484249087e-5	-8.267558514424116e-5	-8.961680859746224e-5	-8.807803446547571e-5	-6.951877011877015e-5	-4.6281626740665015e-5	-2.456164849957108e-5	-9.467497424052451e-6	5.209448622261677e-6	8.582826089382697e-6	9.505643071717334e-7	-9.865694686975873e-6	-1.9681563659650764e-5	-2.8016838735057597e-5	-3.535584612622891e-5	-4.1058662990801215e-5	-4.546167884961378e-5	-4.863002784748909e-5	-4.976824687498264e-5	-5.2924449127659736e-5	-5.7342386980234465e-5	-6.316254740914261e-5	-6.809641892252874e-5	-6.806598297146027e-5	-7.230670906314442e-5	-7.510648170018161e-5	-7.585733529497617e-5	-7.515430207956537e-5
6.827824969909273e-6	7.323134801470384e-6	4.99893126838704e-6	4.281492749311916e-6	3.564611339391607e-6	4.664216064699696e-6	5.346972569027739e-6	7.465828706664824e-6	8.465769532335458e-6	7.857244352761986e-6	8.773645463031228e-6	7.256590418619132e-6	7.315073357163151e-6	5.407117174794847e-6	3.638733314225567e-6	3.5788745719137617e-6	2.57059170770315e-6	3.3043238094722714e-6	2.4983922293194197e-6	3.862904389266043e-6	1.9397645328097374e-6	7.506179407418613e-7	8.560144970247082e-7	1.8395788608767739e-6	2.034243278925367e-6	1.3012884145886456e-6	2.1363311185178258e-6	3.790704642542275e-6	5.056078445460008e-6	4.320056226810032e-6	3.558339579478979e-6	3.3654444872186977e-6	2.2605488444668587e-6	1.0338746758665682e-6	-6.044643653885587e-7	-6.888002050241953e-7	-3.976795563860602e-7	-1.6914826174918224e-6	-2.8950018922911654e-6	-3.2084780416264526e-6	-3.109172386781336e-6	-5.043746372163441e-6	-7.973314342752877e-6	-1.191899595784796e-5	-2.1213427791721275e-5	-3.2049403013217556e-5	-4.1417405350621314e-5	-4.740418686386381e-5	-5.2794693405433864e-5	-5.773682387223699e-5	-6.19569145824967e-5	-6.629096612463005e-5	-7.072946887464598e-5	-7.688145250636658e-5	-8.717077568673805e-5	-0.00010081381753707096	-0.00011486068369754957	-0.00012838170079972067	-0.0001327501857300694	-0.00012979676668320103	-0.0001295730303163111	-0.00013428997162326026	-0.00014025508023865138	-0.00013607597851251693	-0.0001254323612315776	-0.00011273486337157189	-9.854930054517887e-5	-8.37599695982169e-5	-6.944024591448716e-5	-5.6850490938106783e-5	-3.3322144956521305e-5	-9.719681586277047e-5	-9.744163507758445e-5	-8.782796878008604e-5	-8.261237466680726e-5	-6.838325248940957e-5	-5.973373091733985e-5	-5.363638335559306e-5	-5.2108817196090666e-5	-4.820920342617218e-5	-5.0045957438946125e-5	-5.310319977800889e-5	-5.098788051927788e-5	-4.8315346341809555e-5	-8.003667062873171e-5	-8.290152725539886e-5	-5.388930161484561e-5	-4.219823489118659e-5	-4.2743497218229724e-5	-4.5498024900565697e-5	-4.274031821819776e-5	-4.640892664739201e-5	-4.70940071011297e-5	-4.596185938354063e-5	-4.873092222714564e-5	-5.575585225719298e-5	-6.617552884792197e-5	-7.529209117068322e-5	-7.910597967148748e-5	-7.923902962275221e-5	-8.144427953230005e-5	-8.435632358654367e-5	-8.829461520644745e-5	-8.788363313450528e-5	-7.387941322622472e-5	-5.1834801246186314e-5	-3.1193816220397366e-5	-9.903279270858517e-6	6.681454012020387e-6	1.0428905330463199e-5	1.8404721485992118e-6	-5.4693837458173736e-6	-1.4580248922264892e-5	-2.310837391664849e-5	-2.8741524774316542e-5	-3.414891009399269e-5	-4.009129081776648e-5	-4.42842987107006e-5	-4.778082591042065e-5	-5.2494888964178456e-5	-5.5358655745400824e-5	-5.814052617711222e-5	-6.248052218833788e-5	-6.736155181287333e-5	-7.2946940371868e-5	-7.261809667046676e-5	-7.471452556032793e-5	-7.319187141671506e-5
5.3778834087792734e-6	5.690916154662585e-6	5.440674275577865e-6	4.520772769805656e-6	3.4531675723080755e-6	1.7202470459394546e-6	3.6833810524231066e-6	7.847263152325513e-6	6.625237351461955e-6	7.538105174244822e-6	7.544369060139173e-6	7.5017720659563405e-6	6.713439954777674e-6	4.218571588517246e-6	2.654922825638325e-6	9.347542406995881e-7	1.0591053153843205e-6	2.014747076855075e-6	2.783795127736781e-6	1.2505074653188473e-6	8.490581312027913e-7	2.7598929272596574e-6	1.598749572399166e-6	9.617273530283452e-7	2.2242560766307096e-6	2.9298388476602095e-6	1.9093136604088692e-6	2.6674356679631107e-6	3.4246443788438215e-6	3.748425262675367e-6	2.0276407262194082e-6	1.8125773397405923e-6	1.606831863203671e-6	3.315462542095165e-7	-8.365360704490342e-7	-1.9141896618127263e-6	-1.8997256404692379e-6	-1.5832122749305855e-6	-2.093763910079177e-6	-3.314020593863341e-6	-4.915314970365195e-6	-5.4905367741480546e-6	-6.531535761463563e-6	-1.1406536040139621e-5	-1.5886777955448003e-5	-2.5634988175173703e-5	-3.654637498119902e-5	-4.520675292440934e-5	-5.033952637872006e-5	-5.505148528879566e-5	-6.159917616678327e-5	-6.433030323715894e-5	-7.153778226807843e-5	-7.574925261696897e-5	-8.34827078831108e-5	-9.615334238457367e-5	-0.00010641310980714738	-0.00011698094041839509	-0.00012987047622210757	-0.00013020874326126995	-0.0001238687148187069	-0.0001277521435643844	-0.00013307683330407612	-0.00013350380782426938	-0.00012763473022621777	-0.0001170373181182127	-0.00010227494453554294	-9.078030608049985e-5	-7.41308505357828e-5	-6.420369292638173e-5	-5.2423007471449894e-5	-7.488472432209611e-5	-9.807257013872554e-5	-9.09891050742198e-5	-8.403732660927295e-5	-7.736717878761151e-5	-6.879856624718642e-5	-6.441984908836171e-5	-6.286860320531273e-5	-5.621603553756376e-5	-5.040009418925267e-5	-4.628448145582719e-5	-4.397388891821257e-5	-4.25428198528796e-5	-4.438975559741334e-5	-8.606850690050931e-5	-6.318051277466596e-5	-4.624786131314506e-5	-4.4952724431290135e-5	-4.502253345530296e-5	-4.334404831579652e-5	-4.224296120151557e-5	-4.282384243221859e-5	-4.258374161104916e-5	-4.669923077795304e-5	-5.74697020766339e-5	-6.988055666892409e-5	-7.801184228771116e-5	-7.979870038951446e-5	-7.82608515969771e-5	-8.018183330293048e-5	-8.455845217818571e-5	-8.43776675320349e-5	-8.445351114944563e-5	-7.66526380671824e-5	-5.7233372132304415e-5	-3.767286374891689e-5	-1.4847265571941297e-5	3.824819313266031e-7	1.013271065902592e-5	7.818762889737207e-6	3.879894832064384e-7	-9.79909309619699e-6	-1.664827703863961e-5	-2.508988709067766e-5	-3.180831353519209e-5	-3.5781896846540096e-5	-4.145375155878254e-5	-4.455577279740066e-5	-4.774627405143387e-5	-5.3649535410992676e-5	-5.6669322251283454e-5	-5.9820708250227915e-5	-6.609853832350611e-5	-6.851965349274902e-5	-7.16529758974533e-5	-7.304795845899242e-5	-6.945960535258491e-5
4.469209504971532e-6	5.294545729031714e-6	5.234054848064252e-6	4.228082743943859e-6	2.712482693426228e-6	2.752929297283185e-6	3.618305140099323e-6	4.014086383164611e-6	5.678910775875136e-6	7.203774656330298e-6	4.893734826009674e-6	5.5942061367390125e-6	5.120253743565173e-6	3.7194454710186976e-6	1.2091099985383352e-6	3.667631573878865e-7	-9.8905811112774e-7	2.439528532524951e-7	1.8172577917301145e-6	1.8910262678667464e-6	1.7888702699047144e-6	2.6961252769740723e-6	2.9293509824323927e-6	2.038755031767356e-6	3.2374022218431896e-6	3.6031970809813348e-6	2.2728199015756637e-6	2.118712581137931e-6	1.3467154041241212e-6	2.4483153704272023e-6	1.5436812418612165e-6	4.6584327649708263e-7	-2.454921059187945e-7	-9.725032194471406e-7	-1.769177640216328e-6	-1.769449606910285e-6	-2.613284377306693e-6	-2.400130878006841e-6	-1.7655164548206757e-6	-2.2100731916210523e-6	-4.939284327680135e-6	-6.813756769094916e-6	-8.020856597174345e-6	-1.0287282963959872e-5	-1.4867768442176214e-5	-2.0753599845059995e-5	-2.8491146616439752e-5	-3.9540271539817776e-5	-4.984250866310775e-5	-5.663257846076456e-5	-6.012081519473147e-5	-6.554168524640185e-5	-7.03474960412915e-5	-7.41869302372123e-5	-8.328867518087901e-5	-9.123709928835973e-5	-0.00010056002093311241	-0.0001117637502619402	-0.00012307062776111162	-0.0001281190828883623	-0.00012349876663312297	-0.00012261227467906012	-0.00012510131250690303	-0.0001271184845753892	-0.00012530883267873952	-0.0001185244764313753	-0.00010877209956306962	-9.282490841516082e-5	-8.379914799181916e-5	-7.151881892698136e-5	-5.627893314135573e-5	-3.917871073139817e-5	-8.848678154137547e-5	-9.561161081611534e-5	-9.06639304864426e-5	-8.754801249189965e-5	-8.237746608984187e-5	-7.726631313931254e-5	-7.010622357162336e-5	-5.7321692314635235e-5	-4.6032706878078304e-5	-3.8177526569781184e-5	-3.653440067835634e-5	-3.7884389798414214e-5	-4.151003211950651e-5	-7.31115925287941e-5	-7.831096810514276e-5	-5.0173744510235284e-5	-4.341704967552803e-5	-4.19306279584794e-5	-4.126420482435458e-5	-3.5656138816248656e-5	-3.768154918952146e-5	-4.029313700184764e-5	-5.0177712093875386e-5	-6.116431746933798e-5	-7.222769037051359e-5	-7.529167847996829e-5	-7.584597690570363e-5	-7.548627581842847e-5	-7.972589340554843e-5	-8.070401170262587e-5	-8.289296204197319e-5	-7.893197944211505e-5	-7.777394235358379e-5	-6.579859066456473e-5	-4.6890196944444206e-5	-2.279681709789309e-5	-1.7921012330363027e-6	8.340315135572929e-6	1.1370091885154128e-5	3.5217775147967224e-6	-4.445376174371657e-6	-1.2974715393873277e-5	-2.1504606754173258e-5	-2.7448969448307447e-5	-3.2475016838000303e-5	-3.781095125584069e-5	-4.026101710049093e-5	-4.5403595764830974e-5	-5.0285692667142994e-5	-5.525518183735651e-5	-5.9000070210283785e-5	-6.0850550715873385e-5	-6.589048502777736e-5	-6.835815038476988e-5	-7.173374653611161e-5	-7.023813972388722e-5
3.746931240213198e-6	4.342075150495263e-6	4.780511782872393e-6	3.6180016177011355e-6	3.06347837451381e-6	2.290656862325227e-6	2.8542319251362645e-6	2.8761768086551366e-6	5.626746334488896e-6	5.607609859857413e-6	5.163931077450251e-6	3.969258624038352e-6	4.016490986373869e-6	3.937931862649409e-6	1.999726721561325e-6	-4.935916042211885e-7	-1.5051961955482582e-6	-1.0997524383673206e-6	6.188616066544854e-7	3.872963126420881e-6	4.122659432261901e-6	3.7920316097784543e-6	4.5883087409245675e-6	3.3066214764660043e-6	2.7245064358879727e-6	2.352396893273191e-6	2.7322236378739258e-6	8.381174497907455e-7	4.771648245797955e-7	5.80002251738751e-7	1.2435001894286687e-6	4.878399415117127e-7	-1.6790689552712704e-6	-2.3126771060266033e-6	-1.9387285071607863e-6	-1.754714871126349e-6	-1.63989208497306e-6	-2.4377691705546045e-6	-3.345379940948578e-6	-3.217982713524074e-6	-4.744787226421306e-6	-7.354634915944686e-6	-8.967249455460978e-6	-1.0708794864321828e-5	-1.1946435800238435e-5	-1.9419775501767524e-5	-2.6113071579202115e-5	-3.597975977483875e-5	-4.4657584314516934e-5	-5.2941066271518574e-5	-5.838324276070602e-5	-6.737600050901911e-5	-7.004375484026375e-5	-7.643018153590496e-5	-8.257445922778966e-5	-8.792538057768132e-5	-9.443709567060093e-5	-0.00010158082698022602	-0.00011388339847431642	-0.00012570568188262875	-0.00012510020845840977	-0.00011889139040670639	-0.0001185357945316951	-0.00012335935041475274	-0.00012325430152958054	-0.00011868050763062103	-0.0001091873694757106	-9.83487771148532e-5	-8.792390367206095e-5	-7.688646937002719e-5	-6.726887260112904e-5	-4.553167671454e-5	-6.818553300105834e-5	-9.693109474795401e-5	-0.00010332173470744761	-0.00010260019936512292	-9.761401711895142e-5	-8.423216386541087e-5	-6.766302704762361e-5	-4.946936177753838e-5	-3.5426061574268114e-5	-3.073499342401767e-5	-3.154791554946593e-5	-3.52069676255555e-5	-3.9143339492040546e-5	-4.459032429317971e-5	-8.205523615179705e-5	-5.648621308109585e-5	-4.357444985348887e-5	-4.2221742519322335e-5	-3.3999004143709516e-5	-3.2264303403452266e-5	-3.324403570351478e-5	-4.077059194808677e-5	-5.2291181736226204e-5	-6.530736781440796e-5	-7.196608486545984e-5	-7.509731196272962e-5	-7.472844266672753e-5	-7.644423212927604e-5	-7.947615385359326e-5	-7.87834334445639e-5	-7.848855981384267e-5	-7.833145026711619e-5	-7.351073152972454e-5	-7.11193644123767e-5	-5.2529379045325446e-5	-3.2892372652621946e-5	-1.1092707183574592e-5	4.5008285401611225e-6	1.3227153449141616e-5	1.0065010354028472e-5	1.5102011275639619e-6	-9.235251962041308e-6	-1.7937121568872144e-5	-2.4127149014568566e-5	-2.9348828521538053e-5	-3.461745451925624e-5	-3.819188672997756e-5	-4.2348381507247006e-5	-4.759472966024864e-5	-5.177274687521299e-5	-5.375639527157964e-5	-5.81716920618723e-5	-6.175825738937053e-5	-6.605797504594287e-5	-6.515879573637355e-5	-6.766274999602147e-5
3.2814010894350455e-6	3.470607744878069e-6	3.598066937167236e-6	3.1393248569287764e-6	2.7344730890417955e-6	2.310738192044977e-6	1.4032741223364562e-6	1.792169334485262e-6	3.014951304022503e-6	4.645479446539931e-6	4.539367753214618e-6	4.002285639405703e-6	2.5856057448087402e-6	3.2920212861059155e-6	5.131922935653482e-7	5.569840433056888e-7	-4.501888174312379e-7	-3.689317352052051e-7	1.4682392915398369e-6	4.438406441692206e-6	5.989574615905719e-6	5.226452731428403e-6	4.165060132996657e-6	3.7209143548982446e-6	1.6544918917966304e-6	7.888195847384482e-7	1.0534851176092694e-6	6.230881018391352e-7	2.6085115512920753e-7	-1.4583157028963051e-6	-1.0955288569760094e-6	-4.1916764113511523e-7	-9.062517446548067e-7	-1.9946004429279712e-6	-2.7256114764262133e-6	-1.750629223290674e-6	-1.8253762759136425e-6	-2.791166915107855e-6	-4.096786264721174e-6	-4.688560656255017e-6	-5.38362417254641e-6	-6.668306751504877e-6	-9.757062735885058e-6	-1.115699479689331e-5	-1.3100843291604344e-5	-1.7292568044819864e-5	-2.2025734830303543e-5	-2.8160688418741444e-5	-3.925019927131235e-5	-4.561313194013406e-5	-5.598052191073399e-5	-6.402228261968325e-5	-6.946830333740862e-5	-7.90598214065602e-5	-8.086106012203387e-5	-8.732016324201548e-5	-9.189331928315286e-5	-9.793390679034389e-5	-0.00010832167741448884	-0.00011843526620579704	-0.00012310305139086493	-0.00011555265955242101	-0.00011169624879420018	-0.0001130294371607613	-0.00011680532364900449	-0.00011562957489825823	-0.00011020498386473189	-0.00010176644350346277	-9.238717142657711e-5	-8.274442308631516e-5	-7.56068404715246e-5	-6.390424842940556e-5	-4.5871255351017513e-5	-9.509685779725967e-5	-0.00011738816292714697	-0.00011545163642375648	-0.00010329003123730333	-8.106582143844326e-5	-5.914765212984215e-5	-4.212191244672841e-5	-2.9695455859915506e-5	-2.64711506295541e-5	-2.6529763466360403e-5	-2.9513562850146804e-5	-3.589077638603902e-5	-3.909877280879742e-5	-6.476292679219453e-5	-6.709803254461785e-5	-4.3543535270529336e-5	-3.7683095695500296e-5	-3.0370395749049897e-5	-2.5116004512704817e-5	-3.391826920240773e-5	-4.5056430765175175e-5	-5.775840507911064e-5	-6.815826392864155e-5	-7.130948969334694e-5	-7.026698717782671e-5	-6.88523374382452e-5	-7.079407522442988e-5	-7.667679054624427e-5	-7.962081375071858e-5	-7.867215694548103e-5	-7.655573461945973e-5	-7.428759815414007e-5	-6.940991051774918e-5	-6.151063338148341e-5	-3.873062958672721e-5	-1.7726974798010567e-5	1.077905863525186e-6	1.2243064168807742e-5	1.0267287589788357e-5	4.136741367207278e-6	-4.5951086143601605e-6	-1.3047330295161417e-5	-1.943913156528601e-5	-2.695976996335003e-5	-3.102073555709753e-5	-3.548832978243592e-5	-3.985792203014746e-5	-4.3881456647065595e-5	-4.6921407078205454e-5	-5.037151242447655e-5	-5.450023563956934e-5	-5.841974407483005e-5	-6.178807067228932e-5	-6.335880674279704e-5	-6.551208142592177e-5
3.0667007331459067e-6	2.268219634468313e-6	2.7735055842682123e-6	2.934296038027868e-6	2.590923610097488e-6	2.072155308127134e-6	8.093932804802833e-7	7.373618886698587e-7	1.0982339549488879e-6	1.6330205173135587e-6	3.890443455128838e-6	2.6064712996438917e-6	1.589390015541321e-6	1.3260567530105555e-6	1.8385141851854148e-6	1.5262691365749632e-6	2.248347113955468e-6	8.263197282453934e-7	3.4422404054761098e-6	5.0067018835930205e-6	6.19774967973571e-6	5.990749862600386e-6	3.958621776732618e-6	2.9664864342098317e-6	1.8712046018568016e-6	2.859127702387748e-7	-7.785184010043049e-7	-3.8304694973626674e-7	-7.440431463220236e-7	-1.5248170320792882e-6	-2.7309497003212553e-6	-1.733601324017779e-6	-4.522144919812121e-9	-3.946981088319423e-7	-1.4331879107966348e-6	-3.0852638125506908e-6	-3.1366531578038213e-6	-2.77813829883608e-6	-4.024857731170853e-6	-6.261202751471454e-6	-7.258039083483415e-6	-6.964161007854546e-6	-7.275121222680494e-6	-1.0102035695588527e-5	-1.4506401258712087e-5	-1.6329417952911686e-5	-2.0240665683768887e-5	-2.5055630476205484e-5	-3.2112803860289904e-5	-4.0843340065295844e-5	-5.139426321586898e-5	-5.77877809189789e-5	-6.95526834639925e-5	-7.816802603962357e-5	-8.323916784254598e-5	-8.472945503307411e-5	-8.786202960932991e-5	-9.055252224053274e-5	-9.899404712306914e-5	-0.00010925469854988419	-0.00011810772109670588	-0.00011383427423340002	-0.00010939545614860323	-0.0001081266483629866	-0.00011248545676726186	-0.00010933340384303504	-0.00011059130715688167	-0.0001040829210687856	-9.54468184989534e-5	-8.663821285826571e-5	-8.053417818688555e-5	-7.789384602824648e-5	-6.933578719850453e-5	-8.836963813702371e-5	-0.00011676150147113018	-0.00011308084370146089	-9.515192857809453e-5	-7.644068574191691e-5	-5.4848648057192674e-5	-4.19850193402859e-5	-3.060012605717727e-5	-2.4280920655171675e-5	-2.4972511699587054e-5	-2.6914095301380777e-5	-3.132298727033869e-5	-3.788495271618217e-5	-4.1982167265156016e-5	-7.389053196344905e-5	-4.767940214736934e-5	-3.4967250460166827e-5	-2.793429304060249e-5	-2.8725911645037513e-5	-3.6294977006495754e-5	-5.301285261466448e-5	-6.527962222429434e-5	-6.946154033362316e-5	-6.814363377499917e-5	-6.457384275730671e-5	-6.362419610801175e-5	-6.941063937265964e-5	-7.228946175387788e-5	-7.508225939307882e-5	-7.679974661865124e-5	-7.597044707728651e-5	-7.543789825128523e-5	-7.097406955767008e-5	-6.778525812487987e-5	-4.941030765418484e-5	-2.849329231759123e-5	-5.611896928062187e-6	6.682187469369063e-6	1.2038253363990182e-5	9.406176434533647e-6	-1.5576446274305487e-6	-9.630410293011427e-6	-1.557047694987837e-5	-2.1327841082845533e-5	-2.8016063248611705e-5	-3.0370536947409325e-5	-3.586482073781802e-5	-3.7934470183674e-5	-4.23295638720799e-5	-4.602874132460677e-5	-4.999157849835955e-5	-5.5370831240930146e-5	-5.94569009640649e-5	-6.31583626814914e-5	-6.321164935886234e-5
1.9370930179991516e-6	1.7882913574442103e-6	1.1991247011729038e-6	1.331995955590817e-6	1.400135170022236e-6	2.6483568213876013e-7	-5.1912315592039786e-8	5.148760839337671e-7	-1.4718870382495614e-7	6.773230685087199e-7	2.1893160597136543e-6	3.3288182919779387e-6	3.065195536625098e-6	3.4565778977155635e-6	8.245047304405658e-7	3.106343814444044e-6	2.9368583926532225e-6	1.6480868156743681e-6	3.003427136172038e-6	3.95010417875586e-6	4.233625375184985e-6	5.077146194513559e-6	4.920223766174264e-6	2.885341253845274e-6	1.1757933873497023e-6	-3.879786398294608e-7	-1.5620607319568808e-6	-2.6456609445541994e-6	-1.8282952625806035e-6	-1.6032702861721105e-6	-2.5692629962567257e-6	-1.8916047927249738e-6	-1.105590762711696e-6	2.2047485365161987e-7	-6.000950143704095e-7	-2.4853692617409634e-6	-4.638850252276089e-6	-5.289119711865755e-6	-4.970144247876639e-6	-5.789189686986571e-6	-7.183602530099613e-6	-7.753577394389345e-6	-9.074902081965958e-6	-9.762281423780078e-6	-1.123173424925905e-5	-1.7724158119371107e-5	-2.190952572091089e-5	-2.2624784204862237e-5	-2.8449025269881505e-5	-3.418235222055633e-5	-4.3323738365785666e-5	-5.547455826952415e-5	-6.615057866711169e-5	-7.677920659822889e-5	-8.01535031326895e-5	-8.444001639400232e-5	-8.710980345795308e-5	-9.132637290723901e-5	-9.829234246731647e-5	-0.00010682035880837935	-0.00011360535697932382	-0.00011523119107666699	-0.00010798139601984716	-0.00010239076743585872	-0.00010178830461881129	-0.00010364513246133646	-0.00010621046966723632	-0.00010292977335800249	-0.00010020444642772594	-9.677046911731912e-5	-9.800376574186676e-5	-9.740618376447538e-5	-9.719151875995333e-5	-7.082984197531901e-5	-9.474723988776682e-5	-9.474514970318758e-5	-8.070687966673859e-5	-6.703142757112819e-5	-5.680613287704569e-5	-4.3019109232994214e-5	-3.3021392299150895e-5	-2.3250096238460607e-5	-2.020638534966368e-5	-2.264222062880322e-5	-2.8383238402825136e-5	-3.349458653142956e-5	-3.5764572228237645e-5	-3.972872907390124e-5	-5.600547433584276e-5	-3.26334145144859e-5	-3.241515676754084e-5	-3.525323957450158e-5	-4.561814848395503e-5	-5.760130706829527e-5	-6.676640019391382e-5	-6.6414713198416e-5	-6.256316607898375e-5	-6.184685716033658e-5	-6.341090879376926e-5	-6.846886486055158e-5	-7.08258631105553e-5	-7.408333707777104e-5	-7.644301017650703e-5	-7.573421674403162e-5	-7.348210839721453e-5	-7.134469847314053e-5	-6.63223338634401e-5	-5.7598228614462274e-5	-3.80574638480808e-5	-1.5714413808837896e-5	7.184909839395153e-7	1.1909564464175971e-5	1.2091512274943482e-5	3.849388844246078e-6	-5.01834942145344e-6	-1.220369617264006e-5	-1.7993637314731373e-5	-2.3271403020211873e-5	-2.711561691327857e-5	-3.2427820143205756e-5	-3.5116079073987776e-5	-3.763093529005664e-5	-4.2327209695113687e-5	-4.755722945711058e-5	-5.2590106474812395e-5	-5.630025395539361e-5	-6.0220152150493304e-5	-5.8737536156542446e-5
1.349505019722103e-6	1.6710312265313073e-6	1.013141667457508e-6	3.7802707470412084e-7	1.5972518175710188e-7	-4.2497823565367654e-7	-5.817634920893613e-7	-9.048098723171346e-7	-2.1245074926720672e-7	6.946918165500955e-7	1.9146757042256407e-6	3.0651942952136103e-6	4.043395311495793e-6	3.3132835938840667e-6	2.363426021187963e-6	3.1692987156103215e-6	2.293452545389617e-6	3.2593327044467056e-6	3.0755733165322217e-6	3.7965718676508105e-6	4.306396089877838e-6	3.94673530917369e-6	3.1711578973641834e-6	1.5823635248781406e-6	1.0468048967254319e-6	-4.118050342459371e-7	-2.3929942391791997e-6	-2.754366777246806e-6	-3.3327904414644396e-6	-1.4067075629342616e-6	-2.193244350511773e-6	-1.2132568604286686e-6	-1.392166877655157e-6	-2.6299663835605e-6	-1.7411407493735096e-6	-2.765592190478137e-6	-4.717242704311078e-6	-6.462948150829164e-6	-7.079822432519769e-6	-6.363128662758947e-6	-7.665904762648064e-6	-9.526232436891068e-6	-1.0511045611910455e-5	-1.070654214970542e-5	-1.2389138638060035e-5	-1.476615649957484e-5	-2.005817102853063e-5	-2.1888854663813965e-5	-2.794517400686938e-5	-3.3111621742533924e-5	-3.78309040561034e-5	-5.048405544787973e-5	-6.11188114279116e-5	-7.211833398263617e-5	-7.903454845876318e-5	-8.460713244373348e-5	-8.798856215028529e-5	-9.13962498402549e-5	-9.648913889019269e-5	-0.00010196244034635023	-0.00011249849561027063	-0.00011602802552838734	-0.00010856176318693211	-0.00010168975639302488	-9.832587603278083e-5	-9.885264118229298e-5	-0.00010316072365378243	-0.00010556864181118264	-0.00011183369507685412	-0.00011468443406850887	-0.00011398987464117555	-0.00010931920835146462	-9.78131764223667e-5	-7.129985551621032e-5	-5.803800275658646e-5	-7.111605897268738e-5	-6.996500356609876e-5	-6.33774464929137e-5	-5.605099987664521e-5	-4.5920130588641965e-5	-3.215886070894597e-5	-2.262217804575861e-5	-1.806010566790528e-5	-1.9358127525005014e-5	-2.3346169756525283e-5	-2.9757468266843747e-5	-3.155667727995637e-5	-3.179431620325274e-5	-5.894943293270962e-5	-4.0029110549236885e-5	-3.482146282473078e-5	-4.468717927164425e-5	-5.331874942103055e-5	-6.044803519495919e-5	-6.274424255441231e-5	-6.199864846772457e-5	-6.046213640430869e-5	-6.0450181931523746e-5	-6.430226145385382e-5	-6.869951078825563e-5	-7.120336490556989e-5	-7.188999178126074e-5	-7.435715135793979e-5	-7.229175813473678e-5	-7.305921322564232e-5	-7.063524333581622e-5	-6.58403797492357e-5	-6.178543071589347e-5	-4.825413883302164e-5	-2.7276898887382616e-5	-4.62065446939653e-6	7.1633454810232636e-6	1.3129263897859038e-5	7.535661770150317e-6	-1.0446661683491745e-6	-7.5457631896341795e-6	-1.3666239374963278e-5	-1.8746666998153798e-5	-2.2122825744713342e-5	-2.6928703855005374e-5	-3.113436200475814e-5	-3.5739743597332924e-5	-4.0764210225679304e-5	-4.5010872505861666e-5	-4.949765870614075e-5	-5.422401750971184e-5	-5.588496893168485e-5	-5.608177002219133e-5
7.70586868511884e-7	1.0645000031732528e-6	1.2469712016975089e-6	-2.5424657496518618e-8	-6.390255471587676e-7	-2.921525014639749e-7	-2.7371114272659036e-7	-1.0538649488668617e-6	-2.108343827213893e-7	1.0814547689438556e-6	2.114265406087841e-6	3.0010139636998594e-6	3.96534377599192e-6	3.247264246776862e-6	2.7514070801435207e-6	2.345866819482463e-6	2.574735555511444e-6	3.209831833379632e-6	3.694347101455483e-6	3.55474623803427e-6	3.9241937824230355e-6	3.5235602765604566e-6	2.7203693141989063e-6	1.652814223104728e-6	-4.872490337094228e-7	-1.9508728400091657e-6	-3.400145659818165e-6	-2.9585983389221987e-6	-3.2967626363762134e-6	-2.4596321425993453e-6	-2.3477991659094297e-6	-1.684704615124554e-6	-1.6356785365176025e-6	-2.8923693301541316e-6	-3.956855169581254e-6	-3.577306623126462e-6	-4.706337121233861e-6	-6.27057808889192e-6	-7.5643845977605906e-6	-8.45567753727898e-6	-7.045487685018031e-6	-8.853042219670107e-6	-1.0359035352604238e-5	-1.2635199277914037e-5	-1.387481961192139e-5	-1.642009110874431e-5	-1.5738083246016367e-5	-2.117504585845593e-5	-2.479849934612383e-5	-3.1366273836076763e-5	-3.776567773512273e-5	-4.534791185140454e-5	-5.323879346272666e-5	-6.480183950747544e-5	-7.364104637501076e-5	-7.881025305554908e-5	-8.485652040518715e-5	-8.929132528853744e-5	-9.668491844812276e-5	-0.00010005348844354874	-0.00010330164529771117	-0.00011036854605152995	-0.00010702099693645285	-9.689181666196199e-5	-9.467265172768273e-5	-9.837933488145675e-5	-0.00010463417468619186	-0.00011613353530790306	-0.00012298372864256828	-0.00012358200940994386	-0.00011720924913689693	-0.0001036766517092686	-8.434950445361174e-5	-6.838896622943756e-5	-3.056402419565965e-5	-4.9655877440478787e-5	-6.039174590640773e-5	-6.196083432571595e-5	-5.44737425794365e-5	-4.741697032847186e-5	-3.565110005170416e-5	-2.4062898158414e-5	-1.5828582151586335e-5	-1.643770290238669e-5	-2.0762657402823705e-5	-2.7316344227822777e-5	-2.604805411079644e-5	-2.5053932496341132e-5	-2.5181731233645668e-5	-5.2350546391344975e-5	-4.398506197938675e-5	-5.604208943698479e-5	-6.152445575029718e-5	-6.321325487254441e-5	-5.8851166512751886e-5	-5.686669461062512e-5	-5.8787283331238054e-5	-6.13302355027736e-5	-6.3104582697553e-5	-6.6493219689546e-5	-6.715421561659298e-5	-6.958422470496571e-5	-7.251295127774868e-5	-7.272069408779079e-5	-7.265752255489893e-5	-7.057213250198299e-5	-6.580185633842887e-5	-6.152698962564197e-5	-5.491775521208712e-5	-3.800007261980931e-5	-1.7485626737766963e-5	2.714139744658568e-6	1.0072740655887175e-5	1.0401164532523181e-5	4.9279523333094905e-6	-1.4950976817262177e-6	-9.525175534929285e-6	-1.315704816146415e-5	-1.705587072671575e-5	-2.1450703903023654e-5	-2.933001798789518e-5	-3.397031316995907e-5	-3.9671830157441725e-5	-4.172896878843097e-5	-4.7241616770842675e-5	-5.0121739449278904e-5	-5.128728544558525e-5	-5.319891661795337e-5
-6.783796641833885e-7	-2.265418890890283e-8	2.543398881804139e-7	1.579819513598292e-7	-1.0904246608304038e-6	-1.2809776297421221e-6	-7.947294379659005e-7	-1.0488481014692824e-6	-6.256672805717012e-7	7.8058050745778e-7	2.1569478896119737e-6	2.649496122714492e-6	3.6860840145177053e-6	3.1492452417548884e-6	2.253819426554192e-6	1.637927263980522e-6	1.5985447286617075e-6	3.152247110256925e-6	2.478095303287166e-6	3.1177503504245525e-6	2.940005435826155e-6	1.7583298383386408e-6	1.6471195921400302e-6	1.3761101633202877e-7	-9.138234182489053e-7	-2.1324643250221834e-6	-2.2355871223244533e-6	-2.786013059792244e-6	-3.264923551513695e-6	-2.3091438415795244e-6	-3.2043710607577813e-6	-2.2055840267760744e-6	-2.2489807840466933e-6	-2.7813650823682932e-6	-3.7148179470687308e-6	-4.976881848805202e-6	-5.340766389794019e-6	-6.5411594299706255e-6	-7.173687002499234e-6	-8.752347270871673e-6	-9.857547346751525e-6	-1.17384065656664e-5	-1.0701479516450096e-5	-1.1986083856669291e-5	-1.3552072186890153e-5	-1.577127947823779e-5	-1.8745898125341158e-5	-1.880316770341839e-5	-2.4516889912543426e-5	-2.8871016878205185e-5	-3.7221664875189235e-5	-4.3700183142286735e-5	-4.8517439311989215e-5	-5.743866591124274e-5	-6.511545337759168e-5	-7.417431940469517e-5	-7.94527895949318e-5	-8.8825854137331e-5	-9.301936495912688e-5	-9.343170618691248e-5	-9.692490093404607e-5	-9.941744114690293e-5	-0.000106824800768417	-0.00010489090703316195	-9.77756580832368e-5	-0.00010595025270532589	-0.00011371588016389522	-0.00012024615498196915	-0.00012605644449819632	-0.00011875810934690657	-0.0001042492813103403	-8.513257174409294e-5	-6.774253096951573e-5	-5.551276127148396e-5	-3.970382016324665e-5	-2.854787558149822e-5	-4.6838013518677925e-5	-5.627263863217102e-5	-5.581911377886515e-5	-5.047432585282042e-5	-4.033640872485797e-5	-2.7524164008087614e-5	-1.926402901130178e-5	-1.6178553353778102e-5	-1.715323632916696e-5	-2.187515228636513e-5	-2.2038292490835634e-5	-2.103247316977488e-5	-2.5755342086472562e-5	-3.719176653932052e-5	-5.922520515460813e-5	-6.67819742756516e-5	-6.628562124644417e-5	-6.0021692027375014e-5	-5.386303978251009e-5	-5.315504868945788e-5	-5.768622733898047e-5	-6.181580265024467e-5	-6.420357600872995e-5	-6.685417121971276e-5	-6.72389491009279e-5	-7.025093522313938e-5	-7.262959977362426e-5	-7.418362151781141e-5	-7.268727745082023e-5	-7.010239877740937e-5	-6.458382247509671e-5	-5.998984453452465e-5	-5.5974857640140624e-5	-4.850895840070347e-5	-2.944947822657983e-5	-6.400440455953982e-6	6.771283214039927e-6	1.4001400532688208e-5	1.1729029363418199e-5	3.567192743449132e-6	-2.742980061837263e-6	-7.87707613979921e-6	-1.2761361401197184e-5	-1.9623724146307017e-5	-2.486630098607733e-5	-2.9502305175124578e-5	-3.476375912939318e-5	-3.9589286628680456e-5	-4.4864117268775775e-5	-4.780905980079821e-5	-4.7097021199432245e-5	-4.838499575228905e-5
-5.115966854253758e-7	-4.6791271351249644e-7	-4.091622060695826e-8	4.214580480400506e-8	-3.4239183618325545e-7	-1.187441590639205e-6	-1.1477799003660298e-6	-1.018551973178735e-6	-5.191091670018674e-7	-6.487651317858486e-7	1.409068917318859e-6	2.497655035539007e-6	2.5680960504849415e-6	2.504202460630253e-6	1.951966225374052e-6	1.586276289901149e-6	8.193015547681286e-7	1.2006702001989694e-6	3.1177977517435336e-6	2.9290133903361877e-6	1.8286840886504693e-6	8.108616574953146e-7	3.363264582199182e-7	-4.884724487961081e-7	-1.216170293270001e-6	-1.275731479006073e-6	-2.3068795381971444e-6	-2.9835496039346504e-6	-3.0860415582028597e-6	-2.5954315424820715e-6	-3.16396160979877e-6	-3.478825340047942e-6	-2.9821403931874243e-6	-2.703194959541299e-6	-4.543502675328527e-6	-5.10786676084958e-6	-6.951843457446079e-6	-7.996674996442119e-6	-7.713297695325326e-6	-9.206275672357656e-6	-9.491369230276922e-6	-1.040930480103886e-5	-1.1418415534923327e-5	-1.1067263471224892e-5	-1.2235612710195276e-5	-1.5006366909189361e-5	-1.8167772570642365e-5	-2.1481726930594986e-5	-2.269272375804258e-5	-2.9037561379919096e-5	-3.251080833851453e-5	-4.0116759030374774e-5	-4.597127254606439e-5	-5.305743028629662e-5	-5.995904981553629e-5	-6.817363441618488e-5	-7.310893434153871e-5	-8.252684965525531e-5	-8.39792107653215e-5	-9.041884318637844e-5	-9.288384587293959e-5	-0.00010076198739858258	-0.00010478270406834472	-0.00010974998342311129	-0.00011427895747219938	-0.00011621289005983927	-0.00011832074921073499	-0.00011785266191763343	-0.00011189925435361145	-9.811885224664597e-5	-8.107208038579672e-5	-6.82474203994761e-5	-5.82978632924537e-5	-4.9963083231232754e-5	-4.82561746800985e-5	-2.6244292269982438e-5	-3.103308023424435e-5	-4.567293575676381e-5	-5.2231180535169945e-5	-5.101727287154522e-5	-4.764622338164492e-5	-3.5724871129926006e-5	-2.5970028840090195e-5	-1.8882506582634795e-5	-1.4598042046010116e-5	-1.6906624396902797e-5	-1.648561588889902e-5	-2.1509541890674108e-5	-3.2064983773640726e-5	-4.825440947969945e-5	-8.73360070786748e-5	-7.285485183888829e-5	-6.667245127842635e-5	-5.8423126747661126e-5	-5.204093704905786e-5	-5.331107200113281e-5	-5.7320248027237224e-5	-6.255577544140266e-5	-6.435669363689858e-5	-6.732526736086784e-5	-6.8756573075009e-5	-7.122752615853784e-5	-7.213844667561427e-5	-7.337075607445273e-5	-7.15565548736188e-5	-6.956604697676283e-5	-6.33104896117934e-5	-6.0655254828663977e-5	-5.540096577566315e-5	-5.255106148415594e-5	-4.0163250993757206e-5	-1.855931028435162e-5	2.682119679348407e-6	1.3432385778211311e-5	1.765755924180816e-5	9.31447113991686e-6	1.076706754895955e-6	-4.935153655638742e-6	-1.252353443929703e-5	-1.5981832976702352e-5	-2.05159144935161e-5	-2.5083083852149576e-5	-3.038487627195045e-5	-3.59162691449845e-5	-4.031066165274041e-5	-4.291425698957004e-5	-4.308919462827232e-5	-4.4336700741440416e-5
-1.0786211320271653e-6	-9.81303952755485e-7	-7.02509862890617e-7	-7.365138162437715e-7	-9.263432401251762e-7	-1.4608215312861444e-6	-2.060213393113852e-6	-1.1467464971310834e-6	-7.982611235435657e-7	-2.0251688916334343e-7	-7.09468515023865e-7	1.1351896812426994e-6	1.9124828063983405e-6	2.2033134661919064e-6	1.5616807705950279e-6	8.688870478147647e-7	8.270970740980112e-7	1.6261423983624302e-6	1.4449294652484413e-6	1.8014825335687169e-6	1.5816331846107109e-6	1.2209110269003134e-6	5.198779273285319e-7	4.171262944427378e-8	-5.74884981470198e-7	-1.4819105374785401e-6	-2.2017437935231525e-6	-3.222155520372395e-6	-3.3096003978290603e-6	-3.980568756827441e-6	-3.564844525529107e-6	-4.0576417551473065e-6	-4.2304049166171954e-6	-4.896949241505605e-6	-4.401025130809123e-6	-5.364936516956755e-6	-6.536260199535223e-6	-8.051085579469097e-6	-9.28489588816403e-6	-9.204103256464646e-6	-9.46092489832566e-6	-9.848200494032636e-6	-1.0371458959669217e-5	-1.1510607365265017e-5	-1.3902617704525213e-5	-1.3931652692914484e-5	-1.6207865597057426e-5	-1.966250260754341e-5	-2.1739940978069552e-5	-2.6791997006364584e-5	-3.075559508404404e-5	-3.609713416846336e-5	-4.006129782291659e-5	-4.590147299526805e-5	-4.9418408246322016e-5	-5.832455142495192e-5	-7.043913227222989e-5	-7.596827873257266e-5	-8.418816833987221e-5	-8.510308538607624e-5	-9.100167114545024e-5	-9.977288838863839e-5	-0.00011172749753369028	-0.0001239758153884392	-0.00012721295089383744	-0.00012117940081826475	-0.0001108680666315944	-9.749398924892987e-5	-8.506363415299727e-5	-7.400646522470397e-5	-6.593313656546099e-5	-5.9554299203712004e-5	-5.4495955025078e-5	-4.837794781204114e-5	-4.465000892888565e-5	-3.8923394704831055e-5	-1.948846433622725e-5	-3.2551444628962575e-5	-4.64167417338606e-5	-4.902445395710101e-5	-4.8968194310636946e-5	-4.5746779118744495e-5	-3.532834702947921e-5	-2.194341957488868e-5	-1.24272726983142e-5	-1.374426809343243e-5	-1.956144738378407e-5	-2.9335767777645402e-5	-4.595448044450098e-5	-5.8758728015573934e-5	-6.800252460204166e-5	-8.000907769970499e-5	-6.682155451252607e-5	-5.8380936218162254e-5	-5.435741268992183e-5	-5.511174465465222e-5	-5.6700166653836363e-5	-6.175698553077553e-5	-6.48066580217696e-5	-6.663917681830767e-5	-7.01004244615163e-5	-7.159991264162405e-5	-7.280366596585687e-5	-7.313334093861628e-5	-7.13415079643025e-5	-6.770672651820655e-5	-6.338633354362275e-5	-5.9288878288214074e-5	-5.725158981064685e-5	-5.100487598464278e-5	-4.533776780922277e-5	-3.0071915213514783e-5	-8.626170963513605e-6	7.949482337590158e-6	1.6301047762058013e-5	1.2689796002190999e-5	5.8751494256626185e-6	-1.359992790584373e-6	-8.766497423817743e-6	-1.2294537081653822e-5	-1.6822506874927118e-5	-2.1014657928305338e-5	-2.634636536442535e-5	-3.0798240165303727e-5	-3.5525684813613595e-5	-3.7898460151369884e-5	-3.7734580111731426e-5	-3.9139470812033124e-5
-2.2299185203434116e-6	-1.452242179864147e-6	-1.4075613260665016e-6	-1.3418568217834178e-6	-1.0960793470765617e-6	-1.2810392828986605e-6	-1.922759014180188e-6	-2.2169259510833664e-6	-1.8638314402594743e-6	-1.2276818355861675e-6	-5.992744766137453e-7	-2.8506366646537104e-8	7.953003070015375e-7	1.4807463333829996e-6	9.326014502211536e-7	1.1879480038556878e-6	6.197392696683651e-7	1.495003258559016e-6	1.705360437825702e-6	4.228014477154068e-7	1.1536709657250857e-6	8.213745669402062e-7	3.7401886600861573e-7	-2.2808392273390013e-7	-1.3089294906743103e-6	-1.8110892221145055e-6	-2.351552818842615e-6	-3.1052141598059825e-6	-3.4932307019881408e-6	-4.3118572514572184e-6	-4.883162273248021e-6	-4.829352854575884e-6	-4.936886865297436e-6	-5.271070574106289e-6	-5.975059256234111e-6	-5.22153976686198e-6	-7.055339689213124e-6	-8.260977061376636e-6	-9.574254063171583e-6	-1.0485305663001166e-5	-1.0403716562833348e-5	-8.624044815948306e-6	-9.752396462549447e-6	-1.1107719399220532e-5	-1.1502758378504998e-5	-1.3628731194807729e-5	-1.594212378211099e-5	-1.7049453358451358e-5	-2.1673212286269988e-5	-2.370994680971072e-5	-2.9440712118623116e-5	-3.3133311545807675e-5	-3.761655674179142e-5	-4.132078978297e-5	-5.092986989714727e-5	-5.966498879705385e-5	-6.738509104008139e-5	-7.545128787706488e-5	-8.377161022699897e-5	-8.902072984469897e-5	-0.00010189565872922161	-0.00011043964765053078	-0.00011753868774545122	-0.00012680485609022768	-0.00012444312325130946	-0.00010987069581772697	-8.924550889694969e-5	-7.302536636098669e-5	-6.362212421392316e-5	-5.884170011590146e-5	-5.667685333099296e-5	-5.460755507719419e-5	-5.0904050674085634e-5	-4.616168859379425e-5	-4.193452690670097e-5	-4.2154414258300375e-5	-2.493196288528079e-5	-1.907638849402843e-5	-3.379135466992193e-5	-4.3394449085508775e-5	-4.6577056182208955e-5	-4.343627568628542e-5	-3.751569373081423e-5	-3.0321228524938373e-5	-1.903542722753171e-5	-2.1504866290489307e-5	-3.257730885183538e-5	-4.401640911022401e-5	-5.717939012897521e-5	-6.257904362890962e-5	-6.643955585889684e-5	-6.608509614102615e-5	-6.938965137074163e-5	-6.221847696340904e-5	-5.842808893500618e-5	-5.739970115154705e-5	-5.754817435034333e-5	-6.172437071552163e-5	-6.539891171468935e-5	-6.824721236818425e-5	-7.071029237940181e-5	-7.145407611409103e-5	-7.239833449542918e-5	-7.131256481867927e-5	-6.933743763339311e-5	-6.692405633845506e-5	-6.357079725637354e-5	-5.860153895346012e-5	-5.427351891745899e-5	-4.843081839972333e-5	-4.337303709277869e-5	-3.736710119659533e-5	-2.0495743074727332e-5	3.8932143370685313e-7	1.1161716356408202e-5	1.5101839229017878e-5	1.0211949135700144e-5	2.194956060441386e-6	-4.467914048716243e-6	-1.0567604137676904e-5	-1.4697727862794488e-5	-2.0327280416082387e-5	-2.378620323167761e-5	-2.850918617391777e-5	-3.178634146259324e-5	-3.380043943573916e-5	-3.5232045457619064e-5	-3.557640759137108e-5
-3.306294688444448e-6	-2.6141957888236966e-6	-1.8041552911460428e-6	-2.0306716811552272e-6	-1.886087478959828e-6	-1.9250886529407346e-6	-2.131914278089269e-6	-2.4305894509536394e-6	-2.1644854230349134e-6	-1.6607506480594521e-6	-1.090110151398451e-6	-6.27484627029485e-7	-9.152093633727625e-7	2.0650070737572576e-7	1.1595303669596942e-6	1.0167926288266738e-6	1.4219607303157624e-6	2.2891239061630445e-6	1.5739462508389081e-6	7.661653172248878e-7	8.415697067172544e-8	-2.526856829787767e-7	-3.819757607003565e-7	-6.664531841432847e-7	-1.3019531430063546e-6	-2.1789041694509313e-6	-2.7429311480562514e-6	-3.1579910683547127e-6	-3.4624883770697705e-6	-4.033609699775984e-6	-4.457028294341508e-6	-5.742520784520095e-6	-5.864173776020005e-6	-6.068648810201009e-6	-6.5355298199654645e-6	-7.316379711005526e-6	-8.106890828671158e-6	-9.123521705375719e-6	-1.042699739213764e-5	-1.0815905693317173e-5	-9.128048084105014e-6	-1.0637620455724096e-5	-1.0388680735974596e-5	-1.0820741392215774e-5	-1.2105161011489831e-5	-1.1639364090056633e-5	-1.6204940018441256e-5	-2.01294042957538e-5	-2.3711778146442288e-5	-2.5990572853087052e-5	-2.7681459685222062e-5	-3.365709038240846e-5	-3.791633413491313e-5	-4.23942336558224e-5	-4.6725672655611825e-5	-5.766903450816259e-5	-7.04096393873161e-5	-8.526884162131115e-5	-9.598882811376936e-5	-0.00010292943720653992	-0.00010925556467021069	-0.00011030076748881969	-0.00010909419022450335	-0.00010901052156222708	-0.00010225770269065534	-8.933942372783137e-5	-7.280569079472915e-5	-6.125993176815149e-5	-5.312493784996336e-5	-5.1335332257882234e-5	-5.050340130363477e-5	-4.9408791625129074e-5	-4.790659131870787e-5	-4.463370524955892e-5	-4.012404631638378e-5	-3.6923828529216926e-5	-3.244697159609025e-5	-1.6359853098960042e-5	-2.4125882547168864e-5	-3.3669429760517164e-5	-3.949454361099579e-5	-3.637135948864924e-5	-3.221183930484858e-5	-3.299565207648056e-5	-3.630207851988351e-5	-3.8669151810732244e-5	-4.856160215702814e-5	-5.5636093713833095e-5	-6.181856589126955e-5	-6.44254276880099e-5	-6.417951036070957e-5	-6.603947066388845e-5	-7.30084082328341e-5	-6.913655322066461e-5	-6.555132451657817e-5	-6.214138310639463e-5	-5.8844761661601575e-5	-6.197111422656144e-5	-6.478065361697691e-5	-6.814725196093666e-5	-6.926386064091267e-5	-6.97309186548133e-5	-7.022849973813746e-5	-6.93352527925432e-5	-6.685170774161503e-5	-6.486423648091426e-5	-6.16028123884239e-5	-5.581292233122845e-5	-5.135815665433494e-5	-4.851202895883414e-5	-4.176677507268435e-5	-3.894012615883544e-5	-3.3287866861293584e-5	-1.3298719398380404e-5	3.1595497865157664e-6	1.348407836668057e-5	1.2660734944160491e-5	5.960560674591122e-6	-2.475881560317847e-7	-7.863736807447834e-6	-1.2314250855995077e-5	-1.6559333234061197e-5	-2.0645887460041777e-5	-2.390149113243138e-5	-2.729194285931019e-5	-2.811614062501067e-5	-3.005021609694437e-5	-3.0137370889333524e-5
-4.1073701731453305e-6	-3.690829000931039e-6	-3.0618429544700637e-6	-2.4588099365265882e-6	-2.530458596838609e-6	-2.364642498735997e-6	-2.3140032411376153e-6	-2.4775727788264e-6	-2.993370822209056e-6	-2.8587116099884967e-6	-2.0313122440617642e-6	-1.2254336190535217e-6	-8.641329690109617e-7	-6.228755412927139e-7	-1.0433400291724042e-7	4.953043387218546e-7	1.6214434105815167e-6	2.600483146690795e-6	9.836451382691687e-7	3.0140317054238447e-7	-3.087147697851053e-7	-9.519507239235356e-7	-1.041349290326933e-6	-1.4214743287608784e-6	-2.075394016527992e-6	-2.2446422243702427e-6	-3.521184732679927e-6	-3.717768355269903e-6	-4.942090325572943e-6	-4.844223565575283e-6	-5.123791169993341e-6	-5.791314174367293e-6	-6.018493614991324e-6	-7.558848149182353e-6	-8.053180275684624e-6	-8.87588811314139e-6	-9.396817070121688e-6	-1.1261557651849866e-5	-1.2162022970207789e-5	-9.978012727586243e-6	-9.806368919478524e-6	-1.061083997630583e-5	-1.1247364335460057e-5	-1.0812089716377355e-5	-1.2016356697652426e-5	-1.2894564929699646e-5	-1.895231995971934e-5	-2.2513261033522098e-5	-2.6322899098602488e-5	-3.011011654851375e-5	-3.0338021775756088e-5	-3.2628776891192694e-5	-3.669443087057911e-5	-4.42724745129382e-5	-5.359070829517951e-5	-6.815844429651496e-5	-8.069710046400887e-5	-9.290659622922594e-5	-0.00010104895533334916	-0.00010290796149795867	-9.995794136798043e-5	-9.51104197867902e-5	-8.841175633397465e-5	-8.450277854570638e-5	-8.06760460519973e-5	-7.604013584972587e-5	-6.769662370010188e-5	-5.7842144894864986e-5	-4.9673205731516096e-5	-4.607686725655729e-5	-4.499271747814177e-5	-4.5314662910694505e-5	-4.440161074101625e-5	-4.074229772456882e-5	-3.766553854835791e-5	-3.539660319950948e-5	-3.538009136420765e-5	-2.7152648342633822e-5	-1.4831577052664203e-5	-1.9805084839914083e-5	-2.749007317354862e-5	-3.009631558727188e-5	-2.9517614866031088e-5	-3.5191060471489316e-5	-4.727088664079059e-5	-6.0788485204722735e-5	-6.358991006829261e-5	-6.143483437357107e-5	-6.133664899772573e-5	-6.148230282092965e-5	-6.34045106023308e-5	-6.52932025449731e-5	-6.69170796411319e-5	-7.166857647709218e-5	-6.886926490516036e-5	-6.581903474393684e-5	-6.154143948730508e-5	-6.324909775068908e-5	-6.38844074402024e-5	-6.620403994440048e-5	-6.950846743883701e-5	-7.031098505337358e-5	-7.008535469370854e-5	-6.818970112144277e-5	-6.629304406856676e-5	-6.227656404889786e-5	-5.846678181745459e-5	-5.499380722670792e-5	-5.0464930354660556e-5	-4.69353948230871e-5	-4.507823872751219e-5	-3.9065237801344174e-5	-3.541787121832257e-5	-2.8547240577838324e-5	-8.82564981654569e-6	6.9557882050779235e-6	1.0654753148557973e-5	9.163194820429287e-6	1.0762400167027217e-6	-4.883597961246287e-6	-1.012365677399707e-5	-1.4875963094272865e-5	-1.7732240147256585e-5	-2.2053768235436377e-5	-2.3867545155434145e-5	-2.400751456627884e-5	-2.5796271829791117e-5	-2.6848996447339024e-5
-4.498200118321135e-6	-4.597612622645603e-6	-4.2519416373204555e-6	-3.7289011518859025e-6	-3.3259489224681488e-6	-3.017602346385567e-6	-3.1856731797863867e-6	-3.2337343821567037e-6	-2.8553281755053918e-6	-3.291264824697645e-6	-2.7694254794161442e-6	-1.6090088679823753e-6	-5.953374335935895e-7	-9.028868432525878e-7	-1.429100246344919e-6	-4.7284721168931726e-7	2.033879420676281e-6	1.588273859220307e-6	6.57607690903502e-7	2.891815191713269e-7	-6.08073898037461e-7	-1.398753384168963e-6	-1.5025689961462201e-6	-2.2664699517128614e-6	-2.2641315647960354e-6	-3.3773496423573214e-6	-3.2594352753932336e-6	-3.8582387800042625e-6	-4.647252950572365e-6	-5.668889960046534e-6	-6.151922355324308e-6	-6.553771453754897e-6	-7.59563592442813e-6	-8.294266784351391e-6	-9.980806147378597e-6	-9.853255612411651e-6	-1.157728945398945e-5	-1.2823352183713095e-5	-1.257903906905222e-5	-1.1608121728385807e-5	-1.0088815866711107e-5	-1.0787900778306927e-5	-1.0739798069966942e-5	-1.2048336530930471e-5	-1.4085677058333494e-5	-1.7498873986117325e-5	-2.1005372953714938e-5	-2.6991289035099318e-5	-3.08984304342539e-5	-3.291125076458623e-5	-3.673657662794927e-5	-3.848503695629349e-5	-4.358836083956721e-5	-5.187466129666796e-5	0.022353688180527666	-7.314543520571884e-5	-8.22675273227675e-5	-8.643119505421635e-5	-8.673874478371499e-5	-8.6567296972255e-5	-8.114528163988277e-5	-7.642310167403459e-5	-7.034299896312591e-5	-6.799466789576217e-5	-6.752757406795328e-5	-6.818970653703262e-5	-6.475561856211006e-5	-5.779507680542163e-5	-5.003261160951323e-5	-4.364304066794069e-5	-4.141584633837042e-5	-4.0197138423837125e-5	-4.0012091670526065e-5	-3.800498139393434e-5	-3.452390860171628e-5	-3.109181386201469e-5	-2.8936513103185176e-5	-2.833220637808199e-5	-1.7141118499640687e-5	-8.131695636943645e-6	-1.324545068352896e-5	-2.1551581108917788e-5	-3.216483377929159e-5	-4.6852245157548773e-5	-5.601323671382274e-5	-6.418403047546081e-5	-6.832937143614465e-5	-6.265435664319814e-5	-5.725052205311081e-5	-5.903757955053566e-5	-6.332268966450193e-5	-6.601555892649796e-5	-6.74917596365631e-5	-6.72528095143959e-5	-7.297984395894953e-5	-7.232854444495437e-5	-6.842810873323741e-5	-6.546107893755631e-5	-6.487622472930738e-5	-6.747202435436125e-5	-6.805082745139218e-5	-6.793189629523619e-5	-6.787267963100346e-5	-6.628264853755957e-5	-6.323939859189526e-5	-6.0599028117551405e-5	-5.5914087934900464e-5	-5.3443085810196855e-5	-5.093877160355919e-5	-4.646320106275764e-5	-4.441840403791256e-5	-4.0136223901712786e-5	-3.774281512867496e-5	-3.4480083507338125e-5	-2.5632921864726304e-5	-5.795763597781638e-6	8.411945044608377e-6	9.87707013074858e-6	5.368360926150464e-6	-1.5636798279816675e-6	-8.213947195480874e-6	-1.3152134367483066e-5	-1.688555197358263e-5	-1.851909455863679e-5	-1.8678959759683457e-5	-2.000204213413806e-5	-2.0462378761353615e-5	-2.386333948912848e-5
-4.5001742851364e-6	-4.8739517399787845e-6	-4.981954786046922e-6	-4.787013201199702e-6	-4.2469925769532055e-6	-3.7069087803118755e-6	-3.360197862144198e-6	-3.2130666223896365e-6	-3.0125109356940803e-6	-3.057032647586343e-6	-3.150848616848174e-6	-2.8772644924718485e-6	-2.047428859211411e-6	-8.097146962800747e-7	-8.700429238823678e-7	1.0972424141150737e-8	1.6887266324899783e-7	-3.4211960114926063e-7	-4.103517046018072e-7	1.1628559172440627e-7	-9.7267068395945e-7	-1.6613812227534751e-6	-2.1764187389697147e-6	-2.5210329754766364e-6	-2.4296429817593883e-6	-3.506328266741822e-6	-3.958169942253498e-6	-4.635879317417286e-6	-5.0413390069491484e-6	-5.729261005503124e-6	-6.952166641850665e-6	-8.268972304299217e-6	-1.0227633192130044e-5	-1.1049317038581972e-5	-1.1419428850602523e-5	-1.2262873304151078e-5	-1.3722988618668131e-5	-1.4424755327376892e-5	-1.1799783746673299e-5	-1.2381409715848597e-5	-1.2429676215966032e-5	-9.870595523385744e-6	-1.0563216637114388e-5	-1.4158629883754754e-5	-1.684599419595617e-5	-2.3773601278776268e-5	-2.9539069847377312e-5	-3.182357407379311e-5	-3.3988968071801094e-5	-3.71709923773075e-5	-4.148070367824673e-5	-4.422417507882452e-5	-4.782939823822114e-5	-5.648125669694293e-5	-6.363971573569542e-5	-6.745584235097858e-5	-6.915135885242861e-5	-7.030969434727906e-5	-6.874338097731265e-5	-6.706969360182604e-5	-6.600750523559152e-5	-6.26194368439411e-5	-5.995282617251608e-5	-5.7342254718411444e-5	-5.8930170153946054e-5	-6.133923669828737e-5	-6.191320930872164e-5	-5.715558375706235e-5	-5.053437410282995e-5	-4.38540989899103e-5	-3.9377190185841196e-5	-3.675065484137069e-5	-3.465611511958497e-5	-3.415365904587547e-5	-3.136848440504422e-5	-2.8683209415481314e-5	-2.5803279288640412e-5	-2.4198994408785795e-5	-2.0414192905549022e-5	-8.590207831084967e-6	-9.72732137351738e-6	-2.301195545966264e-5	-3.660378023904662e-5	-5.007786739539415e-5	-5.954962477446555e-5	-6.216328922426483e-5	-6.288708159362007e-5	-6.239750839501582e-5	-5.908695797180937e-5	-5.6331366649195115e-5	-5.846149759495926e-5	-6.153459851583089e-5	-6.387148577505393e-5	-6.633257966341677e-5	-6.840691600142317e-5	-7.757253713349972e-5	-7.438678641970547e-5	-7.01986297731291e-5	-6.895682318880901e-5	-6.742007652301655e-5	-6.611932551491874e-5	-6.478574379167792e-5	-6.414228771874867e-5	-6.321291152740043e-5	-6.164715144884193e-5	-5.929748878605398e-5	-5.629314989955176e-5	-5.3833353077484436e-5	-4.960578012540208e-5	-4.8533226095219706e-5	-4.5350456224536866e-5	-4.238623263952325e-5	-3.833070289936593e-5	-3.6327196012062545e-5	-3.3063107167472655e-5	-2.1922375118563552e-5	-2.9285034493968863e-6	8.96526128346415e-6	8.176459715455303e-6	7.287942222367754e-7	-5.276486612546503e-6	-9.900036674237618e-6	-1.2451426475708174e-5	-1.3581992824797556e-5	-1.5030632009751901e-5	-1.5431210400197043e-5	-2.0348685749100627e-5	-2.21545142826832e-5
-4.686481788713582e-6	-5.039602789307053e-6	-5.479036273075762e-6	-5.776239835292122e-6	-5.805187140185945e-6	-5.114671792377009e-6	-4.668031449394077e-6	-3.833097059972434e-6	-3.5758849061071764e-6	-3.6653268297554514e-6	-3.2088864470323007e-6	-3.259013356762558e-6	-2.7872422252162017e-6	-1.8434129060457963e-6	2.674201721067186e-7	6.069802917663819e-7	-6.394713914208844e-7	-1.6362323700266042e-6	-1.2544355135267297e-6	-1.175784534838964e-6	-1.6225012693517162e-6	-1.910385956686248e-6	-2.228776089738e-6	-2.897030524002565e-6	-2.7305989324581492e-6	-3.0271908731897136e-6	-2.829574194309486e-6	-2.55818745364695e-6	-5.350501603731093e-6	-7.066694991219972e-6	-9.251335480564386e-6	-1.1013007479164677e-5	-1.2019338882464021e-5	-1.3332203456463061e-5	-1.4378755224507283e-5	-1.557482393787146e-5	-1.6513146916757957e-5	-1.4913875962376063e-5	-1.4434761258464919e-5	-1.4723577531608379e-5	-1.5238599016540245e-5	-1.5471705484154143e-5	-1.6883676825596525e-5	-2.151052039533205e-5	-2.4886853501929724e-5	-3.102732347307416e-5	-3.281859584981263e-5	-3.6241807408051666e-5	-4.221563094485968e-5	-4.36769079806493e-5	-4.410126997476167e-5	-4.644194684448295e-5	-4.9875599650469036e-5	-5.259461670435033e-5	-5.370931469212726e-5	-5.357616295731783e-5	-5.260358182845783e-5	-5.1828571771513666e-5	-5.2910657563740193e-5	-5.3460482576732874e-5	-5.47315763619726e-5	-5.365771299368137e-5	-5.3160625180332856e-5	-5.202589028530969e-5	-5.321283890683935e-5	-5.531602767256272e-5	-5.674058559427489e-5	-5.5490959646308645e-5	-5.097332739277884e-5	-4.297572546311037e-5	-3.911607810661716e-5	-3.432793985592812e-5	-3.0854520360109466e-5	-2.7695894877629784e-5	-2.4542535939729018e-5	-2.2575937468202394e-5	-2.143665784161766e-5	-2.0045668168997346e-5	-2.2226146514621802e-5	-2.1277723804896325e-5	-1.5085406372423308e-5	-2.347760926640907e-5	-3.707877270194351e-5	-4.8156804753748596e-5	-5.362333141542205e-5	-5.621805817092664e-5	-5.8380557690657774e-5	-5.870993870639266e-5	-6.083390770295071e-5	-6.067479879526098e-5	-5.836973772702612e-5	-5.667310323288765e-5	-6.1022600601062786e-5	-6.327574851886994e-5	-6.574564134754178e-5	-5.717428287808998e-5	-7.604664641871952e-5	-7.352859542205607e-5	-6.993365349978412e-5	-6.616173330769096e-5	-6.349011836019255e-5	-6.289749419267996e-5	-6.22082242895906e-5	-6.109875116695057e-5	-6.030101175878189e-5	-5.808869195660266e-5	-5.456806009926807e-5	-5.1203936444056506e-5	-5.003523518632476e-5	-4.63726602988523e-5	-4.546653480140896e-5	-4.370803225373e-5	-4.10614625146518e-5	-3.6917643334716255e-5	-3.445660038759249e-5	-3.176658277246648e-5	-2.1040147738220907e-5	-1.5554102331203495e-7	6.688999424882615e-6	4.171801597750713e-6	-3.1382643228897163e-6	-6.9679622288027965e-6	-7.154996853244582e-6	-8.769080652045423e-6	-1.0861577812832332e-5	-1.5830375237665256e-5	-1.7905663876518346e-5	-2.0711835455804007e-5
-5.262683216593127e-6	-5.266260673798383e-6	-5.413504593329478e-6	-6.011521451666128e-6	-6.530152776211637e-6	-6.051813272110435e-6	-5.388683376334737e-6	-4.790038511507961e-6	-4.0583427243778836e-6	-3.8064189495680407e-6	-3.550221900315564e-6	-3.170997709203704e-6	-2.8772654086226843e-6	-1.2449130376741835e-6	-9.286939489996925e-7	-4.148722787837219e-7	-3.697404646449582e-7	-1.4118012003059598e-6	-1.4601222141086276e-6	-2.3099210153150473e-6	-2.2767131645120946e-6	-2.459953772529066e-6	-2.7712017969532157e-6	-2.9843674650672013e-6	-4.642898598136019e-6	-4.524928350036709e-6	-5.174449291354272e-6	-5.047980323948532e-6	-6.5137878096466024e-6	-7.763736806492161e-6	-7.997868678639476e-6	-9.848627115390234e-6	-1.19931165747187e-5	-1.4243140147125395e-5	-1.605360265837137e-5	-1.7049770272101628e-5	-1.4679384616222197e-5	-1.5195797139317626e-5	-1.422321694693725e-5	-1.5582907493126748e-5	-1.724863482973531e-5	-2.166838713394802e-5	-2.4971388997395424e-5	-2.9608257261692826e-5	-3.349875992103655e-5	-3.6901090694110416e-5	-3.952099432896804e-5	-4.197022698999852e-5	-4.1846244495263335e-5	-4.240642579521032e-5	-4.3072789806435426e-5	-4.446184047427218e-5	-4.485934005716337e-5	-4.343941279274544e-5	-4.1261516454265974e-5	-3.9146809654565934e-5	-3.861925512997806e-5	-3.8074317670563386e-5	-3.9685029001586096e-5	-4.1626888105928104e-5	-4.382849805740357e-5	-4.561256117274238e-5	-4.6881198689828825e-5	-4.830572399602914e-5	-4.938111857627231e-5	-4.93965874063737e-5	-4.9870807293907534e-5	-5.1374365184079014e-5	-4.9624171557984674e-5	-4.322389599020759e-5	-3.8025138365729155e-5	-3.2432003464104645e-5	-2.6689105455833178e-5	-2.13279464185076e-5	-1.828213586920445e-5	-1.8006592354333217e-5	-2.0084484601704325e-5	-2.184409579760425e-5	-2.5729281709742712e-5	-3.175662444056433e-5	-3.0274305371641438e-5	-2.7764999387070926e-5	-3.245207959778548e-5	-3.974934291764952e-5	-4.605383616780242e-5	-5.1455317209760786e-5	-5.4419858723508956e-5	-5.77362064895729e-5	-5.921610149385754e-5	-5.989405313399677e-5	-6.076070370583316e-5	-5.8714610633842604e-5	-5.8279155286389266e-5	-5.9525587846960715e-5	-6.303723962361885e-5	-6.464199304144231e-5	-6.075009821907527e-5	-7.278546486225515e-5	-6.96483021971929e-5	-6.585278605514451e-5	-6.206092293987043e-5	-5.939577018426473e-5	-5.822262915658373e-5	-5.7824100485582245e-5	-5.678047424600984e-5	-5.548655581766141e-5	-5.490108833858513e-5	-5.270535800058328e-5	-4.91242851572652e-5	-4.800558768048874e-5	-4.591139019253977e-5	-4.265761366915084e-5	-4.109723766539727e-5	-3.87303481603693e-5	-3.437099025532797e-5	-3.277448533921257e-5	-2.9632167225057505e-5	-2.075208899578011e-5	-3.826688071235581e-7	4.940979464224289e-6	2.212002496860925e-6	-4.1702478601433883e-8	-5.306822399597267e-6	-6.837980978972521e-6	-1.1909964588987727e-5	-1.3844447008075354e-5	-1.6504311548611213e-5	-2.0539073778335845e-5
-6.264017715716229e-6	-6.049586111461606e-6	-5.769933769189877e-6	-6.152807876093433e-6	-6.3943390804456395e-6	-6.741649405205386e-6	-6.466556639255849e-6	-5.91395242510468e-6	-5.15437993800277e-6	-4.58515194603072e-6	-3.5040196343983673e-6	-2.868295850128304e-6	-1.0828017763019407e-6	-1.7677978872421283e-6	-2.2341759857631184e-6	-1.739676223986696e-6	-1.6781460688295236e-6	-1.2991103079894836e-6	-2.0864944876562187e-6	-1.978568680150849e-6	-1.872565008598486e-6	-2.678804205367979e-6	-3.5152117287416854e-6	-4.581479744463369e-6	-5.598177932504555e-6	-5.756088346849791e-6	-6.511197047569076e-6	-7.703332457055338e-6	-8.993444042867255e-6	-1.044691161106604e-5	-1.1628458795648245e-5	-1.3166546580225742e-5	-1.4491064811051212e-5	-1.4948681515184433e-5	-1.5420022192718513e-5	-1.4214065340056087e-5	-1.635024243681329e-5	-1.5586603394675963e-5	-1.8320015410288118e-5	-2.1540172819240266e-5	-2.470411306076947e-5	-2.9828538143444272e-5	-3.112832835055037e-5	-3.4538875379804424e-5	-3.641204021918908e-5	-3.844994658628491e-5	-3.977227036480822e-5	-3.9018647584850366e-5	-3.899049990887431e-5	-3.811355992502886e-5	-3.9438008433523124e-5	-3.723734927720858e-5	-3.556671054473861e-5	-3.189088180951269e-5	-2.9757762927922054e-5	-2.8158073582632304e-5	-2.7404992035043705e-5	-2.7994039096361497e-5	-2.951131830228326e-5	-3.2067904846041616e-5	-3.5738745147420765e-5	-3.853176832371288e-5	-4.1600722317642034e-5	-4.28800613546938e-5	-4.5191708448327754e-5	-4.4552021994563936e-5	-4.407741734536313e-5	-4.4528966671180004e-5	-4.502417371495415e-5	-4.1108801020380004e-5	-3.6353164093371956e-5	-3.0172073514763902e-5	-2.4252090727360298e-5	-1.855263058524008e-5	-1.6503446103200564e-5	-1.811201458452351e-5	-2.3438081629603005e-5	-2.8006794084399486e-5	-3.229166030708705e-5	-3.7369416935884026e-5	-3.920429633599669e-5	-3.2918973905289584e-5	-2.9049871546910768e-5	-3.490160398644977e-5	-4.186344760431781e-5	-4.693848071183649e-5	-5.198925657383737e-5	-5.550387133408662e-5	-5.752633942660879e-5	-5.981744482608328e-5	-6.0530789882935574e-5	-6.15934523545171e-5	-6.139983887260784e-5	-5.960995947339956e-5	-5.890584835774141e-5	-6.220418746879976e-5	-6.298776958455106e-5	-5.9489465263629075e-5	-6.604503578961415e-5	-6.515509200959516e-5	-6.167648967231581e-5	-5.791339577088669e-5	-5.644728620342407e-5	-5.4736071802992906e-5	-5.419925389299039e-5	-5.4565906266600295e-5	-5.1744751549970956e-5	-5.059810815775597e-5	-4.9162203420629457e-5	-4.811446750730124e-5	-4.537850847039295e-5	-4.458593907486277e-5	-4.078573751788942e-5	-3.9233903062138586e-5	-3.685771261764323e-5	-3.2702016352563305e-5	-3.090880118582044e-5	-2.9074725821907375e-5	-2.5527518613495042e-5	2.521991908930113e-6	6.01770738274665e-6	2.303068337167896e-6	-2.558884709485086e-6	-6.932759731960793e-6	-1.0038074386466145e-5	-1.2982394759913916e-5	-1.7293122752466868e-5	-2.0353357706366128e-5
-6.735278385228615e-6	-6.6618535157997394e-6	-6.83820429344924e-6	-6.915943248723401e-6	-6.617313037723124e-6	-6.586615455117907e-6	-6.352420881526078e-6	-6.21783220953174e-6	-4.967657701344811e-6	-4.490105451348831e-6	-3.058375465858284e-6	-1.5541729659956578e-6	-1.4999828066913563e-6	-1.7920591687025156e-6	-2.9034437275753627e-6	-3.4412728268655604e-6	-3.0973275119282498e-6	-3.0698632248445444e-6	-2.27085047136864e-6	-2.2100159335490706e-6	-2.964646795200129e-6	-3.2972502563032888e-6	-3.5119265866722853e-6	-3.7940134717186383e-6	-4.890958784622892e-6	-5.463397892728135e-6	-7.88992307495769e-6	-1.064561161255974e-5	-1.1720078611765753e-5	-1.3590143470483278e-5	-1.3741789684515534e-5	-1.4335550968687641e-5	-1.5684578007039984e-5	-1.5903596767687187e-5	-1.5397024711520484e-5	-1.7891765404843586e-5	-1.9474876008715447e-5	-2.095729175865656e-5	-2.360257627634799e-5	-2.565620499660496e-5	-2.93970522580113e-5	-3.223580671466537e-5	-3.273960039298961e-5	-3.507379130510656e-5	-3.6856801496150306e-5	-3.621518955218301e-5	-3.5582605063106103e-5	-3.475462321159508e-5	-3.4007145139318276e-5	-3.425950576899897e-5	-3.1434763359618244e-5	-2.8434462793493987e-5	-2.4887907674412537e-5	-2.226860722120342e-5	-2.0363823598028557e-5	-1.9475465577528054e-5	-1.8851472016441842e-5	-1.9509466565588267e-5	-2.137582204205781e-5	-2.439868365531521e-5	-2.785522248516074e-5	-3.200131137729226e-5	-3.53130912396837e-5	-3.774921402484484e-5	-3.9238524747659854e-5	-3.9440402498287265e-5	-3.859523831984454e-5	-3.7605466066429824e-5	-3.8954678111685626e-5	-3.7829776396397334e-5	-3.420452710672407e-5	-2.8950957966676277e-5	-2.3811272772305058e-5	-1.8317991318673316e-5	-1.80481977399196e-5	-2.2144394521209084e-5	-2.8614956026429616e-5	-3.251059288314831e-5	-3.424650111562809e-5	-3.5854051005273016e-5	-3.884372904165885e-5	-3.9411798813653726e-5	-3.655482483551353e-5	-3.549331959525233e-5	-3.935549409690535e-5	-4.4896099614692355e-5	-4.928984814701539e-5	-5.2375417121820055e-5	-5.525420379212924e-5	-5.822634094711578e-5	-6.036365673262565e-5	-6.291510394802226e-5	-6.215527226477273e-5	-6.30949848655837e-5	-6.172653032698698e-5	-5.9930073279196646e-5	-5.851380487456071e-5	-5.817754413525548e-5	-5.66575242803716e-5	-6.0137205619718765e-5	-6.273468909748269e-5	-5.7897898130823074e-5	-5.427072012137911e-5	-5.17351204235082e-5	-5.1784785167667887e-5	-5.150212604884641e-5	-5.07801484794291e-5	-5.0318330784612085e-5	-4.920331309814056e-5	-4.6772319811693226e-5	-4.5249446060219814e-5	-4.355339073875037e-5	-4.138238624386628e-5	-3.970199990164028e-5	-3.630740751721807e-5	-3.389568890594264e-5	-3.202430612630081e-5	-2.898077513917036e-5	-2.8431002474169073e-5	-2.737088905947326e-5	7.87173123450828e-7	1.780553617958605e-6	-1.9819000769954326e-6	-6.194788467459889e-6	-9.214922808099477e-6	-1.5157430757577193e-5	-1.8917865537981804e-5	-2.4588901588137344e-5
-6.858730282262607e-6	-7.263357234052859e-6	-7.527534867136919e-6	-7.219115114183958e-6	-7.130200766700946e-6	-6.461661649406193e-6	-6.098475640225943e-6	-5.486653294780978e-6	-4.369964457705483e-6	-2.6424121822110707e-6	-1.0533720420989427e-6	-2.125800027680128e-6	-2.6753145814135955e-6	-2.758029968416477e-6	-3.4541414189624346e-6	-3.67261041050353e-6	-4.005911264325351e-6	-4.657395316306524e-6	-3.7967407944808e-6	-3.5721953932192625e-6	-3.2196513711406703e-6	-4.054324509851579e-6	-4.141256323866686e-6	-6.166614471120844e-6	-7.184277043441929e-6	-6.903493925060517e-6	-8.299834772370826e-6	-1.0092117666191634e-5	-1.145273712427645e-5	-1.2239329867528083e-5	-1.4148293704684989e-5	-1.391522685652898e-5	-1.368457319033192e-5	-1.405263886755225e-5	-1.5191982094791676e-5	-1.6746984864406816e-5	-1.921179910714362e-5	-2.2983704982347093e-5	-2.57213964943671e-5	-2.7756034788801485e-5	-2.9845842420758714e-5	-3.2491859427470756e-5	-3.22259609608958e-5	-3.2171496285667185e-5	-3.096025942195724e-5	-3.0203057544938343e-5	-3.0468689190036275e-5	-3.0051134918305597e-5	-2.864520219739456e-5	-2.636307611694451e-5	-2.3031910300935935e-5	-1.9932343740759664e-5	-1.71192485311038e-5	-1.5258520119474813e-5	-1.4013104951860355e-5	-1.263280886623359e-5	-1.2413224857461389e-5	-1.2793658969408645e-5	-1.4781520841047108e-5	-1.746748795546137e-5	-2.1044150219618436e-5	-2.4488856180794688e-5	-2.844003517795323e-5	-3.0681397514568855e-5	-3.2562759866988644e-5	-3.366124614559863e-5	-3.27920299855039e-5	-3.196100745986221e-5	-3.189277310397965e-5	-3.224765687500405e-5	-3.166675807209432e-5	-2.8698646237224065e-5	-2.504740886271131e-5	-2.1731414004454507e-5	-2.164870858533535e-5	-2.5686753733159675e-5	-3.069641382443325e-5	-3.3398674510699486e-5	-3.406688463768702e-5	-3.524142526737349e-5	-3.8585374359609986e-5	-4.381349303001803e-5	-4.509278333218215e-5	-4.2054219649831005e-5	-4.07406905900045e-5	-4.339064433006144e-5	-4.695772915744734e-5	-4.976966702261928e-5	-5.3524000959452235e-5	-5.718328340139841e-5	-5.91600355455326e-5	-6.147351670673235e-5	-6.300320619216388e-5	-6.47187436861275e-5	-6.310442438506227e-5	-6.254769139419063e-5	-5.8756376012433075e-5	-5.65822838886551e-5	-5.504876048138254e-5	-5.136618703760519e-5	-5.556842097467588e-5	-5.756141029317554e-5	-5.625454776618044e-5	-5.262112288197421e-5	-5.1433060009608855e-5	-5.0342565497698236e-5	-5.106478196428799e-5	-5.0173490123879554e-5	-4.8587150093732684e-5	-4.696158629612263e-5	-4.5770346283132035e-5	-4.2861906664431834e-5	-4.04026347967934e-5	-3.8279437378132414e-5	-3.6849697051350924e-5	-3.439428021632506e-5	-3.1971826859708737e-5	-3.213556432405101e-5	-3.095631667942179e-5	-3.1054611182926295e-5	-3.042139615845769e-5	-4.349222395530657e-6	-2.9680650515465086e-6	-7.151092226514131e-6	-1.1265957101675576e-5	-1.5740247313552648e-5	-2.0765635183063975e-5	-2.751522778067852e-5
-7.489367335528811e-6	-7.516945486202297e-6	-7.620700628836263e-6	-7.779282551250918e-6	-7.480542936797546e-6	-6.8833272245840795e-6	-6.017345423884245e-6	-4.5988712112836425e-6	-2.8248355355710814e-6	-1.7560975406043925e-6	-1.6715195816829809e-6	-2.1365852541518036e-6	-2.0170437463828093e-6	-2.4195362401981113e-6	-3.5485466067040456e-6	-4.079412799722721e-6	-5.012280914211582e-6	-5.355881162833961e-6	-5.300207694340207e-6	-4.759976226652481e-6	-4.302651384323081e-6	-5.57620119783636e-6	-6.324141807022981e-6	-7.26549900564909e-6	-7.922427981926859e-6	-8.694510402981227e-6	-9.409681063846098e-6	-1.1745227800595297e-5	-1.2869716665248833e-5	-1.4054643317489445e-5	-1.4380063871437252e-5	-1.4226065147399622e-5	-1.3665998144045658e-5	-1.3059686966294773e-5	-1.5534706195572713e-5	-1.7392387394654304e-5	-2.0150564403924667e-5	-2.2363138088305614e-5	-2.4299538885230468e-5	-2.575024127778112e-5	-2.7211309656829764e-5	-2.7511317650266792e-5	-2.6365599369140886e-5	-2.5588290487817174e-5	-2.4694957693739647e-5	-2.5316412302704398e-5	-2.4807000230446472e-5	-2.3219958461285483e-5	-2.1031143124759785e-5	-1.8768082655487225e-5	-1.668877403824642e-5	-1.4278492315366804e-5	-1.2415236618309358e-5	-1.1032753116174902e-5	-9.56679990082995e-6	-8.394470539421339e-6	-7.79833229377436e-6	-8.50912461965083e-6	-9.671920501232471e-6	-1.1678260163511818e-5	-1.4147834831023264e-5	-1.7363633058773646e-5	-2.0163985132754143e-5	-2.24348314963518e-5	-2.4820990498131045e-5	-2.5891053867911972e-5	-2.5974826028127628e-5	-2.590832319461413e-5	-2.6368361156657232e-5	-2.6970123299919175e-5	-2.9147313493457953e-5	-2.8858707331919257e-5	-2.741576960569279e-5	-2.6111135736223142e-5	-2.6890766187132733e-5	-2.8207144882634244e-5	-3.1272374549943735e-5	-3.3423371562828555e-5	-3.4782327961845744e-5	-3.710899088558463e-5	-4.0837710302147126e-5	-4.5585768542128265e-5	-5.11044427478971e-5	-5.0349237265870886e-5	-4.635739348814171e-5	-4.3984515419519074e-5	-4.5535817350399355e-5	-4.809969017050344e-5	-5.269546675369055e-5	-5.493510201858703e-5	-5.760669220832882e-5	-5.9292552484035796e-5	-6.109480467104272e-5	-6.186122279033292e-5	-6.302515804168171e-5	-6.319962080796396e-5	-6.204953947300165e-5	-5.9566251438974715e-5	-5.729158829748288e-5	-5.391609910675122e-5	-5.0759041536467015e-5	-5.246223431669199e-5	-5.389746333294602e-5	-5.490766540169802e-5	-5.5072184264098524e-5	-5.273840086156538e-5	-5.18604583484971e-5	-5.032138571125794e-5	-4.8505840956249845e-5	-4.734222593078896e-5	-4.438422651869937e-5	-4.265575048398046e-5	-4.13505367479524e-5	-3.9382148608294205e-5	-3.8687211545212694e-5	-3.7498883097525186e-5	-3.677126907272125e-5	-3.5878708622258566e-5	-3.5048370553448366e-5	-3.427014210063105e-5	-3.501991977655772e-5	-3.523012430557953e-5	-1.384952531347308e-5	-1.1898407923532394e-5	-1.6927811615548988e-5	-2.3148889703446075e-5	-2.8331804919701564e-5	-3.383177291647107e-5
-7.829996815310845e-6	-7.880185691938645e-6	-7.719535091450097e-6	-7.677405578138986e-6	-7.433532051893693e-6	-6.4117882119137096e-6	-5.133486491389104e-6	-1.874123627148465e-6	-1.962579456045964e-6	-2.234660950750124e-6	-2.029588443245049e-6	-2.2041505299001847e-6	-2.457582010481239e-6	-3.328076335161857e-6	-3.4358104706309115e-6	-3.731478679920661e-6	-4.173921270596162e-6	-4.181520507997617e-6	-4.7296708948407415e-6	-5.261529673593074e-6	-6.150073690331519e-6	-6.3235451583701875e-6	-6.0145638903358325e-6	-6.495259573789137e-6	-7.985699611073784e-6	-9.455209518441886e-6	-1.0105775950493365e-5	-1.1543848917137249e-5	-1.2226438405541632e-5	-1.2425252028712504e-5	-1.1988984051402097e-5	-1.1985232047811467e-5	-1.2278280920197808e-5	-1.4218954128269316e-5	-1.498499846615004e-5	-1.6026323328046776e-5	-1.7027366935049373e-5	-1.9183526121790972e-5	-2.031683905110598e-5	-2.071774741712706e-5	-2.0852705133245e-5	-2.0869561031974746e-5	-2.0323407423660823e-5	-2.109798213751853e-5	-2.0631792225323875e-5	-2.0132243201215422e-5	-1.8987181676910752e-5	-1.7190720738867503e-5	-1.5227194789232738e-5	-1.3797593392795257e-5	-1.1865484952271273e-5	-1.04884011164466e-5	-9.42739129965761e-6	-8.05020065636642e-6	-6.748953276797123e-6	-5.8724051107419085e-6	-5.327748467821423e-6	-5.3326435044272975e-6	-5.892763059060562e-6	-6.861365725666914e-6	-8.297234406972557e-6	-9.97622310959902e-6	-1.1962042582868997e-5	-1.45096951909506e-5	-1.671501998227673e-5	-1.8622245499116952e-5	-2.009334088546623e-5	-2.094265547114039e-5	-2.2735964819815473e-5	-2.4180756293232412e-5	-2.588641876538882e-5	-2.723496585589971e-5	-2.730231999953803e-5	-2.8111392559463166e-5	-2.976745540057661e-5	-3.258158692387263e-5	-3.3746740195047045e-5	-3.556711570228133e-5	-3.740868631031159e-5	-4.064527068864052e-5	-4.403226350159147e-5	-4.8812554914951296e-5	-5.214896105275399e-5	-5.459120229435107e-5	-5.2747728049567365e-5	-4.8669228778944015e-5	-4.729818000204655e-5	-4.825427155292008e-5	-5.079945328051362e-5	-5.299764419366189e-5	-5.513440191320852e-5	-5.710553343672881e-5	-5.8683432375625226e-5	-5.9514704804446664e-5	-6.0833954142040264e-5	-6.090965805729056e-5	-6.100665827818863e-5	-6.077847691413973e-5	-6.0692462774264426e-5	-5.983036994441567e-5	-6.005206115906359e-5	-5.480460981544367e-5	-5.380343875505469e-5	-5.503627098057527e-5	-5.5468231363023275e-5	-5.546312949791234e-5	-5.682884832066683e-5	-5.570161899543131e-5	-5.238104578721407e-5	-5.061902214119166e-5	-4.898942556144387e-5	-4.754681326392048e-5	-4.490201099122386e-5	-4.3100306741021374e-5	-4.243880386001208e-5	-4.1468653979984976e-5	-3.966693358059114e-5	-3.9997913022036397e-5	-4.0001235134044626e-5	-4.011465576760683e-5	-4.054552063016692e-5	-4.292683414134669e-5	-4.3879458283568346e-5	-2.7692657720993285e-5	-2.5520927997855002e-5	-2.9298732353005144e-5	-3.5129588238477956e-5	-3.5600817007374295e-5
-8.09947748992945e-6	-7.919119073468211e-6	-7.834914693345988e-6	-7.5108073386220215e-6	-6.871517769938342e-6	-5.323764552708472e-6	-2.092193617382306e-6	-2.309821485555613e-6	-2.380135797247539e-6	-2.6479135534608965e-6	-2.645177141018771e-6	-2.568958607852053e-6	-2.9481202540510873e-6	-3.2475654245878514e-6	-3.8687196424658146e-6	-4.569065885731173e-6	-4.685238761764849e-6	-4.889990354913637e-6	-4.747452778797569e-6	-5.333243209852591e-6	-5.81525780356468e-6	-5.786460751473678e-6	-5.679145290160298e-6	-5.387468518991324e-6	-5.8007288086955e-6	-6.965422871460773e-6	-8.82417737783827e-6	-8.74834100425331e-6	-8.028794502065034e-6	-8.160005302211039e-6	-8.163065240581434e-6	-8.497285214597704e-6	-9.207748654521414e-6	-1.0699392318847844e-5	-1.2390615849967519e-5	-1.332237368654402e-5	-1.4965440635995385e-5	-1.530948422708337e-5	-1.4683009878611743e-5	-1.561439448333375e-5	-1.565439725818938e-5	-1.645784828338266e-5	-1.6268540425120725e-5	-1.631250746934594e-5	-1.5855973734105232e-5	-1.4909564662252734e-5	-1.4192060908088144e-5	-1.3009851524667423e-5	-1.1701536493377095e-5	-1.0250860872488589e-5	-9.185808550301244e-6	-8.228878652295117e-6	-7.180703881032529e-6	-6.118658438394137e-6	-4.980467402967807e-6	-3.895726107563903e-6	-3.004634752400191e-6	-2.4237056650132805e-6	-2.108507512604005e-6	-2.221154786789456e-6	-2.373545023720558e-6	-3.347837277041e-6	-4.486551864887282e-6	-6.156816862703997e-6	-8.980764274065488e-6	-1.2292492341408645e-5	-1.4103026832836851e-5	-1.6458537457171227e-5	-1.8329842496806782e-5	-2.0339262457418072e-5	-2.203388917718443e-5	-2.4222111575061645e-5	-2.692645250106269e-5	-3.0014814624609167e-5	-3.2846458617786546e-5	-3.551713363518505e-5	-3.7870984383940424e-5	-4.061319074284437e-5	-4.27789258769344e-5	-4.542078992650702e-5	-4.751478479333298e-5	-5.00058110371182e-5	-5.2141598268326706e-5	-5.54905744997499e-5	-5.733901031659393e-5	-5.566356459422126e-5	-5.116253637925654e-5	-4.9679572882246365e-5	-4.966903849746694e-5	-5.068482856725522e-5	-5.258703846184632e-5	-5.4154247601002896e-5	-5.5623526596347554e-5	-5.715467729628352e-5	-5.800892789395179e-5	-5.88400526869634e-5	-5.897872295526542e-5	-5.8868510000237896e-5	-5.8268292046827895e-5	-5.8460095827259945e-5	-5.960166140061293e-5	-5.93828730668087e-5	-5.899691279942758e-5	-6.143450929181268e-5	-6.230811116895735e-5	-6.277860545051295e-5	-6.324000620318727e-5	-6.404675709594833e-5	-6.389438080998868e-5	-6.295625046130217e-5	-6.087273091734228e-5	-5.994191847795513e-5	-5.674295355145072e-5	-5.3314773331824404e-5	-5.244417145564353e-5	-5.087039173148205e-5	-4.818075523510371e-5	-4.734886172106777e-5	-4.706540497774729e-5	-4.7962826351072116e-5	-4.830645137100363e-5	-5.232600897443328e-5	-5.638272395627405e-5	-6.205585230520307e-5	-5.193870340053623e-5	-4.1440820984202716e-5	-4.060150928842949e-5	-4.2278537715581016e-5
-8.674741196771025e-6	-8.21671056796527e-6	-7.273656701359438e-6	-6.262246902538062e-6	-4.494430335847755e-6	-2.0018770088879936e-6	-2.270654905013646e-6	-2.4911384885256335e-6	-2.474987462154285e-6	-2.625272735475286e-6	-2.8392629034272496e-6	-3.012199224181359e-6	-3.214020260870753e-6	-3.5894453384523353e-6	-3.864943472686386e-6	-4.617838515139647e-6	-4.89800094471797e-6	-5.134449359141214e-6	-5.5593403307501585e-6	-5.374275035549069e-6	-5.463735416384078e-6	-5.965617726915762e-6	-5.995193236166609e-6	-6.314495175113905e-6	-6.718554690723649e-6	-6.198421338915807e-6	-6.245097485208048e-6	-6.469130041223715e-6	-6.025766089443398e-6	-6.361659196120732e-6	-5.715093167864368e-6	-6.732338705885565e-6	-7.892623106995917e-6	-9.505732735236999e-6	-9.914894687874324e-6	-1.0401055468560893e-5	-1.0560249117492428e-5	-1.0686844978565183e-5	-1.1722235070913288e-5	-1.2030350390738237e-5	-1.2645408986833261e-5	-1.2588625194348556e-5	-1.2561430689969056e-5	-1.2056890760710506e-5	-1.177603601993358e-5	-1.107369834935437e-5	-1.0346679535957722e-5	-9.437662856889763e-6	-8.963958379417563e-6	-8.243995772632762e-6	-7.51352352323974e-6	-6.8364069234164845e-6	-5.859715447917691e-6	-4.931804158038889e-6	-3.6309655396292782e-6	-2.257627728020255e-6	-1.0867379817759183e-6	7.909879890834193e-8	1.1590873829584337e-6	1.875063503715881e-6	2.5048335299915174e-6	2.742543330294406e-6	2.320380247265632e-6	4.321970055063892e-7	-2.435284797170506e-6	-5.2229133968044106e-6	-8.011722624841518e-6	-1.0597168647696711e-5	-1.3482450662090533e-5	-1.556035169149924e-5	-1.815024553992583e-5	-2.149374548243883e-5	-2.5431397780847558e-5	-3.0270823028104642e-5	-3.4918402850724235e-5	-3.940304175878515e-5	-4.3104376372480456e-5	-4.670263743875718e-5	-4.7774260331719276e-5	-4.86992027568878e-5	-4.952411799608643e-5	-5.145155623981819e-5	-5.299930465742057e-5	-5.5227339086465204e-5	-5.818728428502294e-5	-5.928735335243746e-5	-5.678738176039237e-5	-5.285254032387845e-5	-4.998652760972426e-5	-4.90168156769017e-5	-4.972213347705176e-5	-5.13367441845559e-5	-5.2946673109212354e-5	-5.482091377801822e-5	-5.591693549839406e-5	-5.695904369500516e-5	-5.709494668905022e-5	-5.742514067752111e-5	-5.6716910635796855e-5	-5.7087615811337617e-5	-5.74291266939534e-5	-6.058018248963946e-5	-5.968053586996027e-5	-6.0079798207019347e-5	-6.224291018307095e-5	-6.529841790978846e-5	-6.825718664056884e-5	-7.022440294741396e-5	-7.153302334695667e-5	-7.23772564261262e-5	-7.154299430710363e-5	-6.718065853237535e-5	-6.499992029806913e-5	-6.468189988337921e-5	-6.437959821552295e-5	-6.497219879350678e-5	-6.690755522591272e-5	-7.058192813308613e-5	-7.304999111038338e-5	-7.48554990182785e-5	-7.444446002301177e-5	-7.379788991815524e-5	-7.391151021567902e-5	-7.535031710181276e-5	-7.678829581740654e-5	-7.734787395535618e-5	-6.036079195335681e-5	-6.033716360201966e-5
-8.42169884109306e-6	-7.804811532035726e-6	-6.856756465780169e-6	-4.09949702087414e-6	-1.5879500947675593e-6	-1.729651743554751e-6	-1.688529555705833e-6	-2.237158979660585e-6	-2.4992451115373945e-6	-2.3895455872249144e-6	-2.6860802963119246e-6	-2.772244438268298e-6	-3.0120258771946375e-6	-3.454111415022564e-6	-3.911102584646612e-6	-4.266240744059619e-6	-4.561676423831809e-6	-5.168313652346773e-6	-5.367950299485415e-6	-5.690792636252458e-6	-5.597627297391962e-6	-5.763448143622463e-6	-6.0903742105425886e-6	-5.712186099967415e-6	-5.006334288234571e-6	-4.492338477531414e-6	-4.424986869570923e-6	-4.434454412287521e-6	-4.9389852437345914e-6	-5.52038603767119e-6	-5.5796769331609144e-6	-6.312381344085286e-6	-5.974089323549594e-6	-5.716923706352086e-6	-6.354274535204113e-6	-7.192810237666938e-6	-7.93040054740575e-6	-8.89699948913511e-6	-9.712183589641581e-6	-1.0001518520032183e-5	-1.0481897076382913e-5	-1.0090621977446252e-5	-9.5070337371864e-6	-8.902434386594488e-6	-8.651425484617085e-6	-8.004318921946618e-6	-7.359844018814875e-6	-6.947103502408452e-6	-6.6897599615358015e-6	-5.983757897677762e-6	-5.273269670181884e-6	-4.860451716668171e-6	-4.325009998035721e-6	-3.4173620300204616e-6	-2.178247138868647e-6	-8.765830062144006e-7	5.131408190343304e-7	2.08018837208725e-6	3.4961531689440754e-6	4.869673033683266e-6	6.299715806792286e-6	6.857393498253382e-6	6.949388257231937e-6	5.7386442454021745e-6	3.5348894357424203e-6	6.325001259506122e-7	-2.2126712923920336e-6	-5.021972952507642e-6	-8.075164874884327e-6	-1.1660256980339059e-5	-1.5183319938784008e-5	-1.940205670279173e-5	-2.5492512194615933e-5	-3.279074529808669e-5	-3.9044888974553923e-5	-4.365376808949591e-5	-4.6659072135482586e-5	-4.975660667988143e-5	-5.169146317040261e-5	-5.2007545663155894e-5	-5.229881369552685e-5	-5.330086896480033e-5	-5.408125537567469e-5	-5.510195504900266e-5	-5.647330149089607e-5	-5.8715603451324476e-5	-5.9071790400834136e-5	-5.6639552116900624e-5	-5.275263516757357e-5	-4.92496640339254e-5	-4.801322654344672e-5	-4.880865476868632e-5	-5.0362729561530515e-5	-5.225415033262075e-5	-5.3438632142131005e-5	-5.480494954883917e-5	-5.508295267391688e-5	-5.577169406774948e-5	-5.53402661193701e-5	-5.558319436362252e-5	-5.6515382037571314e-5	-5.7224003071059276e-5	-6.064671096046858e-5	-6.082051125482889e-5	-6.121071381150981e-5	-6.309236076835513e-5	-6.569513894742838e-5	-6.781282217889224e-5	-6.938433538112264e-5	-7.070107799450435e-5	-7.130314212872892e-5	-7.145465860712921e-5	-7.080600461690807e-5	-7.112824307949246e-5	-7.157353054958356e-5	-7.263880367428671e-5	-7.345708685692776e-5	-7.408355415401951e-5	-7.304632131642248e-5	-7.230238133464767e-5	-7.224986091716214e-5	-7.209321062221288e-5	-7.377395546943975e-5	-7.548456390927671e-5	-7.635652220098002e-5	-7.907090161666033e-5	-8.079494194176712e-5	-7.135423323706945e-5
-7.13884772151653e-6	-6.3830866556724335e-6	-2.5659981558730054e-6	-2.44726679784861e-6	-2.3733848809610446e-6	-2.294942040630089e-6	-2.160761349847499e-6	-2.0760734114905893e-6	-2.2406056509130263e-6	-2.0774612729417864e-6	-2.25493163976743e-6	-2.4635103730726547e-6	-2.8010847534141142e-6	-3.285521662810828e-6	-3.790358944679578e-6	-4.025772393939121e-6	-4.271469025110986e-6	-4.447963438541924e-6	-4.9637233356263945e-6	-5.1584918038798545e-6	-5.375247892868946e-6	-5.007039922244995e-6	-4.257842898923317e-6	-3.7242829263248174e-6	-3.6863441186846427e-6	-3.0789933685884496e-6	-2.7347420362327023e-6	-2.4104047357804796e-6	-1.913036111358783e-6	-1.7553443101185962e-6	-2.559086330431587e-6	-3.673236572494711e-6	-4.5376343633073135e-6	-5.415257790255221e-6	-5.570342132704425e-6	-6.119265611261893e-6	-6.566556513495392e-6	-7.331890799241839e-6	-7.790570772314102e-6	-8.19888642926165e-6	-8.344459959163178e-6	-8.345094516267306e-6	-7.70494370074589e-6	-7.175296951923443e-6	-6.867606837894631e-6	-6.136103573899575e-6	-5.787543325987652e-6	-5.298251656740519e-6	-4.7673638623488106e-6	-4.098139714273042e-6	-3.6836206563598414e-6	-3.189870734226921e-6	-2.6497680331654615e-6	-1.5500674487999193e-6	-3.2062279941473884e-7	1.1299608628336302e-6	2.5690637117659065e-6	4.2114051476823886e-6	5.951254829108902e-6	7.551505352022119e-6	8.921295008344852e-6	1.032643769484972e-5	1.068875431822205e-5	1.0099836547335702e-5	8.1469022188683e-6	5.957973957942952e-6	2.9495472064116134e-6	-1.894688643174283e-7	-4.146997187922524e-6	-8.715514914587816e-6	-1.3778209535754078e-5	-1.924071931782515e-5	-2.6314705902047254e-5	-3.2783844253680625e-5	-3.874287985425936e-5	-4.360117650497978e-5	-4.8095907668305696e-5	-5.1778433865262874e-5	-5.315844595836071e-5	-5.391498125229855e-5	-5.428659534975708e-5	-5.402869789473789e-5	-5.427840495586446e-5	-5.4984646789000065e-5	-5.5216304315278124e-5	-5.617791013195344e-5	-5.725353922377126e-5	-5.671584213287183e-5	-5.462423562248557e-5	-5.143733155339377e-5	-4.8636916563161204e-5	-4.8324671326170625e-5	-4.857806937741057e-5	-4.9726813964277854e-5	-5.132966278582895e-5	-5.270365644420701e-5	-5.3247144970417364e-5	-5.352164673640743e-5	-5.3563905818654414e-5	-5.402252677860243e-5	-5.5400434843214535e-5	-5.6408627122333636e-5	-5.7478669667301335e-5	-6.112843318551234e-5	-6.134334122072762e-5	-6.175297967615399e-5	-6.272387344762043e-5	-6.470211915885187e-5	-6.654130973982562e-5	-6.748510372755773e-5	-6.816412584386995e-5	-6.801130188812277e-5	-6.813204941088884e-5	-6.857220025363684e-5	-6.889154515951623e-5	-6.990637246319636e-5	-7.051665235893387e-5	-7.14502646203272e-5	-7.133539606186869e-5	-7.065603796214525e-5	-7.132832300336695e-5	-7.224977208576764e-5	-7.303967273120278e-5	-7.534577458744463e-5	-7.783900870595491e-5	-8.029005586199147e-5	-8.402453253032563e-5	-8.802729350293729e-5
-4.988802457212916e-6	-2.1646714639961956e-6	-2.4203376140037505e-6	-2.7141213172873937e-6	-2.715781278247314e-6	-2.7321156140680965e-6	-2.5428045546992475e-6	-2.5045812388564855e-6	-2.6389532283032677e-6	-2.559232837315902e-6	-2.674414213173345e-6	-2.7885591154708143e-6	-2.895810316121431e-6	-3.186268095748583e-6	-3.5069182604261554e-6	-3.7002457921439433e-6	-4.115483199726173e-6	-3.90959149277649e-6	-3.6810459723229066e-6	-3.6969368938496914e-6	-3.5013758629661228e-6	-3.0755112202080453e-6	-2.613124771227255e-6	-1.8611689304255574e-6	-1.4933065472112065e-6	-1.132421135758687e-6	-1.0897624606366358e-6	-6.628046744262816e-7	-6.761014016980377e-7	-1.377576146959023e-6	-2.2391086990721128e-6	-3.10425655585542e-6	-4.223957098534788e-6	-5.070221168910691e-6	-5.533473359424847e-6	-6.164120900991817e-6	-6.46591723576801e-6	-6.318311608773888e-6	-6.535649715107456e-6	-6.7314054070372045e-6	-6.484150831553587e-6	-6.536800563187484e-6	-6.188636804621907e-6	-6.135572976876009e-6	-6.017773374067131e-6	-5.371586140300032e-6	-5.010487745462245e-6	-4.378543885699259e-6	-3.7214482214689873e-6	-2.7331154063580695e-6	-1.9847799971476135e-6	-1.3195563226624759e-6	-6.568414296628451e-7	3.2925572668708944e-7	1.7254753900100733e-6	3.2837933015687246e-6	4.934697180774324e-6	6.625946418327508e-6	8.434292896259202e-6	1.0306116717147523e-5	1.17744969143122e-5	1.2932916791262484e-5	1.2732723596721276e-5	1.2197334362960744e-5	1.0186916994626635e-5	7.984926017915936e-6	5.148111952468955e-6	1.6768434622609072e-6	-2.596870824931804e-6	-7.729770832741109e-6	-1.3780686379354088e-5	-1.9975201015292286e-5	-2.6067697287313233e-5	-3.228059035082897e-5	-3.8193188523394546e-5	-4.362775082877596e-5	-4.783484183301482e-5	-5.012012277915648e-5	-5.336529548068038e-5	-5.392785411208623e-5	-5.509870429918142e-5	-5.466180477681605e-5	-5.4166721433733516e-5	-5.424518972164471e-5	-5.4038692771029514e-5	-5.384940010311764e-5	-5.433805199279431e-5	-5.471030542394516e-5	-5.4727059773588924e-5	-5.3250032580273454e-5	-5.0443785899658554e-5	-4.932317288294405e-5	-4.793358680490371e-5	-4.825628492313065e-5	-4.917740862561735e-5	-4.9927079294855355e-5	-5.094864268700201e-5	-5.11649583771344e-5	-5.151653320107545e-5	-5.2439212153631506e-5	-5.393259799938961e-5	-5.53251588029306e-5	-5.653930662140229e-5	-5.774715702773795e-5	-6.061190085536634e-5	-6.0873175159695686e-5	-6.059651312358745e-5	-6.134094737144866e-5	-6.304700471274679e-5	-6.400533810910995e-5	-6.466676109255064e-5	-6.475316653047677e-5	-6.485068699494528e-5	-6.509553947850293e-5	-6.592654262132028e-5	-6.66972905534859e-5	-6.753015784912407e-5	-6.830089794792899e-5	-6.854325699688288e-5	-6.895539446513319e-5	-6.954150372413294e-5	-7.057491416360279e-5	-7.240192397982466e-5	-7.513967395067055e-5	-7.749603624562697e-5	-8.250064448332532e-5	-8.682984044500271e-5	-9.055369684619288e-5
-1.5934833666334314e-6	-1.8252046704266606e-6	-2.059188209486626e-6	-2.232176184342738e-6	-2.4882344218358186e-6	-2.665502953585032e-6	-2.7662787222015347e-6	-2.7895186736957927e-6	-2.9520641499065996e-6	-3.1112016852770717e-6	-3.1909992755248767e-6	-3.450050236274669e-6	-3.557525670940973e-6	-3.4165390758482055e-6	-3.410906141408133e-6	-3.7808586875176776e-6	-3.855950446635982e-6	-3.7110003804174774e-6	-3.5330372023692313e-6	-3.217217603570599e-6	-2.8699776760579116e-6	-2.5929162564611564e-6	-2.2047892001963044e-6	-1.3988377242559605e-6	-7.699810874886667e-7	-4.889507554265218e-7	-1.528374730377577e-7	-2.5307353326668725e-7	-9.812140927241766e-7	-1.781466638160582e-6	-2.6338503941866413e-6	-3.2875923270075757e-6	-4.164891009655024e-6	-4.724532973231308e-6	-5.504317554321739e-6	-5.685786837552643e-6	-5.8673650356680365e-6	-6.16562445765684e-6	-6.035357137017596e-6	-5.689174452990375e-6	-5.3635446737730795e-6	-5.371112701737373e-6	-5.475286108563067e-6	-5.562053687633086e-6	-5.276374699843006e-6	-4.868788673010466e-6	-4.250627120790974e-6	-3.5326214054150723e-6	-2.920199914941811e-6	-1.927919801613439e-6	-9.45205875103449e-7	-5.265762733621878e-8	1.0236718916110943e-6	2.3063242816727912e-6	3.7500673559834846e-6	5.271905894959575e-6	6.862213412523604e-6	8.48284865338474e-6	1.0297486335039772e-5	1.153288049641262e-5	1.2863219258469562e-5	1.3381081031898447e-5	1.302464537183143e-5	1.177808617915674e-5	9.742419144912005e-6	7.573088399328957e-6	4.630698518322436e-6	1.1473209155735825e-6	-3.264589881518849e-6	-8.258744930338471e-6	-1.3723875285981053e-5	-1.9580237794634622e-5	-2.485477370250087e-5	-2.9902692184912736e-5	-3.5038949344789235e-5	-3.978548793990037e-5	-4.405850054093381e-5	-4.826350734674468e-5	-5.0817957795382805e-5	-5.267019928789076e-5	-5.3451778464811636e-5	-5.343114786742928e-5	-5.3195951956559386e-5	-5.294432415674536e-5	-5.250663552222329e-5	-5.1946867795260754e-5	-5.2000152843617927e-5	-5.230795032957601e-5	-5.311069865013761e-5	-5.3379860720428184e-5	-5.22527606212496e-5	-5.01547142847062e-5	-4.85863733143757e-5	-4.7949880805015544e-5	-4.767681455116216e-5	-4.7819253469623915e-5	-4.8354574200780685e-5	-4.863282604996828e-5	-4.909639803539998e-5	-5.030365777245783e-5	-5.212318253741817e-5	-5.3439675284211966e-5	-5.477115281362623e-5	-5.6042653407784107e-5	-5.684550892748026e-5	-5.8628130453729215e-5	-5.914050800866427e-5	-5.87656159330022e-5	-5.9739917547053146e-5	-6.0219608728035664e-5	-6.0978670721255166e-5	-6.162810848935833e-5	-6.192090258778666e-5	-6.196480216143305e-5	-6.277831218195681e-5	-6.310992198396616e-5	-6.449622050894253e-5	-6.567898163810544e-5	-6.730944740918239e-5	-6.809202002429088e-5	-6.876580612715736e-5	-7.054372934054125e-5	-7.353969958489269e-5	-7.610642688976599e-5	-7.959406356933003e-5	-8.339253050311609e-5	-8.791540678505619e-5	-9.228872603465626e-5
