-1.017835311476964e-5	-1.3224703721437941e-5	-1.3586920081859119e-5	-2.3082235992358258e-5	-2.4982204754322654e-5	-3.0285220539065863e-5	-2.2408345727478567e-5	-2.3645766334540186e-5	-1.947480940617599e-5	-1.755643156894915e-5	-2.144884069616923e-5	-1.3110389340722627e-5	-1.6235247196107194e-5	-1.673509912597385e-5	-1.8719474721132136e-5	-1.3191254644460753e-5	-1.1018158245181724e-5	-9.715536938192026e-6	-8.443035106367154e-6	-6.118036222898865e-6	-5.7458175468650926e-6	-3.207070957948364e-6	-1.8421100589198231e-6	-1.1798764708778327e-6	-1.4914608227779977e-6	-1.5876780481136922e-6	-7.57856895050894e-7	-5.0504911227277054e-8	5.605335819661899e-7	-7.351125781094583e-7	-3.4592336404338586e-7	1.1836391818119494e-6	-1.9299141295069143e-6	-1.0784070906977457e-6	2.362438205605051e-7	5.991689993277687e-7	7.234613222826202e-7	-1.2484128500796698e-6	1.6805853651530485e-7	1.4175539158773893e-6	-2.537422083497107e-7	1.619235933453722e-6	-2.2972429478636583e-6	1.8030443911726864e-6	-2.201909241419421e-6	-2.067511878931297e-6	-1.2294526528300927e-7	-1.8070199403106245e-6	-3.732889783955931e-6	-1.6964256859480038e-6	-6.072775610285394e-7	-2.0174867906928157e-6	-3.706594535493016e-6	-4.431799199811851e-8	-4.936419544006722e-6	-4.502620259806494e-6	-2.9409475207778715e-6	1.3652737929992567e-6	3.530544963098372e-6	-5.84961046547444e-6	-4.6501724251303035e-6	-1.2538175555578627e-6	-3.2108875190021025e-6	-4.2941495696194494e-7	-5.28910242155161e-8	-2.415630222978374e-6	-2.401697378028988e-6	-2.205886738733138e-6	-7.011535449463757e-8	-1.0517277763207218e-6	-3.3242663518271744e-6	1.1490184041588244e-6	-2.4074120552142284e-6	-7.355860187049966e-6	-4.794658204130111e-6	-4.70209622242335e-6	-1.9688894611902263e-6	-8.606201011172529e-6	-3.183685310010915e-6	-4.965841445187837e-6	-1.3026423134067898e-6	-4.255250597956332e-6	-9.080210643444813e-6	-5.691489319496323e-6	-6.262751039607609e-6	-1.5289859324116566e-5	-1.536739468722915e-5	-1.879658199379318e-5	-2.472564084629158e-5	-1.8931654949760034e-5	-4.524520135721494e-5	-3.2990261930143476e-5	-5.123839449516082e-5	-5.5940502067825665e-5	-4.628340828541182e-5	-0.0001006335422978899	-5.408759919979522e-5	-8.931760496141972e-5	-0.00010233190298825426	-0.0002160344507993496	-7.652069218067395e-5	-2.9403836678855433e-5	-8.346378601274684e-5	-0.00010251430509599507	-0.0001431432826003859	-0.0002474899164729358	-0.0003941341068618154	-0.0001988632755646133	-0.0005504922852197364	-0.00023023869052604673	-0.0004632545161278173	-0.0004193966842650637	-0.0004510735155619644	-0.0005098975441094472	-0.00025769454929311375	-0.00043514221089238636	-0.000490192489464164	-0.000488710992247593	-0.0003617657605772817	-0.0001314650536869688	-0.0005266773345571907	-0.00013467074677642188	-0.0003065348864496331	-0.00021445028912381314	-0.0004033975952756619	-0.00020012668822469437	-0.00021408260364105813	-0.00015593096475488566
-3.0322350397715345e-5	-2.310325325147189e-5	-2.531514494558129e-5	-2.6065037443939038e-5	-3.612009983103813e-5	-2.4374548400160102e-5	-3.294736716525498e-5	-1.2762878319298732e-5	-2.5090226527272816e-5	-2.2076146181829008e-5	-3.652811831223596e-5	-1.9662137518724858e-5	-2.6617669352001824e-5	-1.2877954013227038e-5	-1.572742688849254e-5	-1.813344820031067e-5	-8.548296060129036e-6	-9.931785042549112e-6	-9.889320062178054e-6	-5.874019922135236e-6	-7.2393115875296794e-6	-6.9505307389981395e-6	-6.600876343052864e-6	-5.213265783014743e-6	-1.3562986954176212e-6	-3.8593865313318355e-6	-3.640535367672895e-6	-1.7559606671951932e-6	-9.744692023994756e-7	-1.5130146984395384e-6	1.3037065044258964e-6	-1.102123293242861e-6	-3.744211946306937e-7	-3.1194229531818045e-6	1.5686516552392872e-7	-9.429645107285334e-8	1.0295382236080904e-6	1.3458434924639535e-6	1.691454131943213e-6	1.2341307310944835e-6	2.8425228428783375e-6	-5.15418531964705e-7	3.3436341836826176e-6	5.268460059220433e-6	-3.1198002216565116e-8	-4.4469462664911263e-7	-1.0395256737924605e-6	-2.6302316105827027e-6	5.407859998295041e-6	5.297406732566491e-7	-8.378345082602975e-7	-4.6851272725778256e-7	-1.148221828964238e-5	1.2552525140738062e-6	-7.324077901506385e-7	-2.3548278263322078e-8	1.074633749500141e-6	-4.571932161199013e-6	3.0741585289200714e-6	1.7924620697494596e-6	-4.472332352140106e-6	2.6011857496785213e-6	-3.130449882199045e-6	-1.658175837984015e-6	-2.2778742901510916e-6	-9.47489021919587e-7	-2.3747539376031863e-6	7.714191630858562e-7	-5.969463001708787e-6	-7.0393251605071604e-6	-7.27747838391319e-8	-2.630103539201078e-6	5.118647205312049e-7	-3.4257732555668247e-6	1.4400622282638963e-6	-5.63399611116849e-6	-2.0855589323120864e-6	-8.0239669956691e-6	8.62111319561553e-7	-4.8167853305145295e-6	-2.229077145576245e-6	-8.164780971545854e-7	-2.91353516291247e-6	-6.897264267428753e-6	-1.1517438681918866e-5	-7.780684394844382e-6	-2.9405487037849863e-5	-2.6162051176706683e-5	-3.541231401811475e-5	-4.0408105870691144e-5	-5.561304217973576e-5	-7.60422337619561e-5	-7.770313323438201e-5	-0.00010094146926740294	-6.588643679575866e-5	-5.568947538357738e-5	-0.00014659629304740462	-8.988106483046043e-5	-0.00017271794752879085	-0.0001164681686597474	-0.00010672343271709434	-0.00022959851251128094	-8.468875828480243e-5	-0.00020778134529782222	-0.0003719230598411144	-0.00023553739254139616	-0.0003182004301976321	-0.00032505976534612235	-0.0002670942785519548	-0.00044825679084391223	-8.638012722640698e-5	-0.0006785330652382682	-0.00034583070998919774	-0.00039806165091568757	-0.00042413549885753077	-0.000366738117738713	-0.0003761100805799167	-0.0003196767069807427	-0.00028060684201594577	-0.0003814930142620465	-0.0003536155201121216	-0.00025624707434071525	-0.00020642405970314193	-0.00026551414062173095	-0.00019117782443928144	-0.00028321542160092417	1.8814084404988884e-5	-0.00014167844415019504
-5.109444565034628e-5	-4.2835416339198976e-5	-1.3628320341815478e-5	-4.773190374310517e-5	-1.99948849252847e-5	-2.4421710855850043e-5	-3.865170580515456e-5	-3.0031387126443557e-5	-2.750751896770688e-5	-4.074172605999984e-5	-2.5635453165090936e-5	-3.8999341340421705e-5	-3.2440364413841016e-5	-1.3332445465295741e-5	-1.0734827841907529e-5	-1.9667006602918854e-5	-2.776718521861057e-5	-2.997411829714345e-5	-1.3055661779670874e-5	-1.1330341894067895e-5	-4.615371398866003e-6	-8.929250779870905e-6	-1.0027090691026972e-5	-2.2879284865317054e-6	-2.4730153922537844e-6	-2.4436878081913463e-6	-1.1047803297192793e-6	1.5661914056923397e-6	-1.1001463818714405e-6	-1.4944692296967607e-6	7.462123096085155e-7	-3.584488002234378e-7	-8.516927719586778e-7	1.8223195999753474e-6	-1.6320617698685176e-6	1.8535383968507676e-6	5.46643723938877e-8	-9.811894559238728e-7	-5.058006507255514e-6	-2.4628209272171053e-6	3.693129337433809e-6	5.0927707299382565e-6	-2.3580574782567938e-6	-1.938954808614491e-6	7.995957140762705e-8	-4.2957765505045355e-6	-1.2680575600649115e-5	-1.7109156837591052e-5	-9.674457026096319e-6	3.626227498886112e-6	4.7649144727806864e-6	-7.82946722456242e-6	9.350158519075454e-6	-2.1330476650933093e-6	-4.93738791442367e-6	-4.584802996239132e-7	7.2017844704279355e-6	-2.610409853770826e-6	-9.229317749501545e-6	-9.69757687509492e-6	-7.016990849863843e-6	1.0312966640065903e-6	-7.264145407697049e-6	-3.500063550755184e-6	-1.4821359641166171e-6	-1.5004937091824596e-5	-2.4874058467529245e-6	-5.500619253975218e-6	2.106757287069841e-7	-4.249282912029747e-6	-3.2173155673355207e-6	-1.203449588382333e-5	-5.44699613918339e-6	-6.446051679898871e-6	-3.682346142147141e-6	-3.6735090474084367e-6	-3.2241521396593996e-6	-4.502080403357561e-6	-4.197025553162072e-6	-5.155550228538256e-6	-5.905478132873197e-6	-6.89492984462612e-6	-6.851162466395364e-6	-9.890557407907404e-6	-2.0249225202422644e-5	-2.3589286855243627e-5	-2.838266595492009e-5	-3.408784620675606e-5	-4.6972940538321864e-5	-3.378160517162124e-5	-7.07387246652244e-5	-5.7519194621028294e-5	-7.558703622322256e-5	-0.00012759018559564683	-0.00010960415517888289	-0.00010126183068058167	-0.00013392263508013244	-0.00018808657431014508	-0.00020902503632038577	-0.00017918927518005556	-0.00032848291957581627	-0.0002308622802475735	-0.00018779015343618755	-0.0003442693124935253	-0.00022571897150859555	-0.0003373560545499865	-0.0004219998428391797	-0.000402414245589261	-0.000394005070540257	-0.0003862020187157811	-0.00047715712674437083	-0.0002971022624968789	-0.000648977768226422	-0.0003142987281025411	-0.00022907000732028115	-0.00044091605366780584	-0.00024899032488590045	-0.0006826492171020659	-6.0753366313420765e-5	-0.0002655705516607654	-0.0002737638891622818	-0.0002960567229738642	-0.00030453421902276734	-0.00020164984048873236	-0.00024029279000609138	-1.2165539842873274e-5	-0.00022655849635580538	-0.00012075025224503322
-5.516745643207449e-5	-3.52150966265001e-5	-5.049189622722931e-5	-4.300436485323196e-5	-9.410216881980751e-6	-2.633847661997167e-5	-3.346067997331281e-5	-2.6895841239923945e-5	-4.454426736320849e-5	-1.166921987099008e-5	-3.8394494425138606e-5	-4.2588680046235124e-5	-2.8457383747636927e-5	-3.703534705204025e-5	-2.5111820785230117e-5	-2.7295587936172067e-5	-1.8020251225459374e-5	-1.590391009940453e-5	-3.660687679092438e-6	-1.5515269699160807e-5	-1.1830894658995108e-5	-1.8172265179184494e-6	-7.024343773472368e-6	-6.8171980545730666e-6	-4.165367823813384e-6	-4.437065288348226e-6	-1.878377638029e-6	-3.298281329181191e-6	-3.495358113326597e-7	-2.376178392910584e-6	-3.438189530375799e-6	-2.358684282637762e-6	-2.350982127345084e-6	1.0021162519187376e-6	-5.067268304313971e-6	-3.839682003879859e-6	1.0913345287145645e-6	2.8379780452481972e-6	-1.4444113189315735e-6	6.701789053180016e-7	-2.061543345971764e-6	3.5669912661594194e-8	-9.732710107681133e-7	-1.4963395207959456e-6	1.8993311155617032e-6	-1.0020905868204357e-5	-7.781835343213112e-6	-6.231922597865931e-6	1.1157290267735116e-5	3.3047512209422036e-6	-1.0619069100610556e-6	-4.940691004104783e-6	-4.777347984710138e-6	1.634831457491756e-5	-4.5682872090203885e-6	-1.723468373224235e-5	-2.6413911002561886e-6	-1.637141502686167e-5	-1.0322168636598284e-5	3.5070726636904186e-6	1.7032787669440247e-5	1.5956445623892083e-6	-8.535409724385982e-6	2.961918531892583e-6	1.0972529173236198e-6	-4.96350498950613e-6	-7.2661391538482965e-6	-6.328000189820271e-7	-6.038127727577957e-6	-4.7374701817731735e-6	-3.9585949264658166e-6	-7.521655790343387e-6	-4.471977699445091e-6	-5.788153566469931e-6	-4.223389284238772e-6	-4.029206981080724e-6	-4.096935396729999e-6	-5.101270663212306e-6	-6.111353725868091e-6	-6.443250033722533e-6	-5.577665709670648e-6	-7.893546452868334e-6	-1.1880928471672946e-5	-6.46580194713e-6	-2.640692874057108e-5	-3.954737606186656e-5	-6.018043593840339e-5	-4.602318959961993e-5	-6.059854292081619e-5	-9.368992262776335e-5	-6.0579292233617354e-5	-0.00016191873281621097	-0.000103980973137352	3.096835125577374e-6	-0.0002206873694747015	-0.00026223680345272005	-0.00029324441095865406	-0.0002755144636740203	-8.732782834537656e-5	-2.7159893258021928e-5	-0.00030968848362469825	-0.0002999166887063254	-0.00023927715277899386	0.00010082722959499357	-0.0002864002166935026	-0.0003117561439038019	-0.0003837665591126943	-0.0005561941098658485	-0.00047882820755282274	-0.0006536154538612504	-0.0005122196937434875	-0.0004599310407353563	-0.00018922725799480622	-0.0002543664280943436	-0.0005037994977794003	-0.0003040689878705538	-0.00017074221810714496	-0.00020486907526331977	-0.00037536514695124534	-0.00027295724274595257	-0.0001917357223511773	-0.0003599617565824831	-0.0001281215368173494	-4.8027315631415934e-5	-4.0276180827969466e-5	-6.127910678888071e-7	-1.3392802492018241e-5	-0.0003002453754369361
-1.7803805169502515e-5	-1.4746548844231724e-5	-3.63259484883853e-5	-3.7273305373165116e-5	-1.9402904440470395e-5	-1.4308310937981294e-5	-5.878244668366256e-6	-5.0667366894956156e-5	-1.6296787866670187e-5	-3.0325145606441284e-5	-1.9707829525218365e-5	-1.2558062703334032e-5	-5.670555340662065e-5	-5.0001021999570607e-5	-6.0718334047161863e-5	-1.0476575797212576e-5	-3.275931907470095e-5	-3.575408571369464e-5	-1.5703242912002303e-5	-3.6854262419345595e-5	-2.474077783327878e-5	-9.639243833599884e-6	-1.5812320511521217e-5	-1.0363848163317353e-5	-8.206635241161941e-6	-6.8734844103576515e-6	-8.127469763142365e-6	-2.383353354896891e-6	-4.819871325651261e-6	-2.363079113084591e-6	-1.5185188244099153e-6	-8.361673356618643e-6	-6.308721719940763e-7	7.462892202001262e-7	4.405292320167065e-6	1.941600431321945e-6	7.387704221295402e-6	-2.5176189190584224e-6	2.8570574623851003e-6	-1.0582406126521601e-6	-6.930080610794342e-6	1.4150225790903435e-6	-3.6070821825859127e-6	4.003622350908908e-6	-6.100043294923405e-6	-5.7602836414064225e-6	-1.834797233851021e-5	-2.417013766594419e-6	-5.350076765886069e-6	-1.695508289973821e-5	6.6226981987630926e-6	1.4876991918108887e-5	-2.65102925099377e-5	-2.087993745459628e-5	7.594937184588271e-6	-1.9871645697217347e-5	-3.342283454122949e-5	2.0356967115687033e-5	-6.054153421533419e-6	-2.6839424779878662e-8	1.563534390391745e-5	-2.481020150066869e-6	-6.363851706345756e-6	1.3912682177109545e-5	5.452048860120351e-6	-1.0456231421072243e-5	-8.433894519723449e-6	-2.3040741203524985e-6	-4.948778305278578e-6	-1.3501769553737539e-6	-5.949479800417164e-6	-7.327599695094479e-6	-5.169941487718696e-6	-6.63661511949307e-6	-6.0088779858433715e-6	-6.8096127898271096e-6	-7.191525207370791e-6	-9.981521970178937e-6	-6.760943293117414e-6	-4.170571358966604e-6	-9.46378426200465e-6	-8.177347891164498e-6	-1.2795690681609469e-5	-3.608293609107076e-5	-3.270056310965535e-5	-3.484984992100683e-5	-4.238266774212254e-5	-8.781884318050451e-5	-0.00015827953504061673	-5.986983641053517e-5	-4.266567296944829e-6	-1.923513702917906e-5	-0.00012012848398315623	-4.852927142171698e-5	-0.00017491191600573636	-0.0002029347772724427	-0.00012695408689155502	-0.00016353633941826318	-0.0002508196937905244	-0.00020961944202993466	-0.00014756276170597993	-0.00017247259935342096	-0.000511588606763938	-6.278166463265233e-5	-0.0004943704787988695	-0.00018990557824200005	-0.00012500753470562342	-0.0004886552642559272	-0.0006080431731031455	-0.0005461780441980146	-0.0005004809392437914	-0.0006200141311821228	-0.000506670063977338	-0.0003087815376653924	-0.00020600460356665073	-0.0006084108802699439	-0.0005608572091996	-0.00038435552483784274	-0.00031171812093361284	-0.00026318539361747106	5.5201589826969766e-5	-0.00017874204720491615	-0.00019076066681139592	-0.00012359321465565953	-9.101183348625419e-5	2.3687540644246052e-5	-0.00021806939934365666	-0.0002453989485576291
-4.1010860614594524e-5	-4.3101079075149457e-5	-4.9182444954772725e-5	3.121549514099181e-6	-7.221468228632046e-5	-2.983152800847301e-5	-5.76029973503242e-6	1.7074889272676932e-5	-4.706411042137981e-5	-3.416980782523782e-5	-3.0584064604878905e-5	-6.401517228631082e-5	-4.909296100609299e-5	-1.6887848473703775e-5	-4.1531719130959675e-5	-2.6974890081506685e-5	-3.80212927250179e-5	-2.423948764146769e-6	-2.40719716295551e-5	-7.895576113216545e-6	-2.9823975015682343e-5	-3.088756294733052e-5	-2.754904289447354e-5	-4.804224509533106e-6	-2.0297125593216232e-5	-5.17385511874819e-7	-1.3021643157739952e-5	-1.1864055151847167e-5	6.290752000668058e-6	-5.2814198327200135e-6	-2.1074647289873877e-6	1.1484892626766746e-6	5.351604305103147e-6	1.621115181926324e-6	2.33538587909388e-7	-5.7727582344338155e-8	3.6848101609907036e-6	2.198459106818665e-6	3.281778162753362e-6	8.2468728636949e-6	-9.850786500528383e-6	-5.125513593195671e-6	-7.656364691549511e-8	-1.1138287252970055e-5	1.4386373155587072e-5	7.207156014566243e-6	-1.8292586548155146e-5	-1.231981300287531e-6	5.660559572614153e-6	3.479148189705107e-6	-1.8561880006130738e-8	4.151908444870525e-5	9.910643608405413e-6	-9.75746481497123e-6	-1.8365187097317028e-5	-7.097255522539071e-6	-1.773127949805317e-6	9.68799185026379e-6	-4.861049917085324e-6	8.13983415718332e-7	-1.801836505249243e-5	-1.0368796614498507e-5	-3.4562427247454564e-6	1.5161609218539845e-5	-1.1966678190901414e-6	1.2161471035407843e-5	-1.3001771087171009e-5	-1.8671976670988494e-5	-1.4384915242478258e-5	-1.1859149729939733e-5	-6.536962032061781e-6	-1.0330100591929552e-5	-6.815640445686361e-6	-8.558188303810135e-6	-8.54035266985298e-6	-8.425227339793964e-6	-1.3182927548259591e-5	-1.7282560744926595e-5	-4.551117512366365e-6	-2.242921085947487e-5	1.2401877620563453e-5	-4.930454272124036e-5	-3.049430045770022e-5	-7.61900342349884e-5	-4.69612074379365e-5	-3.898885947710602e-5	-6.094862841417997e-5	-0.00010890942553180849	-0.0001512213273981329	-7.552387263753263e-5	-0.00017301967963814086	-0.0002434795231100531	-0.00023574146378480682	-0.0001585734581838194	-0.00040089202573909133	-9.245181660164081e-5	-0.0001521535122287615	-0.0003280782275624089	-0.0002086289420302062	-0.00027082312087367555	-0.00040669327714543124	-0.00022021353924400744	-0.0004508986500145751	-0.0002802505948661105	-0.00019476491816897146	-0.00044721060622060493	-0.0003887637607669081	-0.0006010713194531947	-0.0004570481363166956	-0.00038152348034309336	-0.0004948381439849603	-0.000480189867903269	-0.00045094723311392415	-0.0002712539394489344	-0.0003877053409220843	-0.00023882063861224712	-0.0001862478921088595	-0.0004112271504222442	-0.0002686679654792523	-0.0001447930967832245	-0.00010663735519611528	-0.00019685858845819304	-0.00010966021927322211	-0.00011868444595164451	-0.0002813790433292551	-0.00044040133952844007	-0.0004227416377025617	-0.0003586939989821958
-4.559274100835245e-5	-5.2360146654637646e-5	-8.202457674666083e-5	-6.381603822854312e-5	-3.236889516188349e-5	-6.906099634220245e-5	-0.00010663174512749903	-8.706721460341807e-6	-2.749044684924838e-5	-2.986600495993169e-5	-5.4329275995558535e-5	-3.9907789258549625e-5	-4.641569924636671e-5	-7.966706653639126e-5	-4.586565908971593e-5	-5.934641341721891e-5	-2.359890440613993e-5	-3.5375300711198814e-5	-2.9896622490469503e-5	-5.251741831127296e-5	-4.822393806708843e-5	-3.62214554546934e-5	-2.7175816122177593e-5	-3.851739212952163e-5	-1.4942379981724898e-5	-1.74649067790863e-5	-9.988866084644811e-6	-2.0344081372867043e-5	-7.82124914150157e-6	-1.6942667768423715e-5	-4.7232202076883355e-6	-5.837466299999771e-6	-1.007230187926797e-5	-9.19298189953682e-6	-1.2254121362651003e-5	-4.889175646098903e-6	-9.876413143534383e-6	-1.1396145427344535e-5	-2.285543648328052e-5	2.1553693210643945e-5	-2.1170429436736214e-5	-2.1178594495534567e-5	3.982818374691395e-6	-2.5929771703273388e-5	-3.448434266817898e-5	-5.653222573225036e-6	-4.84911410477502e-5	-3.3890485497166736e-5	-4.173975076161851e-5	2.626317064757626e-5	-8.554674980551513e-6	-3.301245114404293e-5	-1.804424123140469e-5	-1.3327887242193387e-5	-2.1623159399087807e-5	-8.287402882001249e-6	-1.6779600712363285e-5	2.9790903630696336e-5	-4.202615360750228e-5	-8.995216816418475e-6	-3.210728801968446e-5	1.805219995297709e-5	-5.461854994432032e-5	-3.222259698648644e-5	7.175307236936303e-6	-5.435252196776298e-6	-2.1401939126627044e-5	-1.631968316723447e-5	-8.890121034081308e-6	-6.0801485238714745e-6	-6.218785794480375e-6	-1.0432772674191446e-5	-8.25876503686776e-6	-1.4832025649444587e-5	-1.5646485436492455e-5	-1.7030418687693366e-5	-2.520400405850616e-6	-2.804372605988946e-5	-1.6310325147233205e-5	-2.830420969758725e-5	1.1430854635237353e-5	-3.5128430248216116e-5	-6.34436622161394e-6	-3.777867775556221e-5	-0.000184464669559202	-7.370048039738453e-5	-0.00010121984901721032	-0.00012576287667515063	-0.0001730153428294509	-0.0001516797917735374	-0.0003124408690753297	3.754420819374049e-5	5.344881980583194e-5	-0.0005917709410604294	-7.95358895931686e-5	-3.779240375506587e-5	-0.00031184524905934763	-6.532914400420031e-6	-0.00039998194101449613	-0.00018318464150082758	-0.0003678027283779417	-0.00037609069504507264	-0.0003376993021157737	-0.0006447425384380201	-0.00025799680317475926	-0.0004269270917692247	-0.00033309988881763397	-0.0005183110234410759	-0.0006328364264909792	-0.00019873888775986948	-0.0007157609357641426	-0.00030049172785456824	-0.0003614806804580484	-0.00011762927871333817	-0.00028774777699469567	-0.00035791914137356384	-0.00039477030585460815	-5.25361004699576e-7	-0.00013311836442181368	-0.00010864995968890012	3.895648994362011e-5	0.00015459497831188385	-1.1379916106668553e-5	-0.00022505827496771547	-0.00016323977759802322	-0.0002638964350862305	-0.00031682816092892807	-0.0002419365272357532
-2.3531030639636907e-5	-1.9699682423518494e-6	-6.037201581753429e-5	-7.444450871724184e-5	-8.334214801576298e-5	-9.39898793560559e-6	-2.0979906993536662e-5	-5.5870562896184056e-5	-3.250969101125517e-5	-6.923225014110468e-5	-8.012663273225355e-5	4.461859890890138e-6	-4.009890564125179e-6	-1.8278890364211223e-5	2.375922673663808e-6	-4.0367686813700884e-5	-2.7993276777550993e-5	-4.014655700435889e-5	-7.285045708501324e-5	-3.642880810374172e-5	-8.277745893250921e-5	-6.0701505196565815e-5	-3.9392739355323565e-5	-6.0797147413585266e-5	-1.4309215907982141e-5	1.1958510082784451e-5	1.1174150119737034e-6	-2.865176832226278e-5	-7.960350247352387e-6	-1.1580921429623324e-5	-2.152790478434502e-6	4.0953375537782985e-6	-9.315638199529873e-6	1.0940510650203628e-5	5.653074173052677e-7	-1.463804019674348e-5	5.159894321711544e-7	-2.8879472801341365e-5	-7.411659583593175e-6	2.1607919921113987e-5	3.071656969576286e-5	-3.197821070173145e-5	-1.1952948125639601e-5	-2.903595197395123e-5	-5.658630031560308e-6	3.057603066678079e-5	1.7128186618597246e-5	7.306632241518146e-6	-4.9062841869741344e-5	-8.743532766840485e-5	-4.137360145781664e-5	3.8403912753885716e-5	4.118218488663797e-5	-1.7898612550849152e-5	4.121372297258286e-6	-0.00010426875766337933	-2.1590401585698873e-5	4.263666175219165e-5	-1.5026450542838729e-5	2.4900796756575222e-5	-7.13270181850259e-7	1.7557129524097687e-5	2.5617276176856038e-5	-4.792624223913869e-5	-4.3223841931887275e-5	3.290012170033621e-6	-3.850916574553789e-5	2.719203104329347e-5	-1.5576934883567047e-5	-2.073804825509628e-5	-3.5932303139862842e-6	-1.1843084903062108e-5	-9.584162890402537e-6	-1.856109904175337e-5	-2.0117691827735776e-5	-3.2615879127281117e-5	-1.2748724059936933e-5	-5.951711969402404e-5	-3.317143041909991e-5	-1.6348980004000924e-5	2.268279693847658e-5	-0.0001388110790591715	-3.635477471364626e-5	3.461224633728027e-5	-0.0001322361545350731	-7.838330678966443e-5	4.951732112453561e-5	-0.00014991595746922937	-0.00023935927567254878	-0.00019109916015065675	-0.00019863519466409296	-9.989340084282095e-5	-0.0001706855956486869	-0.00021887131321750297	-6.983265419917284e-5	-0.00021484789858652875	-0.0002275133206830482	-0.0003477278469506129	-0.00030814565309122965	-0.0004888534455710358	-0.00034555708988692757	-0.0001494044471472833	-0.0006510038710362542	-0.00032420834680108035	-0.0005504121789422223	-0.0007328591401269124	-0.0005465025025401526	-0.0007180605285719843	-0.00026651231135182973	-0.0005311293288859376	-0.0003014683771715432	-0.0002279842981067759	-0.0003341814455368186	-0.0002811457013376928	-0.00014532541836587143	-3.3655348473382585e-5	-0.0003358895410074392	-5.7989940974167986e-5	-5.464162108892445e-5	-2.7269375993399514e-5	-7.754112022612114e-5	-3.866460103474356e-5	3.521020280894405e-5	-0.0001293465551679973	-0.0002051982065168212	2.333983700752995e-5	-0.0001360156345192598	-0.0003878850582741955
-2.4162997178198836e-5	-5.350272633784792e-5	-8.008528736003218e-5	-2.4852960401472446e-5	-6.042913294323354e-5	-4.4086225826651254e-5	-5.15174600028423e-5	-4.419742973297766e-5	-0.00010559629749383112	-1.313314284797154e-5	-0.00010174374228321889	-8.18158529206775e-5	-6.110490396006932e-5	-6.82065610046155e-5	-1.0684123941465118e-5	-7.341619445624253e-6	3.7783095879415085e-5	-5.89672089640076e-5	-2.1385968489813154e-5	-6.7396251340196e-5	-8.389952008960519e-5	-4.054345631465152e-5	-6.009585732692779e-5	-4.013702686726274e-5	-7.161488605909525e-5	-1.1054147235154549e-5	-1.1587544888457674e-5	-2.6256547866368267e-5	-2.152093573606819e-5	-3.2429808350439154e-5	-3.059827747892065e-5	-1.5274900552861466e-5	-5.570176312113661e-5	-8.264375105484015e-7	1.0210042650205496e-5	-3.298111973413717e-5	6.546010885037298e-6	-4.7584736850717416e-5	-1.8748467811883704e-5	4.837729067168339e-6	-5.058976444683415e-5	-3.0502943920707182e-5	-7.505678885485687e-5	-4.207953497909096e-5	-0.00012784691247281696	1.187521082987239e-5	4.193900408162518e-5	-4.251649759253601e-5	-4.1264748237325455e-5	-4.6116929719453026e-5	6.0187152570861935e-5	-2.5046523015326283e-5	3.5561192933495495e-5	-3.01313444681095e-5	-9.176515612923514e-5	-3.157297014978744e-6	-7.123035478508524e-5	1.0791203813777933e-5	-0.00018434898925315593	5.570982043734407e-5	-2.6702649965314185e-5	-8.979537626701076e-5	-3.7269810176411566e-5	-1.5788016510462355e-7	-3.892589579119164e-5	3.138572843459919e-6	1.9673803195287623e-5	-4.2870430648359395e-5	-3.126231031317338e-5	1.0547088240752886e-5	-2.7319494594075372e-5	2.0146831794000397e-5	-7.152645852990733e-5	-3.251327362180888e-5	-4.447162378477289e-5	-1.4982317415781349e-5	-0.000174930440955106	-6.397734853827095e-5	-8.152247323381379e-5	-9.93896127508484e-5	-0.00011779532427605433	-9.993027997971804e-5	-9.863002341931049e-5	-1.548579515488202e-5	8.819222479042321e-5	-1.2067701438828182e-5	-0.00019223240620841464	-0.00011384012222476203	-0.00023514769233352883	0.0003331691259683689	-0.0002634000493845906	0.0001137147450855358	-0.00022400412687945126	-0.00026703969981459186	-0.00028860204157044045	-0.0002208650038033888	0.00018141239378766105	-0.00019841725918540165	-0.00035288449679732325	-0.0003630793474034	-0.0006827568024836417	-0.000533290230551875	-0.0007626055711397461	-0.00021720336033231868	-0.0004847953635755964	-0.0008169326543364108	-0.0006427198833910963	-0.0004197848015377592	-0.0003016646828168934	-0.0005219051102747785	-1.053115927796e-5	-2.740819723956456e-6	-0.00015965640268178483	-3.428320995146894e-5	-0.00014828576734571275	-0.0002195353924691612	-7.907802017370624e-6	-0.0001888059153465349	-0.0002959555127010627	-8.877033223081421e-5	-4.6335288036991606e-5	-8.385384400733109e-5	-0.00021989807977990106	-0.00032740737204717263	-0.00029067891756801023	-0.0002056984140311191	-0.00018534796093760963	2.0979810770593854e-5
1.030978687838191e-6	-7.315112057759698e-5	-5.619804480713059e-5	-8.723418851424442e-6	-1.8647994118933114e-5	-2.5006323509275952e-5	-4.962460835051391e-5	6.45035240498526e-7	-4.9558409676367376e-5	-6.870042322569894e-5	-7.618252274681214e-5	1.0504950045692879e-5	-8.842000482484069e-5	-7.124605267729012e-5	-4.933741810280237e-5	-2.2014074591014676e-6	-9.317967675660094e-5	-8.624160142533394e-6	-5.038179617423977e-5	-3.873676417609148e-5	-1.9098248373386473e-6	-0.00012878232551541413	-3.9552357970849134e-5	-4.239537594683679e-5	-7.61469548169174e-5	4.3888224760153804e-5	-6.228652373063172e-5	-9.764042601789064e-5	-8.303713348433578e-5	4.2991727799285284e-5	-8.173676850371098e-6	-3.535346386300542e-5	-2.5595445088486685e-5	-5.964545738280751e-5	-6.799976434799376e-5	7.465467792024637e-5	-3.408290088959681e-5	-2.307742281233878e-5	2.769848627261033e-5	-3.919046619345334e-6	-7.6113255780517475e-6	-9.42037924446873e-5	2.8785638152631354e-5	-4.23278179542165e-5	-9.029651619517701e-5	1.6648275368968263e-5	-5.022532953771752e-5	2.7715456069488803e-5	-4.005584655197153e-5	5.028021456219417e-6	-3.9574513642243875e-5	-0.00011215802592223767	-4.9778706005289275e-5	-0.00010033480258653596	-2.402812242794164e-5	-0.00010846418164664473	-8.527968370537764e-6	4.975935028600498e-6	6.631160735532521e-6	-7.715923982642287e-5	-5.23654307849758e-5	9.142359856358431e-5	-6.67149115899518e-5	1.7306577178299865e-7	-4.501703101001536e-5	-4.368319806357865e-5	-1.5887715676485975e-5	-4.282606441783493e-5	-0.00010465482240583704	-0.00011444133672395412	-7.135365906528295e-5	-7.620047035852492e-5	-8.082285519019419e-5	-2.8372937950927463e-5	-6.676190904362361e-5	7.002450648409958e-5	-6.168924014194124e-5	-0.00016488950504468802	-0.00032094088400335535	-0.0001264202555573829	0.00022742882338673553	-1.567429454459035e-5	-0.00029713433861815186	4.462148424193291e-5	-0.00020252654804944759	-0.0002495917264099673	-0.00012671792868484966	-0.00010845784990595742	-0.00021198115962225983	-0.00027050394259611754	-0.0004912703490539405	-0.0003641690464809	-0.0002766928830152948	-5.07489449769194e-5	-0.00023405345586993698	-0.00031183131164042033	-0.0002857268241451827	-0.00020053835978958712	-0.0005144242453888892	-0.00010524763569344509	-0.0004441408395575164	-0.00037313934494326295	-0.0006863393100381421	-0.00037288132651025485	-0.0002720523459287527	-0.00020330926612383005	-0.00029052355139669306	-0.0004775090479275379	-0.0005373702567992855	-0.00018109199036164814	-0.0002555182411143053	-0.0003267117696173494	-0.00031623642506722893	-0.0002085941445614803	-5.762233138556505e-5	-0.00039391519560116883	3.629754916772976e-5	-3.326672704667688e-5	-0.00013030731008112362	0.00010894874412359368	-0.00022965733047913828	-0.0001938510766838486	-0.00028809626125697596	-0.00031502237884256656	-0.00019323505469348579	-0.00026924901110753074	-0.00021588351765966518	-0.00016089341230846044
-5.6448200063882736e-5	-1.6699681459723947e-5	-4.507814748647837e-5	3.175115335582457e-5	-1.810598654512774e-6	-8.662911154481284e-5	-9.169286423887923e-5	5.270199695487504e-6	-4.538801246737473e-5	-0.00015500531495285172	-3.829672446135565e-5	-6.561781012211915e-5	-5.610465705300355e-6	-9.089742576250809e-5	-3.056651340458544e-5	-8.008115112874414e-6	-1.8825137846137374e-7	-0.00014748693125078358	-3.294168865637659e-5	-7.166474174074428e-5	-6.189183144938645e-5	-4.9631785768895764e-5	-5.057140958168033e-5	-3.099151252468346e-5	-6.648565161956888e-5	7.014799169053482e-5	-8.438118910200632e-5	-1.3994172845272629e-5	-9.390146266888971e-5	-8.37105029933595e-5	-0.00011689205647261863	-4.9651705273309754e-5	1.854456394218343e-5	4.317200487076803e-5	-2.0217486539075846e-5	-1.8026126923607888e-5	5.490445880058925e-5	8.985754713008651e-5	4.273907210127284e-5	-3.220222482766544e-5	-0.00017537739652444956	-0.00010575179376940899	-0.00010808378253816461	-7.803302004127238e-5	-2.080789154260826e-5	0.00012529430618024584	-7.820047506681277e-5	-0.00012530442991803142	5.3810515071583964e-5	2.5521384593336915e-5	-3.1278143053023455e-5	-7.74441979729118e-5	0.00011357690233183143	-8.018723760081642e-5	-2.0799011926815603e-5	-5.6896813107297495e-5	-9.952327048416698e-5	-1.5209686808626e-5	-7.009043410770299e-5	-4.9045210709537657e-5	-4.604601476585618e-5	-0.00013177413533179555	-0.00014757050155423876	-6.118871143274973e-6	-0.0001041782667619319	-3.3779958539571775e-6	-9.240275780858856e-5	-5.0759360094038836e-5	-4.445325265658648e-5	-2.5528696181737615e-5	-0.00012443759808385482	-7.610121571539202e-5	-1.8211978149509922e-5	-1.5693482212537913e-5	6.086250210410316e-7	0.00012479294670113966	-0.00021632697261124434	-4.9516220659330534e-5	-0.00012131684545835242	0.00021874571923784225	-0.00031142636755000785	-0.00017041648582745428	-0.00041497431576068	-0.0003751711831825877	-6.309112303773401e-5	-8.437422852405896e-5	-0.0001390400923735602	-8.619779152604923e-5	6.427589580373927e-5	-0.00029875164841985935	-0.0002639980356718141	-0.00016068134236352227	0.00026723615724824623	-0.00010620969164917837	-0.0003614795095197021	-0.00020654787559123977	-0.0002647649243944783	-0.0004191118589333409	-0.0005434573797924447	-0.0005689271970199528	-0.00023041677073287747	-0.0004660268698719605	-0.00036032292601018145	-0.0006168972017245311	-0.00033543840448346796	-0.0006211449540480252	-0.0004669087165509733	-0.0006080272136471665	-0.0001640909413555547	-0.00041344668574166965	-0.00040038812109538524	-0.00014287184716549328	-0.00019394288692381467	-0.0001752686537570547	0.00013107709362358833	3.26331843492067e-5	-0.00032907585077041057	0.00014988854341729807	0.00015589077338035162	-0.00025945172659608273	-0.0002984123798760452	-0.00011727144862833105	-0.0002720129460218046	-0.0003810914257773579	-0.00010593745932568899	-0.0001799363609500393	-0.0002973781377396678	-0.0003157005689854997
-1.387795043814033e-6	-2.3744407048192917e-5	-2.3076627956621076e-5	-1.1685997221982936e-5	2.8936260939443903e-5	-4.8333995768430615e-5	-4.8153649579059377e-5	-6.83435811199215e-5	-4.64601935482728e-5	-7.248320053974272e-5	-3.9263671524139565e-5	-7.453028808262346e-5	-5.574733383251207e-5	3.5735189763894115e-5	3.1235089384754056e-5	-7.493623777055092e-5	-6.500949409869727e-5	-1.0025742172223295e-5	-9.373644438773199e-5	-8.809554106169182e-5	-3.8468227626757556e-5	-0.00012845860172024798	-4.413898039385897e-5	-0.0001404771576298501	5.871050986951815e-6	-8.854267010338299e-5	-3.697038335193081e-5	-1.556718214621236e-5	-3.371987205517263e-5	-6.928456018542167e-5	-0.00024281485161295815	-4.997370654227437e-5	-0.00016817298286375335	-2.8302825306938256e-5	-0.00012750725903723156	-7.927231733453194e-5	3.21955176819759e-5	4.5342207636092646e-5	-0.00010536348811658602	4.465787548785238e-5	-2.685032101171214e-6	3.195698642776551e-5	-1.1708323655219843e-5	6.70311977582147e-5	-4.544710961729148e-5	-6.165307251271984e-5	-0.00012321584995800966	-0.00021832076348583113	-6.638778611046947e-5	-0.00011915941323936696	1.0627894506294588e-5	-9.509966598930664e-5	1.747105877938221e-5	-3.34040873304145e-5	3.216102785561642e-5	-5.709487787067258e-5	-4.6955001735751734e-5	-7.679773700655645e-5	3.726705088188259e-5	-1.3708893503890096e-5	-7.401400456061302e-5	-3.8894999417407594e-5	-0.00018306016424940452	-1.8840856067132983e-5	6.273744544704751e-5	-9.929465832458212e-5	-1.4681108433979573e-5	-3.8609491038316124e-5	-0.0001255962076961853	4.853360551990149e-5	-6.331898438731443e-5	-8.953323922099993e-5	-0.00015517649014709645	3.643134513682533e-5	-0.00018633901388044605	2.313671173051479e-6	-0.0001579759164194866	0.00019804465142478356	0.0002684729825605525	-6.853526535351151e-5	-0.0002678912267798511	-8.379471162084373e-5	0.0005310484690879136	-8.639096382712097e-6	-9.431072459445411e-5	-0.00022545152593769768	5.978187779878685e-5	-6.286283342829546e-5	-0.00031068217659982467	-0.00010930447085638617	-0.00025548510789591417	-0.0006259730906364724	0.00011544942519342571	0.00018521169840857166	-8.548519964818313e-5	0.00013588277638504342	-0.0003205753154253421	-0.0001557469864882366	-0.0005902926368192563	-0.00048633172142209524	-0.0003603522645209689	-0.0005250502723569417	-0.0004287889054238603	-0.00030990249429152517	-0.00026618663870325854	-0.00018073669730972464	-0.00042805552939034763	-0.00022963057236952134	-0.0002666766113490482	-0.00028870079070431043	-0.00023301486608284794	-0.0002612211228575356	-0.0005366626197253477	-0.00019865107822591987	-3.268134460970851e-5	0.00012105290728148255	-1.1572101783763333e-5	-5.188328065786063e-5	-0.0002077483801307678	-0.00024396665243564541	-0.0003010794955363161	-0.0003595961419258775	-0.000359181781539597	-0.00019713440949087335	-0.0002369970539262134	-0.000115166014745538	-0.00010865325566350448	-6.0508304096373866e-5
-3.468064594183695e-6	-3.348708842772913e-5	-1.1947203209378143e-5	-1.682695595275202e-5	-4.736545357320043e-5	-1.4657003909179789e-6	-2.4888503259191952e-5	-5.259047591941318e-5	-0.00010079978843800796	-3.403234183178838e-5	-1.2918651066430586e-5	-6.06169574170895e-6	-6.343493167814546e-5	-7.480194035795057e-5	-5.428489417962784e-5	5.037909108981942e-5	-2.55847480788024e-5	-9.33098162538698e-5	-0.00012420533080769597	3.903251419995479e-5	-8.584027043866127e-6	-4.2413213783079606e-5	1.395341090934532e-5	6.373181604853173e-6	4.690746489149911e-6	-0.0001690295716979054	-6.423371220771329e-5	4.2130784538157995e-5	-5.893399104232172e-5	-0.00010108217431484268	-0.0001521048396827332	2.521824166590997e-5	-0.0001654414290026135	-4.669552234031621e-5	-8.155166266680253e-5	-0.00017149408520870935	2.3553327257314072e-5	0.00016504648125623134	-0.00012912605284066264	0.0001545955908861113	-0.00015572444050405976	-6.676152144134695e-5	-7.810856724865117e-5	-0.00017096695153345776	-8.593376661300556e-5	-6.042150287044468e-6	-0.00012829847319088816	-0.0001605778606871694	0.00010696927827021085	-7.767287789513244e-5	-4.6626933000379345e-5	-0.00013781276467228487	0.00010808653234592458	-0.0002501658331443418	-5.656026048992541e-5	-8.287492870781565e-5	-5.5268406496354616e-5	-7.341232927549762e-5	-3.4893716063279234e-5	-3.9797212834230544e-5	-6.043866036982426e-5	-7.882199125168465e-5	-0.0001151491337177124	-6.314780241680612e-5	5.656393051427927e-5	0.00010337636237485459	-5.049614426686638e-5	1.6451119980165352e-5	-9.102927016769319e-5	-0.00012837103342128175	-0.00018435666947029528	-0.0001796298190488016	-0.0002975659107139206	-1.891715950552708e-5	-0.0001566683794414908	-2.455835014514296e-5	-1.4516263625169445e-5	-0.00038588877102410657	3.81215350085673e-5	0.0001645241885436799	-0.00019555475945162715	0.000221356570226372	-0.00018508158330585167	-0.000228130958134648	-0.00037219769367241584	-0.00044044150921893066	-3.736281032826194e-5	-0.00035081355138563697	-0.00016310793861384898	-0.00029049911347972524	-0.0002803988595131979	-0.0002327045240529957	-0.0005981912448022042	-0.00022810627085118051	-0.00016925959332031448	-0.00044407435628029956	-0.0004809900958427371	-0.000526829426437947	-0.0005988567064116324	-0.00047273792953134164	-0.0005632430936583499	-0.0005132366753812789	-0.0003788557792136493	-0.00015915519770148823	-0.00042425514056726454	-0.0006129273954699754	-0.00037075210523179747	-0.00013818872261761594	-9.627364010167394e-5	-0.00011846151230093804	-0.0004223186904350751	-0.00034786383842910773	-4.2515578731194825e-5	-0.00011244163152651643	-3.9571536152027686e-5	3.5469088603690135e-5	0.00018133506848871939	-0.00021046118407058723	-0.00023070035465311278	-0.00012731482534888983	-0.0003646557882042156	-0.00021538517497310394	-0.0002281934623898918	-0.0003599429565168122	-0.0003552143171617339	-6.901634212047592e-5	-0.00017648200609232667	-9.934949998097187e-5
4.738126124087527e-6	-1.0059509648885356e-5	-2.1170614089918716e-5	-2.212625156879089e-5	-4.9094200384701414e-5	-3.723654414325428e-6	-5.6646145565018846e-5	5.5473204155220834e-6	-2.853238749867676e-5	5.2838782611461244e-5	-5.639629117436956e-5	-5.8483510460664856e-5	-9.972735528010479e-5	-6.122161425817924e-5	-1.2512755588611757e-5	4.477786143177592e-5	8.342447826298338e-7	-1.2587785089453185e-5	1.2664964021101566e-5	3.0401137336710793e-6	-6.781908205594905e-5	-4.8348713812922106e-5	-6.78019353985912e-5	-7.837938468830546e-5	-0.00010709730899425424	1.9010989072039408e-5	1.512022928737422e-5	4.773722378764028e-5	-1.0907523799105756e-5	-4.94079928879676e-5	3.851167431831448e-6	-0.00011057238295548305	-0.0002681128404144126	-0.00013339880144524335	-7.910933464295306e-5	-0.0001083266993901627	5.537515433175211e-5	0.00022911603712351403	-2.951863471538363e-5	-4.59065999190017e-5	-0.00016532583678799395	-0.00015428469591315108	0.00014212207799513266	-0.00020800538483474462	-0.00022835423873004967	0.00013017428931658137	1.0080516065977263e-5	0.0001445877705757992	-7.385591704184291e-5	-0.00018908651228978501	-6.115399527918675e-5	9.451966119511379e-7	-0.00010305131314253257	1.1130815236529146e-5	5.122432426146739e-6	7.924525835881213e-6	-6.773063013221226e-5	-8.666272452266532e-5	-9.571415654410081e-5	3.61044798658644e-5	-6.538172509906043e-5	4.615424795822998e-5	-6.220345961406581e-5	-6.822107711645237e-5	3.940126220083884e-7	3.9926872572038086e-5	9.702364779651251e-5	0.00021318642923033593	-0.0001718343945866091	0.00023979149828962099	0.0003234990400557969	-0.00024151900097912904	1.611029018522281e-5	0.00036493511663092393	-0.0002067486373075189	8.870209254607797e-5	-0.00018001041195842005	1.52861989559383e-5	-8.103175248852512e-6	1.53517606613085e-6	-0.0001019962651664652	-0.0003245886632391448	-0.0003373348475554927	-0.00030699780825121925	-0.0002457896082844191	0.00015914422557550267	-2.1164385348437786e-5	-0.000321949758519402	-0.0003438121749105294	-0.00035100993292513927	-0.00035021562472953294	-0.0002746644491707917	-0.00036528742270586223	-7.262914228367556e-5	-7.327129354639528e-5	-8.280578913527625e-5	-0.00032207331419897844	-0.0006914200982588437	-0.0004929175340465108	-0.00018702834420070147	-0.0005121785807971069	-0.0005154088310657667	-0.0006206109627940326	-0.00013851528431196858	-0.0007908323735456024	-0.0006137012989806956	-0.0003543867456434757	-0.00012537059064510192	-1.3711406142424831e-5	-0.00036814683246344515	-0.00012993584073278663	-0.00018735837534200606	-0.00014426595768696204	7.198996173490846e-5	-5.927996808707814e-5	-0.00026582332255525865	-0.0002560137215071312	-0.00036618219307477107	-0.00031930805655805417	1.411316809946106e-5	-0.00019048733944371232	-4.3372792336848764e-5	-4.102074582790216e-5	-0.00014534801313914603	-7.143099046286183e-5	-0.0001540565418289841	-7.593927656840416e-5	-0.0003130692319969208
-2.0573766214976308e-6	-2.2417758296401635e-5	-2.582585837893059e-6	-2.150019257681629e-5	3.347331092862227e-5	2.1636419869283663e-6	-3.8157793439720644e-5	-2.3734239942320434e-5	1.1476822096845307e-6	5.334578265236978e-6	-2.9015968772659606e-5	-2.675241484503127e-5	-1.1951737884964564e-5	-1.5836035824681738e-5	3.08689976791926e-6	-7.805266307413239e-6	3.4359323654482854e-5	-9.021087913133052e-6	-7.821483532458734e-5	2.4855570618202705e-5	-1.9782604916175617e-5	4.682002398628815e-6	-5.9333714699273676e-5	-8.405181661352151e-5	-5.005257276355368e-6	1.1248058148956297e-5	1.4992228378890582e-5	-7.151822536966002e-5	-6.219907672678354e-5	-6.789449373805628e-5	1.371294299900433e-5	1.5230845014022054e-5	-0.0001343485923639004	2.5934338227298626e-5	-5.8575605303701206e-5	0.00014454496627402946	-1.727112376725959e-5	4.254874447565116e-5	-3.540087060299735e-5	0.0001656714262304737	-0.00017398853625200106	5.178432552557788e-5	9.981994614563505e-6	-6.132816693718568e-6	3.678576540599998e-5	-5.131671454959574e-5	7.864245279293192e-5	3.854639589288833e-5	-9.484221134142823e-7	-5.5121705810901034e-5	-4.736851102332684e-5	-0.00012786902071036665	8.986688888705519e-5	9.755830041383029e-6	9.008240117389099e-6	-8.184154309115454e-5	-9.585109398899117e-5	-1.284456482147922e-5	-9.239180601139374e-5	-1.3058982064120817e-5	-0.00013861353471283921	1.472315108372313e-5	6.642885026775236e-6	-0.00011870614083711595	7.809505537907657e-5	-0.00017240330799257741	-0.00020342565522704636	-0.0002546893902374836	-5.281156913693186e-5	-0.00023295721363232602	-0.00023546314637662435	0.0001925774318657647	2.4607171768969982e-5	-1.2947119504974625e-5	4.254995878208434e-5	0.00010414253010307406	0.00012877983185041741	0.00015101914944276595	0.0001545502007621602	-0.0002303341653693558	-0.00029527775623899855	-0.0004159553127283666	0.0002248348208999662	0.0004249198215511285	-0.00022235616126131674	-0.0005230276498360831	-0.0005057506063249617	-0.00033100449464695814	-0.00016307163952511416	-0.0004130756283901582	-0.0004154442848763873	-0.00011648132545311052	-0.00036776794717224837	-0.0003638728207633335	-0.0005081701552611673	-0.0005465812264598968	-0.0007163637955401314	-0.0006925778960747975	-0.00038195022231818365	-0.0008826797149100174	-0.00032156282844808537	-0.0005131849372536079	-0.00034707200221445467	-0.00038001986540220356	-0.00034819742575353807	-4.334002774719625e-5	-0.000673918733318235	-0.00037553679783919325	-0.00025180959747905796	-0.0001385440373535829	0.0001661051504675548	5.7987685833649216e-5	5.3569605348857685e-5	4.692210162082766e-5	-7.989906479488607e-5	-0.000404989778692022	-0.00014212418134734728	-0.0001442956865105316	-0.000167441516381317	-0.00019625679120033324	9.997775177184032e-6	-2.766233422879516e-5	-0.00018680189773495615	-0.0003515506245485578	-0.000158159054429452	-0.00010619790637156346	-8.286351205893938e-5	-4.828650500277032e-5
1.3897628707570941e-5	-5.413836154551099e-6	-1.0654086120276407e-5	7.274240346362426e-6	-1.0583531663901913e-5	-2.009446753957478e-6	-2.3747122974634993e-5	6.1054595624013275e-6	4.487949183291928e-6	-1.93790811306091e-5	-1.7309729496116366e-5	1.2604392356230232e-7	7.889584710367437e-6	-1.9113969304887513e-5	-1.8517170219042867e-6	-3.211225231038173e-6	4.8848512040899905e-6	-1.7087131948083367e-5	-3.849495049980389e-6	-2.975287117373826e-5	1.2709175075190093e-5	-6.863184608303652e-5	-4.206343932021406e-6	-1.3140023466008677e-5	-8.738887976970922e-5	-3.979868192817426e-5	-1.1816985107451772e-5	-5.722183794507063e-5	-0.00011363860156696215	8.711206127103022e-5	-0.00016408711954289668	-1.568612861130303e-5	-5.655156247799664e-5	-5.995999053168277e-5	9.884892925894617e-5	-8.906053520531254e-5	-3.71209573496456e-5	4.226016238340069e-5	5.404465395174307e-5	-4.0279308751237086e-5	-5.499994990693091e-6	-2.399744899322931e-5	8.686839225377496e-6	0.0001333328521375965	-8.303477263410519e-5	-7.284727291875792e-6	-8.491193859150314e-5	-4.917339864289605e-5	-2.8697248570519474e-5	-4.846027550596543e-5	-5.756192506152502e-5	-0.00020279061633057816	-4.313595921429103e-6	-5.00481980077877e-5	5.56431582667688e-5	1.2134537081751051e-5	-5.9382593243714754e-5	4.8816804548365567e-5	-4.789191504310508e-5	-8.634476597255136e-5	-0.0001589932178969189	5.972761348005395e-7	-0.00013761832385467132	-1.045340029814934e-5	-0.00013825504868551775	0.00011348360402438362	-3.8239078787097314e-5	-0.00024433914093402453	-1.0319642276129803e-5	-0.0002770641355231973	9.799452915792983e-7	-3.552886066945926e-5	-0.0001816675499269338	-0.00017518313188968904	-0.00038185177676092197	-8.552276725345975e-5	-0.00036731188837041406	-0.00016796058901341615	-3.8087154957677782e-6	-0.0002070601719597609	-0.0002795904350053058	9.59325934662969e-6	-0.0002710237633277157	-0.000308768982604235	-0.00032635990264429093	-0.0001110413410526645	-0.0003702692666363028	-0.00025147143482145973	-0.00027059791039840686	-0.0005385490230852552	-7.4623163551224e-5	-0.0003277800557019428	-0.00031035842298909877	-0.00020971007048953272	-0.0002958101862418627	-0.0004916226713919114	-0.000487549692458622	-0.0003753393429395402	-0.00020398121126224966	-0.000470360035642603	-0.0003057045502158351	-0.0008265210130892209	-0.00038128823015570745	-0.0005147752450002097	-0.0005065578165264206	-2.6571366634753346e-5	-4.087346780479173e-5	-0.00032140726712037715	-0.00016805194388846978	-1.249230753563868e-5	-0.0002636172963949024	-0.00014940930437301603	-5.364788474571114e-5	-0.0003663408552206926	-0.00026133769627512127	-0.00021414918449647047	-5.165091444825354e-5	-0.00013619938510345264	-5.4111793171274236e-5	-0.0002519357335598049	-0.00015069347679419476	-0.00023402386799264985	-0.0001819850693751679	-0.0001596914224119561	-5.7856909367604015e-5	-0.000178715375831473	-0.00015503193347143895	-0.0002071759430677389
-1.143310435474526e-5	-1.927470498746392e-5	-1.7590719462654003e-6	-1.625457581033718e-6	-2.1048779581291088e-5	-1.1499262371310326e-5	-9.145326640078166e-6	-1.5781785058475994e-5	-3.1004983736676595e-6	-2.090014359495962e-5	-8.186650684617602e-6	-1.2003532933249628e-5	-3.6945332860735536e-5	-1.951360622566567e-6	-3.274580042886277e-5	-2.8654593346548463e-5	3.7411659057143276e-5	-1.629421153125782e-5	3.3622364332790144e-5	-3.85175290100459e-6	1.992307414964284e-5	-1.0664329120300964e-5	-2.843466564636521e-6	6.985189336672359e-6	7.35560158789117e-6	-4.723055713889979e-6	-4.652663887841357e-6	-4.9473771433772296e-5	3.8269159976372924e-5	0.00012055151798681663	-4.2681055087770425e-5	3.053338289669971e-5	-4.605572650681622e-5	2.3116794936606233e-5	-3.8788010347026725e-5	3.0381025386411187e-6	1.1196208890562609e-5	4.604011399553243e-5	-1.538603771299163e-5	-1.1029095388706556e-5	4.187557418877663e-5	1.9541887639334954e-5	9.716073431920158e-5	9.328529702173904e-7	2.6441500898533032e-5	-9.934652926701926e-7	4.2118771578086855e-5	-1.717706922879647e-6	5.091039352242421e-5	-5.14856603531233e-5	-5.196990299043136e-5	-3.016299232952435e-6	-4.246690889567195e-5	-1.1397523549949717e-5	-2.6501755434268914e-5	3.3646262859177156e-5	-4.7617487210216414e-5	-3.155073316322976e-5	-4.4832535036828935e-5	-6.90947028324923e-5	-3.08561281994052e-5	-9.78757331258906e-5	0.0002569072287805091	-0.00014790749462874342	0.00024700880989041163	-0.0001521684904817744	-6.0016715989347214e-5	-0.0003174479342588077	3.33792780742026e-5	-0.00012422148813057143	-9.236730304229557e-5	-1.988167660019191e-5	1.551792548626363e-5	-0.00017575813851186672	0.0001498270041019878	-0.00022670723805184867	-2.1103258029953054e-5	-0.00027011210108895956	-0.0005529595011044552	-0.0001901640520399206	7.028997609653809e-5	-0.00027021425461765114	-5.82093618098356e-5	-1.72590023869712e-5	-3.782688138415091e-5	0.00017581264135507757	-0.00026835361190136187	-0.00030782080443630955	-0.0003205363058311761	-0.00025296477152575436	-0.0006049205190580831	-0.00011124939944956447	-0.00033969454853177705	-0.0006456810563645887	-0.00037044377981798604	-0.0004168654137159944	-0.0007618950609300512	-0.0006457913630936174	-0.0002944856164477372	-0.00048439407866751605	-0.0005936021639507683	-0.00036666715670652383	-0.00033035137125825287	-0.0002606903842100605	7.28432938967849e-5	-0.0003724199768018188	-0.00023736182290512442	-8.016677599531619e-5	6.179176094411876e-5	-5.7970468703150146e-5	-0.00024011409180402232	3.3311331124052934e-5	-0.00012323653382495525	-0.00019995411576489985	-8.312866454224244e-5	-0.00029874254112161047	-0.0001773057612189377	-0.00012947403565943816	-0.00012190105695697451	-0.0001171823055257093	1.46636825945623e-5	-0.00019140286144220253	-5.949173445540801e-5	-8.475230066362638e-5	2.0500376569920764e-5	-9.914766490454197e-5	1.4565822506473758e-5	-0.00016607847909411166
-1.3571714824016368e-5	-6.933258763115735e-6	7.418639812704908e-6	-1.1519333664028464e-5	-6.747838507577264e-6	2.9354828030153657e-6	-8.565218846678935e-6	-1.7490962020763612e-5	-1.8591055886592323e-5	-1.0829279638822908e-5	-9.19504544120292e-6	-1.5200796350811618e-5	5.5725037214834905e-6	-1.5582928827514997e-5	3.534468724641915e-5	1.87727166710977e-5	-8.68244820657893e-6	4.903971109401772e-6	1.920478478936033e-5	-3.964228576479323e-5	1.9410471494007986e-5	2.3295379297447183e-5	6.764787298038644e-6	-9.072408622967654e-6	2.074188260384191e-5	2.50753194250275e-6	6.452930095650344e-5	2.403204588455332e-5	-3.8775547443054004e-5	2.1820192137519956e-5	-2.10922859039675e-5	2.3172566296358887e-5	2.850782760896453e-5	2.8492296412843676e-5	2.641952412049675e-5	2.7185930373194167e-5	2.3808781552184244e-5	3.240211376119573e-5	1.617583562756042e-5	8.379549224640792e-6	6.451159593502676e-5	1.3673881905235108e-5	1.6828612071570492e-5	1.175275697075373e-5	2.9863936844287675e-5	1.7222226249280492e-5	2.338402908808046e-5	1.5097016518861306e-5	1.4953798832886833e-5	4.816313363756319e-6	1.6259942611090983e-6	2.7659146674408053e-5	5.003040082912635e-6	9.202474936589877e-6	-1.1009487592417155e-5	5.025861996542369e-5	-3.272648536715994e-5	-3.98661572503789e-5	-0.00011960142078104585	-8.628489632858671e-5	-9.75451273574346e-7	4.31157930538828e-5	7.767925842491752e-5	-0.00016942748202672386	0.0002949284696671106	-0.0001322459936697884	-0.00015013558972432062	-0.00016286983697474944	-1.740719113990652e-5	-6.350952749811789e-6	-0.00028983556006612066	0.0001235637568826331	-0.00014002182659872409	-0.0001909757074702867	2.1041697030599327e-5	-0.00010302104221787678	7.737632149590334e-5	-0.00020146659947956058	-0.00012392142433731435	-0.0005039320089689214	-3.376569857049816e-5	-0.00025488348411040196	-0.00015439169040454281	-6.894875295704317e-5	-0.0003156029474218891	-0.0002667087687854841	-0.0002579312197853456	-0.0003845347000888677	-0.00043261520667886577	-2.207953871818935e-5	-0.00042314268408616407	-0.00030965729112819584	-0.0006017560581772496	-0.00022238710439131948	-0.0004771952364507337	-0.0005276281148103301	-0.0008629068379978344	-0.0006830373072697071	-0.0007843557400799561	-0.00018702370381540323	-0.0005226841962718831	-0.00044656227500550205	-0.0003728314965784074	-0.0003131745730799995	-0.00021066364798427717	-0.0001580954117619271	-0.00023093410864150066	-1.896590523520203e-5	-0.0002541840002368012	8.656231113846058e-5	5.990238687025862e-5	-3.170289551712724e-5	-0.0002764357319440247	-0.00031757916608976533	-0.00021504410665368345	-0.0001499657169279356	-5.553732387170163e-5	-0.0001634350207252444	-2.281712145613124e-5	9.775567941933128e-5	-2.168180999323477e-5	-0.00022370712053632058	-0.000325382819646447	-0.0001722119625721663	-0.00014317019791931784	-0.00016233625771758242	-9.787296841035076e-5	-0.00022853678584983106
-2.2690239986390692e-5	-1.4262817814823803e-5	-1.2675171784555517e-5	-6.350174834753031e-6	3.329316531665294e-6	-2.0995824436681465e-5	-3.009929545189083e-6	-1.811704269678166e-5	-1.2360070107166055e-5	-8.548251082679537e-6	-2.0335699812447372e-5	-9.385401527131632e-6	4.0443912325063835e-6	-1.9329145489049848e-5	-3.5261987015207386e-5	-1.1885701841143903e-6	5.5424927342985486e-5	-2.4101868504461388e-6	-5.267774606278197e-5	-1.0594026740931572e-5	-1.438012035837044e-5	6.422569182214233e-5	-6.394823364418156e-5	4.192670516323105e-5	4.533759435584872e-5	-8.138173294980344e-6	2.7913749870572824e-5	2.937169279494667e-5	2.099088047477493e-5	1.705100904220158e-5	2.8425189719377686e-5	8.313895362085932e-6	2.3792952200465955e-5	1.860561401126337e-5	2.6525851827552405e-5	-7.0520520846495405e-6	5.063800941063068e-5	-1.04395984044936e-5	3.4664724432934e-5	8.983287204389345e-5	8.010706898167741e-5	5.382017531294081e-6	4.569006848212376e-6	1.9927213091436302e-5	2.035383038327676e-5	-1.2621788380087762e-5	1.1139163593257284e-5	1.468228750384215e-5	2.2800381374588063e-5	3.993788806611054e-6	1.9012460876488557e-6	6.950093712349004e-6	-4.284723617575814e-6	-1.2616052950595313e-5	-1.534514702805634e-5	-1.9050239901188815e-5	-3.4808565535157654e-5	-3.7164114017121386e-5	-8.581391348384815e-5	1.803269989927858e-5	6.036059239239444e-5	-2.6992980333567784e-5	-0.00018581422208188703	9.529039883549029e-5	-8.558568350552909e-5	0.00029867723962476167	0.00014998623003303901	1.8488943015482207e-5	0.0001427604453922704	-0.0002828797634503444	-2.0316344093163075e-5	-0.00012611866846007347	-0.00015185524279009988	-0.0002860885790420542	5.2962387080135453e-5	0.00045137890820889925	-0.0001550801154159842	0.00019213955513436298	-0.00023031247048388437	-9.3718869470516e-5	-0.0001319624097495531	-0.00031852858024816744	-0.00012808888064791413	-0.00016073624636153694	-0.00013111896551148972	-0.000368919565035819	-0.000512697653429206	-0.00037791863822383975	-0.0003354179997985818	-2.5236887232771288e-5	-8.979707168815798e-5	-0.0005074143796107711	-0.0002681626188466568	-0.00026816136117213674	-0.00019896150699194592	-0.00042211169455630415	-0.0007065351775858986	-0.00035370270080881117	-0.0003529291442427862	-0.000658219442492558	-0.00023836184762093815	-0.00018934988126051433	-0.0003327356619398092	-0.00021243042047647265	-0.00023081241778966088	-0.00015825335833441478	9.120352043034963e-6	-8.194855384557886e-5	-1.7112786881989805e-5	-5.9554835021846664e-5	-6.520125151593392e-5	-0.00019768678881371127	-2.133770590773132e-5	-0.0002856363149478236	-0.00033221403059058296	-0.000244968260086631	4.320862244389101e-5	-0.00010622650762487362	-0.0002636347086817925	3.8174368180432516e-5	-4.526921372483006e-5	0.00016634658060732388	-0.000104747395653082	-0.00015219202851093905	-0.0002009312421308307	3.255456884967978e-5	-7.224186526766374e-5	-8.656907656001689e-5
7.984978238513574e-6	-2.6911627223555334e-5	4.558583599576643e-6	-5.5417042482686085e-6	-3.953014673409305e-6	-2.656590767681488e-6	-1.152497422583082e-5	-2.0114552384820072e-5	-2.8682717550902737e-5	-3.5523642946504175e-5	-2.2308177982828525e-5	1.772737772548494e-5	-2.0994219817466186e-5	-4.778894836278413e-6	1.8273867120020826e-5	-1.4562426243168447e-5	-4.392139321511557e-5	1.6795546615815116e-5	-1.1834625076798111e-5	0.00012512887319175714	6.098208960372831e-5	-1.0483530276522712e-5	1.7667112347727332e-5	1.896869705579618e-5	-8.789084911253742e-8	7.571721027943568e-6	2.7193340895043105e-5	2.816774049251014e-5	-1.2350743257977248e-6	2.736139765278922e-5	2.613206959850567e-5	4.39047669748005e-8	1.7804285606590198e-5	4.433099937486973e-5	1.7699952831531918e-5	7.376315270396505e-7	-1.601096642420141e-5	3.164188203987062e-5	3.2709566392258305e-6	4.9430582240231336e-5	7.303141381573286e-5	-8.805461785069135e-6	4.801575803625724e-5	6.531754304095472e-6	2.8911210448248625e-5	9.37615328260033e-6	1.7640451816305913e-5	2.604806019317063e-5	2.4867515815638064e-5	6.849351272784909e-5	2.4107869563486095e-5	2.0157302476481176e-5	2.5027885579981257e-6	1.623619858351355e-6	-7.31505405294347e-5	2.25715171379981e-6	-2.918191946768567e-5	-0.00015600052716627233	-7.217676976922771e-5	5.048919182043532e-5	6.690175757134709e-5	-3.4560082660256564e-5	-0.00023338782078816123	7.379003007582097e-5	4.708632572389404e-5	-8.404008825652065e-6	-0.00014659851024084736	-9.12714673804993e-5	-0.0001481953665685709	-0.000262164378747598	-0.0002569190736892435	4.517545192095351e-5	-7.704423037047103e-5	-0.00020490571045472805	0.00017870008858084097	-0.00035952226438984436	-3.6413125119316714e-5	-0.0002808064327938786	-0.00025392635043253176	-0.00033070800872087025	-0.00026254616970061706	-0.00021243848694063594	0.00019474144519193715	-0.0001240858544387935	-9.38345538423202e-5	-0.0004203181856385352	-0.00014127251885681646	-0.0001918425921593192	-0.0006598515570749308	-0.0002115058995999508	-0.00042378878184479163	-0.00012774096017076353	-0.0007200574771853985	-0.0006749210565426544	-0.0007003930855425944	-0.00020625827434894717	-0.0006018139979413473	-0.00035256112265735773	-0.0005205595936946805	-0.00029880390696457315	-0.0002665943420882	-0.0003546482118393923	-9.331832181991295e-5	-0.00043630724033683066	-0.0002040575607792361	0.0001115351300901013	0.00013476815149959798	-0.0001490007769944235	5.914739184542661e-5	-0.00016961900634049343	2.5083841254103234e-5	0.00015245701836391623	-0.00014471507759489244	-9.055601320889783e-5	0.0002331039224492959	-0.00010243637535434225	-5.6872540531160976e-5	-4.642126526926971e-5	-4.7692904313334505e-5	-8.035414781476513e-5	0.00012585208482990273	-0.00014769635167666273	-0.00019420979581463715	-0.00020789386922029363	-0.00011922311011700049	-2.9452102649069056e-5	-7.167663814908187e-5	-0.00012101621787996564
-6.02606479256293e-6	-1.127290941800238e-5	-3.896122519660844e-6	-1.079138677289454e-5	-6.838426309593859e-6	-1.2278492025202814e-5	-9.221096108902316e-6	1.6331052721078876e-5	5.25738307055601e-5	-6.549425173203727e-5	3.26436740052255e-6	2.20848052302422e-5	-9.213658481999065e-7	-4.566093596974907e-5	2.93500819351436e-5	3.129780234891605e-5	-5.178734502862825e-5	-2.898860079932064e-5	-5.1429672152936146e-6	-2.428242611325626e-5	5.332960093494543e-5	-3.52915125508696e-5	-3.359178170000976e-6	-1.8328659987312812e-5	1.0448618966568679e-5	-1.1250451525252059e-5	-1.91475741512237e-5	6.001839650271457e-6	1.724363924218708e-6	9.636524434322724e-6	-7.010901191192853e-6	-1.6142306675376306e-5	2.9210900191756206e-6	1.4208436944357361e-5	-8.52630683070843e-6	5.291763121445525e-6	1.7955851649292809e-6	-1.3593856942883953e-5	-1.6727168695301886e-5	6.393584663436092e-5	8.053768155852348e-6	2.9562485272249805e-5	3.728268778771526e-5	5.246782825915619e-5	-2.456926806101989e-6	1.1097877174529036e-5	-1.5421464018977593e-5	9.160104315689144e-6	1.6213012920054948e-5	1.1390010028894393e-5	4.321141968549602e-6	5.40173374780073e-6	-4.144867500437133e-5	-3.578254771478828e-5	1.3647026217422642e-5	4.516086398072272e-5	0.00010506750634450834	-0.00021650476550449937	-0.00010347984405120747	-0.00012214649864478178	-0.0002819525971205217	-0.00019913940288440735	1.6121782728251155e-5	-3.592332594587466e-5	-0.0002053138475205385	-0.0003337547902979021	-0.00017744685928966497	-0.000456135151351289	-0.0002426519488812895	-0.0002047496070259336	-0.0005469580951350528	-1.5865282178284534e-5	-0.0005999137818457623	1.023350241352583e-5	-0.0004302015341184351	-0.000353218344330275	-0.0001080121669189138	-0.0001613609202852362	-4.467617682052394e-5	-0.0002517852246142205	-0.00010525081240581047	-6.0762614557952066e-5	-0.00016585224946880084	-0.0003347510419901556	-0.0005051745046585898	-0.0003829591158077683	-0.00045031738754586215	-0.0005898033797469004	-0.0002531903506297617	-0.00029186388549040654	-0.0004787422194785229	-0.0006953297312928264	-0.00014387978655716616	-0.00042596269393679886	-0.0007198506547789751	-0.000558534772251984	-0.0004726113597697257	-0.00023400829884945296	-0.0003572001635449018	-0.0003163767858804789	-9.920814170172321e-5	-0.00020978982440134075	-5.727987528736378e-5	-0.00023428338262465598	2.1901057356554787e-5	8.843485839460374e-5	9.469690656627172e-5	-5.283753035795202e-5	-0.00015905751108574728	-5.823117595754601e-5	-3.223964064463791e-5	-0.00010259386656191749	2.808126994824356e-5	6.452750660190798e-5	3.681668685195927e-6	-0.00020519890040621158	-8.619342219129411e-5	-3.025691676372677e-5	-1.1804858306152521e-5	-4.4739234018875695e-5	-0.0002692828815833992	-5.59018976942216e-5	-0.00015372741057548267	6.034203085120149e-6	-0.00020983584878356276	-0.00016282152492594348	-6.876259544402741e-5	-6.833906270736767e-5
-1.3477185947102788e-5	-1.1140765501967131e-5	-8.06443534997689e-6	-2.364693456238104e-5	-3.7515600164166746e-5	-4.4312280624361766e-5	-3.670388916843931e-5	-2.721260445714274e-5	1.3774476893303744e-5	-3.72461068064156e-5	-1.7796311299611567e-5	-1.4805612790456946e-5	-5.3711611438904405e-5	2.9299037696862984e-5	-6.972179723754163e-5	-1.8793831508406855e-6	-2.9045402151137156e-5	-5.481265398163404e-6	2.3724923935153353e-5	-2.446773252756662e-6	-1.0852636064123677e-5	-2.023799422316841e-5	-2.5676634212920546e-5	-2.0023728768830962e-5	-4.089930976357292e-5	-2.6329893126897375e-5	-1.52760562446147e-5	-7.097686154089455e-6	-5.461505813569856e-7	-9.25643567871448e-6	1.6991442974845228e-5	-1.5450504374167617e-5	2.5581365368024245e-5	1.972792589011174e-6	6.203707252766533e-6	-8.386954325478868e-7	-1.7429823860257154e-5	3.239014416921149e-5	1.3717195782025904e-5	1.0326928114728906e-5	-1.753120218439541e-5	2.6089444190094402e-5	2.7772521695584862e-5	1.6432162705179443e-5	-2.2575750947481654e-5	-6.778431982379374e-8	6.169397675018229e-6	1.3602210720622954e-5	-8.400723693069434e-7	-3.135620018843155e-5	-1.8795208445165912e-5	-3.099220641407385e-5	-7.489934237062124e-5	9.585729562541778e-6	-3.3396993937701014e-5	0.00018251154710810513	0.0001203874890401413	4.116067296028314e-5	-4.3071405816941244e-5	0.00016967289118846596	-9.879154785896738e-5	-6.642273536749954e-5	-6.502645644168581e-5	0.0001167485812886282	-9.07806056889282e-5	-0.00011597395136245248	7.181581718196384e-5	-0.00028199493521535723	-0.0002290301195223554	-0.0005514088751573665	-0.0006994147015021435	-0.00028004482413579446	-2.2413451303271437e-5	-0.0006398480703606602	6.901625538430212e-5	0.0002314917788709403	-0.0002489201986893841	1.623148230406324e-5	8.6257932220557e-5	-2.4788244373796786e-5	-0.0002210436261113058	-1.0079567389076338e-5	0.00013301985381242165	-0.00028179411928896947	-0.0002915012415477536	-0.0004144472091904827	-0.0001156111664735171	-0.00045151235181228877	-0.00032754706065507566	-0.00048471513261483246	-0.0005661756653785321	-0.0005972959973843395	-0.00046110290065348725	-0.0005975316595685509	-0.0007489434853541477	-0.00046175463626341173	-0.0003367735777748404	-0.00032863351796807994	-0.0004662523839238375	-0.00026718818130211375	-0.00032392829737992734	-0.00019683777177648132	-8.754646313446912e-5	-9.364089365027084e-5	7.547361173532163e-5	7.47799825534523e-5	-0.00028316368347325316	2.783060240596491e-5	-8.685376636646813e-5	-2.0388703746154757e-5	-0.00022738044086478837	-0.00011297382300490266	-0.0001725912815442321	-2.926608608233572e-6	-6.366498040560886e-5	-4.6706302020416146e-5	-0.00011638754196519052	6.7058988570400935e-6	-6.352583389879207e-5	-7.669420654110581e-5	-0.0001141713243044129	-3.886812746656254e-5	8.43280957216197e-5	4.502461771471733e-5	-0.00024921563293936466	-0.00011264381354764152	-0.00012184005974275047	-0.00013892150233993372
1.3782815763262873e-5	4.046211336903444e-6	-1.076758311419762e-5	-1.0902638113065993e-5	-1.1796827078559835e-5	-1.2176422522179597e-5	2.2229898585975072e-5	2.8605180832537436e-5	-4.526854422998855e-5	-5.404340169823385e-5	6.7081946551403315e-6	2.9729528300964647e-6	-1.8642845513866524e-5	-4.301789772922365e-5	-6.76113895772823e-6	-1.460667253382758e-5	-1.0700747471274752e-5	3.1123812294781006e-5	-2.1122784511079518e-5	-2.277286432345038e-5	-2.408606083678655e-5	-1.756076837763909e-6	5.586948004926429e-6	-3.399644389785739e-5	-2.791939314288061e-5	-2.9212846334655818e-5	1.0973942024192218e-5	1.3291944584922777e-5	1.5273568000628845e-5	3.650996605736312e-6	3.3015419825116465e-6	9.231428555606103e-6	1.7080889654075282e-5	1.219540961272525e-5	2.2917556524379434e-5	4.126263133258368e-5	8.45809912993628e-5	2.384057035988152e-5	-6.151839020834826e-6	2.258599123700078e-6	5.549136454160997e-6	4.698773922034993e-5	1.1997781240724592e-7	-2.1652411851327824e-5	3.9406661527657816e-5	4.056842752356293e-5	-8.938059710764112e-6	1.4712135589650677e-5	-1.0816814024344756e-5	3.1514255181136486e-5	2.3624955073839327e-5	2.200095032371674e-5	-0.00022276359901672593	-0.00026439503798131314	-1.7306089287322246e-5	-0.00013511043412545165	-0.00010770791810527092	-0.00011066138240131695	-0.00017253668112282572	3.8653932485366305e-5	-3.3052662169741343e-6	9.79298673403628e-5	-9.714333287433319e-5	5.9835567490368335e-5	-0.00013851671545883626	-4.4197805137979884e-5	-0.0004984544678052205	-0.0006675293130753435	-0.00047439758284889555	-0.0001809406574224126	-0.0003678383118932427	-0.0003025856908783764	-0.0001275185686211433	-0.00013411305486293879	-0.000341520843723242	-0.00047459915771680405	-0.00017107936161470105	-0.0003556730431009125	-1.0738849046121324e-5	-4.778365203517154e-5	5.487515823687783e-5	-8.25894908018654e-5	-9.48182938415032e-5	-0.00016303763894498502	-0.00040136262369205866	-0.0004974509085903245	-0.00020263079408833207	-0.00044000712361852434	-0.00043698712183515287	-0.00039401103907321655	-0.0005597283921077167	-0.0005836800227171368	-0.0004600657094872007	-0.0007686639085652258	-0.00048758145958227583	-0.0005227237913352223	-0.0005513561829317837	-0.00025369467811231505	-0.0002970808061358854	-0.0001768322467621264	-6.879028596751269e-5	-0.0002514611349008211	-0.0001693594049723135	-1.496209840051721e-5	-0.0001510790190867306	-5.503913297344454e-5	-8.845287783471045e-5	-0.00027074364885443236	-9.094656451547056e-5	-2.4603821584257002e-5	3.526163736000676e-5	-3.4631477373314734e-5	-4.866241958001449e-5	-6.594553462330177e-5	-0.00015549722967578283	9.600759857258945e-5	2.245061775374424e-5	-0.00012187228223131674	-3.607138459454928e-5	-0.00014601440716244252	0.00014298534144890906	-0.00010714823125979045	-0.00016347086444906678	-0.00016720651556043076	-7.237561244766155e-5	-0.00010948972848159877	-9.93562762445499e-5	-5.716113346543317e-5
-3.693296753495834e-6	-1.2286155979309571e-5	-1.127995537687082e-5	-1.9425995913865263e-5	3.882378901871875e-6	8.68892631455953e-6	1.2561392898069457e-5	-5.8773144229022634e-5	-4.0877720587813304e-5	-1.223527030559668e-5	-1.3344582600396948e-5	1.0826270977794261e-5	1.1370548599898278e-5	-6.484884244178923e-7	-4.1251396287571296e-5	-3.287528398381728e-5	1.2000757375688065e-5	1.2133919086512734e-5	-2.4855524539610374e-6	2.2493931630535036e-5	2.0429258328416577e-5	-3.626340222030733e-5	2.907716927479098e-5	-6.602520179893601e-7	-4.7623076272415577e-5	-9.196560613738969e-6	2.065876766529917e-6	-3.484875148868083e-6	-6.707519739287959e-6	7.931589413034956e-6	-7.672432567745746e-6	-6.347710985316057e-6	6.970108084453086e-6	1.7041749955648555e-5	2.131426003575132e-5	3.96855887995623e-5	-1.5043104565834464e-5	3.3175713695307585e-5	3.904249428095252e-5	6.708306327964098e-5	2.445285727376012e-5	-1.1099161954103431e-5	-6.581519183812556e-6	-2.3357672133267338e-5	8.910150720541077e-5	1.9562476638590454e-5	-3.918913804579205e-6	-1.1053755567119739e-5	-3.5539697270173254e-5	-1.7568216846564066e-5	-7.979925856389791e-5	-0.00011941610894572463	-2.7361793386582178e-5	2.458871864799428e-5	-7.178012524644561e-5	-3.062004859735734e-5	-8.205505502498212e-5	-9.192776748156994e-6	-0.00024012991031371889	-4.2918099629751794e-5	-8.897690527073787e-5	-0.00015471636558711532	-0.00025091955423162116	-0.00018436221516440754	5.656330438752466e-5	-0.00027458016329390267	-0.0005016136811475391	-0.0004462902703644689	-0.0002569904358762365	0.0001412368919734286	0.00027928354073836203	-7.692882789123168e-5	-0.00015802901522088408	7.615225724316721e-5	-0.0001231329925174829	-0.0003123775110108751	-8.361631699538297e-5	9.349912337419664e-5	0.00012909484679163308	4.203052836326826e-5	-0.00016773086825710992	-0.0002960849013883271	-0.00012941225781964993	-0.0003900204811890795	-0.0002303890368413053	-0.0002722084927256341	-0.00012928048388760605	-0.0002523317709293704	-0.00034220144079499804	-0.0004912406635984579	-0.0004507035803597015	-0.0005840435773896147	-0.0006435797207660077	-0.0005408181281280067	-0.00047816256162902526	-0.0004436873177887657	-0.00031005159377428537	-0.00014631659599195768	-0.00016049726651867768	-4.586105800674645e-5	-3.0863267670711014e-5	-0.000148098742470959	-2.6578999418047644e-6	3.601995004348657e-5	-7.229809199232884e-5	-0.00010701617543518172	-0.00019525054316404944	-2.7823381619496157e-5	-0.00013977536576087468	1.758970573362273e-5	5.745358615943941e-5	-0.0002940473168774882	-8.57825963040959e-5	-0.00011847359031313953	5.786018365816492e-6	-3.180771618316314e-5	5.289670611252628e-5	-0.00011139338149807054	-0.00016470941364282732	-0.00014889769105186357	-7.772148809953583e-5	-3.5036687093259467e-5	-6.0129473015285706e-5	-0.00010395940835614126	-0.00015361991193008073	-0.00022875567542643416	-9.653424977787428e-5	1.0442059543425142e-5
-5.07035819580226e-6	2.0005060162673477e-5	-1.4151047412862272e-6	-3.022145251066477e-5	1.6155886307586687e-5	-3.3920538903761677e-6	3.602879713321405e-5	-1.8862897897299613e-5	4.251956588468414e-5	-7.301990500967193e-6	-2.5935829005285793e-5	1.561746066670866e-5	-2.991307830775558e-5	-1.8803524275828876e-5	-4.550702805035389e-6	-3.06608064675265e-5	5.4285821172485316e-5	9.82322675893016e-6	-1.7385515227973103e-5	7.2589287011814996e-6	-3.819272643371813e-5	-3.0379474977304533e-5	-3.366952441678783e-5	1.0610620455181463e-5	-2.3484198526796396e-5	-1.0745413890275723e-5	-2.6465537660697036e-6	-8.52599241207841e-6	-6.851209053207463e-6	1.4008163119055839e-6	-4.382876440250927e-6	-1.5998378836978855e-6	-1.1739220706630249e-5	1.8871433278902505e-5	5.325124022292904e-6	4.34918485774094e-6	2.3177678309602157e-5	2.1110077661617987e-5	9.665282896947902e-6	-7.455884867835216e-6	-3.1723831461077934e-5	-2.8793699195783784e-7	-1.8788643601011512e-5	7.001422553699899e-5	-4.9145073861139865e-5	1.2856035680464117e-5	-2.830744536344576e-5	1.7612858871016157e-5	-8.953337745677692e-5	-4.348566862502623e-5	-0.00022824914701347065	-0.0001637075566253421	1.0469750066910422e-5	0.00011036218596979785	4.73489520161352e-6	-8.62256121537952e-5	-2.977129176864879e-5	-3.4835990429110675e-5	2.601639606872319e-5	-5.6760813497286344e-5	-0.00013811265499319436	-0.0001350298020098839	-0.0003742035761117313	-0.0003458956428573079	-0.0003136932553993166	-0.00020624253173340268	-0.00016311591834183847	-0.0001604895469992096	-0.000593521195732527	-5.920583034252358e-5	-0.0004199445262018098	-0.00033071757138403157	-4.764268406870498e-5	-0.0005884085536519978	-0.0002512892671724387	-0.0001149043750772738	-0.0002870894711196059	-0.00020187089846968043	-5.7642302389582234e-5	-0.00014111019210755193	0.0001421066606402399	-0.00027214580415602097	-0.00043347545605060267	-0.0002196709611088088	-0.00035211794417733255	-0.00017809493029624646	-1.8668833839941e-5	-0.0007204916351033486	-0.000604314081414925	-0.0003740651885464352	-0.00038860334221346715	-0.0005169426735632254	-0.0006615847626678661	-0.0005412656217326783	-0.00038650979118648454	-0.0002901389198339821	-0.00020692811613515216	-0.0001806463399006697	-0.00012488825078260657	-0.0001658021159603451	6.951340544847362e-6	-0.00011505204341316633	-6.107380226549886e-5	-8.449729631265779e-6	-4.626550878517044e-6	-4.9047441455507546e-5	-3.199005730453175e-5	-0.00011776437030402986	-2.9063513748428527e-5	-4.1194651856368836e-5	-0.000112144733603603	-0.0001312584155949148	1.5479045996358298e-5	3.239680659156141e-5	9.847658712786034e-5	0.0001106301248526842	-9.100973013403957e-5	5.9979582064939585e-5	1.5661658168270032e-5	-6.718330319149812e-5	-0.00011109648357515711	-0.00019690342021802532	-0.00010043475382956468	-0.00012163887518762406	-7.803154823682323e-5	-7.917373354149326e-5	-8.847185137272895e-5	-0.0001636701408083696
2.09272350967446e-5	-1.3598311658560153e-5	-1.8147344792249914e-5	1.166030434100046e-5	1.5035572071241121e-5	-1.7482364297535802e-5	2.429374518393701e-6	1.5587257504688645e-5	-9.372941333664342e-6	2.9932626472925494e-6	-7.39139923312121e-6	-4.539871625332259e-6	1.6606426520363038e-6	1.0252161532914306e-5	-3.4762093919539494e-5	1.2506784345146793e-5	4.0297084245854986e-7	2.5700418898079447e-5	2.203931481759014e-5	1.3050931862990112e-5	-2.02143477737865e-5	1.3492971930734177e-5	6.402739666580559e-6	-1.9797276882074777e-5	4.548412427946014e-6	-3.0111010256364534e-5	-2.2647275764800523e-5	-8.096350196176716e-6	-4.543495571093792e-6	1.0243135549828364e-5	7.1282714973752714e-6	1.0274864726406152e-5	7.734915138946086e-7	2.78659094497119e-5	-1.6197167305304072e-6	2.4680452993808277e-5	-1.8448334223111762e-5	-2.6983764615101657e-5	1.4264810036315745e-5	-8.965403289554197e-5	5.815755320902338e-5	-1.5082314737402402e-5	1.6203227995448266e-5	-4.210144602737054e-5	-4.9339644783014114e-5	4.914498712496607e-6	-0.0002414096971371099	4.2536991724101414e-5	2.3529886806344935e-5	-9.599878400892714e-5	-0.00010370282107000084	-1.155139352226886e-5	-0.0001408261636644259	-0.00010399105621755611	-8.942086437632724e-5	-6.519943005628415e-5	-4.799950584569168e-5	-6.990458559230639e-5	-0.00010224765912419942	-7.45936732521324e-5	0.00018916974106955586	-0.0004002387830881471	1.2253284324692526e-5	-0.0003660541271141571	-0.00046932991347448105	-0.0003431081373878042	3.2216221877712226e-5	0.00017401028534758112	-0.0005239587843458571	0.00046912606178201033	0.00016338614489130876	6.484071092549559e-6	0.00020095034577310988	-4.776786605154015e-5	6.048909203387742e-5	-0.0003277797087572476	0.00012522734585407314	0.00014399063538728107	-0.00012510272765636765	-0.0002871787009584015	-0.0004466025639582316	-0.0003369469200181774	-0.0003368565842931659	-0.00040883268992431	-0.0004970441159352079	-0.00033996338730246656	-0.0004625372784436421	-0.0004646349711229236	-0.0004877949173059948	-0.0006791218412280364	-0.0006046988213978532	-0.0006553868125286355	-0.0003827146065338294	-0.0005387103090004342	-0.00026844197437841943	-0.00029594141807282037	-0.00015713990438731562	-0.00015215324659922924	-0.00017359037384617748	-0.000245159686822205	-8.867986640154202e-5	-5.260516414834493e-5	-8.267362489045027e-5	-6.202540651228938e-5	-0.00012021069903389581	-4.7921801075989645e-5	-0.00013993307380888442	-5.072530936955921e-5	-9.024547602265454e-5	-9.2768544582289e-5	2.6167653113806644e-6	3.994150930136664e-5	-7.518751246604616e-5	8.837995439658908e-5	-0.00014852691559291697	-1.81304624091716e-5	-4.857986842660145e-5	0.0001320964171380723	1.6791169149543705e-5	5.2499552014723116e-5	-0.000213400748894782	-0.00018932728648723973	-8.048880572458783e-5	-2.7581951479727085e-5	-0.00014759964084287702	-0.00016279822542125677	-7.981721837288513e-5	2.1828914543997602e-5
1.4919429624019043e-5	2.7342634178941644e-5	2.1460494514270734e-6	-2.3816127021902833e-6	1.9668484506005224e-6	-1.0817795227310856e-5	2.2737318755225444e-6	1.1585432049474043e-6	-2.1004915471897756e-5	-1.6066081841639712e-5	-9.601125233391072e-7	1.6413053641889386e-5	-1.1975717726514512e-5	6.360686174815278e-6	-3.834538481010952e-6	-7.33110403980386e-8	7.699559306101333e-6	-3.534382530569202e-5	-2.7393582194279453e-5	-2.2320410493839593e-5	8.146711116038124e-5	5.528341998593811e-5	-2.1346764416882436e-5	-1.0199241624875288e-5	-1.315445690742989e-5	-2.580974171363659e-5	-1.9763791297977562e-5	-4.4798366405363055e-6	9.513494592799931e-6	-2.4505950654146735e-6	9.177440708427187e-6	-9.5382144023326e-7	2.9777000093086925e-5	-1.4784825924304967e-5	8.587932882192506e-6	2.731911918907315e-5	-7.424329163605026e-6	2.374776807492762e-6	5.316796807507129e-5	-5.870875617250415e-5	-7.611828376809238e-5	8.000370114655264e-5	-4.94339486879769e-5	-4.678632156175644e-5	6.319992814675379e-5	-1.8115359472908876e-5	2.115280606923564e-5	6.435499919424381e-5	-5.4115316828334814e-5	-5.336061453808938e-5	-0.00011631311148604939	2.2451279117069456e-5	-7.005594021558537e-6	-2.412829051140486e-5	-6.777760861234605e-5	-3.729148066733412e-5	-1.7254719788389883e-5	-5.561729462394416e-6	-6.829850270409499e-5	-0.0002057999604065941	-0.000434661172072498	0.00020541463495449275	-0.0008307024772918892	-0.0010803010612805974	-0.0005668956840412798	-0.0003290168484881839	-0.0007414023605115116	-0.0015105609254759123	-0.0006560065641744717	-0.0001676196724822998	0.00012774553550393142	-0.0003347858882479793	-0.00028209073531931805	-0.00031092988427017243	-0.00014131491116176065	0.00016161995786828642	0.00015500010129565478	-2.2385955936177204e-5	0.00017342214903709463	-0.00020883106442021182	-0.00039647863984970666	-0.00033575338689861844	-0.0005682204923598833	3.397121993431451e-5	-0.0002812814651337314	-0.0004908377307030753	-0.00032104765894380716	-0.0003556323855194443	-0.0008570320234740914	-0.00036659043856079876	-0.0005447805834918329	-0.0004218733218666615	-0.0003127475058442575	-0.0001712555661517734	-0.0003241054560149115	-0.0001511797848366414	-0.00018128885979212805	-9.914003212124767e-5	-0.00015108541587954827	-0.000133823421094581	-7.975289265799157e-5	-7.388388945789304e-5	-7.27651662882356e-5	-0.00019862106750978548	-7.052678753505237e-5	-0.0001275641051123877	-3.5476526230593386e-5	-0.00017649430094496266	-0.00013872139114495807	3.1626220739489064e-5	-0.00010959315052683216	1.9388136929254784e-6	1.7389518644495006e-6	1.891117470953496e-5	3.89534324934937e-6	-0.00010296110752178178	1.8000455726668863e-5	1.133221121107919e-5	-0.0001774462196103832	-6.92440354187196e-5	-0.0001653892842991278	2.4389583234973866e-5	-0.00014523379244027468	-0.00018440053086918318	-5.607181385869353e-5	-0.0002622743060058663	-0.00017549789746440503	-0.00015107180914228358
-1.179047365382907e-5	-2.2786656730337113e-5	7.289270098978506e-6	-1.3439509921608916e-5	7.888717348629448e-6	-2.907560260265174e-5	-7.45450793107616e-6	-2.9574812650950966e-6	-2.5567189424618997e-5	-7.925539564912487e-6	-1.9422682320975604e-5	-3.331456204652694e-5	6.203205809261758e-6	-1.6167405955669345e-6	-1.2431670818636997e-5	2.55759253836238e-5	1.8137333540439726e-5	-5.197975025666296e-5	-3.9607889450871125e-5	-7.239150143049933e-6	4.203751062525907e-5	1.0837977650751673e-5	-1.515698374102148e-5	-1.4335315703592477e-5	-8.033791730824302e-6	4.352263991910799e-6	-2.2205544694675616e-6	7.925951561738032e-7	6.568893649513963e-6	8.90837425528146e-6	-1.7208413513603027e-5	2.9315363071075184e-6	-5.598234549542003e-6	5.164174209787431e-6	5.0133887926490095e-6	1.831976952949843e-5	2.8167149602326136e-5	4.9090495123776945e-5	-5.386153762582113e-7	-7.5969016233995434e-6	8.563261319656512e-5	7.071709212137789e-5	4.122028239572639e-6	-0.0001181372599572128	-0.00013129073024066573	-2.2572471235909886e-5	-2.1214627277110765e-5	-3.813844856245807e-5	-0.00015707898306724366	-0.00013109428907004395	-3.562371751753002e-5	-0.0001043716870742506	-3.6261900600298436e-6	-7.372151934054161e-6	-3.663308805607057e-5	-2.083580703804433e-5	-3.943215112073295e-5	-0.0001087205737763941	-1.2124632894905396e-7	-0.00019860634404428312	-0.0003552666190745346	-0.00027660076919872045	-0.00018936013781306604	-0.0007653759136888594	-0.0004842358068343766	-0.0004927977297064512	0.0002450000705783717	-0.0007278824244727478	-0.0006208296897403098	-5.210155223922541e-5	-0.0006058971033229277	-0.000344035694030409	-0.00013721510906672396	0.0002943141390321369	0.00047019653795499217	0.0002557773871175728	0.00010402364733486102	-8.45524388351504e-5	-0.00010493981985465473	-0.00043706694079909125	-0.0003573380523771985	-0.0005139946411200635	-0.0004877477328274482	-0.00021286908867546028	-0.0002275388861702754	-0.0005393955464574884	-0.000537172780215589	-0.0005526128816699116	-0.0006758936292594608	-0.00031014357748659904	-0.00035286018898461613	-0.0003449921555029323	-0.0004013889914888935	-0.00030927294145804973	-0.00035662852879148055	-0.00015584972548610132	1.3151957821422311e-5	-0.00017986855494617204	-9.206012688278697e-5	-0.0001338470567019412	-6.517572939679361e-5	-7.516110130112441e-5	-0.0001086178456205511	9.192690011983196e-6	-5.005210655661951e-5	-9.757437913204825e-5	-0.00010234478195481067	-0.00018481557430283235	-0.0001393813883754369	-0.00012272398808993445	-2.278724084425754e-5	-0.00015086839113068184	9.056127158943439e-5	-0.00010733884484373513	6.499141502747108e-7	-8.383108660373062e-5	-0.00015419450655543288	-2.430446252241203e-5	5.602907460905415e-6	-6.653079779803117e-5	-6.105770186323745e-5	-0.00013612033592305672	-2.2486710844066282e-5	-0.00012981382462029512	-3.873404418389126e-5	-7.464682084262764e-5	-0.0001534519148034541	-0.00018896737473406144
-1.2409542252296568e-5	1.2436893962602946e-5	9.576355279507925e-6	-2.0980978998434707e-5	-1.69632618498769e-5	-2.3939693543501006e-5	4.551556614246222e-6	-6.678956433053829e-6	-2.4749627802918284e-5	-1.215206320986928e-6	5.992192961441767e-6	-2.1827960446085815e-5	-2.351799852952363e-6	-3.6601364300503647e-6	-7.116849427488137e-6	-7.1118268609240975e-6	8.657083296753632e-7	-4.74490482712045e-5	-7.479964998086119e-7	2.678812575408751e-5	2.984574393183337e-5	-2.2345406774926246e-8	-9.425994056469489e-6	8.640635949797026e-6	-6.18201778830596e-6	-4.382231339958298e-6	1.2409761803236496e-5	7.001945681248123e-6	-2.0789885655028706e-5	4.853203342675139e-6	1.3285108690225256e-6	-1.6105189014001264e-5	-4.956343495343685e-6	2.329182311432143e-5	-5.386506128288171e-6	4.6672469491623736e-5	-3.280763247875962e-5	5.742063725541757e-5	-9.33952893321377e-5	-0.00011627103902074609	-9.400021451326512e-5	-6.721015887931059e-5	-8.118842512346014e-5	7.82179225902735e-6	0.0001562689539401363	-0.00011610672276049505	2.0910324253359258e-5	4.689955021563996e-6	-3.7172196744317265e-6	2.364577717656191e-5	-4.316518930486124e-5	-5.6568898870734685e-5	-6.070263649377017e-5	-3.997913111675189e-5	-4.363360801146188e-6	-7.165752366478095e-6	1.612967572006685e-5	9.080098868977093e-5	-0.00015560549810472724	-0.00043779003859600873	6.0973513564543946e-5	-0.0005361600920184006	0.0003678062195089371	-0.0004927457530543022	-0.00029748681816543776	-0.0010908750031762837	-0.000742859810123897	-0.00022436939459136163	-0.00028987979551475807	-0.0002153802743792843	7.670856137786952e-5	-0.0001557236978255716	-0.0001663075926972013	-0.0001313708256761581	-0.000122792531351279	-4.380705867501611e-5	-0.000296211709674421	-6.67544578641932e-5	-0.0002625667695418943	-0.0003756427243914451	-0.00020832463358544384	-0.00021614008326176215	-0.00010820634752800595	-0.0002298656707686031	-0.0003296339113126323	-0.0004961177735990363	-0.0006651258970674645	-0.0008766447637253982	-0.0006390847920312304	-0.0003537610308856909	-0.00047203851070987124	-0.0001635024147322861	-0.0002542373429836875	-0.0002768916172735114	1.724330313951361e-5	-0.000124863487604987	-3.7859559237629625e-5	2.2726352050250753e-5	-0.00018535980042533318	-5.132394075707536e-5	-0.00010006596246059374	-8.325558124855359e-5	-0.0001038460983870948	-0.000163584380416526	-0.0001016024937794402	-0.00010366100339220807	-0.00010166990947052534	-0.00018728564706027573	-0.000170214862170448	-9.076665200696832e-5	-0.0001445609907821388	-5.5977249745209345e-6	3.8107505432455335e-5	-9.544756478241379e-5	-4.8934890427981825e-5	2.3782787805098904e-5	-0.00011814584683841889	-9.817812795381853e-5	-0.00016597708450694082	-1.4696523078366885e-5	-0.00016582733450287712	-8.520412023496626e-5	-6.661463915202948e-5	-1.4788669421006428e-5	-0.0001645386734847043	-0.0002662128438697675	-0.00012403811701713896	-0.00018017421322263916
3.1424298926885363e-6	-7.192538936402065e-6	-3.0026057595139433e-6	-2.425392785915248e-6	-2.760101446442481e-5	-2.2006254782845625e-5	-2.3516046965613158e-5	-1.229188192203301e-5	-2.5156379800453377e-5	-2.3703735914197555e-5	-2.2630305290295694e-5	1.4236821357233032e-6	3.949106124577495e-6	-1.4896978507532299e-5	-1.9276298764657473e-5	1.4779009179649583e-5	-2.3633230246920822e-5	-7.020116367557894e-5	6.284136893578568e-5	-3.4193717193646556e-5	-1.158332598675399e-5	2.2914856860969945e-5	3.20628397963707e-6	-1.053488893343335e-5	1.0427211394672953e-5	8.90888925131339e-7	4.9961423886912826e-5	1.1494933694136678e-5	-2.2086087299311163e-5	1.8914129160454984e-5	2.7362031911060125e-5	4.3058118919317434e-5	3.579067381007106e-5	1.6061598665656485e-5	2.1490464572823664e-5	4.3212026838712614e-5	-5.859282785521114e-5	-4.251147502597197e-5	-3.0386511449403963e-5	2.612697926930585e-5	3.9437208923867595e-5	-5.091190056344397e-5	-1.981548605756167e-5	-5.613514752859927e-5	7.691547052046666e-6	-0.00012303128351168202	-7.328855404498125e-5	-2.77398655261496e-5	-7.433497177175563e-5	-2.7538247290154194e-5	1.0127890279904017e-5	-5.659296815896386e-6	-7.381242969270452e-5	-1.109513956404351e-5	2.0530235497751015e-6	-5.801150575537872e-5	-0.00012543112165239179	-6.834898315724591e-5	-0.00023607371483005957	-0.0004425815616770912	-0.0005791546712693996	-0.0010530175039227818	0.00012347449451777237	-0.00020852150301592376	-0.0002449719680580609	-0.00032590913474905836	-0.00045848433556650026	-0.0002652257320018281	4.548852614028043e-5	-0.00016996850975281586	-0.0002083270621983102	-0.00044268135164504674	-0.00010771344753635059	0.00019999405777293422	0.0001534386116427977	3.607533109045713e-5	-0.0002853420841622545	-0.000543802394607773	-0.00012090686524884875	-0.000453120136897911	-0.0004049442205167342	-0.000223914333255526	-6.53263467625953e-5	-0.0004372465497309852	-0.00042148415833886954	-0.0006897095741753567	-0.0006260573223032528	-0.0003561907279542309	-0.0004373215765213212	-0.0003513426528878316	-0.00032030927389625763	-0.00023299812600130476	-7.804059048294176e-5	-0.00014341195331973866	-0.00023670412418325126	-2.967660839292563e-5	6.18671563631934e-5	-8.381845564842116e-5	-4.719343405651388e-5	-0.00016743993344614516	3.672754374933751e-5	-0.00010047926032874521	-8.645285008712644e-5	-6.143438622402408e-5	-0.00015593136590968948	-7.936059578592114e-5	-4.340415830569877e-5	-3.6761500961379756e-6	-0.0001273804195803252	-1.2929902374475555e-5	-5.029776508486128e-5	-4.1888085881847115e-5	-6.993987637302079e-5	1.2596445154305913e-5	-0.00012060992395784842	-3.97427099910197e-5	-0.00011014704773271156	-6.715245763969091e-5	-6.940062673849168e-5	-8.495682456144404e-5	-6.13192331112844e-5	-7.996946204194555e-5	-4.440188451290683e-5	-0.0001461504094829591	-7.897337298001794e-5	-0.00024747955421067225	-7.939375068835575e-5	-0.0001925643889136297
-1.6261006484472734e-5	-9.220421193049944e-7	1.423375848609576e-5	3.0528184147282644e-5	-6.848390127559001e-7	3.3148776692332182e-6	2.6671649914697393e-5	-9.829230528460298e-6	-6.575057338864543e-6	1.4965565136963732e-5	3.987841957694971e-6	-5.792683498671847e-6	2.2051940351888732e-6	-1.3830299752659592e-6	-2.6520826550482934e-5	5.5454962453668766e-6	-4.253977270267384e-5	3.452606852760026e-5	7.470174381418032e-5	-2.190590645077123e-5	-1.5705115701848682e-5	-1.1280527293516807e-6	-3.696316256546206e-6	1.2183288232436862e-6	-4.266371869503238e-5	-2.5180519561823766e-5	5.1508656281201715e-6	-1.4807762221263898e-6	1.8392779703793605e-5	-2.0125725088207536e-5	1.9819432553469518e-5	0.00010278808511808568	-4.423401206953004e-5	2.960568530781249e-5	-9.973307444656465e-5	6.034205253524494e-5	6.346986196163751e-5	4.870761454757455e-5	4.441145801808988e-5	-2.0585573176634675e-5	-2.9906052677677875e-5	1.1273837766112571e-5	-7.77699844627111e-6	-5.5665725934989085e-5	-5.19078703631326e-5	1.8370916766985435e-5	-3.7213244638567566e-5	-2.6848770602605487e-5	-1.6982259782444276e-5	2.088954009771271e-6	-1.0003694921045803e-5	-4.6435533369859616e-5	-2.580136625185414e-5	2.776671037194034e-5	-1.6083380287301718e-6	-0.00019457477079196095	-0.00032391932018593916	-0.00048037309807041906	-0.0007440168056302432	-0.0008749243950861851	-0.0007452768003429755	-9.164886731471977e-5	-0.0008031335145541885	-0.00043025583096323317	-0.0007194264715210119	-0.00045114758283337775	0.00020484534207776406	-0.0001469949162391515	-0.00010298944856657055	-0.0001638693521155421	-0.00024123186087576798	-0.0003296009732506322	0.0001797790215307682	0.00016681846876087647	1.3105402180135783e-5	-0.0003671686435793853	-0.0001755289923827119	-0.00035973190572191616	-0.0004811519238590023	-0.00023994508636937528	-0.00020218817939343658	-0.00010501968218668001	-0.00020458994741401337	-0.00041970476573338633	-0.0005821494761942825	-0.0004929764929606506	-0.0006475863682103844	-0.0004952549221420854	-0.0004778680489508913	-0.0004702700902303736	-0.00018604826880486147	1.1765415031117499e-5	1.9140006420059752e-5	-0.0001793587847687128	-0.0001651367194030473	7.403149274165521e-6	-2.5524851329783438e-5	-3.589524510960729e-5	-2.0578786071034916e-5	-0.00012627468515269413	0.0001807661659247728	-6.854347818496809e-6	-7.134839594136189e-5	-0.00010950344363908071	3.930189507173054e-6	-5.491009123087531e-5	-0.00011586936922089452	-4.366871447780696e-5	-0.00012334492151613863	-3.696349866813553e-5	-4.554965345876516e-5	-4.628105624432388e-5	6.297306426317206e-6	-1.0554578044885687e-5	-9.072072520294183e-6	-0.00010283127431162664	-6.995233385598265e-5	-0.00015494258437040442	-5.344004318924567e-5	-0.00010998879758361557	-0.00010041560681919859	-0.00029608763357780177	-7.633640898216387e-5	-0.00013022672133364277	-4.9040383299364665e-5	2.0348588265772793e-5	2.7373795504631593e-5	-9.452001898183071e-5
9.61735573991318e-6	2.1935686773943974e-6	6.662194667467203e-6	9.374689609667475e-6	-1.4186812532027138e-6	-1.1277992970938622e-5	-1.7204120072999984e-7	-6.162849093896416e-7	-3.7087669632444864e-5	-3.1582294288470814e-5	-1.7022876706331014e-5	-1.5425261437086724e-5	1.021771371938901e-5	-1.0390237390085766e-5	-7.79557625049665e-7	-8.34088928567539e-5	2.0112787845784352e-5	-2.4249940705663164e-5	-5.5843215251635825e-5	-5.118358536483625e-6	2.3213066668512083e-6	-2.1093548999498446e-5	1.1646879207599659e-6	-4.911435841359335e-8	1.518402916421413e-5	-1.629354203641631e-5	2.355472587811658e-6	3.669589588792266e-5	6.424334805452125e-5	2.0682490008833154e-5	-6.789572159701662e-6	0.00011751032547198392	2.9699360375515238e-5	-1.5113659022208958e-5	-3.0192704890061317e-5	7.344418042481982e-6	1.5848065047785465e-5	6.995253985439542e-5	3.995605387351053e-5	-3.1275486757700866e-5	7.434200824385506e-5	7.745644945746089e-5	1.1972389225844982e-5	-2.023520240257426e-5	-3.6512188671816714e-5	7.187427736310426e-5	-0.00014380911825956355	-7.413622667151731e-5	-4.153974256584925e-5	-8.239544029703394e-5	-1.983732188931553e-6	-4.3262518133885264e-5	-4.017430919184273e-5	3.989636312290434e-6	-7.115573321531121e-5	-0.0001441796551940322	-0.0006193688248910811	-0.00016949360751722375	0.00015091205195216784	-0.00019253606955288438	-0.0010458073643193622	0.0006436601685672061	-0.0007244550879331735	-0.0001040708318134076	-0.0008344696461604073	-0.0005246599595748469	0.0003115441498530158	0.0001326722585959228	-0.0003549121933843491	-0.0002968930656876978	-0.00015588515721309815	0.00010719580605111911	0.00027788823759450354	2.417992021885862e-5	-0.00022548742387162868	-0.0002679497032240241	-0.0002860890560910101	-0.00032501874455692636	-0.0003824135452745736	-0.0002924137928322912	-0.00026242458726899454	-0.00015131624252207043	-0.0002483750618370584	-0.0006660439560990383	-0.000496886689779763	-0.0007020032558729961	-0.0006362378072305441	-0.0005440761122882387	-0.00038066008678505625	-0.00024096367262638196	-0.0003701398562649949	-0.0002651566900074842	-0.00019120718463411235	-0.00020629815130485119	-0.00020948277834609286	-0.00016634250400715533	-0.00028982155217405214	0.00017914073002778252	-4.601690122701951e-5	-0.00022691455919127135	-0.00012988039463368573	-0.00013477303040937416	9.53945256121358e-5	-8.920321079020077e-5	-0.00014165825630574336	-6.222100742622749e-5	2.0657596726952887e-5	-0.00011347955995028025	-0.00015372749731165647	-5.4268091756459746e-5	-4.4089005449970964e-5	-0.00012159523605018152	-7.962580247933282e-5	-9.029927413445327e-5	-8.15301602272167e-6	-4.3899573646394296e-5	-0.00015379978107049608	-0.0001522906800666135	-0.0001235129836948956	-9.089840425496876e-5	-0.00012964883073368627	-8.751132414205887e-5	-0.00013058787991931942	-0.00015594456065012863	-4.862692280088732e-5	-0.00017436471103776663	-4.5216413079030016e-5	4.8164564784430874e-5
-6.26441986392029e-6	1.3167063468190465e-5	-8.913407663867223e-6	8.769143722796302e-6	3.575487345433559e-6	-1.470749791485787e-5	-8.111420606374264e-6	-1.7701112927856477e-5	-2.509832348462221e-5	-1.311321114628311e-5	8.810075065313061e-6	-2.5312087495454882e-5	1.3396762540453244e-5	3.734953969367072e-5	1.4420303601388185e-5	-4.0074814668979164e-5	-2.5169333305909147e-5	1.918160454691259e-5	1.2281823236377776e-5	-1.73170180452209e-5	4.2641237762985895e-5	8.20949211388644e-6	5.107887854002846e-5	-1.8596127242254124e-5	-7.74711783439741e-6	2.5212368000640528e-5	-3.208952743284643e-5	8.228368073709413e-6	-3.187782611664691e-5	-2.9331018950445875e-5	8.868166617714834e-6	6.614164511226095e-6	7.211468835283119e-5	-0.000133162209557669	2.024205998131523e-5	-4.6581824768993085e-6	-1.6673029059818822e-5	2.5339626230636014e-5	2.3014115569860993e-5	-1.0148473858148654e-5	-3.4097133753616116e-5	0.00016701723554515824	6.02440189748088e-5	6.826819925337402e-6	-7.558809264271438e-5	-7.736105592931475e-5	-1.9379365733679377e-5	-3.3737997204991155e-5	-7.04290467092028e-5	3.68814354057001e-5	8.610611139034385e-5	5.0066558971578745e-5	8.87595118931328e-6	1.9914072561105778e-5	-0.0002383492600337156	-0.0003784937207401695	-0.0007396983199570162	-0.000772107247928866	3.2786143591700956e-5	-0.0019006272467328444	-0.001075411851583774	-0.00015206533948708412	-0.0001265157249796811	-0.0001780196216133456	-0.0004562238607730418	0.00020632081113025613	9.983611160002681e-5	-0.00016107479933191726	-0.0004003882295156025	-0.0002027965252324182	-6.301571677663764e-5	0.000194180760880458	0.0001255661373489314	-4.7625662094596954e-5	-0.0002504820136028929	-0.0001678070659857922	-0.000428386080948695	-0.00015763597024931464	-0.0004040012248351932	-0.0002945730465109264	-0.00013824115463467734	-0.0002657766801777983	-0.0002549916007510422	-0.0005806564430665961	-0.000803673100291391	-0.0004963709131222682	-0.00046077221899087917	-0.0003659063937261342	-0.0002885674338370947	-0.00023414330370397085	-0.000239367423451875	-0.00020187714347419394	-0.00024092884805260173	-0.00030037203193472584	1.657326619691757e-5	-0.00018114010725406304	8.415915533910301e-5	2.4177166345340506e-5	-0.00019106675876873203	-5.651679211432503e-5	-6.3011683544556e-5	-0.0001520629759263481	9.55058948592935e-5	-0.00018566326861341187	-4.837254728717877e-6	-0.00017193748595017988	-7.346166860586201e-5	-0.00010100967371556857	4.1451911347856196e-5	-4.730482498771504e-6	6.448715259704807e-6	-2.9898056686655794e-5	9.166474003452496e-6	-6.955841068065349e-5	-4.500716205974031e-5	-8.549192170165254e-5	-7.80509879817759e-5	4.0889156210227595e-5	-7.007813383405614e-5	1.4563664944150512e-5	-0.00015467655368334166	-4.9260617286661645e-5	-0.00018821343138533675	-6.0120452453210627e-5	-0.00016618177103508436	-0.00016689397260016836	-0.00019028259870546016	-0.0001332207456329615
1.9511871502189693e-6	2.21171171654877e-5	4.599467508248356e-6	-3.922182674129249e-6	2.032950901804248e-5	7.042218370945097e-7	-8.926588851779216e-6	-2.3275627844369928e-5	-8.734937144254384e-6	-7.861303296698152e-6	1.6560388585613872e-5	7.2991742858241615e-6	-2.8614242052193983e-5	-2.0160137665162225e-5	7.691698840350814e-6	8.937189638520693e-6	1.2514620416348432e-6	9.079175670827222e-5	-1.1605275659735959e-5	-2.0367686487041126e-5	4.816377873785582e-5	-6.382088867801228e-5	-8.667361533348794e-6	-7.379638350055173e-6	-9.217848923395722e-6	2.6685722858896255e-5	-5.149429060241628e-6	7.5578486611466156e-6	7.668280073425127e-6	9.027519400420236e-5	2.7336997682897435e-5	9.064200670420852e-5	5.7775979096438834e-5	2.7286213653138214e-5	4.2469744084353e-5	-7.223818982229901e-5	1.5287142211828364e-6	-2.143154360575994e-5	-2.7282776732251435e-5	5.611740998105741e-5	3.873956819396007e-5	1.225601651416719e-5	4.75154529437638e-5	9.996231273290412e-5	-2.118953883883945e-5	-3.381047612022181e-5	-2.8961381903780392e-5	-4.795915184083177e-5	9.566762529736317e-5	-4.191022529020927e-5	2.163388825721091e-5	8.413517278704763e-5	-1.0277163235011821e-5	-9.69671066532174e-5	-0.0002658686747321337	-0.00016386321553124583	0.0006487790773362923	-0.000776323753545749	-0.0007664790460312765	5.071741637774352e-5	-0.00033620458847472	-0.001194050370731392	-0.0005931444571616318	-0.0006725452226380435	-1.4248801791238996e-5	0.00021781014492017192	-0.00017508102172908435	-0.00035769217449077573	-0.00032837532606272424	-9.927811610993542e-5	0.00021205645746313895	0.00019472787098073763	-7.787351492816175e-5	-0.00031436413801960716	-0.00037975913646376425	-0.0002549170076415752	-0.00022012368056795184	-0.00013308566488429152	-0.00024332237613666763	-0.00017404675790866353	-0.00019372927741179158	-0.0004692801702788074	-0.0006272837284326815	-0.0007187984148865345	-0.0006099583078206239	-0.0005051189935073586	-0.0004155563480129354	-0.000343169026181811	-0.0002376554248534335	-0.00024996367822827104	-0.00011228891080850012	-0.00023104328780026995	-5.032671328286664e-5	-0.00014346774636353476	-0.0002181850186633305	-2.181414771040835e-8	-0.00016909045778140674	9.268185177657706e-5	0.00016518128011233646	-6.656131808918664e-5	7.796508664364987e-5	-2.8582930293452602e-5	-5.8928751635323184e-5	-0.00023467553855044399	-4.975893828917943e-5	-0.00018621306753507927	-0.00010907147580951904	-0.00019087898579447926	-0.00010708020841548871	3.9348689237495016e-5	-7.559959602776445e-5	1.1465936707033553e-5	-5.103387330784859e-5	-0.00014178854488081094	-6.901469413317374e-5	-4.2499521697020315e-5	-0.00015222261385422486	-0.00019772603693235524	-0.00010866352305807792	-0.00011356528781605868	-0.00014658641054460242	-0.00013430745231246544	-0.00013440380535953422	-0.00015749801636488758	-0.00013334327132047408	-0.00011858835311309712	-0.00019294353441334788	-0.0002425606590583662
-1.4296395556105679e-5	-2.2341341016779426e-6	-1.9370139173191525e-6	6.892685207315896e-6	-9.785764863365354e-7	-9.610804448285937e-6	-7.6181926435617275e-6	-1.238263777538634e-5	-3.095324831951102e-5	-8.036269132788432e-7	-6.688567885312913e-6	1.0627837585680533e-5	-3.78182402928362e-5	-7.529220302782136e-6	-6.10207143061231e-6	-4.594730628956767e-5	9.808099157068012e-5	8.735406874845614e-5	4.225694501345384e-5	3.77207569650026e-5	0.00011956649320805923	-7.367342955318101e-5	-2.1933952050467997e-7	3.720057031517121e-5	1.6922270876240653e-5	-1.5021865045275473e-5	-1.7056646893498506e-5	7.350803451176835e-5	1.786717475360522e-5	3.0961816227179084e-5	-6.301686603094048e-5	3.102755682590774e-5	3.825344988689361e-5	-2.6845214419479735e-5	-0.00010218910136486348	1.4466661375778234e-5	-6.464365718064635e-6	-1.1944411388783993e-5	-6.254782932910152e-5	-4.054785478734002e-5	-4.31758144861516e-5	-0.00010455892878943884	1.2617467834430407e-5	-4.282313436146379e-5	-4.713393304128788e-5	-1.5495092188511084e-5	-2.7744050546535393e-5	1.2403619797929366e-5	-6.643569158346074e-5	1.932005987484442e-5	5.382966208195006e-5	1.3356904558087246e-5	1.6553165088639687e-6	-0.0002558793346478516	-0.00038263141570113457	-0.00089594601269255	-0.0011495541064193704	-0.0010083894656787162	-0.00075931110357641	-0.0009367500698742592	-7.81986454756467e-5	-0.00022822794001897684	-0.00041131579479186664	-0.00027444197088499767	0.0001699574075225696	-4.065190024882259e-5	-0.00027209376245174166	-0.00032584312852079744	-3.719778391558792e-5	-8.251882250426279e-5	7.49113228046272e-5	-0.00018568415034725394	-0.0003883484029146289	-0.0002563135684599538	-0.0006586986815368401	-0.000363427408826833	-0.00026842718586078673	-0.000130357812218318	-0.00022917570619007677	-0.00015575635399500687	-0.0004231290448228342	-0.0005842940931435892	-0.0007132294754796931	-0.0005941975644158104	-0.0005875285934847652	-0.0003650387717796244	-0.0004026016065666882	-0.000355631019424707	-0.00025542398057742943	-0.0003482244874397633	-0.00020415281878211067	-0.00014594996218530998	-0.0001528964888725115	-0.00015549649241830554	-0.00022935453449640653	-0.00017156024864628527	-1.7205616271998014e-5	-0.00015819056134458442	-6.772900382895353e-5	-4.7894847809981655e-6	-4.864260036430146e-5	-9.285276540704768e-5	8.768521932850382e-5	6.123096821242235e-6	-0.00024278467691124517	-4.93537719373216e-5	0.0001294631069015395	1.7469489396737536e-5	2.5263569448236156e-5	-2.746938961017964e-5	-6.24004212017304e-5	2.2659413408121498e-5	2.4209388833906775e-5	-7.942113763523273e-5	-4.794474279395944e-5	-0.0001788608866050423	-0.00015179624050787321	-0.00010763117827550239	-0.00026455059930902136	-0.00014425571197643206	-0.00010362813038233831	-0.00013279168346522208	-0.00010882257551678154	-3.42432787854563e-5	-0.00015888317137641161	-0.00015659230639605837	-5.757850793375319e-5	-0.00014194597103625584
-1.1804261994957654e-5	1.4932201525610922e-5	-1.4648113451365408e-5	-8.740333760567931e-6	-1.646768658936093e-5	-1.1593639459919758e-5	-7.630557969338925e-6	-1.8696017498910644e-5	-3.3742729747474054e-5	-1.2749656473805271e-5	2.0750735114580254e-6	-1.3425743264523782e-5	-4.164609466745378e-5	1.1343451677102434e-5	-3.649641353020705e-7	-8.585539505896744e-6	1.518498868313678e-5	6.905283636560178e-7	-3.1177832668025096e-5	-1.862470139050998e-5	-1.0086630966230081e-5	-3.936280554978078e-5	6.816124270905832e-6	1.0385084719261028e-6	3.664668395131354e-5	3.1627651886356745e-5	5.569682627430683e-5	2.922470750642281e-5	4.383523708947901e-5	3.771008570511991e-5	1.851711058792338e-5	3.8444865780445925e-5	3.12852066301772e-5	-4.693552404372303e-5	6.052440991964614e-5	-7.186086036121975e-5	-3.0200364778409927e-5	-3.631555234480388e-5	-3.7376146014983513e-5	2.8738079624335278e-5	2.3609857558587466e-5	2.5520601257267295e-6	3.577628644724218e-6	7.81616524975215e-5	1.8507656344979306e-5	9.704596067722226e-6	-4.630120072068866e-5	3.940396186424833e-5	1.9461960255179322e-5	9.636182910638391e-6	0.00013324494502545137	9.315340382745618e-5	0.00016125026661151232	-0.00013295987574823975	-0.0003231155360633453	-0.0005652946426931704	-0.001888493116226908	-0.000384472271727776	-0.0002608506726592408	-1.7996021339783397e-6	-9.973911887367626e-5	-4.034409525205396e-5	-0.0004786594298006319	0.0001650014977080949	0.00013351739418937525	-0.000276409082254625	-0.0002624425416569709	-0.0002174529219883814	-0.00011601589914450594	0.00015574622754671585	-5.9346819993033595e-5	-0.0005539880837054922	-0.0005321495197621595	-0.0003894926698874701	-0.00046057621692213724	-0.00018491302239409535	-0.00021974147761810725	-0.00027504597991528934	-0.0002045396621172535	-0.00027430503615061275	-0.00045223330288890473	-0.0006810656205669119	-0.0007404310021011384	-0.0006133210042266746	-0.0002028944503726371	-0.00045397531220348064	-0.0002061956074633775	-0.0002665341471835836	-0.00026712863691880084	-0.0001463668162365872	-0.00010924648772420165	-0.00014377349137617568	-0.0001001438081765782	-0.0001650551006635026	-0.0001766401044531185	-7.619896467275789e-5	-1.67465867562111e-5	-4.2121362821279096e-5	3.923244108056112e-5	5.038417599800837e-6	5.4165851491594363e-5	-5.5174766665222474e-5	4.518490616389759e-5	-8.311610948108505e-5	-4.422887837224332e-5	9.370206433684247e-5	-4.455019252808112e-5	-6.153862142088684e-5	-1.7778801434525926e-5	7.065380181955905e-5	-0.00016892505189797236	-1.8374776526719483e-5	-5.619332039616398e-5	-1.3281129668252234e-5	-5.788188938565808e-5	-0.0001026644047552594	-7.868669908359105e-5	-0.000148295687795591	-0.00015606475530297037	-4.493261231836021e-5	-9.813134463007578e-5	-7.707508676429997e-5	-0.00013960421360592612	-0.00016464952231481922	-0.00014697298282920213	-0.00018541175539343868	-5.292365937853427e-5	5.1918994277422303e-5
-1.6847057061029902e-5	1.2492960767447603e-5	9.838375773785213e-7	-7.900968833178534e-6	8.534042613209114e-6	-1.4167684495199062e-5	-9.117194304207599e-6	-1.6004447658639342e-5	-5.188227234984022e-6	1.0540965886610132e-6	1.6012917988111885e-5	2.9923226440090045e-5	-1.6135180756597645e-5	3.4273129581770256e-5	-4.9118074516539545e-5	5.186960615796016e-5	-5.342342779095233e-5	3.498131146729977e-5	5.38711301045422e-5	4.351413435306484e-5	-2.5993421824688223e-6	-1.5118624668158942e-5	1.204846769228829e-6	-1.3327875044918946e-5	-1.4464883284215357e-7	5.590531293106493e-5	2.331526898630143e-5	2.9421441411631166e-5	1.1880660301041845e-5	2.2013602963069645e-5	1.1123426398723657e-5	5.2360448875993226e-5	5.646053286359476e-6	-2.407172768406629e-5	1.5859205225107753e-5	3.296322091152215e-5	-5.022729194364972e-6	1.0332164811222011e-5	-1.7249537302005402e-5	-4.215817690604584e-5	4.4134943096019175e-6	1.677501453717367e-5	3.3786146623471236e-5	1.2853682961749824e-5	-3.0412911772303985e-5	-0.00011129445889185297	-1.5536389449261057e-5	-3.3682681210150944e-5	3.050610979105084e-5	5.4178937811816263e-5	7.942694895887725e-5	4.215521161310409e-5	-0.00010353304585181133	-0.00010590015192893376	-0.0013671413827409662	-0.0009760107435793919	-0.00048248304223424965	-0.001757405766050768	-0.0003205955900059676	4.8069165835273875e-5	-0.00021318157742561405	-0.0003123735861990107	-0.00011262549053092652	7.32436463909969e-5	-3.744545905987051e-5	-0.00028606739373160384	-0.0002773306541012377	-0.00020734655312160122	-3.248497391222793e-5	0.0003110718497026377	-0.00039285224379126404	-0.000354247360612181	-0.00023955802619379796	-0.0003681862323703933	-0.00046835272205641987	-0.00031335199192350505	-0.0002181847584548091	-0.0002363800344698519	-0.0001766820630771937	-0.0003223828756032665	-0.0006244395842416872	-0.0008081873278248386	-0.0004853076924701827	-0.0007187108330350411	-0.0003185742251596291	-0.00018981610987872655	-0.00024071931514074718	-0.00024172528128446613	-0.00029536705112992445	-0.0001972910767047975	-0.00018651308796024946	-0.00012404936019366763	-0.00017650616211672965	-0.00015054730465730026	-6.828461407426545e-5	-4.5350312047331975e-5	-8.390016112413967e-5	-4.417954717339523e-5	-2.3921489789024974e-5	-0.00011920640256152248	-4.704496341101372e-5	-0.0001281721907428479	-0.00019825844525117597	8.458251460341515e-5	8.65380683778838e-5	-2.1431424343520966e-6	-7.876997665245966e-5	6.347374882642587e-5	-0.00014866833892429598	3.50733873367981e-5	-1.2591652980703527e-5	-6.691708819006603e-5	5.351860447866397e-6	4.211132310916188e-5	-2.790663750432132e-5	-4.96101749090927e-5	-2.1795803009649894e-5	-0.00016699751390764073	-9.808755370432909e-5	-0.00014046239215151357	-0.00012819336521127656	-0.00011297608898744316	-0.00018516471992843786	-0.00014803158698839525	-0.00013499000094813196	-0.00010350869467101731	-7.241079480815871e-5	-0.00010642169654198619
-1.3213605556949837e-6	-1.9315761013230515e-5	1.08270732874019e-5	-1.2487585835177506e-5	-1.7667876710258934e-5	-8.84254149936814e-6	-9.11362456855469e-6	-6.168432735084717e-7	-5.064210227383181e-5	2.4572363458222335e-5	-9.382330524478066e-6	1.5214045301359391e-5	-3.530362851014712e-5	1.6623749360573925e-5	6.585755161700457e-5	-1.9095779102938637e-5	1.6474666140846306e-5	-2.459566838391991e-7	4.25230272001198e-5	-1.7036730099589947e-5	-3.385266242675322e-5	-3.0467170670026023e-5	5.1483557000908675e-6	-6.838064728169335e-5	2.567242208748044e-5	-2.3599844951524562e-5	3.762703039769666e-5	6.024604643287135e-5	-9.418822059098497e-6	8.555746172297929e-5	5.574534974253642e-5	-1.2750494019983516e-5	5.5327606645477756e-5	5.728922653110147e-5	3.794324338231292e-5	6.1380859162768475e-6	-5.980816970146963e-5	1.5394071651089747e-5	-1.840956315342368e-5	3.939876853584212e-6	1.121675452173121e-5	5.129151227009632e-5	1.2954275239313029e-5	2.7805709124084643e-5	-9.64973977460315e-5	4.088773590538164e-5	-8.658284592760745e-5	1.5500231306808665e-5	3.1191585772583075e-5	7.029960381182976e-5	6.945187697518507e-5	3.9651658692574365e-6	0.00019148465365409484	-0.0017486284989431944	-0.00044713785625483116	-0.000310458581585793	-0.0004818865792510785	-0.0007193764681168169	3.547086669525301e-5	-0.00016129229028771785	-0.0002369883369407466	-0.00011052693048990703	0.0001789003190380556	8.050801778708427e-5	-0.00027720152562249467	-0.0005049262657291775	-0.00042554549294082644	-0.00027096170359536265	0.00010050736284905604	-0.00010269682240021671	-0.000688994759683037	-0.0004934259164451893	-0.00040906700769782756	-0.000535373243133741	-0.00018219273745928577	-0.0003481884919276368	-0.0001805186208847509	-8.840536809551214e-5	-0.0002932063446203781	-0.0004472721021678283	-0.0005508968932074754	-0.0003878920405361863	-0.0007141922686929036	-0.000485947219963645	-0.0003758697346423201	-0.00027677833983053013	-0.00035691133208615167	-0.00017081188893874888	-0.00031942727542894067	-0.00018928519775890384	-0.0001895322006978395	-0.00012538327581052	-0.00015077338249430694	-0.00018566736689762386	-9.122765477070915e-5	-3.7841713269870514e-5	-0.00012504199065066501	-4.9935945135859416e-5	-8.458359880558763e-5	-9.012265760055538e-5	-4.837829355869294e-5	-2.9372771576108292e-5	-2.2569771572500397e-5	-9.08432400484327e-5	-2.2102198543594298e-5	-0.0001935334271313538	4.745687350038441e-5	-3.540744086816261e-6	0.00010965234796544987	-4.961025080324477e-5	-4.091486264373723e-6	-0.00016853641962924493	8.124902660389122e-5	-5.450637770992861e-5	-0.00017294546870993965	-3.0230169496131554e-5	7.299811796701583e-5	-4.867554926832329e-5	-0.00018496271137966036	-0.00014848058763408667	-0.00011313984688357537	-0.00013767147144516656	-0.00018280358780528583	-7.761074768963816e-5	-9.022870341504619e-5	-7.387798055605299e-5	-1.5621336689475296e-5	-6.443002598457981e-5
1.4523251308171115e-5	8.984073250964397e-6	-7.796877293103632e-6	-1.1735241684657227e-5	-6.041789789822116e-6	-3.0225507426789866e-5	-2.4165755117475096e-6	-3.569844073125772e-7	-9.172675639879113e-7	-2.6049835574228075e-5	1.9246377495202305e-6	3.792982366992298e-5	7.200023997150362e-6	2.6519598691522595e-5	-1.0702826428940493e-5	-6.918781953607622e-7	-2.1527178368889455e-5	4.966030028603213e-5	-2.2207062577717096e-6	3.916569217381205e-5	-3.0947640283773836e-5	-5.3705043884244574e-5	5.893155971894992e-5	2.4001948432245124e-5	5.01876751962671e-5	2.5607510903413733e-5	4.39571122556881e-5	5.799419104668413e-6	8.220672406689111e-5	2.554971208559853e-5	-3.402162449331336e-5	-2.0217502802108434e-5	-1.4182052884489926e-5	1.1732005341172358e-5	3.936402527722482e-5	6.270413875630876e-5	-4.9213047916343844e-5	1.335923559275809e-5	3.226877857802346e-5	4.432139876463237e-5	3.0972110726806834e-5	5.117116582895043e-5	6.686964350299807e-5	8.1414692695847e-6	4.753417711528263e-5	-4.131294915540873e-5	8.293351899321677e-5	-2.2495221831120293e-5	3.5499055951737635e-5	-4.498799336533077e-6	7.842006124331169e-5	2.376359742664591e-5	-0.0007432027757971194	-0.0007043122812397384	-0.0002192631059355632	-0.0007210161287463102	-0.0011803822676237363	-0.00014826377972565474	3.82052896263918e-5	-0.00021939390408565185	-0.000745705385461759	-0.00017005268720948763	0.00019012087910941222	-0.0002934458231962367	-0.0005781980363245287	-0.0005521780081785277	-0.000230530156596076	-3.601342314640821e-5	8.820058398917308e-5	-0.00043168162187218195	-0.0005080310304383939	-0.0004755564431829784	-0.0005232884871947396	-0.0005675447525138599	-0.00037100570011994183	-0.0002728560216311293	-0.00013658249878312212	-0.00021234626470384432	-0.00040515711445532343	-0.0006421218808408402	-0.0005333914733507417	-0.0006109078737673301	-0.00040374611206400735	-0.0005158013556202934	-0.0004340411060080318	-0.00039039227579806823	-0.000250077519456382	-0.0001732568515738775	-0.00019617181143405382	-0.00018382856001308845	-0.00016342495932908374	-0.00021836553832504935	-0.0001484879276827944	-0.00019202003268686818	-0.00011075890638673203	-0.00013871718444052883	-0.00011368544994283525	-0.00011078967604438716	-3.9166976953386445e-5	8.017080922739783e-5	-8.874073351150535e-5	-0.00016056613504067396	-7.339200861627981e-5	0.00021677362595923233	-0.00021043423080457924	-2.347167599170419e-5	-7.055768729696821e-5	9.896003287657162e-5	-4.018148661022458e-5	8.30755169517472e-5	-5.7745832855032875e-5	6.0704457953419944e-5	7.215972611107624e-5	-9.078050811073268e-5	-0.0001436136691339296	3.358014821069899e-5	-5.195758103274106e-5	-0.00018969370345345293	-9.107928170340451e-5	-0.00016007631418318846	-0.00016188388520313457	-0.00014716418188231994	-0.0001755524978858114	-0.00017806374864176577	-3.337013824988855e-5	-0.00012146425358572355	-9.204270375387513e-5	-0.00014124838451645694
1.1881066876856528e-5	-6.506779707052268e-6	-1.689872742606513e-6	-8.54180550076411e-7	-3.464835298012947e-5	-3.7884463361531617e-6	6.286838454341859e-6	-5.317599659215855e-6	-3.6223687894729184e-5	1.8104308742265818e-5	-1.8609395166339915e-5	-2.5842403304082717e-5	-1.0737759422937976e-5	2.427393952075113e-5	-8.642603234639001e-5	-1.787373959775962e-5	1.1249014957373515e-5	1.9338041367875092e-5	-4.930861491683758e-5	-1.496781756697707e-5	-4.004387424948186e-5	-8.105457494425594e-6	-1.089719135240197e-5	8.976984195059601e-5	3.222985572003123e-5	3.486452663029049e-5	-6.303914638558505e-6	2.195599930164549e-5	-1.3795876333683177e-5	8.985413866950676e-5	-4.620793764981146e-6	5.218347997638928e-5	1.7183975596635204e-5	-4.588542545057306e-5	-7.392911695151827e-5	-0.00013013364799814575	-2.4587661550876105e-5	1.0525651530923774e-5	4.9478525660298645e-5	7.764990907210834e-6	2.1392360539246313e-5	-1.636607516175559e-5	4.540107439304775e-6	2.759890840170476e-6	-0.00012169601264211405	-5.202874806334301e-5	-4.9028706441967e-6	-3.4072993992245726e-5	4.652158649628979e-5	0.00012234343312739204	5.4804760989818346e-5	0.00012996447451216198	-2.645429448416836e-5	-0.0013204549649883934	-0.0015001940878792142	-3.4600664347572696e-5	-0.00022538691833023927	2.993905037079747e-5	-0.00012077016903894178	-0.00021750394454261857	-0.000379013725786137	0.00012314153603060207	-7.723444279961189e-6	-0.0004567562257237756	-0.0002465414591229509	-0.00026494915202762703	-0.0001685139874862962	0.00024326343890657132	-0.00020012633043797745	-0.00031315566459411137	-0.0006540829943640913	-0.000429849298516638	-0.0005145188962385472	-0.0003161360929981871	-0.0001596288205785168	-0.00022541254886959683	-0.000139815112612518	-0.0004852918631184644	-0.00031868086728531475	-0.00042025055310701553	-0.0005759675288791177	-0.000542988137092193	-0.00036913384675318905	-0.00048154902374669684	-0.00030029609441456495	-0.0001959074612603584	-0.0002624148077653987	-0.00026440882903294716	-0.00015897313847268446	-0.0001380733201383766	-0.0001443207749488029	-9.704151544831507e-5	-0.00014475250425388664	-0.00012286135650518837	-7.022355787145163e-5	-9.968809631943909e-5	-0.00011878182899077716	-0.00010982046435431547	-1.9045680831053513e-5	-6.0735856448335124e-5	-9.585845572174234e-5	-0.00018331837783880367	-3.316570108824468e-5	1.9541659956878732e-5	7.218791536756086e-6	-0.0002908949123248128	3.367234876344716e-5	4.007612384310244e-5	-0.0001263489096334225	-6.668829984762814e-5	-8.064332621821046e-5	-8.11546684888198e-5	1.9222275680907952e-5	-9.232870544495508e-6	-8.672874701395883e-5	-0.00010415891239790032	-0.00018757151864709498	-6.50438578865542e-5	-0.00016085879373309298	-0.00011691152603313104	-0.00020234760048087885	-5.758449272974531e-5	-0.00017892410643371992	-0.00018504828745713464	-0.00013987563277778614	-0.00015656847563230714	-0.00013108164727271276	-0.0001454820530537304
1.6717340402608305e-6	-3.2849157421965813e-7	-5.948580929053537e-6	-2.207690410691021e-6	-1.6963641320637268e-5	3.982044186577605e-6	5.794491405794466e-7	-2.4623036357258876e-5	-4.333618696100022e-5	-2.315055699225743e-5	-7.51243685315206e-7	5.7493533588484635e-6	-1.5368229692308555e-5	-4.0762556633051894e-5	-9.676851334128322e-6	-1.2063283314975304e-5	-4.313040267815704e-5	3.3920311221305455e-5	4.266763808588592e-5	2.5333603487567857e-5	-5.393108919518608e-6	4.9317293955228325e-5	7.620705282096463e-6	2.6286573829095716e-5	1.2914658491930409e-5	8.444010464805918e-6	4.132485369526262e-6	5.231763373220177e-7	-6.208494005358056e-5	5.992164230084196e-5	0.00013085676205809582	3.797657175709512e-5	-0.00010521520178545518	6.8551176020392735e-6	-3.221857459642652e-5	0.00010186763542072153	-4.1399137807110464e-5	1.4956574390448396e-5	5.072970038835778e-5	-2.18327092516013e-5	-2.8095527206811743e-5	-6.933787311674822e-6	3.063239766010195e-5	7.253876319057717e-6	0.00019272279085102983	2.312938252382879e-5	4.617750409482979e-5	-0.00018190837291348627	-3.831082586586154e-5	0.00012963138592073098	-0.00013613008290058737	8.231854867896127e-5	-0.0006382599527024468	-0.0004495648645019834	-7.370035571413469e-5	-0.0002407358600658993	-0.000202220553670307	7.19529904408267e-5	-0.0002655822176761413	-0.0004611885959932005	-0.00013414532071959195	0.00012088487762879074	-0.0002407637674298191	-0.00047211149920012296	-0.0002262970843699974	-0.00022015781125234168	-5.9339295629956545e-5	4.668047632466754e-5	-0.0004142982398119832	-0.0008509098807507609	-0.0004300465582599	-0.0006614374412766688	-0.00040561330336141843	-0.0004118780620385176	-0.00026677648805317755	-0.00010894475425959893	-0.00021601524822362217	-0.00022842402882389257	-0.0006302978321562347	-0.00031965536988198817	-0.0004013016047937912	-0.0006520742062629536	-0.00048210554472183365	-0.0001714343294059728	-0.00032828900188575094	-0.0003700193363515014	-0.0002653138559544077	-0.0001657804752849823	-0.00018265185371124648	-7.678089934681775e-5	-0.00011244941609811487	-0.00012467832755796993	-8.620738671527572e-5	-0.00015567128749255366	-0.00015307308372236594	-0.00017895377020515912	-0.00011469213165998804	-0.00010496302178114592	-6.95971492242764e-5	-3.856765167647991e-5	-6.81309609423808e-5	-7.279576247354314e-5	-8.31129002426545e-5	0.00010415936776281276	8.020578558948221e-5	7.730959969420859e-5	4.439339520989627e-5	-0.00017571903133950517	8.922977374342667e-5	6.38486876217148e-5	7.576426465372155e-6	5.3835191513029734e-5	-0.0002016620269211511	-4.22781384554205e-6	-0.00015231211474356354	-0.00019461203482062928	1.0518029589651201e-5	-6.316135765446762e-5	-0.0001513195493386965	-0.00010792680768187402	-0.0001120999343698359	-0.0001984711982434828	-0.00014157030582551133	-0.00012446532519916342	-0.000144993056189896	-0.0001651763686764951	-0.0001622899622848173	-4.735131557687122e-5
-1.5792212372869874e-5	-3.2282163053842794e-5	-1.3565158111378262e-5	-1.02301739128563e-5	9.392540998437449e-6	-1.4974555883479068e-5	-1.2469647710233733e-5	3.26343823926073e-5	-1.629709550903663e-5	-1.1611423086053951e-5	-3.446166420804919e-6	-3.27906023731353e-5	-4.744492288193819e-5	1.5596898772507473e-6	2.0115091775400884e-5	3.589333691378371e-5	1.4713360738105585e-5	3.423042014769062e-5	-1.6470375410748694e-5	-4.631852627140498e-6	1.908450611085022e-6	-4.455154778079673e-6	1.28928877123069e-5	3.1215394852290856e-5	-1.54133975548143e-6	-1.1541668228781665e-5	-2.9973869523566843e-5	0.0001262341902015518	4.801933048241558e-5	0.00010767025292179877	-9.677010711847678e-5	7.476078133297759e-6	-8.644799286139371e-5	-2.6729822782262103e-5	2.9434392206581506e-5	-2.795359972142253e-5	-3.181515381006639e-5	-2.099619306542011e-5	-1.3058250227654389e-5	-0.00010606680464486651	-8.353182512008117e-5	1.3715873055375472e-5	3.79923306356722e-5	5.284976015845766e-5	1.9224845240056743e-5	0.00011503078220856389	9.017834222413423e-5	1.0144641203468918e-5	9.772596143778345e-5	8.209140832382555e-5	-0.000378344003262171	-0.0009457006141730395	-0.0001794975409627475	-0.00029998703174327623	-0.0003620823042435606	-0.000765120388920848	6.947782193317265e-5	-2.66609434182441e-5	-0.0005042046424472146	-0.0003561772838472921	5.750367629980824e-5	7.002644991649376e-7	-0.000515759050051523	-0.00011348023215562719	-0.00040810328207074864	-0.00015781590444186033	4.6094616838743274e-5	-0.00016382871621811734	-0.00035873506856048953	-0.0008056461314048802	-0.0007035315255712882	-0.0001894721792655707	-0.00021878748812653726	-0.00030339409370222503	-0.00017378678791174496	-0.0001457230169865653	-0.00032371299651251517	-0.00023816846932145364	-0.0004994732058505313	-0.00024855050743261	-0.0004203166243874068	-0.0003959147679838404	-0.00027407214952396286	-0.00014329440412019778	-0.00046702405397808233	-0.00032141398917384656	-0.0001749576828899424	-0.0001423398508434981	-0.0001849960939645512	-0.00016395721585960032	-0.00011387262660589315	-0.00011609170656040613	-4.440775004665998e-5	-9.483284383465795e-5	-0.00015542354729614072	-7.994137036365645e-5	-0.00011522037664246643	-0.00010193809771991136	-9.02785658729588e-5	-0.0001283682578637202	-3.983883535563226e-5	-1.1622191924132164e-5	-0.00011825492841899266	-8.675493049642435e-5	3.5576706511331047e-5	-7.61375554617083e-5	-2.2811613709095013e-8	-1.1956668294343942e-5	5.9731971972787345e-5	-0.00010307755083510672	6.81017308518106e-5	-0.00011896538441857896	-0.00014807222288582	-5.21493113449234e-5	2.900460904439739e-5	-7.621837189164538e-5	-9.679722301481064e-5	-2.706510146208152e-5	-0.0002827691423026857	-6.695197781597662e-5	-0.00027429853093757783	-0.00022954958246723667	-0.00016924381817870482	-0.0002383052956356213	-0.00012612135728146123	-0.00017634411726002996	-0.00021706581844471717	-0.00016878093974520558
-3.4051730077137854e-5	-1.861862985834406e-5	-3.460536978500128e-5	-1.666103236278027e-5	-2.45006245109744e-5	-2.8822747682490102e-5	-6.964158525031572e-6	1.165661805361401e-5	-1.4315409751705643e-5	-2.8182138697360748e-5	-5.537009652861746e-6	-4.5363842890444595e-5	-3.397952221245032e-5	-2.761597374389968e-5	1.986360837098744e-5	3.648184727401971e-5	2.9555562641378486e-5	8.030761927853292e-5	-1.2923196584038732e-5	7.052491186529397e-6	2.8775435810188266e-5	3.888683537504878e-5	-1.3113620432603224e-5	1.256644528019324e-7	6.846294906860673e-5	6.8967347024301295e-6	3.48053562967271e-5	9.478717723915286e-5	6.361665751478118e-5	-0.00010560816544186169	-1.650654439522281e-5	3.38945072096003e-5	1.9624091848052805e-5	-9.371800210877801e-6	3.1389799613756875e-5	1.336146904923341e-5	1.3704044409673655e-5	-6.521725433999981e-6	8.411781471026614e-5	9.077092376352791e-5	7.640318499396725e-6	3.5067543487088404e-6	-1.0853102271057846e-5	0.00012909606109806626	-3.269724985557887e-5	-0.0001154562231410472	9.307040815115242e-5	1.4479975378456356e-5	0.0003003779408365659	5.6842215396396556e-5	-0.0008552839534693712	0.0008913041095112706	0.0001352348137986792	-0.0008925648631655236	-0.000804118967592804	-0.0005910983291376737	6.463607860746068e-5	-0.0001606266118378552	-0.0003906649309604049	-0.0003107993680126486	0.0001502711149958813	-0.000136550861763729	-0.0009239711643363457	-0.00034446427914919253	-0.00012406813857529508	-0.0001537036990739704	7.814437031489208e-5	-0.0005970476934027968	-0.0004905172622249321	-0.0004928382571836587	-0.00043867760986249227	-0.0006204027742928719	-0.00034079518720919744	-0.00041387019679428594	-0.00016556929438582557	-0.00025427500816715964	-0.00019832156750165808	-0.00047933172188374673	-0.000507572868284345	-0.0005286382876584783	-0.0006014979963761546	-0.0004143273831663796	-0.0004872076049891594	-0.00038833346260869206	-0.0002881692497472277	-0.0001362431218190907	-0.00020709623252401776	-0.00024736408667930254	-0.0001754258630720651	-0.00012575255507046856	-0.00013221426991422147	-0.00015318681653025967	-0.00011341335856562829	-0.00017776793492102483	-0.0001091456135540736	-8.1033530580088e-5	-7.384264640725169e-5	-8.632435044564346e-5	-0.00013485072433705447	-5.550772515239277e-5	-5.0513391212925196e-5	-0.00010693518553289705	-5.750881541810582e-5	2.5785168271397207e-5	-5.5974344083387084e-5	-7.63516853907742e-5	3.5757031016658836e-5	-0.00010169109478097571	0.00019291061803539122	9.89247746219224e-6	-3.3358428866425704e-5	-0.0001408394668250823	-7.314730418594984e-5	0.00019468466552416408	-5.777808786966432e-5	2.8891515915785426e-5	-0.00012974091202419546	-0.00027793941193704486	-0.00020700277429674951	-4.019567881666242e-5	-0.00019581608470126133	-7.195404211693401e-5	-0.00012180679642009862	-0.00013129421595065027	-0.00021377307476283525	-0.00017079293708477383	-0.00013442483888168044	-0.00019139803674253497
-4.6560745168254536e-5	1.4627402479365503e-5	-3.840173621802445e-6	-2.9110982830045373e-5	-3.4027527974142546e-5	-1.8331638832781716e-5	-4.799581142678894e-5	-1.1619269999277315e-5	-1.367520463188554e-5	-3.358128391247467e-5	6.775775687056784e-7	2.7560088542918915e-5	2.6468646610426638e-5	-3.198079279696786e-6	-4.4720856792052066e-5	3.063650136532481e-5	-2.060583691523843e-5	1.8908567203310134e-5	-1.674568686840794e-5	3.950119853608769e-5	1.955983118528959e-5	1.167607135109383e-5	3.63879933129585e-6	-1.3444974300558243e-5	2.598463978709109e-6	-2.302794998958191e-5	4.631300226133617e-5	6.795558039895955e-5	-2.321786426312533e-6	6.231064384083773e-5	5.0537238239709015e-5	-2.721711202767485e-5	-0.00016337975894051282	-5.389216633719385e-6	-2.066048612574256e-5	0.00013845992494904147	2.824509289650612e-7	-7.772927267113428e-5	-7.424435415417929e-5	2.484001502753297e-5	3.4480588956969926e-5	-6.399713658317152e-5	-2.711177636560702e-5	1.8809823490451016e-7	3.915662282263921e-5	-0.00018812187051187035	-0.00014805899561931568	0.00018330280869560678	0.0004186822329804718	-0.0001833413846089038	-9.374669009826198e-5	4.202994289409512e-5	-0.0005706256864593251	-0.00029017335409498024	-0.0006297808411923067	-0.00015471176856990398	3.4199639648013758e-6	-0.0005187933199354844	-0.0009739122269064593	-0.0001549003546957861	8.015363546498566e-5	-0.0005076428643766007	-0.0005477978097176428	-0.0002268425247989314	-0.00024025085306605964	-3.647251771432547e-5	-0.000260607182535344	-0.0002629707866394493	-0.0006715027188811118	-3.983668863533074e-5	-0.0005004101733679933	-0.0003512936035815484	-0.00020885649980317833	-0.00021723540934853736	-0.0002621788636886224	-0.0001955855833193909	-0.00031054620680537326	-0.0004909035634589887	-0.00043441647848418974	-0.000337683765498642	-0.000509300175817462	-0.00029394618249883875	-0.0004540845564143803	-0.0003582944921656783	-0.00047983817440255816	-6.957355698500312e-5	-0.00013272152474264054	-0.00015448710019572154	-0.00012100012831972595	-0.0001229599104826673	-0.00012141030368562067	-0.00011584160280325717	-0.00011741937717274498	-0.0001341673733917803	-9.146826091682714e-5	-9.470872436995181e-5	-9.612146148474388e-5	-7.03268389704026e-5	-8.512700093443737e-5	-6.669658315222593e-5	-9.688569391208546e-5	-2.050892008303995e-5	-3.4214102904994714e-5	-4.051570277191496e-5	-8.494544043863295e-5	-5.814890669669781e-5	-0.00017558357112007483	7.113281318138487e-5	-0.00011177272215417977	-0.00010586804870260647	0.0001918127549155324	-0.00014782469952984156	-0.00018903782619122955	-0.00015749487217858738	-8.18806068954292e-5	-0.0001658235289532517	-3.3623147668859765e-5	-6.826376486648855e-5	-0.00022866476507427125	-0.00024159080768901275	-0.0003563251256555322	-0.00021286986930102447	-0.00019447963205132535	-0.00022233449890191048	-0.00014127355969090205	-0.0003598270227785083	-0.00018809627249857797	-0.0004436025331788773
-5.7864525887865725e-5	-3.871957550589944e-5	-4.5260583475537075e-5	-4.6724275381930525e-5	-3.359349744994772e-5	-8.298895153979052e-5	-2.307139126012797e-5	-5.8922856286010294e-5	-4.179775015683562e-5	-1.3323001556153624e-5	1.3476643846016545e-5	-2.471082962817589e-5	-1.0555637852509292e-5	8.01237060640142e-6	-9.906008305304859e-6	-1.1949534244048987e-5	3.214961391724558e-5	1.1284766524011225e-5	-1.673937139075321e-5	1.6079509685545945e-5	1.3058868222892706e-5	3.138232403977759e-5	4.849686732928682e-5	2.1036574175334333e-5	2.3293324734330323e-6	-2.2834707215368955e-6	5.90358924940082e-7	-5.368560413929191e-5	0.00018430859594596727	2.936392448638081e-5	-6.857975558965945e-5	-1.6857777110010352e-5	-0.00012647565286738605	-8.31827608096386e-5	6.5791610440874004e-6	-0.00012353539957481174	6.869809625678625e-5	0.00019813478115138228	1.3503846478524206e-6	2.8199014304175485e-6	2.53277108487604e-5	-1.7138666787847034e-5	1.1229656527583787e-5	-0.00010006750202767867	-8.467716545307313e-5	-0.0002694503474509613	0.000288880573108552	9.70078509708594e-5	-6.244229308963178e-5	-0.0002859037550977106	-0.0011834482612632646	-0.0006650954743545046	-0.00044312628653259134	-0.0005215831889657241	-0.00048182781549332976	1.8038088384075834e-5	-0.00018847898502344362	1.252752242220101e-5	-0.0004177849038944359	9.015997583933233e-5	-0.0001321551375277341	-0.000180851232427226	-0.0005272188068061734	-0.0003177850777663638	-0.00013933407379262963	-4.121356034225698e-5	-0.0005080588727501834	-0.0005107308239521435	-0.0002849163613372063	-0.0007994937177568939	-0.0005527842940333816	-0.00034180397227856485	-0.0003096053144760469	-5.770260571441588e-5	-3.8913533853546234e-5	-0.00019986028890889296	-0.0004212883297424752	-0.0005584926835236481	-0.00046140049246579107	-0.0003413925175541066	-0.00022897155092099775	-0.000419660291760271	-0.0003834553768261584	-0.00012883398774893307	-0.00019205472715638772	-0.00018409601100499717	-0.0001701251335986531	-0.00021354717039817617	-0.0001476686828372209	-0.00011858029749095556	-0.00013744886305511184	-0.0001325405280319658	-0.0001336895004422356	-9.291625628626843e-5	-0.00011400604852523921	-7.034793754467916e-5	-0.0001278325102022082	-3.6620879939608386e-6	-9.579912817886393e-5	-0.00012489575346164017	2.783602341682734e-6	-0.00017039640098220898	-0.00012099210522364956	-0.00012676110161535803	-8.462805109465954e-6	-6.381863353749351e-5	-8.418294273476734e-5	-0.00018666092976848958	3.502391519166759e-5	-0.00014331771446690622	-0.000189950659368332	-0.0002070332186937529	-0.00017061100796023076	-9.912196931305406e-5	-1.603134942504414e-5	-0.00020499285862535244	-0.00023571823746376674	-0.0002671612822462144	-0.00016178303271704997	-0.00022246299854339346	-0.0002649106194824169	-0.00027722768742091675	-0.00026874339342439213	-0.00035328062090306256	-0.00040911267429333265	-0.0006297301872668082	-0.0005067844039384484	-0.00041778488221039245
-4.085932709795709e-5	-2.1262768564074552e-5	-3.124964208841424e-5	-5.192503328352305e-5	8.90379892211357e-6	-7.627872400557678e-5	-7.852238011283458e-5	-5.9097177021807945e-5	-2.228509531857631e-5	-1.1686997398487053e-5	-2.838471374177337e-5	-3.8303952024087984e-5	-4.515742434933051e-5	-5.8941951796773195e-5	1.363205880643148e-5	6.679498534140071e-7	-2.6732956126540586e-6	7.17141190181847e-6	-6.640044417083324e-6	-1.8248922338537366e-5	3.07324640996115e-5	6.576132867419648e-5	1.398786685438691e-5	1.6018582944463122e-5	1.9972174955529276e-5	5.2724334230133674e-5	2.0858689124894636e-5	0.00015995064430937567	-4.472684700905505e-5	-0.0001537962303083812	2.5837757497773617e-5	0.00014450017246127322	9.185544035464344e-5	0.00016339031364866197	8.644678397597139e-5	-7.749352375074903e-5	-2.19001899948168e-5	-5.0870624986737445e-5	-1.340258199561406e-6	-8.683581197849177e-6	6.122572067390752e-5	1.2354527123559222e-5	-1.9978853640911787e-5	-1.808316951040778e-5	0.00028364905910183147	-0.0002176656207705796	-9.139824314052802e-9	0.00041721218493884216	3.6090596657045726e-6	-0.0009369240951649649	0.0001652971162724448	-0.0008591485162190438	-0.0003914833518123273	-0.0006502676218669845	-0.0006126502733946881	2.030400587244019e-5	-0.0003822617786544691	-0.00041272100754358165	-0.00019066876983525605	0.00012900845756252943	-0.00020728223824872938	-0.0002639476094287718	-0.00028812726943910905	-0.000321955786683481	-7.485843542265336e-5	-9.241125659836813e-5	-0.00044582137460891236	-0.00047564933762511696	-0.0006095498888622486	-0.0006844450353704623	-0.0004563883125585644	-0.00038905315601078794	-0.00035717069492985365	-0.0001778669008953293	-0.0001978752448353327	-0.00021331417535130903	-0.00043146560543133594	-0.0005422010279990119	-0.0002792255142380906	-0.000437906351805073	-0.0004326336814838849	-0.0004616542391422396	-0.00017770940968775406	-0.0002650645978749533	-6.406106114326127e-5	-0.00033867630921946557	-0.00016438519382516725	-0.00025635834600967744	-0.00012816087167216716	-8.90031754893772e-5	-0.00012523846976836284	-0.0001097135186520215	-0.00011486848798536453	-7.437722313041739e-5	-0.00013947660301022458	-0.00012848110162583248	-0.0001149720292928369	-0.00012054511035197724	-0.00010684612916644909	-4.316874548798699e-5	-5.08200035873041e-5	-9.278255247435752e-5	-5.015423840126765e-5	-0.0001080946963882834	-5.396245516403608e-5	-5.867498327483123e-5	-4.450530655814022e-5	-0.00012428599815983432	-0.00014890395774042053	-0.00022484256210347775	-0.00014983661013323601	-0.00023004311129615207	-0.00017937183856286953	-8.129295847592033e-5	-0.00022444268665822165	-0.00013150263213426716	-0.00022606290754276226	-0.00024419162438643616	-0.0002931277833309598	-0.0006646906332632985	-0.0006622224470176352	-0.0004043380756081627	-0.0007455467449998809	-0.0006825155783422854	-0.00028699688025407566	-0.0008735405302752464	-0.0006594925235255122	-0.0004292522500642937
-5.173412154398094e-5	-1.701487258379264e-6	-7.631865246108399e-5	4.635950911352493e-6	-1.4504285901668912e-5	-4.666575828017605e-5	-2.3037228049672953e-5	-3.8416080212766435e-5	-2.2671087555013736e-5	-4.77416364904823e-5	-5.884659079469223e-5	-6.503480208790852e-5	3.9321779339573926e-5	3.584426592345702e-7	-3.112943388304534e-5	1.0572207172210302e-5	-2.7129714490550794e-5	8.64013179578682e-6	-9.619827720866447e-6	1.4053504453909182e-5	1.8857544649072966e-5	2.647796261759372e-5	4.0111018890023886e-5	1.7847686219554793e-5	7.329548209686343e-5	-1.463918504647499e-5	0.0001536618597121342	7.971283680872909e-5	0.0001471356348391184	-0.00010835925256039158	-2.494062356812876e-5	0.0001589509285911811	3.924934921344103e-5	1.8238606154866166e-5	0.00016484559485670236	-8.279544584655074e-5	-6.988344364994292e-6	-4.31381709867229e-5	1.1543500530453166e-7	2.905874325886959e-5	-3.284475556114552e-5	6.47150844197697e-5	-3.134041420480016e-5	-3.536348731209005e-5	-3.867676578311885e-5	-0.00041525459286428923	0.0001383162898452306	0.00032024460123666887	-0.00028975600131070367	-0.0005065416619140506	-0.0004453191504785736	-0.0010220159354229486	-5.196394529949355e-5	-0.0010634976840145915	-0.00026102733256122557	-6.387013314068657e-5	-5.8050721347957523e-5	-0.000273136634837412	-0.00010638003065249757	2.5361874059215417e-5	-0.0004244399103014995	-0.0004036427008607957	-0.0005402095437645471	-0.00039190428246377307	-1.4077085851160742e-5	-0.00040514700969107587	-0.0003246335925771726	-0.0004593961279095171	-0.0006370409625158779	-0.0006927713827944992	-0.00031340817528008325	-0.00023732166405665556	-0.00019714807043824667	-0.0002574839647051519	-0.0002554708614793677	-0.00037150404280650307	-0.0005215553683379781	-0.0004076024457191907	-0.00030701979587127726	-0.0003424854800801458	-0.00039327764135566046	-0.00043505414114991536	-0.00047656555351299756	-0.00039641276372570644	-0.00031699482448688254	-0.0003153319619308981	-0.00015964258994610736	-0.0001251845849203903	-0.000129900322269616	-0.00010332370809634783	-0.00011098333623643653	-9.688938019947191e-5	-8.4409887933512e-5	-4.827585813743651e-5	-0.00010225286329462735	-5.0239066379242914e-5	-0.00013095039375771167	-0.00014461572130780587	-0.00010631198612415238	-0.00014433252770035265	-0.0001707915276219496	-0.00016038012931596235	-0.00010207496740216593	-9.945553495344095e-5	-0.00012738716331783806	-7.849790695929615e-5	1.9186019960260037e-5	-0.00014404957261737739	-7.938675758434321e-5	-2.952410451534382e-5	-9.877862416907135e-5	-0.0002945377882562772	-0.0003701936760608371	-0.0001488693500070748	-0.0004829972142725292	-0.00046207752251239964	-0.000842099328636492	-0.0010469254586517596	-0.0005870798422055734	-0.00025418972482427193	-0.0005335203307789416	-0.0005957911139269079	-0.0008852249987721661	-0.0006055530317634894	-0.00032819033948805476	-0.0005983892092768783	-0.000714558284504313	-0.000270918541506876
3.121011478771085e-6	-1.5799208187387836e-5	-2.603800963903169e-6	-1.6940683339634888e-5	-2.0764932742028952e-5	1.5404054442592907e-5	9.510906060113122e-6	-2.8940890482720416e-5	2.463780590135356e-5	-7.37116368377394e-5	-3.475822060727829e-6	-7.974328662674335e-6	-3.163882730024964e-5	-1.3756899265582323e-7	-6.37209415007417e-5	2.5881705632835317e-5	2.0057837769177356e-5	-6.04700209176634e-6	1.7235654093186725e-5	1.7068437592124286e-5	-1.3563005970065878e-5	-9.176763082069384e-6	1.6524645150492456e-5	2.6958524388526195e-5	4.266190807740433e-5	6.028198231387838e-5	2.0966263664448648e-5	0.00013057833351919068	-5.56377480979281e-5	8.839253114178991e-5	0.00010048301166826201	8.868329248040707e-5	8.796346355303963e-5	-2.6392489539325825e-5	4.158218365989119e-5	-4.003801955775044e-5	-6.428754555608263e-5	-0.00022832500863947947	-3.612764926629042e-5	4.833117413227672e-5	2.734154049000015e-5	-2.9510898932882945e-5	-3.065098088533835e-5	-7.728675555443432e-5	-0.0002869216583073486	-0.00024556084162602465	0.00016493222803129481	8.709641081267039e-5	7.649250156893661e-5	-4.688773241195987e-5	-8.098146719176524e-5	-0.00040733193727715555	-0.0008014180681928385	-0.0003150352591643757	-9.383390332101671e-5	-0.0001873963874701734	-0.00016336665093624747	-0.00037303736488691897	0.00012196365879041382	-0.0001232851060822826	-0.00039812703914871017	-0.0006134344551420035	-0.00014629979085828415	-0.00012440417619663524	1.873173924998861e-5	-0.0005937175664300076	-0.0006098632883422272	-0.0002901534915111803	-0.0005684818067674957	-0.0005656212911236969	-0.0004058862187322765	-0.00037640157917601114	-0.00031532348346990924	-0.0002066493894406496	-0.00023353736479381215	-0.0004492046708562403	-0.00018730624690155295	-0.000420853347830874	-0.00032667219623805366	-0.0003391196394877949	-0.00031017499766555767	-0.0003374176806014706	-0.0003638206923228804	-0.00012506781634641362	-0.00018727866479828492	-0.00010677736906467006	-0.00027494861856020014	-9.358308399043391e-5	-7.457628264928573e-5	-0.00010618244564858381	-6.0616008740188576e-5	-6.562064260029477e-5	-9.474836280137788e-5	-6.617076678261391e-5	-0.00015707569793466103	-5.227099135474145e-5	-8.303900102257789e-5	-8.99494454614791e-5	-0.00013932342692729582	-6.648564077754715e-5	-0.00012167504417209818	-9.372151492381686e-5	-9.315642875151742e-5	-0.00011618039429811544	-0.00013438920115627084	-8.850652415820504e-5	-0.0001702645836820782	-4.7374213926754116e-5	-0.0002522729638035348	-0.0002598626609034982	-0.00024705730083257604	-0.0004436308742236661	-0.0009720032938254075	-0.0016020733134211596	-0.0005395261928192729	-0.00045387573907595957	-0.0005299089509205879	-0.0007130141746122809	-0.0005491067344744194	-0.0009500709247101113	-0.000833935882588871	-0.00026572780434386267	-0.0006770603825853594	-0.00042157760572411607	-0.0008386156352679919	-0.0003560848122440008	-0.0002994248187067339	-0.0005224457368460667
-2.9975994559824914e-6	-4.079946016449787e-5	-7.675061758014023e-6	-7.655145235156008e-5	-2.4453719214487246e-5	-2.7515443807961393e-5	-3.1137050403307054e-5	-5.067611369598268e-5	-2.4180085559689923e-5	-3.390370666503384e-6	3.7052145748263376e-5	-2.6862792047201156e-5	-2.6561229344440607e-5	1.5067585850889187e-5	1.3292757736552141e-5	2.022736904187805e-5	-3.473658535292634e-5	1.212792344849889e-5	-3.0371300092923992e-5	3.586761963825236e-5	-3.5284253817324807e-5	4.040321679651959e-5	3.891973548997285e-5	-2.292131870591796e-5	-1.9435830982822422e-5	0.00014468006870674288	6.992055046929624e-5	0.00017033204274125024	0.0001739791362191656	-0.00011715902228405517	7.113298665373247e-5	-4.227936902488627e-5	9.993866086251135e-5	6.973344970039042e-5	-1.2410125010964279e-5	-5.1474937593637415e-6	0.00019369189954189514	6.88340443671942e-5	2.787780856855493e-5	4.247343037173945e-5	-5.02513612318789e-5	3.0463218753107313e-5	-3.344580471950631e-5	-0.0003023834654891644	-0.000177134890956554	-1.4796725043147996e-5	0.00011199581843521211	1.1707681265432646e-5	-3.103820369124155e-5	-0.0002472563711934661	-0.0008596409174776998	-0.00015076514255779605	-0.0005955269697516252	-0.00043512606712203805	-1.499351857947584e-5	-0.00023503100507471508	-0.00024109527308607825	-0.0002298576476725267	0.00010156591279814053	-0.00033766472690849314	-0.00034618666440444645	-0.00048043359655164375	-0.0002934816018679287	-7.168588639361317e-5	-6.733019090182646e-5	-0.0005446680433063289	-0.0005912150543435635	-0.00042522170680403537	-0.0006758021009120596	-0.00030965815848993383	-0.00037549993496532874	-0.00023360100746133705	-0.00022677166134493776	-0.0002274931762066834	-0.00031560279563358495	-0.0002954255329951083	-0.0003210761734609435	-0.000654196336859203	-0.0003424428275666802	-0.00037197020637258493	-0.0001412808238454577	-0.0002960784395433791	-0.0002632152091772144	-8.97989148318512e-5	-0.00019252839340150318	-0.00013326531718427237	-0.00013403993626842636	-0.0002243335725515827	-0.00010484690372847272	-0.00010196225374431434	-0.00010712786994299117	-8.893621516320449e-5	-8.859061487870301e-5	-0.00016758955334594816	-9.133835181251992e-5	-4.437704544113519e-5	-6.620006192531447e-5	-9.35238431837293e-5	-9.273207202120659e-5	-8.64818416532187e-5	-0.00015858755281206172	-0.00010001342202331509	4.4161961414157513e-5	-0.00012496859016358774	-0.00014640712687336022	-2.7608926429778524e-5	-0.00013966807311388552	-0.0003004172431653185	-0.0006726084533087429	-0.0006977041991027	-0.0009432328399242018	-0.0011413437252597025	-0.0004978895551052687	-0.0007113533937244676	-0.0006613696352728016	-0.0008727014445299164	-0.0007713554946685297	-0.001044661677041675	-0.0008014040277747048	-0.0007502367108634667	-0.0008299881073224602	-0.0008255830372637385	-0.0009330220623882113	-0.000371988724545691	-0.0004450795634824978	-0.0004637795898189412	-0.0003199811509507766	-0.0007084962824754903
-5.2974898773205936e-5	-2.9379797206185998e-5	-3.365190342097951e-5	3.1127699159569366e-5	-2.6506241320757573e-5	-1.7334132176513584e-5	-2.4466331196258684e-5	4.150147293966594e-5	1.549398630229515e-5	-4.530900394456028e-5	5.092952969076858e-6	-2.5491455192365453e-5	-4.793148300138994e-5	-5.655350319988539e-6	-2.3096032465003136e-5	3.0213071627871457e-5	4.369049609945219e-5	-4.45260148196347e-6	6.4805073200086e-5	8.029753077731794e-6	3.5820359265553714e-5	3.3927548270806795e-5	2.615366690578158e-6	1.75283182066166e-5	0.000125156579978275	7.38455737531174e-5	0.00011890383968225782	6.133920411530158e-5	-0.00017006037420289055	-0.00011070426801824962	6.0637958413170545e-5	3.980084491150837e-6	-1.8700411228214642e-5	-4.259696436727245e-5	5.931563291754205e-5	1.6958765121366515e-5	-3.1655922458004304e-5	-9.716410076694715e-5	3.466335833819667e-5	3.494006841665842e-5	4.650411999929105e-5	8.034469357182106e-6	7.419351591431145e-5	-0.00044152744611489214	-0.00025763156798891407	7.4552668725969e-5	0.00019833821000500573	3.992300197028231e-5	-0.00028655843973754425	-0.0011043510940791923	-0.0010657497020311046	-0.0002059390201772371	-0.0004918386227806271	-0.00027078853482437326	-4.7184283390178106e-5	-0.0003621243279197661	-0.00019170301197163342	0.0001663409210719835	6.234208028282895e-5	-0.0004301017224664361	-0.00041587672975490486	-0.00033515581802923133	-5.785643231864812e-5	-6.209789626954176e-5	-0.00029919675677975155	-0.0005895767164407206	-0.0007335709947473013	-0.00042698839256005705	-0.00042321094545494375	-0.00023872149916559504	-0.00033195076461906003	-0.000254220299325536	-0.00018037522430541797	-0.00031071104890367796	-0.00030868454493904185	-0.0003578657769426341	-0.0003470351176565467	-0.00029047276736693384	-0.00020955964828012208	-0.00012667198019677972	-0.00015957144459954886	-0.00022519249919666917	-0.00037792885140830457	-4.664111978580632e-5	-0.00020940007540437566	-5.1055644087472096e-5	-8.669673052380533e-5	-6.338614529088904e-6	-0.00015662963547685704	-0.00011645029558693398	-7.132564937978314e-5	-5.142255978668464e-5	-0.00010570630742251508	-0.00013078910784253273	-3.11671695396587e-5	-0.00012590857176308923	-2.7495410462319292e-5	-0.0001186669035604937	-0.00010187779439507771	-8.992969129789641e-5	-2.240718461471447e-5	-0.0001633123974595363	-0.0002546629140204315	-0.0004660463204589349	-0.00026119469000857043	-0.00039609951603403193	-0.0008589155428562201	-0.0003165353396061832	-0.0007400646068189687	-0.0009764858192873316	-0.0005262533898237054	-0.000678673827206322	-0.0013474429688339895	-0.0010079259909340221	-0.0002633210706773359	-0.0005752319519151949	-0.0006667425834529228	-0.001090396425495327	-0.00033531485964591323	-0.0004018548623203888	-0.0008203688921758212	-0.00039782468768886914	-0.0006795214456227494	-0.000538405518085705	-0.0009345212104161504	-0.0006047879536584533	-0.0005983918764142226	-0.0006074430780426965
-3.0326571332298102e-6	-6.514651556925599e-5	1.5353774566843892e-5	7.334925852461871e-6	-2.9432917691626925e-6	-1.5115060353516896e-5	-2.1330176123643407e-5	8.00457519278125e-6	-3.191397612758301e-5	-6.522232569566161e-5	-3.2258625024678134e-5	3.0493747175779073e-5	4.157701201552844e-6	7.4013115514831584e-6	-1.6715524363969392e-6	3.362367350691342e-5	-7.210660020462445e-6	2.5533264738641925e-5	9.105823733923657e-6	-2.3059467746736062e-5	4.0138703992498304e-5	5.3645775972485654e-5	0.00013172486647457238	-4.630394375218505e-6	-2.3516258385036792e-5	1.4307755284367896e-5	1.248632273964656e-6	9.307628994793815e-5	-1.8589318452610915e-5	-6.2028534435557e-5	-2.323275577996442e-5	0.00044114932518622696	-3.849773689938718e-5	1.7601154908564176e-6	-1.4360517983091903e-5	-6.463669118168813e-5	0.00016146640773560816	-1.4363694695457285e-5	4.1771626305489584e-5	5.849064722146524e-6	-2.1404986073544907e-5	7.707362309136712e-5	-4.801035870943826e-5	-0.0003772053199305181	5.9554748285672865e-5	0.00019486115195380127	0.0002786594739678794	-0.00035856149863469633	-0.0006990987541470595	-0.0007343938825121743	0.0001475197134587214	-0.00027372078128390376	-0.0002581502286241877	-0.00014358974079198283	-7.84009576010325e-5	-0.0004197156511231981	4.997174549159489e-6	-7.423738273421021e-5	1.3131618188666483e-5	-0.00041902380003289164	-0.0003168780342288624	-0.00028965076864784223	-0.00012220567439935603	-8.794688068081147e-5	-0.0001724524386140236	-0.00032092176138753814	-0.0004728690312580386	-0.0005037783775210802	-0.0006015975911877192	-0.00035023416458668244	-0.0003372720288816189	-0.0002963097649189006	-0.00022185844741201555	-0.0001572192463022981	-0.000394192165888152	-0.00027433775737217836	-0.00024924290062400267	-0.0003199365251893571	-0.00024305362410215192	-0.00038514920419618903	-0.000447091365665675	-9.52817685861973e-5	-0.0002502332759404813	-0.0003733081335374755	-0.00012233016249280082	-5.581548678107451e-5	-0.00020058566353037266	-5.2369848908828676e-5	-0.0001797740125167313	-0.0001200094711106825	-0.00010327468047410804	-0.0001612262623754135	-0.0001260193989091607	-0.0001937014134159587	-0.0001220438680671343	5.730702370976282e-6	-0.00010369162126155906	-0.00013086261674982724	-0.00016658564718635693	-0.00012501731420921924	-0.00016927056544630004	-0.00038645818316307423	-0.0007015255347117555	-0.0006623699635652236	-0.0005253905383667545	-2.171006430184974e-7	-0.0006607946178086022	-0.00010622084808953325	-0.0005799781878715327	-7.366782964896013e-5	-0.0008541391552374655	-0.0014138959751261448	-0.000897499153988679	-0.0014859757738530655	-0.0006890099168294084	-0.0007027630105453653	-0.00023229504257649136	-0.0007830160348235027	-0.0007635020545480875	-0.0008865934028601252	-0.0010801261035760235	-0.0006619212881801839	-0.0005914992128909502	-0.0008422996133038152	-0.00017422757030496894	-0.0002924292427132491	-0.0005142489949497286	-0.00048671458573526505
2.2695032159993078e-5	1.5666512683497336e-5	-7.424930895810755e-6	-5.0653272266713845e-5	-6.757737273412057e-6	-7.027812576679282e-5	-1.9674564169687436e-5	1.0121786221672924e-5	-7.138398216716829e-5	-2.9004308178294524e-5	4.046405138041775e-6	7.314150370432704e-5	-4.8599584643108096e-5	4.20049845600845e-5	4.7616262061761505e-6	-7.927453181746924e-6	-1.6589296126037767e-5	5.2837020782930955e-6	-4.966679194653989e-5	1.3478964038665664e-5	2.7107314873667243e-5	2.5523989389056312e-5	-6.598041340719063e-5	-3.778650027423669e-5	-1.3473873709465845e-5	0.00010500443830413486	-0.0001270768212879858	0.00011228914933297807	-2.4948364771640308e-5	0.0001540917892416116	-0.00011335193851255698	1.9536379892298728e-5	0.00019173482246337414	-2.089029903923345e-5	0.00023058858967216211	0.0001599053355005875	-3.133046122885674e-5	1.9838856035389596e-5	2.6296255754496012e-5	7.147761657728957e-5	5.965998094853431e-5	8.26567547046464e-6	-6.113147097905336e-5	-0.00048319205624494654	9.748327362349429e-5	6.257304787163354e-5	6.162228930253755e-5	0.00028295674180459085	-0.0004219542033487289	-0.0003789903937553851	-0.0007735030931738107	-0.00017384858743557663	-0.00014227635996427734	1.3304288226656524e-5	-5.747594240823606e-6	-0.0005516535362196096	-0.00046718510136878333	0.00011440371219806345	-0.00013642839028632503	-0.00015137971171724773	-0.0003400349012777637	-0.0005085397164136807	-0.00022620618485985622	4.223693877286605e-5	-0.00037887193382601936	-0.0004916260107346027	-0.0005920999584727027	-0.00041598081316346347	-0.0002583005207293376	-0.00043054921607110774	1.8884481652048368e-5	-0.00013363281835265806	-9.918882121900952e-5	-0.00010768853257042688	-0.0002598192711325553	-0.0001677391515617077	-0.0005553729785084949	-0.00030807420416806286	-0.00021950113168051066	-0.00025025639113079867	-0.0004510814248168127	-0.00031121225388397455	-0.0003070895751230984	-4.590798227677162e-5	-0.000301231522364942	-9.09620252384502e-5	-8.564412200262606e-5	-3.8887903314188677e-5	-0.00027476222252270643	-8.54386006388097e-5	-0.0001512818082610723	-9.670142291084982e-5	-0.00020088332039480683	-0.0001457979570407275	-0.0002056733689609347	-0.0003165768211813025	-4.490960554826007e-5	-0.00013184741926713928	-0.00046129636568914556	-0.00045365675192116095	-0.00033730002298171247	-0.00038684882120582076	-0.0010137179940958307	-0.00014554280090145477	-0.00045821903129489305	-0.0009031200483636259	-0.00026591981654860986	-0.0006880701087022545	-0.0008344960139572422	-0.0012084674190157574	-0.000752776096665797	-0.0005319009772561389	-0.0009814720217105055	-0.0006962584155056906	-0.00013951118905952686	-0.0005721801613241262	-9.703702685132098e-5	-0.0002448970713719856	-0.0008235089042976651	-0.0006209617238808751	-0.0005316922249698486	-0.0008211774793140392	-0.0007866286940404199	-0.0003235184255906409	-0.00027027257385250913	-0.0006045938597855349	-0.00046341264159366347	-0.0007503970860488207
-2.2180553834599825e-6	-2.4715505250044734e-5	-4.1009770991411176e-5	-2.7415564393326597e-5	5.944631722640259e-6	1.0941960770609327e-5	-1.431075852438568e-5	-5.601419122373136e-5	-2.5916939492935664e-5	-4.6734859905639414e-6	-9.558473804127665e-5	0.00010963963027396662	-5.8506021208271086e-5	-4.6076418505278105e-5	-4.677264435135053e-6	-3.141894838916415e-5	-2.8765759305798833e-5	-9.252362331152453e-5	7.589104041375028e-5	-1.633932247314951e-5	6.853247353291736e-6	1.4876175378347734e-6	-9.085123061844391e-5	0.00011376492196207844	9.530609266193701e-5	-5.8428105019145415e-5	-3.785523327096141e-5	6.449939323957543e-5	-0.00012943389849501274	2.310436997970955e-5	-0.0002603848560378541	-0.00026993198258204454	-1.2205286694516593e-5	-2.6583916274899866e-5	8.66728563919672e-6	0.0001337229751843111	7.572963523633236e-5	4.271081643740515e-5	8.804486003113898e-6	-1.6268925226090025e-5	5.085216102374002e-5	-5.821817637349791e-5	-0.00010192186721338925	-0.00041312440664589833	1.088607285912313e-5	0.00014776144717509876	3.0831489705035464e-5	-0.00036407899264845334	-6.376162618726422e-5	-0.0003445742823016129	-0.00021760334419779204	-0.00036872315097025155	-0.0004973091599982937	-4.575827564079482e-5	-0.00016558455995241417	-0.0002818554200798018	-0.00020494916527780127	9.039240710106977e-5	-0.00012979996851653075	-0.0005463270461025793	-0.0004140951253769898	-0.00028711507997492003	-0.000209886513551083	-0.000176288476004538	-0.00025121853382270576	-0.00038439015425523193	-0.0004936878380060183	-0.0004362833445209491	-0.00046396959624966927	-0.00034569452335431183	-0.00016193806278569367	-0.00024399956881360207	-0.0002552059908886295	0.0002985065103086604	-0.00014954819067131142	-0.0003946232013038453	-0.00023419668981894404	-0.00039595683502813284	-0.0002287916817805824	-0.0001568005707913711	-0.0003328041184649799	-0.00029751010682810275	-0.0002666027554970585	-0.00013747243361034167	-0.00024395260117549	-0.00013125629055865673	-1.6373859733354035e-5	-6.203655211062253e-5	-0.0002029195388109084	-7.555618457277813e-5	-0.00023043346744633375	-0.00023755524457269583	-0.0002121686290199043	-0.0001546217364215008	-0.00033106713984848435	-0.000645209645259992	-0.00020720510810617876	-0.00011056266579351215	-0.0001655601003514029	-0.00033173149557169657	-0.0001262580534913682	-0.00017813955605766596	-0.0008233532562337831	-0.0005593635147085885	2.908261739070772e-5	-0.00045093620677783	-0.00014313407230293063	-0.0005145629365307935	-0.0008342687434978457	-0.0007132861575692706	-0.0006336170520551687	-0.0010982617593136013	-0.0010519525354968362	-0.000733255491915108	-0.0011420057499482439	-0.0005145530052388936	-0.0007229499117411553	-0.00040743103335572073	-0.0007897806323861611	-0.0007890778742219995	-0.0005644661712871091	-0.0008795588281144961	-0.0006937828458432327	-0.0004978990744003431	-0.0006343645769270323	-0.00036456441164511855	-0.0006427120988194979	-0.0005064704189892966
6.176287779824374e-6	-3.0003885660712104e-5	-3.073022251161989e-5	4.39716920644026e-5	-2.043272235435767e-5	7.35817114703996e-5	-6.595201815229323e-7	-7.426624961705264e-6	-2.705158959250692e-5	-4.867468732759617e-5	2.0006311060929982e-5	-2.868707875414156e-5	-1.0309995587300114e-5	-1.390854662344787e-5	-2.821307098534176e-5	2.1336160919635527e-5	-5.1844813164780845e-6	0.00010076816768164742	1.631766553475411e-5	5.966463759686513e-5	5.2251090823865476e-5	2.2951080055552686e-5	7.35071183609326e-6	1.036921199945584e-5	2.887247732563658e-5	-2.5023098827389734e-5	1.2001321160817757e-5	-0.00017519523158593397	1.579016865177474e-5	1.597581116875857e-5	0.00016685772772154217	-7.568392527274037e-5	-3.231204908672736e-5	-4.019224189577564e-5	-0.00011199684842727597	-0.00016168220733601968	-8.636763179636908e-5	-2.290751681226222e-5	1.526977871403601e-5	-3.4772320656531464e-5	-6.537631764072516e-5	1.684180139099878e-5	-2.7283622409945973e-5	1.9270273311083885e-5	1.8665798073858042e-5	0.00010596484627256597	-1.1537515734461046e-5	-0.0002982671184689756	-0.0009369499533867787	-0.0007626322316711676	-0.0002113338150311339	-0.000293564695122428	-0.0004920852137227372	0.00025371597184298267	-0.00021334913002934996	-0.00036945093252055416	-0.00034249335138791803	0.00010427015154079733	-1.7980387144456156e-5	-0.0006353775795428507	-0.0002923571324267571	-0.0002895034472566449	-0.00011043652971276519	-2.1533382715821503e-5	-0.00038763072612857385	-0.0005128443676671868	-0.0004967550893200667	-0.0005551814867207905	-0.0004822112978017379	-0.00031392325804818766	-0.00021085329662828833	-0.0002207661570913233	-0.00016606839601390755	-3.793749168978788e-5	-0.0001798003586295227	-0.00028762706192481113	-0.0004740888888063455	-0.00024102395426717216	-0.00038168431089335986	-0.0002589021661988933	-0.0002550922797647792	-0.0003694569173165463	-0.00023400758327601912	-6.722747358800518e-5	-8.058150501033534e-5	-0.00012954064904091567	0.00022000467853749983	1.741165805285716e-5	-0.00020701656534838353	-0.0003087752926608789	-0.00031228925695403476	-0.0006468993960298541	-0.0004948000342785974	-0.00037373398646678435	-0.0002355280250346259	-0.000933622840496029	-0.000574748451956375	-0.0004990540532906484	-0.00042145523182490763	-0.00040483367526322755	-0.00014295370442951594	-0.00046564891699463207	-0.0005777444711876911	-0.0006399598516046434	-0.0014193036286178073	-0.0008221501604510628	-0.0010519406309569823	-0.0006256322066314213	-0.00044349244329028314	-0.001156708604767298	-0.0004344751771898081	-0.0010991203390139925	-0.0007864633640511376	-0.0007037355941041934	-0.0004815995258838912	-0.0009900981835612999	-0.000536598651797171	-0.0004786614789427379	-0.000717235288088397	-0.0007712386502004009	-0.0008185003998358031	-0.0008413994327660657	-0.0008624010576843699	-0.0007868978580717612	-0.0008050774673654115	-0.0005714269986009657	-0.0007617787910890739	-0.0005305366931364353
-3.937697607217516e-6	-5.2060176373817935e-5	-3.6206335238958554e-5	1.2458729794356804e-6	-7.773539299239796e-5	-1.8622974798550296e-5	-5.9241148228292295e-5	9.216553301799602e-6	-3.5541955121197455e-5	2.124375707898002e-5	-1.7426481807060468e-5	7.609768934782601e-5	-2.0670146367099407e-5	-8.218803242143746e-5	3.436273618082075e-5	5.19061247976349e-6	-1.151874277384446e-5	0.00014604550750176026	9.26195318357026e-5	6.883525325261652e-5	1.722106073194507e-5	5.722109526658248e-5	-5.42751824386678e-5	1.2227258051542012e-5	9.636703327681184e-6	0.00019198088214641973	0.00028831258669544113	3.6189584315393653e-6	2.9779341969779494e-5	7.146531088263186e-5	-0.0001787151752540711	-6.430166728937925e-5	2.1458594449963453e-5	-4.744373297005389e-5	-0.00012126092773130648	0.00010065161052709437	2.420542065395548e-5	0.00011114647071631956	2.6615157560500036e-6	-4.309478121578003e-5	9.162432639854556e-5	2.801372415289771e-6	-0.00025036870363384645	5.337722451537186e-6	3.4772282709455427e-5	0.00011427192742399783	1.997475535669979e-5	-0.000589034452724152	-0.0006018497766130393	-0.0009928735784925369	-9.076806146979255e-5	-0.0001436670227228376	-0.00020928176726331404	-5.6243508114728336e-5	-0.00033576791520772975	-0.00040781778995468976	-8.687319526939907e-5	3.008422504169328e-5	4.153903783443713e-5	-0.00014149393462448145	-0.0005717132496585453	-0.0002098039407136265	-0.00014163312449938514	-0.00036974232269643137	-0.0002544505621829285	-0.0006046989731861574	0.0005108050918009588	-0.00048321941066575835	-0.00047895196923081196	-0.00025119158055669777	-0.00036594642247034237	-0.00019580474394653713	-0.00023437031395484587	-0.00014582226485343464	-0.00022077643532791846	-0.00027448022153764295	-0.0002719768204054174	-0.0003843039818665628	-0.0002482376283696741	-0.00018259217922367288	-0.00025743151100404704	0.00010161023498295174	-0.00028613871255050993	-0.0003334634868581987	-8.674595330243617e-5	-0.0003013146589875282	-0.00023436023087464175	-8.82960805165256e-5	-0.00029095783941890385	-0.0005512271845573014	-0.00039258702625583064	-0.0010601672100971071	-0.0014148842254063654	-0.0005044577819704466	-0.00028958651882710074	-0.00035866563625336356	-0.0012151161153661771	7.520813399136683e-5	-0.000267660004403536	-0.00022590716190068472	-0.0006065502267116329	-0.0004445715713966014	-0.0002514710661927211	-0.000977173181780644	0.00012410962015041438	-0.0007766352014618172	-2.4361328926358894e-5	-0.0004054528414398906	-0.0016307647506680345	-0.0006829267186481136	-0.0011478512151191778	-0.0008334856459527029	-0.0012225636301932408	-0.0005151116620923102	-0.000552575552589113	-0.001069005864731687	-0.0013011127765472086	-0.0015261932451333948	-0.0010964229524290658	-0.0010176132722930498	-0.0008715407735782055	-0.0007331057419110443	-0.000720411349932476	-0.0011901033327224586	-7.494654853321125e-5	-0.0005485599930028784	-0.00028987591407098057	-0.0005009624117445488
1.2045155454651346e-5	-6.16796408869566e-5	1.566375609947379e-5	7.707623059759194e-6	-5.1092843064010074e-5	9.93167137072759e-6	-7.890164758529716e-6	2.131455005983246e-5	-3.1272759989237064e-5	6.524795352451374e-5	-2.7691371873479753e-5	-3.8435563325806e-6	-1.9229564230012486e-5	-1.4417888541048973e-5	4.460075971740585e-5	3.225252096644704e-6	1.7722639761991177e-6	-2.05808514761735e-5	3.381067127661286e-5	-2.2780974155700573e-5	1.2019150865544281e-5	-8.15061668331396e-5	-1.5329670042044108e-5	-8.083512158252315e-5	0.00014699392419416368	6.024936409151915e-5	-5.3708350700870655e-5	7.24441828140604e-5	0.00033553580920664405	-0.00016766017827546387	-0.00023167739970388068	0.00022786005937983078	-8.499472284838328e-5	-5.851261857849066e-5	-3.632901271477529e-6	1.7758304592455088e-5	-8.490833904029049e-5	4.446609096556142e-5	4.7620371187995225e-5	-9.420665202791723e-6	1.0536282133224995e-5	3.269433335173488e-5	-0.00034829198986702226	0.00013551388743787696	3.951766214607688e-5	0.00011837802873365666	-0.0002400249595434223	-0.00048508550691897523	-0.0006015112778527676	-0.0002253170523422443	-0.00029973473789773886	-0.0005199488626109194	-0.00013305715036715515	-9.476475593822586e-5	-0.0001094818463318048	-0.00043427555388581007	-6.629252268658403e-5	0.0009075470626743187	-0.00027656735408776445	-0.0005772104148815682	0.0004988978197575933	-0.0002249503317994228	0.0006534506876570978	0.0002313418987626159	-0.000963418711127928	-0.0009326649695606815	-0.0009373740282245246	-6.798734752261337e-5	-5.470018969028212e-5	-0.000729727779938405	-5.8296032931504094e-5	0.00019380460777873587	-0.00024529510367354845	0.00010523470116152733	-0.0002213201410333765	-0.00021011298170087178	-0.00012983355709983435	-0.0004170547370993538	-0.0003015265337760753	-0.0004642944015365025	-9.152227586906037e-5	-0.000149541902298711	-0.00016058374248395513	-0.00025800247355212136	-0.0006778036682267286	-0.0009207830678481521	-0.0006971506054734289	-0.00036524023822731566	-0.00028850739072078246	-0.00031786480999412836	0.00014284946923265318	-0.00034113560500731444	-0.0018422937220902158	-0.000860537249097737	-0.0004854899468553775	-9.984313723010452e-5	-0.00034224977452784744	-0.00013284609957225912	-0.0004254360752575792	-0.0005134211632229491	-0.0002939895289016947	-0.00016244885211319504	-0.00047793071583646096	-0.00044572871869125175	-0.00036902312802733483	-0.0005847396351843503	-0.0014870555524806872	-0.0005921466659022934	-0.0017187278076452595	-0.0014185191432938837	-0.0011045031859599486	-0.0010414883799131358	-0.0001870178057555849	-0.00040431297632786967	-0.0007326644716268427	-0.001087854459291826	-0.0009400565178716014	-0.0014584900886842334	-0.00012090539073389417	-0.000653371475846376	-0.0002693409948198444	-0.0006265158530860404	-0.0004405197018796103	-0.0009730260217347131	-0.00031895816283294964	-0.0004286639511234813	-0.0005042335255930896	-0.0005848734799425437
-3.676756436202938e-5	-1.0574654758614688e-5	1.0308062996927658e-5	-3.238898678339236e-5	-2.8386556885466596e-5	-4.945856549830319e-6	1.2132604491378596e-5	2.2794239369280933e-5	-4.622348781947033e-5	-2.7838926368144168e-5	-4.859059931760362e-5	5.0410104692963364e-5	-1.1445147130376143e-5	-3.8053262797765885e-5	9.690577333631989e-6	5.025843565105437e-5	3.397675478640505e-5	6.8596820931854374e-6	6.448854037582885e-5	3.040483446611897e-5	4.477032351617172e-5	-0.00016722411758270106	7.743323668894797e-5	2.7284489771683962e-5	0.00023994374737969226	-0.000110829520474226	0.0004177690799637285	-5.710592046979934e-5	0.00016599561894307946	6.69370320890289e-5	0.00021806770798826758	-0.00024900928216088636	0.0002228468549015511	-1.1208720583633092e-5	3.6659645588285605e-5	-0.00010114507430387942	-9.264479916733237e-5	-9.684511222476933e-6	-1.138736999660439e-5	2.1125879908281964e-5	-3.725967559660426e-5	3.476898131384021e-5	-8.679247641765753e-5	-6.633865548902329e-5	3.550092077947431e-5	4.399715184191799e-5	4.07543248280573e-5	-0.00032849903353060483	0.00015861453860413488	-0.0006642151021904463	-0.000323806194531262	-0.00035298792968457837	-5.955494344206391e-5	-0.00024415493498491925	-0.0003821588011321264	-0.000332377007861151	1.890378045071861e-5	6.530880437144448e-5	-0.00041584927775589753	-0.00033216010237452354	-0.0004046229280449398	-0.000528845608797901	4.1499139194489665e-5	-0.002596316304309676	-0.002584509928120482	1.9448743830696724e-5	-0.000341279803896255	-0.0002498862445091121	-0.0008244273102739341	-0.00017506950750201256	-0.0006255747005481926	-0.00012768109052679888	-0.00034798882525555186	0.001514479427283666	-0.0009871335519828772	-0.00017028654961809275	-0.00036538231207999816	-0.000508676282519327	8.916840790046399e-5	-0.00028028909488525544	-0.0003767952963529275	-0.00020650362930058064	-0.0010523364081180264	-0.0007762700638541675	-0.0004891264476780677	-0.0009638864142610948	-0.0005847105568820843	-0.00020261904133678232	0.0001369196856587651	-0.00039786800156565993	-0.0019232370687335965	-0.0015318946415196488	-0.00021537123213316578	-0.0002896126697835011	-0.0005685314415429521	-0.00030279685009348967	-0.00040065635271285815	-0.00039565223926979476	-0.0009325666757917239	-0.0004261936940516686	-0.00019575265887417093	-0.00021306240192281445	-0.00030623043163757746	-6.851760912113258e-5	-0.000301492815088511	-0.0006531191169487083	-0.00045362164545481587	-0.0008871746002767078	-0.0014664114323867383	-0.000900871413057891	-0.0006046429199338399	-0.0007997925672437178	-0.0003676770476621072	-0.0008272945804972676	-0.0004560396222978713	-0.0005912327485230184	-0.0010204147097604699	-0.00011791302526389935	-0.0006154799976967884	-0.0005976861150100432	-0.0009820379969285864	-0.0010895659808413116	-0.0004778217752021696	-0.0006754530528646496	-0.00039075276217839794	-0.0006175416840219217	-0.00036819612029420634	-0.00045573646852842264
5.778502134255736e-6	-3.508055391315823e-6	-5.198365609498934e-5	-4.371972076901154e-6	8.85390935914665e-6	-3.649403912744931e-5	1.8946422122162465e-5	-8.13105659192015e-5	1.485356976305141e-5	7.453253509162594e-5	-2.9894457135443142e-5	-8.777432448404954e-6	-1.0924903559930699e-5	-4.0735264553865e-6	2.7653926240947535e-5	6.812368052479256e-5	8.276007917168426e-6	6.1481044864517e-5	0.00011957737317686012	4.1779242825751295e-5	0.00022448813099228138	0.00029854825751331193	5.800367781569338e-5	0.00018664111055277655	6.717288400862054e-5	7.360217578640527e-5	8.323738291508842e-5	0.00021384089702973508	-0.0001578056207842543	-0.00014839810695381483	-4.5036039784604465e-5	-0.00010808389231363458	9.257159383664615e-5	-7.744639890332194e-5	-3.63055939478496e-5	-0.00026126793870734355	3.602865076592077e-5	4.212234944525606e-5	9.599227879589223e-6	-6.84282817041415e-6	-1.0338355605626903e-6	4.307484273782802e-5	-4.205062405053528e-5	-1.7903408790209685e-5	1.8168767271925512e-5	3.389609556578299e-5	-0.00011971566316396065	-0.00025304132704115356	-0.0006764395901054376	-0.0006811181610041905	2.305109228495361e-5	-0.00016318858157143845	-0.00021549702126921755	8.752794496136307e-5	-0.0003145964391770839	-0.00021540078748438773	0.00022073350092188804	0.0006136607281354012	-0.0008139998874598375	-0.0005603951330757084	-0.0008572035876258655	0.00046104589330325796	0.0007902754405736401	-0.000501057290276663	-0.000564627576464527	-0.0005909307331658509	-0.0004559276784235622	-0.00040539939027278704	-0.0003013503075549595	-0.00020295716062629365	0.0003812886855206199	0.000320135129343313	0.0003701176084364155	0.000549797555572662	-0.00020217441002584602	-0.0002521711138514515	-0.00019594417234591877	-0.0002084590963388755	-0.00017630241884447617	-0.0017324745370944639	-0.0005091664936895945	-0.0003726993540176249	-0.001162181809122309	-0.0010698421966034988	-0.0009822931313838157	-0.0021278263656263063	-0.0015106971663209068	-0.000992009187468501	-0.0005249571177062817	-0.000720651836816355	0.0001808660209448587	0.00042612025019650446	-0.0018801945243784868	-0.0004586790365926352	-0.0014124889625988235	-0.0002992626545877952	-0.0003000191674956687	-0.00027803983074226046	-0.0011956126410098133	-0.00029230847343325594	-0.000661357795785078	-0.0005238901326642953	-0.000510927238017711	-0.0006269645176290584	-0.00039879696767108896	-0.0007614139570580325	-0.00035796233598811567	-0.0005677432265635551	-0.00041434776616722235	-0.0012627042423815626	-3.902312500914107e-5	-0.00046016981457980277	-0.001026876337868049	-0.0012291964321398119	-0.001087337706852376	-0.0006197334962917966	-0.0006565365547224478	-0.0006055144558501924	-0.0014558127923655628	-0.0010778582019976835	-0.0002548783558341261	-0.00046001513145585426	-0.0010685274713650994	-0.0008720114148992597	-0.00015065843537998003	-0.0005160421894488676	-0.0001855739520384425	-0.0005346459820004812
2.9499352179745975e-6	-2.6573285672598645e-5	3.1208041251055973e-5	-2.727153355572276e-6	-5.224578636473659e-5	-3.499617858958998e-5	2.17767427354576e-6	-2.0925568135904404e-5	-2.2269431307689325e-6	-3.5565897015671366e-7	-7.153579757637057e-5	2.2714973348450518e-5	-8.221824913598463e-5	9.481873836439392e-5	-0.00014227393677242184	-0.0001129378058087327	5.7777768030023435e-5	2.6225983190686364e-6	1.6365245747093637e-5	-7.295580155622372e-5	4.89561895796603e-5	-5.7820149492945894e-5	4.541096773787168e-5	0.0001385329568073801	-8.545545998259185e-6	-8.459014196569858e-5	5.658933608168604e-5	-0.0001301696814573483	-9.432711773130209e-5	-0.00010783246582983519	-7.067768137240804e-5	0.000134410473202895	-0.0004698664580245898	-5.4517642570500735e-5	0.0001438335399134988	8.119887141139204e-5	5.583178776073783e-5	0.00010400311796672501	3.00367966176579e-5	8.99586937060104e-6	1.942206703624272e-5	-2.3105568023110146e-5	-4.6582719235785386e-5	-3.131276704940178e-5	3.0257513074921638e-5	3.199094635031319e-5	-7.519647881801261e-5	-0.00020021549522464266	-0.0006143251055426568	-0.0005544831954695795	-0.0005222198324814076	-0.00023520439068613896	-6.984482436855899e-5	-0.00019552395726790683	-0.00036319532450979075	-0.0006191784931997013	-0.00031822511206008874	1.670185257457435e-5	0.00028095186767329583	-0.0002698733814546217	-0.00019981208528030425	-0.001179623109262562	-0.0003825509570579144	-0.0004467426211948733	-0.0006739440819650278	-0.0003165343421401845	-0.0005653222464804819	-0.0003674643055118221	-0.00034529156877488587	-0.0001817947051577229	-0.00022489306424067212	-3.7765233648623386e-5	-0.0005818265140511425	-0.00031003051688405225	1.445499536040229e-5	-0.0005986943362942809	-0.0007865626336020504	-0.0003922158388000585	-0.0010239560718425245	-0.0007800668964941249	-0.001197263989338726	-5.3163419846957716e-6	-0.0002951152560173864	-0.0016672408462495292	-0.0016987746062277487	-0.001337885596579269	-0.00247730423414555	-0.0037831083101250162	-0.0011360621644807	-0.0003706515346382777	-0.0009462297048332124	-0.0008691155651066595	-3.390978903922148e-5	-0.0009716229340192561	-0.0011067416514493056	-0.0002480640909699461	-0.0002751416715990329	-0.0001396397103850533	-0.0002710032068545254	-0.0003840099896054716	-0.00038152564874743833	-0.0004184692739897522	-0.0001864458891095988	-0.000246822332537755	-0.0006708446298464565	-0.0003204854567492865	-0.0007137500226267468	0.00016005684191217062	-0.000667264767745257	-0.0003068213868737124	-0.0009145595955897812	-0.0009539533876376516	-0.001456717678340741	-0.0009467539816357395	-0.0004350690272457436	-0.0006423717460735112	-0.0011311419466017436	-0.0006792497228742811	-0.00024036183200043526	-0.0002553197128545015	-0.000732907506385827	-0.00088678621737448	-0.0006667850733360625	-0.0004559062654306556	-0.000684645580246307	-0.0005667446546786525	-0.000576334769838982	-0.0003271123823200828
-5.3718195256596823e-5	1.79278982067807e-5	-5.690570627561731e-6	3.8124055778618327e-5	1.4369885489862178e-5	-4.703480714716296e-5	3.2707487434592564e-5	3.684644278058313e-5	-3.727396538123762e-5	-2.4077024011678883e-5	2.3509051151095195e-5	-1.2872886892729973e-5	3.1641432095969035e-5	-1.0279006378705047e-5	-8.103869138242903e-8	1.0233095837711148e-5	4.8506419150426416e-5	0.0002526001218090823	2.2992675471900093e-6	7.353039618157586e-5	2.836972735724419e-5	1.7649705481848077e-5	-4.1870397123403014e-5	1.7175442925537743e-6	2.5444869735519182e-5	-6.30654274462461e-5	7.513322104225895e-5	-2.8044867860302358e-5	1.763837014813474e-5	0.00016756241034456	9.247726282662905e-5	0.0001813867903533578	-5.491433046136973e-5	-0.00011590452447633737	8.631476609843869e-5	-0.00023761962991870889	-0.00021208698859631614	3.508068401741893e-5	7.5335029013634536e-6	-9.12356128146552e-9	4.277411758124572e-5	-4.283285423394012e-5	-1.5181432500011027e-5	-3.243844537599572e-5	2.8948723843416624e-5	-1.5995749646710578e-5	-5.238602520524216e-5	4.7355294598844244e-5	-0.0006140327612688679	-0.00035585330255410996	-0.0002431904937844065	-0.0004994991616505406	-0.00044806528279317526	-0.00013059265040887835	-0.0005464464601298569	-0.00045633778873732656	-0.001245454954446057	2.6599816099759366e-7	-0.0001845882821593925	-6.74023553984271e-5	0.00012743475979321017	-0.00018181222586483026	-0.0005057846285891343	-0.000772636100064561	-0.0007608715523951814	-0.000640803837943793	-0.0003468614067844711	-0.0004399698921159212	-0.0002879995287391468	-0.00012109926776637803	-0.00013533486397515615	-0.0005008538288969744	-7.462171072031287e-5	-0.0016169985923158992	0.0006439998491078458	-0.0003523890597725843	-0.0004981107974005861	-0.0001746294298402007	-0.0008685160880414489	-0.00032273888422862385	-0.0006075212164932675	0.0003249627563567392	-0.0003915073343643827	-0.000603386611508494	0.00036691528721571887	-0.000551477418418711	-0.0016310892090101725	-0.0018186923321505954	-0.0010536294276289326	-0.0011898102945592792	-0.0011648950901110844	-0.0016976010224281635	-0.00010771813128973573	-0.0012853913896812563	-0.001731058287164633	-0.0007501176979909929	-0.0007477078635062528	-0.00010939827602834962	-0.0009382461387680285	-0.0007453916824051721	-0.00012304508540533776	-0.0003559587520574059	-0.0001652530976642419	-0.00030158390975504323	-0.00040582608887979044	-0.0006685258466601618	-0.0006066348812172606	-0.0006029427391390785	-0.000670245423831789	-0.0008691309174094219	-0.0015251786704244263	-0.0009148032049759169	-0.0012653158252065588	2.4793556964441965e-5	-0.00038823069108476216	-0.0014183691330812986	-0.0009545024709858851	-0.001653847761864946	-0.0005752871486477962	-0.001215242685127793	-0.0009331197923720391	-0.0004433031849590541	-0.0008697329640337814	0.00018648509386015588	-0.0009098439016086424	-0.000448495711055652	-0.0005386230849356577	-0.0010322362864641221
-4.150801338927146e-5	-2.1416901455420523e-5	-7.3087098439311715e-6	1.1738965919119715e-5	-2.5164039688801987e-5	7.844004851036146e-6	-1.1335095188858002e-5	1.6402460986664202e-6	-5.338980397107812e-5	3.411322873486666e-5	2.2324031729095695e-5	2.491185697398729e-5	-0.0001702332366867662	5.47036266111689e-5	2.7972372682039115e-5	5.273752897057282e-5	-1.2185711424292367e-5	-2.600029024545092e-5	0.0002293385099882972	0.00019402814316164807	1.7570271409680926e-5	2.1596564597423096e-5	2.8699704288440153e-5	1.6902554659734004e-5	2.0501590876353948e-5	0.0001053742976122457	6.091211519551609e-5	-0.00016839646539180964	6.765562502591971e-6	2.9118851427312187e-6	-7.593029395340511e-5	-3.0305288443652212e-5	-0.0001319937757184031	6.455892135985575e-5	-4.296404269681087e-5	5.20297455293417e-5	-0.00011661045393185354	-4.961482613641266e-5	-5.522855393499948e-6	-2.597615048408053e-5	-2.3060795894397357e-5	3.085937538491179e-5	-3.8563114290388056e-5	1.4211418500331696e-5	-2.6684210396865637e-5	-1.071608622150999e-5	-8.58464558120553e-5	-0.000332629355916797	-0.0003290342824591175	-0.0006132204770012417	-0.0003401576980158194	-0.0006010947599041638	5.128699114703705e-5	-0.0002901891183945682	-0.000611890160935602	-0.00014745604910715304	-0.00035883715703705077	2.44206564692373e-5	-0.00045844411166590104	-2.7094385762760353e-5	-0.001435612804849551	-0.0001359818290955217	-0.000674070521622383	-0.0006962552279513035	-0.0004873458407661513	-0.0006042766113878439	-0.0003017945485531137	-0.00028523589740148125	-0.0001735769514232821	-0.0002444386706934587	-0.00021313276664380876	-5.740004825616207e-5	-2.0879348597291347e-5	0.0015475814206522553	-0.0022123535642348813	0.00018547257913531512	-0.0005515217406035222	-0.0015949220459957059	1.1865638679942059e-5	-0.0003589802391977537	-0.0013863684072273896	-0.0019100590250079041	-0.0018049399865341376	-0.0017690198698266935	-0.001568954775127418	-0.00116263288059415	-0.0026673435595675477	-0.0018194866620302452	-0.0012140704891069887	0.0003303712772101397	-0.0011484674756340185	-0.00023929168108810517	-0.001463160712381062	-0.0007999908244529785	-0.0005148301273141809	-0.0004337914142477084	-0.0007658240361307911	-0.0005010942182026579	-0.0005437173497893633	-0.0003237793063173844	-0.0005883297972061885	-5.941696787359341e-5	-0.00021461233398051283	-0.00032469235633492133	-0.0003013551864647357	-0.00046082220071103075	-0.000682243779699665	-0.000670165745814133	0.00027153288298387146	-0.000904417209526831	-0.0018934934458043895	-0.0012952704230365097	-0.001194248183417762	-0.0006553937839486046	-0.0011349622088506484	-0.000828894711115552	-0.0014394967097659805	-0.0008511912420565426	-0.0005810872399578115	-0.0008842569580204407	-0.0007650982928805727	-0.0003092560062201155	-0.0008778134469311638	-0.0009859267590707488	-0.0008754254591201993	-0.00019887686332833998	-0.0006665562090994726	-0.00046633275583088385
-3.1575507182871054e-5	2.1440084408373694e-5	4.663992445291115e-5	4.752690753971611e-5	0.00011126448070178374	-2.9369922834900086e-5	-6.580687058645174e-6	1.8318864220684405e-5	-2.4500209803643425e-5	3.564323315663476e-5	-2.9726153721702786e-5	4.3136926864729974e-5	-4.734420863163058e-6	0.00018472187755108616	5.572937402352485e-5	3.0182117655846996e-5	1.9758326919028235e-5	4.6674475265642834e-5	2.191165001177997e-5	0.00038119090132668343	0.00014863328124704867	-0.00013472948342911628	8.332763732493698e-5	7.680710993433759e-5	-4.8920931325011074e-5	0.000294486174811856	-0.00013147913205217854	5.52970700912897e-5	0.00012295105797192896	-9.375498966589235e-5	2.12324407188047e-5	2.533553336743488e-5	0.00015988061027004397	-0.00011486082809701592	3.3977595043088726e-5	-0.0005316974182982548	-4.331103618110399e-5	2.731574732031672e-5	4.7996410448489235e-5	-5.344954080027664e-6	-1.106146424456611e-6	-2.777787765431694e-5	8.420780349058243e-5	-6.684559047780148e-5	1.638847477863914e-5	-1.0219093366653498e-5	-0.00011481742206304046	-0.00046149820076557546	-0.00025180038176059183	-4.4051134268086045e-8	-0.0002184139371100291	-0.0003856384829525883	-3.047384393439767e-5	-0.000787107141617116	-0.00032379307568497495	-0.0003154194353621742	-0.0001244549819104379	-0.0005000425420953469	-0.0006895877749032997	-0.0008776281350958426	-0.00030145781704238317	-0.00022847763177930025	-0.00033265857516534547	-0.0005063190968920828	-0.0007979726037929402	-0.0004214560124504718	-0.000556539905306741	-0.00030956730234787955	-0.0002743347649741823	-0.00014276134528007356	-0.00015189275618526787	-8.070519079417249e-6	0.00010152796572210354	4.7381868394091864e-5	0.0019665661460388506	-0.00017680770042494132	-0.000493305114639131	-0.0021240185608603634	-0.0007123609861714453	-0.0005011579584483783	-0.0013718833252567009	-0.0012798255294085847	-0.001572850682161897	0.0007203753002102409	-0.0013797518899974492	-0.004961624969386513	-0.002538152066994259	0.0011144051827172152	-0.006610385828130505	-0.00478949549291563	-0.0005575118058182005	-0.0019080980285385296	-0.0026250808601510633	0.00026264134096731784	0.00012359069930661937	-0.000639146591555062	-0.0017656538340779515	-0.0007090249611388377	-0.00029777864202218396	-0.00024352119713105802	-0.0002795410604383708	-0.000622528461072247	-0.0002734821917538266	-0.0006904663039236647	-0.00012609895766457768	-0.0005485226856061232	-3.999251017156036e-5	-0.00044600615518516906	-0.0003715557158820437	-0.001207368710218204	-0.0008738388810290709	-0.0007220134646407361	-0.0006415326386441378	-0.0010458114626035742	-0.0010252393335338783	-0.0011158738755061293	-0.000809545475360246	-0.0005270751066502322	-0.0008469650003041507	9.126782446119974e-5	-0.0003363218774657395	-0.0009672732992176136	-0.0006263508591994316	-0.0010580976524642016	-0.0004277539260300056	-0.0016000451397851778	-0.0008282558775114801	-0.0004874957208744757
-1.438666351848139e-5	-3.313181434934365e-5	6.538174678310388e-5	-3.0292611409750425e-5	-2.921983943866835e-5	1.6376854841855526e-5	-3.042105142011392e-5	5.240085980146719e-5	5.144536597938287e-6	-4.002864391946387e-5	-1.761087478104051e-5	-4.543803755561321e-5	0.00016449087101091941	2.4183457428446353e-5	0.00014587933725579427	5.9871763579896764e-5	4.866196963611291e-5	-4.932061161387613e-5	0.0001405609894970794	0.00012770937194046816	-0.00013455088280524274	0.00043758306440128125	-0.00011506313480139085	-6.123457318464587e-5	-5.385150875572564e-5	-0.0004606522140734176	-6.57355571885565e-6	0.00042674797614931925	-2.2150895484171484e-5	-0.0001355686504896092	-0.0003033459388627341	-0.00011145414560882749	-0.00012787605718246609	0.00014004404190123831	-4.548594573910991e-5	0.0001336585681542546	0.00013674286312645445	2.2477923385458287e-5	0.00010693180824312976	3.454757638819694e-5	1.159027301217419e-5	-5.123623964334301e-5	2.888232730237361e-5	-1.5107419438706304e-5	5.6744246888090766e-5	-6.359868144276137e-5	-1.4507123800855393e-5	0.00016377182813012703	-0.00018003277904923842	-0.0005006221999448446	-0.00031535418807543403	-0.0013349045393379333	0.00020345051598286146	-0.000994560922333576	-0.00036610903111217175	-0.00027502381882288374	-0.0013897954401903556	-0.0014335052676145432	-0.0003430546862207007	-0.00035745505947565315	-0.00019930916726057513	-0.00020265076509234925	-0.0005542614110731758	-0.0004546048867209995	-0.0004933125956341211	-0.0002641007421436137	-0.00032013170326444795	-0.00032961155506383566	-0.00019671935521520245	-0.0001371156226753767	-0.00014487376142485742	-7.989847932571292e-5	-5.210713588041371e-5	-0.0008219181086600857	-0.001549879365472795	-0.0017549171534361752	-0.001266171455877041	0.00041701008965389086	-0.0010818404548931793	-0.0005556422509600534	-0.0009088431179513079	-0.0005025422569401861	0.0005738222397244641	-0.001157447250023369	-0.0021217870342649103	-0.0009392166298166638	-0.003878502055111588	-0.003308128749233974	0.00033448755917819817	-0.0047432393516372295	-0.0014043982556749546	-0.0020858261732398242	-0.0006885733302985919	-0.000857806338981637	-0.0006997446242232308	-0.0033049608189061885	-0.0012295137997997418	-0.0003264419767487481	-0.00014736853230779	-0.0004695158107789754	-0.0006094971532685789	-0.00019269147909228845	-0.0010422679863272832	-0.00034240620321729365	-0.00048299959951730864	-0.00037809343329808787	-0.00036363795004670796	-0.0005303315512433793	-0.0008274168134501936	-0.0008427697233658049	-0.0005518826498226992	-0.0003150205140148299	-0.0006471351232661959	0.000490470533111298	-0.0018550937478864493	-0.0016277211674874115	-0.0017595445499923867	-0.000950503326220542	-0.0008144975470990301	-0.0008145394515129967	-0.0009422683770396456	-0.0007720076422752797	-0.0006634924489164196	-0.0010440523662627599	-0.0015184730317759076	-0.0010323676050312536	-0.0007384644111485539	-0.0007660023548620998
5.9566360090940185e-5	0.00014996467067283914	3.464533889808996e-5	-2.8709448555465367e-5	-9.515201398069967e-5	-3.945273740948302e-5	-8.949543038073993e-5	3.702194529674879e-5	1.7088400464625175e-5	-1.4738592833164754e-5	2.238310990547443e-5	-0.00012742982667332536	0.000137308949475258	2.8474989835665376e-5	-0.00022262160647920637	1.9713847524902017e-5	7.02568754042121e-5	2.4116532338844254e-5	0.00036114539093620723	0.00012522045032825613	7.94513543497799e-5	0.00022296020823868445	0.000140463557668849	8.468558970395335e-5	-7.999397043205458e-5	0.00014066285571219528	9.104566059403574e-6	-6.694562981225671e-5	-3.523178927419823e-5	-0.00013766119862958226	0.00025491146194746295	0.00011500665328921522	-2.0282533248414114e-5	-0.00012326066274430392	0.00015047116655973747	-7.376069698604437e-5	1.7565598498317514e-5	-3.669321790855662e-5	2.534788243017949e-5	-1.0465863202122061e-5	-9.225312571151112e-5	-4.6863359547122396e-5	2.7859057291981792e-5	-1.825556307684384e-5	5.296257681551564e-5	2.886148893661844e-5	-8.415691104060596e-5	-0.00021304622562640096	-0.0005759662278365107	-0.0004158396175145407	0.000302917218218679	-0.00032892326015665496	0.00021170404838899426	-0.00032087730909846623	-0.000163528544004643	-0.00025871577016139957	-0.00010749289913042359	-0.00010978999827326863	-0.0006972710820188355	0.00015698907018107944	-0.00040395872411003175	-0.0001498146658812649	-0.0005704680217794023	-0.0006423299392377402	-0.0005530611775841909	-0.000616963641633661	-0.0004038505641013046	-0.00041304516230911137	-0.00027526303719022094	-0.00018782731446564949	-0.00016372554353938362	-3.3961223590284195e-5	7.412603517109595e-6	5.2375248235647653e-5	4.1309609812717474e-5	0.00013218905137168946	-0.0012439919103504615	-0.001296098189711159	0.0005275434819887459	-0.0017806940709290398	-0.0008718907106713969	1.8165536349451505e-5	0.0006312716517055394	-0.000991958555227046	-0.000638085266048416	-0.002381785827593186	0.002082588441976174	-0.0016137109227001845	-0.0005753542824463165	-0.0011836527634770388	-0.004195689954321347	-0.0010368471489372033	0.00045090758384047636	-0.00046891106449120645	0.0008180703293600433	-0.0024802568419218796	-0.0013945467827389257	-5.07110846370562e-5	-0.00024039542058373886	-0.001914075994056963	-0.0007151274581188027	-0.0005534268789769703	-0.0005843642627081924	-1.2456312023512162e-5	-0.00047980619043846984	-0.00015129409227168655	-0.0005860436051371987	-0.001346836628769027	-0.0005622709004123039	0.00018103907045360912	-0.0013072906906302917	-0.0003506875454091507	-0.0011500948197268324	-0.0011505568741666805	-0.00035586354826463995	-0.0024777912577614303	-0.0016672485440849538	-0.002260359683713825	-0.0010195676768132156	-0.0016757143415924158	-0.0004894282028267138	-0.0005560980278693228	-0.000759368631343682	-0.00014202969312801517	-0.0006622220024947445	-0.00014750587903900048	-0.00037875222706415523	-0.001369278193434631
-3.655179457717761e-5	-2.4624077191344462e-5	-2.8131414298721014e-5	-1.846134735968702e-5	-5.4203104678240965e-5	0.0001628993841944551	1.4916605277359718e-5	-4.9565196781967136e-6	-8.189502949482869e-5	1.0549929528071156e-5	0.00010261507355641131	6.375038843174641e-5	-2.4882954854574257e-5	-3.0133361084150323e-5	8.958398801418854e-5	-5.415177312638464e-5	-7.566811760506553e-5	3.473834176044577e-5	0.00011256614672501553	-6.798205119500078e-5	5.094577646032328e-5	-7.936936156048569e-5	0.00013553507274832732	6.895832646222622e-5	-0.00019715737831389746	-0.00018763350790630684	4.1755932479042857e-5	7.396892885529194e-5	-0.00017687676410332864	-0.00032757724484355766	5.6818942996764155e-5	-0.00019617325342294323	-0.00010806537956153939	-0.00020245610201329034	7.320734730226208e-5	-8.106950440817107e-5	4.770037446630293e-5	-0.0003062315483658151	-9.741149943967575e-6	-1.922588607414233e-6	-9.43937311127796e-6	-0.00012954623268210397	1.851344598458038e-5	-5.8578304967110695e-6	-4.286951653040272e-6	-1.6761776428647623e-5	-8.639298044316179e-5	-0.00033243452478640134	-0.00033995937575442836	-0.000284345832470001	-0.00018902930436215382	-0.00012555642289746594	-0.00012129824054907257	-0.0004997066562623109	-0.0005181305037793571	-0.0008227466668023209	-0.00021320326146906377	4.2790792610658546e-5	0.0002313533262535139	-0.00023656129138904802	-0.00042993284713604973	-0.00018500468084575727	-0.0006401955788409852	-0.0006216795090871474	-0.0005617453117251481	-0.0004763153630196748	-0.0004315867758661329	-0.0003499708552470726	-0.00016697279409810806	-0.00015255396772217988	-0.0001442687332445236	-7.057489358544555e-5	2.0900317067307217e-5	8.578567543826576e-5	3.4480231170253006e-6	-0.003896347437401526	0.0002031000801566707	-0.0006985474698684158	-0.00013416830580564865	-0.0028488580093057048	-0.0009723581748805055	-0.0005832449107012749	-0.0014092200605227145	0.00014381535242205534	-0.0001338986213572646	0.00022410010045575968	-0.0037352660678044436	-0.0002745764770065162	-0.002783042871677688	-0.0004112892968907711	0.001199246366274942	-2.6491309146337017e-5	-0.00043193881631153896	-0.001092353421258685	-0.0015697733043995576	-0.0023914537234173694	-0.00027507490642925125	0.00045901106266593716	-0.0004866807477854618	-0.0018890459725987019	0.00015558103850371596	-8.14667344001263e-5	-0.00028628987201739786	-0.00044736141874279767	-0.0006527850092072351	-0.0004637627087911156	-0.0005508108726071104	-0.0008992286407681627	-8.660544070088205e-5	-0.0015580971734173443	-0.0012728792629299046	-0.000507087915494614	-0.0020697607690245423	-0.0016487717766598686	-0.0017051730036646284	-0.001349970450096466	0.00012745865560909175	-0.0008866783175742743	-6.577790612541379e-5	-0.001225790280910688	-0.0013076099448020018	-0.0013815708017721195	-0.0004469006111354479	-0.0007764663478154743	-0.00041671512161084445	-0.00018871307511450497	-0.0013705263920277266	-0.0006828445903335478
-1.8723602312684107e-5	-2.7506406982853726e-5	-1.2164767348825378e-5	-2.043219109529315e-5	-1.8183130240205514e-5	2.769725909127635e-5	2.2062413744874942e-5	6.722545697196436e-5	3.6655783118046126e-5	4.021444364576271e-5	-1.2443897908637203e-5	1.0405771296712052e-5	6.140857408080264e-5	-1.6445295103993673e-5	8.04188909474951e-5	0.00012274169582191657	8.958159734839821e-5	-3.67228708379741e-5	0.0002501276909119138	0.00011184721226444039	3.8267864354776804e-5	1.5967679652464928e-5	-0.00014822578928153085	0.00014540196846025977	-4.3581793989638795e-5	9.073760623076743e-5	0.00013719023746888714	0.00020951129286322923	-7.427427813413989e-5	5.9662073458727205e-6	-0.00013134521139983313	-5.939443815244916e-6	-2.55492838257404e-5	0.00023723342084183696	9.808419267759438e-6	-9.020635800827126e-5	4.181035942810163e-6	0.00030633800617713147	5.033189034824026e-5	0.0001264003441844852	-3.148556177064166e-5	-4.822917781290015e-5	-1.4415709294682277e-5	4.706017476749369e-6	-1.6528445279107018e-5	2.6421616630689648e-5	-0.00016260487964783743	-0.0003657069655785272	-0.00011584912716633422	-0.00030687422004557763	-0.00038063985557251767	-0.00016171087906247106	-0.0005167327069705019	-0.0009019078452826568	-0.0006545232454982508	-0.0005912552565601192	-0.00022762898337080895	-0.0010605064569568778	-0.003119177160483544	1.28648394021047e-5	-0.00023386147619125497	-0.00020314635390539237	-0.00034921312803276594	-0.0006768350636898735	-0.0002825249582893985	-0.000575016011368501	-0.0003457802186940251	-0.00021017363197040062	-0.0002407809195081878	-0.00013669460528775712	-0.00012921475955190997	-9.967471726463062e-6	-1.1734862213896857e-6	-0.0002254280638026851	7.31386522526134e-5	-0.002200534936561138	-0.0012175305902362155	-0.0006787023850915452	-0.0015636124122905826	-7.71810133165518e-5	-0.0015627680898487595	-0.0019393430112681076	-0.0020395695765965116	-0.0006905758083430857	-0.0018909994013369125	-0.0012348796247715899	-0.0019601421831147436	-0.0007338563133910125	-0.0006560198998611932	-0.002683454218381509	-0.001973034929880768	-0.0032173145441197204	-0.0020447359300526657	-0.0006668266633313991	-0.0007349379134782841	-0.001090483389351582	-0.0008709086403435595	-0.001695986428552898	-0.000874010369286693	-0.000723295858970352	-0.0008385850716087495	-0.0010471611858881014	-0.00010599140922579187	-0.0005084113468764584	-0.00022382740192533612	-0.00044248538210237	-0.000328877430930824	-0.00030751629541414527	-0.0006791189897763228	-0.0005663362682463424	-0.00032088399862587047	-0.0005976038999593036	-0.0007943087377074165	-0.0015437943349898287	-0.0013453723378409332	-0.0003026429259110619	-0.001921269491157035	-0.002526153830388622	-0.0005616446977635414	-0.001073635603164591	-0.0011685251724569135	-0.0006336252486235927	-0.001160431689975483	-0.0009524512146856512	-0.0005880654795585583	-0.0008596952034804761	-0.0011317290529201662	-0.0014362555957915524
-1.0028436414621922e-6	3.69754276025383e-5	1.2048511060375189e-5	1.4752343227217302e-5	-3.925329570934888e-6	0.00011189106824231743	-3.80454836471783e-5	3.5995016104024835e-5	2.891637667160052e-6	-1.3349862664976953e-5	-2.2208309410215454e-6	0.0001297763789877629	-2.8838476745507435e-5	3.0235308614429135e-6	-6.904530387100843e-5	0.00025449837820924054	-0.00012180187414223553	2.9988007519896054e-5	5.717612798147864e-5	0.00013276836769750278	4.714240608126585e-5	6.076425170323252e-5	0.00023838358045348562	0.0002604153329609227	2.0777607065425308e-5	9.30096386193846e-6	-0.00035215071418799593	0.0002886945728048512	-7.280544439894343e-5	5.624677156326752e-5	0.000354389689252374	-2.7615621378193622e-5	-0.0001404140963657402	-8.980094771092462e-5	0.00011733862579493826	-2.605348662504392e-6	3.122656755567832e-5	4.3318213599485844e-5	9.500592586947354e-6	0.0001355779854703143	-2.7663255800641773e-5	-5.3544571120694995e-5	2.4088662922000514e-5	2.3863338605503714e-5	4.176936574395995e-5	-7.0544861185267704e-6	-0.0001256139831908032	-0.0003598571527568817	-0.00026600479631488927	-0.0002323030439885243	-0.0006104266940011593	1.0734252028909985e-6	-0.00013591755759073676	-0.0006024038472912663	-0.0003999957700132062	-0.0007931968450114457	-0.0003133001453756168	-9.882953830309127e-5	-0.0005647616055370897	-0.0004227994473623986	-0.00030121929256443636	-0.0002053588635947401	-0.000476318073525106	-0.000583544345657272	-0.0006764884876234167	-0.00040881195997877207	-0.00029433721085436737	-0.00024130892596618825	-0.00016221557517376306	-8.591597485535507e-5	-0.00010502366120865303	-2.0469032285114208e-5	7.97396870755307e-5	4.9196811988810873e-5	-7.571583334267662e-5	-0.0006598818279995866	-0.0006908203176170247	-0.0008478445159484926	-0.0022762064477190036	-0.0009429846768889416	-0.0008149808627434807	-0.0008763007355340469	-0.0009664517233373693	-0.0015314431580509824	-0.0015074786037516663	-0.003344908052795026	-0.004533544676818546	-0.0020805894333786323	-0.002487800937478468	-0.0020458489720029394	-0.0033647030474315276	-0.0009350743053124222	-0.0008856955316730031	-0.0022135663527850236	-0.00043950797862235547	-0.0017916705445653047	-0.0005481413500180166	-0.000512943420377665	-0.0010945427723896284	-0.0010015106148911213	-0.0009635812764016705	-0.00023223692934004614	-0.0003412214738193753	-0.0001843299601497761	-0.00046623099261497436	-0.0003725289282781319	-3.52512290191509e-5	-0.0006448116238004509	-0.0002942121589757929	-0.000949259908959027	-0.0005941280453725106	-0.00042065029844801094	-0.0014858454093838458	-0.001765248374991507	-0.0011190454487532142	-0.0011805585588969825	-0.0018284578061703027	-0.0007029314196688174	-0.0007171868784613955	-0.0005424323859005986	-0.0003171534974748258	-0.0005352958636246907	-0.0010048626969579033	-0.0006181499431247295	-0.0010909607093580187	-0.0005519246192887961	-0.0014832520845234343	-0.001315238543075914
4.554415655375066e-5	8.805976510050523e-5	1.6584514794457106e-5	4.145901558259141e-5	7.861441803525687e-5	-1.1039303152160507e-5	6.836482877199679e-5	5.54049211023977e-5	1.5802176190835016e-5	1.4516209415060821e-5	3.12767661162644e-6	3.969050565641452e-5	8.649589020286869e-5	3.8136337078727156e-5	5.1571876109879344e-5	2.5333345989551892e-5	0.00010084772372655898	2.689167248257074e-5	8.658259114009692e-5	-0.00011328602986249159	2.985476991491931e-5	-4.687272163288181e-5	-5.2924022586262054e-5	-1.3165125456807147e-5	1.5397373046704965e-5	7.250134195259383e-5	0.0001441317117739649	-8.209058975118533e-5	-2.3195947116208537e-5	9.041816774468803e-5	-5.4608796868152454e-5	-2.297502466053203e-5	0.00012934823568136466	3.853812885132313e-6	-1.3714317225257955e-5	-3.510469909553948e-5	-2.4289798688029163e-5	0.00014929904101207425	-0.00012710923351193226	-4.478886879433208e-5	-4.53857871424157e-6	-8.012775013811757e-5	2.180461215230134e-5	3.8468761596327505e-5	-5.57728234255872e-6	1.187109221686966e-6	-1.2650069793757046e-5	-0.0002921553678234684	-0.000594215312805374	-0.0003561668212963276	-6.418444335049012e-5	-0.0007264446856558582	-0.00042680897878455415	-0.0004606619556299374	-0.00040721224135731315	-0.00029815273513977836	-0.00044697470551191554	-0.0001959705835108405	-0.00047949819028531016	-6.336940520934586e-5	-0.0007134445595066707	-0.00013384488829759622	-0.0003806790820071182	-0.0005761431696310604	-0.0007689762672111189	-0.0004188077402239587	-0.0003190395864161033	-0.00020605748010660285	-0.00015021289333921883	-9.298514649230816e-5	-0.0001063688308440558	-1.4218032133583858e-5	5.25173871404605e-5	0.00011884551502638896	8.999839718956681e-5	-0.000613514425894246	-0.00034314072850510913	-0.0015715062931520585	-0.0029109260791734815	-0.0013534981295471038	-0.0018478652202141843	-0.0005848472097239044	-0.0034031155931452117	-0.0035057461382666244	-0.0012571187146814822	-0.0009310508310503285	-0.005684180947110318	0.001255246167425339	-0.003229081997450922	-0.0036469976994954467	-0.0051344324625279825	-0.006295522198170034	-0.002645236568850351	-0.0004514615027303992	-0.0015378624805897911	-0.00033079088513493504	-0.0020696328440102107	-0.0012171167068988908	-0.001982339542083017	-0.0020292779609465406	-0.000499324149735858	-0.00021600952363615145	-0.0006029657675932221	-0.0004952266895175139	-0.0004345435361367833	-0.000651959681987474	-7.449155224950599e-5	-0.00021408260364105813	-0.0008273152345486534	-0.0008292874416684914	-0.0005252667658467436	-0.0007077088806477227	-0.0011328078991339197	-6.813538448724454e-5	-0.0005415689706585181	-0.0012802564564040608	-0.0006536726672098925	-0.0005562018835954252	-0.00032863121945947427	-0.000990070514721858	-0.0007044750850379589	-0.0008627138825371972	-0.000348131701417842	-0.0005349273758323281	-0.0004692241170264899	-0.0005443185941041151	-0.00046761110608639633	-0.0004011805319371897
2.7823368066969e-5	8.180871615987712e-5	-7.3435669437765805e-6	-9.780213748242228e-6	-1.2169426707661635e-5	7.65195063345478e-5	1.80692944331054e-5	1.896212950113635e-5	4.877835873932923e-5	9.7172893646566e-6	6.82918348607342e-6	0.00010422470178572674	2.9460757292910922e-5	9.467071766279533e-6	2.7181265593347048e-5	1.723307098151078e-5	5.602311149710548e-5	0.00017901948369883347	6.427509349413163e-5	-4.35925709592333e-5	-0.00037529257587883	4.049929879304526e-5	0.00020450003452784915	0.00015380942504882034	-1.9513416490285485e-6	-2.3209450854266844e-5	7.549941032601593e-5	0.0002342775062488811	0.0001759393737470194	0.0002964401944402506	0.00024617544873255237	-0.0002148079403154618	-4.933173552816583e-5	-1.1951621333231022e-5	-3.648455777945092e-5	-1.8469199693921245e-5	3.128869234016174e-5	-1.6960011953864873e-5	6.91159423530513e-5	-7.637746229742504e-5	1.9855151594042053e-5	-8.12235478528378e-6	3.7001516217313735e-5	-2.2610293628697042e-5	2.5978893515576917e-5	-2.632039009485554e-5	-6.180360585285316e-5	1.4376482860081752e-5	-0.00028200562544877794	-0.0003248680838230378	-0.0006780947439839757	-0.00011736278181934123	-1.2729162342239864e-5	-0.00029841270513669693	-0.000662292399741804	-0.0005432113526354643	-0.0002925541753295846	-0.00022590247814729958	-0.00024067956828910386	-0.00036616365321762157	-0.0002013716884213812	-0.0002647626258858726	-0.0004983152779303168	-0.000664047527902667	-0.00033410136636435883	-0.0003227178507064776	-0.0003454293275029219	-0.0001922243614282948	-0.00013594299297370327	8.019192948571785e-7	-9.848791704056281e-5	2.640357550653949e-6	-0.0008901761597811253	0.00016323334827914038	-0.0010315607851425768	-0.005043504914918617	-0.00037045308227262597	-0.0004046119233928891	-0.0010380567824590237	-0.0037361115069745043	-0.0002075937945850148	-0.0030481738986197493	-0.0003706063017236416	-0.0018074403085321933	-9.743758534394575e-5	0.0008955103043654933	-0.0004435285472226269	-0.004235906850974525	-0.002291322643774296	-0.0025424802671189517	-0.002277374664717835	-0.0014961340326358208	-3.161301515702819e-5	-0.0005524824738326051	-0.001046571748535008	-0.0014621671061421093	-0.0008225412104906349	-0.0009580701574966877	-0.0008399040252356216	-0.0008632109241811514	-0.0008976777112444656	-0.0007349614298234053	-0.000348578511975145	-0.000209850301198522	-0.0006784342618942896	-0.000779561918490268	-0.0008042580815735556	-0.0005156800767652792	-0.0009328857131229995	-0.0008039103020426874	-0.0007746541255682082	-0.0006520497466619424	-0.0013902048566147296	-0.0004084196414226582	-0.0008637979762894654	-0.0013673901420874213	-0.0007051962204289441	-0.0015776505210736425	-0.0009392808362693184	-0.0005985205278440098	-0.0006528103578540279	-0.0015099521893241485	-0.0010076964111239983	-0.0002838059756822553	-0.00045296981226669586	-0.0008737500306610357	-0.0004756534467513507	-0.000767737967383858
8.082429040282002e-6	-1.0707567102939686e-5	-1.706002689377123e-5	-1.2138583866359853e-5	1.8895044491713808e-5	6.087675936267134e-5	4.529199281247398e-5	-3.6520696948365294e-5	-1.2923250794147356e-5	5.774884422656695e-5	-1.2734656536748934e-5	1.299060956461845e-5	-3.8367264009950275e-5	-6.242257958363057e-5	0.00021700400807886377	-0.00015099805900000568	8.297532040797695e-6	3.8253018916530046e-5	-2.648883716538375e-5	-5.319854799734625e-7	1.4859765978467165e-5	3.122688197430834e-5	2.1477427041699526e-5	5.107240043204786e-5	0.00013063737916950424	2.6349896656979732e-5	-2.0177159639270248e-5	9.161784829056496e-5	2.3186742239764135e-5	-1.2471875745698191e-5	2.545915409914168e-5	6.630303402664628e-5	-0.00012528029286716647	4.7628746649777676e-5	-9.447826093515743e-5	-0.0002203699299863776	-9.493835296907338e-5	1.2329005004418914e-5	1.1799247559909909e-5	-0.00027797191631817597	8.978800233698514e-5	-1.0874222529377864e-6	4.5324941716495815e-5	-5.9219621394157596e-5	1.041316013451754e-5	-3.7204397548840085e-8	1.3890375395037013e-5	1.4116285180706956e-5	-0.00025516633077316	-0.00011178881171441946	-0.0001248070874079743	-0.0005043325024094159	-0.0007780931498072019	-0.0004608228295482908	-0.0007770811554994039	-0.000268096569250309	0.000139870515343532	-0.000251996058568682	-0.00032228325910765854	-0.0013844164313200902	0.001052427567836689	-0.00022672601643347612	-0.0003221805201097938	-0.0003992844141258167	-0.000297744121025012	-0.00041054579440896743	-0.00029983745521156013	-0.0001535512385644755	-0.00014120267455286495	-6.174137806916336e-5	-9.257228230502568e-5	3.5639698657552454e-5	0.0002003759029360619	8.588769886269665e-5	0.001432824833173113	-0.0006117914768538624	0.0006558320726768319	-0.0032452728872256476	-0.0012742767561621515	-0.000854683316307836	0.00015517649014709645	0.0001660618257487423	0.0007640762371766141	-0.0013725245441055522	-0.004574535357720205	-0.0021127067543341704	-0.0009191202269762111	-0.0030767511368517964	-0.000691522772204578	-0.003174535330788264	0.000130173042484083	-0.001856286934061313	-0.0018697679689261282	-0.0008708795837253369	-0.0005764938439817291	-0.0015242501813679532	-0.00166607151252246	-0.0013096054189004613	-0.001077142390039365	-0.0007482873261993594	-0.0003502548186380683	-0.000643341543232756	-0.0006962979238328559	-0.0005542620073843707	-0.00014030199528211607	5.544004925278623e-5	-0.0003212552619757947	-0.00046815088697998997	-0.00021658448689024223	-0.0006007325279583364	-0.0006819890247151961	-0.0008548145698228371	-0.001236143804504708	-0.0014751255989278733	-0.00128771896574717	-0.0011243571611946335	-0.001186390167964152	-0.0012110815713999024	-0.0008972760251815814	-0.0016123789694892643	-0.0006972046312676838	-0.0010667121266155766	-0.00019647958390475728	-0.0005349386623769437	-0.000545411448209937	-0.0002730670182159167	-0.0010091516598059735	-0.0007828922623034917
-9.51811329405472e-6	8.893069115313568e-5	3.6706629489430265e-5	-3.507914716083943e-5	-9.825934553855942e-7	-1.6288291787396048e-5	2.875590661855637e-5	6.932318488781647e-5	-5.7849252189760836e-5	-3.147333197013602e-6	-3.0882588153424706e-5	9.477914601156018e-5	0.00012573647093123974	-0.00011084217311357891	-2.6686639009732005e-5	2.9675844030394027e-5	0.00011149775493071029	-7.954049745240166e-5	-4.89188496568399e-5	-4.532571150003828e-5	6.645191666897199e-5	-2.6576831013702673e-5	3.8901076370584375e-5	1.2074363861178106e-5	0.00012527464417384782	-5.6313135578245355e-6	1.176135469398154e-5	2.5191329057483447e-5	-1.1840642398855405e-5	0.00016164534446215517	0.00011991258680454919	6.179599475360231e-5	-4.872284216708711e-5	1.2468005143942418e-5	-5.707505865495954e-5	-3.7628163388966906e-5	4.488010440714674e-5	2.3955230160632723e-6	-2.6588063348209623e-5	0.0001236192463498209	-0.0001107452183343044	4.740994923035924e-5	2.3519955514444968e-5	-9.120024071877786e-5	1.2071691302822929e-5	-5.096509152202611e-6	-2.642438676724035e-5	-6.24860514893133e-5	-0.00012099397005138623	-0.0005202533933171272	0.00025888645610941396	-0.001178692798746439	-0.0006007028641868972	-0.0005343012924458046	-0.00024794988111309646	-0.00024120590507575868	0.0002469989490716529	0.00020391314504986102	-0.0003198539089838137	-0.000460486856979081	-0.0007532821155037395	5.5914539491552784e-5	-0.00014292902798807017	-0.0005300578877730222	-0.00040659470148390886	-0.0002919664184898585	-0.0002620148347419471	-0.00015096963392954854	-0.00012258732440609266	-1.1016209645886565e-5	-3.368909968701206e-5	1.8203884580292318e-5	-0.0006128537130903333	0.0001358028923689747	-0.0006028283991779682	0.006200360797709026	6.949193824545841e-6	-0.000410215166956468	-0.0010057012080760819	-0.0007332613140807742	-0.0004889562604630526	-0.0036392723144935968	-0.0007866370749232132	-0.002969972792005171	-0.0006636021810182968	0.0014138016820632038	-0.0006208235965241005	-0.0014208377746918743	-0.0022595256611926406	-0.0032655332864867104	-0.0006177073175878123	-0.0007612793208322532	0.000446487486739644	-0.0006661307356409241	-0.00021760465608242074	-0.0004910815460876239	-0.0005241955090481976	-0.0003635926846060067	-0.0009395223531452612	-0.001094059131484526	-0.0003786184365160705	-0.0009527331289345409	-0.0007188143635004918	-0.000811442894214226	-0.00019161102825931975	-0.0007638188042127791	-0.0003815559196720941	-0.00010846640426109833	-0.0006941504337477922	-0.00048056984823866	-0.0001097823980160395	-0.0005928772230101576	-8.893707168292075e-5	-0.00137027391386782	-0.000310250956869762	-0.00020165183542072973	-0.001313594220377079	-0.0012546913811736782	-0.001754185295285704	-0.0011978544783679268	-0.0008333910926812405	-0.0012917863176711841	-0.0009931292550488524	-0.0002265462015031694	-0.0007757923752189921	-0.0008475820522865773	-0.0010437831697053535	-0.0011390163118241148
-2.0281638781621814e-5	-1.7257674239309906e-5	5.1730676491577865e-5	3.3185894353707224e-5	8.460720188688264e-5	2.0499994388654963e-5	-3.298141924498732e-5	-4.3176746900019936e-5	-4.857171522626436e-7	-2.2419186732763885e-6	-2.940675318269942e-5	-1.783457008377315e-5	1.4667821536355763e-5	2.599506439097954e-5	-2.932216101869667e-5	0.00020836087033255374	1.910932078807298e-5	0.00011520638230292507	0.00012698464512978652	7.50340409380254e-5	2.2312216635921034e-5	-7.5067334076237e-5	-4.562426825227561e-5	5.946463482210673e-5	5.4455647890278014e-5	5.014243143960928e-5	-6.989217689844229e-5	4.370741507435383e-5	-4.9216110787481115e-6	-0.00026847470644200677	-0.00013898699899317357	-0.00010201448518397382	-0.00010572774752047598	-1.0229989598486977e-5	-8.764229576449512e-6	-6.274899220018448e-5	-6.04096254356451e-5	-0.00015122818904263202	6.83660105523648e-5	2.6445279343104144e-5	0.00017179129212924193	0.00021336128393570353	1.3535277499504561e-5	-6.722502329109536e-5	-3.622457694051062e-5	-3.946598364952536e-5	3.253121513488444e-6	-8.220514113171928e-5	-0.00018174835009383827	-0.00037658338903831523	-0.000119180414235448	-0.0003734648115934214	-0.0002664492975215649	0.00015309624228077023	-0.0008621717055568023	-0.0002899081148755034	0.00033051450031712504	-0.000153858458092071	-1.4931480531166219e-5	-0.0006847238704851821	-0.0003878385676850393	-0.00021798446294546414	-0.00036839691453655066	-0.00043356714702832977	-0.0003464898398579386	-0.0004025819716653445	-0.00024014224853444177	-0.00021306943839491388	-0.00010650750030191669	-5.905564665759089e-5	7.735694680308103e-5	0.000434464541166496	6.215563003522662e-5	-8.263382382869833e-5	0.0002838752453590554	-0.0016334534419515379	-0.00028891950680856593	-0.00027667122065588856	-0.0004068904718365629	-0.0002812452094130835	-0.0005916846006204235	-0.0010833550202760112	-0.003857803833329232	-0.0009151699363607602	-0.0018931684995712739	-0.002123886645982037	-0.001974719216271681	-0.0007404057835586064	-0.004146443930395927	-0.0012658509657148542	-0.0021489290381870862	-4.714642305031491e-5	-0.00121882328448647	-0.0002448064754384527	-0.00023626908806154145	-0.002023678642194826	6.957188731365749e-5	-0.0005060503014894802	-0.0011271130188027223	-0.0005925965989618531	-0.0007176610434395103	-0.00028127309509295984	-0.0009376373484061562	-0.00028409132685203176	-0.0005260991403806259	-0.00033631748644694093	-0.0002715273210267266	-0.0006915971051055236	-0.0009072196878283367	-0.0007746491165541713	-0.0008130698696783012	-0.0011438260169756298	-0.0005828808139277109	-0.0011929780405726953	-0.0009624958382387083	-0.0006216730906102863	-0.001003307951042559	-0.001033970413628904	-0.0005495005492295313	-0.0006984440044550955	-0.001234936241809037	-0.0006542069078303847	-0.0011666402110858953	-0.00046870866562964686	-0.000278065027600749	-0.0009904993817332064	-0.0005730942630177704	-0.0009339467675791024
-1.1799971264860043e-5	-5.438382491736171e-6	-3.622881617100504e-5	-3.657522689663045e-5	3.65588798383748e-5	-2.7983808304453406e-5	6.82163472844749e-6	-5.428043268768806e-5	3.181144854914192e-5	2.3313835128928317e-5	-2.0590614716736733e-5	1.0469159176726417e-5	4.4223310994087606e-5	0.00015183481913167568	3.936528566225034e-5	-3.798887203074197e-6	7.14337660204234e-5	2.410109329990806e-5	8.515329012661471e-5	2.569995811215614e-5	8.147240206698297e-5	0.00012126986697821862	5.886264782886674e-5	-9.917544216420104e-6	-4.173841177193549e-5	-6.110417618936104e-5	-9.169192098298917e-5	3.6102251830399945e-5	-2.19207789940723e-6	-0.00014882231731683238	0.0001497022991681085	-0.00015837091295496653	-0.00015638539183245037	-0.00016605490853888183	-4.774335766143112e-5	-0.00011134083021877017	8.071803858991644e-6	9.317637265048029e-5	-2.0801009569318407e-5	-7.306270389043079e-5	-1.8212211252977006e-6	-3.885917195661781e-5	0.00020036181372883044	-0.00010824434339314071	-8.19596723388577e-5	-2.4924284641389405e-5	-2.4033845660159647e-5	-2.8459428823984778e-5	-9.56128514036092e-5	-0.0006896702176364955	-0.0005544866215484445	-0.000358944091897323	-0.0005078550427417561	4.5279925642294216e-5	-0.0016891325577833571	-0.00038900662205354486	-0.00018751068406319682	-0.0002739299238829762	-0.00019055759574448938	-0.000289483346148367	-0.0002805921944445955	-0.0003382770626114695	1.4206517906512062e-6	-0.0003832387749161392	-0.00038920893417893065	-0.0004059465437411536	-0.000373396734539011	-0.0003711762017535869	-0.0001402279876418222	-4.4242517635573186e-5	-4.5388053124956196e-5	-7.828755005379051e-5	0.0005148990066781989	0.001176515135314915	0.0009570840647787904	-0.00029834038885179215	-1.5647758696418768e-5	-0.00018529082348311965	-6.254021822985067e-5	-0.0002138860811552734	-0.000444326845282228	-0.00040041325290174345	-0.0005007434029057067	-0.0006752756014950789	0.00016987890044325993	-0.0017911702177887678	0.0006965331306521549	-0.003970434181085891	-0.0020069644297154854	-0.0016704207461692988	-0.0014014235518583495	-0.0013493707670328425	-0.0013143350340374949	-0.0004422426834460591	-0.0006424965919536729	-0.001463924370181252	-0.0009246919094145489	-0.0008865023407196582	-0.0008701744836844827	-0.0005651458901551054	-0.0004537295235709782	-0.0003089760869032232	-0.0006777399496650516	-0.001040096557058251	-0.0005319294917732753	-0.0008108563516809331	-0.00010183594419121977	-0.00025296594246410065	-0.0005252796461685527	-0.0007495315999805907	-0.00024190213634284197	-0.0005425146334774034	-0.0010766463350193878	-0.000554960049269082	-0.00022317096087798305	-0.0008456202751916386	-0.0009992235663024152	-0.0013086429401058808	-0.001013040812260918	-0.0014848683155439801	-0.0006209001086714128	4.113055382393149e-5	-0.0011955201585645003	-0.0005460047561647863	-0.00022595420543294886	-0.0006739056361559914	-0.0005031768946818505	-0.0002166762537621214
2.2317081993170063e-6	9.351026897252979e-7	-4.786633329284529e-6	-9.79822559893373e-5	2.856897119048185e-6	4.3602382988894295e-6	4.396441706782522e-5	5.228295010470396e-5	-3.1650539394217914e-5	3.539917924760827e-5	3.049288794555738e-5	4.393173650384108e-6	-7.969473876396488e-5	-4.8251254879637384e-5	-6.001552336695748e-6	0.00012269965859318388	8.496040784962411e-5	4.049358775810169e-5	-4.1330871017319915e-7	5.597051956022364e-5	3.147359759966828e-5	6.583622536027178e-5	1.4725308646046376e-6	-3.48761113305035e-5	-2.5991079947995654e-5	-0.00011695082836188364	-8.48574791163792e-5	-2.3825391529466722e-5	4.512792049771175e-5	8.705294514757544e-5	-9.189995769584569e-6	0.00011426084687779503	9.800401592693908e-6	3.782554239446789e-5	-5.7872830876506964e-5	-6.27752786818564e-5	-2.3439735395702765e-5	-3.447191533959004e-5	3.065446117431203e-5	0.0001049474851640142	0.00010504097049633676	7.854211530287925e-5	-9.399450076781612e-5	-5.7941119350340964e-5	-1.828776388136666e-5	1.925318086383465e-5	2.001588998712389e-5	-1.1479939178091203e-5	-0.0002735530172607442	-0.00019106721413364447	-0.00022047606795805308	-0.0006272582713656716	-0.0009722247963292463	-0.0011044470676555007	0.000331307247261603	-0.0004707882738166913	-0.00023459905892919686	-0.0013983167488490489	-0.0002865913452734792	0.0014810217939184578	-0.0005777048110722216	-0.0024690239219457566	-0.00020580744140158425	-0.00030948716896531114	-8.093554038773876e-5	-0.00014366546147170922	-0.00020984002296192683	-8.583920249952137e-5	0.0001109216017647352	-6.564542746195778e-5	-0.00012138219032328812	-0.00041290225362075605	0.0008028494319009538	0.0008485724059190125	0.003164475409142553	0.0004453946976859524	-0.00019674919245898925	-0.00012500668902792889	-0.0002747859882343273	-0.00015358188895989167	-0.00010382812231507499	-0.00044428246888730816	-6.552644711554922e-5	-0.000628461714093087	-0.00015614346838069282	-0.0008374491421506147	-0.0002984133556580004	-0.000831686932864506	-0.002068205676164503	-0.0019820442162532537	-0.002289621899194405	-0.0019357928020963255	-0.0005630426897287877	-0.00026323807500103213	-0.0007732714100115723	-0.0010940088787138313	-0.0007904456386306769	-4.7258464502819564e-5	-0.0005787487568180427	-0.0007571646326413883	-0.0009007421111068004	-0.0007888024326600795	4.159761727781652e-5	-0.000465286869363174	-0.0006818137309079486	-0.0006286168308979045	-0.0005602837638285507	-0.0004377880219799679	-0.00047701768750296747	-0.0002674715266978711	-0.0006135459761774653	-0.0008881251203213258	-0.0009089751737759166	-0.0013162992505873217	-0.0003135818536260937	-0.0006439999033179544	-0.0008279501975509695	-0.0010968736119040812	-0.0005804713805977746	-0.00017145886490113615	-0.0006564952032515892	-0.0013849392878177713	-0.0013615543371578442	-0.0006588363101606154	-0.0007916076973611685	-0.00039083124757366416	-0.0007257801564602984	-0.0003301369485946004
-1.435548728501157e-6	7.398622730095394e-6	-1.6840503058897227e-5	-1.4356205568950842e-5	-4.4461114477589714e-5	-1.9574625123933154e-5	-4.773130946478937e-5	-2.4673771597920335e-5	-8.557212555736216e-5	-2.3217999788396892e-6	2.1760561018033253e-5	4.0845365284480906e-6	5.019233997611422e-5	2.6573881983793513e-5	6.750007725073864e-5	-6.150811739276396e-5	8.360348004166074e-6	-6.901811479102793e-6	-3.782044122324635e-6	0.00018417104592684946	-0.00010066844818683307	7.692612280681133e-6	-1.1395767142430291e-5	-3.5476325653191476e-5	-8.03393050870238e-5	-7.365185392994855e-5	3.369669452323032e-5	5.060533155715197e-5	-5.981776489069612e-6	-5.517647428364414e-5	7.21874328975941e-5	6.160237792963985e-5	9.29413501455506e-5	3.826683436271294e-5	-7.343731200405712e-5	-1.3516005805888631e-5	-1.3154348487212641e-5	-1.85726705282524e-5	-6.943508810454413e-5	6.236715787907854e-5	5.152642093379789e-5	2.2142368234084886e-5	3.308729158713053e-5	9.373051922285935e-5	-1.304018741946078e-5	5.784490182854374e-5	-2.4311059892631603e-5	-3.528546812375799e-5	-0.0003176355012346477	-0.00011513663286666365	9.878919514025308e-5	-0.0005711641229422249	-0.000614089736093032	-0.0006847637474410861	-0.0010034696597965853	-0.0011513527327713935	2.320975443087514e-5	-0.0002171167325787371	-0.0003231930998867649	-0.00032028589849741884	-0.00018792109795356948	-0.00026061214818129397	-0.0015045625119045059	-0.0002070408948451341	-0.0002612166667866067	-0.00042936412888647246	-0.00022913575334002068	-0.00032707888047295297	6.412471465280789e-5	0.00031683739833143765	-0.0001983287774461051	-0.0009678936471746447	-0.0009641318342648586	0.0006665096859842512	0.0005773848630111211	0.00014950559236795447	-0.00013861103020582077	-0.0001244611727048428	-7.423724178792779e-5	-0.00013737270869451645	-0.0002568006354439212	-0.0002126925155096493	-0.0002448275956967727	-2.4837098523688983e-5	-0.0003841141163821171	-0.0004326531212288376	4.02923354403395e-5	-0.00033038407079577503	-0.00044500583773476876	-0.00018330738402877467	-0.0003812910490813559	-0.0006562529599601907	-0.0006426612063695214	-0.00047772725445677233	-0.0004570654835514554	-0.0007950295803638152	-0.0009387911238320501	-0.001054496117161574	-0.0007043340411773402	-0.0005862869001047044	-0.0004967636111491425	-0.0007854762630252199	-0.0007551676623439307	-0.00047016264579508027	-0.0006477173506748424	9.109459063808001e-5	-0.0008126521699493294	-0.0005555240729232525	-0.00048356018625059227	-0.0004765534104486657	-0.0005046195015664945	-0.000923912281316358	-0.0006645164995523756	-0.0006601564997779641	-0.0008910775220992428	-0.0016409683074175563	-0.00015916692876899452	-0.0003064308897772483	-0.0008645408824600742	-0.0006072510224698624	-0.0008242422803311777	-0.00036651650681465697	-0.0010477610857921593	-0.0005082146834443912	-0.0008674524640261971	-0.0007284148653176337	-0.0013104457948463766	-0.0011512684035264176
-2.0544511729857218e-5	7.593171967926193e-6	8.616352260588239e-5	-1.822251659462648e-5	-3.752377369329457e-5	3.4185965148113284e-5	3.1396256037694026e-5	-3.311096243106132e-5	1.685808068661865e-5	5.6432587552598945e-6	-2.45281605356501e-5	-5.061078238357414e-5	1.7658951015873947e-5	7.794248102835355e-6	1.5828622592327368e-5	0.0001597252440987268	-2.1589148654563295e-6	0.00015301406788761213	9.599566692768124e-6	1.7324241542195085e-5	0.00016659935150181715	4.9421805623645065e-5	4.112632001444794e-5	-1.3201267336226952e-5	4.513982503756564e-5	1.9198233497733086e-5	-6.925620558810575e-5	3.943676982198774e-6	-3.0113623183600224e-5	7.709924278870295e-7	9.802067469331932e-5	2.242677072696042e-5	-0.00011007125657984396	7.125401072123616e-5	-0.00016730107967391494	-2.239565954562095e-5	2.5901530269559214e-5	-0.0001951547755861538	8.559830361881682e-7	0.00016611965709262266	5.5322245265734815e-5	-3.4712299224262666e-5	-1.0916636518365497e-5	8.828863746861149e-5	7.19477103762467e-6	-6.835233334195889e-5	-1.6618813530183685e-6	-0.00010519807139112991	-0.0001679301663004562	-0.00012146556547035225	0.00011511793037918827	-2.78800637090737e-5	-0.000596851214285099	-0.0008898655141746648	-0.0004519681937736886	-0.0001719771894337363	-0.00012613614579909393	-0.0008260597067488717	-0.00033978165333431454	-0.0006170535219937601	-0.0004620300886673534	2.087087013630251e-5	-0.00040817722465891215	-0.00035412970299242286	-0.0006943300968897947	-0.0003157281294047243	-0.0013102493916228308	0.0005033517981763158	0.0004164683246703216	-0.00043008780131054136	2.8973026235112886e-5	0.0008074691306217407	-0.00016564083004516617	0.0010186000914264026	0.00017556735145557445	-2.2395139128578156e-5	-0.00014194877911988257	-0.0001561252646262168	-0.00010463051865888806	-0.00018265784934926033	-0.0003185834734041604	-0.0002129363200521761	6.575170095890481e-5	-0.00012136054964792531	-7.079650450950159e-5	3.258920910909069e-5	-0.00046672984487655667	-0.00027833609982791385	-3.875691000770898e-5	-0.0002743746852981732	-0.00032189233917234716	-5.097237736062521e-5	-6.887977601482964e-5	-0.00021251080322554072	-0.00045088477222676726	-0.0006540186686491978	-0.000717438890414368	-0.0011629770172057186	-0.000585711644116027	-0.0008749032314597782	-0.0007367368325648938	-0.000566787036141575	-0.0006188456973428569	-0.00027643344427744077	-0.0004928347443686198	-0.0007830416328367951	-0.0008268086302415378	-0.0006145659502132528	-0.0004152172420994471	-0.00037128762521085323	-0.0006298100821248986	-0.0004525274360962783	-0.0002940303382714671	-0.0008818916950870115	-0.0002954618971359735	-0.00020156857953590457	-0.0014293896253257665	-0.001161247010009192	-0.00011239187748882107	-0.00020119961469458603	-0.0009116072371799511	-0.0013286625489064563	-0.0010463638202423686	-0.00014406084831997124	-0.0007450074303132215	-0.0006963719965252801	-0.0013668218900447782	-0.00025005817728962487
-3.344611913813633e-5	1.6663436581097757e-5	4.237669243289943e-6	-2.0366569758803466e-5	-3.3562540767417826e-5	-6.0946329905574304e-5	4.0457334747959206e-5	-2.6139051860496476e-5	7.826065912940744e-5	8.906278763532588e-5	-1.9454636469504183e-5	-6.649834762700868e-6	-2.1096354372619752e-5	-1.6460200173359918e-5	7.300370431870956e-5	9.274402535015824e-5	-1.5703085533280703e-5	-5.63058714236897e-6	6.841025955352936e-5	1.9438246043161633e-5	-1.1245838245008133e-5	0.00016972138755164123	8.555378356710913e-5	-8.38788890775155e-5	2.6360218261661794e-5	0.00011563639585807084	3.991849168924477e-5	-8.229376381729825e-6	7.375598612760492e-5	6.490640273512649e-5	0.0001521740307548758	-2.6626677208582694e-5	0.00011428046009509529	-2.31286018982646e-5	9.472665707388472e-5	3.0642562055469e-5	-1.4290402628597265e-5	2.1302886754961947e-5	4.139743560969966e-5	1.9735097887482733e-5	-7.999665383243149e-5	0.00019384639293046346	0.00011711489525563501	-5.887478005117686e-6	-4.7324346047830645e-5	0.00024269475860407008	-4.8558628906042456e-5	-0.00010901413777762714	4.292860554880318e-6	3.915541935822775e-6	-0.00031575237216530105	-0.0003710329461205364	-0.00056971421937696	-0.0008988432936320179	-0.001260937795150019	0.00035793837512010374	0.0003998414880440615	0.00048700711432342336	-0.0003312333046734395	-0.00022903662473539033	0.0005708266324899736	0.0005740675729920541	-0.0005298315605695159	-0.00037229423103385395	-0.0008368568208197424	0.0009786936452232942	0.00033998537492252456	-0.00037612829517641444	-6.81314813594236e-5	-0.0006889523240100059	-0.00010931570319089312	-0.0006664984102816573	0.0008981894871959439	0.0011098213710883376	-0.0001516734004017306	-2.376464910275322e-5	-6.458863392039271e-5	-0.0002328479097903069	-0.00017080809423114518	-0.00032102702657646476	-0.00012496098990635862	-6.172465967166363e-5	-0.00019137420597878374	-4.632196319229176e-5	1.0789806548228142e-5	-0.00041898437844190006	-0.00012446018608086584	-0.00011364323111023866	-0.00038238704737347806	-0.0003939012744452741	-0.000308871396341448	-0.0001545955204129701	0.0001068749255761503	-6.635188275552761e-5	-0.0001756393099537623	-0.00014028545035696394	-0.0006689654689570612	-0.000422031550331714	-0.0002644177953849136	-0.00013770083163999747	-0.0006346690751071749	-0.0003307179725388354	-0.000253962790467549	-0.0009442049681181175	-0.000996400303845263	-0.000902727534651121	-0.0003680811623378577	-0.00046581863800271295	-0.0007498381689868827	-0.0011292138773523475	-0.0005943167290765883	-0.0006321633537823002	-0.0009286659332155556	-0.0004948764705317577	-0.0005306041196695421	-0.001193897877695832	-0.001017007333382891	-0.00047734461782605875	-0.0011366663036152524	-0.0007937718082655365	-0.0007318402069252106	-0.0008806088345504615	-0.0005225823029517129	-0.0010157735655207112	-0.0004562350714235053	-0.0003107526497410362	-0.0007209781816702732	-0.0007541175800138133
5.8250344651955555e-5	-3.5014528711359294e-5	-1.885885111269081e-5	9.931912605710969e-6	-5.75988638295416e-6	6.427824039093727e-6	-2.883467119588201e-5	-1.3570404294640376e-5	5.289937867088146e-5	-5.031421785282875e-6	-5.171334280934525e-5	2.709502544204212e-7	-1.2328622823153113e-5	-3.4491707450248765e-5	3.9535155748129935e-5	-2.5093309049574464e-5	3.693529585912375e-5	4.895305623538182e-5	7.4316003654748e-5	1.6390813944826277e-5	-8.880268753414661e-5	-1.1852847804812161e-5	6.89523416662341e-5	6.265456090146643e-5	2.2531802812419954e-5	1.9382022029001966e-5	1.2013540119301669e-5	-4.924625160787621e-6	-7.864981452568309e-5	-4.7172780005128034e-5	-6.107950516892613e-6	0.00018150688742800403	9.616102944302873e-5	-7.31036216804204e-5	-3.038311247559322e-5	2.7599884183659995e-5	-9.801653846203129e-6	1.446788110322228e-5	3.3666450703628836e-5	9.207984852030449e-5	9.146325732380112e-5	9.040373159276138e-5	-5.955993619306821e-5	-2.077618133956849e-5	2.0014263683865163e-5	-0.00014324242746804883	-0.00024605641959704605	-5.251431884831237e-5	-0.00011732860234585363	-0.0001289015769123658	-0.0005650825293801454	-0.0006126156981874076	-0.00055351129495812	-0.0004040927098145075	-0.0006435176610336546	-0.0012848428267500656	-9.347438188062052e-5	-0.0008439077128080674	-0.002471511016677308	-0.0023037812326223706	-9.18221445059264e-5	-0.00021650296572889305	-0.00011927149805995851	-4.093240503488804e-5	4.255389443597046e-5	-0.0001916630482795556	-0.00037532633251347036	-0.0018581075480333942	0.0014401687307985522	-0.0007974273585203973	8.645913845972686e-5	-0.0003465030129143343	0.000429634344593921	-7.487886179158298e-5	-1.2602950367340826e-5	-7.410067568228151e-5	-0.00010708536921782974	0.00012384207158031013	-0.00027394172000261285	-0.000254140859832358	-0.0002863481153581038	-0.000607718378658334	-9.351458409717628e-5	-0.00026195885738378166	0.0002649991662738438	1.4592168619265156e-5	-0.00012910208926214528	-0.0005162208984929584	1.905860452094954e-5	-0.00014813341525643509	-1.7649640429717728e-5	-0.0002999520770652353	0.00011829820976971828	-7.326067920712664e-5	0.00014886028607691282	-3.9800942489703894e-5	-0.0002076939423396873	-0.00010717674577692682	-8.657046433879767e-5	-9.753705005124957e-5	7.671500153877409e-6	-0.00045883456539427825	-0.0003766464137106018	-0.0004301829942612856	-0.0007994564320441822	-0.0005973900627648243	-0.0009457103177824833	-0.0011594050806223999	-0.0014185197938151872	-0.000751989301991246	-0.0008057125929980535	-0.0006480606632927599	-0.0003875588977346467	-0.0007111600913191352	-0.0009685708615356226	-0.0006620450064900862	-0.0008889491681825235	-0.0010878709391648478	-8.951875699048095e-5	-0.0004294906878060667	-0.0007538525251087058	-0.0005870052165700412	-0.0009177309194703664	-0.0008090797563170549	-0.0012979259485755568	-0.0009552702812803959	-0.0007464769037276997	-0.0007108547528823089
-3.3394540930285765e-5	-1.823206841576608e-5	2.4400430677709584e-5	2.4081377083401412e-5	-4.239056344444367e-5	1.7678936927671002e-5	6.363626395581787e-5	-4.5576284174626835e-5	6.737230537996394e-5	-6.464877732540592e-5	-6.897802641570028e-7	-7.241510451179434e-5	0.0001221606474831327	1.155880675462323e-5	0.00014909449543021314	2.7900912916850595e-6	-3.347093110485366e-5	6.504997007630159e-5	2.9769524519107637e-5	2.8183456003000318e-6	-4.836947086351434e-5	6.795387820154875e-5	2.6280963082853104e-5	0.0003408251274521906	0.00012186446242314769	3.6722220316670606e-5	-1.4955078191450366e-5	4.8345474758931806e-5	1.176115411657963e-5	3.185485729362281e-5	-9.959313105115108e-6	-7.7592115675304e-5	-0.00023605690427537518	0.0001350289671742111	5.2296892944642126e-5	9.412644817220761e-5	-1.0267253627155304e-5	-6.196569407763974e-5	-4.847630543508563e-6	-7.424142680831358e-5	3.1185487135362844e-5	-5.78934144547516e-5	-5.0476230183463255e-5	8.163061155849749e-6	-5.1505506673890644e-5	-1.5919860915647455e-5	1.6677853759486383e-5	2.414801214892237e-5	-2.3425694977569078e-5	-0.00032215680860828155	-0.00024375943971643999	-0.00031734803587063487	-0.00011101920164430235	-0.0006190569866622309	-0.0011363276096985897	-0.0009761348413600546	-0.0014002955479180956	-0.0004040548494746443	-0.0014725774419299675	-0.0025122195339635778	0.0008454018301379262	0.00023041061246453776	-0.0015738349642621663	9.269499230690759e-5	-6.166395519202617e-5	-0.0007172261916321698	-1.8445444824322088e-5	-0.00061552501377099	0.00016296311088764837	-0.0008001132091942087	-0.0004543802183468171	-0.00011341890968075141	7.359132834366955e-5	0.00015266863294394195	-3.4693537105667804e-5	-0.00012226238901499875	-0.00030030477887396656	-0.00017080078670850263	-4.295565639300669e-5	-0.0001562846206615287	0.00018361388798293632	-0.0006185673718031581	-1.6727786690540203e-5	-0.000645502856895519	-0.00019931606278639213	-0.00018256177819475639	-7.001187823929556e-5	-0.00042949109980289224	-0.00024939787648253775	-0.00018990690096865048	-0.00029234132475908226	8.587711704949319e-5	0.0003100693096377838	-0.000320826210650077	1.7564508875134166e-6	-0.00019929114782046842	-0.0002505588293268135	-0.00010612706460161325	-0.00016909110830271024	-0.00012099881643509725	-0.00018504867776991674	-0.0002141752378746753	-2.6939995373398418e-5	-0.00023647020756453752	-0.00041471553838615116	-0.0008896992084034272	-0.00024668652537362945	-0.0001902732854087985	-0.0006932696495869084	-0.0009049154763192402	-0.00037843737475326544	-0.0007060876622971834	-0.00012847119201797597	-0.0009865236882608541	-0.0005120373743061624	-0.0005165654471013525	-0.0007201139532765632	-0.0008511159333736418	-0.0009719244289593809	-0.0004154163233023589	-0.001087578312998494	-0.0006887362967271382	-0.0009385214393836661	-0.0005930635973636078	-0.000653386372784226	-0.0008598180761126839	-0.0010632576308115815	-0.0006701735141226989
3.371047473284261e-6	-4.593599263989778e-6	6.60460510067129e-5	2.6858184187968093e-5	6.81743181872585e-5	2.617511378000606e-5	-6.794427488080595e-5	4.720435197239081e-5	0.00012035758809947686	-2.1800023266606294e-5	-1.8105552864258745e-6	4.682321967219155e-5	-3.665768318235341e-5	-5.0841457237792154e-5	-2.0909898704006558e-5	-2.7394124295365696e-5	-5.070194481274215e-5	-4.618218784821493e-6	4.1794183131688145e-5	-4.4914760929590236e-5	-8.449730444417408e-5	0.00021055733111924324	3.159919700033986e-5	-0.00013227997798688496	9.098856108662179e-5	6.971061640263787e-5	0.00010586699973700459	-0.00011700373742790093	-2.0531482330249373e-6	-3.629313104387688e-5	-7.288820155076925e-7	-3.4701419255461774e-5	-6.883436962784595e-5	9.331240749706204e-5	4.896085707001285e-5	1.7398696415885095e-5	8.034042723627233e-5	-2.120347625776675e-5	-1.968178766666162e-5	-3.5994970025432504e-5	-2.0035297206011382e-5	6.671578437270065e-6	-6.66113757034903e-5	0.00012295174644030848	-8.109532468290881e-5	-1.5468773180773998e-5	4.156865281677857e-5	0.00014254192444440594	-3.448009022397058e-5	-0.00012115383024070836	-0.0006159846179139283	-0.00014843814111903386	-0.000278038746540088	-0.0004493348076430037	-0.00011288205613302349	-7.646509293801618e-5	0.000509222113261043	0.00012386383151791192	0.00031944440582326594	0.0007716820672049041	0.00213896814756781	-0.0007334080391607767	-0.0021061963371288295	0.0007845143588577908	0.0006723723791277059	-0.00036356609996873734	-0.00106291605291714	-0.0004371233193120605	-0.0008255271683257903	-9.011920983764687e-5	7.336074022562533e-5	-7.383533888460914e-5	1.3477500365732809e-5	5.839944413471576e-5	-1.925822782494757e-5	-7.167027388232938e-5	-0.0001902799966202462	-0.00033409172780704544	-0.00010479595706838762	-0.00042520464146184045	-0.0002037083392594785	-0.0001394772210054629	-0.0002973195474542667	-0.00036437397153352147	-0.0003333465014437875	-0.00010933081696917757	0.0004806554676842212	-0.00014037312978665284	-0.00013907802860757545	0.00016247699800159277	-0.000312230298039895	-0.0001420775172858435	7.003338881039767e-5	-8.528519687342473e-5	-9.376648762993156e-5	-5.216863182763709e-5	-0.00016896486380174602	-0.0001293546650002475	-0.00014121467667091436	-0.00023974381507807507	-1.8311090491107684e-7	-4.458842149668296e-5	-9.304910357846308e-5	-0.00012310247222632742	-0.00019118207451179758	-3.3163500157834536e-5	-6.575491019733537e-6	-0.0004188211301207889	-0.00032009225998941293	-0.0007118322099299024	-0.0009390274799056519	-0.0006774999723561936	-0.0009469197127798257	-0.0010527552462592793	-0.00043548130596385293	-0.0007236809892660623	-0.0008303962660723141	-0.00088544527612755	-0.0006867928426489145	-0.0011388070174367382	-0.000368800996686236	-0.0008161766184774932	-0.0007567206626937772	-0.0007191626742904245	-0.0006227708453099279	-0.0001556806441573022	-0.0010463552658872277	-0.0008901152276190316
5.666078500485283e-6	2.3851192830666446e-5	-8.273546778236884e-8	-5.4253127055974015e-5	-7.661129760097585e-6	-4.662551947179697e-5	0.00011210731914188324	1.8791099318932192e-5	1.5538243434976007e-7	2.1735309949436066e-5	-2.159577312983718e-5	-8.632461065416486e-6	1.937995120285252e-6	-7.601043275698438e-7	2.3439396582523864e-5	4.323959538945349e-5	3.082156383414636e-6	-1.527244043036946e-5	1.5285732749004133e-5	-3.078743857076738e-6	8.756439583840203e-5	5.053336221694238e-5	2.492038693457932e-5	0.00011871480090196868	4.4935322823791424e-5	7.025890286227465e-5	1.532152226271788e-5	3.56885744914881e-6	8.49602506403091e-6	8.09216680209418e-5	-1.798908244587949e-7	-5.599030353936607e-5	0.00019919015980911225	-2.8281803982066478e-5	1.935078616441266e-6	5.088162963878817e-5	-7.16653082363794e-5	-4.07515546915066e-5	1.2208956718870456e-5	-5.398025234269743e-5	5.830242972432176e-7	-9.9151210245646e-6	-3.5281369839545995e-5	-5.660544732596917e-5	-3.3371938025494874e-5	-4.710354285439311e-6	1.5950007157053414e-5	2.86961047372275e-5	0.00017947446371950615	-6.281439669623967e-5	-0.00020134248001485444	-0.00039944848644057895	-0.0004513781492673785	-0.0003472960634354205	-0.00015481424735924731	-0.000967033744747603	-0.0011888955531863532	-0.0007600013283634577	-0.0013107476258891748	-0.00021274939275561788	0.00010768341513617274	0.00010566139976853073	0.0006698437377689048	-0.0007876763260736275	-0.0006169231792085839	4.562066870106296e-5	0.0003271936541149323	3.983837999071982e-5	-0.0004048049872737436	-8.506309805839107e-5	-0.0002280802716830843	4.225270307245399e-5	-5.901197499408317e-5	0.00015521665983758703	-0.0006308730664608686	-0.00011516155867460909	-0.00011144451247252496	-7.033665100006359e-5	-0.0001949037394151365	-0.00014725318403865928	-0.0006022266344461735	-0.00013605331054475367	-1.2009609886426409e-5	-0.0006908788103242303	-0.0002502284837668789	-0.00028610317240329586	-0.0002100597256901593	-8.156424754351965e-5	-0.00034952891275752407	-0.00015523769335973325	0.0002046784183112882	8.003079535884305e-5	-0.00024817203413823874	7.587144888049346e-5	-2.9680956043637297e-5	-0.0001381326910493419	-7.4481306538976e-5	-4.595697737294624e-5	-7.981571133186538e-5	-0.00011707289868448378	-7.786406068521767e-5	-0.0001520544757813158	-6.691429094846102e-5	-7.497908544040754e-5	-3.054806841512603e-5	-0.00010755711642509991	-0.00010250852900892116	-0.00021479444741942522	-0.00013846135609590915	-0.00018977720870477777	9.938159236527744e-5	-0.0006177088788389407	-0.0004966328021570321	-0.0006483116018855817	-0.0007944647001899285	-0.0007547147910964835	-0.0006943432048940601	-0.0007149737507768095	-0.0005421204067254659	-0.0005868341836773316	-0.0003264482759633702	-0.0010687532456254978	-0.0011572020577020614	-0.0010430289986741725	-0.00041893726985750557	-0.00028416984477336316	-0.00022389630297339758	-0.00048381627480373335
-3.278052742444748e-6	3.039165869921784e-5	5.0238291174689587e-5	1.2975007895356383e-5	8.1209827274345e-5	-6.424729183992367e-5	-6.4225507507773005e-6	7.735741843102606e-6	-1.4876386797771368e-5	-1.6193044626543196e-5	-6.963692318097403e-6	-2.3352397489698196e-5	2.7647494211559265e-5	-9.589617240481768e-5	-9.089043265849556e-5	2.8200884552923022e-5	-6.138540739088205e-5	-2.767673785465663e-5	1.8227238295087655e-5	3.570188849416622e-5	2.1164409742986667e-5	0.00010939580946840721	-4.677449291605462e-5	-5.632855835414896e-6	2.7654411421419722e-5	4.625063624186937e-5	5.984243591113103e-5	2.092875026928065e-5	-1.2553776377807746e-5	-2.982070970367068e-6	6.795944557970446e-5	4.9106373264592995e-5	-2.4198329971747423e-5	0.0001350697385969074	-7.729331497757785e-6	-3.755325043985902e-5	-4.4051063794944834e-5	-7.98666688339722e-7	-4.0000695897962624e-5	2.8955847051689854e-5	-1.996222740059672e-5	-9.613300281686998e-5	-6.156511932198239e-5	-4.080629063818453e-5	-0.00015548457161541906	-2.180427604962787e-5	5.9861225134780205e-5	1.996300260515005e-5	4.3803318177521033e-5	-9.691211049801807e-5	-0.00010138590813245363	-4.259033989199856e-5	-0.0001274189412835136	-0.00011093341956841529	-0.00024404018302698338	-0.00040361236488400953	-0.0009308864226328928	-0.00012887488385487922	-0.0010991091066794856	-0.0008525861440455973	0.0008338708196165001	-0.0005525232398342905	-0.0012566364615551606	-0.0007530956977822023	-0.0003286390907672465	-0.00034349920911141973	-0.00030389425784843604	-0.0002448385027706279	5.448159284826559e-5	6.462642920812556e-5	-0.00023647173628960072	-8.84197012482324e-5	-5.541654374968674e-5	-0.0006298836452423018	-2.6473701703055852e-5	-0.00014600948488457943	-0.00024172207204603557	-0.00014180954587689198	-0.0002898786679444987	-0.0007223555846362639	-0.0002093912825247568	-5.120067781208548e-5	0.0002577684701972338	-0.0001424463303388579	-0.0004148529176434268	-0.00014907686630288852	-0.00020287190980947112	-0.000342614088141846	0.00022649229497115342	-0.00034283307529664464	8.713132212262442e-5	-0.0003024505559195978	4.249406816009271e-5	-0.00013487375279119806	-0.00012575229486194717	1.6261352073915214e-5	-7.748695348558376e-5	1.602565736363859e-5	-7.281564674138652e-5	-0.0001354866414372824	-3.912235119196694e-5	-0.00013217116203584345	-7.007773267925232e-5	-3.2991610745408684e-5	-1.3334906096007515e-5	-4.8519836152310925e-5	-7.603298416217208e-5	-0.00015736560275356193	-0.00016081884088303688	-7.918660302128067e-5	-0.00017376269693947233	-0.0004177838955864155	-0.00029977535211112016	-0.00019219193294131576	-0.00037826364219714637	-0.0004509026832466567	-0.001181980576782371	-0.000154716181272746	-0.000554139839483575	-0.0006025773521649291	-0.0005696065147331453	-0.00018485304432991345	-0.00047941081443222955	-0.0008693598683821857	-0.000833109091696177	-0.0006835178690406396	-0.0009860507863782703	-0.0010992395362008356
-2.1730311777420908e-5	4.7230551717888924e-5	-3.278863725669767e-5	-5.258807983261199e-5	-3.947231674546539e-5	-2.6808546702006275e-5	-4.182770801811411e-5	7.518115633080996e-5	3.080835418592734e-5	9.159509359746992e-6	-3.217532441651336e-5	4.1121668787127974e-5	-1.2973790878417768e-5	5.524729708005632e-6	-5.054084863294339e-5	6.324286526328965e-5	3.670795492658613e-5	-5.1071370439984e-6	5.1427932008449306e-5	1.9692185165495757e-5	0.00016002739498116592	-3.206574545819296e-5	5.1779915533241294e-5	0.00011420457678504303	9.616526596301772e-5	4.2452779030859034e-5	1.653950414126637e-5	3.911000483972776e-5	1.664595653157186e-5	-1.3431454299467349e-5	0.00013197946967073715	-2.552230887568896e-5	1.643104055593092e-5	-8.382187630627536e-5	8.560588219200249e-5	-3.666831920566549e-5	-5.021092591185605e-5	-0.00012246156779610606	-6.934102272405929e-5	1.2726234996374153e-5	7.823990478932064e-5	-5.758254116583483e-5	-4.3741215077081064e-5	-0.00018229958558338422	3.0374834592006295e-5	2.0756985540104633e-5	4.914655921811617e-6	1.1326329414293457e-5	-1.8860976148948883e-5	-1.682802660239735e-5	-0.00011280276300713876	-0.00011028982089579531	-0.00023007660230126015	-0.0004177347053338498	-0.0004104428710967334	-0.0002138316758902581	-0.0006791269369782471	-0.001770959746037748	-0.0006330272894414235	-0.00013070872509346465	-4.238289406932605e-5	-0.0009066679265007371	0.00039828279563280944	-0.00017344198993685112	-0.00022371518700048387	0.0004255098443733951	-0.00036125742154669016	-0.0007082856870455068	-0.00013070232830064699	-7.476653844651349e-5	7.974779690778089e-5	-0.00018374783031932518	-3.140604096230071e-5	-0.00038879999480351257	-0.00029335628978083284	2.5523745443567503e-5	-0.00042089880842796634	5.1464442516607756e-5	-0.00015349978232936934	-0.0006133604800277748	-0.00026547056653641876	-0.00036322650616427143	-4.444512249554555e-5	-0.00024486487056746276	5.409619150201217e-5	-4.689024776100004e-5	4.702279147658639e-5	0.00010090833333850635	-0.00018763548657527163	0.00019605299371797114	4.061026688539915e-5	-0.00014263181564652672	9.837931250894494e-6	-9.333508358549958e-5	-8.978276021948117e-5	-1.87754434395615e-5	-9.678502574037018e-5	-0.00010169329571138586	-3.8976330843376594e-5	-0.00016072614159728937	-3.2216351981972924e-5	-6.680918838986027e-5	2.1900981462402713e-5	-2.118194942363205e-6	-5.087624115399092e-5	-6.513597170312857e-5	-2.4087210091089384e-5	-9.135819271227641e-5	-0.00011013306152468649	-0.00017041650209048687	-0.00016558321554172029	-0.00018353757099201506	-0.00011640622276862245	1.5208559238366615e-5	-0.0002834143510155318	-8.21663700620312e-6	-0.00033114496388042536	-0.0003567714049537707	-0.0005529168702750331	-0.0006378643923818372	-0.00025931728552669453	-0.00045185040604966975	-0.0007627289858730402	-0.00032739119575075915	-0.0008210311337047971	-0.0007124485029708083	-0.0005325234881965041	-0.0003738096854624673
-8.169647684047598e-6	1.3436379287835865e-5	5.023753765417971e-5	3.9408800116443043e-5	6.509539272631787e-5	-5.658779651460111e-5	-3.3161575698978374e-5	-9.492118191716664e-6	-4.6305111980025904e-5	-1.0170210756454273e-5	-1.2563475921493344e-5	6.169532116087617e-5	7.079226663425989e-5	1.1203173534268113e-5	-1.2755096458205717e-5	-7.156282944703607e-5	-1.6036046730956433e-5	1.5873725402702765e-5	-1.726511999772945e-5	-7.689451831348337e-6	-4.146136288029484e-5	-2.9111695692973782e-6	1.2124315765769944e-5	-2.7368976225974895e-6	0.00014039093238632505	6.617782222825136e-5	7.241375468008959e-6	-7.839544172247997e-5	6.159015626065051e-5	5.4226642707405626e-5	-1.1246472503279037e-5	5.712075777652981e-6	1.4779708490050836e-5	-1.443398352229952e-7	4.106044389044772e-5	-9.446120101397337e-5	-3.4048116973398046e-5	-6.280067611774687e-5	2.2202145720864874e-5	-1.722117457317318e-5	1.746625847426353e-5	2.98676556577393e-6	6.455248119895118e-5	0.0001242363959104431	-2.9850498158359717e-5	5.269883921604768e-6	6.112222273452206e-6	1.1303620799790748e-5	-4.539103468093053e-5	-4.974364019652566e-5	-8.613334112790583e-5	-0.00012552869984791548	-0.0003349861891783351	-0.00040719832020141844	-6.749743992895407e-5	-0.0006097979326352698	-0.0007469480763078185	-0.0007654707813789519	-0.001706316229803384	-0.0007101354660560277	-0.0009696999713620924	-0.000487606396232243	-0.000285455036344584	-0.0011082378938154225	-0.0009928615221643788	-0.000556720576756764	-0.0003128456261408674	-0.00021782786078367034	-0.00018835976615255712	-9.44401024396968e-5	5.2078133472299726e-5	-0.00022789372385728646	-0.0002657534565672637	-0.0003213085288285289	0.00039915976340204606	-0.0006341052466093955	-0.00044753865327193387	-0.00017439952476952514	-0.0003402668012804366	0.0004365699099971587	-0.0005700541167580342	-9.72677884417128e-5	-0.00020817423306007665	-0.00037046179925809275	-0.00011389782346438171	-5.959793205820296e-5	-0.00010706997354698045	-1.94095173960962e-5	-5.4905114742903605e-5	-0.0001371010184721133	-0.0004025952748260009	-0.0002572522056487614	-0.00010147403750604411	-7.467023960955332e-5	-1.8412821180952e-5	-0.00010155702234032615	-0.0001431398619425317	-1.4960905778127476e-6	-6.244986082079573e-5	-5.2362118547338854e-5	-0.00013241562794169548	-5.4044616004667034e-5	-5.530626954672324e-5	-5.841833093656046e-6	-8.16314463941703e-5	-4.0935202276493055e-5	-8.253486869641558e-5	-6.695823366251186e-5	-8.214647495216609e-5	-8.144347826352649e-5	-9.703473918473704e-5	-6.497983574826893e-5	-0.0002692388196071094	-7.705123431650529e-5	-0.00011042502632771511	-0.00019031547171532992	-0.00020648177178478333	-0.0002486897081495354	-0.00027116130521531723	-0.0004971695147584776	-0.0003931545952511051	-0.00018982482686419333	-0.00041170952281080475	-0.0006814392366355504	-0.0006358095256883689	-0.0005437734680938111	-0.0008454854058623923	-0.000979909290646161
-4.515418529534021e-5	-1.605174055740316e-5	1.585803970777233e-5	8.691189315544051e-5	6.572551070017571e-5	3.697008248582795e-5	8.399940628050356e-5	1.5536217332166175e-5	9.526373559356344e-6	2.7136254940156312e-5	-4.010876781526326e-5	3.643948613988798e-5	0.00010735635470882077	2.3980230507477523e-5	5.394524887555874e-5	8.516368627019613e-5	5.294677321359895e-5	-1.4563055080428489e-5	-1.2224108444230941e-5	2.1347751040859397e-5	-4.2434160569052026e-5	-0.00011790961544806688	-0.00017033618981456	-2.3332860166550007e-5	9.094705240644818e-6	4.6404308347292034e-5	7.756881074960642e-5	1.5546708343437687e-5	-5.995376179020184e-5	4.866728493726352e-5	4.228957678834022e-6	3.301585350598546e-6	-2.0293071693530673e-5	-0.00011836669339994332	-2.167319058596351e-5	6.148315905875334e-5	-9.799544530876558e-5	-5.235390029487141e-6	-4.1259432936174845e-5	-1.975197349429747e-5	-2.1410759450113392e-5	5.539745094942927e-5	-3.42525703980745e-5	-0.0001956316239646455	-5.427471623173363e-5	-0.00011392441352266192	4.3695640638760636e-5	3.197902012641585e-5	-4.556814994782776e-6	-2.7304617985016155e-5	-5.529437042788021e-5	-0.00010739466499258554	-0.00013792360266037806	-0.0002021972107975334	-0.0004194958616587918	-0.00038118881965851226	-0.0010399772080831038	-0.00048335000281743423	-0.00041416399389898606	0.00020159735426156233	0.00026286271336689593	4.3956158157776315e-6	-0.0006711984700674689	-0.0007809644857886822	-0.00030402245391331073	-0.0004748636596788036	-0.0007315754555967113	-0.0002194862781107476	-0.00022145234864628938	-0.0003154973894983759	-0.00016174693962672793	-0.00011405700602734603	-0.00012661208886877162	-0.0002748774515295982	-2.0714246290465255e-5	0.000172533005677461	0.00012810132728885426	1.5135982744940435e-5	-0.00043070310772747034	0.0001706721786468024	-0.0004244490175997484	8.275834444820829e-6	-0.00026447993101141876	-0.00011989630208791846	-0.00012902510006587709	-9.448222369409787e-5	-7.129566034769219e-5	-9.523201454850194e-5	-0.00011491046829348317	7.187934058724976e-5	-9.675497165614888e-5	-9.995408363841496e-5	0.00027057090292229025	-0.0002300946000573234	-8.282834054046395e-5	-7.106758757868814e-5	-0.0001228127300377524	-0.00016653972038233045	-0.00014895318051905138	-0.000151233745578766	-0.00012701951036114822	-2.0338928024415948e-5	-7.220488313156026e-5	-2.1603671542663738e-5	-2.2023387887676327e-5	-5.778450634652543e-6	-2.981258902939876e-5	1.1514508964360903e-5	-7.529516289975224e-5	-3.1479257135008654e-5	-0.00012320998171375108	-0.00023613691297469375	-7.033721478519328e-5	-0.00015366047193335342	-0.00010670418541802729	-8.029881013588147e-5	-0.00024608691820415807	-0.00015543258954225925	-0.0002404552360175949	-0.00014639910377728382	-0.00014740467960822068	-0.00016699221215901727	-0.00036389377839132764	-0.0005019802607440782	-0.0004319305872170498	-0.00027281290833174043	-0.0005578581650442227	-0.0008306600904079559
1.2985803838488907e-5	2.4063135381849343e-6	-3.114556681137193e-5	-1.0003052531258605e-5	2.2480444155509316e-6	-3.4690196407723833e-5	7.112532405487842e-5	1.7693835220773668e-5	-1.347987205798512e-5	2.91318781164146e-5	1.365135218409086e-6	-1.4829701052224142e-5	8.839515491104732e-5	2.7276886803949407e-5	3.8065309639154915e-5	-1.5951243147530048e-6	5.965605342616448e-5	-1.8428891767653666e-5	2.6131391972147866e-5	3.479918176535479e-5	3.422114479810501e-5	7.262181307698956e-5	2.3837946590624104e-5	-4.983101604960627e-7	-8.638006217427663e-5	2.6266407668687486e-5	1.249608055919893e-6	-2.587258207155385e-5	1.690039980791619e-5	-5.1849258393688036e-5	-1.7743022762833904e-6	-3.299376288672107e-5	2.9868821175074722e-5	3.8209176491180163e-5	-2.8047925310428767e-5	6.18750764600634e-5	6.983592306872288e-5	-4.2106601408700706e-5	-4.22249854439144e-5	-3.82091710701693e-5	0.00010517785644162392	1.1635657715114434e-5	-4.189044944258313e-5	5.71483453008087e-5	9.779015704841632e-6	-3.3955705001226244e-5	-3.7128758184276633e-5	-6.128981870634487e-5	-1.2496904552850019e-5	-3.9571888517733744e-5	-5.3333379379516543e-5	-8.421628737258213e-5	-0.00010468020764445307	-2.2044470198920307e-5	-0.00022639899937421104	-0.0002044977902293521	-0.0003767614258770591	-0.0005911590986694415	-0.0003144135776386725	-0.00026192002126196323	-0.0005477622912544722	-0.0019264521401718415	-0.000706179689377584	-0.00020615440778082306	-0.0001578004870869676	-0.00036546061316089506	-0.0004927136606699967	-0.0002904175814763543	-0.00043446171139882583	-9.487636370986152e-5	-0.0003341169571915992	-0.00042300600956030054	-0.000363135498233913	-3.3223814324689904e-5	-0.0002876772604853972	-8.06853065263291e-5	9.15342020929577e-6	4.880120830011436e-5	-0.00031858298551318276	-0.0002078963412012469	-0.0002198863161863296	3.3076362829231876e-5	-1.2344140466746811e-5	-0.0001663047520875094	-2.0841553309558503e-5	9.467346611530258e-5	-0.00011707946894964905	-4.8702936215200276e-5	-6.562629129361341e-5	7.547098796606422e-5	-0.0001943548078552071	-5.525186428170792e-5	-6.533134493461046e-5	-0.00011049456705505833	-9.883868896942705e-5	-0.0001401194156362695	-8.221017182979962e-6	-0.00018135900767268787	-1.8823484437824334e-6	4.408888618773199e-5	-3.778292782807835e-6	1.1225590769436966e-5	-5.9274373603868113e-5	3.892487460827043e-5	1.0546695895091718e-5	7.026126642301067e-5	2.411551860981298e-5	7.165231949435302e-6	-6.910275303362301e-5	-2.6421074529603406e-5	1.099866725473575e-5	-0.00021962623776919377	-3.636938840367865e-5	-8.124762798308871e-5	-0.00013300636633739593	-0.0002404589873571117	-0.00015713467853284424	-0.00017540651006328623	-3.131140095466445e-5	-0.00012396496589656136	-6.24484079898846e-5	-0.0002762661301981828	-0.0001104238011792602	-0.00021842272998964796	-0.0002374676139321047	-0.00016468789765071434	-0.00019754888913939284	-0.00037494217257870444
1.4784443743039166e-5	2.321149728586741e-5	-7.853796280855863e-5	4.223227670352436e-5	2.264549089697407e-5	1.2494128995288456e-5	-1.0320904016408033e-5	1.1890096925700616e-5	7.737841129559081e-6	5.517504855778732e-8	3.525277942825755e-5	7.444249616695917e-5	1.7851727583152732e-6	3.610589610495221e-5	-2.257853734706494e-6	5.2739141721304394e-5	5.487902341762274e-5	1.904644654883783e-5	4.4422061515336786e-5	0.00010290269341923369	-3.2589827104329006e-5	-1.246787503968172e-5	0.00011143506365059175	4.511264951011229e-6	-1.60916717234158e-5	4.350963491404902e-5	9.641546187735134e-5	-4.076354867803972e-5	3.71813175950933e-5	1.4653558856776716e-5	1.613246483015557e-5	-3.899629100537205e-5	-5.053155159931433e-5	-3.892353019757655e-5	3.989369598556003e-5	-8.263498934603375e-5	4.584674653806964e-5	2.9959357477488124e-5	9.045654850159401e-5	3.5458235739943555e-5	6.175238272121408e-5	-5.041109673795119e-5	-6.810047317729051e-6	4.4342242551398403e-7	0.00011590246991322051	9.261470713603503e-5	6.11081931584101e-5	-6.483879730866116e-5	3.809422395584239e-5	-3.2764166813664675e-5	-4.055941780350958e-5	-7.740519379975663e-5	-0.00016756935465947476	-9.543122585567443e-5	-0.00037074473265702457	-0.00022253829638427258	-0.0002497035998111352	-0.0007640562770146186	-0.0006426755395222417	-0.0005404189899402279	-6.028591254675364e-5	-0.00023014914626862115	0.00028605492540662025	0.0002252462973084679	0.0004439186865323741	-0.00018706854641725723	-3.246643405507843e-5	-0.0007064442997598008	-0.00041774168759584063	-0.00026483251355791104	-3.150531051321348e-5	-0.0005174455482148677	-0.0002797169830828783	-0.0004363260946126102	1.3770701159238063e-5	-6.662386571251733e-5	-0.0002605797413783584	-0.0003198538222476399	-0.000292033899233074	-0.00015844065425971166	-0.0003303649563114741	-7.877747933149326e-5	-0.0002958120619116211	-0.00019039932391134995	-0.00010886703864787517	-5.4273762133821846e-5	3.3672858338468226e-5	9.138731438262937e-5	2.961798558145934e-5	0.00012824759700394428	0.00019104570356254236	7.323652318272367e-5	-4.0258204755949656e-5	-4.804469539224088e-5	-0.000102103178342694	-8.188513886051019e-5	-6.088477161672601e-5	-0.00017050103733387556	-0.00013761322810446064	-5.83254798625088e-5	-8.215364152852622e-5	-5.335361059205512e-5	3.0984329685290746e-5	1.8175185748786626e-5	-2.8586551528708704e-5	-9.202610461861438e-5	-4.946406782432855e-5	3.496239756040076e-5	-9.46275393112761e-6	-9.255259319357334e-6	-4.150732492089193e-5	-8.485498545138248e-5	-0.0001865529757581752	1.4222997779533841e-6	-5.756670097209482e-5	-0.00013842872161051734	-3.771309436614856e-5	-0.00019129750951710212	-3.325618860156032e-5	-0.0001299445468762317	-0.0002233531502110475	-0.00010956026667494068	-0.00017465218724380116	-0.00022560670779464553	-5.748845410130654e-5	-0.0002742461639726468	-0.00011243458963340613	-0.00019071408948606594
1.0705870326539746e-5	2.0444786814032e-5	-2.1282671805455955e-5	-1.663888211239639e-5	1.247051236146629e-5	3.7619661888681905e-5	-1.303784283226278e-6	-6.590350010507451e-6	-2.3691224221127072e-5	-1.91723400393487e-6	3.7695005808153353e-5	-4.674650152646648e-6	1.927244984694515e-5	-1.3086176565112184e-5	-4.719363192341036e-5	2.8280077390106795e-5	1.0658237259344311e-5	-6.354378828676843e-6	4.516197257744409e-5	7.785512685931639e-5	-8.016170735015982e-5	1.541535725024107e-5	-7.025842852382419e-5	-6.077180317136388e-5	2.230722659542217e-5	3.775679855572145e-6	-7.364665518053148e-5	-2.983835509402788e-6	8.793611455323869e-7	2.3743469213313717e-5	-4.99008874586121e-5	-5.34045735151728e-6	3.480399562300063e-5	-4.381270736833476e-5	-3.6339166268120615e-5	-1.2675575649864768e-5	-8.968637464634721e-5	1.8253725354161476e-5	-1.610582327227217e-5	-4.303485736170676e-6	1.1043629118828724e-6	6.717022771329795e-6	-9.220003775213537e-5	6.718103720895763e-5	6.853272289941703e-5	1.3645589649544099e-5	-3.355953210638918e-5	-6.970373171884259e-5	-2.7310087784976345e-5	-1.1434744210531145e-5	-5.76533016206221e-5	-9.933851701296459e-5	-0.00011720366430850726	-0.0001728935787939645	-0.00021441570849552172	-0.00014244647128514032	-0.00018734799952721537	-0.00017038727199991666	-0.00010461237995654238	-0.0003510063658999918	-0.00027065225061129183	-0.0005745392226211288	-0.0004543624807992752	0.00010045471399156014	-0.0006172163908441108	-0.0005729650478028536	4.242463585296674e-5	0.0004667294328797311	-0.0006430516926239638	-0.0001032365816097669	0.00013822777557986887	-0.00013150227434755024	-0.0002358784391767732	0.00026353967836137415	-0.0002715337720296529	-8.810085907334786e-6	-0.00033353983637518514	-0.0002370646214056027	-0.00021380335652951277	6.965814643850043e-5	-0.00017229982631622454	-0.00019715430460073846	-1.2963404221605357e-5	-7.536560351489863e-5	-8.208797140293878e-5	-9.740517854101016e-5	-4.1658560281931933e-5	-0.00015411585852984078	-9.54495813984546e-6	0.00032764576642085874	6.596034482497792e-5	-8.305634825733765e-5	-0.0001052915675654742	-0.00010222197437473324	-3.0421975702465964e-5	-7.89540308132608e-5	-5.3371369823640435e-5	-6.320651467495164e-5	-4.420394172227615e-5	-0.00011098665389508433	-0.00016932408166553392	-5.66556242025118e-5	-0.0001375770049098779	1.0971171887641518e-5	-9.67360956963259e-6	5.993892448347138e-5	-0.0001113147551565219	-5.737900389199413e-5	-4.14759914781071e-5	-6.337239760734192e-5	-0.00010690206315652762	2.6711478081503648e-5	-0.0002805558086196869	-0.00021654192111295045	-0.00013890175901837276	7.291506808060344e-5	-2.122399478388104e-5	-0.000123462253875245	-0.00010217069161197467	-4.793396582436493e-5	-8.090638619132062e-5	-0.00011199150873157648	-8.443035767052853e-5	-0.00012246452224702609	1.9239742177906693e-5	-7.991653671289567e-5	-0.0001218881007410133	-8.431371377980168e-5
-1.728246994299465e-5	3.9387856040976055e-5	1.4222821596680812e-5	3.742386446310003e-5	2.7462125455623987e-5	-2.4772234773467322e-5	-1.3744338783414078e-5	-8.564682166603554e-6	4.631955626346884e-7	-1.4634134019603923e-5	2.0879275413644705e-5	4.0242860584703555e-6	1.3896430664170345e-5	-3.728309571878266e-5	-2.332097866599228e-5	-6.637396253277028e-6	5.8410721192562326e-5	3.9381651694044006e-5	-1.5039583619279318e-5	-2.1151513158144952e-5	2.0323315513132156e-5	2.7693938722123113e-5	-2.9513511860118635e-5	5.680148734178714e-6	2.9538594877379087e-5	-1.914422125600529e-5	8.159372157957867e-6	-4.346970374803638e-5	2.2660475926250534e-6	7.398575567300891e-5	2.4358721420134066e-5	2.1793396080826977e-5	-0.0001062643489911988	-3.148366441683981e-5	7.147765452436561e-6	4.176833033088523e-5	4.9251753933901576e-5	6.254848527141588e-5	-2.0307567476576804e-5	-1.7040080284302928e-5	-8.816111360908374e-5	1.1005194151814113e-7	-7.089951455790944e-5	-5.5165854523364644e-5	-0.00010290677272990767	-1.8731229674967542e-5	5.3272707425944255e-5	-8.207426708747856e-6	-4.112536049552529e-6	3.1968519628375325e-5	-2.584245751419134e-5	-1.561857739494632e-5	-7.714728378696578e-5	-8.537407434651423e-5	-0.0001925581276460836	-0.0002160887679729384	-9.323334205363354e-5	-0.00019501241984090645	5.311521621836901e-5	-0.0006657745101751322	-0.00025957234408777174	-0.0002651675862393177	-0.00022811508541484282	-0.0002572496469316343	0.00027243165405879677	-0.0006149263606994304	-0.00044579541880890305	-0.00037303159693136134	-8.150164571008034e-6	-0.0004970382178753896	-6.292828671344841e-5	-0.00030209484002882703	0.0004122217974952824	-0.0001039208649689094	-0.0003684033980655421	-0.00022712886259268483	-0.0004738638084353375	-0.0002556061699104939	0.0002514134516892752	-0.00025615144770910203	-0.0001904918280407064	-0.00014712515060411047	-0.00015707451615429302	6.330689011208035e-6	-0.00021270540667348015	-0.0001509788604900364	-0.00010158242519722749	0.00010252486793566051	-4.121466622847292e-5	6.3780155202392e-5	3.67692421648913e-5	-3.238585614961931e-5	-0.00011137204439931603	-0.00011868550846977355	-0.00017437522779883974	-8.649384377126812e-5	-0.00011973179609228723	-3.791731468735793e-5	-0.00010287013211748852	-7.170700665193319e-5	-8.719906307436132e-5	-1.461616201334226e-5	-2.447616762046856e-5	1.3007596302155866e-5	-3.4839785136714374e-5	3.0462102024869653e-5	-5.8115242219242136e-5	-0.00014196684192807618	3.069962903681778e-5	2.851282578097969e-5	-9.3251686754392e-6	-0.00011469681541337318	-0.00011430989618407827	-7.112913773602014e-5	-0.0001559518790147929	-6.635490767958885e-6	-6.171055420139959e-5	-9.233702127561805e-5	-8.607606272713342e-5	-0.00011746375898867567	-6.763886868134394e-5	-0.00011975518775415861	-0.00011399303809916939	-9.168410930633641e-5	-4.747162949195194e-6	-0.00010308777486159326	-0.0001384166652823593	-9.095327572691825e-5
4.595946561693209e-6	-3.301185551047442e-5	2.4703400132788933e-5	1.766768697487875e-5	-2.018927017753691e-5	-2.3556219366609177e-5	-1.684428150346834e-5	-3.458504099426718e-5	-1.3411804490343765e-5	4.187725334689127e-5	1.3152209898427414e-5	3.702531716550522e-5	-4.132489706334952e-5	2.1689640643425545e-6	-5.25361004699576e-7	7.812571390600903e-5	3.280109745016496e-5	1.6163535353913572e-5	-4.416595127815226e-6	-5.3554109389307436e-5	2.3391236322022058e-5	5.0448423108244433e-5	-8.698975513445756e-6	1.124657008147456e-5	-6.0481594775854686e-6	2.1948057520732034e-5	7.555430077150344e-5	-1.7473210920694593e-5	4.329254240254682e-5	2.038033370538317e-5	-3.4720623186441923e-5	2.727571044459226e-5	-1.9688940690494594e-5	2.8431768116059242e-5	4.455913719600413e-6	1.7895564587491752e-5	-4.2410085859811986e-6	-7.695529326626205e-5	3.847978251141082e-5	-2.9305068571447435e-5	-3.0417660577819472e-5	-4.646839553770765e-5	-0.00013392000182410602	-1.9743364929047935e-5	2.7251741445064037e-5	-1.0014168314032013e-5	7.963592350661297e-5	7.660766552369802e-6	2.2533808586439052e-5	-1.030284256346714e-5	-8.424663419139e-5	-7.170631818355366e-5	-3.531244307380943e-5	-8.362393351564468e-5	-0.0001132298736109677	-0.00011174901065266751	-0.0001683723473144827	-0.00024120175258143806	-0.0002777326762667953	-0.00031877844548083845	-0.00015598800463118012	-0.000446641519342289	-0.00026165892369478527	-0.00021393671339672848	-0.00031853369768242157	-0.0003341159163575136	-0.00052132249255335	-0.00047576676756241887	-0.0007939032352528852	-0.00038315364336155566	-0.0003796578611388324	-0.00016550999936901234	-5.7040797866309e-5	-0.0003012399357738005	0.0001731583626485289	-9.06628288069311e-5	-0.0003453417022833416	-0.00020338332797423253	-4.750492534066897e-5	-0.00017500730682337706	-5.473788739981944e-5	-0.00014743179550455454	-0.00012940359504429177	-8.083205329037502e-5	-0.0001223118286340641	-0.00012793437099631322	-0.00011182223766739718	-1.638251166669047e-5	-0.0001438920597257587	-0.00011121947546960387	-4.7298731771505675e-5	-5.330838851944075e-5	-1.708068365566251e-5	-3.6575386816450894e-5	-1.5457036692256843e-6	-3.9501279851250626e-5	-8.337550485085221e-5	-9.609451906075761e-5	-3.963036496190675e-5	-9.226663487058029e-5	-8.561028405282278e-5	-2.947826444749113e-6	-3.023011528602293e-5	-0.0001278078662868276	-3.540270290466885e-5	-2.6991354030309056e-5	1.1315492813579464e-6	-1.3431421773402175e-5	-8.76916269633432e-5	-3.970836246619536e-5	-7.009775789337813e-5	1.184161275979978e-5	5.102038583282287e-6	-9.694627912948395e-5	-3.3543599755464504e-5	-0.0001638847044183045	-0.00010479414645075957	-0.0001305554351693078	-0.0001632885612747742	-9.953493107853206e-5	-0.0001452250591917753	-0.00013392859954733383	-0.00019419196610991063	-0.0001870998148079117	-4.384940761187339e-5	-0.0002045011675191194	-0.0001253809664598926	-9.599660476256044e-5
1.9925098897199955e-5	-1.5093360047034599e-5	-1.730024814811798e-5	1.995980962975208e-6	8.316359211522906e-6	1.3869293083793033e-5	-4.933350277770698e-6	8.146277706219673e-6	-1.548199773677289e-5	-9.78732069348287e-6	1.4039293273933329e-5	3.561397053999937e-5	-5.2109195864541435e-6	-3.403287851186376e-5	-2.9860743868889705e-5	3.839532993843778e-5	1.4753980372497755e-5	4.79393814142165e-6	5.437433814835246e-6	-4.666883199333505e-6	-9.275191021045764e-5	4.726769919482371e-5	3.3992878227962625e-5	7.669689536249358e-6	3.954822580531925e-6	2.7524309871226893e-5	-1.983265439896298e-5	2.5353829279095574e-5	-3.213264073223532e-5	7.213535866724963e-6	5.208404237413977e-6	2.885699762911892e-5	3.159584410512145e-5	-1.936440916470994e-5	5.917706103787668e-5	4.883652618588308e-5	-2.4221710791597073e-5	1.632307028258395e-5	1.3052509377151078e-5	-3.419546546964969e-6	-3.651097436538353e-5	-1.853160094995865e-5	2.930262369554848e-6	4.2677455536557773e-5	-0.00017349885091978712	-8.237297562802004e-5	0.00010063140099859924	-7.279891750186507e-5	4.9159135963317e-6	-3.72778197199608e-5	-0.00011799412358640127	-0.00010178170155653032	-5.1538471840945066e-5	-5.73987743186094e-5	-8.257449628581992e-5	-0.00011639313644840055	-0.00015105099246057185	-0.00016515520505008818	-0.00012772342862163444	-0.00014762046836661047	-0.0002890019495417617	-0.00023696780215159974	-0.00016966565955997548	-0.00022462991753138817	-0.0002747594578071666	5.054185151995294e-5	-0.000232965252991435	7.988173924416975e-6	-0.0002055167342730757	-0.0003296842399774791	-0.00021118469386433025	-7.137824402717041e-5	4.2568368534973144e-5	-1.6571921786223687e-5	-0.00011675192063131945	-3.949159792585033e-5	-0.00012979476434610282	9.847298757664769e-6	-2.5428530808779826e-5	-0.0001949416864911735	-5.485846152342155e-6	-5.6561482927874884e-5	-3.885108380841107e-6	-8.45732880429273e-5	-0.0001539224477042911	-9.747953312599922e-6	-7.563048494765856e-5	-0.0001493729077060857	-6.263408845394447e-5	8.676936122734014e-5	-4.9701887570863246e-5	-5.629092027573113e-5	-2.7989351288060238e-5	-8.09188111482173e-5	-0.00016367234173877976	3.528555485993179e-5	-0.00011750901900836608	-3.322176518258391e-5	-0.00011146823481605894	-1.12492046927537e-5	-4.162204435276262e-5	-7.536191722751218e-5	-8.202092434059227e-5	-3.008599229123443e-5	-4.75284958958988e-6	-8.152852308193625e-5	-9.231840552431647e-5	2.3883260820423136e-5	8.655515540412217e-5	-6.568617177959979e-5	-3.097190472839406e-5	-0.00012245096429885916	-9.974741302029577e-5	-0.00017595048681928738	-0.00015568672653148985	-0.0001393727906522091	-8.936325529389222e-5	-1.576035851304225e-5	-3.338436840340242e-5	-2.001624235282995e-5	-6.920897232046141e-5	-6.51468896190055e-5	-0.0001255827744312682	-8.499557936809954e-5	-6.81723124132394e-5	-8.749721867179483e-5	-0.00015800079885934515	-0.00011109239071195598
-1.2069284374000011e-6	5.724885626320897e-6	-1.0274986699150557e-5	-5.77955923137391e-6	2.3529870543312348e-6	-3.089317538763903e-5	3.58095904274755e-5	7.896415455104638e-5	-9.97347278548777e-6	-2.160641999517099e-5	-2.5733774377915963e-5	3.613426289954258e-6	6.872650235370537e-5	4.324510855750058e-5	1.9542779395621823e-5	-5.6987723459460404e-5	-3.410774538237932e-5	4.6293478490715134e-5	-3.786245134692473e-5	2.014647942829434e-5	7.075015486662783e-7	-1.7115010851696116e-5	2.4350379839669506e-5	6.184600899981907e-5	-1.26628308533272e-6	-1.2455141085165877e-5	-3.639523036245984e-6	1.7270175090358664e-6	2.4679821446042804e-5	1.028374976320967e-5	3.0450566113754407e-5	5.712169561140901e-5	3.145932949907837e-5	9.920991979328608e-8	-5.561629444744004e-5	-1.0471143266702065e-5	8.803577983794442e-5	-2.122540424670527e-5	-3.341095846168263e-5	-1.194034020962631e-5	-6.863494148023896e-5	-6.746811226018834e-6	-2.0574741996931545e-6	-7.804919362718044e-5	-3.3307357523090775e-5	-1.5656947309830582e-5	3.546451869153311e-5	-2.771912473858995e-5	-3.728373404281171e-5	-1.74908915476224e-5	-4.237444813440239e-5	-3.99854628574392e-5	-5.95762696987967e-5	-4.2753387635707796e-5	-9.954927507327405e-5	-0.00010893560359326315	-0.00012828663912417548	-0.00013258118561343402	-0.0001561678846136172	-0.00014327746888226356	-0.0002038726067306318	-0.00020513196176408233	-0.0002953810698640147	-0.00016290281840483645	-0.000419029025887363	-0.000277276617464961	-1.0449594748523916e-5	-8.124035298651133e-5	-0.00020497676906511275	-0.0003941796650371032	-0.00022086008152552572	-5.69530750685332e-5	-0.000166199714581039	-3.07298240673215e-5	-0.00023959846693483167	-0.00022145539525439406	-7.902694340936045e-5	-2.3522048024637865e-5	-2.054487222707957e-5	-0.00015496618745169943	2.2155183503763665e-5	-0.00020816969025297394	-0.0002606887145387149	-0.00012357081503877598	-0.00012256647519831576	-4.5798683855763356e-5	9.146650450930771e-5	-0.0001155104007236063	-5.135607650946783e-5	2.67057860200981e-5	-4.642922331321575e-5	-4.3348007475185746e-5	-9.024168131505084e-5	-9.002231468949184e-5	-9.35283751488103e-5	-0.0001693194087541705	-0.00016766411392935	-9.735998899446097e-5	-3.0015746832479095e-5	-0.00011339732321549723	-0.00012047541783632987	-8.475767830640191e-5	3.334667611487596e-5	-0.00010538170813409464	-5.391405637905633e-5	-0.00018607975403595045	5.890958294091364e-5	2.8636739247273058e-5	2.112870425494129e-5	-3.2367381344600155e-5	3.078052136090692e-5	-6.496684700624256e-5	7.978924053582415e-5	-5.535558990354961e-5	-9.960459106811426e-5	-7.061907482397434e-5	-9.077162307392916e-5	-4.05644213965356e-5	-9.108974967537986e-5	-9.571452246233403e-5	-4.8256261183168836e-5	-7.637843807938027e-5	-0.00011802271941870057	-0.0001500571748021956	-0.00016656480882060176	-9.047096839048807e-5	-5.210052224716155e-6	-0.00013997385607360247
3.624367245127352e-5	3.238639554020012e-5	4.3506222387711124e-5	-2.2194583410711788e-5	2.4316497166526618e-5	7.0873401548585124e-6	-1.3263923379774889e-5	-2.7916389902862826e-6	4.6743349208649976e-5	5.777485694719031e-6	2.386989531814182e-5	-5.102574721256581e-5	-4.1834781082036865e-6	1.901072615301258e-5	1.780786618426483e-5	0.00010251365186418615	-7.444254089029878e-6	4.365717856669171e-5	-1.771652757224379e-6	-2.063717035802326e-5	6.970554233647064e-5	-3.422534879202882e-5	-3.9696020179714325e-5	-6.709749130005133e-6	6.248885144142374e-5	-7.071738485596446e-6	-1.0773139650331609e-5	-3.084530515121836e-5	1.1060759513153995e-7	6.151311014376826e-5	-4.4405532853217244e-6	2.8925567995517765e-5	5.394439777685334e-6	3.868829085221237e-5	0.00011481830839831647	6.27404920551522e-5	7.351110280391648e-5	-1.8653606220428443e-5	-3.446293814560186e-5	-5.8956198213319655e-5	6.21166909142018e-5	-2.639784007704704e-5	-3.9379995575225535e-5	-8.050769252643253e-5	-2.244085993419187e-5	-5.8545323537023686e-5	-5.588681102099147e-5	-4.3746083144835524e-5	2.2629521954226073e-6	1.723034692355241e-5	-2.1769359318662973e-5	-9.57610726826097e-6	-5.976878063654323e-5	-4.472489002413371e-5	-0.00010450590046118258	-9.233729232616117e-5	-0.00013943516480319218	-0.00011762535390147377	-0.000146632293980542	-0.00013785143816377743	-0.00017545180803005267	-0.00013713310001439716	-0.00024615129812916026	-0.0003021158193408646	-0.0003134591978343204	-0.00027926836190794724	-8.706693135560051e-5	-0.00010156026410482188	-0.00019201318052913807	3.364541718148262e-5	-0.0001617104128555369	-0.00016759408531102915	-0.00014902221167137353	9.994034679688957e-6	-4.820166618277333e-5	-3.672756543338096e-5	-0.0001420169645945102	1.7427075407749903e-5	1.0759232046964051e-5	-4.01838068028737e-5	-3.8539462419995285e-5	-3.8832403004979144e-5	-0.0001177033622477841	-0.00016189625594992263	-0.00013191660220776558	-9.808839938202363e-5	-1.9337819106429732e-5	-5.6677698558743606e-5	-0.00014432672721872986	-4.42604069714192e-5	-4.057074771621205e-5	-1.5156972898999754e-5	-5.314683155371869e-5	-0.00010430060677982245	-0.00012909997506790893	-0.00011334353594572022	3.580150498977419e-5	-0.00010907919532898713	-0.0001296711761404612	-5.721344622025559e-5	-0.00010862708302306068	-6.688695821169266e-5	-6.06869480883343e-5	-1.2980523773908903e-5	-0.00011861113220074104	4.2329627216591836e-5	-7.407700754885616e-5	1.9043870213425462e-5	-0.00014555169135926915	8.229859935898753e-5	-8.884991267027464e-5	-4.180406563449035e-5	-0.00010470462387737745	-9.742930746035883e-5	-4.5072019033698396e-5	-5.084550944341182e-5	-9.938230251770042e-5	-7.995164860025161e-5	-6.732904164752362e-5	-9.680068704075173e-5	-7.044869245256824e-5	-0.00010042493095788196	-4.514547373088429e-5	-8.321412135747774e-5	-7.468107621026732e-5	-0.00012649738027892266	-0.0001602762844318817	-0.0001610451138764346
-1.1658743089872081e-5	1.1039238100030158e-5	1.6268589123416555e-6	2.0487669720459234e-5	2.9292188249638307e-5	-2.574033109055407e-5	-6.329279548383804e-6	-4.927103918004466e-5	-3.0133857106644235e-5	1.423677256813527e-5	-1.531500349715581e-5	2.207937879836891e-5	9.194985810083434e-6	5.275918048795736e-5	-3.343796864830467e-5	-1.6240120684872517e-5	-7.206315080256209e-6	4.301927737648814e-5	-6.451985484507566e-6	-2.8223499654988354e-5	4.7698337521471373e-5	-2.098263782775861e-5	3.874968380022936e-5	1.8309992736408043e-5	-8.919453717282089e-5	-7.435781049051904e-6	1.299606039104062e-7	-4.119693410194192e-5	-2.1590181357132587e-5	-4.111263196202031e-5	8.406337149817478e-6	7.179936441399637e-6	-4.682337959201199e-5	1.787890311060608e-5	4.728064727926862e-6	-3.507930708065987e-5	1.328165821681132e-5	8.277883586926826e-7	-2.244612915675015e-5	3.095094710039992e-5	1.7719750363201503e-5	5.318336916693145e-6	-6.0304571666142115e-6	5.632610263622828e-5	-7.567962641112647e-5	2.173668146518426e-6	-2.035447548356939e-5	1.6112843481339012e-5	-5.4990734188464785e-8	5.375945999128162e-6	-7.170796074984498e-5	-4.033313396809013e-6	-4.8156682634636905e-5	-0.00010224498114483338	-3.388699910955584e-5	-0.00012200594267514075	-0.00012139676200048632	-0.00013305422302128944	-0.00012619552755208097	-0.00013219361586283562	-0.00016032874897500826	-0.00011613075952265905	-0.00020856931633173037	-0.00020436961584852087	-3.46995544277251e-5	-8.683871764031403e-5	-0.00015393678085701135	-2.1489190635270994e-5	-0.0001867330834230685	-0.00015797585678836712	-0.000231259499397507	-3.9746320384254075e-5	-0.0001414272995589605	-5.765758964021428e-5	-3.036888232207935e-5	-2.8719518083142326e-5	-3.249834212501468e-5	-9.416015059673932e-5	1.188614094302376e-5	-0.00010499896308316381	-4.7659294045987455e-5	-2.517943535965128e-5	-5.898961874528652e-5	-4.434956091606268e-5	-9.212682700043828e-5	-0.00016328662597389632	-9.979966072298785e-5	-4.134984455533841e-5	-6.181993935858165e-5	-3.84711576831287e-5	-2.5088622585683895e-5	-1.6449439466798e-5	-6.089918066359834e-5	-4.39421502657078e-5	-9.458330386263869e-6	-8.08168202498516e-5	-8.330716758792045e-6	1.3591851168864855e-5	-6.158028731037546e-5	-0.00013101174875865262	-7.076681905401894e-5	-0.0001387040005421114	-8.204511289106042e-5	-7.798492754340636e-5	-0.0001580418413325846	-0.00010681969089647303	-5.840942421571349e-5	-8.644958663858726e-5	2.131959973145081e-5	-1.5262173035796023e-5	4.966495422385753e-5	-0.00018668398532768748	-0.0001538539857581095	-3.0034460161976195e-5	-4.481298145064816e-5	-8.090400094654115e-5	-9.73599402053632e-5	-8.66465102791758e-6	-9.35298171376997e-5	-4.1123880559559844e-5	-0.0001284874333665198	-0.0001039113131477698	-7.966395013277172e-5	-4.578534274803092e-5	-0.00014742307851908776	-4.576488385303612e-5	-1.762807022749613e-5	-5.430735613813631e-5
-2.308286754012373e-5	-3.565440857052765e-5	1.9265242613003553e-6	-1.604561752563405e-5	7.70810552972595e-6	-3.0990021746696295e-7	-5.175037915555736e-6	3.559781592762934e-5	3.8157191707514915e-5	3.783853655750513e-5	7.5202268457613686e-6	-1.1627661724092353e-6	-2.289997347564715e-5	3.7668823680940544e-5	5.5010656403384206e-5	9.603902146205351e-6	2.6772391270059315e-5	7.885185153476762e-5	-1.4248083507299725e-5	4.257189219203372e-5	-5.340935078099532e-5	-7.241296863351454e-6	-2.306687555807957e-6	-9.795232929887127e-5	2.0004486890774775e-5	4.466606663526551e-6	-2.3668615895325318e-5	2.3759076303586646e-5	4.231476551531249e-5	8.658612021816836e-6	-4.745334442231297e-5	5.444071842636289e-5	-3.105300847190684e-5	1.0092168528826051e-5	-3.778812657749542e-5	2.3618211336326467e-5	1.299697383137094e-5	1.2266741984158502e-5	8.004989900112225e-7	-5.82953390421137e-5	1.3803422380803676e-5	-9.788143602931787e-5	3.199038798619436e-5	-4.681658706540137e-5	2.2153795724982883e-5	-5.237559518034285e-5	-7.252933063167655e-6	-8.041766037802933e-5	1.1277524053499022e-5	-3.5452109997669012e-6	-0.00011473481127850793	-4.8631091558240525e-5	4.969542030490437e-5	-7.689283780011602e-5	3.9442543198556224e-5	-4.460628372747466e-5	-0.00012876745026160763	-0.0001465898474654892	-0.0001728769579746603	-0.0001572079922837477	-0.00016660637713189486	-0.00011087145741425775	-0.00012498569887386957	-0.00017502726698537252	-0.00020509926222656016	-9.534407768505004e-5	-0.00011858067696171593	-2.2992480315509045e-5	-0.00010341688443105124	-0.0002939433310471251	-0.000250855803143879	-0.00013908400256154585	3.960658840826414e-5	-0.00011244053648232222	-8.588323194974601e-5	-2.0176688011325217e-5	1.413563276847496e-5	-0.00011663148745399976	-8.97548094874745e-5	-6.284634271325196e-5	-0.00013412455824798886	-0.00010306442114679792	-9.016288150115459e-5	-8.078730826671654e-5	-9.639225181934385e-5	1.7901283753951613e-5	-0.00011939283112508137	-1.976742337525539e-5	7.6163034212761715e-6	-6.548153946156487e-5	-4.464091856587471e-5	-6.855601156208202e-5	-6.9481551588646e-5	-6.0729784916169205e-5	1.7623727997795324e-5	-9.147929809494304e-5	-0.00013193745141554247	-9.88567734616641e-5	-0.00010868752729417674	-9.133196586172398e-5	-0.00016275855446376553	-0.00010455732417022356	-4.816976353384794e-5	2.1821845545832996e-6	-0.0001315623012008299	-1.1520770231907007e-5	6.4175281842132614e-6	3.285594452756557e-5	5.413819891518512e-5	-3.897370707411918e-6	4.148647029210417e-5	-2.0911565664846754e-5	-0.00013615346372043702	3.9650742541738615e-5	-2.6871804477759942e-5	-4.325397462076608e-5	-0.00011041167979897182	-6.137036408573882e-5	-8.150129334437428e-5	-1.6964413814685164e-5	-7.972277894265078e-5	-0.00011480753956023826	-5.669321349183187e-5	-0.000173747420530862	-0.00010807480669942915	-3.656987906941467e-5	-0.00015759880379884184	-7.992831114848886e-5
1.6379939397036247e-5	-3.632169435011101e-5	4.158381538416078e-6	4.8321332287055985e-5	-1.4818303376885889e-5	1.62908233994688e-5	4.46093005200196e-5	1.1630182494143382e-5	-9.387149803134764e-6	-4.8956709996703096e-5	-1.0902203076944283e-5	9.867172183486428e-6	3.518463732171684e-6	2.5922775211129068e-5	2.6348056223791938e-5	-1.689294049696949e-5	-3.077107253897371e-5	-1.5265043461047678e-5	-2.204461385570816e-5	4.87022260627773e-6	2.0846429508829256e-5	5.0029153996627995e-6	-5.788863041266551e-5	-4.124968324813877e-5	5.048839493183854e-6	1.2987991216371897e-5	7.771438928581148e-5	1.588806939744475e-5	4.394840340173761e-5	-4.000968935498339e-6	2.5197083460513914e-5	7.170503069347384e-5	1.2404039926271204e-5	1.0087105304680544e-5	-5.1374001081884446e-5	1.881215452512186e-6	-3.6910066474570014e-5	-3.416697805756763e-6	9.068120603375474e-6	-4.545794079699461e-5	1.883622381335104e-5	-4.9990388347950776e-5	-4.3221432292558926e-5	-8.03593031960953e-5	1.644622480735658e-5	-3.0038059713188847e-5	1.4677495330239765e-6	-3.478666465127345e-5	8.118453825867178e-5	-7.701826914945087e-5	-1.8528370027484642e-5	-3.968717715574499e-5	-3.645340865103541e-5	-7.922765633654183e-5	5.745740255108656e-6	-5.410883329934335e-5	-8.005477791089843e-5	-0.0001677278541750704	-0.00012108585076449352	-0.00017029000822302298	-0.0001529004570524628	-0.00013561500013248295	-0.0002679308055801577	-0.00016808294122858114	-8.319215542146319e-5	-0.00015456818767620173	-8.660338071675433e-5	-0.0001025611128142867	-6.312087354534701e-5	-4.415901238424835e-6	-0.00014192035133892	-0.00010912183700043099	-0.00018573175766464778	-6.641394248788068e-5	-3.6237939732286506e-6	-1.4271277302274621e-5	1.6955588409001132e-5	-5.967340337142968e-5	-1.7112136360686314e-5	3.1163624198554674e-5	-1.765370618786455e-5	-2.322918333380608e-5	-0.00010083036836028292	-0.00013927782538392108	-8.754048918049873e-5	-7.205840741805747e-5	1.600403837231923e-5	-1.3201202284096603e-5	-1.8172421033246788e-6	-7.284498525217398e-5	-5.926123307353759e-5	-7.405345867766977e-5	-9.581396006458354e-5	-8.15326864182786e-5	-7.755085636163006e-5	-7.561763715191461e-5	4.181983535508915e-5	-2.3375333786657126e-5	-6.3763013966045e-6	-0.00014437650294046867	-4.5331777611193336e-5	-9.493015097963853e-5	-0.00011831697188831314	-8.057895171421914e-5	-0.00013680946566591023	3.1431178189669784e-5	-5.1360733157798655e-5	-5.504265120949425e-5	1.8604817122666595e-5	1.9096405229693247e-5	-7.273865212410746e-5	-2.386357712998166e-5	3.6656566454115747e-5	-4.470934798599113e-5	-3.292605446104935e-5	-7.515087185362701e-5	-6.284072112498762e-5	-7.285020026462363e-5	-0.00014701252368243267	-0.0001669066794496299	-4.269964915502855e-5	-0.0001380453151962613	-7.358371182340784e-5	5.832400534755422e-5	-0.0001445370678612029	-4.001984290832872e-5	-6.778873252663575e-5	-0.00010163879286817501
9.429165347824009e-6	-1.6683846686994797e-5	-2.5965536144811896e-5	3.549748385858753e-6	1.5548616539261262e-5	-4.251529683862998e-5	2.7545592759872783e-6	4.440734889185616e-6	2.1655987007991595e-5	2.124922687894021e-5	2.3031343542381788e-5	6.000786889961973e-5	-1.3975173557452536e-5	6.0799211802284314e-5	-2.5636459101419096e-5	-2.4491907525507617e-5	6.450428299137334e-6	2.0467622822289977e-6	2.7311025619855545e-5	2.8978355088790653e-5	-1.967771919800937e-5	1.0272680059028594e-5	3.370640626419036e-5	-3.716751570143756e-5	-2.7730498019379324e-5	7.710501887577687e-5	-2.3806144230399673e-5	-1.1101089123465024e-5	6.69939364400518e-7	-4.436159013916641e-5	2.6161090980157675e-5	-2.775501183049922e-5	3.8064386712055587e-6	1.1802321273068905e-5	-1.99147257929147e-5	2.7544785029254282e-5	5.937932437416471e-5	-9.5125540474153e-6	8.723197945231798e-6	-3.421031632890731e-5	4.48969474878963e-5	-5.060642660134618e-5	-7.396879875103124e-5	-8.660325061249363e-5	5.586380967190219e-5	-0.00010827801329160724	-3.935291220495685e-5	-8.45660293093825e-5	-9.725280476768905e-5	-4.33841276705621e-5	-5.454489399210616e-5	-7.804069348214815e-5	-9.09722709489802e-5	-0.00012528302505664113	-0.00011334048933761554	-6.786764076074925e-5	-0.00015922085698505395	-0.000193545201566947	-0.00014787570040003528	-0.00017636453278693787	-0.0001398376640177057	-0.00015669798358181053	-0.00017852495740391938	-0.00015027943082654427	-0.00012951338135627766	-0.00011028660623635389	-4.301809559612013e-5	-5.787002821389109e-5	-0.00012521979980695264	-9.534674482239436e-5	-0.00010705531513360844	-0.00010012972439035761	-9.060669966046153e-5	-8.424047050203942e-5	-0.00010148590951983283	-9.003763446618906e-5	-6.159891390369876e-5	-6.327531814481757e-5	-5.974899394689537e-5	-3.3123905094495365e-5	-7.356225004140349e-5	5.629617865626768e-5	-7.427119899997003e-5	-4.6517130425360875e-5	-0.0001591547098105106	-8.465351900369122e-5	-9.209649102365214e-5	-6.541925204675558e-5	-6.262413547800105e-5	-4.134017347195984e-5	-6.672668060453413e-5	6.619618048153697e-6	-4.394563055468148e-5	-0.00011747331623082613	-0.00012917853635732723	-5.6513875610481046e-5	-0.00010208694783617189	-0.00015058712740309566	-0.0001300394254083459	-0.00010116981579745554	7.669606594783163e-5	-1.838636122693249e-5	-0.00019326322226592696	-0.00014057288861592243	-8.675544007144542e-5	-5.902900781021292e-6	-7.034628955737698e-5	-8.495233596444995e-6	-2.4894344398396218e-5	-6.120829754499568e-5	-4.28129320190207e-5	-3.79482957644367e-5	-4.2622258803956536e-5	-9.829223481146176e-5	-2.7981664294657316e-5	-2.4492007814208572e-5	-1.0731205420805301e-5	-3.170057532447812e-5	-9.530844538065131e-5	-5.2760177953956044e-5	-4.024832225314745e-5	-0.00017574685196725115	-9.95879485647666e-5	-7.668346209757648e-5	-0.00013024970641969946	-0.00017228324886500723	-4.324989259958667e-5	-3.569281914299338e-5
-4.400006834576198e-6	2.7073392898195603e-5	2.125615493082239e-5	2.728191479152431e-5	-1.6305373392623557e-5	8.928938859988078e-6	1.110905258842193e-5	-9.032054618107743e-7	-4.646489356469052e-6	-4.4775386740317225e-5	1.4384083117310875e-5	-3.1112888957893214e-5	4.665557762177641e-6	1.939721441194392e-5	-2.801813956624516e-5	1.8413284677380737e-5	6.889221181374805e-6	4.113503699991472e-6	2.420676777515479e-5	-9.509125258044815e-6	-7.342303848245635e-6	-2.6858907892918227e-5	1.3924652446720143e-5	-3.79587854204555e-6	8.482421037271648e-6	2.012405812736734e-5	4.974910457547499e-6	-1.6572772884929088e-5	5.4858222998943607e-5	-9.792047814954907e-6	1.0934547538254957e-5	5.02404107899368e-6	-2.8749157460032648e-5	-3.978216952908731e-5	1.2251452023021026e-5	6.502469732366095e-5	-5.398284087538424e-5	-1.2193149051195618e-5	1.0050098774028182e-5	-1.0401716380586956e-5	-2.6439869174263442e-5	1.1548374019218488e-5	-5.991780151464593e-5	-1.6563562587473823e-5	-1.2707434930703254e-5	9.502847727466124e-6	-5.479610905648191e-5	-4.4278935986546974e-5	2.4229912781031926e-6	-4.386150730811833e-5	-9.550876799505059e-5	-8.89110074626942e-5	-2.5012755538664222e-5	-0.00022160324248364505	-4.225683388273116e-5	-0.00011178414964507777	-7.456452447672512e-5	-0.00017049730225739135	-0.00011471434696250227	-0.0001283503793698959	-0.00012784149281720725	-0.00016439056062592106	-0.0001512589966473632	-0.00013215702403951424	-0.00015094049057515213	-0.00016013660666600038	-9.766972387109663e-5	-3.6935461199955055e-5	-3.900409726101395e-5	-7.223885118562423e-5	-3.5121428335060934e-5	-8.853605782538354e-5	-7.241869864199613e-5	-0.00011943487648533035	-9.430738525176285e-5	-7.148266353840249e-5	-6.033766151644637e-5	-6.261161294290885e-5	-5.6621330887796084e-5	-4.1860037571644915e-5	-2.2512514855771437e-5	-0.00010964456339385142	-5.406856603065724e-5	1.9678161010394657e-5	-0.00010336670755450861	-7.10800016935631e-5	-3.631956931385294e-5	-4.660771551687204e-5	-8.037344661343537e-5	-1.5564340181267733e-5	-0.00013464656906797545	-4.122768749656447e-5	-7.362996930909693e-5	-1.1075656451003946e-5	-8.032832211901653e-5	-4.808445308590592e-5	6.49472337889423e-5	2.8321149678905977e-5	3.460123897472411e-5	-6.340961826792335e-6	-0.0001269702279513979	7.9909982710763e-5	-7.983306940864687e-5	1.6414994363778135e-5	-4.7824591509204595e-5	-6.577242548343187e-5	-6.816815449790792e-5	2.8916810352469513e-5	-3.3126604757904854e-6	-3.4782951258832684e-5	2.204454609307238e-5	2.948851015802112e-5	-1.8259422836577888e-5	-3.4175136678915585e-5	1.1025663888830639e-5	1.764752081447052e-5	3.597770410583567e-5	-2.0222549763221354e-5	-4.527243380528234e-5	-8.862057680573965e-5	-8.947275971331325e-5	-6.599997783539313e-5	-0.00010569952573792618	-5.324733167409723e-5	-7.163960180286977e-5	-8.061571158887726e-5	-8.120474236615605e-5	-9.558009765597841e-5
2.731737633408088e-5	2.0958470961333908e-5	-5.729986797542441e-6	4.439913334989415e-5	5.620647718952709e-6	6.358309061552103e-6	-1.9135661479853516e-5	-2.392041100786335e-5	2.0831819884555014e-5	3.705125670248194e-5	-1.1637663489133532e-6	2.001952477490715e-5	-2.5115914664870786e-5	2.2364136367455933e-6	-5.014191102256649e-6	-2.0118485328200764e-5	-2.9845066305475565e-5	9.807972034363288e-6	7.244010079288099e-6	-1.144603346565215e-5	3.107464101575336e-5	1.5279238377990945e-5	-4.2600683180724075e-5	1.988160883755613e-5	1.9305447540064746e-5	6.0001510053878104e-6	-1.3155665792852211e-5	-1.1750759328250926e-5	-2.079936429252166e-5	6.38166006584201e-6	4.088970915333556e-6	2.8235242919769088e-5	1.6642603636353448e-5	1.1806603871650223e-5	3.909438419692768e-5	-4.8338728310913515e-5	-2.6103097005951426e-5	4.386847330707655e-6	9.541849190115859e-6	-1.215630786137456e-5	-6.995991242916832e-5	-2.79996295246554e-6	7.21617373061062e-5	-1.976226528341979e-5	-1.271247104979445e-5	-4.0258736015014174e-5	-7.943590988983285e-5	-1.9520404173287154e-5	-6.868178985611206e-5	-5.665203007231001e-5	-7.04883471470269e-5	-8.891363665296248e-5	-5.868376531242836e-5	-0.00014305716442182537	-7.425845962444333e-5	-0.0001445582043825555	-0.00015390903612341744	-0.00011948344332164684	-0.00013476873154776026	-0.00011451644753995849	-0.00014524697091768124	-0.00012291798980566815	-0.00011869369419617581	-0.00014236870146330793	-0.00013288428517277406	-5.328906803672706e-5	-8.274217899381653e-5	-0.00010088891527759714	-5.6165857555134924e-5	-0.00011647634896513881	-6.437481840995685e-5	-0.00010925798026722999	-8.142208695466335e-5	-1.2335542743519001e-5	-6.305595151925858e-5	-4.3075157156458044e-5	-0.00010491377731847162	-4.9247617702613544e-5	-1.0388630060365056e-5	-5.098139792270029e-5	-4.719795517957315e-5	8.633827160153817e-6	-1.0077529088992065e-5	-6.806635333492239e-5	2.6580701615458446e-5	-6.999251438849496e-5	-6.213565903120943e-5	-3.541983329899412e-5	-2.7747162206770426e-5	-1.8867719886461742e-5	-0.00011333788725240157	-0.00011025439458980935	-2.9081554872578685e-5	-2.31098452006806e-5	-7.078309292862794e-5	-3.901241309167691e-6	-0.00013646904786779324	-8.896542356973125e-5	-0.00021319789466830996	-0.0001509620661983846	-7.192510476095038e-5	-0.00013188743174831485	-4.704045855098704e-5	-6.034291989698293e-5	-9.473267439594202e-5	-9.597456835340468e-5	5.092010797388968e-5	-0.00010425001790645427	4.360648669411715e-5	7.614654349771821e-5	-1.4237520667634285e-5	-1.5545897902313754e-5	-8.241244600810937e-5	2.5489072658091416e-5	5.254485540250042e-5	-4.405945551975987e-5	-4.1947239952377924e-5	7.31702350618979e-5	-1.4595274858489327e-5	-3.7214757100598184e-5	-5.329233148526624e-5	-5.2863507842004775e-5	-0.0001006860176830382	-9.590413858028002e-5	-2.3331472387769225e-5	-0.0001332980492478597	-8.37801291016238e-5	-9.387518973974496e-5
9.70639042231769e-6	1.3372124046083511e-5	-1.8137867510009675e-5	3.0238149224121047e-5	-1.3975192530990554e-5	-6.809627189387213e-6	1.0363522648555723e-5	-1.6117516392702425e-5	3.232353620874484e-5	3.0270236187415756e-5	-2.3632951064861407e-5	1.5968275963659795e-5	1.2044995534830905e-5	-3.637696155585346e-6	1.5882699886185514e-5	3.177220043049794e-5	1.1508144697608413e-5	2.7895561023876664e-5	1.0264293755224418e-5	-7.713556356148121e-7	3.1629213137485124e-6	6.931206910504306e-6	-1.4515122502382904e-5	-1.1683308400595172e-5	1.942941521646674e-5	-5.2568843375566665e-5	5.617419506984134e-6	1.2698373711046707e-5	-1.0787269515144526e-7	-6.345722016430633e-5	-2.164701794551971e-5	1.5940184285370695e-5	7.956729350909464e-6	3.7910944999594576e-6	-1.1084349041921848e-5	-6.230541256535549e-6	-6.2969920076871855e-6	1.7304706929552327e-5	-1.6627945222981444e-5	-8.876580026573322e-7	3.304827657195364e-5	1.3889283061348234e-5	-3.206745578712006e-5	8.908279387591367e-6	-3.3574103783587383e-5	2.1546116670337345e-5	-9.798077605337185e-5	3.400255337709934e-5	-5.332597427867847e-5	-4.8994667914761814e-5	-4.520404775325282e-5	-8.386707127383541e-5	-5.689717902553071e-5	-0.00013396960407349723	-0.00013770273441481018	-5.662161278036093e-5	-9.4442498526498e-5	-0.0001432084810980283	-0.00015881419443419809	-0.00012784264749252094	-0.00015701678780961903	-0.00010788733188077382	-0.00016612703508840643	-0.00015892183402588245	-0.00010713361621450534	-0.00017514737490204046	-8.968957304275604e-5	-5.057432337501888e-5	-6.514423332368291e-5	-0.00011331967265590381	-6.0995598762797476e-5	-8.332839626645772e-5	-0.00011109298160213998	-5.1378964017329e-5	-5.774932398602828e-5	1.634615836784703e-5	-6.718899525290367e-5	-7.124332590882632e-5	-3.653218135987735e-5	-7.911090402559773e-5	-3.752069184861928e-5	-9.122335048808439e-5	-2.3646633696278174e-5	-8.463803659666813e-5	-3.7118799787322354e-5	-1.8361223999563414e-5	-5.800524990884348e-5	-9.07684300985312e-6	-0.00010599990937082415	-1.7259999852969887e-5	-5.4755516527144055e-5	-7.834247573584863e-5	-3.918846584044511e-5	2.7388312971721174e-5	-6.352421843755507e-5	-0.00010784181707357288	-3.638259398613952e-5	-0.00015383515858738428	-0.00017682268951997593	-0.00014744276220952923	-7.618939116757484e-5	-2.1698728968136405e-5	-2.6765357508465315e-5	-3.890325561695107e-5	-8.347808663940193e-5	-5.657161479717676e-5	0.00011494179631525714	-9.573593003422975e-5	3.870993152757518e-5	-1.8623758134619917e-5	-9.642698423593943e-5	-6.0668153443674266e-5	-4.4691106284439064e-5	-7.379752191283284e-6	-2.8866460003579286e-5	-2.3836298603321926e-5	-0.000132962190519878	-1.532471523811585e-5	-4.239095511247848e-5	-9.958695651977878e-5	-7.069854684321752e-5	-4.2384243901030794e-5	-6.549259832372423e-5	4.965250216190653e-6	-7.989809443394169e-5	-2.7299576444914098e-5	-2.383655339083246e-5	-5.574505700794985e-5
4.205999697831642e-6	-1.3939397596265946e-6	1.4444584309040998e-5	6.139045435199497e-6	-1.4340091614162276e-6	1.7646238745401555e-5	1.609727704864755e-5	-8.787865183809696e-7	6.704050292336006e-6	2.0049638490247934e-5	-3.0550296450590486e-6	1.6458254030460306e-5	-3.6878649006116815e-5	-1.4743032641061082e-5	9.092853965435299e-6	2.656038908775693e-5	-5.324228200247888e-5	-6.977521452332727e-5	5.388007206195977e-5	8.410542498994006e-6	-8.332852637071841e-6	-1.2903165948902062e-5	-4.851190521341919e-5	-3.736654269424072e-5	-9.032970768943493e-6	2.747989010822016e-6	-7.696266042002409e-6	4.48029552910581e-5	6.635160086296277e-6	4.010787741422911e-5	-1.0426756029760509e-5	-3.369459388152113e-5	6.804683227480679e-6	1.165597024281595e-5	2.9072761992959828e-5	2.1625279691961374e-6	-7.747464779092605e-7	7.068811410781278e-5	-2.7218304650064584e-5	-8.049011218820568e-6	3.989706785431646e-5	-1.9937380197308785e-5	-6.305973267433512e-5	-4.818428913245382e-5	-5.56661352213092e-5	-5.3152545299167686e-5	-6.51223758078856e-5	-3.2718722479604945e-5	-6.38580659705068e-5	-0.00010238411680962844	-3.663838980469403e-5	-9.709164353575994e-5	-9.325195238392425e-5	-8.345509071132351e-5	-0.00015868083756698237	-7.182593278823313e-5	-8.008057108058186e-5	-9.962449159899023e-5	-0.00015310797334827653	-0.00013398189350512235	-0.00011259867279019009	-0.0001881899638293133	-0.00011523638488754318	-7.330898583492174e-5	-0.00016741022630661906	-0.00011477598385600807	-0.0001253403956145982	-0.00012995498774315273	-9.479117794516934e-5	-8.54778595994754e-5	-7.497073708367941e-6	-6.265353904091886e-5	-4.3432152405792346e-5	-8.797278227071215e-5	-9.33334355981974e-5	-0.00010378327971322099	-8.177342266865728e-5	-7.888811132117368e-5	4.1783015849311544e-5	-7.076628779495442e-5	-2.0253319420876492e-5	-6.376626657256246e-7	-3.5032252706374e-5	5.646167127587587e-6	-2.691934132201257e-5	-4.730004365613438e-5	-4.209278325201238e-5	-1.5264742594944813e-5	-2.040490172661169e-6	-2.317212177346817e-5	-9.734104798250764e-5	-6.148125628394063e-5	5.86808162825192e-6	-4.728133032663728e-5	1.0614480214915512e-5	-8.807420938394817e-5	-9.242660890113052e-5	-7.409315674021533e-5	-0.00013302607171188086	-0.00014677867211584927	-6.005862582432464e-5	-0.00015851257481082348	-9.098182819113065e-5	3.776861635940154e-6	-8.780064891279749e-5	-7.299611219299673e-5	-0.00012132768748007727	-2.5464125166102525e-5	1.9347587768003827e-7	-1.3499021778856646e-5	-2.3211532522438016e-5	-4.3556824813606454e-5	2.595130057028716e-5	3.088830731988457e-5	-9.090193875405106e-5	-7.447959349954347e-5	-1.1967380211808099e-5	-5.375925399286885e-5	-4.038175501451524e-5	-5.9973640637034364e-5	-3.51771400636941e-5	-7.836747201693528e-5	-7.795548061240165e-5	-5.48968043332515e-5	-0.00011139416212363473	-3.1167066540452315e-5	-0.00013895013611930906	-8.071978415541414e-5
3.7247033799273077e-6	-1.5876834352432367e-5	-6.4139286330006096e-6	-9.761627812500395e-6	3.567068515564209e-6	-1.4222555967148554e-5	4.689212343075844e-6	-1.2033765910829386e-5	3.092741720275155e-5	1.5785208426835617e-5	4.214569773904053e-5	2.3941539397699663e-5	-1.0658184404488402e-5	-3.026410773463578e-5	-2.677682294643935e-5	-4.840157680034707e-6	3.3703535838938703e-6	7.321821913954668e-6	4.2644865774505575e-5	-5.76263212495598e-6	-3.764976611725368e-5	-3.995212364063527e-5	-2.5211163180976354e-5	3.3923424236793204e-5	2.8942180683305674e-6	1.3521101556099313e-5	5.760298921880791e-5	1.180976703148845e-5	1.1350862198951372e-5	-9.870698551052437e-6	3.4840191712529056e-5	4.325918150169944e-5	1.0088116323206386e-5	3.4962476165058265e-5	-4.257251831878833e-5	9.08934928191274e-6	1.2512858587818143e-6	7.907284310833262e-6	-1.677490340645099e-5	2.9256878495385885e-5	-3.5138897542565106e-5	-3.1186563206019036e-5	-1.9322748696232184e-5	1.037137769329538e-5	-6.950292392397112e-5	-5.664818115459769e-5	3.697671509261813e-6	2.0290464187305846e-6	-5.450537482291906e-5	-0.00011972023307611768	-0.00010434091741659546	-6.545257500052692e-5	-5.076531642972393e-5	-9.530729070533761e-5	-6.302482407488652e-5	-0.00011886029270199994	-0.00014243013235840096	-0.00011570756288867279	-0.00012683779807703965	-0.00015767316380484175	-0.00014539570719271366	-0.0001513495600548309	-0.00014020555007786262	-0.00016579174556656529	-0.00012918209254045299	-0.000105799581335414	-0.0001842120965316052	-0.00013162857305862308	-9.60750142636746e-5	-6.936694057699255e-5	-1.14791748155596e-5	-7.540208691800276e-5	-6.620148223016042e-5	-8.648448710651957e-5	-8.594640841033674e-5	-8.397090531589435e-5	-3.398450141092746e-5	-0.00011632512444612053	-2.808413224197892e-5	-3.5706203618812715e-5	6.400559336011691e-5	-3.237242288470221e-5	-2.382795566760465e-5	-0.00011716462218827606	-7.301453278790726e-5	-4.2718010118819594e-5	1.724640395772692e-6	-7.781257192404634e-5	-1.4594087657110455e-5	-4.085127418632095e-5	-6.56142024393902e-5	-4.253525700062544e-5	-2.9359912938342614e-5	-0.00010761359251626468	-3.935120458653518e-5	-0.00016686117548445067	8.352995487133363e-5	-0.0001665107125532056	-3.4769241522361605e-5	-9.408564964445698e-5	-6.0572662337332606e-5	-6.491282663299847e-5	-4.2818797552773846e-5	-6.64997733528655e-5	-0.00013844194887702166	-7.982631482911229e-5	-8.974014565309163e-5	-9.665984917854586e-5	-5.6783928687603735e-5	-7.528155074147669e-5	1.2300783221869116e-5	-2.458838796633167e-5	3.1826846930496644e-5	1.1329994017636458e-5	-2.539200403758879e-5	-1.4292641506083448e-5	-3.995322952685121e-6	-2.8271140853700083e-5	-3.55005033616379e-5	-9.681643507730708e-6	-7.608383324406165e-5	-8.478716860549351e-5	-3.743634634061077e-5	-3.896671397010665e-5	4.297961726101862e-5	-9.326426892060369e-5	-7.409541730174496e-5	-5.083857054950791e-5
9.59930919475216e-7	2.3463856183535137e-5	-7.1499799353738624e-6	2.69309368642473e-5	-6.265303488690865e-6	-6.072494395346906e-6	1.0449594748523916e-5	-1.9495199183282297e-5	3.2475468169680666e-5	-1.8218887227854086e-5	-4.080215982790736e-6	5.70961734922687e-6	-1.197702961114322e-5	-3.2984983559629366e-5	-4.733092715501763e-5	-6.0789968978763875e-6	3.0640266257368765e-5	-6.557032477746971e-6	-7.849276784099857e-6	-4.430878136185007e-6	-1.366151657945791e-6	2.599163289110362e-6	-1.7742549779636158e-5	1.730512570264145e-5	3.868314902340936e-5	2.3798915312414626e-6	2.7658485311082837e-6	4.559707104077881e-6	-2.4525046164909636e-5	-4.488610275566601e-5	-4.203901224526796e-5	-6.49343046780354e-6	3.9109427502070915e-5	-5.0138753283739124e-5	4.300824832988853e-5	3.354006796688763e-5	2.261596400605914e-5	1.9542207478975837e-5	-3.210326156386639e-5	4.330981103264908e-6	1.7916047877035435e-5	-5.6082230331065686e-5	-4.898997331935495e-6	9.554106095675807e-6	-5.186704201982223e-5	3.709847099658825e-6	3.302444580820241e-5	-1.2441764740862837e-5	-8.793898768899577e-6	-3.500673058723369e-5	-5.3331015818780525e-5	-7.685025575979165e-5	-9.067227220785345e-5	-0.00011053773456455585	-8.163462852754655e-5	-2.2519768168305365e-5	-7.741201885243243e-5	-0.00014228164002885735	-0.00016724185513024292	-4.585010756480434e-5	-0.00012059945056486221	-9.424326553528206e-5	-0.00013169634653642515	-0.0001286994978904471	-9.857626867559866e-5	-8.568123424299023e-5	-0.00016233831770171014	-8.630998476685803e-5	-7.614255363372346e-5	-9.30438777239917e-5	-7.02567886680383e-5	-0.00010774172352900901	-6.185833095750937e-5	-8.786328869331284e-5	-0.00018374294056752727	-7.855239896048527e-5	-4.1582948022422794e-6	-7.696752306676768e-5	2.0048524472515705e-7	-1.63137136178354e-5	-6.854547311696546e-5	-4.000207283472168e-5	-2.9765057606156997e-5	3.174057154262111e-5	-4.580443012727753e-5	5.9752279079478e-5	-0.00010028377867704608	-3.901926524940702e-5	-1.3122619310634853e-5	-5.860828315717992e-5	-3.0672827559113935e-5	-4.428690487251474e-5	-6.769737765158212e-5	-4.412878482767946e-5	-6.874562768002801e-5	-0.0001241841373657293	-3.007922144866726e-5	-0.00013361613790223437	-9.761882057909843e-5	1.6033062464476666e-5	-3.554413707806958e-5	-0.00010190880799822166	-0.00011003317939954627	-5.428265259163623e-5	-7.039535512669282e-5	-7.88542462663161e-5	-7.131641197727356e-5	-0.00014577911902798057	-5.7825380768428136e-5	1.336553480738023e-5	0.0001046736536423204	-3.968009731555866e-5	1.0431488572243408e-5	-3.649889635318204e-5	2.647814151095218e-5	2.0615345368291127e-6	-5.530161831940328e-5	-1.8043498552916537e-5	-8.542798087853021e-5	-7.479043426239507e-5	-3.667298669601804e-5	-5.1893052029940157e-5	-4.471179828290095e-5	-4.84220384058473e-5	-7.558612481577132e-5	-2.8142608686151926e-5	-7.631019297363317e-5	-7.14109977748012e-5
-8.729573054006012e-6	-5.6678457500264345e-6	1.4512956808543365e-5	1.6726252544466136e-5	2.225353961434612e-5	2.055409336655656e-5	-6.657719623000269e-6	-2.6332506054133065e-6	1.937589086571656e-5	-2.246057615069852e-6	-1.5089215684230273e-5	-1.5876227199215776e-5	-2.5208592266574847e-5	-7.694328030619091e-6	1.2266500749175124e-5	5.241963547258921e-5	3.2919348670612525e-5	-3.0085444769137326e-6	-6.179257545100084e-5	-4.52524573802543e-6	2.541650700668696e-5	3.31486221935226e-5	3.0549334221162405e-6	-3.817521927913792e-6	9.288780140025155e-6	-9.89058010839039e-7	9.057920971437816e-6	2.2449295027093807e-5	-4.2749454692327105e-5	-2.1062307713898276e-6	-7.539395540170912e-6	1.8089631355355795e-5	-4.372905846022207e-5	1.7782623247183937e-6	1.4005628796477654e-5	-3.7317750885973444e-5	-3.4405312800134258e-6	1.9236527518465274e-5	-3.023498335377739e-6	-8.130367039338449e-6	-3.983375315794874e-5	-4.424029502111959e-5	-2.8298774456571307e-5	-6.363809761274208e-5	-2.0994995022019514e-5	-4.973268704407813e-5	-1.7110485662878705e-5	-4.8578678514717144e-5	-1.2127495188640758e-5	-8.569629923217692e-5	-4.189925858523458e-5	-8.775985038504686e-5	-5.882180051201835e-5	-0.00011246795053425351	-5.1637551656477654e-5	-5.684184134664705e-5	-8.411044213549324e-5	-0.0001468957659504777	-0.00015302126970054286	-6.854239940380646e-5	-9.869749332050426e-5	-0.00010420138601800744	-0.00016719262693060122	-9.434940350695753e-5	-0.00010311431613077571	-3.710878718025945e-5	-6.730458204651235e-5	-0.00014309608185880673	-8.096581673340542e-5	-4.613629357025362e-5	-0.00011095991746951084	-6.465401131139359e-5	-0.0001471620676880836	2.1333076364454806e-5	-8.399019869355373e-5	-9.783795410119034e-5	-2.2835135475227086e-5	-0.0001409996793801105	-4.179912709359468e-5	-3.30672988990699e-5	2.2406062465465948e-5	-5.206925385650707e-5	-3.750157736431836e-5	-3.17002609058481e-5	-2.1848354288950267e-5	-1.641728203036208e-5	-2.151564516827964e-5	-0.00011323287142997462	-7.283357944531943e-5	-4.470047379120934e-5	-7.620808281302849e-5	-3.031385906182571e-5	-6.70854973135182e-5	-6.440971887788915e-5	-1.7687126719831414e-5	-0.00021084444411755	2.042214054115421e-5	-7.121808568225085e-5	-2.248282397927792e-5	-6.657753775368702e-5	-8.249460684874033e-5	-0.00014952742819970832	-1.180604008652053e-5	-5.445434142666017e-5	-8.564058208253289e-5	-4.6396073831792006e-5	5.524519643834713e-6	-3.3944700349175516e-5	2.0769556864294603e-5	3.033264286446402e-5	-1.905998687871946e-5	2.0542118353561456e-5	3.551168690704709e-6	-3.8465476463744874e-5	-1.0630726984470207e-5	1.9823384470388228e-5	-7.873844805328378e-5	8.639830929683956e-6	-2.1630510967443617e-5	-1.7093206190754717e-5	-5.028892341614466e-5	-7.899879752096273e-5	-0.00011422161773268907	-0.00010335655129065785	1.6076785627587575e-5	-7.94205711395976e-5	-5.0628734061045066e-5	-5.144487266739439e-5
1.7098624491111714e-5	6.883003281915601e-6	-1.0053047803937343e-5	2.8089206308146153e-5	1.0343502855440778e-5	2.687832053281658e-6	-6.9881329455706576e-6	2.0345593157271302e-5	-1.66194748935089e-5	2.037531113881913e-5	2.0796678181639328e-5	2.4987667100392907e-5	5.341457528021398e-6	3.697246773060742e-5	-5.2356827640737125e-6	-6.571593312923452e-6	4.352378104189453e-5	-1.6519508742700306e-5	-6.288385610841996e-5	8.482743587417962e-7	2.2413479763578464e-5	-5.745755162888527e-6	-3.906150847655249e-5	2.0615468696288247e-5	-3.5624606563311456e-6	-1.582997648979026e-5	4.116496097987532e-6	-3.807959806853556e-5	1.6289649750617086e-6	-2.177132172459517e-6	-1.0951252383227528e-5	2.2111698865130702e-5	4.158137863977812e-5	-9.485378519961951e-6	2.2465864346794817e-5	-1.136057122940598e-5	-2.2999308078690273e-5	2.2509853139437985e-5	-6.95702989574748e-6	6.144707681045303e-6	7.319050422151252e-6	8.61639047871482e-6	2.5155458228606764e-5	-1.1694475682971772e-6	-2.579731946724534e-5	-2.6392451592249788e-5	-5.401148820728674e-5	-4.841228058629493e-5	-3.4826435897465646e-5	-5.457762063468263e-5	-4.285757946448365e-5	-5.2577153785218766e-5	-3.9925148690583834e-5	-8.32063367858793e-5	-0.00014454580653071314	-6.721680503862792e-5	-4.3873265480678936e-5	-8.660695316291267e-5	-0.00011300393129923259	-0.00011113114009760061	-0.00010318417127674895	-0.00012804690576080635	-0.00012217319712327923	-0.0001145804913622872	-8.131024607956061e-5	-9.148703929845459e-5	-0.00010680257134416948	-8.395060363021456e-5	-0.00011145248677950359	-0.0001632878131752752	-9.176902402048548e-5	-3.0755205240179384e-5	-5.357767181302098e-5	-6.285499464658839e-6	0.00011317228079156527	-4.7739552111805694e-5	-0.00011730749292955533	-0.00012036270417847827	-7.934258718783616e-5	-2.0659374818515763e-5	-6.13338047884826e-5	3.344915490421929e-6	8.16726243926813e-6	-7.732108139521521e-5	1.5331453554617847e-5	-1.63557860831387e-5	-3.819222499021335e-5	-2.755425011422008e-5	-7.444016106653017e-5	2.2450097336701447e-5	-4.213050264559315e-5	-2.5854188581697635e-5	-7.1398616185991415e-6	-9.880922035437889e-5	3.911734759894092e-5	-0.00017682809426780577	-2.092580666038235e-6	-4.151585217097853e-5	-5.043484076552862e-5	-9.22925310394701e-5	-9.061631653373148e-6	-7.183952326246523e-5	-0.0001539127928839451	-5.57597452368816e-5	-7.046893450712854e-5	-6.851809159109934e-5	-8.329476431506722e-5	-5.848660856837273e-6	1.2585811841499261e-5	-6.23709498761768e-5	4.196390956077989e-5	-9.298990613984537e-6	7.516065406772826e-5	9.648518420855845e-6	-6.675359592346608e-6	-1.315487974627716e-5	-3.63905113725041e-5	-2.0087536777187165e-5	2.1438742708185243e-6	-3.804936238045037e-5	1.228265807205059e-5	-6.825402059946334e-5	-9.884643288344402e-5	-0.00012819120222794245	-4.005535866099391e-5	-3.43680894290474e-5	-6.371295093073048e-6	-3.0172197205968754e-5
-1.812391247279707e-5	1.3248178053724968e-5	2.7054321781981583e-5	-3.0463492514155865e-6	8.382132336316739e-6	1.8015642688599953e-5	-1.7770642813177973e-6	1.700453200557256e-5	-5.215662970958768e-7	-2.191144672387263e-5	-1.6469033710560244e-5	-1.5412649455315286e-5	1.4691243013786881e-5	-1.324786634560038e-7	2.0093047234728822e-5	-5.195312496181215e-6	-2.0639523076737554e-5	-4.559206473724736e-5	1.774817001264778e-5	2.077015046498404e-5	7.86386743483608e-6	1.5699030617155607e-5	3.170885456331776e-5	3.1151592264945516e-5	-1.1259386706406055e-5	5.570865220950322e-6	-9.343041748252623e-6	-3.213360838267426e-5	-2.649545079863591e-5	2.8259781125437866e-5	-4.427709555335918e-6	1.769727485216588e-5	-1.6653760076708324e-5	1.4356056491152125e-6	2.085070397589428e-5	-4.621151551698066e-6	-4.7279481761933195e-6	-1.6503806784737285e-5	4.702867869438299e-6	-2.7075341751600646e-5	-6.600389722624667e-6	1.3369624960075932e-5	-8.793974663051651e-6	-3.540661687451152e-5	1.434755905662527e-5	1.1898384296056552e-5	-2.0689252719884033e-5	-3.735153191516266e-5	-2.516067324105642e-6	-2.807982253834329e-5	3.4251843982618935e-7	-3.413204777407558e-5	-5.1299703417509446e-5	-6.866539671926408e-5	-9.810484130796937e-5	-8.56476077126106e-5	-7.702101760195812e-5	-8.215182548988731e-5	-0.00010815277709866344	-7.53044761964139e-5	-9.807021731159105e-5	-9.676566188956959e-5	-4.926662918770808e-5	-0.00010903247705737473	-8.736479963945831e-5	-9.055262507710882e-5	-0.00012540113262030084	-0.0001627807643452689	-0.00014946306995874958	-0.00013383332528142666	-7.419465974760342e-5	-0.00011024850737201275	-2.7741616512658163e-5	-7.553054319139885e-5	-0.00010608437414107164	-5.7943959960032876e-5	6.318522094428403e-5	-5.1911361494128005e-5	-3.6015580708731454e-5	-2.3263937434445103e-5	-4.501673556492336e-5	1.0422072276375371e-5	-2.9357343379193823e-5	-6.663605214493606e-5	1.1488509796264701e-5	-3.219809401738827e-5	-1.1467042593249488e-5	-7.337314349847857e-5	-5.9375226089952715e-5	-5.3653771963507735e-5	-3.71602596783982e-5	-6.509814388933055e-5	0.00010438255620102976	-9.092625740877991e-5	2.086528649511421e-5	-7.547554703619952e-5	-3.4385721266877445e-5	-0.00014710358040188887	-4.390947241222909e-5	1.9768101001613192e-5	-1.586321948365138e-5	-8.09547958183221e-5	-0.0001126111519571954	-0.0001003269732915979	-5.788697429384704e-5	-4.688367207482391e-5	-6.871004416472704e-5	-5.68555402410964e-5	2.0404110259025776e-5	1.260843100932274e-6	-4.217259950544533e-5	6.922138643533637e-5	1.9941264351591714e-5	3.8034321785812564e-5	-1.9007815070179457e-5	-3.3410438044639834e-5	5.586318354514758e-5	3.054450138997855e-5	-7.31223702464881e-5	3.8769700882838876e-5	-5.1344876701026054e-5	-3.3824578879980416e-5	-1.8645393388971865e-5	-8.419122061835427e-5	-3.783946897137347e-5	-0.00011127629850546383	-7.285923437922587e-5	-8.729583624977194e-5
-1.1878139530990817e-5	3.800345590521462e-5	-2.3691633507447185e-6	2.933915588775038e-5	1.1562501173525974e-6	1.7729565103367928e-5	5.927925522414973e-5	-8.775234228500239e-7	-1.5171593365295721e-5	3.3246951199050745e-5	2.1136385827333348e-5	-1.2321149959679256e-5	1.5235447452244255e-5	-3.569169428323943e-5	1.6810102029980734e-5	3.986530073066263e-6	1.166318560827384e-5	-8.436093078441342e-6	7.616661207993092e-6	-2.770851853083761e-5	-2.530696057443174e-5	-1.0264780290949321e-5	3.518714589449343e-5	-9.561822904638473e-7	-2.1698098775623648e-5	-1.9958080327286964e-5	-1.33764649205316e-5	2.310962022872981e-6	1.2156997685006804e-5	2.2965085237115768e-5	1.695586623580783e-5	8.359162158039918e-6	-1.8049884503712477e-5	-1.3609645637020773e-5	-3.469443699347097e-5	-3.239521281436786e-5	-1.2080405577784281e-5	-2.4581814990660977e-5	-3.323633143877125e-5	-1.5769774808910286e-6	4.453848314461828e-7	-5.623266880350891e-5	-8.878959850341928e-6	7.728640318872826e-6	-2.2307142569753802e-5	1.722537314608613e-5	4.449057767162701e-5	-9.084657397011309e-6	-4.2730944650737346e-5	-3.879731009116122e-5	-4.066531996121253e-5	4.7880129765490165e-6	-5.190995745231464e-5	-4.755932518467343e-5	-8.362695301869505e-5	-0.00010874268607970194	-0.00011200027450614103	-6.335193329133626e-5	-0.0001070584810039521	-0.00010205810805838378	-6.257865861787615e-5	-0.0001502966696410868	-0.00015778015829623349	-6.0928155966658015e-5	-0.00013963966159595553	-3.3835499506362776e-5	-0.0001600229985413565	-0.00014245456485435792	-0.0001737920191872272	-0.0001335538179613599	-0.0001952862025735025	-0.00011468209194787082	-2.03106845578227e-5	-5.612421877070062e-5	-0.00010299221870312125	-4.9482699838662714e-5	-5.538445136538117e-5	-7.853787065137396e-6	-3.718629679357044e-5	1.9957500279124685e-5	-6.695457448017972e-5	-6.427326661347099e-5	-1.4365039106151167e-5	3.021949010473257e-5	-4.424029502111959e-5	-3.355193727017092e-5	-2.815310918419245e-5	-5.990017509782675e-5	-6.665618577927912e-5	-3.5367325387780646e-5	2.7445331163972186e-5	-3.87945643491594e-5	2.1746824176507862e-5	-4.240937570738901e-5	-7.612850779457891e-5	-5.5631085675578174e-5	-4.749849060077527e-5	-7.83355693680099e-5	-2.8598808434268652e-5	-5.556256138777166e-5	-7.335023972758481e-5	-7.122314077488007e-5	-6.956118894872049e-5	-9.195671025856444e-5	-3.868172058704711e-5	1.7658473966918053e-5	-5.171650867968891e-5	-6.591530164572201e-5	-4.941392889486196e-5	-1.9534124751779958e-5	-2.0996119881773467e-5	-4.908088367151786e-6	-1.7312900787470886e-5	1.552909818965109e-5	-9.318590278757644e-6	2.1892562632533363e-6	5.74981414477177e-6	7.465547819697493e-6	-1.0531056278753614e-5	-2.1717043853335116e-5	-1.784138158392179e-5	9.935227553853343e-6	7.091121309935056e-6	-7.027971141247008e-5	-3.86184329957337e-5	-8.936609590358413e-6	-6.957243754626002e-5	-7.363456361580284e-5
1.5683377448290348e-6	-3.883415670199314e-6	-6.376802840109275e-7	-1.8255437038341288e-5	-1.5695834931252206e-5	-2.2852000240020098e-7	-3.521452064409597e-6	-4.8371067351213326e-5	-4.320098423958585e-6	-8.547359326392667e-6	7.967227138444555e-6	4.5191443902997674e-6	5.3106987123879845e-6	-4.293944757052803e-6	-1.0862990194870914e-5	1.2748862295713925e-6	8.763687475363269e-6	-1.4203373720211854e-5	-1.0462008863398875e-5	-1.40474708688193e-5	1.7309362222630437e-5	1.9710852416400526e-5	-1.1908577151730632e-5	1.671048146861462e-5	-2.3369945301859874e-5	-9.253398557378806e-6	-3.777043104278774e-5	-1.6465068241114378e-5	2.00913084454947e-5	-2.6373782986092303e-5	-1.7333884165266628e-5	9.129395644406207e-6	9.312421168396201e-6	-8.149714627106452e-6	-8.698451030644816e-6	-2.2018115954612616e-5	-5.337158666407493e-6	1.7331811983864465e-6	-1.0825325011398768e-6	-1.1733249463165285e-5	6.982825775936341e-6	1.3637718341771854e-6	-3.094353386804555e-5	-1.7126225567917763e-5	-2.2052151771312367e-5	-2.7426964779170282e-5	-2.3992887212588576e-5	-5.025284387834977e-5	-3.915593435425968e-5	-1.0891523685545301e-5	-2.906618088577284e-5	-1.860838143730864e-5	-6.138775197808005e-5	-4.09541107623812e-5	-6.751727269719426e-5	-0.00012512717099434634	-8.426808513137263e-5	-7.284600982322698e-5	-0.00011089240420023017	-7.53153399021822e-5	-8.612797974816289e-5	-7.787188320389216e-5	-3.670237399590326e-5	-0.00010873690186111173	-0.0001451664526433416	-0.00011480371774758025	-8.395149809700686e-5	9.801198481290685e-6	-0.0001267998184749375	-0.00010911822118618575	-6.615199382199732e-5	-6.100873387211714e-5	-7.927587080715226e-5	-4.9942710557415726e-5	-6.996581590999751e-5	-2.3891208022347454e-5	-5.388102615987156e-5	-0.00010579317370057462	-3.516079029493302e-5	5.911255100861379e-5	-0.00013134889768721958	5.962461969467869e-5	5.104436838487825e-5	-1.790674813290094e-5	-1.0748520129499894e-5	-5.067309419293231e-5	-3.5096578421267566e-5	1.806858699118785e-5	-1.3249026441924938e-5	-0.00010205256778528238	-7.674338595164976e-5	-0.00018495367997556356	-2.1632630582690826e-5	-2.494906408204156e-6	-8.240861335342964e-5	7.226931726667107e-5	-0.00013835437786755	-1.0821665829066629e-5	-5.0079195347899064e-5	-0.00010220050175070716	-4.475699867147187e-5	-6.204877920062274e-5	-8.591882901757414e-5	-0.00011040405243668838	-8.172321868706034e-5	-8.636874852460674e-5	-6.070862400026772e-5	-0.0001060784056081121	-2.3362594411130422e-5	-8.300174241492042e-5	-6.456556209816222e-5	2.569314932251293e-5	-2.4325005443075198e-5	-4.8733258639459265e-5	4.823751803811199e-5	-1.706503319730268e-5	4.7080530663282105e-6	-4.2261804949692006e-5	-4.10673719423299e-5	-1.1967719024987e-5	4.128533452607552e-6	-5.43813664889356e-5	-6.025033716296896e-5	-9.698495533148194e-5	-5.5943815660715324e-5	-8.885056590208357e-5	-6.115371880763276e-5	-3.755146963779071e-5
-2.8198073758790854e-5	1.589157679147274e-5	4.1473740403346476e-5	-8.388079185232822e-7	1.0770472512987295e-5	7.697428848832399e-7	1.9726055641364204e-6	1.8656453606383933e-5	8.944482253383373e-6	6.878571605535566e-6	-5.770644379010648e-6	4.1742275597427686e-5	-4.7428966136464634e-7	-5.728357783778282e-6	6.252848716234438e-6	1.537924789688644e-5	6.193640435595005e-6	1.1005703726835181e-5	3.0843369850340474e-5	2.1621395537678445e-5	-2.8390312290741543e-5	3.182737954481388e-5	-2.8845381758093452e-5	6.110392004659779e-5	-1.935458358252179e-5	2.3178942760385818e-5	2.1789915791853298e-5	1.591404417099207e-5	-5.787189846263863e-5	-5.883008381661614e-6	1.7288939919458957e-5	-1.9324808680359906e-5	-2.9326056015001323e-6	-3.183770928101223e-5	9.566476842463867e-6	-4.896712917958068e-5	2.656480992211524e-5	-3.2790366559162787e-6	-2.6998948866527317e-5	-2.557619914467235e-5	-2.564129464310838e-5	-3.471407189481468e-5	-6.325470746151862e-5	-3.6886823890497356e-5	-6.00329356538476e-5	-3.067656263559815e-5	-3.846950698532109e-5	-6.738419501203796e-5	-9.462470954360591e-5	-1.0579230091782577e-5	-5.157298199609528e-5	-2.463492734458561e-5	-7.45533382208105e-5	-5.2816607966528484e-5	-6.48102231604053e-5	-4.369013560222984e-5	-1.6899096054803775e-5	-7.118986389970106e-5	-8.577348900584703e-5	-0.00010549015003538664	-0.00011140536193207651	-3.593475343677266e-5	-9.68482618320804e-5	-2.51060945036935e-5	-0.00015712667169980044	-9.02782189282636e-5	-7.060927905734593e-5	-0.00023008818700147315	-8.102247713893951e-5	-0.00012660637512332262	-5.974386567061951e-5	-7.027356669665752e-5	-0.00010173736310868653	-2.766805339525502e-5	-6.689485662451922e-5	-1.9278225934019066e-5	-3.171457779553577e-5	-3.5582019101976226e-5	2.019207826116365e-5	-7.68005721952375e-5	-4.9068165980034606e-5	-7.858083758346956e-5	1.1252663297683929e-5	-1.4961979138278236e-5	-3.092748496538733e-5	-3.3684155725105525e-5	-2.6214436437549393e-5	-2.7558998919735567e-5	-2.357132501337733e-5	6.234038892743987e-5	-0.0001807455335574304	1.8597764387534577e-5	-5.394585602877533e-5	6.5176266076869e-5	0.00012095802332835748	-3.5343852410746335e-5	-6.0108905700073656e-5	-2.3326243822792414e-5	-7.5834493849444295e-6	-8.006124788736274e-5	-0.00010578665493501255	3.270596142003479e-6	-4.2775873988765145e-5	-4.595268664284863e-5	-0.00011744521100000987	-5.526313998430177e-5	-9.744496062922409e-5	-1.5330423562553985e-5	-8.47367586254838e-5	-1.5105901555664825e-5	-4.290288285226096e-6	4.488111542567258e-5	-9.492482754697162e-6	1.620569455539067e-5	1.7363812210985374e-5	-5.547882303297974e-5	-1.3651368447123446e-5	-3.394917539364245e-5	5.304394076754981e-6	-4.432611775458811e-5	-1.0652581789762083e-5	-4.864778285068594e-5	-2.233462980533174e-5	-1.1918775428415573e-5	-9.190348135290627e-7	-4.085900454781077e-5	-0.00010278676510194068	-3.403631272224511e-5
-5.5201543748377435e-6	1.2182103741563421e-5	4.6443927805180085e-6	-1.771857942485522e-5	2.0778967739151777e-5	7.310086780690228e-6	-1.2415661218307533e-5	2.2171842270143904e-5	1.6908767138182346e-5	2.6894030622295895e-5	-4.1852399367339754e-6	1.1598134833177426e-5	-1.114989719476489e-5	2.4790954879228e-5	-1.686831013411605e-5	-1.1960267845556594e-5	-1.1326505597146486e-5	1.2459217685334423e-6	1.417616566669333e-5	4.530992551640689e-5	-1.2113484586066814e-5	-4.077135493368161e-6	-7.280035406974361e-6	-2.5496359851943234e-5	8.828633896000582e-6	2.0355842933559437e-5	-3.705246287739883e-5	-2.836601938581429e-5	1.7759884817121485e-5	-1.9574230745392912e-5	-1.7553368697811877e-6	4.205236961603298e-5	-7.758209222621937e-6	-2.1831429893037768e-5	1.0904631689810651e-5	7.696146779763435e-6	-1.1721995444614886e-5	-3.154744260963627e-5	-2.8117086567011618e-5	-1.6595901627773635e-5	4.280073474458024e-5	1.4007799911328056e-5	-1.1737626929436695e-6	-2.159630980991256e-5	5.562282405502383e-6	5.034022515244124e-5	-2.7961519818292535e-6	-2.9047277820895556e-5	-9.814515194474238e-6	-5.075231684567583e-7	-3.195591848862561e-5	-4.0643798548088694e-5	-1.9978110962423634e-5	-1.086963635418825e-5	-4.859687413767688e-5	-8.209731180465474e-5	-2.849317461660339e-5	-0.00019196485221729953	3.5763167600955104e-6	-5.155244178593754e-5	-0.00014387288018932742	3.0310839558775338e-5	-8.577850886190563e-5	-0.0001291039053007842	-0.00016012413292000593	-2.25602631194477e-5	-0.0002697271225815534	-0.0001347203761308674	-7.23931927858884e-5	-6.955469728821273e-5	2.9196697143296646e-6	-1.2600619332669982e-5	-7.181277057385915e-5	-0.0001406789561144567	-1.8902636617426638e-5	-2.956575414179985e-5	-1.6703847506571723e-5	-2.5731549052956937e-5	-9.698308237222897e-5	2.295593186027456e-5	-3.0668539539521755e-5	-1.6905682583001624e-5	-6.613812145520037e-5	-8.420185122065549e-6	1.7034442433006003e-6	-8.220225715394047e-6	-2.8997214785581038e-5	-6.212590121165706e-5	-5.5072087298477235e-5	-4.525102081237575e-6	-6.193741808498132e-5	-9.141705404822065e-5	-4.303340995180649e-5	-8.194109995564303e-5	-4.663809486174508e-5	-8.392018091725462e-5	-2.9239498734560943e-5	-5.201029765287274e-5	-4.0471803425951025e-5	-9.6335542624712e-5	-4.24766043735994e-5	2.610897880273716e-5	-9.823065483857002e-5	-6.729172882975754e-5	-6.394231932133065e-5	-9.495129021149656e-5	-5.139301256697898e-5	-7.363245484257736e-5	-8.911904146504529e-5	-4.235830436405408e-5	-3.4729177541582834e-5	-3.907657346573917e-5	2.7464087861556186e-5	1.7633044004962406e-5	6.670670417950608e-6	2.4337552372716287e-5	3.772879090310072e-5	-2.8562254558023303e-5	-2.8998261040677487e-5	-4.330547422395914e-5	1.8069530247077914e-5	-6.244886606530248e-5	-2.3724197519697787e-5	5.8592128544809885e-6	-4.2819540231262e-5	-4.53060359411131e-5	-5.286995071341477e-5	-7.269210732484266e-5
1.2811984546196031e-5	-1.8639118568898605e-5	-2.043031542553475e-5	-4.049595402934314e-6	2.4123239484533793e-5	-1.5755624615306635e-5	2.318202053930296e-5	-1.793687540076888e-5	1.1960788262599387e-5	1.6521700186341443e-5	3.196859281202197e-5	-1.3705712725766567e-5	-2.5785607373277064e-6	2.0368360047640782e-5	2.294380505897531e-6	-1.1447052615694286e-5	1.517616869846361e-5	5.770953376629806e-6	9.492081599893343e-6	7.761524170764311e-6	2.0052698650879774e-6	-4.034965449869338e-6	1.454578509507351e-5	-1.195048021044448e-5	-2.4297797389556675e-6	1.4051495969384653e-5	-1.0489264350762445e-5	-2.5841552205377316e-5	7.283598366363692e-6	-1.603700353937365e-5	-1.166565081296353e-5	2.2719260012789982e-5	2.6256801637439264e-6	1.3407520536509732e-5	-1.0901983526004355e-5	-2.7610396878974958e-5	-5.763407329509307e-6	-6.4590693904520435e-6	-2.503945943817254e-6	2.037705128330597e-5	-3.466666244431732e-5	-4.039099512753025e-5	-1.8984613143688267e-5	3.204932521629067e-5	-1.6113854499864855e-5	2.136999615893337e-5	-1.5944477725973738e-5	-3.0786267632421094e-5	-4.562490793155738e-6	-2.750023245148142e-5	-6.162982450763632e-5	2.5594476082795026e-5	-1.6236992761604896e-5	-7.669647523415174e-5	-8.675948414554879e-5	-0.0001321105198978309	-8.136458358194015e-5	-8.711302621096373e-5	-5.398049086717538e-5	-5.0304991292340895e-5	-1.8147804222920505e-5	-0.00015262175746301454	4.0134996021068403e-7	-3.7946650487639955e-5	-5.421066427788862e-5	-7.069537284135757e-5	-7.95611596353038e-5	-5.9607765771907406e-5	-4.315737220719762e-5	-0.00011601646292963563	-0.00010821619750474298	-4.901176578302191e-5	-0.00010401828053410722	-1.9565051618750107e-5	-3.8110898985255215e-5	-5.046518216332563e-5	-1.2984567848012274e-6	-1.8781932389563827e-5	-3.740943644268968e-5	3.4933536098569196e-7	-5.6718567559635447e-5	4.584863304984976e-6	-9.262356506778424e-5	-7.356137183764377e-5	1.599430223681031e-5	-3.242818340243314e-5	-5.741945547504956e-5	-0.00013977741490298068	-0.0003057424539237852	-2.682984043267389e-5	2.5969515166784918e-6	-6.723666762242786e-5	-0.00014958322124350443	-5.3290016713627986e-5	2.2497661286008386e-5	-0.00015468882143092333	-3.767503886989432e-5	-5.466396649569938e-5	-6.808644089067312e-5	1.7989299286313987e-6	-6.287443439154106e-5	-3.8298929457523945e-5	-8.594148071146279e-5	-4.91729947775868e-5	-4.2688958921607845e-5	-4.655914054903926e-5	-4.678473320557375e-5	-0.00010003992805592693	-8.267923292618745e-5	4.851834537432376e-6	-4.4242444451926544e-5	-3.9135982323780516e-5	-0.00010304253923645174	2.294169086473896e-6	4.776372168873583e-5	5.160316889508271e-5	1.622335620878046e-5	1.2754237227984022e-5	2.5836410376574304e-5	-9.131213038297836e-6	-3.3868321016629344e-5	-3.705792183533729e-5	-9.832754185520876e-6	-1.0101202643428286e-5	-3.273074357119238e-5	3.903322977338863e-6	-3.530513826167231e-5	-5.570474637117684e-5
8.434423407095715e-6	3.278670737683065e-6	1.2237833088481892e-5	-2.479241990741357e-5	-3.103641746816238e-5	4.691133007224402e-5	7.383652608598801e-6	1.3245757572374894e-5	-6.285473714857243e-6	-5.605867332836301e-6	5.873264114636401e-6	-1.3840334043765945e-5	-7.536344866308081e-6	1.5691281282127767e-5	-9.978038631886649e-6	-3.1572780414407253e-6	1.9416190660467847e-6	2.4345339654820164e-6	-7.757715910633456e-6	1.4240719064043117e-5	-4.270046230665792e-6	-1.3071355521414307e-5	-7.69437139870599e-6	-2.3370804532081568e-5	-1.869350757088134e-5	1.8506298381758268e-5	5.3418926996683797e-5	-2.383811735246627e-5	1.144350049832668e-5	6.212044767472946e-7	-2.06645708574274e-5	-3.678906409110977e-5	-2.2355847641847282e-5	9.438730721490762e-6	-1.978403877354873e-5	-3.949356710804611e-5	-2.458997632251436e-6	1.919524652074789e-5	1.3594713462600216e-5	7.350156182479861e-6	-1.8854834143641752e-5	-4.655794521614409e-6	-3.426165601227993e-6	2.2397123218553805e-6	-4.5254197524741135e-5	9.967656040832384e-6	-5.3669983496491824e-5	1.2467858776649132e-5	-6.621362258398683e-5	-4.2505709780919776e-5	-7.309962097440392e-6	-3.5840032113973463e-5	-6.670901081962805e-5	-7.808875616445443e-5	-2.2125300181384533e-5	-0.00012518024811170037	-0.00011165625173580052	6.66253917270751e-5	-0.00010442206723870057	-8.021654629604413e-5	-2.3245671338344154e-5	-4.960604409881553e-7	2.8830608148240622e-5	-0.0001608026374815691	-7.426904685865765e-5	-0.00013073073710807154	-8.292008572829968e-5	-7.603438549348002e-5	-6.722113100529614e-5	-8.134671321963216e-6	-3.7675168974155016e-5	-4.7184641176895026e-5	-8.066324843312989e-5	-8.220136268714817e-5	-4.241424377514347e-5	-8.87150596040609e-6	-1.9867923495633932e-5	-2.868457966813398e-5	2.6740209439074514e-5	-4.236209907165778e-5	-2.473329700769522e-5	-4.0826895900472615e-5	2.4177719288448474e-5	-4.76840897496722e-5	-2.9381000670597457e-5	-4.017487297697242e-5	-6.354486164691919e-5	-0.00025362927903727073	4.540431615754348e-5	-2.8840840306243454e-5	2.545596112374371e-5	-1.1615003663728585e-5	4.190121014914505e-5	-4.353874574238026e-5	-8.998013109346586e-5	1.4031018100851833e-5	-0.00013724507370426603	-7.680101942863365e-5	-0.00011765415302168042	-3.897445246311276e-5	-9.555076727670725e-5	-5.816889396374758e-5	-3.1876427495844406e-5	-9.07324372969101e-5	-6.74002981248048e-5	-9.238221353267267e-5	-9.0630915315984e-5	-2.289546048410418e-5	-1.7561250847605847e-5	-5.6532922332146185e-5	-9.127753620215978e-5	-6.703348271429321e-6	-1.71398187526553e-5	-2.050945676311533e-5	-1.4643597749317006e-5	-8.389933170947772e-6	1.2029312550405902e-5	-3.479904081907237e-6	2.908581036610569e-6	3.470016429144712e-5	-3.826142419387224e-5	-2.893471053033725e-5	-5.291199336315833e-6	-1.9336417775121795e-5	-3.060474237318728e-5	-9.892911143061234e-6	-4.853750593721701e-5	-8.30308749272951e-5
-4.736495755070652e-6	3.5920539546291375e-6	-2.934007474909156e-5	-3.2708582478786774e-5	-8.28480486254543e-6	1.7171669901977493e-5	1.939556371413631e-6	1.0254546777693774e-5	7.743453231054409e-6	-3.0368410694134318e-5	2.064533304512936e-5	-3.6221324333993166e-6	-1.6699692301745672e-5	3.207274940422722e-5	-3.874867278170352e-5	5.512043187334836e-6	-2.5560662527540634e-6	-8.27743228777253e-6	8.218664464265668e-6	1.4902646174388967e-5	1.3269604599158713e-5	-1.3367358977535437e-5	1.7108428389256414e-5	1.2418320224135554e-5	-1.8979964626873735e-5	-7.492320837094307e-6	2.164397540317317e-5	3.444548384587756e-5	-8.5736676276333e-5	1.0829146824056779e-5	-3.0693598162233326e-5	2.9303131915316832e-5	-1.2508554305193376e-5	-2.6536041972721053e-5	-3.2242179032974244e-5	4.094300175587137e-5	-3.17221699212486e-6	4.1656187234426906e-5	3.354258873693866e-5	-2.0100861621887012e-5	7.26926927940158e-6	7.271258790388091e-6	3.3907761581158935e-5	-3.023688070757924e-6	9.965566241144919e-6	1.8996739944987517e-6	2.333174885932321e-5	-4.307876212868156e-5	-9.297369731736671e-6	2.1445874047974767e-5	-2.4856898765864e-5	-8.729147233602769e-5	-1.829868450774902e-5	2.00124693292697e-5	-8.301021274439296e-5	-4.486300111787578e-5	-0.00019036376208009242	-9.539548784156388e-5	-0.00013197642306263246	-4.86264782779966e-5	-4.383947089896256e-5	-0.00010426060243016316	-5.79562927597449e-5	-7.664778371458542e-5	-0.00010725648071519683	-7.620676821789435e-5	-4.9355859026503635e-5	-6.203771491745252e-5	-9.711583479673352e-5	-4.056328298425449e-5	-1.250838625385664e-5	-4.791455860547744e-5	-1.3233305510423898e-5	-7.031692936254608e-5	-4.541419323933482e-5	-3.394745422269363e-5	-0.00010330766732520591	-5.4069606864742825e-5	5.860763263587643e-7	1.3972178448951045e-5	-2.109704013049385e-5	3.059098655812387e-5	-2.863817039414074e-6	-3.188061793724106e-5	-3.962080229874543e-5	-7.586126822209383e-5	-3.331277311294234e-5	6.713524050919184e-5	-7.704119460438807e-5	-4.96297827053821e-5	-0.00012626639642708548	8.311358329002316e-6	-7.561759920483857e-5	-8.510306717147975e-5	-9.115132151675531e-5	-0.00015770681472977027	-7.499325867330736e-5	-0.00011015171251255867	-6.780264284050874e-5	-0.00011647846044886973	-5.440076828681223e-5	-4.593945124482801e-5	-4.595985321920876e-5	-9.431181150713203e-5	2.116587070541409e-5	-8.367998405745675e-5	-7.480239030185215e-5	-4.1149074707542976e-5	-4.7188704224536415e-5	-5.437137827642158e-5	-2.1533724239505836e-5	-2.5602854255082907e-5	-3.138757699930328e-5	-4.026591885440689e-5	-1.5513290521976253e-5	-4.215020530957264e-5	1.2996358546638054e-6	9.723835235272982e-6	9.334172974481691e-6	6.008756860131914e-6	1.3072407197521618e-5	-4.821029643206631e-5	3.909459561635131e-6	-2.8195590935815862e-5	1.1678288544536564e-5	4.207664490267493e-5	-2.6374020155317535e-5	-5.093177941027649e-5
4.4940884780936274e-6	1.0189982538322262e-6	-7.609725024594616e-6	-3.978623528723413e-6	1.4946789465841714e-5	-6.5512536801676235e-6	-7.323731465030958e-6	-1.5615105237488935e-5	1.4398249573947114e-5	-1.324387106059477e-5	-4.0142310319974533e-5	-1.6152335545471797e-6	1.3180388312890312e-5	-1.4873429636345914e-5	-2.743258907794005e-5	5.131488224792424e-7	-8.446445853935863e-6	-2.5518866533791318e-6	-1.9430949362540806e-5	2.0805397877611542e-5	3.4097982141816086e-5	-8.184681502421826e-6	2.3498953163111208e-5	-8.119356966276858e-6	1.5964741464577492e-5	-1.627406027862946e-5	-2.2836677752817447e-5	8.764428798598706e-6	2.712245711225872e-5	7.325903935134076e-6	-5.366685421797149e-5	1.3848884333148709e-5	-6.3754313243610805e-6	-4.823639046785261e-5	-1.5127249496441064e-5	-2.1227225706355046e-5	5.120646203067569e-6	-1.840960923201601e-5	-3.341000165326541e-5	-1.190822614127729e-6	-6.68039977719595e-6	-1.568599308603147e-5	-1.823218496749962e-5	-1.1029117072750005e-5	-4.231796120121589e-5	-1.9006473369991006e-5	1.4270653886025442e-5	-5.121409210346456e-5	-1.993138455929494e-5	-5.562498703835794e-5	-4.881730599187034e-5	-3.752240217754638e-5	-8.285175659688421e-5	9.624604173537332e-5	-0.00010440134813518437	-0.00010207571008065408	-2.0482584812270277e-5	-9.428234018157844e-5	-3.9245202140131275e-5	-9.229733947610508e-5	-0.00010353881109686353	-6.905570950135886e-5	-5.734281051297113e-5	-2.4121067014430675e-5	-5.8685025697453874e-5	-0.00010125853064021917	-6.921648584151674e-5	-0.00014342736796412597	-2.015599059185247e-5	-2.9610697032354805e-5	-5.673190324635702e-5	-5.713007107319146e-5	-3.146777001299117e-5	2.4894067926842234e-5	1.5649292842492835e-5	-5.2222261888099086e-5	8.472774348441958e-6	-8.471588773366345e-5	-8.709233421250184e-6	1.3408843263160164e-5	7.649236062265419e-6	-4.088163184715055e-6	-4.3904083927431836e-5	-4.037415475728612e-5	3.0347350066933787e-5	-0.00023674335603886265	-2.2211773436156546e-5	-6.493396857536193e-5	-6.600813103573022e-5	-8.106243541000646e-6	-7.593819236623167e-5	-0.00014083063057737655	-3.869763125392833e-5	-0.0001251214979064788	-6.958675714645313e-5	-0.00014504592730883725	-6.95085319597083e-5	-8.418169590226898e-5	-4.060911221008545e-5	-9.026429506186345e-5	-7.863975312952243e-5	-0.00010056486622177924	-8.068711714395715e-5	-0.00010329516918466258	-8.130563008881125e-5	-9.897634198775124e-5	-3.516858570855319e-5	-3.716762412165481e-5	-1.6776830575812585e-5	-8.111198073878362e-5	-9.708685136215756e-5	-7.0729815233872e-5	-5.355325015908574e-5	-8.89658626716111e-6	-2.742946386517786e-5	6.642920263345842e-6	-1.7586889518479698e-5	3.2111975838827744e-5	-1.5055719258111333e-5	-2.6032415155821664e-5	6.186640284268352e-5	-4.281136805738689e-5	-1.546647738267376e-5	-6.112827529314996e-5	-2.13653964312166e-5	-1.5468637655502437e-5	-1.812032240835343e-5	9.129353631572024e-6
-3.754808963751799e-6	2.060034272072936e-6	8.782461791232571e-6	-1.4233781525391925e-5	-6.81954628401274e-6	-9.915472035017941e-6	-9.300742955745817e-6	1.3756683780400542e-5	-1.8838226876864705e-5	-1.9872275212103746e-5	4.56018374645796e-5	-2.302119676530004e-5	-1.7050586203354312e-5	-1.3929492054167575e-5	-2.4877485054614068e-5	-1.897833154735143e-5	1.2006038795520785e-5	7.258551940926561e-6	3.558392458729437e-5	-2.812149384884277e-6	3.4088441162698213e-6	5.10552971427769e-6	-1.3579412659441015e-5	1.4495177248167318e-5	-2.415340469947777e-5	-4.8211205806638485e-5	-1.729513071386385e-5	2.6650868469556277e-6	-2.5805479443846008e-5	1.7813658534371335e-6	-4.2258901998375176e-5	-3.323347185554132e-5	-4.1126307817173496e-5	-1.6195256398975066e-6	2.451939340583284e-5	7.476723233590388e-6	-4.0142059598222146e-5	-1.2481401817036192e-5	-5.511411775094635e-5	1.110793314967884e-5	6.340608105833562e-6	-3.907432103572583e-6	-1.9073636984071052e-5	8.251214923989114e-6	-2.3521283662106263e-5	-2.9796136261431294e-5	-6.04424062883302e-5	-1.066849516714874e-6	-5.7315063068871797e-5	-3.614960164977782e-5	-6.521646829342476e-6	-1.2950263691274833e-5	-8.151551265586643e-5	2.090244210356529e-5	-6.097794253041855e-5	-2.3469616007576466e-5	-8.066165601118905e-5	-9.213609015274946e-5	-7.295919646427632e-5	-6.0168809225356196e-5	-7.788856500956856e-5	-5.430536933765523e-5	-6.542040401156385e-5	-6.240338107366128e-5	-8.085039257012261e-5	-8.640935189596632e-5	-7.985336838382123e-5	-0.00012982651520672406	-3.453722225744971e-5	-4.3724762309113596e-5	-7.749517715906207e-5	-3.254226857603293e-5	-4.180480289196764e-5	-9.302673106663384e-5	-7.43879133638381e-5	-0.00010616817212698304	-3.3185693776305314e-5	-1.0708372123052756e-5	-0.00012315915431590496	8.31927734167015e-5	-1.553574976997929e-6	-7.235775021686985e-5	2.7491301336085572e-5	-8.113195445330623e-5	0.00016605262087229788	4.5593612435848585e-5	-2.0383494154715964e-5	-0.000189148929808855	-0.00012298686916968615	2.6326483311064908e-5	-6.676347842626829e-5	-3.948898499861464e-5	-1.6995427417829112e-5	-4.4767417854349456e-5	-4.369205464007514e-5	-7.962000470821545e-5	-0.0001392782861698444	-0.00011518810807530783	-8.105768660449097e-5	-8.40950952537417e-5	-8.312881090953572e-5	-4.8174233157304014e-5	-5.967314045240285e-5	-4.47059761172347e-5	-4.6815253496729214e-5	-3.7432088136578334e-5	-3.52139324644174e-5	-5.646743923143349e-5	-2.1269363223788695e-5	-4.6947390636500885e-5	-1.053890590248241e-5	-2.6013146172711166e-5	-5.0766045555684924e-5	-7.078482223109306e-5	-6.557666736017875e-5	-4.136197135663766e-5	-2.341656599527675e-5	7.390814306049154e-5	-5.815511375413529e-6	-2.6437044827604117e-5	1.611915895899374e-6	-2.7273910668985935e-5	-1.63791885870318e-5	-2.917120212921065e-5	-2.236837017693949e-5	4.037003207852524e-5	1.4257605512879579e-5	-2.144538886750258e-5
-1.0112567115075008e-5	-6.926481821911343e-6	-6.55391404124836e-6	-7.739430840994488e-6	7.94850296692573e-7	-1.0034711234695182e-6	1.8904303578266834e-5	1.5507315212753142e-5	1.269255154538046e-6	-1.6800634234509504e-6	-6.379829119423225e-6	-1.2268628495938627e-5	-1.9465620792764177e-5	2.3320184487900936e-5	2.4887345873372824e-6	1.5051967918594533e-5	1.0357807547854009e-5	1.118245578600463e-5	3.5637427254001097e-6	7.267706673020485e-6	-4.4686586516632515e-5	-1.7659414512302685e-5	-1.0539736672397076e-5	-2.1824042410484995e-5	-1.4927422904535692e-5	-1.1271051366529283e-5	-6.57215845330586e-6	-1.9387025622027987e-7	2.3550633014915445e-7	-5.2126299153812394e-5	-2.9691564961895067e-5	-1.8960618394358447e-5	-2.887943383782579e-5	-1.6894255092103627e-6	2.0945471377285807e-6	-3.9339712043506836e-5	-5.55944342211373e-5	-5.252296536063794e-5	1.9784216311654473e-5	-4.956891966117691e-5	-1.884618763131618e-5	-7.50573390874594e-5	6.356482180891465e-5	9.68640491709645e-5	-0.00010578825413321696	-0.00010331576089442351	2.9873052274052847e-5	-6.7914193691530345e-6	7.543205291079755e-5	-4.91767461171036e-5	4.5721807145470555e-5	-3.3011078950668377e-5	1.8178290632758082e-5	6.39076058782731e-6	-9.824940204938501e-5	-0.00011143494980936364	-5.0313107900854664e-5	-3.4309840667330616e-5	-5.077461617385842e-5	-4.079066728487901e-5	-1.6343160548840108e-5	-4.9933070644849614e-5	-0.00010325863699246068	-9.792625152611756e-6	-9.190841989380194e-5	-2.1926110558255496e-5	-1.753680750962716e-5	-5.452035849694281e-5	-0.00010663963473118293	-5.00355020003479e-5	-1.106631062827712e-5	-3.717627334448581e-5	-4.356244098085993e-5	8.936769510178855e-6	1.768753871665696e-5	-0.00011178288112853596	-3.055554941011618e-5	3.375994145696226e-5	-5.066411157793327e-5	-4.487296493584092e-5	1.5816428028392338e-5	3.97294501984502e-5	-0.0001522536003523145	-9.424285353845652e-5	-4.384069604741747e-5	-0.0001792791121720677	-0.00014394953328292215	-3.3755436596935584e-5	-8.6134989115208e-5	4.2869532793435305e-5	-5.394460919627697e-5	-7.09782547406862e-5	-7.129491224819318e-6	-0.00010444947044861014	-0.00018098245612666736	-1.736775328588236e-5	-8.999127127078815e-5	-0.00012787596502528142	-1.908029127490468e-5	-3.010164546009969e-5	-5.5687900579921845e-5	-8.091276401060027e-5	-7.941170778683754e-5	-2.6889791391801476e-5	-3.188949755303372e-5	-4.7695156743347844e-5	-5.602567292473798e-5	-6.000045295675993e-5	1.2608536719034558e-5	-4.067335118880522e-5	-2.1881918477704987e-5	-2.8358370339487404e-5	-7.534441007293197e-5	-5.814954637597958e-5	-3.8475524307378384e-5	-5.235286488179669e-5	1.0723152509169165e-5	-7.48900995471008e-6	4.911612295262907e-5	9.70288573879513e-6	-1.1267543972501293e-5	1.3065747485677126e-6	3.0645741478339816e-5	4.193115852365453e-5	-2.808296943514893e-5	-1.6614680009401084e-5	-5.609766937000188e-5	-3.406737240398139e-5
4.0883773146441205e-7	5.615207734552263e-6	-2.744521257935957e-5	-1.0257699095510275e-5	-1.8645738978414345e-5	-3.25420361501922e-5	2.01537659445198e-5	-2.181159305903943e-5	-1.9824376515376052e-5	7.029935715583552e-6	-5.381860321979071e-6	-1.7438803764750765e-5	-1.440503125853601e-5	-4.195546633636166e-6	3.4945440638423086e-5	1.9977972726646642e-5	-2.2203191975961323e-5	5.710556539358785e-6	2.896323317898991e-5	-1.296448300276698e-7	3.142253167734421e-5	8.081701269573721e-6	-3.630055105249483e-5	-2.5992939354721467e-5	1.4885377544286704e-6	-2.3930416838662677e-5	2.2752375612895837e-6	2.2810560677734987e-5	-3.688782271174876e-5	-1.1016781562532552e-5	-1.2690473942967434e-5	-4.3536318484766606e-5	-1.7401328316658804e-5	1.9588862053710604e-5	3.608739283962603e-5	-6.0391912282652116e-5	-4.515034721964961e-5	3.0098242420530802e-5	-3.283848074107226e-5	-2.1121646098798408e-5	-4.213106914122827e-5	-3.71148004365586e-5	-2.1831148000472922e-5	5.069048479577898e-5	-7.917577455208297e-6	9.296801880848832e-6	5.84453926227857e-5	-5.5560699270540415e-5	-9.911891863919123e-5	-7.019570200713504e-5	-7.98506565231373e-5	-1.7268959428672764e-5	7.468869544103446e-6	-1.3809188981108583e-5	4.557904617966124e-7	-1.5801297987075302e-7	-4.4102242203244296e-5	-1.9344176596918644e-5	-4.977304375944347e-5	-5.1922473211143266e-5	-9.00285027733913e-6	-4.9103794218675195e-5	-4.054025995112176e-5	-5.04691828693421e-5	-5.6535781915376115e-5	-2.585493939170208e-5	-5.980776854666581e-5	-8.33743745700874e-5	-0.00010465028366449247	-2.9067156667728078e-5	-1.6694761892366294e-5	-3.670874368366661e-5	-3.4708564147778453e-7	2.3680059649255902e-7	7.513363846009535e-6	-7.339181345988877e-5	-4.067420770852148e-5	-1.7879941234186236e-5	-1.0752412415299117e-6	-9.423739458051805e-5	-1.696755257997451e-5	8.177398645378697e-5	-5.709486160763999e-5	-0.00010636087822112061	1.9831732827116366e-5	8.538504105148892e-6	4.679081015875053e-5	4.135391031348523e-6	-0.0001348266984169122	-0.00012686372135098378	-2.8052717484031153e-5	-0.00011880928641079536	-3.741145034822507e-5	-3.203563174285218e-5	-0.000123921654730276	-6.91103153437761e-5	-3.4254053044545374e-5	-7.418010975444866e-5	-4.222445418484988e-5	-8.768798133353822e-5	-2.9011030231763935e-5	-8.743265443242332e-5	-5.581144541747657e-5	-2.7357001212979792e-5	-2.3841519036782444e-5	-0.00010525579702529847	-6.707658246115494e-5	-4.215301068269395e-5	-7.815319572057611e-5	-9.547652924345174e-5	-9.362485558963435e-5	-4.263966566983579e-6	-5.72321080501495e-5	-4.025899351303014e-5	-3.63105866988539e-5	-2.4436792108069316e-5	1.7579652468978357e-5	-5.692958853897173e-5	-3.513541996409686e-5	2.3053290504858326e-5	-2.985659679557995e-6	-4.0788599169234996e-5	-1.2342091324640814e-5	1.895425277235324e-5	1.7282922597401662e-5	-3.0306459381998496e-6	-4.444715266411353e-5	-5.8103044944801674e-5
-7.79348441793011e-6	6.703732485574196e-6	7.134616790589743e-6	8.654542875538226e-6	7.184008298183678e-6	-1.296923993979876e-6	-9.319937399956957e-6	-3.827111696129426e-7	-1.2641310795456079e-5	-2.0762865304011294e-5	6.07193467597536e-6	4.994358334016458e-6	-2.989450050353004e-5	-9.044948492444027e-6	-1.902804221695989e-5	-5.027400750475669e-6	-4.7880956469646685e-6	1.840361223874945e-5	2.087786052980961e-5	-3.765912955826581e-5	9.633075316161505e-6	1.882046222426853e-5	-9.881208535861968e-6	-3.324200452663878e-6	1.4326192142311012e-5	1.649234134676325e-6	1.1697389476310327e-6	-4.049502839173838e-5	-2.347385388281817e-5	-7.687305111046816e-6	-3.057351870587241e-5	1.4354430187893397e-7	-6.631590079592825e-5	-1.844051712544814e-5	-2.058285996069803e-6	-6.863052064588065e-5	8.710996605033189e-6	2.1645646429771515e-5	-1.976303642221497e-5	-5.3582413842272886e-5	-4.7976916493427946e-5	-1.6861037848044103e-5	-5.532359103168141e-5	-0.00016235597393408907	-0.0001361928175487928	-0.00014286732739768673	0.00011117269214586112	-6.838865411473716e-6	-6.688304830760813e-5	-8.48815240100595e-5	-3.15969513465901e-5	-5.21675300071793e-5	-4.8904861415935766e-5	-5.988439046944807e-5	-3.7525037466451874e-5	-3.3182923639754613e-5	-2.499311995969415e-5	-3.91999881990332e-5	-2.1823245521888218e-5	-1.6443538696474247e-5	-3.639511110022087e-5	-7.660500922837543e-5	-5.37133217678315e-5	-5.2298367459596706e-5	-5.1207741389239225e-5	-1.1566762088063842e-5	5.088458951071906e-7	-4.0788349802735324e-5	-3.314134177593436e-5	-1.165978934496853e-5	-4.129079348401399e-5	-6.466107488854733e-5	7.031434896137556e-5	-8.909686139910167e-6	2.7628290280579115e-5	-6.2679679155297485e-6	-7.904549410853168e-6	6.800191919981158e-6	-2.759552026991574e-5	-1.8945907126130535e-5	-7.488028209642894e-5	8.512867602679386e-5	-8.175560380595248e-5	3.4583935108051245e-6	-6.264572194325524e-5	3.9374818509851917e-5	-0.00012925964010084	-2.314427946167874e-5	3.8562761924682e-5	-0.00012145269870107028	-7.084115466546997e-5	-3.13513592257314e-6	-8.394423936346207e-5	-0.00010919303384659268	-5.322979741446271e-5	-9.706088472012653e-5	-7.235485539706932e-5	-9.820605700178175e-5	-3.787037957531103e-5	-5.027743900463261e-5	-7.45865785041662e-5	-6.0824113215680875e-5	-7.212446514592158e-5	-4.070627569827817e-5	-6.064487020202014e-5	-9.470328980656223e-5	-4.8455209571314495e-5	-5.829682168858458e-5	-3.719974361101469e-5	-8.996090276793683e-5	-6.825409378310998e-5	-5.772398889176272e-5	-5.505342817908876e-6	-2.654841678526726e-5	-2.9359091655196956e-5	2.5024635683969232e-5	-4.745430123073019e-5	-2.5871538526962834e-5	-1.3282100029196608e-5	4.008229024295845e-5	-1.0022562749352482e-5	3.62037602587989e-6	-6.44948233274184e-5	-5.174845740720663e-5	-1.6986574907090768e-5	1.7429490468089115e-5	-4.665639619441664e-5	-2.9130791203736683e-5
5.234718501766558e-6	7.373095189944223e-6	-7.622540294273394e-6	-1.8194019018149057e-5	-2.8772570128321115e-5	-1.5129187507824382e-6	1.4436684540961725e-5	-2.14744116044073e-5	-1.8992826652771203e-5	-1.4124719595982535e-5	-2.444712862053125e-5	-6.188524356593589e-6	-1.0694736925481035e-5	7.736202629025912e-7	1.0584781206905702e-6	1.5367878681855213e-5	-2.8866820500801638e-5	1.2578517871383865e-5	2.4720881537567546e-5	-1.095772100443912e-5	-1.3276435072845372e-5	2.080982819873886e-5	-9.431325620652686e-6	-2.031594429361197e-5	-4.768978452158318e-6	-2.9105975171261206e-5	-3.125196228106336e-5	-2.414450746539981e-5	-5.220891129359764e-5	-2.3679293931471584e-5	-4.529449731949242e-6	-7.501253036692329e-5	-5.28542880577805e-5	-5.2902718013572714e-5	-2.5179248334776527e-5	-8.58852024871945e-5	2.4147063472021446e-5	-7.797767287561971e-5	-2.9858621543137065e-5	7.137180928727671e-7	1.7408874363779303e-5	2.8058745648110173e-6	-5.0652759981187345e-5	-5.7849773962056344e-5	-9.382638166844509e-6	-7.46834628102995e-5	-8.649268503019628e-5	2.7228655392680032e-5	1.5686581265710042e-5	-5.289185701830984e-5	-4.671654366518799e-5	-4.597033271083219e-5	-2.0145465699263065e-6	-5.0599257992106975e-5	-1.4000147476869382e-5	-7.506666864715364e-6	7.372420274091851e-6	-2.9755455640666922e-5	-2.699056662848129e-5	-1.6559296251925093e-5	-3.9174489119189054e-5	-3.336040482488506e-5	-5.575728003219191e-5	-4.08701569224075e-5	-5.397030478776488e-5	-7.697296847217899e-5	-9.828678127453416e-5	2.4392323555964823e-5	-4.5799242219882186e-5	3.107350531397768e-5	-2.2247188900120785e-5	-1.2278361920942116e-5	-1.5095579950982763e-5	-1.27732351605514e-5	-5.802609911662038e-5	-9.653638565615408e-6	-4.43245971610412e-5	2.733301323991355e-5	-4.928447515546719e-5	7.90564282874412e-5	-2.424568792264159e-6	-3.002368319238169e-5	-0.00012105244649555924	4.625623885659569e-5	-9.268326666041216e-5	-1.5218046007375863e-5	-2.1927357390753854e-5	-3.251274304037072e-5	-0.00010657158207132145	-7.844633417245644e-5	-4.643187418752748e-5	-2.8806950856836988e-5	-2.116220339156566e-5	-8.585655244478657e-5	-0.00017501235649499541	-5.358866562304998e-5	-5.725542652837423e-5	-6.552277302543721e-5	-7.187482217469593e-5	-6.913969857790317e-5	-9.925331091948167e-5	-3.6887623489599564e-5	-5.269365266390505e-5	-5.110089055463535e-5	-6.584857306776368e-5	-8.205572723032906e-6	-6.483819693170814e-5	-5.257853072197782e-5	-5.918696793522776e-5	-0.00012790453375252642	-5.263578743870678e-5	-1.9104772559959404e-5	-1.6864927423337894e-5	-3.973158607673e-5	8.464222703806479e-6	-8.088831254110529e-6	-2.191274505597418e-5	-6.67967986695342e-5	-1.681674818929807e-5	-6.336879805612927e-6	-1.7141667317359388e-5	-2.655199465243646e-5	1.1402949981823007e-5	1.8334276154566287e-5	1.6009323857910096e-5	-6.915188907608005e-5	-4.93753855076301e-5	-1.7158881737353027e-5
-1.1172838235108326e-5	-8.881919044646455e-6	-6.180154315822001e-6	-2.4245349787089046e-5	-2.1232701604952456e-5	-6.817327735317291e-6	-9.056117130073343e-7	-2.6145632967683463e-5	1.115358687028313e-5	-2.4874992744870067e-6	-1.0685226439549264e-5	-8.515610498650503e-6	2.3688708872086905e-5	-9.648851135397526e-6	-1.4863742289934756e-5	-5.337586926265625e-6	-2.2360137016692178e-5	-2.9081283822035564e-6	2.261800637190156e-5	8.47066693046919e-6	1.3178061343977615e-5	6.379556713627388e-6	-1.4902323624242653e-5	-1.2787229500092756e-6	-5.5881231445561313e-5	-2.1021186636001332e-5	-4.581984748217027e-5	-4.3743330626570126e-5	-3.722566010869524e-5	1.3933336906121752e-5	3.843959520263493e-5	-1.855690351815903e-5	-1.5843413820465502e-5	4.693120891907654e-6	1.2970798480421708e-6	1.0298890646548431e-5	-7.158569256034836e-5	-3.0244455215006766e-5	2.459205934593825e-5	-5.361352502361236e-5	-8.89077074223317e-5	-6.319811617387303e-5	-7.557241778980567e-5	-4.731254179667771e-5	-2.774028497686508e-5	-3.003398988928388e-5	3.349146589400054e-6	-1.5710159274829813e-5	-1.741226249556832e-5	-4.669014808567247e-5	-1.9396010269906103e-5	-2.4918272740342973e-5	-1.4167837638755926e-5	-3.531833571261689e-5	4.4175485481006554e-6	-4.867043861033274e-6	-2.526743056322292e-5	-1.1968118824538104e-5	-5.289720755603106e-6	-2.209133619307871e-5	-8.10062466324174e-6	1.4279293622087436e-5	-4.516057937765244e-5	-1.8981966335134687e-5	-3.9790166875362104e-5	-6.989021720301553e-5	-4.9110861861587085e-6	-1.1459897700932808e-5	-3.386507383112275e-5	6.456947064699403e-6	-3.219780941431799e-5	-3.6912210484366104e-5	-3.53716893015249e-5	1.9007592808734097e-5	-1.0357345406677987e-5	-1.8332910059828955e-5	-3.4165801698210485e-5	-9.932649863188259e-5	4.6760344077703686e-5	-3.131643165274478e-5	3.588782916674749e-5	1.5893623223073305e-5	-1.762117470167912e-5	-0.0001228991951610081	-6.575958310869878e-5	2.4252637658567222e-5	-8.123035122147015e-5	-4.765681122301246e-6	-3.819292701112004e-5	-7.2360837482556e-5	-7.049965266518049e-5	-6.0674712866817804e-5	-3.731881340410248e-5	-3.400513106776443e-5	-7.205440400153557e-5	-7.978473567579747e-5	-4.870575785135417e-5	-6.053601223814445e-5	-7.828664203447105e-5	-4.604483027498274e-5	-2.919342556324117e-5	-2.7302217832456815e-5	-5.945576062732494e-5	-5.457490606349327e-5	-7.752435303952365e-5	-4.545161176681273e-6	-3.648547121978124e-5	-8.263704933016147e-5	-3.423602276241694e-5	-1.1647903778652657e-5	-7.580860310156534e-5	-3.654712708682506e-6	-7.288679479845045e-5	-4.38734362425211e-5	-2.1920250445513212e-5	-4.049461775016555e-5	-1.4298466382255126e-5	-3.445810802492344e-5	-2.9650956169524623e-5	8.495369121716556e-6	-2.3457394338587123e-5	2.3569010241739075e-6	-8.154387267419322e-5	-1.1398304175513907e-5	2.3581830932428716e-5	-1.2607634120725963e-5	-1.1782952001257452e-5	-1.0445219992757937e-5
-8.200452578273343e-6	-1.6949928873660758e-5	-5.045343618803946e-6	-1.619959320766501e-5	5.812776475433434e-6	6.634179560956535e-6	-5.965571054722743e-6	4.321755220403414e-6	-6.646174225116014e-6	1.9925022325421524e-5	7.880551273391559e-6	-2.171500690850356e-5	1.3013867056470979e-5	4.6245254533335695e-6	-2.5050985862518776e-5	3.185531265853525e-5	-2.5968498727248213e-5	1.8397443128388008e-5	1.5951655144355592e-5	-1.3880454945158771e-5	9.992698400511368e-7	-1.5452843540354755e-5	-8.951564804075135e-6	-2.4570815759621112e-5	1.473898585645228e-5	1.7004915542091076e-5	-5.279721701067358e-6	3.2156598889741816e-5	-6.17743974463264e-6	9.2722677409382e-6	-5.517911431593414e-7	-1.4766212883508822e-5	-2.239971310649333e-5	7.034737375954947e-6	-3.3593717000887646e-5	-8.620901301853445e-5	-3.8117602065186607e-5	-3.389476335236355e-5	4.116053133637436e-5	-1.1289579026404345e-5	-6.745177401107534e-5	-2.3956546788645935e-5	-3.743015283570045e-5	-5.3219655380765465e-5	-4.842747364686324e-5	-9.174600098735275e-7	-9.964531505696553e-6	-2.7511195090697965e-5	-3.3844723356345197e-5	-7.940280648700143e-6	-1.6349112818767053e-5	-1.996367819862878e-5	-1.845364071511972e-5	-1.3863865974293385e-6	-1.1649748955224956e-5	-3.889815851148767e-6	-1.3269909531019725e-5	-5.952236045627529e-7	-2.032172580169675e-5	2.266256233780621e-5	-3.3099564755723065e-5	8.29867180833152e-6	1.2439543481661958e-5	-4.9714427724240756e-5	-1.9068489734257177e-5	-1.7260056773583943e-5	-7.036085852406976e-5	1.1312885307354636e-5	3.4720696370088566e-5	-9.741103594324702e-5	-8.354841070281477e-5	-0.00010228004966410242	-5.219535741118886e-5	-1.5857844551381284e-5	2.682425679148559e-5	-3.9774412062543174e-5	-4.0533841474260646e-5	-4.180929148896173e-5	-1.7069440479133835e-5	-3.672263231349615e-5	-5.1701514163643436e-5	-1.3133770329978867e-5	-2.2798755071329335e-5	4.059906165594651e-6	-1.80238528095511e-5	-6.215293850333342e-5	-3.283421711602896e-5	-2.9022709799667035e-5	3.019018954102115e-5	-1.2081622594722896e-5	-8.319880429128595e-5	-7.000774200800752e-5	-5.972530683993199e-5	-0.000107785088905403	-5.334895665422973e-5	-4.303809370519163e-5	-4.7097124377531996e-5	-5.614813356012022e-5	-5.952194710419703e-5	-7.981967409080581e-5	-4.593355996127327e-5	-5.9887095553868425e-5	-6.29899480015031e-5	-2.6925037449176265e-5	-3.199516254151144e-5	-6.0446797307128763e-5	-1.9193144523785982e-5	-6.578568663125409e-5	-4.6534178149270494e-5	-5.4958990104107125e-5	-3.7748596566286596e-5	-4.825768419852022e-5	-9.568067367050903e-5	-8.012878284068686e-5	-3.4767235748342507e-5	-2.6012698939315015e-5	-6.771936798214556e-5	-3.1445627894123585e-5	-3.406366443255149e-5	-3.108565922033124e-5	-1.965319996587861e-5	-6.088546279561097e-5	-2.5625763446987526e-5	-1.0606064095551593e-5	-1.4394011698705411e-5	-3.7337022579589374e-6	-3.485494228308572e-5	-4.3393470782783494e-5
-8.342761567302001e-6	-1.1014709381130389e-5	-1.0161620487116399e-5	-1.0199958553561844e-5	-1.3338160057777687e-5	-6.572899098914939e-6	-1.4394591069241333e-5	-1.053620962720471e-5	-2.343671724790511e-6	-5.902375620593994e-6	7.644804385885384e-6	-2.0024872602122934e-5	-2.2619350104969085e-5	1.2419135408643991e-5	1.4942485860843305e-5	-1.82087892398701e-5	-1.6478833542946797e-5	-5.128888714558619e-5	-2.7531510328904912e-5	-2.1125512634796034e-5	3.729845479780863e-5	-2.8247746481323277e-5	-1.082038511525038e-5	-1.3173536155160204e-5	-1.3682714087182718e-5	2.5074344998324977e-5	7.757371676443692e-7	-7.348394353949572e-6	-3.947248615205484e-5	-3.00266539063343e-6	-1.0657952656274033e-5	-3.951632451164658e-5	-6.784514356567017e-6	-2.3622343501856352e-5	1.0432645958062536e-5	-4.677046510498384e-5	-1.950386737965132e-5	6.263732073167119e-6	-5.913874126734289e-5	6.9880150385844e-7	2.0503245639919704e-6	-1.8188364226193188e-5	-4.036484688163533e-6	-6.642494713993141e-6	-1.3912349462567863e-5	-4.62174149320517e-5	-1.730166438720579e-5	-2.0320046643582113e-5	-1.1068321823307081e-5	-5.096135780079461e-6	-1.258965601582708e-5	-8.087555283678785e-6	-1.592980237194279e-5	-1.2762342994476067e-5	7.124529644627481e-7	-7.830232095313791e-6	-1.5879626173026518e-5	1.3795867524540525e-5	2.8437655333855838e-5	-1.9164209200681417e-5	-1.5915017242441876e-6	4.295830455681299e-5	-1.2982632547134387e-5	-6.654378925056298e-6	3.9626948369810705e-5	3.546878231657641e-5	-2.4476045647724154e-5	2.373715644616442e-5	9.515302499922551e-6	-5.573753806588366e-5	-4.832601875094655e-5	4.652013366537866e-7	6.751080272072996e-6	-8.43949855746512e-5	-6.497625788109973e-5	-9.617137273175425e-5	2.9919805782235853e-6	-6.233085336933286e-5	-0.00010471826314070731	-4.1809367383113805e-5	-6.334424087692248e-7	2.6718969918515523e-6	-9.220062593181394e-5	-4.516237915325877e-5	-5.458578738754688e-5	-9.654655005152113e-6	-2.0161121578633756e-5	-1.3589484897623405e-5	-8.557792061797409e-5	2.2660096455490164e-7	-4.2380113090753624e-5	-4.7176219636520245e-5	-4.4018307336808615e-5	-2.785326494187529e-5	-9.02950050883991e-5	-4.4431273168044766e-5	-4.413762785164879e-5	-8.45960915251201e-5	-8.225727770368868e-5	-7.915012910494554e-5	-0.00011260714311966263	-4.8002463007117135e-5	-5.768080918499077e-5	-5.2652396060736545e-5	-7.695808102109805e-5	-4.367893985954621e-5	-5.416510203684263e-5	-5.25246811105759e-5	-2.3322164512118437e-5	-7.652504118663833e-5	-4.687624800044782e-5	-2.4324482315526974e-5	-4.492801530114887e-5	-7.4747418541201704e-6	-4.2694718745649174e-5	-1.0697128946524082e-5	-4.89578999085874e-5	-6.171195824321296e-5	-1.8585144274246845e-5	-2.820612395992156e-5	-3.313488264149178e-5	-5.080784425993967e-5	-3.1809231355699186e-5	-2.7133541724219667e-6	-5.914127694517379e-6	-2.8030857257728414e-5	-4.963992812721113e-5	-5.547066441163179e-5
-4.084755401761661e-6	-6.442636273648952e-6	-1.1518292829942878e-8	-1.3395018330208258e-5	-4.428727350125339e-6	1.5240521518411487e-6	-3.551041296949442e-6	1.2372576379225675e-6	-3.6603051590134578e-6	-3.1257548632757093e-6	9.895425136848685e-7	-7.684717255986365e-6	-1.9621423355455775e-6	7.956851323653868e-6	2.1976473104420163e-6	-1.7985692958837757e-5	1.6305892454413634e-6	-1.8566159216580266e-5	-1.4377167262703133e-5	-1.2517358026833958e-5	-5.366292534034894e-7	-3.4505095991826246e-5	-8.880704060586914e-6	3.001583492390561e-5	-1.3079094014420423e-5	-3.2496236062294626e-6	2.6398749451619213e-5	-1.2404072452336379e-6	-1.1172502810061213e-5	-1.0099439459645282e-5	-3.08599581435795e-5	-1.0508964304236507e-5	-7.639299349354589e-6	-2.447497906383697e-5	-6.7096461307987465e-6	-1.9418359064812818e-5	-2.1344505888231877e-5	-3.5403795238357627e-6	-2.7590421809199628e-5	-1.2337671167908862e-5	-2.543125080098005e-5	-2.2200849421642396e-5	-2.883202438732843e-5	-1.427362527760441e-5	-1.3594867283783438e-5	-1.9107006016434724e-5	-1.908556727372654e-5	-2.0070940352431843e-6	-1.602350454469985e-5	-6.36504127941688e-6	-3.958609834245688e-6	-1.350829374031047e-5	-1.948237442683451e-6	8.071793694596277e-6	-4.974664479179616e-6	-9.051356804909774e-6	5.474256031118285e-6	3.5471476558975035e-6	1.7978382725689773e-5	-4.075911564640697e-5	2.7496806372616367e-5	3.154383221640189e-6	3.528005388915914e-5	2.19036635075269e-5	1.2992761705930833e-5	-2.198215025804584e-5	-3.554500172930214e-5	-1.3529921540772483e-5	-6.276852410232181e-5	-1.7346508344312506e-5	-3.568779657642934e-5	-2.873404097124277e-5	-2.329409993888365e-5	-7.646564317061871e-5	-6.91060435872165e-6	2.4156848396628128e-5	-6.999345764438503e-5	-1.4518445582041573e-5	2.7798862387365397e-5	-7.812006250218495e-5	-8.683486330159085e-6	-3.083500523057975e-5	-7.982577814903691e-5	-3.662423825583766e-5	-8.43096778372146e-5	-6.0255151020614794e-5	-1.0840102687009745e-5	-6.281214426622633e-5	-5.23479941035368e-5	-8.274218441482739e-5	-4.07085010232372e-5	-6.959558255213716e-5	-5.315283803375426e-5	-5.2318358792404623e-5	-5.820374428732941e-5	-5.6579396658269776e-5	-7.840246193154682e-5	-5.1889986448297454e-5	-4.017890485380135e-5	-2.9845293987931787e-5	-5.755077268692829e-5	-6.25452218228767e-5	-5.031981369129149e-5	-6.886533444189213e-5	-5.292517726157575e-5	-0.0001023051435233846	-4.333452542117089e-5	-4.459875936439761e-5	-4.60372896488731e-5	-7.506281566368317e-5	-9.094375643184383e-5	-1.634314428580752e-5	-4.5512549349917275e-5	-6.922934447928242e-5	-7.984225531155326e-5	-5.473728566761371e-5	-3.9915773052297265e-5	-3.4132167036314554e-5	-3.614551691809298e-5	-3.6904599385115255e-5	-2.9139307611801557e-5	-7.995316106228223e-5	-7.242590045492686e-5	-5.238253678475219e-5	-5.518341859855891e-5	-7.51128271993945e-5	-2.8625073231897114e-5	-7.140074935376578e-5
-7.32174737505531e-6	-1.16169240568266e-5	-7.84869267017943e-6	-3.2714485959615958e-6	-2.27807071709156e-6	-4.3538706440051506e-6	-5.824838224602336e-6	-5.1945894688574384e-6	6.68717129738948e-6	-9.202754118649292e-6	-5.4709593788875716e-6	9.834811459143167e-7	-1.9669040159618623e-6	-3.6155791088929995e-6	-1.6647070549304088e-6	1.0444063284565167e-5	7.116083709703819e-6	-1.7451044407278127e-5	1.087861964681365e-5	-1.4059218199358181e-5	4.533590028995421e-6	-5.950874694274702e-6	-2.5276593426833138e-5	-3.1806893544764764e-6	-3.598068566181001e-6	-5.8065016553601745e-6	2.5986341984501893e-5	3.4661130302732213e-6	-1.0816000872715392e-6	-5.079765004901288e-6	2.7084224077898733e-6	-2.1703346314138477e-5	4.29054307273663e-6	-1.284517604045396e-5	-8.82626220374827e-6	1.372181177277526e-6	-7.686636971458022e-6	-9.998558513253653e-6	-1.4517133697412865e-5	-2.3765447346602714e-6	-1.2045533570159e-5	-3.6519188552092824e-6	-1.0516071927103507e-5	-1.0422977585189397e-6	-1.1415570772737096e-5	-1.9474354718889905e-5	-1.298305132022351e-5	1.921856770947805e-6	-1.9655728867445932e-5	4.958997080160843e-6	-3.376377682214743e-6	8.996021836531545e-6	-6.302855508561259e-6	1.1801478983506156e-5	2.9939137784597628e-5	2.2530256469071447e-6	4.44293920772755e-6	8.95451247873158e-6	1.0560976192956067e-5	-2.357058233488918e-6	8.919187816699287e-6	-1.1940420169536531e-5	1.6527504733722387e-5	-4.255253782800214e-5	-2.8768518600327808e-5	-4.862912373129746e-5	4.216126146122656e-6	-3.476823050383576e-5	-2.1898639585710145e-5	3.6543766060090355e-6	-1.883758990808837e-5	-2.118062669698162e-5	-6.189890180280377e-5	-2.651766881165557e-5	-5.298700660096717e-5	-2.8652880307115935e-5	-8.193486579315123e-5	-8.277454242866522e-5	-3.849822750087023e-5	-3.307791594884396e-5	-0.00010972966784338067	-1.7556263517612414e-5	-5.545394330362663e-5	-6.196001014775049e-5	-6.73027280607974e-5	-6.461048330467373e-5	-6.5682577649398e-5	9.279710788852313e-6	-4.3428913351802045e-5	-3.225234749409944e-5	-6.234770458159872e-5	-5.6149846599552744e-5	-3.481893863944291e-5	-3.6659031658805435e-5	-5.28093153516658e-5	-5.439332117313997e-5	-7.87554266593049e-5	-3.581041984213745e-5	-5.968524692491137e-5	-4.906965811327449e-5	-6.844284660507613e-5	-3.500708837395061e-5	-7.259230787011808e-5	-4.3598165442443326e-5	-2.5940515469176362e-5	-4.3920542116410166e-5	-7.678003740609063e-5	-7.295931166075714e-5	-6.282443098734602e-5	-9.724103575310672e-5	-6.943364882616015e-5	-5.456193222924677e-5	-4.631721438677627e-5	-8.108498952569959e-5	-5.461169168795299e-5	-4.4823444001612645e-5	-8.346029217124601e-5	-8.875459503628058e-5	-9.309270205832415e-5	-5.227294562915735e-5	-7.651313393627901e-5	-6.816711366382233e-5	-0.00010233398330117272	-7.995308245762472e-5	-6.803288130335233e-5	-0.00011456781703889085	-5.446020967091875e-5	-5.701837114437114e-5
-6.647325512297922e-6	-5.522294318875687e-6	-6.333240274445165e-6	-3.7080527450633616e-6	-1.012669223650342e-6	1.7341434278145273e-6	1.0662017059168138e-6	-1.3815148027299107e-6	-3.5496026961918253e-6	-3.0150571438385815e-6	-6.584903927469785e-6	-3.1203548588303737e-6	-2.0515815608856958e-7	-6.107212581788965e-6	-4.373019687250318e-6	-7.531987051201047e-6	-1.1691523264930823e-5	-1.0672787252499066e-5	5.110393716274003e-7	1.052875302676344e-5	-3.2563571793469553e-5	-6.79306803408157e-6	-6.652583215208119e-7	-9.07353890373247e-6	-3.0887882448158224e-5	5.547214705810266e-6	7.167883501373387e-6	1.3974340077032438e-5	1.0537206415577038e-5	-1.1641081436482292e-5	-6.8982756247677746e-6	-6.009747549867023e-6	1.5158765898342502e-5	1.3573804623703833e-6	-1.1557867564491314e-5	3.6739613630022705e-6	-4.907764461752756e-6	3.9519982338726e-6	-8.637896984058785e-6	-5.520621937024628e-6	-9.758289147435498e-6	-3.088506420013612e-6	-1.895721806529499e-5	5.656060472411517e-6	1.027713612995751e-5	-1.2638586737497709e-5	-7.826927311566784e-6	1.0135644358316362e-5	2.097599641182578e-5	1.3832760213964776e-5	5.1295637659362625e-6	1.0436112694509059e-5	-4.162868102531095e-6	-1.0718016101377015e-5	-6.471291059441386e-6	4.105626835683093e-5	1.1767212096218393e-6	4.292121942150312e-6	-5.73005184967279e-6	3.393863017226231e-5	5.057795409704399e-5	-1.2554138230282813e-5	4.735917333211631e-5	3.936141099473642e-5	-2.4838602854203307e-5	-3.815554643071817e-5	-9.311914303880564e-7	2.530977814482749e-6	1.769410627131679e-5	-1.3600923230543127e-5	-1.3593856942883953e-5	-9.272099689601465e-6	-2.0685368565601103e-5	-9.568463642944947e-6	-7.478290718881259e-5	-8.288456455462362e-5	4.676201917006018e-6	-7.559783419923416e-5	1.3776333589524126e-6	-3.78261685212225e-5	-1.8356269195635155e-5	-9.321099122584775e-5	-3.867523163704478e-5	-6.27414732581183e-5	-4.065074015249803e-5	-6.800880930461772e-5	-5.369835435684034e-5	-5.986920215226427e-5	-8.339287376965543e-5	-5.9515939268908746e-5	-5.3722495473463444e-5	-4.042182035054673e-5	-2.7591580550271472e-5	-4.207515276943505e-5	-1.2474599803656561e-5	-5.113241237754765e-5	-7.152174360570973e-5	-4.5538623056912836e-5	-4.223369700837032e-5	-4.732520798855777e-5	-3.9392051903383574e-5	-4.971357798078807e-5	-7.819690126540171e-5	-5.4417530052398855e-5	-5.994208086704603e-5	-6.205733355576365e-5	-5.899988885036539e-5	-4.667989898701069e-5	-8.254836701346302e-5	-6.344399018729657e-5	-6.483306730017957e-5	-0.00010461948690178302	-8.22863614269656e-5	-8.611197150308614e-5	-4.146042775592107e-5	-7.58474066973186e-5	-6.0675027285447825e-5	-6.038060134348766e-5	-8.093005974575684e-5	-4.077355315358633e-5	-8.607902802007517e-5	-0.00011038095350940358	-5.1562432708956996e-5	-5.94552537628093e-5	-8.209970247044507e-5	-8.892726778477605e-5	-0.00010732338141025005	-8.178349490683967e-5
-6.60963119089239e-6	-2.175644104977781e-6	-1.8537078881435132e-6	-2.100079279313688e-6	-7.500998520232338e-7	-1.4678179732861146e-6	-7.87131454850834e-7	-2.704375623181071e-6	-4.1226584320853965e-6	-1.8412415960390033e-6	-2.7716239405558424e-6	-2.0594670988114544e-6	2.5004412602946946e-10	-5.789075815942901e-6	-6.015147554312358e-6	-8.35841473616726e-6	-4.808395977391744e-6	-1.6862210141643103e-6	3.8532795931887215e-6	-1.375222025558169e-5	-8.196417990938981e-6	-7.748378897049282e-6	-6.844319626027676e-6	2.3788222368488487e-6	-2.772159943004865e-6	3.6400996962764748e-6	-2.104881617311441e-5	-1.934886441606193e-5	-1.8362088650795971e-6	-1.6899527025167338e-6	-4.27219701672546e-6	-6.525475418264065e-6	-5.4970771315963896e-6	-5.526899467603319e-6	-5.812180164238567e-6	-2.9436739504284937e-6	-1.3237403794635894e-6	-1.669497331178993e-5	9.701418000104128e-6	-1.168569635588007e-5	-4.714887605773016e-6	-1.8305442475415393e-5	-5.302275816760488e-6	-2.0215268668006756e-5	-1.9487076476131307e-5	-3.766943896567343e-6	-1.658965594563376e-5	-2.9819048841467702e-5	-2.6741215036589494e-5	-1.5089515195080422e-5	-3.0107659394025196e-5	-1.1180089514763181e-7	1.424657036764275e-5	-8.516646589351584e-6	2.534295879706369e-5	1.6042690179768337e-5	-1.2064501687166634e-5	-1.860112948002743e-5	2.075397281331784e-5	7.80151767840187e-6	2.4898034751540815e-5	-6.511536644084048e-6	8.223888963484333e-6	3.0516489671599673e-5	2.008565975217605e-5	-1.0857851076573333e-6	1.6633016578643245e-5	4.17095828361691e-6	-4.8517423802477144e-6	-1.0791598192318175e-5	-1.6328995447456585e-5	-6.217416718187069e-5	-1.0783382650356166e-5	-0.00010750842490553358	-7.19015911263346e-5	-7.424559556566679e-5	-6.951149183163918e-5	-6.403452258458425e-5	-0.00011563967556964261	-4.960596820466345e-5	-7.050918551278207e-5	-1.9417098679787304e-5	-2.823469268716655e-5	-7.785456578469213e-5	-5.488436582382766e-5	-5.613070501019751e-5	-7.992988053113353e-5	-4.813682005083697e-5	-7.643436122743708e-5	-4.521343829931926e-5	-2.8599335627575023e-5	-4.83955703203115e-5	-3.72757787093711e-5	-6.4571934496431e-5	-4.792050952015167e-5	-3.082091060233744e-5	-2.9916284835680707e-5	-6.798055770650818e-5	-3.19312122316201e-5	-4.9156340076964705e-5	-9.130439460047768e-5	-5.2139567077898186e-5	-6.562289231980267e-5	-6.363077518231966e-5	-7.03361834378767e-5	-3.1414343240436515e-5	-6.669127327208618e-5	-7.654176771565435e-5	-7.810509780169922e-5	-6.968140528560568e-5	-6.37455339165191e-5	-6.34909361413652e-5	-7.18546126462008e-5	-6.195018727606777e-5	-9.859847584659659e-5	-8.707546402669797e-5	-5.959544381421711e-5	-4.506209587331472e-5	-7.743568156484693e-5	-6.605962521791242e-5	-0.00010325713537245179	-7.922764278401467e-5	-8.624830721577076e-5	-6.924565901147289e-5	-9.61432512379054e-5	-7.92240323907803e-5	-8.2860630791666e-5	-6.049290842552457e-5
-4.522241820381287e-6	-4.090816091905855e-6	3.976661122791214e-6	-4.270525312500759e-6	-5.0947134423544316e-6	-1.1557540948586853e-6	1.5753599867749518e-6	-7.977003253908585e-6	-3.346484873066602e-7	-2.4235055965087654e-6	-2.1458827553430537e-6	-1.1542497643443617e-6	-2.841167378404494e-6	-3.0185841890309484e-6	-1.2460268006189018e-6	-1.3616020745794988e-7	-7.74551660331392e-6	2.9912324787245703e-7	-5.5125182034116565e-6	2.6625403271030024e-6	-2.2527749251547574e-6	-7.547067625793963e-6	1.9612526121377816e-6	-1.1408361505916426e-6	-8.094256330731103e-6	4.572168652797887e-6	-7.328291890418975e-6	4.61104407694507e-6	4.505849361159664e-6	-4.020262313157719e-6	-5.910257092761606e-9	-9.438097818472574e-6	-8.083169008264723e-6	-3.0013358877194196e-6	2.104460811343245e-6	-8.531845748557115e-6	-5.780052543362391e-6	-1.5276869396244064e-5	-2.8559863892232973e-6	-6.722939804686134e-6	1.7733563098878968e-6	-1.0599168569734585e-5	-8.581267749337151e-6	-1.8492003176114047e-6	-1.308127868179798e-6	1.1139392630966222e-5	4.875224844051035e-6	-6.140889934145438e-6	5.8806868337597795e-6	5.152367248129064e-6	1.37175427267211e-6	1.340182305409332e-5	-3.2113286368203736e-5	-2.144329364680425e-5	-1.7854829756618756e-5	-5.230760486210628e-6	4.360704912399413e-5	-2.048274744259615e-7	-1.3764358576529023e-5	-1.5708841291563885e-5	2.6357792359300858e-5	2.275287705640061e-5	-2.8147072888597136e-5	2.1846165555814562e-5	9.372865439512268e-6	2.577148563998044e-7	-6.969032013796894e-6	4.239311809581259e-6	5.0620667596881774e-6	1.27222532638957e-5	-7.562085181135603e-6	-6.071708619822397e-5	4.885736726214368e-5	-3.4683624787305856e-5	-3.31563850810776e-5	-2.5408920301984994e-5	-6.826346671089112e-5	-3.921225052560401e-5	-8.733520905166575e-5	2.923049714602388e-6	-9.262528217297492e-5	-2.6646594002491253e-5	-5.0067719067903305e-5	-7.160417414163109e-5	-1.4771693525490737e-5	-2.9636524083356125e-5	-8.689172428452685e-5	-5.371957896961946e-5	-6.925286895591992e-5	-3.6900826361555006e-5	-4.0572070442862485e-5	-3.803069106378745e-5	-3.060371644688156e-5	-4.709545199568094e-5	-5.8218298346242314e-5	-5.966987293810552e-5	-4.2249363729762734e-5	-5.78669206194142e-5	-7.12203299807479e-5	-3.399843476409661e-5	-4.699625562841481e-5	-6.550786389031282e-5	-5.3916442979088514e-5	-4.046628077113493e-5	-6.609455414615176e-5	-7.277570202284672e-5	-6.878317766701933e-5	-5.6460549126627346e-5	-7.431996099267757e-5	-6.899120760361227e-5	-4.996027192210456e-5	-4.4054281164891684e-5	-4.816042042162655e-5	-5.980797454507858e-5	-7.148498644155704e-5	-8.060305352851349e-5	-6.176698421397203e-5	-8.628062457202712e-5	-5.781942307749033e-5	-9.513907673827648e-5	-7.210368099027503e-5	-6.802792378891864e-5	-7.441636553934955e-5	-7.581485623759515e-5	-6.434058201585519e-5	-8.301208570364593e-5	-6.548157198763005e-5	-0.00010181441193607421
-5.593737143405261e-6	-1.0865765752432477e-6	-2.695353705853276e-6	-4.050561020494184e-6	9.435791178350611e-7	-3.601928325915049e-6	-2.944986512683559e-6	-1.884304751077412e-6	-4.735269251363028e-6	-3.821406759823079e-6	-2.5321745026306297e-6	-7.360555036566713e-6	-6.0841095887460145e-6	-2.0330085000446613e-6	8.736080977546357e-7	-6.195783090138379e-6	-8.475197540297463e-6	-2.1753005484143745e-6	-4.117616891983339e-6	-3.713569978868597e-6	-3.1046691638999396e-6	-2.923892004165138e-6	-4.671285060153796e-7	-1.44287454705537e-6	-2.4302683075596437e-6	4.055176333617183e-6	4.078004210358865e-6	-2.9254024333166817e-6	4.106749120456887e-6	-4.205957684997458e-6	4.882884732399645e-6	-5.535909187656674e-7	-4.4668397669936355e-6	-9.92029131367464e-6	-4.801225335273468e-6	-6.519061007161098e-6	-4.237586572874291e-6	-5.657795195887494e-6	-5.792656393617535e-6	-6.375356785461722e-6	-1.0234756022287766e-5	-4.519782714328818e-6	6.195971470265849e-7	-2.3720581705452548e-7	2.3876788133453397e-6	-8.829051313836989e-6	2.415712215767668e-6	-2.8806263743710175e-5	-1.822050268909109e-5	-2.219300047553996e-5	3.1485136221288956e-6	-1.558412822616831e-5	-2.504834989598692e-6	-1.7851375217446674e-6	-1.3348436939120134e-5	5.107742841962276e-6	1.0928852766343977e-6	3.7359004778636518e-6	1.5275951890155598e-5	1.1385330341267402e-5	3.7405733892270643e-6	2.0123989009478843e-5	4.631256315945631e-6	9.819184040079504e-6	-9.509510149816047e-6	-1.285758066855991e-6	-3.3389090103863595e-7	-1.627603759234153e-5	9.111038746373312e-7	8.903275794565346e-6	-1.5334578767380036e-5	2.751415496262885e-5	-8.084121886449067e-5	-4.279260187303388e-5	6.800661243996572e-5	3.079353991849304e-5	-5.59567176665679e-5	-3.334254665985151e-5	-7.417487576846099e-5	-1.1002667960752222e-5	-4.8712706232027086e-5	-8.969885381335252e-5	-7.271487014945399e-5	-8.552133475133936e-5	-2.635657263185681e-5	-3.895838729742196e-5	-2.6009465306335577e-5	-6.569651777883073e-5	-6.780084306490242e-5	-5.328787405908461e-5	-5.3948390351353515e-5	-7.153792938889222e-5	-5.3681779616128467e-5	-5.238935777166984e-5	-1.3400440696323401e-5	-5.7625871305658216e-5	-4.8092037080102457e-5	-5.5550484730822886e-5	-2.846688813493148e-5	-4.6771259283075184e-5	-4.74533471328184e-5	-4.2023079894343285e-5	-5.011924171039253e-5	-6.181692256603671e-5	-2.903424842128771e-5	-7.385981339340028e-5	-5.974368406675562e-5	-5.6855789607596074e-5	-4.5676251680688146e-5	-5.7595275120350675e-5	-4.756252629158769e-5	-5.053763126299654e-5	-0.00010340893451862149	-5.6054385308770827e-5	-4.918451984668032e-5	-6.371975429936283e-5	-5.497520841335479e-5	-8.584278036669057e-5	-9.44903281053372e-5	-6.981877099035416e-5	-9.263770306411345e-5	-5.340694791793055e-5	-6.625179192146918e-5	-7.838380552266377e-5	-9.18019973190562e-5	-6.832149050065711e-5	-9.858706190822575e-5	-0.00010593383537992745
